date,symbol,open,high,low,close,volume,factor
2007-03-01,sh601318,50.0000,50.9700,45.8000,46.7900,197763351,1.000000
2007-03-02,sh601318,47.0000,47.4400,45.8800,46.4100,42504832,1.000000
2007-03-05,sh601318,45.9800,46.1700,43.5300,44.3800,41919674,1.000000
2007-03-06,sh601318,44.0000,46.0000,43.7500,45.2500,29772788,1.000000
2007-03-07,sh601318,45.2900,46.9000,44.9100,46.4800,28746378,1.000000
2007-03-08,sh601318,46.1000,46.3300,45.6800,45.9200,13098383,1.000000
2007-03-09,sh601318,45.9000,46.1000,44.7000,45.5300,16088779,1.000000
2007-03-12,sh601318,45.3000,45.3000,44.5000,44.7100,14535306,1.000000
2007-03-13,sh601318,44.8100,45.2600,44.6200,44.8900,10231968,1.000000
2007-03-14,sh601318,44.3000,45.1000,43.7900,44.9400,17330656,1.000000
2007-03-15,sh601318,45.5200,46.4900,44.8000,44.9600,15252190,1.000000
2007-03-16,sh601318,44.9900,45.9500,44.4000,45.2100,22754724,1.000000
2007-03-20,sh601318,46.8000,46.9200,45.5000,45.7800,22202687,1.000000
2007-03-21,sh601318,45.8000,46.0000,44.9000,45.1000,13672832,1.000000
2007-03-22,sh601318,45.4500,45.9200,45.2300,45.3600,16750984,1.000000
2007-03-23,sh601318,45.3400,45.5300,44.7100,45.1600,13981014,1.000000
2007-03-26,sh601318,45.2000,46.2000,45.1800,45.9400,22326679,1.000000
2007-03-27,sh601318,45.7900,46.3600,45.6300,45.9100,13933819,1.000000
2007-03-28,sh601318,45.9000,46.9000,45.5800,46.5800,25826369,1.000000
2007-03-29,sh601318,46.8100,48.7900,46.4800,47.4000,46198618,1.000000
2007-03-30,sh601318,46.9600,47.8700,46.7200,47.0500,14461720,1.000000
2007-04-02,sh601318,47.0500,48.7000,47.0500,48.3900,23144503,1.000000
2007-04-03,sh601318,48.4200,48.7600,47.9000,48.2100,13271204,1.000000
2007-04-04,sh601318,48.2200,48.5000,47.5500,47.7900,12245469,1.000000
2007-04-05,sh601318,47.8000,48.0000,47.2000,47.9200,12286538,1.000000
2007-04-06,sh601318,47.6800,48.9500,47.5000,48.0100,19520852,1.000000
2007-04-09,sh601318,48.0900,51.8900,47.7000,51.6100,46277021,1.000000
2007-04-10,sh601318,51.0000,53.6800,51.0000,52.8200,40782390,1.000000
2007-04-11,sh601318,52.8800,55.1800,52.6000,53.5400,24344650,1.000000
2007-04-12,sh601318,53.9800,58.0000,52.9500,53.4400,15927043,1.000000
2007-04-13,sh601318,54.1000,56.4400,54.0000,55.0300,26668945,1.000000
2007-04-16,sh601318,55.6600,56.5500,55.6600,56.4200,14697227,1.000000
2007-04-17,sh601318,56.4500,57.0200,53.6000,55.1500,19724388,1.000000
2007-04-18,sh601318,54.9800,55.0900,53.4000,53.9100,13032235,1.000000
2007-04-19,sh601318,53.5000,54.3000,50.2100,51.9800,20558670,1.000000
2007-04-20,sh601318,52.6600,56.4000,52.3700,55.3400,18569028,1.000000
2007-04-23,sh601318,55.3700,57.5700,54.8800,56.9800,14693459,1.000000
2007-04-24,sh601318,57.9900,58.0100,55.7500,55.8200,16047287,1.000000
2007-04-25,sh601318,55.1200,57.7000,54.9100,56.7100,14593847,1.000000
2007-04-26,sh601318,56.5800,58.6800,56.5800,58.5100,18496132,1.000000
2007-04-27,sh601318,58.5500,64.3600,58.3000,63.6000,38983864,1.000000
2007-04-30,sh601318,63.2000,67.8300,62.3800,65.8500,20419044,1.000000
2007-05-08,sh601318,67.8000,67.9800,65.0000,65.7200,13232558,1.000000
2007-05-09,sh601318,64.5000,66.8000,63.0000,65.7200,11181270,1.000000
2007-05-10,sh601318,65.7600,66.0000,64.3000,64.4800,8584459,1.000000
2007-05-11,sh601318,63.5000,63.9000,61.1500,62.8100,16059298,1.000000
2007-05-14,sh601318,61.8000,66.6900,60.0000,64.0100,17174388,1.000000
2007-05-15,sh601318,64.4000,64.4900,61.4500,61.5300,11153398,1.000000
2007-05-16,sh601318,61.5000,62.9800,60.7000,62.3300,9884150,1.000000
2007-05-17,sh601318,62.3300,63.7800,62.0000,62.8500,8432798,1.000000
2007-05-18,sh601318,62.4900,62.8400,61.0100,62.2000,11177295,1.000000
2007-05-21,sh601318,60.9100,64.5900,60.8000,63.4600,16888872,1.000000
2007-05-22,sh601318,63.5000,65.6400,63.4600,64.0000,12437670,1.000000
2007-05-23,sh601318,64.1300,65.0000,63.6000,64.2100,7632081,1.000000
2007-05-24,sh601318,64.0000,65.0000,61.4000,62.4200,11420175,1.000000
2007-05-25,sh601318,61.9800,63.1600,61.6100,61.9200,8575450,1.000000
2007-05-28,sh601318,62.0800,64.6000,62.0100,64.4800,15834501,1.000000
2007-05-29,sh601318,64.5000,65.5000,64.2000,64.9800,9701795,1.000000
2007-05-30,sh601318,61.3000,64.3800,58.5100,58.9700,20331650,1.000000
2007-05-31,sh601318,60.0000,62.5000,58.5500,60.9400,14241313,1.000000
2007-06-01,sh601318,60.0900,62.5000,59.5800,60.5500,38448659,1.000000
2007-06-04,sh601318,60.5500,61.0200,55.8000,57.0100,21969818,1.000000
2007-06-05,sh601318,56.6000,58.6000,53.8800,56.9900,20158374,1.000000
2007-06-06,sh601318,57.2500,59.0800,56.5100,57.7000,14422252,1.000000
2007-06-08,sh601318,59.5100,60.1500,57.7300,59.1800,16792394,1.000000
2007-06-11,sh601318,59.0200,62.9700,59.0200,62.5300,18339017,1.000000
2007-06-12,sh601318,62.8000,65.2800,62.6800,64.4000,19390832,1.000000
2007-06-13,sh601318,64.5000,65.5800,62.9700,63.6700,15136874,1.000000
2007-06-14,sh601318,64.3000,66.1000,63.6000,64.4300,11515221,1.000000
2007-06-15,sh601318,64.4000,65.8700,64.0600,65.3800,9382519,1.000000
2007-06-18,sh601318,66.7500,71.9200,66.5200,71.9200,20530173,1.000000
2007-06-19,sh601318,72.0000,73.8000,70.5000,71.1700,14418695,1.000000
2007-06-20,sh601318,71.0000,73.9000,70.5800,70.6600,13455449,1.000000
2007-06-21,sh601318,70.5000,77.4900,70.5000,73.9100,19822855,1.000000
2007-06-22,sh601318,74.0000,76.7600,73.2200,75.0100,14062857,1.002942
2007-06-25,sh601318,75.7200,77.7700,72.9900,74.4800,18673579,1.002963
2007-06-26,sh601318,73.0200,74.4000,71.8200,73.4100,16657610,1.003006
2007-06-27,sh601318,73.4400,77.4200,73.4400,76.4000,10895447,1.002888
2007-06-28,sh601318,76.5500,76.7100,73.2400,73.3200,8816445,1.003010
2007-06-29,sh601318,71.7200,73.2200,71.4200,71.7300,9393647,1.003076
2007-07-02,sh601318,71.2200,71.8200,68.6200,69.9000,7023672,1.003157
2007-07-03,sh601318,70.0300,72.7700,70.0300,72.1000,4592913,1.003061
2007-07-04,sh601318,71.8200,72.7200,70.2200,70.5200,4502426,1.003129
2007-07-05,sh601318,70.2200,73.2200,69.5400,70.3500,6611870,1.003137
2007-07-06,sh601318,70.2400,73.0700,70.0700,73.0400,6605293,1.003021
2007-07-09,sh601318,73.7000,76.2000,73.1000,75.5700,5681463,1.002920
2007-07-10,sh601318,76.2000,78.4200,75.6200,77.5400,8685304,1.002845
2007-07-11,sh601318,77.3900,77.3900,75.6200,77.1500,3366564,1.002860
2007-07-12,sh601318,77.2800,81.5600,76.3000,80.1200,6741416,1.002753
2007-07-13,sh601318,80.6200,81.9000,78.7200,79.7400,4406691,1.002767
2007-07-16,sh601318,80.0300,84.8900,80.0300,82.4100,9833913,1.002677
2007-07-17,sh601318,82.4200,82.4200,78.7500,82.1900,13232222,1.002684
2007-07-18,sh601318,81.2200,84.6300,80.7400,81.9200,10760852,1.002693
2007-07-19,sh601318,81.6100,81.6100,78.9300,79.2200,11113509,1.002785
2007-07-20,sh601318,80.0200,85.7700,79.8200,84.3900,12683396,1.002614
2007-07-23,sh601318,84.5200,84.9300,81.8800,83.6800,25700164,1.002636
2007-07-24,sh601318,83.9200,84.2200,81.5700,82.7400,23598005,1.002666
2007-07-25,sh601318,82.7400,82.7400,80.1200,82.4400,21289544,1.002676
2007-07-26,sh601318,82.6000,82.8200,80.4200,81.2400,15066389,1.002715
2007-07-27,sh601318,80.6700,81.6200,79.2200,80.3200,13013475,1.002747
2007-07-30,sh601318,80.3400,82.0800,80.3300,81.5500,14346282,1.002705
2007-07-31,sh601318,81.5500,83.9800,79.8200,83.7200,17173223,1.002635
2007-08-01,sh601318,84.9200,84.9200,80.2000,80.3500,16501198,1.002746
2007-08-02,sh601318,81.6200,83.4200,80.3200,82.0400,11276059,1.002689
2007-08-03,sh601318,82.3200,90.2100,82.3200,89.0100,25693679,1.002478
2007-08-06,sh601318,89.2200,92.3200,87.2200,90.4800,19116877,1.002437
2007-08-07,sh601318,90.4200,91.1200,88.4200,88.9000,12432988,1.002481
2007-08-08,sh601318,88.1700,90.1000,87.2200,88.6200,9806332,1.002489
2007-08-09,sh601318,89.2200,97.2400,88.9000,95.1700,17541589,1.002317
2007-08-10,sh601318,93.7200,98.2100,92.2700,95.6100,12291099,1.002306
2007-08-13,sh601318,95.4200,97.5800,93.0200,94.7000,11083348,1.002329
2007-08-14,sh601318,94.7300,98.5300,94.7200,98.2000,10095164,1.002245
2007-08-15,sh601318,98.2000,99.7100,95.3200,98.2100,9017251,1.002245
2007-08-16,sh601318,97.2100,98.1900,91.7300,93.3800,15942553,1.002362
2007-08-17,sh601318,96.2200,96.2200,88.9700,89.3900,16957132,1.002467
2007-08-20,sh601318,92.5200,94.4100,91.4200,92.7500,12333960,1.002378
2007-08-21,sh601318,92.7400,94.5200,92.2000,93.0700,11580464,1.002369
2007-08-22,sh601318,92.2200,94.5700,91.5400,93.0800,10862205,1.002369
2007-08-23,sh601318,93.4600,94.5700,91.9200,93.5800,12152500,1.002356
2007-08-24,sh601318,94.2200,99.5600,94.2200,97.9200,11840770,1.002252
2007-08-27,sh601318,98.9200,101.8800,98.9200,99.4900,15039263,1.002216
2007-08-28,sh601318,99.4500,106.3000,97.9200,103.6600,16716055,1.002127
2007-08-29,sh601318,101.0200,103.2200,99.2200,99.3400,10948255,1.002220
2007-08-30,sh601318,100.2700,102.1200,99.4200,101.1200,9689835,1.002180
2007-08-31,sh601318,101.1000,103.5200,100.0300,102.3200,7996989,1.002155
2007-09-03,sh601318,102.9700,106.0900,102.9500,103.4900,8399794,1.004075
2007-09-05,sh601318,99.5200,101.8200,97.2200,98.5300,6123432,1.004281
2007-09-06,sh601318,98.9200,100.9300,97.9400,100.4000,10255473,1.004201
2007-09-07,sh601318,99.8200,101.4200,97.0800,97.2100,11661337,1.004339
2007-09-10,sh601318,96.4100,99.0200,95.4300,98.4000,7945794,1.004287
2007-09-11,sh601318,97.5200,101.3200,95.9200,96.6900,11733459,1.004363
2007-09-12,sh601318,97.4200,100.8200,97.4200,100.6600,10694981,1.004190
2007-09-13,sh601318,102.3000,105.0200,101.5200,103.7500,10923051,1.004065
2007-09-14,sh601318,104.2200,106.0200,103.0200,105.5900,9319836,1.003994
2007-09-17,sh601318,105.7200,110.3200,105.7200,107.8800,13437887,1.003908
2007-09-18,sh601318,107.9200,108.5000,104.6000,105.2400,6594905,1.004007
2007-09-19,sh601318,107.2200,114.5000,107.1000,113.3900,18499538,1.003718
2007-09-20,sh601318,112.5200,122.4100,112.4300,118.6600,11862311,1.003552
2007-09-21,sh601318,118.2000,121.4100,117.2800,119.9400,6645925,1.003514
2007-09-24,sh601318,118.9700,124.3000,117.4200,122.3500,7505868,1.003445
2007-09-25,sh601318,124.4200,134.2200,124.4000,129.8700,9703188,1.003244
2007-09-26,sh601318,130.4400,134.8000,125.4200,126.3800,7713156,1.003334
2007-09-27,sh601318,126.5200,132.2200,120.6000,131.9200,5729017,1.003194
2007-09-28,sh601318,136.9200,137.4200,133.4200,135.3700,7118644,1.003112
2007-10-08,sh601318,137.4200,146.2000,135.8200,141.8100,9114569,1.002971
2007-10-09,sh601318,141.4200,145.9200,139.4200,144.3800,6584712,1.002917
2007-10-10,sh601318,145.0200,145.8000,140.5200,141.4200,8083600,1.002979
2007-10-11,sh601318,141.4200,146.2200,138.4200,144.5500,9647040,1.002914
2007-10-12,sh601318,144.6200,144.6200,136.9200,141.1400,10059227,1.002985
2007-10-15,sh601318,140.5200,142.1200,136.9200,138.4200,10718677,1.003043
2007-10-16,sh601318,138.4200,141.8100,136.9200,137.4200,7541106,1.003066
2007-10-17,sh601318,137.4200,139.7200,136.4000,136.8900,6061667,1.003078
2007-10-18,sh601318,139.4200,142.0200,135.4200,136.6600,7909690,1.003083
2007-10-19,sh601318,139.2200,139.3200,133.4200,135.3200,6650384,1.003113
2007-10-22,sh601318,132.9200,139.8100,131.9200,139.3500,8804716,1.003023
2007-10-23,sh601318,139.3400,142.1500,138.4200,142.1200,7684950,1.002964
2007-10-24,sh601318,143.4600,149.7000,142.4200,145.4100,9152394,1.002897
2007-10-25,sh601318,145.4200,149.4200,138.4200,140.4200,9461897,1.003000
2007-10-26,sh601318,137.4200,142.9200,137.4200,140.8100,4638244,1.002992
2007-10-29,sh601318,139.9200,145.4200,137.4700,141.0000,9125245,1.002988
2007-10-30,sh601318,141.0200,143.3100,138.3200,141.5700,6162483,1.002976
2007-10-31,sh601318,143.6200,145.0200,139.9200,140.2800,7045329,1.003003
2007-11-01,sh601318,141.3200,142.2200,137.0800,137.4100,7658759,1.003066
2007-11-02,sh601318,135.9200,136.9200,131.7200,132.1100,9507594,1.003189
2007-11-05,sh601318,131.0200,133.0500,125.9200,127.3900,8790188,1.003308
2007-11-06,sh601318,127.4000,129.3000,125.4300,127.2100,4892568,1.003313
2007-11-07,sh601318,128.4200,128.9200,120.7000,124.3800,6189287,1.003388
2007-11-08,sh601318,124.4200,124.4200,118.0800,118.6000,8923884,1.003554
2007-11-09,sh601318,118.2200,121.4400,117.8200,119.2300,8357768,1.003535
2007-11-12,sh601318,116.4200,120.4200,114.4200,117.6300,7026121,1.003583
2007-11-13,sh601318,119.7200,122.3200,112.7700,115.6000,8996742,1.003646
2007-11-14,sh601318,119.0200,124.5600,116.4300,124.4400,10440627,1.003387
2007-11-15,sh601318,122.4200,128.1000,122.3000,124.1500,8578758,1.003394
2007-11-16,sh601318,122.4200,125.4000,120.0200,122.4400,5409434,1.003442
2007-11-19,sh601318,122.4200,123.2200,117.8000,118.6000,4910802,1.003554
2007-11-20,sh601318,117.4200,119.3900,114.3000,118.7400,7469821,1.003550
2007-11-21,sh601318,118.7200,119.7900,116.2200,116.3300,2971648,1.003624
2007-11-22,sh601318,113.4200,114.9200,105.4200,107.3100,8458691,1.003929
2007-11-23,sh601318,105.4200,109.4000,105.3700,109.0100,5536887,1.003868
2007-11-26,sh601318,111.6200,112.4300,105.6000,106.3600,4059294,1.003965
2007-11-27,sh601318,106.0800,106.9200,101.2200,101.4000,6672569,1.004159
2007-11-28,sh601318,101.5700,104.7200,101.3300,102.7700,4984823,1.004104
2007-11-29,sh601318,104.8700,110.8200,103.8200,110.4000,9939356,1.003819
2007-11-30,sh601318,110.4200,111.4100,107.5200,109.1500,6598487,1.003863
2007-12-03,sh601318,109.3200,114.0200,107.9200,113.9400,6482014,1.003700
2007-12-04,sh601318,113.5200,120.6200,113.4200,117.2500,7871056,1.003595
2007-12-05,sh601318,116.9200,120.5500,116.6200,119.4800,4316880,1.003528
2007-12-06,sh601318,119.5400,120.4200,118.4200,119.3700,4518943,1.003531
2007-12-07,sh601318,118.4200,122.6000,118.4200,120.3700,2543527,1.003501
2007-12-10,sh601318,118.6200,121.8200,117.5200,121.4300,6668944,1.003471
2007-12-11,sh601318,121.4700,121.8200,114.9200,117.7800,10434055,1.003579
2007-12-12,sh601318,116.4200,116.4200,111.2500,111.5300,17486736,1.003780
2007-12-13,sh601318,110.1900,112.9200,107.2700,107.4500,8412311,1.003924
2007-12-14,sh601318,106.4200,109.5000,105.2600,108.9000,9404382,1.003872
2007-12-17,sh601318,108.8100,108.8200,101.5200,101.5900,14467928,1.004151
2007-12-18,sh601318,100.2200,104.3400,99.9200,102.3700,8636922,1.004120
2007-12-19,sh601318,104.3700,105.9600,102.4200,104.7500,4802175,1.004026
2007-12-20,sh601318,105.5700,106.8900,103.4000,105.8000,5401228,1.003986
2007-12-21,sh601318,105.8200,110.3200,105.8200,108.6200,6897517,1.003882
2007-12-24,sh601318,110.2200,112.7200,108.1400,111.1500,10705492,1.003793
2007-12-25,sh601318,111.3000,111.4300,106.7200,108.1400,11344202,1.003899
2007-12-26,sh601318,108.1100,108.9200,103.4500,106.0100,12951666,1.003978
2007-12-27,sh601318,106.0100,108.9200,102.3800,108.6600,18397676,1.003880
2007-12-28,sh601318,108.3600,108.4100,105.2200,106.5200,14560268,1.003959
2008-01-02,sh601318,106.2200,106.2200,103.1400,103.4100,20076001,1.004078
2008-01-03,sh601318,102.9900,103.1200,99.8000,102.2500,37996867,1.004125
2008-01-04,sh601318,102.0500,104.9100,100.4200,104.6400,18083753,1.004030
2008-01-07,sh601318,103.9200,103.9200,100.4600,102.8100,22428410,1.004102
2008-01-08,sh601318,103.2200,107.7600,103.2200,106.5100,32460603,1.003959
2008-01-09,sh601318,105.9200,107.5200,105.2200,106.6300,15400734,1.003954
2008-01-10,sh601318,106.9200,107.9200,104.1000,107.5000,23953743,1.003922
2008-01-11,sh601318,107.9400,110.9800,107.9400,110.1100,27025819,1.003829
2008-01-14,sh601318,110.9600,113.3200,109.4200,109.8600,15451057,1.003838
2008-01-15,sh601318,109.9200,110.3000,104.4200,105.4600,33247654,1.003998
2008-01-16,sh601318,103.4200,103.9000,100.5700,101.1300,27164684,1.004170
2008-01-17,sh601318,100.4200,101.9200,97.2200,100.0000,22315608,1.004218
2008-01-18,sh601318,99.9700,100.4000,97.1100,98.6300,21406119,1.004277
2008-01-21,sh601318,98.6300,98.6300,88.8100,88.8100,33201200,1.004752
2008-01-22,sh601318,84.4200,84.4200,79.9700,79.9700,32894793,1.005280
2008-01-23,sh601318,78.4300,82.4200,76.9600,80.8900,34561788,1.005219
2008-01-24,sh601318,82.4300,82.6200,77.2200,80.3500,23823061,1.005255
2008-01-25,sh601318,80.0000,82.3200,78.3200,81.0100,25672586,1.005212
2008-01-28,sh601318,79.4200,79.9200,72.9500,72.9500,23976574,1.005791
2008-01-29,sh601318,75.4200,76.3400,71.3700,72.9000,15083101,1.005795
2008-01-30,sh601318,74.4100,75.3000,69.4000,71.5200,21895500,1.005907
2008-01-31,sh601318,71.1900,73.4700,70.6200,72.2300,10476475,1.005849
2008-02-01,sh601318,72.8100,75.1700,71.7400,74.4100,21384645,1.005676
2008-02-04,sh601318,76.3700,80.2400,76.3200,79.5800,25525005,1.005306
2008-02-05,sh601318,79.3000,79.3100,77.0200,77.8600,12134283,1.005424
2008-02-13,sh601318,74.4200,74.9200,71.9200,72.3400,14303597,1.005840
2008-02-14,sh601318,73.2200,75.2200,72.8600,74.8200,10629110,1.005645
2008-02-15,sh601318,73.9200,76.4200,73.2200,76.3800,10458465,1.005529
2008-02-18,sh601318,77.2700,78.5200,76.7000,77.9200,11178898,1.005419
2008-02-19,sh601318,77.8100,77.8100,74.9200,77.3000,15256396,1.005463
2008-02-20,sh601318,77.1700,77.1700,74.4000,74.8600,10671296,1.005642
2008-02-21,sh601318,74.3700,74.3700,71.3800,72.9400,12889540,1.005792
2008-02-22,sh601318,71.5700,71.9700,69.4200,69.8400,12399091,1.006050
2008-02-25,sh601318,69.9700,70.7100,65.4300,65.8000,12315135,1.006424
2008-02-26,sh601318,69.8200,70.5500,66.4200,68.4600,16860449,1.006173
2008-02-27,sh601318,69.2700,72.9200,68.4200,72.2400,19946598,1.005848
2008-02-28,sh601318,71.4200,72.0500,70.1100,70.4200,11257434,1.006000
2008-02-29,sh601318,70.4300,72.9200,69.7800,71.6200,12355865,1.005899
2008-03-03,sh601318,71.0200,72.1600,68.3900,70.5300,31756042,1.005991
2008-03-04,sh601318,70.4100,70.5300,67.4100,67.5200,27400433,1.006259
2008-03-06,sh601318,70.4000,74.2300,67.8200,72.8000,59280220,1.005803
2008-03-07,sh601318,70.8200,70.8200,66.6200,68.0800,57422411,1.006208
2008-03-10,sh601318,67.0800,67.2200,64.6800,64.9200,27046890,1.006512
2008-03-11,sh601318,64.5000,65.2600,62.9100,64.2700,20938576,1.006578
2008-03-12,sh601318,66.6000,66.8900,63.1200,64.2300,27402934,1.006582
2008-03-13,sh601318,63.9200,63.9700,62.2700,63.8100,24455862,1.006626
2008-03-14,sh601318,63.6900,63.9100,61.7700,63.4700,20107888,1.006661
2008-03-17,sh601318,62.4200,62.5200,59.9200,60.2400,22893867,1.007021
2008-03-18,sh601318,60.2000,61.1700,55.8000,56.8300,30022582,1.007445
2008-03-19,sh601318,58.6800,58.6800,56.2200,57.3600,54063607,1.007376
2008-03-20,sh601318,52.4200,57.8200,51.6700,56.3700,42113178,1.007507
2008-03-21,sh601318,56.8200,58.3100,55.4000,56.4800,33457687,1.007492
2008-03-24,sh601318,56.8500,57.0700,50.8700,50.9800,51076158,1.008307
2008-03-25,sh601318,49.4200,53.1200,48.7200,51.5000,50854617,1.008222
2008-03-26,sh601318,51.7300,53.9200,50.9200,52.6100,39838720,1.008048
2008-03-27,sh601318,50.8000,52.2200,49.2100,49.4100,27241762,1.008573
2008-03-28,sh601318,49.8400,53.8900,49.1100,53.5600,67407997,1.007904
2008-03-31,sh601318,51.9000,54.6900,51.5200,53.3300,44656263,1.007938
2008-04-01,sh601318,52.9200,54.6200,51.5300,53.7700,42632694,1.007873
2008-04-02,sh601318,55.1700,59.1000,54.5200,57.2700,81321368,1.007388
2008-04-03,sh601318,56.0200,59.6200,55.6200,59.4600,39608942,1.007114
2008-04-07,sh601318,60.3100,63.2200,59.4600,62.6200,52424165,1.006752
2008-04-08,sh601318,62.1000,62.7200,60.1800,61.8700,37150684,1.006835
2008-04-09,sh601318,60.4200,61.1200,57.3100,57.5400,30189699,1.007353
2008-04-10,sh601318,57.1400,58.9000,55.5000,58.8000,25304016,1.007194
2008-04-11,sh601318,59.4200,60.2200,58.0000,59.1700,16365264,1.007149
2008-04-14,sh601318,57.3100,57.7000,54.6200,55.3100,39106764,1.007652
2008-04-15,sh601318,55.2400,57.0200,52.2200,56.3800,27067714,1.007505
2008-04-16,sh601318,55.7200,56.7100,54.6200,54.7600,12051939,1.007729
2008-04-17,sh601318,54.9200,57.8000,54.9200,56.7300,37127083,1.007459
2008-04-18,sh601318,55.4200,57.4200,54.6500,55.6700,36244519,1.007602
2008-04-21,sh601318,61.1100,61.1100,56.0200,57.4200,57971036,1.007368
2008-04-22,sh601318,56.4700,58.9200,54.3400,58.5500,24022929,1.007225
2008-04-23,sh601318,58.2200,61.4200,57.4300,61.1300,43869246,1.006918
2008-04-24,sh601318,66.9200,67.2000,65.3800,67.2000,95456558,1.006289
2008-04-25,sh601318,67.4200,70.2100,66.9200,67.4400,75435387,1.006267
2008-04-28,sh601318,64.9200,66.4200,64.3400,65.1200,30720090,1.006491
2008-04-29,sh601318,64.6200,65.9500,64.3700,65.4700,21892386,1.006457
2008-04-30,sh601318,67.4200,70.2100,66.7700,69.4200,62862074,1.006087
2008-05-05,sh601318,70.4200,70.9200,68.1200,69.0300,35741392,1.006122
2008-05-06,sh601318,68.4200,68.7200,67.4200,67.9500,21495450,1.006219
2008-05-07,sh601318,67.9500,68.4200,62.3800,62.5000,56976412,1.006765
2008-05-08,sh601318,61.8100,63.6900,60.9300,63.1000,28400729,1.006701
2008-05-09,sh601318,66.2200,67.0800,63.2600,64.5000,40065585,1.006554
2008-05-12,sh601318,62.5200,64.7200,61.3000,63.2400,22229543,1.006686
2008-05-14,sh601318,60.7700,63.3800,60.7700,63.3200,41134363,1.006677
2008-05-15,sh601318,63.7100,64.4200,61.9200,62.1200,19767184,1.006807
2008-05-16,sh601318,62.4200,63.6200,61.1000,61.9600,14019237,1.006825
2008-05-19,sh601318,62.0000,62.2600,59.7200,60.6400,13924711,1.006974
2008-05-20,sh601318,60.6400,61.7200,57.3200,57.4600,20339858,1.007363
2008-05-21,sh601318,57.4000,58.4400,55.7800,58.3900,21818441,1.007245
2008-05-22,sh601318,57.7100,57.7100,56.1700,56.4000,12970885,1.007503
2008-05-23,sh601318,56.7200,57.9000,56.1900,56.7100,9529778,1.016490
2008-05-26,sh601318,55.9200,55.9200,53.7200,53.8000,17587552,1.017398
2008-05-27,sh601318,53.9300,55.0200,53.0400,54.9600,13367217,1.017024
2008-05-28,sh601318,55.2200,57.5800,54.4700,56.7200,18757404,1.016487
2008-05-29,sh601318,56.6200,56.8200,54.7700,54.8300,10908143,1.017065
2008-05-30,sh601318,55.4300,57.3100,55.4200,57.2200,20721292,1.016341
2008-06-02,sh601318,56.8200,58.4300,55.9400,57.8100,15833621,1.016172
2008-06-03,sh601318,57.3700,58.0600,56.3200,56.6300,11557303,1.016514
2008-06-04,sh601318,56.3800,56.9000,54.7800,55.2300,12608831,1.016940
2008-06-05,sh601318,54.9300,56.0000,54.8100,55.4400,7552729,1.016875
2008-06-06,sh601318,55.7700,56.6000,54.9400,55.4800,7563297,1.016862
2008-06-10,sh601318,52.4200,53.3900,50.4200,51.0500,24254166,1.018352
2008-06-11,sh601318,50.7700,52.0700,50.4300,51.3100,13401410,1.018258
2008-06-12,sh601318,50.9200,51.0700,49.2300,50.3100,16409032,1.018627
2008-06-13,sh601318,50.3200,51.1200,49.7200,49.9700,9547625,1.018756
2008-06-16,sh601318,50.2000,51.1400,49.2800,50.8600,17752979,1.018422
2008-06-17,sh601318,50.9000,51.2100,49.5200,50.0500,12220290,1.018726
2008-06-18,sh601318,49.8000,52.4200,48.4200,51.9900,31278546,1.018014
2008-06-19,sh601318,51.5000,51.5200,48.5200,48.8100,20315712,1.019211
2008-06-20,sh601318,48.8700,53.0200,47.9600,51.2800,35813930,1.018268
2008-06-23,sh601318,50.2200,51.0300,49.4200,49.6000,13720836,1.018899
2008-06-24,sh601318,49.7200,51.4000,49.5200,50.5900,19740577,1.018522
2008-06-25,sh601318,50.5900,52.4200,50.2300,51.9000,19643779,1.018046
2008-06-26,sh601318,51.9000,53.1200,51.7200,52.6000,19398338,1.017802
2008-06-27,sh601318,50.0700,51.1200,49.8700,49.9600,20257390,1.018760
2008-06-30,sh601318,49.9700,50.9700,49.6800,50.1800,15993481,1.018676
2008-07-01,sh601318,50.4200,50.4600,48.3200,48.7400,20541100,1.019239
2008-07-02,sh601318,48.3200,49.1200,43.9600,43.9600,45871642,1.021375
2008-07-03,sh601318,41.9000,43.2100,39.6800,41.4700,109537165,1.022688
2008-07-04,sh601318,40.7200,41.4200,40.2700,41.0900,29627948,1.022903
2008-07-07,sh601318,40.9200,43.3300,40.9100,42.8900,34310244,1.021920
2008-07-08,sh601318,42.8900,43.7300,40.7200,41.2400,49322822,1.022817
2008-07-09,sh601318,42.0900,44.7300,41.9200,44.7000,64223650,1.021014
2008-07-10,sh601318,43.6200,45.2400,43.4300,43.9600,51229240,1.021375
2008-07-11,sh601318,43.7800,44.3200,42.7700,44.0800,27509760,1.021316
2008-07-14,sh601318,43.4700,44.7700,43.4200,44.1200,18720336,1.021296
2008-07-15,sh601318,44.1400,44.2700,41.4200,41.5300,30140514,1.022655
2008-07-16,sh601318,40.9200,40.9200,39.8000,40.3200,19944794,1.023350
2008-07-18,sh601318,40.9700,42.1300,39.9200,41.9900,28151744,1.022401
2008-07-21,sh601318,41.4200,44.1200,41.2300,43.8400,36458607,1.021435
2008-07-22,sh601318,43.6200,44.3100,43.3800,43.9200,24027789,1.021395
2008-07-23,sh601318,44.2200,45.6200,44.2000,44.7900,38109447,1.020971
2008-07-24,sh601318,45.5200,48.4200,45.5200,47.9000,50727204,1.019583
2008-07-25,sh601318,46.8300,47.3600,45.9200,46.8600,29601041,1.020026
2008-07-28,sh601318,46.9700,48.0200,45.4200,45.8300,30827629,1.020485
2008-07-29,sh601318,44.8200,45.2000,44.3400,44.9500,16779503,1.020895
2008-07-30,sh601318,46.0200,46.1400,44.5000,44.9000,11911484,1.020919
2008-07-31,sh601318,45.2200,45.2700,43.8200,43.8900,13237886,1.021410
2008-08-01,sh601318,43.6100,46.1900,43.3400,45.7200,18508321,1.020536
2008-08-04,sh601318,44.9100,46.1700,44.7200,44.8300,11230819,1.020952
2008-08-05,sh601318,44.9200,46.0600,44.7200,45.1100,21278025,1.020819
2008-08-06,sh601318,45.6300,47.1000,45.4200,46.6800,22418713,1.020105
2008-08-07,sh601318,46.6200,46.9600,45.8200,46.5100,16705508,1.020180
2008-08-08,sh601318,46.1800,46.5100,43.9200,44.0700,17545663,1.021321
2008-08-11,sh601318,44.0000,44.7100,42.1200,42.6000,18057704,1.022073
2008-08-12,sh601318,42.4400,43.4200,42.3300,42.9300,11765554,1.021900
2008-08-13,sh601318,42.4200,42.8200,41.4200,41.8800,13248533,1.022461
2008-08-14,sh601318,41.7500,42.8000,41.4300,42.0000,8612222,1.022395
2008-08-15,sh601318,42.0200,43.3800,41.7100,42.7500,8059510,1.021994
2008-08-18,sh601318,42.8400,42.9100,40.9200,40.9300,15281627,1.022994
2008-08-19,sh601318,40.8000,42.1600,40.4200,41.9700,11717830,1.022412
2008-08-20,sh601318,41.6100,46.0700,41.4200,45.8800,29375509,1.020463
2008-08-21,sh601318,44.9200,45.6200,44.0100,44.0400,17884980,1.021336
2008-08-22,sh601318,43.2200,44.3900,42.9800,43.7800,9176359,1.021465
2008-08-25,sh601318,43.9200,45.5200,43.0400,44.3900,11931424,1.021164
2008-08-26,sh601318,43.9200,45.0800,43.5300,44.8600,11885068,1.020938
2008-08-27,sh601318,45.0200,46.3800,44.8200,45.6500,25111536,1.020568
2008-08-28,sh601318,46.0700,47.6500,46.0700,46.5300,20365758,1.020171
2008-08-29,sh601318,46.7000,47.6000,46.7000,46.8500,19200210,1.020030
2008-09-01,sh601318,46.4200,46.4300,44.8100,45.5100,14084069,1.020632
2008-09-02,sh601318,45.4200,46.0500,44.9000,45.2900,10407586,1.020735
2008-09-03,sh601318,45.6500,45.9700,43.9200,44.7100,12080834,1.021009
2008-09-04,sh601318,44.1800,44.7100,42.9200,43.9300,12191581,1.021390
2008-09-05,sh601318,42.7200,43.1700,42.3200,42.7000,12263716,1.022020
2008-09-08,sh601318,43.1000,44.0200,42.4400,43.7600,19025450,1.021475
2008-09-09,sh601318,43.9200,44.0200,43.1800,43.6400,11291156,1.021536
2008-09-10,sh601318,43.1200,44.4200,42.6200,43.1200,12475141,1.021801
2008-09-11,sh601318,42.8200,43.4200,40.2500,40.3200,16773539,1.023350
2008-09-12,sh601318,40.6400,41.8500,40.4700,41.2000,14685690,1.022840
2008-09-16,sh601318,39.6700,39.6700,37.1700,37.7900,31763520,1.024953
2008-09-17,sh601318,37.4200,38.0500,34.1000,34.4800,32624974,1.027414
2008-09-18,sh601318,32.1000,33.8200,31.1200,31.5800,46652625,1.030007
2008-09-19,sh601318,34.6500,34.6500,34.1900,34.6500,21060549,1.027275
2008-09-22,sh601318,38.0200,38.0200,36.6700,38.0200,71377355,1.024798
2008-09-23,sh601318,36.9200,37.8000,36.5000,36.5300,50962478,1.025835
2008-09-24,sh601318,35.9100,36.4200,35.0300,36.3600,32249343,1.025959
2008-09-25,sh601318,36.5100,39.9000,36.3600,37.1800,79979843,1.025372
2008-09-26,sh601318,36.6200,36.8800,33.5500,34.1900,143417207,1.027653
2008-10-06,sh601318,35.0200,35.3800,33.9200,34.5200,82883580,1.033533
2008-10-07,sh601318,32.1500,34.1200,32.0800,33.0600,38675802,1.035066
2008-10-08,sh601318,31.8200,32.4400,29.9400,30.1200,51671139,1.038621
2008-10-09,sh601318,30.4700,30.9700,28.5200,30.1700,48597195,1.038554
2008-10-10,sh601318,28.5200,29.5600,28.3600,28.8800,40517547,1.040346
2008-10-13,sh601318,29.1100,31.1700,28.1300,31.0600,62948508,1.037408
2008-10-14,sh601318,33.0300,33.0500,30.5400,30.6300,69181978,1.037953
2008-10-15,sh601318,29.1400,30.1600,28.9800,29.7900,32940158,1.039065
2008-10-16,sh601318,28.2200,28.3800,27.1300,27.4200,34870112,1.042586
2008-10-17,sh601318,27.9200,28.0200,27.1200,27.3400,20284207,1.042715
2008-10-20,sh601318,27.0000,28.1200,25.8700,27.8800,47091415,1.041854
2008-10-21,sh601318,27.8800,28.0200,27.0500,27.1300,48855342,1.043060
2008-10-22,sh601318,26.4200,26.9000,26.0200,26.1400,34953493,1.044764
2008-10-23,sh601318,25.1200,25.6200,24.7200,25.2200,50125808,1.046473
2008-10-24,sh601318,25.2400,25.4100,23.6800,23.7300,63698596,1.049536
2008-10-27,sh601318,22.9600,22.9700,21.6200,21.9900,71709610,1.053666
2008-10-28,sh601318,21.9000,22.5400,21.0200,21.9000,115036384,1.053898
2008-10-29,sh601318,22.3200,23.5000,22.0600,22.3900,110737317,1.052656
2008-10-30,sh601318,22.0100,24.5200,21.3500,24.5200,114125611,1.047863
2008-10-31,sh601318,23.8700,24.6600,23.6200,23.8400,67854121,1.049296
2008-11-03,sh601318,23.8000,25.6700,23.7200,24.8200,58760694,1.047257
2008-11-04,sh601318,24.5200,25.2200,23.9700,24.8900,44162391,1.047118
2008-11-05,sh601318,25.1200,27.2700,25.1200,26.4200,67194086,1.044269
2008-11-06,sh601318,25.3400,26.0100,25.0800,25.1300,43139633,1.046647
2008-11-07,sh601318,24.4300,26.6000,24.3700,26.2700,43425671,1.044533
2008-11-10,sh601318,27.3200,28.2200,26.6100,27.5900,69559789,1.042312
2008-11-11,sh601318,26.9200,27.5100,26.6300,26.9500,47131708,1.043360
2008-11-12,sh601318,26.5900,27.4900,26.0200,26.6600,43880421,1.043853
2008-11-13,sh601318,26.0000,27.8200,25.2000,27.0900,81108477,1.043127
2008-11-14,sh601318,27.7700,28.1200,27.1500,27.7100,74954168,1.042121
2008-11-17,sh601318,27.5200,28.4600,27.2300,28.3100,60354243,1.041192
2008-11-18,sh601318,27.9200,28.6000,25.5900,25.5900,66918060,1.045770
2008-11-19,sh601318,25.3400,27.0800,24.1400,26.7200,84755502,1.043750
2008-11-20,sh601318,25.5200,26.2700,25.0000,25.2500,76042078,1.046415
2008-11-21,sh601318,24.2500,26.2200,24.0000,25.5800,69469534,1.045789
2008-11-24,sh601318,25.3700,25.4800,24.3400,24.3700,36835461,1.048172
2008-11-25,sh601318,25.0600,25.1200,24.3200,24.5900,26609801,1.047720
2008-11-26,sh601318,24.3000,25.1200,24.3000,24.7900,19114182,1.047317
2008-11-27,sh601318,26.2400,26.6800,24.9400,25.0200,62507017,1.046862
2008-11-28,sh601318,24.7200,24.9700,23.5000,23.6100,47236576,1.049800
2008-12-01,sh601318,23.5900,23.8600,22.7300,23.6900,34370554,1.049623
2008-12-02,sh601318,22.8200,24.2500,22.7900,23.6700,31570460,1.049667
2008-12-03,sh601318,23.9800,25.1400,23.9400,25.0700,46958570,1.046764
2008-12-04,sh601318,25.7200,27.4700,25.7200,26.8700,119526723,1.043495
2008-12-05,sh601318,26.7700,27.6800,26.6600,27.3800,62119731,1.042650
2008-12-08,sh601318,28.0400,28.7500,27.6800,28.6100,86906385,1.040742
2008-12-09,sh601318,28.5200,28.8200,27.5900,27.8000,55839939,1.041979
2008-12-10,sh601318,27.5200,29.2800,27.2800,28.9500,55639023,1.040244
2008-12-11,sh601318,28.6300,29.7600,28.4200,28.7700,53785048,1.040506
2008-12-12,sh601318,28.4500,28.7700,26.6200,27.0600,46684167,1.043177
2008-12-15,sh601318,27.7200,28.9700,27.5700,28.1000,48163961,1.041512
2008-12-16,sh601318,27.6300,28.4400,27.1200,28.4200,27213890,1.041026
2008-12-17,sh601318,28.8600,29.6700,28.6200,28.6900,48422639,1.040624
2008-12-18,sh601318,28.7000,30.7500,28.1500,30.6800,59869931,1.037889
2008-12-19,sh601318,30.1200,32.4200,30.0200,31.4600,64490485,1.036915
2008-12-22,sh601318,31.2000,31.5800,29.5200,29.8500,44351021,1.038984
2008-12-23,sh601318,29.8200,29.8200,28.1200,28.1300,40980145,1.041466
2008-12-24,sh601318,27.9200,28.6600,27.8200,28.2300,29309455,1.041313
2008-12-25,sh601318,28.1200,28.3900,27.2300,27.8300,24661308,1.041932
2008-12-26,sh601318,27.5300,28.6300,27.3200,27.9300,19841368,1.041775
2008-12-29,sh601318,27.6200,28.0400,27.0200,27.5900,21353865,1.042312
2008-12-30,sh601318,27.5900,28.0500,27.1600,27.3400,15304613,1.042715
2008-12-31,sh601318,27.4500,28.4000,27.3400,27.7100,18766301,1.042121
2009-01-05,sh601318,29.0200,30.0900,28.7200,29.9700,35105350,1.038821
2009-01-06,sh601318,29.8200,31.4900,29.7500,30.9800,45197571,1.037508
2009-01-07,sh601318,30.8900,31.3300,30.4700,30.9900,30627949,1.037496
2009-01-08,sh601318,29.9200,30.1700,29.1700,29.4600,32927323,1.039520
2009-01-09,sh601318,29.3700,30.2700,29.3700,29.5300,23581568,1.039423
2009-01-12,sh601318,29.3200,29.8200,28.9200,29.0300,32345902,1.040129
2009-01-13,sh601318,28.5200,29.4600,28.4200,28.7200,18956862,1.040580
2009-01-14,sh601318,29.1000,31.0100,28.9400,30.9700,41931424,1.037521
2009-01-15,sh601318,30.3200,30.8700,29.8300,30.5900,52201157,1.038005
2009-01-16,sh601318,30.8200,32.0800,30.1200,30.6300,49182152,1.037953
2009-01-19,sh601318,31.1100,32.2200,31.1000,31.4600,45398590,1.036915
2009-01-20,sh601318,31.1200,31.7000,30.4200,31.3600,28571956,1.037037
2009-01-21,sh601318,30.6200,31.5100,30.1200,30.4000,54623651,1.038251
2009-01-22,sh601318,30.7800,31.2000,30.0500,30.4500,26058261,1.038186
2009-01-23,sh601318,30.2200,30.6500,29.8800,29.9800,23723948,1.038808
2009-02-02,sh601318,30.6200,30.9100,30.1500,30.4300,15422087,1.038212
2009-02-03,sh601318,30.3600,31.4700,30.2200,31.2300,32747984,1.037197
2009-02-04,sh601318,31.4200,32.3200,31.4200,32.1500,31862473,1.036094
2009-02-05,sh601318,32.3400,34.3700,32.2700,33.5800,64604563,1.034504
2009-02-06,sh601318,33.8200,35.5200,33.8100,35.0900,45222860,1.032970
2009-02-09,sh601318,35.6200,36.2800,35.1200,35.3600,48083920,1.032710
2009-02-10,sh601318,34.9900,35.9200,34.7300,35.4000,24481590,1.032672
2009-02-11,sh601318,34.6200,36.1200,34.4500,35.0200,52447712,1.033038
2009-02-12,sh601318,35.3200,35.6800,34.0200,34.9100,30829386,1.033146
2009-02-13,sh601318,34.9200,36.6300,34.5200,36.2100,46243928,1.031918
2009-02-16,sh601318,36.4200,37.8200,36.4200,37.0500,42328821,1.031172
2009-02-17,sh601318,36.9900,37.1200,35.1200,35.2700,37974707,1.032796
2009-02-18,sh601318,34.2500,34.7200,33.0900,33.3900,39927507,1.034707
2009-02-19,sh601318,33.7300,34.2100,33.1400,33.7700,34306902,1.034303
2009-02-20,sh601318,33.7900,34.3300,33.3200,34.1600,23491978,1.033898
2009-02-23,sh601318,33.9000,35.4100,32.9900,35.2700,38804131,1.032796
2009-02-24,sh601318,34.5300,34.7700,32.9200,33.3900,49229018,1.034707
2009-02-25,sh601318,33.9000,34.6700,32.7300,34.4000,60242162,1.033654
2009-02-26,sh601318,34.1000,35.2300,33.0200,33.3300,47302632,1.034772
2009-02-27,sh601318,33.0200,34.3900,32.4400,33.0700,43195928,1.035055
2009-03-02,sh601318,33.0500,33.0500,31.5700,32.4000,30612438,1.035806
2009-03-03,sh601318,31.2500,31.8200,30.9400,31.2700,39225861,1.037148
2009-03-04,sh601318,31.5700,34.2900,31.5700,34.2900,51646024,1.033765
2009-03-05,sh601318,35.3200,36.2200,34.6200,35.6000,80373497,1.032483
2009-03-06,sh601318,34.6200,35.7700,34.5600,35.1000,42689135,1.032961
2009-03-09,sh601318,35.5200,36.3200,33.9700,34.0500,51219110,1.034012
2009-03-10,sh601318,33.6200,35.9200,32.9800,35.6400,35574085,1.032445
2009-03-11,sh601318,36.6200,36.9800,35.1200,35.3400,55397594,1.032729
2009-03-12,sh601318,35.2400,37.1200,34.4300,37.0800,52705256,1.031146
2009-03-13,sh601318,36.8300,38.1200,36.6300,37.4100,68277404,1.030862
2009-03-16,sh601318,37.2700,37.9600,36.3200,37.8200,37791540,1.030518
2009-03-17,sh601318,37.8700,38.3700,37.5300,38.0900,58365510,1.030295
2009-03-18,sh601318,38.2200,38.4200,37.5800,37.6800,42840735,1.030635
2009-03-19,sh601318,37.7200,38.8000,37.3200,38.6300,43633446,1.029859
2009-03-20,sh601318,38.5200,38.6200,37.1200,37.4600,34787520,1.030820
2009-03-23,sh601318,37.4700,39.8200,37.4600,39.1500,53995118,1.029450
2009-03-24,sh601318,40.6200,40.8300,39.4200,39.7500,45564890,1.028993
2009-03-25,sh601318,39.2700,40.6800,39.2200,39.5200,35764138,1.029167
2009-03-26,sh601318,39.5700,40.8200,39.2700,40.3800,32867117,1.028528
2009-03-27,sh601318,40.8300,41.2200,39.7300,39.9900,36316919,1.028814
2009-03-30,sh601318,39.8200,39.9000,38.4700,38.6300,39213721,1.029859
2009-03-31,sh601318,38.0400,41.1200,37.9800,40.2300,78823461,1.028637
2009-04-01,sh601318,40.0700,40.9200,39.6100,39.9000,53700055,1.028881
2009-04-02,sh601318,40.1500,42.1000,40.1500,41.1400,69387890,1.027986
2009-04-03,sh601318,41.8800,41.9700,41.0300,41.3100,42430620,1.027868
2009-04-07,sh601318,41.6200,42.3300,40.8200,41.7300,24234776,1.027579
2009-04-08,sh601318,41.1500,41.7300,39.8400,39.9400,31479397,1.028851
2009-04-09,sh601318,40.6200,42.5000,40.5200,42.2500,56717159,1.027231
2009-04-10,sh601318,42.7000,43.9800,42.4000,43.5000,45816302,1.026428
2009-04-13,sh601318,44.1200,44.7700,43.7200,44.1500,34783432,1.026028
2009-04-14,sh601318,43.6200,44.1200,43.4800,43.7800,37023801,1.026254
2009-04-15,sh601318,43.5800,43.8500,42.5700,43.6000,33253661,1.026365
2009-04-16,sh601318,43.7200,44.1100,42.9800,43.3000,20448051,1.026553
2009-04-17,sh601318,42.9200,43.6100,42.6200,42.7000,22882308,1.026936
2009-04-20,sh601318,42.3800,43.4900,42.1400,43.1300,27299895,1.026660
2009-04-21,sh601318,42.5300,42.7200,41.7200,42.1100,33033595,1.027324
2009-04-22,sh601318,42.4200,43.0200,40.6200,40.9500,41859582,1.028120
2009-04-23,sh601318,40.7900,41.4700,40.7200,41.2600,22056057,1.027902
2009-04-24,sh601318,41.7100,41.8800,40.5200,40.6600,18153945,1.028326
2009-04-27,sh601318,40.7300,41.0700,39.1900,40.0900,29273882,1.028740
2009-04-28,sh601318,39.1400,39.7700,38.5000,38.7700,47716706,1.029748
2009-04-29,sh601318,38.7800,40.7200,38.7800,40.3700,33757601,1.028535
2009-04-30,sh601318,40.6100,41.2200,40.0700,40.8200,32459130,1.028212
2009-05-04,sh601318,40.9000,42.1500,40.7200,42.0600,28216983,1.027357
2009-05-05,sh601318,42.2300,43.1400,41.8200,42.0300,25594216,1.027377
2009-05-06,sh601318,41.9200,41.9900,40.9000,41.8300,30080831,1.027512
2009-05-07,sh601318,42.1400,43.1300,41.6200,42.2100,33150940,1.027257
2009-05-08,sh601318,41.9700,42.7800,41.5400,42.2600,28922739,1.027224
2009-05-11,sh601318,42.7200,43.7500,41.9000,41.9600,49263257,1.027424
2009-05-12,sh601318,41.8200,42.4200,41.4200,42.3900,20897188,1.027138
2009-05-13,sh601318,42.4200,43.0400,41.6400,42.6300,36323062,1.026981
2009-05-14,sh601318,41.9700,42.2800,41.4000,41.4900,29552429,1.027743
2009-05-15,sh601318,41.5300,41.9500,40.8200,41.1300,24278672,1.027993
2009-05-18,sh601318,40.8700,41.4200,40.7300,41.3700,17709227,1.027826
2009-05-19,sh601318,42.0100,42.6700,41.6200,42.2200,29774081,1.027251
2009-05-20,sh601318,42.3100,42.6200,41.6200,41.7000,17212701,1.027600
2009-05-21,sh601318,41.3200,41.3700,40.3000,40.5300,30637397,1.028419
2009-05-22,sh601318,40.4000,40.7700,39.9900,40.5600,26101802,1.028398
2009-05-25,sh601318,39.7200,40.5600,39.4700,40.3500,22642529,1.028550
2009-05-26,sh601318,40.4600,40.5300,39.5200,39.6000,19609607,1.029106
2009-05-27,sh601318,39.9300,41.0400,39.9300,40.7300,25149634,1.028276
2009-06-01,sh601318,41.8200,44.6900,41.7400,44.6900,102776341,1.025706
2009-06-02,sh601318,45.0100,45.6700,44.6200,44.7000,59409561,1.025700
2009-06-04,sh601318,45.9600,47.2700,45.6300,46.2200,79279700,1.024834
2009-06-05,sh601318,46.6200,46.7200,45.7900,46.2200,25711871,1.024834
2009-06-15,sh601318,48.3200,48.6200,46.0800,47.2500,88318964,1.024279
2009-06-16,sh601318,46.2700,46.6000,44.8200,44.9700,57525721,1.025542
2009-06-17,sh601318,44.9200,45.5400,44.1000,45.1300,34776462,1.025449
2009-06-18,sh601318,45.1700,46.4200,44.9200,45.6600,35730177,1.025146
2009-06-19,sh601318,45.7000,47.2700,44.8200,46.3000,39140044,1.024790
2009-06-22,sh601318,47.1200,48.8600,46.6800,47.8400,47864671,1.023973
2009-06-23,sh601318,46.7200,48.1200,46.5000,46.9700,41170232,1.024427
2009-06-24,sh601318,47.2300,47.6200,46.1200,46.8800,30710604,1.024476
2009-06-25,sh601318,46.7400,48.7800,46.7400,48.1600,39493240,1.023810
2009-06-26,sh601318,48.1700,48.6500,47.6200,48.0400,22030605,1.023870
2009-06-29,sh601318,48.0200,49.9700,48.0200,49.2900,32504754,1.023251
2009-06-30,sh601318,49.3300,52.1400,49.3300,50.5800,42038691,1.022645
2009-07-01,sh601318,50.5200,54.2200,50.4200,53.3900,30783634,1.021427
2009-07-02,sh601318,53.6400,56.2200,53.6400,56.1000,51290307,1.020371
2009-07-03,sh601318,55.5700,56.9700,55.2700,56.6400,36395860,1.020173
2009-07-06,sh601318,56.5200,58.7000,56.4300,57.1200,36597236,1.020000
2009-07-07,sh601318,56.6200,57.1200,55.3300,55.7100,26843764,1.020517
2009-07-08,sh601318,54.7200,55.7700,53.1200,54.9200,33035478,1.020818
2009-07-09,sh601318,54.8500,57.4200,54.2000,57.3900,42565170,1.020448
2009-07-10,sh601318,57.3900,57.7200,56.0200,56.9300,26434586,1.020068
2009-07-13,sh601318,56.1500,57.6200,55.7200,55.8000,17518527,1.020483
2009-07-14,sh601318,56.3300,61.1200,56.3300,60.6900,44171720,1.018801
2009-07-15,sh601318,61.1200,63.1200,61.1100,61.4600,33470792,1.018561
2009-07-16,sh601318,62.1800,62.8700,60.9900,61.2100,20566256,1.018639
2009-07-17,sh601318,61.2000,63.1000,60.7200,61.0200,21622773,1.018698
2009-07-20,sh601318,61.8700,62.7700,60.3800,61.9200,19318355,1.018421
2009-07-21,sh601318,63.3700,65.6400,62.6200,63.0400,31694369,1.018088
2009-07-22,sh601318,63.0100,64.1200,61.7000,63.1800,32713985,1.018047
2009-07-23,sh601318,63.5200,63.6200,61.9200,63.1900,25164859,1.018044
2009-07-24,sh601318,63.6200,64.4200,62.1900,63.1100,21749125,1.018067
2009-07-27,sh601318,63.5800,65.2200,62.3200,65.0700,32370324,1.017514
2009-07-28,sh601318,64.9200,65.0700,62.8200,63.5800,24362889,1.017931
2009-07-29,sh601318,63.5200,64.5700,57.4300,60.2500,35468296,1.018941
2009-07-30,sh601318,61.1200,63.0700,59.1200,60.7600,38220052,1.018779
2009-07-31,sh601318,61.6200,62.5700,60.9700,62.1600,26790131,1.018349
2009-08-03,sh601318,62.4700,64.0200,61.4000,63.9100,31047603,1.017837
2009-08-04,sh601318,64.2300,64.3100,61.2200,61.9300,29088062,1.018418
2009-08-05,sh601318,61.7200,61.7200,59.4200,59.5300,40328391,1.019175
2009-08-06,sh601318,59.5700,59.5700,56.2800,57.8600,46548298,1.019739
2009-08-10,sh601318,57.3200,57.7000,55.6100,56.7400,36816486,1.020137
2009-08-11,sh601318,56.7500,57.0900,55.9700,56.5900,23759866,1.020191
2009-08-12,sh601318,56.7000,56.9200,54.0700,54.3500,39930170,1.021041
2009-08-13,sh601318,54.3300,55.1500,53.7900,54.9400,42140270,1.020810
2009-08-14,sh601318,54.6200,55.4200,53.0200,53.7400,31000661,1.021285
2009-08-17,sh601318,52.8600,54.8100,51.4100,51.6800,54493062,1.022152
2009-08-18,sh601318,51.4200,52.2000,49.1200,51.2100,53289753,1.022360
2009-08-19,sh601318,51.1200,51.7700,49.1300,49.9500,35771785,1.022937
2009-08-20,sh601318,50.1200,53.6200,49.4300,52.9400,50815197,1.021613
2009-08-21,sh601318,52.9200,53.5400,51.7200,52.6100,38670061,1.021752
2009-08-24,sh601318,53.2500,53.5200,51.6200,52.7800,31644912,1.021680
2009-08-25,sh601318,52.6100,52.6100,48.9800,49.9400,47645160,1.022941
2009-08-26,sh601318,49.8200,51.3200,49.1200,50.7500,32536429,1.022567
2009-08-27,sh601318,50.2900,51.0000,49.1200,49.7200,28653318,1.023045
2009-08-28,sh601318,49.8700,50.2700,47.1400,47.4900,53526602,1.024154
2009-08-31,sh601318,46.9200,46.9800,44.0100,44.4100,49367041,1.025872
2009-09-01,sh601318,44.5000,47.3200,44.2800,46.1900,47930492,1.028272
2009-09-02,sh601318,45.4700,47.7100,45.2700,47.3800,35558568,1.027543
2009-09-03,sh601318,47.3700,50.6600,46.7700,50.2400,54987786,1.025934
2009-09-04,sh601318,50.0700,51.2700,49.7700,50.4600,28698022,1.025818
2009-09-07,sh601318,51.2700,52.9600,50.9700,51.4600,44872736,1.025304
2009-09-08,sh601318,51.1700,52.2300,50.0700,52.2000,24423745,1.024936
2009-09-09,sh601318,52.4700,53.3000,51.5700,52.2200,23411571,1.024926
2009-09-10,sh601318,51.9300,52.7700,51.6200,51.9200,17660461,1.025074
2009-09-11,sh601318,51.9700,54.3500,51.9700,53.9200,30002326,1.024122
2009-09-14,sh601318,53.9200,54.5700,53.5700,54.2300,20927176,1.023980
2009-09-15,sh601318,54.2700,54.4700,53.0900,53.7200,23044078,1.024214
2009-09-16,sh601318,53.2900,53.6500,51.9700,52.4500,26729328,1.024814
2009-09-17,sh601318,52.8700,54.8300,52.8700,54.5000,28002654,1.023859
2009-09-18,sh601318,54.2700,54.5700,51.8600,52.2200,28995743,1.024926
2009-09-21,sh601318,51.7700,53.4200,51.0900,52.9800,27210663,1.024560
2009-09-22,sh601318,52.7200,54.3500,51.6500,51.9400,26644133,1.025064
2009-09-23,sh601318,52.4500,52.8200,50.8500,51.0700,25500491,1.025502
2009-09-24,sh601318,50.6200,52.8200,49.6500,52.1000,35140891,1.024985
2009-09-25,sh601318,51.2800,53.5700,51.2700,52.8000,28140972,1.024646
2009-09-28,sh601318,52.8900,53.2700,50.2500,50.6500,23288374,1.025719
2009-09-29,sh601318,50.5700,51.7600,50.3000,51.4400,18957506,1.025314
2009-09-30,sh601318,51.7300,52.5700,51.2700,51.9700,18183845,1.025049
2009-10-09,sh601318,53.5900,54.6700,53.1300,54.5800,30588161,1.023823
2009-10-12,sh601318,54.6200,55.8500,54.4700,54.4800,29374242,1.023868
2009-10-13,sh601318,54.4700,55.7700,54.2000,55.6700,23311907,1.023346
2009-10-14,sh601318,55.8700,57.7200,55.5000,56.5400,35334096,1.022978
2009-10-15,sh601318,57.6700,58.3600,57.0200,57.4800,22809488,1.022594
2009-10-16,sh601318,57.6200,58.4200,56.3200,57.3100,19103801,1.022662
2009-10-19,sh601318,57.1600,59.1700,56.9700,59.1000,25903286,1.021961
2009-10-20,sh601318,59.1700,60.2700,59.1700,60.1500,23731464,1.021569
2009-10-21,sh601318,60.1500,60.7700,59.1900,59.2700,22151945,1.021897
2009-10-22,sh601318,59.0200,59.8200,58.4000,58.5700,18695090,1.022164
2009-10-23,sh601318,58.7800,60.4300,58.7800,59.7700,20340867,1.021709
2009-10-26,sh601318,60.2700,61.2700,60.0200,60.6300,24065217,1.021395
2009-10-27,sh601318,59.9700,61.3900,59.2000,60.2400,24758838,1.021536
2009-10-28,sh601318,60.0700,60.4600,58.0700,58.9300,26313200,1.022026
2009-10-29,sh601318,57.5700,58.3500,56.3200,56.8300,29688519,1.022858
2009-10-30,sh601318,58.3700,58.7700,57.1500,57.2300,21173288,1.022695
2009-11-02,sh601318,55.9700,61.6200,55.8500,60.9800,35842043,1.021269
2009-11-03,sh601318,60.9800,62.6900,60.5800,62.0100,32798546,1.020909
2009-11-04,sh601318,61.7700,62.4700,60.8200,61.7700,18493954,1.020992
2009-11-05,sh601318,61.7600,62.0400,60.4700,61.2400,18603096,1.021177
2009-11-06,sh601318,62.0600,62.3800,61.2400,61.2800,15620298,1.021163
2009-11-09,sh601318,61.4200,62.5700,60.6700,62.5400,21236701,1.020728
2009-11-10,sh601318,62.7700,64.2400,62.1700,62.2900,22848839,1.020813
2009-11-11,sh601318,62.4500,63.1900,62.0700,62.5700,19895429,1.020718
2009-11-12,sh601318,63.0600,63.5700,61.5600,62.1300,16955794,1.021371
2009-11-13,sh601318,61.9700,62.1100,60.9600,61.8000,24835114,1.020981
2009-11-16,sh601318,62.2600,63.4600,62.1500,63.2900,24752033,1.020477
2009-11-17,sh601318,63.8600,64.2400,62.8700,63.2200,16113576,1.020500
2009-11-18,sh601318,63.5500,63.5500,62.4700,62.6300,18536002,1.020698
2009-11-19,sh601318,62.6800,63.0600,61.3700,61.7800,30182262,1.020988
2009-11-20,sh601318,61.7500,61.7500,60.1700,60.8700,58033691,1.021309
2009-11-23,sh601318,60.9200,60.9200,59.7200,60.4000,85973005,1.021478
2009-11-24,sh601318,60.8300,61.6700,59.6500,60.1400,71896081,1.021573
2009-11-25,sh601318,60.1800,61.7900,59.7800,61.7000,43193727,1.021016
2009-11-26,sh601318,61.6600,62.2700,58.8500,59.1500,59221559,1.021942
2009-11-27,sh601318,58.7500,58.7500,56.5600,56.6400,56336246,1.022937
2009-11-30,sh601318,57.2500,58.2200,56.5600,58.0900,37935681,1.022351
2009-12-01,sh601318,57.7500,58.8200,57.0700,58.3600,38771917,1.022246
2009-12-02,sh601318,58.7700,59.4600,58.7200,59.0000,31055982,1.021999
2009-12-03,sh601318,58.8700,58.8700,57.6300,58.1300,28706263,1.022336
2009-12-04,sh601318,57.8600,61.8600,57.2800,61.1900,84068941,1.021195
2009-12-07,sh601318,60.7700,61.3800,60.1700,61.0100,38670973,1.021259
2009-12-08,sh601318,61.1800,61.4000,59.1500,59.5000,33335200,1.021810
2009-12-09,sh601318,58.8700,58.8700,58.1200,58.2200,28422555,1.022300
2009-12-10,sh601318,58.8200,58.9500,57.7000,58.3500,23076168,1.022249
2009-12-11,sh601318,58.3700,59.4500,58.1700,58.3000,19674032,1.022269
2009-12-14,sh601318,58.0700,59.1700,56.7700,58.5800,30647517,1.022160
2009-12-15,sh601318,58.2600,58.3600,57.2700,57.5100,23803779,1.022582
2009-12-16,sh601318,57.4700,58.1700,57.2600,57.3500,17585231,1.022646
2009-12-17,sh601318,57.3800,57.7200,55.6700,55.8200,30601515,1.023281
2009-12-21,sh601318,53.8700,54.5200,53.0700,53.7500,54278818,1.024200
2009-12-22,sh601318,53.9500,54.1700,51.9700,52.1800,35982898,1.024946
2009-12-23,sh601318,52.3000,52.7700,51.5400,52.2100,34788813,1.024931
2009-12-24,sh601318,52.0700,53.6600,51.7700,53.5500,46033228,1.024292
2009-12-25,sh601318,53.2700,53.8500,53.0500,53.1700,25840217,1.024470
2009-12-28,sh601318,53.0900,54.3200,53.0900,53.6500,42639475,1.024246
2009-12-29,sh601318,53.8600,54.0200,53.0600,53.6100,29144275,1.024264
2009-12-30,sh601318,53.7500,56.3100,53.7200,55.8400,71805988,1.023273
2009-12-31,sh601318,55.9600,56.8600,55.6700,56.3600,40473809,1.023053
2010-01-04,sh601318,56.7600,56.8600,55.1000,55.1600,29364012,1.023567
2010-01-05,sh601318,55.3000,56.4700,54.0800,55.8400,36015762,1.023273
2010-01-06,sh601318,55.6700,56.1700,54.5700,54.6800,33204602,1.023778
2010-01-07,sh601318,54.6700,55.0800,53.1400,53.6900,36541819,1.024227
2010-01-08,sh601318,53.6900,53.6900,52.5700,53.3800,32302182,1.024372
2010-01-11,sh601318,55.7700,56.1700,53.2200,53.6400,50140045,1.024251
2010-01-12,sh601318,53.2700,54.2700,52.3800,54.1300,37824995,1.024026
2010-01-13,sh601318,52.9700,53.2700,51.5400,51.5900,58478457,1.025238
2010-01-14,sh601318,52.0700,52.7700,51.1700,52.2500,36926384,1.024912
2010-01-15,sh601318,52.2700,52.6200,51.3700,52.3500,25819286,1.024863
2010-01-18,sh601318,52.0400,52.0400,51.2100,51.6000,41756126,1.025233
2010-01-19,sh601318,51.5400,52.5700,51.5300,51.8500,34086344,1.025109
2010-01-20,sh601318,51.9700,52.1000,50.1500,50.2300,39586583,1.025940
2010-01-21,sh601318,50.3700,51.6700,50.1800,51.2000,30793657,1.025436
2010-01-22,sh601318,50.2700,51.9200,49.7700,51.2400,43798322,1.025415
2010-01-25,sh601318,50.6700,51.9500,50.4900,51.0200,22515220,1.025528
2010-01-26,sh601318,51.0500,51.2600,49.7700,49.9100,22919241,1.026110
2010-01-27,sh601318,50.0800,50.2600,48.7700,48.8800,24137878,1.026675
2010-01-28,sh601318,48.9400,49.0000,47.7100,48.0600,31026483,1.027143
2010-01-29,sh601318,47.9700,48.7600,47.2700,47.7400,30866175,1.027329
2010-02-01,sh601318,48.2300,49.2500,47.8400,49.1200,53318936,1.026541
2010-02-02,sh601318,49.2700,50.7000,48.6200,48.7200,37989479,1.026765
2010-02-03,sh601318,49.0200,51.1200,48.6700,51.1000,54863358,1.025487
2010-02-04,sh601318,50.4700,51.0800,50.1300,50.5700,26613181,1.025761
2010-02-05,sh601318,49.5300,49.9200,49.2700,49.3400,23861429,1.026420
2010-02-08,sh601318,49.3000,49.9600,48.8800,49.3600,17571005,1.026409
2010-02-09,sh601318,49.5100,50.3700,49.2700,50.0000,18502701,1.026062
2010-02-10,sh601318,50.4700,51.3700,50.4700,51.2900,31677455,1.025390
2010-02-11,sh601318,51.2500,51.7200,50.9900,51.1700,17018756,1.025451
2010-02-12,sh601318,51.4700,51.6600,51.1400,51.3500,15650370,1.025359
2010-02-22,sh601318,51.2600,51.2600,50.3200,50.3500,19112190,1.025876
2010-02-23,sh601318,49.1600,49.1600,45.4400,45.9900,163390810,1.028399
2010-02-24,sh601318,45.4700,46.0500,45.2700,45.8800,67223886,1.028469
2010-02-25,sh601318,46.1200,46.8400,46.0000,46.4900,61458659,1.028085
2010-02-26,sh601318,46.3200,46.8300,46.1000,46.2900,48719160,1.028210
2010-03-01,sh601318,47.2500,48.1500,46.5800,47.9700,56701376,1.027195
2010-03-02,sh601318,47.9700,48.2500,47.5800,47.8500,33599279,1.027265
2010-03-03,sh601318,47.9000,48.0700,47.2100,47.6900,26000387,1.027359
2010-03-04,sh601318,47.7300,47.9400,46.2800,46.3300,31642261,1.028185
2010-03-05,sh601318,46.5700,46.9700,46.3700,46.7600,24915348,1.027918
2010-03-08,sh601318,46.8700,47.6100,46.6900,47.4300,22699556,1.027513
2010-03-09,sh601318,47.4600,48.9700,46.9700,48.3200,41912842,1.026993
2010-03-10,sh601318,48.3300,49.0200,48.1200,48.5100,30793102,1.026884
2010-03-11,sh601318,48.5200,48.9800,47.8000,48.2700,21858044,1.027021
2010-03-12,sh601318,48.2500,48.6400,47.8800,47.9200,20661480,1.027224
2010-03-15,sh601318,47.8700,47.9000,46.5300,46.8800,26418067,1.027845
2010-03-16,sh601318,46.8700,47.2500,46.2900,46.9300,18528421,1.027814
2010-03-17,sh601318,47.1300,49.7600,47.0800,49.5900,54247172,1.026283
2010-03-18,sh601318,49.2700,49.9500,49.1700,49.2700,34250371,1.026458
2010-03-19,sh601318,49.3200,49.7700,48.8700,49.7300,24653096,1.026207
2010-03-22,sh601318,49.6900,50.0700,49.3800,49.6600,22970086,1.026245
2010-03-23,sh601318,49.8100,49.9200,48.7700,48.9400,18649227,1.026641
2010-03-24,sh601318,49.1800,49.7700,48.9400,49.1400,17473094,1.026530
2010-03-25,sh601318,49.1300,49.1300,48.2700,48.4700,15714878,1.026907
2010-03-26,sh601318,48.4000,50.0600,48.3700,49.5100,28524667,1.026327
2010-03-29,sh601318,49.9700,51.9500,49.8800,51.5100,53440136,1.025279
2010-03-30,sh601318,51.5200,52.2700,51.3800,52.1100,34000813,1.024980
2010-03-31,sh601318,51.9200,52.1700,51.4400,51.6700,20379791,1.025198
2010-04-01,sh601318,51.6700,52.8700,51.6700,52.5400,23915425,1.024771
2010-04-02,sh601318,52.6700,53.1300,52.2700,52.7800,17638506,1.024655
2010-04-06,sh601318,53.2700,53.4000,51.8800,52.2000,20292431,1.024936
2010-04-07,sh601318,51.9400,52.6400,51.5800,52.1000,16340651,1.024985
2010-04-08,sh601318,52.0400,52.0400,50.7600,50.9500,24534044,1.025564
2010-04-09,sh601318,51.2200,52.0900,50.9800,51.9700,21574261,1.025049
2010-04-12,sh601318,51.9700,52.2300,50.3800,51.1900,30865449,1.025441
2010-04-13,sh601318,51.3000,53.4700,51.3000,53.1600,60360278,1.024475
2010-04-14,sh601318,53.2800,53.6100,52.7700,53.4900,29644063,1.024320
2010-04-15,sh601318,53.2700,54.1500,52.8300,53.8000,30484880,1.024177
2010-04-16,sh601318,53.4700,53.6200,52.2700,52.3600,24250128,1.024858
2010-04-19,sh601318,51.7700,52.8700,50.4300,50.4800,50076705,1.025808
2010-04-20,sh601318,51.0700,52.2100,50.3700,51.8900,42372603,1.025089
2010-04-21,sh601318,51.9700,53.6300,51.7700,53.2900,45496056,1.024414
2010-04-22,sh601318,52.9700,54.1200,52.5700,53.0400,43291608,1.024532
2010-04-23,sh601318,53.3200,54.2200,52.3700,53.0400,35542519,1.024532
2010-04-26,sh601318,53.0300,53.3600,51.9500,51.9600,22669544,1.025054
2010-04-27,sh601318,51.6600,51.6600,49.7800,50.9100,38528833,1.025584
2010-04-28,sh601318,50.1700,51.0000,49.9700,50.2600,19485414,1.025924
2010-04-29,sh601318,50.7700,51.1400,49.6700,49.7300,18382350,1.026207
2010-04-30,sh601318,49.7800,50.8200,48.9700,50.6700,30217441,1.025709
2010-05-04,sh601318,49.8700,51.3700,49.7000,50.5700,21769637,1.025761
2010-05-05,sh601318,50.3300,50.9500,48.6700,50.0400,33452771,1.026041
2010-05-06,sh601318,49.8600,49.8600,47.2800,47.5100,38359764,1.027465
2010-05-07,sh601318,46.1800,49.1700,46.1800,47.6000,37770323,1.027412
2010-05-10,sh601318,48.3700,49.8800,47.8200,49.4800,36370084,1.026343
2010-05-11,sh601318,50.6200,50.6500,47.7700,48.0900,35435105,1.027125
2010-05-12,sh601318,47.7600,50.3200,47.5200,49.8800,63487918,1.026126
2010-05-13,sh601318,50.2600,50.9300,49.4700,50.6500,52630153,1.025719
2010-05-14,sh601318,49.6700,50.2000,49.3700,49.5700,35407458,1.026294
2010-05-17,sh601318,48.8500,48.8500,46.6600,46.7900,38439708,1.027900
2010-05-18,sh601318,47.1500,48.6200,46.4800,47.9600,32797578,1.027201
2010-05-19,sh601318,47.3500,48.3400,46.7000,47.5800,23687939,1.027424
2010-05-20,sh601318,47.2700,47.9700,46.0700,46.2000,30797903,1.028266
2010-05-21,sh601318,45.2500,46.8000,44.8400,46.4500,26119978,1.028110
2010-05-24,sh601318,47.3300,48.6200,47.0300,48.1600,29952579,1.027085
2010-05-25,sh601318,47.7200,47.8300,46.4700,46.5200,26359309,1.028066
2010-05-26,sh601318,47.0700,47.5200,46.0700,46.6900,18037141,1.027961
2010-05-27,sh601318,46.6300,47.5700,45.8700,47.3700,24530379,1.027549
2010-05-28,sh601318,47.9200,48.0500,46.8700,47.2300,19439145,1.027633
2010-05-31,sh601318,47.0000,47.4900,46.4800,46.6300,19667819,1.027998
2010-06-01,sh601318,46.4700,47.6700,46.0700,47.1900,30405946,1.027657
2010-06-02,sh601318,47.0700,47.0700,46.0700,46.7700,20683348,1.027912
2010-06-03,sh601318,47.0700,47.5700,46.5300,46.9000,19361635,1.027833
2010-06-04,sh601318,46.5900,46.9600,46.3700,46.8200,10949741,1.027881
2010-06-07,sh601318,46.2700,46.5900,45.3300,45.8100,19875313,1.028514
2010-06-08,sh601318,45.8200,46.1300,44.9800,45.5500,16634251,1.028681
2010-06-09,sh601318,45.7700,47.3200,44.8700,46.9400,39746223,1.027808
2010-06-10,sh601318,46.2500,46.5700,45.9700,46.0500,16798660,1.028361
2010-06-11,sh601318,46.5600,47.2500,46.2700,46.5800,18172830,1.028029
2010-06-17,sh601318,46.9400,47.1600,46.1300,46.3100,16945756,1.028197
2010-06-18,sh601318,46.3200,47.0000,46.0700,46.2000,22998613,1.028266
2010-06-21,sh601318,46.6200,48.7700,46.5800,48.2900,62914197,1.027010
2010-06-22,sh601318,48.3000,48.5700,48.1200,48.3800,20767984,1.026958
2010-06-23,sh601318,48.1400,48.6400,47.4200,48.0300,21182052,1.027160
2010-06-24,sh601318,47.9200,49.0200,47.9200,48.4600,19365172,1.026912
2010-06-25,sh601318,48.1700,49.1900,47.8200,48.7800,18098599,1.026731
2010-06-28,sh601318,48.7600,49.2300,47.9800,48.0800,20353606,1.027131
2010-09-02,sh601318,49.5700,50.9400,48.9700,50.1800,92382900,1.032298
2010-09-03,sh601318,50.3700,50.6700,49.6200,50.4400,39502700,1.032126
2010-09-06,sh601318,51.0800,52.8700,50.9700,52.6300,44738300,1.030748
2010-09-07,sh601318,52.6700,52.6900,51.5500,52.3600,28578900,1.030912
2010-09-08,sh601318,52.1200,52.1200,51.1300,51.4800,26724000,1.031457
2010-09-09,sh601318,51.7100,51.7400,49.9500,50.2100,22986400,1.035471
2010-09-10,sh601318,50.3700,51.0700,50.2000,50.7800,17326000,1.035059
2010-09-13,sh601318,50.8300,52.2200,50.8200,51.3400,22164900,1.034663
2010-09-14,sh601318,51.5500,52.4700,51.5500,51.8400,22882100,1.034318
2010-09-15,sh601318,51.8200,52.6200,51.0100,51.0200,23935800,1.034888
2010-09-16,sh601318,51.0200,51.5200,50.1300,50.6500,18035700,1.035152
2010-09-17,sh601318,50.9200,51.0100,50.1600,50.4800,13349900,1.035275
2010-09-20,sh601318,50.7200,52.5200,50.1700,51.7000,28273200,1.034414
2010-09-21,sh601318,52.1900,52.4900,51.6400,51.9600,16710200,1.034236
2010-09-27,sh601318,51.9400,53.3000,51.8200,53.2300,28560400,1.033392
2010-09-28,sh601318,53.0600,53.4700,52.4200,52.7300,17637200,1.033719
2010-09-29,sh601318,52.6700,53.4600,52.5200,52.8000,15696000,1.033673
2010-09-30,sh601318,52.5200,55.2200,52.3500,54.6100,38139500,1.032520
2010-10-08,sh601318,54.2200,57.2300,54.2200,56.8800,45647400,1.031182
2010-10-11,sh601318,57.4200,61.1900,57.4200,59.9200,70004300,1.029553
2010-10-12,sh601318,59.6000,60.5200,59.2800,60.2300,34951600,1.029397
2010-10-13,sh601318,60.1700,61.2700,59.9200,61.0200,38705700,1.029005
2010-10-14,sh601318,63.7200,64.8200,62.4200,62.5200,70254200,1.028289
2010-10-15,sh601318,62.2200,64.7200,62.0400,64.4200,60368900,1.027432
2010-10-18,sh601318,64.4200,65.9200,61.7200,62.2100,59721700,1.028434
2010-10-19,sh601318,62.0700,64.6000,62.0300,64.3500,34166500,1.027463
2010-10-20,sh601318,64.3500,68.9200,64.3200,68.7000,93511100,1.025679
2010-10-21,sh601318,68.7100,68.7100,66.7900,67.3900,40407200,1.026192
2010-10-22,sh601318,67.0200,68.2200,66.1300,66.7100,30974900,1.026466
2010-10-25,sh601318,66.6900,68.9200,65.2200,68.5500,38999300,1.025737
2010-10-26,sh601318,68.3200,68.3200,65.2200,65.7400,54949100,1.026867
2010-10-27,sh601318,64.7200,65.5000,62.7100,63.0000,60016500,1.028068
2010-10-28,sh601318,62.0200,63.1000,61.7200,62.5300,44111100,1.028285
2010-10-29,sh601318,62.5300,62.7200,61.2500,61.6400,36193000,1.028705
2010-11-02,sh601318,63.7800,63.8300,61.9800,62.2100,53035200,1.028434
2010-11-03,sh601318,62.0200,63.3200,60.5700,62.1600,41702300,1.028458
2010-11-04,sh601318,62.3000,64.0000,62.1700,63.1700,32529100,1.027990
2010-11-05,sh601318,64.2200,64.8200,63.6400,64.2100,31745400,1.027524
2010-11-08,sh601318,64.2200,64.2700,62.7900,63.3600,31575600,1.027904
2010-11-09,sh601318,63.3800,63.3800,61.7200,61.8800,33681500,1.028590
2010-11-10,sh601318,61.6700,62.7700,60.8100,62.7200,34058300,1.028197
2010-11-11,sh601318,63.1000,65.4800,62.3600,64.2100,54612100,1.027524
2010-11-12,sh601318,64.0300,65.9200,61.8500,62.4600,60449200,1.028317
2010-11-15,sh601318,61.8200,62.4000,59.7200,61.1500,42599900,1.028942
2010-11-16,sh601318,60.9200,60.9200,57.5200,58.3700,41286100,1.030362
2010-11-17,sh601318,57.2900,59.9700,57.0400,58.6300,49882300,1.030223
2010-11-18,sh601318,59.5800,59.7700,58.0400,59.3700,30826500,1.029835
2010-11-19,sh601318,59.8700,59.9500,57.2400,59.4300,36633400,1.029804
2010-11-22,sh601318,59.2300,61.2200,59.1200,60.0900,35370100,1.029467
2010-11-23,sh601318,59.3300,59.5200,57.5400,57.9800,30773100,1.030572
2010-11-24,sh601318,58.1600,60.4100,58.1600,60.0100,33988600,1.029508
2010-11-25,sh601318,59.9400,60.7200,59.0800,60.2100,24521100,1.029407
2010-11-26,sh601318,59.8300,59.9100,58.5500,58.8900,21308200,1.030086
2010-11-29,sh601318,58.7300,59.9200,58.7200,59.4700,17862800,1.029784
2010-11-30,sh601318,59.2200,59.8100,57.4200,58.4100,25961900,1.030340
2010-12-01,sh601318,58.1200,58.4100,57.5200,57.7200,14175200,1.030714
2010-12-02,sh601318,59.2200,59.7700,58.6100,58.6300,22266800,1.030223
2010-12-03,sh601318,59.1700,60.5200,59.0200,60.3400,33693400,1.029342
2010-12-06,sh601318,60.2100,62.1600,60.0600,61.4900,34157700,1.028777
2010-12-07,sh601318,61.1600,62.5800,60.6000,62.1000,24612300,1.028486
2010-12-08,sh601318,61.9100,62.3500,60.8500,60.9300,18289700,1.029049
2010-12-09,sh601318,60.6200,62.0700,60.3300,60.8900,18081000,1.029069
2010-12-10,sh601318,60.6200,62.8000,60.5200,62.6200,33182700,1.028243
2010-12-13,sh601318,62.7200,63.2200,61.9900,63.2000,39067900,1.027977
2010-12-14,sh601318,62.7200,63.8700,62.5300,62.6700,23033300,1.028220
2010-12-15,sh601318,62.6600,62.9200,61.1100,61.1900,24819800,1.028922
2010-12-16,sh601318,61.0300,61.4900,59.3700,59.4900,34337100,1.029773
2010-12-17,sh601318,59.7000,59.7300,58.7800,59.2400,25878500,1.029903
2010-12-20,sh601318,59.5500,59.6800,57.2200,57.9300,30422000,1.030600
2010-12-21,sh601318,58.2100,60.3800,57.9800,60.3000,32782300,1.029362
2010-12-22,sh601318,60.2200,60.4100,58.6300,59.0100,20495600,1.030023
2010-12-23,sh601318,59.0200,59.8700,58.4400,58.6500,16497700,1.030213
2010-12-24,sh601318,58.3800,59.4200,57.9300,58.7100,18612800,1.030181
2010-12-27,sh601318,60.3200,60.7000,57.2200,57.4900,31075700,1.030841
2010-12-28,sh601318,57.4200,58.2900,56.7200,56.8300,21988600,1.031210
2010-12-29,sh601318,57.0300,57.2900,56.5200,57.2500,12728100,1.030974
2010-12-30,sh601318,57.2600,57.6200,56.5800,56.9300,18121900,1.031154
2010-12-31,sh601318,57.2100,58.2000,57.0000,57.8800,16476000,1.030627
2011-01-04,sh601318,58.5700,59.3200,58.2200,58.6300,24562600,1.030223
2011-01-05,sh601318,58.3100,58.5200,56.5200,56.5800,42755400,1.031353
2011-01-06,sh601318,56.6600,56.6600,53.1700,54.3100,94707800,1.032706
2011-01-07,sh601318,54.6900,55.9700,53.5200,54.7300,65901300,1.032447
2011-01-10,sh601318,54.6200,55.6200,53.6200,53.7500,28291900,1.033058
2011-01-11,sh601318,53.5600,54.2700,53.4200,53.8400,25804700,1.033001
2011-01-12,sh601318,53.9900,54.9200,53.7200,54.7100,22555900,1.032459
2011-01-13,sh601318,54.9400,55.1600,54.2700,54.7000,19512000,1.032465
2011-01-14,sh601318,54.4300,54.6400,53.5200,53.7000,15443900,1.033090
2011-01-17,sh601318,53.4700,53.6900,51.5200,51.5700,30856500,1.034504
2011-01-18,sh601318,51.5800,52.2700,51.2700,51.7200,18054000,1.034400
2011-01-19,sh601318,51.7200,52.5000,51.5300,52.4000,17834100,1.033938
2011-01-20,sh601318,52.5100,52.5600,50.4600,50.5000,22174100,1.035260
2011-01-21,sh601318,50.5800,52.2700,50.2200,51.1300,23804800,1.034811
2011-01-24,sh601318,51.4200,51.4200,49.7200,50.0700,25275900,1.035574
2011-01-25,sh601318,50.0600,50.7200,49.6200,50.2200,20078000,1.035464
2011-01-26,sh601318,50.3100,51.0800,50.2700,50.6500,14870600,1.035152
2011-01-27,sh601318,50.2200,51.9000,49.7800,51.6500,25809600,1.034448
2011-01-28,sh601318,51.6500,51.8700,50.6200,51.1200,18170400,1.034818
2011-01-31,sh601318,51.0500,51.6200,50.6700,51.4200,17198000,1.034608
2011-02-01,sh601318,51.5000,51.8200,51.2100,51.6700,14034700,1.034434
2011-02-09,sh601318,51.5200,52.4700,51.1700,51.6200,21756400,1.034469
2011-02-10,sh601318,51.5200,52.3800,51.0800,52.2900,24927400,1.034012
2011-02-11,sh601318,51.9200,52.1200,51.4700,51.6900,42511500,1.034421
2011-02-14,sh601318,51.7200,54.2200,51.6800,54.0100,54854900,1.032893
2011-02-15,sh601318,53.9100,54.2200,53.3200,53.3600,33694000,1.033308
2011-02-16,sh601318,53.2200,53.5800,52.7200,53.2100,27251000,1.033405
2011-02-17,sh601318,53.2300,53.6200,52.7200,52.9800,25782500,1.033554
2011-02-18,sh601318,52.8200,53.3000,52.4900,52.9000,24904500,1.033607
2011-02-21,sh601318,52.7000,53.3700,52.4000,53.2800,21762400,1.033359
2011-02-22,sh601318,53.3200,53.4100,50.9300,50.9600,50703700,1.034931
2011-02-23,sh601318,50.7500,51.0800,50.3500,50.6500,28417600,1.035152
2011-02-24,sh601318,50.6200,50.7200,49.9300,50.5900,27132100,1.035195
2011-02-25,sh601318,50.6000,51.6000,50.3200,50.9400,25306900,1.034945
2011-02-28,sh601318,51.0000,51.5700,50.5000,51.4800,25649500,1.034566
2011-03-01,sh601318,51.5100,52.4500,51.4200,51.9700,28229900,1.034229
2011-03-02,sh601318,51.5700,52.2300,51.3400,51.8300,22529200,1.034324
2011-03-03,sh601318,52.0900,53.8200,52.0600,52.4400,65848900,1.033912
2011-03-04,sh601318,52.6800,53.9700,52.4700,53.8500,48122900,1.032994
2011-03-07,sh601318,54.3300,55.4300,54.2100,55.2200,54438800,1.032150
2011-03-08,sh601318,55.1200,55.5200,54.3300,54.8900,30245200,1.032349
2011-03-09,sh601318,55.2200,55.7300,54.6900,55.1400,26817100,1.032198
2011-03-10,sh601318,54.9200,54.9200,53.2800,53.3600,43274200,1.033308
2011-03-11,sh601318,53.0200,53.3300,52.2800,52.5800,30476000,1.033818
2011-03-15,sh601318,52.7200,52.8700,50.2300,51.1700,55821600,1.034783
2011-03-16,sh601318,51.6600,52.3100,51.5200,51.8700,23926900,1.034297
2011-03-17,sh601318,51.3700,51.3700,50.3200,50.4900,39541900,1.035268
2011-03-18,sh601318,50.8700,51.2700,50.7100,50.7500,21779000,1.035081
2011-03-21,sh601318,50.9200,51.5000,50.8000,50.9200,17833500,1.034959
2011-03-22,sh601318,51.2200,51.9100,50.8100,51.8100,22923000,1.034338
2011-03-23,sh601318,51.6200,52.3800,51.4100,52.1500,20263300,1.034107
2011-03-24,sh601318,52.1500,52.1900,51.6200,51.7300,15778700,1.034393
2011-03-25,sh601318,51.8600,52.8100,51.6400,52.2300,28220700,1.034053
2011-03-28,sh601318,52.4200,52.9800,51.7200,51.7900,31140200,1.034352
2011-03-29,sh601318,51.8100,52.5000,51.0600,51.5800,35300500,1.034497
2011-03-30,sh601318,51.7200,52.2100,51.4300,51.7100,19736500,1.034407
2011-03-31,sh601318,51.8300,52.0800,51.1400,51.1800,18746700,1.034776
2011-04-01,sh601318,51.3200,52.9800,51.2500,52.9500,30588500,1.033574
2011-04-06,sh601318,53.5600,55.1600,53.4300,54.9500,77988600,1.032313
2011-04-07,sh601318,55.1700,55.1800,54.3600,54.7200,31742200,1.032453
2011-04-08,sh601318,54.6200,55.1300,54.2700,54.6200,22070100,1.032514
2011-04-11,sh601318,54.7200,55.0300,53.5500,53.6000,33648800,1.033153
2011-04-12,sh601318,53.4200,53.9400,53.1200,53.7000,25647200,1.033090
2011-04-13,sh601318,53.3800,55.3200,53.3100,55.2300,34501300,1.032144
2011-04-14,sh601318,55.0900,55.8200,54.7300,54.8900,42294900,1.032349
2011-04-15,sh601318,54.8300,56.0500,54.6000,55.9000,37810600,1.031746
2011-04-18,sh601318,55.6800,57.2000,55.5000,56.6100,51504500,1.031335
2011-04-19,sh601318,56.1000,56.2000,54.5000,54.5200,34442700,1.032576
2011-04-20,sh601318,54.8700,55.1000,53.9900,54.3400,21967200,1.032687
2011-04-21,sh601318,54.9900,55.3000,54.5900,54.6800,17426100,1.032477
2011-04-22,sh601318,54.7200,54.7200,53.7600,53.8900,16789900,1.032969
2011-04-25,sh601318,53.8900,53.8900,52.9700,53.4000,20758600,1.033282
2011-04-26,sh601318,53.2000,53.8300,53.1000,53.2900,19023900,1.033353
2011-04-27,sh601318,53.6000,53.6900,53.0200,53.3300,16760200,1.033327
2011-04-28,sh601318,53.7200,54.7400,53.7200,53.8400,37385100,1.033001
2011-04-29,sh601318,53.6700,54.1100,52.6200,53.9500,22170600,1.032931
2011-05-03,sh601318,53.7200,54.4000,53.1300,54.2900,19659100,1.032718
2011-05-04,sh601318,53.7200,53.9100,52.3200,52.5100,30342800,1.033865
2011-05-05,sh601318,52.4000,52.5200,51.6600,52.0300,22705500,1.034188
2011-05-06,sh601318,51.5000,52.2300,51.3900,51.8000,17448200,1.034345
2011-05-09,sh601318,52.0000,52.1000,51.3100,51.4400,16247300,1.034594
2011-05-10,sh601318,51.4600,52.0500,51.4600,51.9300,10952000,1.034256
2011-05-11,sh601318,51.9700,52.2700,51.5700,51.9600,10582100,1.034236
2011-05-12,sh601318,51.5000,51.8700,50.9200,50.9300,15940400,1.034952
2011-05-13,sh601318,51.2300,51.8900,50.9100,51.7800,16461600,1.034359
2011-05-16,sh601318,51.7200,51.8800,50.9500,50.9900,17112700,1.034910
2011-05-17,sh601318,50.9900,51.9200,50.9200,51.5300,15967300,1.034531
2011-05-18,sh601318,51.4600,52.3200,51.2500,51.8300,19068100,1.034324
2011-05-19,sh601318,51.9600,52.2100,51.4300,51.6100,11486700,1.034476
2011-05-20,sh601318,51.5300,51.9100,51.5200,51.7000,9870300,1.034414
2011-05-23,sh601318,51.5200,51.6200,49.7700,49.8500,27534200,1.035737
2011-05-24,sh601318,49.8600,50.2100,49.7200,49.9600,12146100,1.035655
2011-05-25,sh601318,49.8500,49.8500,49.4700,49.5100,13988700,1.035991
2011-05-26,sh601318,49.8300,50.0000,49.4100,49.4400,14572500,1.036044
2011-05-27,sh601318,49.4400,50.1300,49.4200,49.6900,15778300,1.035856
2011-05-30,sh601318,49.6000,50.0300,49.4600,49.7000,13305800,1.035848
2011-05-31,sh601318,49.7400,50.5100,49.6000,50.4300,14413300,1.035311
2011-06-01,sh601318,50.2200,50.5000,50.0700,50.2100,13498500,1.035471
2011-06-02,sh601318,49.7200,49.9100,48.5500,48.9800,21722600,1.036394
2011-06-03,sh601318,49.0000,49.5100,48.8200,49.4000,13413200,1.036074
2011-06-07,sh601318,49.1000,49.7700,48.8900,49.6600,11055600,1.035878
2011-06-08,sh601318,49.6200,49.6200,48.9300,49.3400,11677900,1.036119
2011-06-09,sh601318,49.2700,49.4700,48.6500,48.7500,13935300,1.036572
2011-06-10,sh601318,48.9400,49.1900,48.6200,49.1500,11565400,1.036264
2011-06-13,sh601318,48.7200,48.7300,48.0000,48.5000,11461200,1.036768
2011-06-14,sh601318,48.4500,49.0900,48.2200,48.8000,13082200,1.036534
2011-06-15,sh601318,48.8500,49.0600,48.0600,48.1100,12700000,1.037077
2011-06-17,sh601318,47.6100,47.8100,46.7900,46.8400,22278500,1.038121
2011-06-20,sh601318,46.8900,47.0100,45.6800,46.0800,20470100,1.038774
2011-06-21,sh601318,46.1200,46.4300,45.9100,46.3500,15097600,1.038539
2011-06-22,sh601318,46.5200,47.0500,46.4500,46.6300,15240200,1.038299
2011-06-23,sh601318,46.6000,47.9200,46.2500,47.5900,17306400,1.037497
2011-06-24,sh601318,47.5100,49.6200,47.4700,49.4100,37010200,1.036066
2011-06-27,sh601318,49.2200,50.0100,49.0400,49.2100,13468200,1.036218
2011-06-28,sh601318,49.5600,49.6200,48.5700,49.0200,13322900,1.036364
2011-06-29,sh601318,49.2000,49.3700,48.4000,48.4500,14464400,1.036807
2011-06-30,sh601318,48.6700,50.5600,48.6000,49.9900,29800300,1.035633
2011-07-01,sh601318,50.1000,50.2700,49.5500,49.8600,15378500,1.035729
2011-07-04,sh601318,50.1600,51.0700,50.1600,50.8900,21986300,1.034981
2011-07-05,sh601318,50.8200,51.0500,50.1200,50.4200,16309200,1.035318
2011-07-06,sh601318,50.2000,51.4200,49.4900,50.7200,21670600,1.035102
2011-07-07,sh601318,51.3200,51.3800,49.9800,50.3200,23048000,1.035391
2011-07-08,sh601318,50.5200,50.8200,50.0200,50.2100,14141500,1.035471
2011-07-11,sh601318,49.8700,49.8700,49.2500,49.6600,14456300,1.035878
2011-07-12,sh601318,49.2000,49.2000,48.2500,48.3000,21661200,1.036926
2011-07-13,sh601318,48.5000,49.3000,48.3500,49.1400,18334600,1.036272
2011-07-14,sh601318,49.1400,49.4300,48.8300,49.1000,14623100,1.036302
2011-07-15,sh601318,49.0300,49.8200,48.7000,49.5000,13608600,1.035998
2011-07-18,sh601318,49.6100,49.8600,48.9800,49.1700,13954300,1.036249
2011-07-19,sh601318,48.9000,48.9900,48.5200,48.6300,11710300,1.036666
2011-07-20,sh601318,49.0700,49.1900,48.5800,48.8300,14392400,1.036510
2011-07-21,sh601318,49.0660,49.0760,48.0160,48.0860,12564400,1.045803
2011-07-22,sh601318,48.3660,48.9460,48.1360,48.4960,12940700,1.045398
2011-07-25,sh601318,48.2160,48.2160,47.1060,47.2960,19289200,1.046603
2011-07-26,sh601318,47.2960,47.7960,47.2160,47.7060,9504700,1.046184
2011-07-27,sh601318,47.3860,47.4660,46.7560,47.1060,23101800,1.046800
2011-07-28,sh601318,46.6760,46.6760,45.9760,46.1760,23426000,1.047788
2011-07-29,sh601318,46.3560,47.2060,45.9660,46.6060,25417400,1.047326
2011-08-01,sh601318,46.6060,47.1060,46.4660,47.0160,12919900,1.046894
2011-08-02,sh601318,46.4760,46.5060,46.0060,46.4760,10448300,1.047465
2011-08-03,sh601318,46.0960,46.6360,45.9860,46.1560,13551800,1.047809
2011-08-04,sh601318,46.3360,46.6660,46.1060,46.1360,12270800,1.047831
2011-08-05,sh601318,45.1060,45.1860,44.1460,44.4460,37255800,1.049740
2011-08-08,sh601318,43.9060,44.2860,42.8160,43.0660,31936000,1.051416
2011-08-09,sh601318,41.9660,42.9960,41.7160,42.7960,35845000,1.051757
2011-08-10,sh601318,43.5660,43.7060,42.8260,43.0960,27234600,1.051378
2011-08-11,sh601318,42.4960,43.7960,42.2460,43.7760,28510700,1.050540
2011-08-12,sh601318,44.0860,44.1060,43.1060,43.3760,28036100,1.051030
2011-08-15,sh601318,43.5360,44.7860,43.1060,44.7060,27843200,1.049437
2011-08-16,sh601318,44.4860,44.7560,43.9060,43.9760,18800600,1.050299
2011-08-18,sh601318,44.4860,44.6060,43.1660,43.3560,19358000,1.051055
2011-08-19,sh601318,42.5360,43.0060,42.2160,42.4160,16468300,1.052245
2011-08-22,sh601318,42.5560,42.9560,42.1060,42.5260,12944400,1.052103
2011-08-23,sh601318,42.5560,43.1060,42.3960,43.0960,11525400,1.051378
2011-08-24,sh601318,43.3460,43.4360,42.5960,42.7160,13428900,1.051859
2011-08-25,sh601318,42.8260,44.6060,42.8160,44.5660,36226100,1.049600
2011-08-26,sh601318,44.2860,44.4560,43.8060,44.1160,18579200,1.050131
2011-08-29,sh601318,43.5060,43.5060,42.7860,43.1760,18711900,1.051278
2011-08-30,sh601318,43.4660,44.0360,42.8960,42.9260,16528400,1.051592
2011-08-31,sh601318,42.8360,42.9060,42.4860,42.8360,18542200,1.051706
2011-09-01,sh601318,43.1060,43.8360,42.9360,43.2360,20310700,1.051204
2011-09-02,sh601318,43.2260,43.7360,42.6960,43.3760,12062800,1.054864
2011-09-05,sh601318,42.9660,42.9660,42.4360,42.5160,10805000,1.056036
2011-09-06,sh601318,42.5560,42.5560,41.9660,42.1960,14887000,1.056485
2011-09-07,sh601318,42.5660,42.9560,42.2160,42.7760,14466700,1.055676
2011-09-08,sh601318,42.9060,42.9160,42.2560,42.2760,10858400,1.056372
2011-09-09,sh601318,42.6960,43.1360,42.2460,42.4160,13309900,1.056175
2011-09-13,sh601318,41.6060,42.0460,41.5160,41.7360,13302300,1.057143
2011-09-14,sh601318,42.0360,42.1560,40.9460,41.7260,17758400,1.057157
2011-09-15,sh601318,41.8360,42.1060,41.5160,41.5560,11550300,1.057405
2011-09-16,sh601318,41.8560,42.2860,41.7660,41.8260,14229100,1.057013
2011-09-19,sh601318,41.4960,41.5560,41.0060,41.0560,11233200,1.058144
2011-09-20,sh601318,41.0560,41.3560,40.8560,41.2360,8086400,1.057876
2011-09-21,sh601318,41.3260,42.7260,41.1560,42.3860,21643400,1.056217
2011-09-22,sh601318,42.0160,42.3560,40.9660,41.1460,17943400,1.058010
2011-09-23,sh601318,40.6560,40.7760,39.4560,40.2660,29380100,1.059353
2011-09-26,sh601318,39.7460,40.1560,36.4960,36.6260,68082500,1.065639
2011-09-27,sh601318,37.2560,37.5360,36.9860,37.2560,35214400,1.064457
2011-09-28,sh601318,37.6360,37.8260,36.8060,36.9360,18738100,1.065052
2011-09-29,sh601318,36.7260,36.7260,36.2060,36.3060,27714800,1.066256
2011-09-30,sh601318,36.5160,36.5360,35.6460,35.8260,30817800,1.067203
2011-10-10,sh601318,36.0660,36.4360,36.0260,36.1560,19259400,1.066549
2011-10-11,sh601318,37.3560,37.5460,36.4360,36.5960,32397300,1.065696
2011-10-12,sh601318,36.5560,38.5560,36.4460,38.5060,36633600,1.062234
2011-10-13,sh601318,38.2860,39.0960,38.2060,38.5660,31315900,1.062132
2011-10-14,sh601318,38.5360,38.7760,38.1660,38.6860,17248900,1.061927
2011-10-17,sh601318,38.9160,39.8360,38.8060,39.4260,23859100,1.060694
2011-10-18,sh601318,38.9660,39.1360,37.6060,37.7760,19986800,1.063514
2011-10-19,sh601318,37.9760,38.6460,37.6160,37.8460,20157100,1.063389
2011-10-20,sh601318,37.4160,37.5060,36.6160,36.9460,18447300,1.065033
2011-10-21,sh601318,37.2560,37.7060,37.0660,37.2560,16665400,1.064457
2011-10-24,sh601318,37.8560,39.2360,37.4960,39.0960,30905400,1.061238
2011-10-25,sh601318,38.9560,39.7560,38.4660,39.3360,28721700,1.060841
2011-10-26,sh601318,39.2760,40.2360,39.2360,39.7860,30587800,1.060112
2011-10-27,sh601318,39.3560,40.3160,39.3160,40.2460,38117500,1.059384
2011-10-28,sh601318,40.9560,42.0060,40.7360,40.9760,57929100,1.058264
2011-10-31,sh601318,41.0560,41.4360,40.6960,40.9360,23974700,1.058325
2011-11-01,sh601318,40.4860,42.4360,40.3460,41.4760,38949400,1.057522
2011-11-02,sh601318,40.8560,42.4160,40.6560,42.3360,33643300,1.056287
2011-11-03,sh601318,42.4160,43.5560,42.4160,42.6360,42091100,1.055869
2011-11-04,sh601318,43.1760,43.4560,42.6260,42.6460,30020400,1.055855
2011-11-07,sh601318,42.3960,42.6560,41.9560,42.0360,18567000,1.056712
2011-11-08,sh601318,42.2460,42.6560,41.9560,42.1660,13042100,1.056527
2011-11-09,sh601318,42.4560,43.0460,42.0460,42.7960,21626800,1.055649
2011-11-10,sh601318,42.1560,42.1760,41.0660,41.0960,28520500,1.058084
2011-11-11,sh601318,41.2260,41.5160,40.7560,41.0660,12352500,1.058129
2011-11-14,sh601318,41.6160,42.3260,41.6160,42.2060,18275500,1.056471
2011-11-15,sh601318,42.1260,42.1760,41.5660,41.7960,11620900,1.057056
2011-11-16,sh601318,41.6360,41.8460,39.7360,39.9860,31976300,1.059793
2011-11-17,sh601318,40.0560,40.1860,39.2560,39.4960,23285800,1.060580
2011-11-18,sh601318,39.1260,39.4360,38.3560,38.6360,24610800,1.062012
2011-11-21,sh601318,38.6960,38.9160,38.2060,38.8760,16498900,1.061606
2011-11-22,sh601318,38.5560,39.0560,38.3960,38.5960,19462900,1.062080
2011-11-23,sh601318,38.6460,38.7360,37.6560,37.8560,17378100,1.063371
2011-11-24,sh601318,37.5560,38.8060,37.4660,38.3960,18387200,1.062424
2011-11-25,sh601318,38.2260,38.4360,37.8360,37.9960,9397100,1.063123
2011-11-28,sh601318,38.2460,38.7060,38.1260,38.2960,12611900,1.062597
2011-11-29,sh601318,38.7760,38.9760,38.3660,38.9260,18001800,1.061522
2011-11-30,sh601318,38.7160,38.8060,37.4060,37.5160,17593500,1.063982
2011-12-01,sh601318,39.3560,40.5060,39.0260,39.4360,53149900,1.060678
2011-12-02,sh601318,39.1560,39.4360,38.8560,39.3260,20249300,1.060000
2011-12-05,sh601318,39.7360,40.1360,39.1260,39.3360,21116300,1.060841
2011-12-06,sh601318,39.3560,39.6460,38.7660,39.0760,14565200,1.061271
2011-12-07,sh601318,39.2560,40.2060,39.1360,40.1760,22204500,1.059494
2011-12-08,sh601318,39.8660,40.6360,39.4760,40.2460,20514200,1.059384
2011-12-09,sh601318,39.8560,40.4460,39.7560,40.2260,13306000,1.059415
2011-12-12,sh601318,40.2460,40.3560,39.6160,39.7660,12328400,1.060144
2011-12-13,sh601318,39.2460,39.4560,37.9260,38.2760,13715500,1.053855
2011-12-14,sh601318,38.2560,38.4560,37.9560,38.2660,11821400,1.062649
2011-12-15,sh601318,37.9660,38.3360,37.2560,37.4760,12758200,1.058644
2011-12-16,sh601318,37.4560,38.6360,37.4360,38.2060,16144100,1.062754
2011-12-19,sh601318,37.8560,38.4760,37.1460,38.3860,18221000,1.062441
2011-12-20,sh601318,38.1060,38.9560,38.0360,38.5760,13182700,1.062115
2011-12-21,sh601318,38.2560,39.0060,36.6060,36.6860,33339700,1.065524
2011-12-22,sh601318,36.6460,36.9560,35.9560,36.2460,26017500,1.066372
2011-12-23,sh601318,36.2460,36.7060,35.7160,36.2460,21790200,1.066372
2011-12-26,sh601318,35.9860,36.5160,35.7260,35.8260,16220100,1.067203
2011-12-27,sh601318,35.8060,36.8060,35.7260,36.0360,12919200,1.066785
2011-12-28,sh601318,35.8560,36.4560,35.7060,36.3760,13599000,1.066120
2011-12-29,sh601318,36.2760,36.5560,35.9560,36.2060,10586400,1.066451
2011-12-30,sh601318,36.3560,36.9160,36.2960,36.6960,14645400,1.065505
2012-01-04,sh601318,37.1460,37.2560,36.0660,36.1560,14572200,1.066549
2012-01-05,sh601318,35.8060,36.8560,35.7760,36.1860,18167100,1.066490
2012-01-06,sh601318,36.1160,36.4560,35.8660,36.1060,17081600,1.066647
2012-01-09,sh601318,36.1560,37.0060,35.6060,36.9860,33151900,1.064958
2012-01-10,sh601318,37.0560,38.6460,37.0060,38.5460,38512000,1.062166
2012-01-11,sh601318,38.4560,38.7060,37.9060,38.0860,26509200,1.062964
2012-01-12,sh601318,38.0460,39.2560,37.9060,38.6260,22828200,1.062029
2012-01-13,sh601318,38.6360,38.9760,37.8560,38.2860,18864500,1.062614
2012-01-16,sh601318,38.1560,38.6560,37.8360,37.8460,13912900,1.063389
2012-01-17,sh601318,38.0360,40.1760,37.7060,40.0760,31229300,1.059651
2012-01-18,sh601318,39.9560,40.7560,39.5360,39.7060,22522800,1.060240
2012-01-19,sh601318,39.7660,40.9060,39.7660,40.7660,35622500,1.058582
2012-01-20,sh601318,41.0260,41.7260,40.8160,41.3560,39808600,1.057698
2012-01-30,sh601318,41.3660,41.5560,40.7060,40.8560,22008400,1.058446
2012-01-31,sh601318,40.8560,41.3560,40.0560,40.5960,24194300,1.058842
2012-02-01,sh601318,40.4860,40.8960,39.3760,39.6660,27020900,1.060305
2012-02-02,sh601318,39.9060,41.9560,39.8960,41.8960,44039300,1.056912
2012-02-03,sh601318,41.8560,42.8960,41.6060,42.4060,44132200,1.056189
2012-02-06,sh601318,42.4860,42.6060,41.4960,41.8760,22420900,1.056941
2012-02-07,sh601318,41.5760,41.7960,40.7560,41.1660,26302300,1.057980
2012-02-09,sh601318,42.3460,42.8060,41.9560,42.1360,40975300,1.056570
2012-02-10,sh601318,42.0560,42.9760,41.9760,42.3460,26111400,1.056273
2012-02-13,sh601318,41.7960,43.1060,41.7060,42.5360,20511700,1.056008
2012-02-14,sh601318,42.5060,42.5060,41.4460,41.8360,23522900,1.056998
2012-02-15,sh601318,41.7060,42.8560,41.7060,42.4960,24226100,1.056064
2012-02-16,sh601318,42.4360,42.4560,41.6660,41.9360,17299400,1.056855
2012-02-17,sh601318,42.4460,42.5760,41.7060,42.0060,17386400,1.056755
2012-02-20,sh601318,42.5560,43.1460,42.2860,42.3460,31441400,1.056273
2012-02-21,sh601318,42.3960,42.9960,41.9560,42.9460,22839300,1.055444
2012-02-22,sh601318,42.8260,43.5860,42.4560,43.3460,24066000,1.054904
2012-02-23,sh601318,43.2460,43.7460,43.0660,43.2660,18668200,1.055011
2012-02-24,sh601318,43.2660,43.9560,42.9960,43.9360,25736600,1.054127
2012-02-27,sh601318,44.0860,44.4560,43.6860,43.7660,28320700,1.054348
2012-02-28,sh601318,43.8360,44.2460,43.5760,43.9660,20016200,1.054088
2012-02-29,sh601318,43.8260,43.8560,42.8860,43.0760,25646200,1.055267
2012-03-01,sh601318,42.9560,43.3560,42.7360,42.8060,17749900,1.055635
2012-03-02,sh601318,42.9260,43.5460,42.9260,43.5060,21238500,1.054691
2012-03-05,sh601318,43.5560,43.7060,42.3160,42.3560,35513900,1.056259
2012-03-06,sh601318,42.3260,42.3560,41.4860,41.6960,40162600,1.057201
2012-03-07,sh601318,41.3560,41.9460,41.2860,41.3960,21650000,1.057639
2012-03-08,sh601318,41.5860,42.6160,41.5860,42.1660,26888700,1.056527
2012-03-09,sh601318,42.4860,42.5360,41.9160,42.3260,13775800,1.056301
2012-03-12,sh601318,42.3160,42.3160,41.3560,42.0360,24101600,1.056712
2012-03-13,sh601318,41.9860,42.9160,41.9860,42.9060,22512900,1.055498
2012-03-14,sh601318,43.2560,43.3960,41.8560,42.0060,32263800,1.056755
2012-03-15,sh601318,41.9060,42.4460,41.7660,41.7960,19604400,1.057056
2012-03-16,sh601318,41.8960,42.1460,41.0560,41.7960,22582000,1.057056
2012-03-19,sh601318,41.6160,41.6160,40.9560,41.2660,25274400,1.057831
2012-03-20,sh601318,41.1560,41.6060,40.9560,41.0160,19862500,1.058204
2012-03-21,sh601318,41.3560,41.5060,40.7060,41.1860,17609000,1.057950
2012-03-22,sh601318,41.2660,41.4660,40.7660,41.2060,13686500,1.057920
2012-03-23,sh601318,41.0360,41.0360,40.4460,40.6760,15964800,1.058719
2012-03-26,sh601318,40.5760,40.7660,40.2160,40.5160,10879200,1.058965
2012-03-27,sh601318,40.8560,40.9460,40.2660,40.5760,19096700,1.058873
2012-03-28,sh601318,40.4260,40.4860,39.5160,39.6360,22797000,1.060353
2012-03-29,sh601318,39.3660,39.5560,38.3560,38.4960,24979100,1.062252
2012-03-30,sh601318,38.7360,38.8960,38.3860,38.8360,19483200,1.061673
2012-04-05,sh601318,38.8360,40.2560,38.3960,40.0160,28878200,1.059746
2012-04-06,sh601318,40.0060,40.5960,39.8360,40.3360,19232900,1.059244
2012-04-09,sh601318,40.0360,40.3560,39.7060,39.9060,8465800,1.059920
2012-04-10,sh601318,39.7760,40.3760,39.2060,40.3260,12756700,1.059259
2012-04-11,sh601318,39.8260,40.5060,39.7560,40.1560,14888600,1.059525
2012-04-12,sh601318,40.1960,41.4360,39.9760,41.3260,25236200,1.057743
2012-04-13,sh601318,41.4760,42.3060,41.4560,42.0060,34289400,1.056755
2012-04-16,sh601318,41.7660,42.0560,41.4560,41.7360,10234100,1.057143
2012-04-17,sh601318,41.7060,41.8960,41.1060,41.1360,11996300,1.058025
2012-04-18,sh601318,41.3760,42.3260,41.2360,42.2460,21891000,1.056414
2012-04-19,sh601318,42.1760,43.7560,42.0660,43.2660,56905500,1.055011
2012-04-20,sh601318,43.1560,43.7560,43.0760,43.6260,35207500,1.054532
2012-04-23,sh601318,43.6060,44.0860,42.7360,42.8860,27937800,1.055525
2012-04-24,sh601318,42.6660,44.0560,42.4560,43.0460,42020000,1.055308
2012-04-25,sh601318,42.9560,43.5460,42.6960,43.0560,22478900,1.055294
2012-04-26,sh601318,43.2460,43.8560,43.2260,43.4460,22400400,1.054771
2012-04-27,sh601318,43.4560,43.7560,42.7560,42.9660,23419500,1.055416
2012-05-02,sh601318,43.9960,44.7160,43.6960,44.4260,36365300,1.053498
2012-05-03,sh601318,44.4460,45.4760,44.3560,45.3360,31863300,1.052368
2012-05-04,sh601318,45.2560,45.6060,44.8660,45.3360,26819700,1.052368
2012-05-07,sh601318,44.8560,45.1060,43.9560,44.2460,33230700,1.053727
2012-05-08,sh601318,44.4360,44.5460,43.6460,43.8460,29373200,1.054244
2012-05-09,sh601318,43.5060,43.9160,43.3760,43.7060,25938000,1.054427
2012-05-10,sh601318,43.6560,43.9260,43.5560,43.6260,18233400,1.054532
2012-05-11,sh601318,43.6060,44.0960,43.1560,43.4360,17724000,1.054784
2012-05-14,sh601318,43.7660,44.1260,42.4760,43.0460,23924800,1.055308
2012-05-15,sh601318,43.2560,44.4560,43.2560,44.4460,47031300,1.053472
2012-05-16,sh601318,44.2560,44.3260,43.3860,43.4660,22180600,1.054744
2012-05-17,sh601318,43.6160,44.7560,43.5160,44.6560,29544600,1.053208
2012-05-18,sh601318,44.2260,44.2260,43.2560,43.6660,26236600,1.054480
2012-05-21,sh601318,43.4660,44.3160,43.4660,43.8760,15580600,1.054205
2012-05-22,sh601318,44.0360,44.8560,43.9560,44.8260,30048300,1.052995
2012-05-23,sh601318,44.6560,44.7560,44.0560,44.4660,23472600,1.053447
2012-05-24,sh601318,44.2660,44.9260,44.1160,44.2960,12527400,1.053663
2012-05-25,sh601318,44.2760,44.5460,42.6560,42.9060,22603900,1.055498
2012-05-28,sh601318,42.8260,43.4560,42.4360,43.3260,21509300,1.054931
2012-05-29,sh601318,43.3460,44.8560,43.0560,44.4760,26023800,1.053434
2012-05-30,sh601318,44.4760,44.8260,44.2760,44.5060,18402300,1.053396
2012-05-31,sh601318,44.3460,44.3860,43.9360,44.1460,17014700,1.053855
2012-06-01,sh601318,44.1560,44.7460,44.1360,44.4260,14294800,1.053498
2012-06-04,sh601318,43.9560,44.1860,42.9560,43.0660,36666700,1.055281
2012-06-05,sh601318,43.2060,43.5060,42.7960,42.9260,21314600,1.055471
2012-06-06,sh601318,43.1460,43.6160,43.0860,43.2560,15565700,1.055024
2012-06-07,sh601318,43.7560,44.4160,43.1560,43.3360,15063500,1.054917
2012-06-08,sh601318,44.0560,44.1060,43.2060,43.3560,26656200,1.054891
2012-06-11,sh601318,43.6760,44.6060,43.5060,44.5860,19408300,1.053296
2012-06-12,sh601318,44.3260,44.9060,44.3060,44.7560,19819500,1.053082
2012-06-13,sh601318,44.7760,47.7160,44.7760,47.5360,54293600,1.049823
2012-06-14,sh601318,47.5660,47.9760,47.1960,47.3860,34891000,1.049989
2012-06-15,sh601318,47.5060,48.8860,47.5060,48.3160,39323900,1.048980
2012-06-18,sh601318,48.7360,48.9560,47.8760,48.3760,20114800,1.048916
2012-06-19,sh601318,48.2560,48.8560,48.1060,48.2160,20279100,1.049086
2012-06-20,sh601318,48.2560,48.7960,48.2060,48.2960,13891900,1.049001
2012-06-21,sh601318,48.0160,48.0160,46.5160,47.0260,27521300,1.050391
2012-06-25,sh601318,46.7060,46.8460,45.7260,45.7960,18909700,1.051814
2012-06-26,sh601318,45.7460,46.7060,45.5360,46.2260,21178900,1.051308
2012-06-28,sh601318,46.2560,47.3560,46.2560,46.9060,25344400,1.050526
2012-06-29,sh601318,46.7760,48.6860,46.7560,47.9960,33290700,1.049322
2012-07-02,sh601318,48.3560,48.4160,47.5760,48.3560,18592900,1.048937
2012-07-03,sh601318,48.3560,49.0560,47.7160,47.8760,24308700,1.049452
2012-07-04,sh601318,47.9660,48.1860,47.1560,47.4060,11049100,1.049967
2012-07-05,sh601318,47.1060,48.0560,46.8860,47.6060,14864400,1.049746
2012-07-06,sh601318,48.0060,48.7560,47.4060,48.4960,33038100,1.048789
2012-07-09,sh601318,48.2460,49.1060,47.6660,47.8560,20836700,1.049474
2012-07-10,sh601318,47.8560,48.6060,47.3460,47.7760,16102400,1.049561
2012-07-11,sh601318,47.4560,48.0560,47.2360,47.9660,14338700,1.049355
2012-07-12,sh601318,47.8560,47.8560,46.5960,47.2660,35104100,1.050122
2012-07-13,sh601318,46.7960,47.8560,46.7960,47.2560,14877300,1.050133
2012-07-16,sh601318,47.4960,47.4960,45.9560,46.0760,20856200,1.057517
2012-07-17,sh601318,46.0060,46.9060,45.7860,46.7960,20801300,1.056582
2012-07-18,sh601318,46.9260,47.3560,45.8060,46.8060,16654200,1.056569
2012-07-19,sh601318,46.6560,49.0060,46.5160,48.4460,35300900,1.054549
2012-07-20,sh601318,48.3060,48.5360,47.9160,48.4760,18708400,1.054514
2012-07-23,sh601318,47.8660,47.8660,47.0060,47.2960,17286700,1.055950
2012-07-24,sh601318,46.9460,47.9060,46.9460,47.4360,15740900,1.055776
2012-07-25,sh601318,47.0160,47.8860,47.0060,47.2060,11238900,1.056063
2012-07-26,sh601318,47.3060,48.1860,47.0060,47.2060,16492300,1.056063
2012-07-27,sh601318,47.5560,47.6860,46.0060,46.9960,24719200,1.056327
2012-07-30,sh601318,46.9160,47.3860,46.0160,46.1160,15935800,1.057464
2012-07-31,sh601318,46.1160,47.6260,46.0060,46.7460,20982900,1.056646
2012-08-01,sh601318,46.9160,47.8860,46.8160,47.7160,15461700,1.055430
2012-08-02,sh601318,47.6060,47.8860,46.9060,47.3460,14692600,1.055888
2012-08-03,sh601318,47.3460,47.4460,45.9060,46.5560,22989000,1.056890
2012-08-06,sh601318,46.5160,47.1760,46.4360,47.1060,14631000,1.056188
2012-08-07,sh601318,47.0060,47.0860,46.2060,46.4260,18069200,1.057058
2012-08-08,sh601318,46.4660,46.9360,46.2660,46.8760,12718600,1.056480
2012-08-09,sh601318,46.5560,47.1960,46.3560,47.1660,14239000,1.056113
2012-08-10,sh601318,47.0060,47.7760,47.0060,47.3460,13709900,1.055888
2012-08-13,sh601318,47.2960,47.3060,44.1560,44.4260,41444700,1.059781
2012-08-14,sh601318,44.4260,44.6060,43.4260,44.1060,24576200,1.060240
2012-08-15,sh601318,44.1060,44.4560,43.9060,44.0360,11192100,1.060342
2012-08-16,sh601318,44.0060,44.3060,43.7560,44.0260,8490500,1.060356
2012-08-17,sh601318,43.9560,44.2060,43.5060,44.1260,14250200,1.060211
2012-08-20,sh601318,43.6060,43.9060,42.9060,43.6460,12715900,1.060914
2012-08-21,sh601318,43.7060,44.3160,43.3260,43.5660,14839700,1.061033
2012-08-22,sh601318,43.5860,43.9060,42.9460,43.3960,14641300,1.061286
2012-08-23,sh601318,43.4060,43.7260,43.1160,43.5360,14452300,1.061077
2012-08-24,sh601318,43.6560,43.8460,43.2360,43.3760,11878500,1.061316
2012-08-27,sh601318,43.3460,43.4860,41.3460,41.3760,24556600,1.064471
2012-08-28,sh601318,41.3760,41.9960,41.1560,41.3860,12779800,1.064455
2012-08-29,sh601318,41.2060,41.3260,40.7760,40.9360,10750300,1.065209
2012-08-30,sh601318,40.4060,42.0560,40.4060,41.6360,22526200,1.064043
2012-08-31,sh601318,41.5160,42.3060,41.2560,41.3560,12995600,1.064505
2012-09-03,sh601318,41.0360,42.6460,41.0260,42.3560,19167600,1.062886
2012-09-04,sh601318,42.5060,42.5860,41.7660,41.9360,10036400,1.063556
2012-09-05,sh601318,41.8360,42.3860,41.6360,41.7560,12155500,1.063847
2012-09-06,sh601318,41.9860,42.6060,41.8960,42.3260,9615600,1.062933
2012-09-07,sh601318,42.9060,45.0860,42.9060,44.5560,40205100,1.059596
2012-09-10,sh601318,44.6060,44.8660,44.1060,44.4760,16195300,1.059709
2012-09-11,sh601318,44.2860,44.2860,43.4360,43.7260,13995300,1.060796
2012-09-12,sh601318,44.2060,44.6060,43.4560,43.7260,13384300,1.060796
2012-09-13,sh601318,43.7260,43.8560,43.3060,43.3360,13544400,1.061376
2012-09-14,sh601318,43.8360,44.3660,43.3060,43.5360,19983900,1.061077
2012-09-17,sh601318,43.3060,43.8360,42.5060,42.5360,15817000,1.062603
2012-09-18,sh601318,42.2560,42.8760,41.8160,42.5360,11393300,1.062603
2012-09-19,sh601318,42.5160,42.9860,42.4060,42.8860,10492900,1.062060
2012-09-20,sh601318,42.8560,42.8560,42.2760,42.3160,18721700,1.062949
2012-09-21,sh601318,42.1760,42.5260,41.8060,42.0860,10509700,1.063315
2012-09-24,sh601318,41.8260,42.9160,41.5360,42.7660,10467000,1.062245
2012-09-25,sh601318,42.7060,43.7260,42.7060,43.1360,13825100,1.061679
2012-09-26,sh601318,43.0060,43.4460,42.8860,43.0060,10248200,1.065824
2012-09-27,sh601318,43.1360,44.8860,43.1360,44.2960,25407000,1.063785
2012-09-28,sh601318,43.9060,44.7160,43.7560,44.5960,22546000,1.063329
2012-10-08,sh601318,44.7160,45.4260,44.0060,44.1060,12027600,1.064077
2012-10-09,sh601318,44.3560,45.3060,44.3560,45.0060,17567400,1.062715
2012-10-10,sh601318,44.8560,45.0560,44.6560,44.8560,8483100,1.062938
2012-10-11,sh601318,44.6560,44.6560,44.0960,44.2960,9508100,1.063785
2012-10-12,sh601318,44.6360,45.1460,44.0260,44.1660,11623800,1.063985
2012-10-15,sh601318,44.4460,44.9560,44.1160,44.3760,7305800,1.063663
2012-10-16,sh601318,44.3760,44.8960,44.1960,44.4160,9364400,1.063602
2012-10-17,sh601318,44.6560,44.6560,43.6560,44.1960,13076500,1.063938
2012-10-18,sh601318,44.1560,44.6260,43.6660,44.4460,17518500,1.063556
2012-10-19,sh601318,44.3060,44.6560,44.3060,44.6560,9161200,1.063238
2012-10-22,sh601318,44.4560,44.9260,44.3860,44.8760,10904000,1.062909
2012-10-23,sh601318,45.0260,45.1360,44.2660,44.4160,9835500,1.063602
2012-10-24,sh601318,44.2960,44.6760,44.1360,44.3360,8912500,1.063724
2012-10-25,sh601318,44.3060,44.5560,43.4260,43.4960,12843300,1.065034
2012-10-26,sh601318,43.5160,43.7060,42.1060,42.3960,14748200,1.066834
2012-10-29,sh601318,42.2360,42.3360,40.2560,40.7160,34008800,1.069785
2012-10-30,sh601318,40.8560,41.6160,40.8560,41.1360,21917100,1.069023
2012-10-31,sh601318,41.4160,41.5960,41.0560,41.4560,10140500,1.068454
2012-11-01,sh601318,41.4560,42.4560,41.2560,41.9860,39884100,1.067531
2012-11-02,sh601318,41.6860,42.0160,41.2860,41.7060,28174400,1.068015
2012-11-05,sh601318,41.6560,41.8060,40.9460,41.4160,26609300,1.068524
2012-11-06,sh601318,41.4060,41.8960,40.9760,41.7960,21302200,1.067859
2012-11-07,sh601318,41.7960,41.7960,41.3660,41.5760,13419600,1.068243
2012-11-08,sh601318,41.2560,41.6860,41.1860,41.2660,16749200,1.068790
2012-11-09,sh601318,41.2060,41.4160,41.0860,41.2660,8162300,1.068790
2012-11-12,sh601318,41.2860,41.3960,40.5360,40.8560,17485100,1.069529
2012-11-13,sh601318,40.8660,40.8660,40.1560,40.2360,12771700,1.070676
2012-11-14,sh601318,40.3060,40.7060,40.1660,40.4860,11549300,1.070209
2012-11-15,sh601318,40.3560,40.9360,40.2060,40.4260,19779800,1.070320
2012-11-16,sh601318,40.3560,40.4660,39.3860,39.7460,16040700,1.071610
2012-11-19,sh601318,39.5860,39.6960,37.2560,39.1460,39350400,1.072787
2012-11-20,sh601318,38.9360,38.9460,37.7560,37.9860,28155000,1.075177
2012-11-21,sh601318,37.9560,39.1560,37.9560,39.0960,17475600,1.072887
2012-11-22,sh601318,38.9260,39.2060,38.6660,39.1560,11062300,1.072767
2012-11-23,sh601318,39.2260,40.4960,39.1060,39.7760,17513400,1.071552
2012-11-26,sh601318,39.6960,39.8860,39.4560,39.6560,9098900,1.071784
2012-11-27,sh601318,39.5860,39.8060,38.8060,38.8860,13345200,1.073309
2012-11-28,sh601318,38.7860,38.8260,38.2560,38.4760,11952300,1.074149
2012-11-29,sh601318,38.3660,38.7560,38.2060,38.3360,11271500,1.074439
2012-11-30,sh601318,38.2260,39.5460,38.2260,39.1360,13137800,1.072807
2012-12-03,sh601318,39.0560,40.3560,38.9760,39.2860,21681900,1.072509
2012-12-04,sh601318,39.3660,40.3260,39.3660,40.0460,23192400,1.071035
2012-12-05,sh601318,40.0060,41.8160,40.0060,41.5760,37833300,1.068243
2012-12-06,sh601318,41.5260,41.9860,41.2560,41.5560,20883700,1.068278
2012-12-07,sh601318,41.4360,42.1260,41.0860,41.9660,28115100,1.067566
2012-12-10,sh601318,42.1560,43.0360,42.1560,42.6460,31565900,1.066417
2012-12-11,sh601318,42.5460,42.8360,42.3060,42.4560,21425800,1.066734
2012-12-12,sh601318,42.4660,42.7560,42.0960,42.5360,17711000,1.066600
2012-12-13,sh601318,42.4360,42.4360,41.4060,41.5160,23370600,1.068348
2012-12-14,sh601318,41.6460,44.8560,41.6460,44.6160,54804900,1.063298
2012-12-17,sh601318,44.6160,45.6560,44.5360,45.1660,37027200,1.062479
2012-12-18,sh601318,45.0560,45.8760,44.5660,44.8360,29215500,1.062968
2012-12-19,sh601318,44.7060,45.1560,44.1560,44.4260,22721500,1.063586
2012-12-20,sh601318,44.3060,45.1560,44.1560,44.9160,17918200,1.062849
2012-12-21,sh601318,45.0760,46.0060,44.7560,45.0460,21640200,1.062656
2012-12-24,sh601318,43.9660,44.9360,43.7660,44.7760,30131300,1.063058
2012-12-25,sh601318,44.4360,46.2760,44.3660,45.6560,45171400,1.061767
2012-12-26,sh601318,45.6660,46.5460,45.5660,46.1160,25546200,1.061114
2012-12-27,sh601318,46.3960,46.6560,45.7060,45.8860,18872500,1.061439
2012-12-28,sh601318,46.1460,46.7060,45.5660,46.4660,23385600,1.060625
2012-12-31,sh601318,46.6560,48.5060,46.6560,47.9460,32981400,1.058644
2013-01-04,sh601318,49.3660,52.4660,49.0560,49.7660,58713400,1.056379
2013-01-07,sh601318,49.7660,50.2360,49.2360,49.8760,28328400,1.056247
2013-01-08,sh601318,49.7960,49.9660,47.7660,48.1160,47143800,1.058425
2013-01-09,sh601318,47.7060,48.0060,47.0960,47.7260,40820800,1.058931
2013-01-10,sh601318,47.8160,48.5360,47.4660,47.6460,27237200,1.059035
2013-01-11,sh601318,47.7360,47.9960,46.8760,47.0860,22861600,1.059779
2013-01-14,sh601318,47.1060,49.6660,46.9460,49.5260,38876200,1.056667
2013-01-15,sh601318,49.5460,50.6060,49.3760,49.6360,42006800,1.056535
2013-01-16,sh601318,49.5060,49.5060,47.6560,48.6060,28925800,1.057802
2013-01-17,sh601318,48.4360,48.5760,47.4560,47.7360,24705400,1.058917
2013-01-18,sh601318,48.0160,49.5360,47.5960,49.1060,25987500,1.057180
2013-01-21,sh601318,48.9560,49.1060,47.9560,48.4260,23426200,1.058029
2013-01-22,sh601318,48.4360,50.0360,48.1860,48.8760,40469300,1.057464
2013-01-23,sh601318,48.8560,49.5860,48.5660,49.0960,23513500,1.057192
2013-01-24,sh601318,49.2660,50.6360,48.9260,49.1960,45815300,1.057069
2013-01-25,sh601318,49.2160,49.5560,47.6660,48.2460,26519000,1.058258
2013-01-28,sh601318,48.0560,49.8060,47.9560,49.3160,47375900,1.056922
2013-01-29,sh601318,49.7560,50.3160,48.4660,49.3760,40676200,1.056849
2013-01-30,sh601318,49.9760,51.2460,49.6160,50.2360,55516900,1.055822
2013-01-31,sh601318,50.4360,51.1560,49.8960,50.8760,54176000,1.055081
2013-02-01,sh601318,50.6660,53.7360,50.2560,53.4260,110589900,1.052314
2013-02-04,sh601318,54.9460,55.9260,53.6560,54.1460,94964400,1.051583
2013-02-05,sh601318,53.3560,54.1560,52.4960,53.3060,42794500,1.052438
2013-02-06,sh601318,53.5660,55.9060,53.5560,55.4360,48598800,1.050322
2013-02-07,sh601318,55.0660,55.7360,53.9360,55.1360,47137400,1.050610
2013-02-08,sh601318,55.0360,55.4260,53.5960,54.5460,30815600,1.051185
2013-02-18,sh601318,54.7060,54.9060,52.0160,52.1960,42748700,1.053613
2013-02-19,sh601318,52.2060,52.3960,50.6460,51.4360,45534900,1.054449
2013-02-20,sh601318,51.3560,51.6260,50.6860,51.4360,26191600,1.054449
2013-02-21,sh601318,50.6860,50.7560,48.5360,49.3960,53822700,1.056825
2013-02-22,sh601318,49.1560,49.3560,48.4560,48.6160,20476500,1.057789
2013-02-25,sh601318,48.9360,49.6860,47.9560,48.4660,22512600,1.057979
2013-02-26,sh601318,47.9860,48.9860,47.5060,47.6260,42680000,1.059062
2013-02-27,sh601318,47.9060,48.6560,47.6560,47.8560,31344600,1.058761
2013-02-28,sh601318,48.4060,49.7460,47.8560,49.7260,52286000,1.056427
2013-03-01,sh601318,49.7260,49.8060,47.7560,48.6060,47742700,1.057802
2013-03-04,sh601318,47.6560,47.8560,44.7560,45.3360,80587200,1.062231
2013-03-05,sh601318,45.6060,46.7560,45.0260,46.6060,48319000,1.060432
2013-03-06,sh601318,46.9560,47.3160,46.5660,47.1760,46295700,1.059659
2013-03-07,sh601318,46.6560,46.8460,45.6060,46.2660,32442200,1.060903
2013-03-08,sh601318,46.4860,47.1160,46.0460,46.5760,29024300,1.060474
2013-03-11,sh601318,46.3760,46.8060,45.7360,45.8560,35494900,1.061481
2013-03-12,sh601318,45.7660,46.5260,45.4560,45.9060,45213100,1.061410
2013-03-13,sh601318,45.8560,46.0060,45.0960,45.2860,29128200,1.062304
2013-03-14,sh601318,45.4260,45.6760,44.9860,45.4360,22549000,1.062085
2013-03-15,sh601318,44.6660,46.4560,44.2160,44.5760,42304700,1.063359
2013-03-18,sh601318,44.1560,44.5760,43.2360,43.2860,36168700,1.065370
2013-03-19,sh601318,43.3260,44.2860,43.3260,44.2460,22498800,1.063862
2013-03-20,sh601318,44.2060,45.9160,44.1960,45.7460,37051900,1.061638
2013-03-21,sh601318,45.7460,46.3260,45.5760,45.8160,23363900,1.061538
2013-03-22,sh601318,45.8560,46.3360,45.5860,45.7660,21663500,1.061610
2013-03-25,sh601318,46.1860,46.4460,45.1660,45.4960,19585000,1.061998
2013-03-26,sh601318,45.3060,45.5960,44.6460,44.6560,37432000,1.063238
2013-03-27,sh601318,44.8560,45.4060,44.7160,44.7860,26231400,1.063043
2013-03-28,sh601318,43.7560,43.8060,42.6560,43.7060,37070000,1.064702
2013-03-29,sh601318,43.7360,44.7460,43.2060,44.4260,18215400,1.063586
2013-04-01,sh601318,43.9260,44.1960,43.5360,43.6460,25089400,1.064796
2013-04-02,sh601318,43.4260,44.1060,42.9160,43.1860,26957700,1.065532
2013-04-03,sh601318,43.2560,44.0160,43.1560,43.4160,20246700,1.065162
2013-04-08,sh601318,42.6560,42.9060,41.9360,42.6560,46340900,1.066400
2013-04-09,sh601318,42.8060,43.9960,42.7960,43.7960,45543100,1.064560
2013-04-10,sh601318,43.7560,44.3260,43.4860,43.8360,37672600,1.064497
2013-04-11,sh601318,44.0060,44.6360,43.7060,43.8860,16864600,1.064419
2013-04-12,sh601318,43.8560,44.1960,43.6560,43.8060,11529100,1.064544
2013-04-15,sh601318,43.7060,44.0960,43.0460,43.1660,16532900,1.065564
2013-04-16,sh601318,42.6660,44.1960,42.5860,44.1860,25035000,1.063954
2013-04-17,sh601318,44.2060,44.6260,43.9560,44.4660,39149500,1.063525
2013-04-18,sh601318,44.1560,44.9760,44.0060,44.9160,30663600,1.062849
2013-04-19,sh601318,44.9560,45.7560,44.9560,45.5560,56854800,1.061911
2013-04-22,sh601318,45.0560,45.1960,44.5060,44.6060,31786300,1.063313
2013-04-23,sh601318,44.7660,44.8060,42.5160,42.5760,36657600,1.066533
2013-04-24,sh601318,42.7060,43.8060,42.5560,43.0360,33627600,1.065775
2013-04-25,sh601318,43.0460,43.4560,42.3860,42.7960,22794900,1.066168
2013-04-26,sh601318,42.9060,43.0660,42.4160,42.4660,18863700,1.066717
2013-05-02,sh601318,42.6560,43.2060,42.5660,42.6860,20910200,1.066350
2013-05-03,sh601318,42.9560,44.1060,42.8560,43.7460,32882500,1.064639
2013-05-06,sh601318,44.1060,44.6460,43.7560,44.1860,27369200,1.063954
2013-05-07,sh601318,44.0560,44.3860,43.8060,43.9760,19021800,1.064279
2013-05-08,sh601318,44.2860,44.8560,44.1360,44.3360,24775200,1.063724
2013-05-09,sh601318,44.4460,44.4860,43.5660,43.7660,20997800,1.064607
2013-05-10,sh601318,43.5160,44.0760,43.4460,43.7560,19522700,1.064623
2013-05-13,sh601318,43.5060,43.7360,42.6560,42.8460,25170400,1.066086
2013-05-14,sh601318,42.6560,42.6560,41.4060,41.6960,47111900,1.068033
2013-05-15,sh601318,41.7860,41.9260,41.0060,41.3460,32587300,1.068648
2013-05-16,sh601318,41.3160,42.6560,41.0760,42.5160,30963900,1.066633
2013-05-17,sh601318,42.5360,43.3160,42.3760,43.1060,33990600,1.065661
2013-05-20,sh601318,43.3460,44.2960,43.2260,43.8160,32404100,1.072345
2013-05-21,sh601318,43.8560,44.0860,43.1660,43.5060,24493900,1.072898
2013-05-22,sh601318,43.5060,43.9460,43.2560,43.5460,16396000,1.072826
2013-05-23,sh601318,43.4560,43.4560,42.4260,42.4360,31888000,1.074873
2013-05-24,sh601318,42.7460,42.9560,42.0560,42.5460,22211800,1.074665
2013-05-27,sh601318,42.4660,42.8960,42.2760,42.4260,17261000,1.074892
2013-05-28,sh601318,42.4560,43.7560,42.3060,43.6760,34407100,1.072593
2013-05-29,sh601318,43.8160,44.0160,43.1260,43.1960,33040700,1.073459
2013-05-30,sh601318,43.0460,43.4060,42.7360,42.9360,24605200,1.073937
2013-05-31,sh601318,43.0560,43.2860,42.5260,42.5660,18514300,1.074628
2013-06-03,sh601318,42.5960,43.0560,42.4460,42.5860,21033600,1.074590
2013-06-04,sh601318,42.5960,42.6060,41.9160,42.0960,21193800,1.075524
2013-06-05,sh601318,42.1160,42.2260,41.8360,42.0460,13036900,1.075620
2013-06-06,sh601318,41.9260,42.0060,41.4860,41.5860,17561700,1.076521
2013-06-07,sh601318,41.5860,41.7760,40.7060,40.7560,23726800,1.078201
2013-06-13,sh601318,40.2460,40.2460,39.2560,39.4460,69556300,1.081008
2013-06-14,sh601318,39.8160,39.9460,39.5460,39.8160,36941800,1.080195
2013-06-17,sh601318,40.1560,40.8060,39.8360,40.5360,31914800,1.078659
2013-06-18,sh601318,40.5160,41.2060,40.4660,41.1360,39695400,1.077423
2013-06-19,sh601318,40.9860,40.9860,40.5160,40.6760,39116500,1.078367
2013-06-20,sh601318,40.5560,40.5560,39.2360,39.3360,29369400,1.081253
2013-06-21,sh601318,38.8560,40.4460,38.6060,40.0660,34347700,1.079655
2013-06-24,sh601318,39.5560,39.6060,37.4260,37.4560,47483700,1.085681
2013-06-25,sh601318,37.3360,37.7960,35.4560,37.5760,51536900,1.085384
2013-06-26,sh601318,37.5860,37.6560,36.2660,37.4760,37116800,1.085632
2013-06-27,sh601318,37.2560,37.7360,36.6060,37.3460,33313600,1.085955
2013-06-28,sh601318,36.9560,38.4460,36.7760,37.7160,26405600,1.085040
2013-07-01,sh601318,37.3560,37.5760,36.4660,37.4560,22136500,1.085681
2013-07-02,sh601318,37.3360,37.4560,36.6560,37.3760,26967300,1.085880
2013-07-03,sh601318,37.1060,37.1060,36.4560,36.9660,24214700,1.086916
2013-07-04,sh601318,36.6160,37.2860,36.3560,37.1860,30184600,1.086357
2013-07-05,sh601318,37.2360,37.5560,36.9760,37.4660,29034200,1.085656
2013-07-08,sh601318,36.9560,37.0460,36.4560,36.9260,25654400,1.087018
2013-07-09,sh601318,36.7660,36.9060,36.5560,36.6960,11750400,1.087611
2013-07-10,sh601318,36.5860,37.3160,36.0360,37.2960,38907800,1.086080
2013-07-11,sh601318,37.3560,40.2660,37.2360,39.1960,71012100,1.081567
2013-07-12,sh601318,39.1160,39.1160,37.9560,37.9660,40838100,1.084433
2013-07-15,sh601318,38.2560,39.2060,37.8360,38.1960,33752600,1.083882
2013-07-16,sh601318,38.0560,38.2460,37.5760,37.9660,22238500,1.084433
2013-07-17,sh601318,38.0060,38.2060,37.2960,37.3360,24350800,1.085980
2013-07-18,sh601318,37.0160,37.2460,36.4560,36.4860,25507700,1.088160
2013-07-19,sh601318,36.4960,36.9360,35.6260,36.3460,40416300,1.088529
2013-07-22,sh601318,35.8860,36.4560,35.6860,36.3460,30121000,1.088529
2013-07-23,sh601318,36.3560,37.2060,36.1160,36.7660,37166500,1.087430
2013-07-24,sh601318,36.4560,36.6160,35.6360,35.9260,37807800,1.089657
2013-07-25,sh601318,36.0560,36.2760,35.6060,35.6460,32049700,1.090425
2013-07-26,sh601318,35.4560,35.6660,34.9960,35.5560,37655500,1.090675
2013-07-29,sh601318,35.1760,35.3960,34.6460,35.0360,38287400,1.092145
2013-07-30,sh601318,34.9060,35.6260,34.8560,35.0860,35770700,1.092001
2013-07-31,sh601318,35.2560,35.6060,34.9360,35.0360,27732800,1.092145
2013-08-01,sh601318,35.1260,35.7460,35.0660,35.6160,31279100,1.090508
2013-08-02,sh601318,35.8360,35.9960,35.2560,35.2760,25865300,1.091460
2013-08-05,sh601318,35.3960,35.9560,35.1860,35.9460,29746100,1.089603
2013-08-06,sh601318,35.9260,36.2160,35.4560,35.9560,32981200,1.089576
2013-08-07,sh601318,35.8360,36.2860,35.6560,35.7460,30375600,1.090149
2013-08-08,sh601318,35.7060,36.3260,35.5460,35.8660,20401200,1.089821
2013-08-09,sh601318,36.1060,36.2060,35.6360,35.9760,17799900,1.089522
2013-08-12,sh601318,36.1960,37.4960,36.0560,37.4660,50822100,1.085656
2013-08-13,sh601318,37.7060,38.0760,37.4060,37.7860,38360700,1.084869
2013-08-14,sh601318,37.7060,38.5260,37.6660,37.8360,36919100,1.084748
2013-08-15,sh601318,37.6760,38.2960,37.5560,37.6060,23147900,1.085310
2013-08-16,sh601318,37.4560,39.3960,36.8560,37.3460,65188800,1.085955
2013-08-19,sh601318,37.0060,37.6360,36.6160,37.4960,35295900,1.085582
2013-08-20,sh601318,37.2660,38.0760,36.9560,37.1560,29167400,1.086433
2013-08-21,sh601318,37.2060,37.6160,36.8260,37.2060,17938600,1.086307
2013-08-22,sh601318,37.0960,37.6960,37.0560,37.0660,19826900,1.086661
2013-08-23,sh601318,37.4160,37.4560,36.3560,36.7360,25212200,1.087507
2013-08-26,sh601318,36.9160,37.5660,36.5660,37.4160,25913800,1.085781
2013-08-27,sh601318,37.4060,37.4160,37.0260,37.2660,19473200,1.086156
2013-08-28,sh601318,36.9360,37.0260,36.4760,36.6460,28238700,1.087741
2013-08-29,sh601318,36.8760,37.0460,36.5060,36.7260,17236300,1.087533
2013-08-30,sh601318,37.0560,38.4860,37.0060,37.8160,58628300,1.084796
2013-09-02,sh601318,37.9560,38.6160,37.9560,38.1160,47681400,1.084073
2013-09-03,sh601318,38.3360,39.1660,38.2960,39.0360,49621800,1.081929
2013-09-04,sh601318,39.0360,39.0560,38.5660,38.6860,27804100,1.082732
2013-09-05,sh601318,38.7560,39.0160,38.5560,38.7060,22316800,1.082685
2013-09-06,sh601318,38.5560,38.9760,38.4260,38.7260,26352700,1.082639
2013-09-09,sh601318,38.7660,40.9460,38.7660,40.5660,93337500,1.078596
2013-09-10,sh601318,40.9560,41.3860,40.6360,41.3160,48363400,1.082704
2013-09-11,sh601318,41.8060,42.9560,41.2360,41.2560,68142500,1.082835
2013-09-12,sh601318,41.1560,42.6560,40.6760,41.7960,73927500,1.081677
2013-09-13,sh601318,41.5160,41.9360,40.6860,40.7560,49504200,1.083936
2013-09-16,sh601318,41.2060,41.4160,40.4560,41.0960,38072100,1.083184
2013-09-17,sh601318,41.0560,42.2660,40.7560,40.9360,56553100,1.083536
2013-09-18,sh601318,40.8560,41.3260,40.7460,40.8460,27910500,1.083736
2013-09-23,sh601318,41.0960,41.6660,41.0360,41.3460,29077900,1.082639
2013-09-24,sh601318,41.1560,41.2560,39.6560,40.0660,44321400,1.085505
2013-09-25,sh601318,39.9660,40.3460,39.6460,39.8660,22242300,1.085971
2013-09-26,sh601318,39.6560,39.6560,38.6460,38.7560,35854400,1.088652
2013-09-27,sh601318,38.7660,39.1360,38.7360,38.9660,20885000,1.088132
2013-09-30,sh601318,39.0960,39.3060,38.7060,38.8560,19554500,1.088403
2013-10-08,sh601318,38.5660,39.2560,38.4260,39.0660,28517600,1.087886
2013-10-09,sh601318,38.9060,39.4660,38.6560,39.3360,28220300,1.087231
2013-10-10,sh601318,39.4560,39.4760,38.5160,38.7160,27721200,1.088751
2013-10-11,sh601318,39.0060,39.5660,38.8460,39.5560,38754400,1.086703
2013-10-14,sh601318,39.6060,40.5860,39.2460,40.0660,48790300,1.085505
2013-10-15,sh601318,40.1560,40.2560,39.7660,40.0060,25621100,1.085645
2013-10-16,sh601318,39.9760,39.9760,38.7560,39.0160,29400100,1.088009
2013-10-17,sh601318,39.2960,39.3760,38.7160,38.7360,16201300,1.088702
2013-10-18,sh601318,38.7860,39.2460,38.6860,38.8660,20325300,1.088379
2013-10-21,sh601318,38.8560,39.3760,38.4560,39.2760,28549400,1.087375
2013-10-22,sh601318,39.1560,39.2160,38.6360,38.7960,25813700,1.088552
2013-10-23,sh601318,38.8960,39.4460,38.6460,38.7660,30836200,1.088627
2013-10-24,sh601318,38.7160,38.7160,38.1060,38.1460,26711400,1.090197
2013-10-25,sh601318,38.3060,38.5960,37.9460,38.4160,30346200,1.089507
2013-10-28,sh601318,39.0460,39.1460,38.5060,38.7560,22399200,1.088652
2013-10-29,sh601318,38.9060,40.2960,38.7660,39.9160,61957000,1.085854
2013-10-30,sh601318,39.9460,40.6260,39.7560,40.5460,42079000,1.084408
2013-10-31,sh601318,40.4360,40.4860,39.9060,39.9760,31939800,1.085714
2013-11-01,sh601318,39.9760,41.1460,39.9760,40.7160,38348900,1.084026
2013-11-04,sh601318,40.8560,41.0960,40.1660,40.2860,22381300,1.084999
2013-11-05,sh601318,40.1460,40.1460,39.2160,39.8960,27848600,1.085901
2013-11-06,sh601318,39.6760,40.1460,39.6060,39.7660,17959500,1.086206
2013-11-07,sh601318,39.9460,40.1260,39.4560,39.7060,20998100,1.086347
2013-11-08,sh601318,39.3860,39.8460,39.2160,39.2360,25455300,1.087472
2013-11-11,sh601318,39.1560,39.6060,39.1060,39.4060,27608100,1.087062
2013-11-12,sh601318,39.6660,40.6360,39.6660,40.5260,46965600,1.084453
2013-11-13,sh601318,40.0560,40.2560,39.3560,39.4260,38116000,1.087014
2013-11-14,sh601318,39.5660,40.1460,39.5260,39.8960,32088800,1.085901
2013-11-15,sh601318,39.9360,41.5960,39.9360,41.3360,82168800,1.082661
2013-11-18,sh601318,42.0460,44.5560,41.6060,44.2960,149287200,1.076714
2013-11-19,sh601318,44.2560,45.0360,43.7560,43.9360,96120500,1.077391
2013-11-20,sh601318,44.3460,44.5260,43.5560,44.1560,77864400,1.076976
2013-11-21,sh601318,43.9460,43.9960,42.6560,43.1660,79850100,1.078880
2013-11-22,sh601318,43.2660,43.5660,42.7060,43.2360,73294700,1.078743
2013-11-25,sh601318,43.1560,44.9960,42.8360,43.5660,63382500,1.078099
2013-11-26,sh601318,43.7560,44.0560,43.3160,43.7060,32191400,1.077830
2013-11-27,sh601318,43.7060,45.1360,43.4760,44.5960,55493900,1.076158
2013-11-28,sh601318,44.7460,45.5360,44.6060,44.6460,50612400,1.076067
2013-11-29,sh601318,44.7560,44.9560,44.3560,44.7160,32164500,1.075938
2013-12-02,sh601318,44.5860,46.4560,44.5860,46.0460,80272200,1.073584
2013-12-03,sh601318,45.7560,46.5060,45.0660,46.1460,54610700,1.073412
2013-12-04,sh601318,45.9860,47.8160,45.8860,47.4060,62873500,1.071322
2013-12-05,sh601318,47.3660,47.6560,47.0360,47.1760,42504800,1.071695
2013-12-06,sh601318,47.2760,47.6560,45.5960,46.0660,65192100,1.073549
2013-12-09,sh601318,46.7560,47.0660,45.6560,46.0660,66335000,1.073549
2013-12-10,sh601318,46.1360,46.6560,46.0160,46.3460,36897000,1.073072
2013-12-11,sh601318,45.9760,45.9760,44.6260,44.8860,46015200,1.075629
2013-12-12,sh601318,44.6460,45.1160,44.1560,44.6760,35011800,1.076012
2013-12-13,sh601318,44.1560,45.5260,43.9160,45.4360,38910300,1.074645
2013-12-16,sh601318,45.3360,45.8360,44.9060,45.1760,38338400,1.075107
2013-12-17,sh601318,45.1760,45.3760,44.3160,45.1460,24724200,1.075161
2013-12-18,sh601318,44.9160,45.3560,44.8060,44.9660,21377000,1.075484
2013-12-19,sh601318,45.3560,45.5560,44.0060,44.0560,31293900,1.077164
2013-12-20,sh601318,43.9660,44.3760,41.7660,42.1260,54131200,1.080985
2013-12-23,sh601318,42.3060,43.0760,41.8960,42.6760,22804200,1.079858
2013-12-24,sh601318,42.8960,43.5560,42.6860,43.0260,24547200,1.079157
2013-12-25,sh601318,43.0360,43.4860,42.6560,43.2560,14544500,1.078703
2013-12-26,sh601318,43.0660,43.1660,42.5560,42.7360,17026000,1.079737
2013-12-27,sh601318,42.9560,44.3560,42.7560,43.9960,33922600,1.077277
2013-12-30,sh601318,44.3760,44.6560,43.9460,43.9660,24809400,1.077334
2013-12-31,sh601318,43.8560,45.0160,43.7560,44.8860,35053100,1.075629
2014-01-02,sh601318,44.7460,44.7560,43.8160,44.4560,22814600,1.076416
2014-01-03,sh601318,43.8560,44.0560,43.2360,43.4460,26082100,1.078332
2014-01-06,sh601318,43.3360,44.1260,42.0560,43.4460,48383900,1.078332
2014-01-07,sh601318,42.7860,43.4460,42.7860,43.2460,21964000,1.078723
2014-01-08,sh601318,43.3460,44.0360,43.0260,43.7860,27507200,1.077677
2014-01-09,sh601318,43.6560,44.0460,42.8560,43.1260,26908500,1.078959
2014-01-10,sh601318,43.1160,43.3060,42.6360,42.7260,19439300,1.079757
2014-01-13,sh601318,42.8860,43.2760,42.1360,42.6060,24769100,1.080000
2014-01-14,sh601318,42.6560,43.3760,42.2160,43.1460,21516100,1.078920
2014-01-15,sh601318,43.0860,43.1860,42.4560,42.8760,14635800,1.079456
2014-01-16,sh601318,42.9160,44.8060,42.8260,44.3760,53423800,1.076565
2014-01-17,sh601318,44.1860,44.4260,43.6560,44.0160,29841900,1.077239
2014-01-20,sh601318,43.7560,44.4560,43.6760,43.8760,20240500,1.077505
2014-01-21,sh601318,43.9560,45.0760,43.9560,44.5060,26650000,1.076324
2014-01-22,sh601318,44.4660,45.2960,44.3160,44.9660,33532100,1.075484
2014-01-23,sh601318,44.7560,44.9160,43.9560,44.1560,31827800,1.076976
2014-01-24,sh601318,43.7760,44.5460,43.6560,43.6860,30177300,1.077868
2014-01-27,sh601318,43.1360,43.1360,41.8360,42.1560,59556300,1.080923
2014-01-28,sh601318,42.2560,42.4860,41.9360,42.3160,27296300,1.080592
2014-01-29,sh601318,42.4560,42.5460,42.1860,42.4360,19039500,1.080346
2014-01-30,sh601318,42.1560,42.3160,41.7860,42.2960,27163800,1.080634
2014-02-07,sh601318,41.7660,41.7860,41.0560,41.3660,38035800,1.082596
2014-02-10,sh601318,41.4860,42.3360,41.4760,42.2260,41508700,1.080778
2014-02-11,sh601318,42.1360,43.1560,41.8660,42.7160,42499400,1.079778
2014-02-12,sh601318,42.8560,42.9960,42.1860,42.3760,24802400,1.080469
2014-02-13,sh601318,42.4060,42.6260,41.6560,42.1060,31810400,1.081027
2014-02-14,sh601318,42.0560,42.4560,42.0360,42.2260,18375900,1.080778
2014-02-17,sh601318,42.7560,42.9360,42.2360,42.6560,27639200,1.079899
2014-02-18,sh601318,42.5360,42.5460,41.7560,41.8460,32972800,1.081571
2014-02-19,sh601318,41.8260,42.5760,41.5760,42.2660,33636700,1.080695
2014-02-20,sh601318,42.3860,42.7960,41.6560,41.7360,29219500,1.081804
2014-02-21,sh601318,41.7560,42.2160,41.5260,42.1860,29967100,1.080861
2014-02-24,sh601318,41.6660,42.1560,41.2760,41.9960,44350500,1.081256
2014-02-25,sh601318,41.8560,41.9260,40.5060,40.7960,50761100,1.083847
2014-02-26,sh601318,40.5160,40.8560,40.3960,40.6560,27174900,1.084160
2014-02-27,sh601318,40.8360,41.4460,40.3860,41.1560,35110100,1.083053
2014-02-28,sh601318,41.0560,41.7060,40.9560,41.6560,33231300,1.081974
2014-03-03,sh601318,41.4260,41.5060,40.8660,41.1360,29593500,1.083096
2014-03-04,sh601318,41.0760,41.5460,40.6960,41.1260,22592500,1.083118
2014-03-05,sh601318,41.3060,41.3060,40.6760,40.8160,22937300,1.083802
2014-03-06,sh601318,40.6560,41.3060,40.2060,41.0060,25618700,1.083382
2014-03-07,sh601318,40.7260,41.2460,40.4560,40.6960,18944500,1.084070
2014-03-10,sh601318,40.2360,40.2360,39.2360,39.3360,27685400,1.087231
2014-03-11,sh601318,39.1860,39.6360,39.1360,39.3560,18049800,1.087182
2014-03-12,sh601318,39.2560,39.8260,39.2560,39.4960,18881200,1.086846
2014-03-13,sh601318,39.6760,40.2660,39.4860,39.8960,20498400,1.085901
2014-03-14,sh601318,39.7560,40.1360,39.6660,39.8360,21875800,1.086041
2014-03-17,sh601318,40.0960,40.2560,39.7760,39.9960,26004800,1.085668
2014-03-18,sh601318,40.0360,40.0360,39.4860,39.5060,14119100,1.086823
2014-03-19,sh601318,39.3760,39.5160,38.6660,39.1560,19862800,1.087667
2014-03-20,sh601318,39.1560,40.1060,38.8660,39.2460,35190800,1.087448
2014-03-21,sh601318,39.0660,40.8560,39.0560,40.6560,50812400,1.084160
2014-03-24,sh601318,40.7560,41.1060,40.5060,40.9060,41137000,1.083603
2014-03-25,sh601318,40.7160,41.0360,40.2060,40.3060,24377900,1.084953
2014-03-26,sh601318,40.4860,40.7260,40.2060,40.3360,22982300,1.084884
2014-03-27,sh601318,40.2760,40.5960,39.8160,40.3360,28592200,1.084884
2014-03-28,sh601318,40.1560,40.6560,40.1060,40.5260,20789500,1.084453
2014-03-31,sh601318,40.6460,40.9260,40.4360,40.7160,21641100,1.084026
2014-04-01,sh601318,40.7060,41.3860,40.6060,40.8560,33534000,1.083714
2014-04-02,sh601318,40.9260,41.6760,40.7660,41.6460,42833000,1.081995
2014-04-03,sh601318,41.8460,42.5860,41.6960,41.7160,41720300,1.081846
2014-04-04,sh601318,41.4660,42.1560,41.3560,42.0760,19091100,1.081089
2014-04-08,sh601318,41.9560,43.3060,41.9060,43.0460,53444700,1.079118
2014-04-09,sh601318,43.0460,43.1460,42.4260,42.6260,35712900,1.079959
2014-04-10,sh601318,42.6560,46.3460,42.2660,45.4360,133202600,1.074645
2014-04-11,sh601318,45.4560,45.4860,44.1060,44.3660,90286700,1.076583
2014-04-14,sh601318,44.3460,44.6060,43.6760,43.9660,35163600,1.077334
2014-04-15,sh601318,43.7360,43.8560,43.0560,43.2260,33616800,1.078762
2014-04-16,sh601318,43.1460,43.6360,42.9760,43.3460,19363100,1.078527
2014-04-17,sh601318,43.4960,43.6060,42.7160,42.7560,18433700,1.079697
2014-04-18,sh601318,42.5360,42.9860,42.2260,42.7260,16338700,1.079757
2014-04-21,sh601318,42.4060,42.9560,41.9760,42.0660,19617300,1.081110
2014-04-22,sh601318,42.0460,42.4560,41.8060,42.4160,18544700,1.080387
2014-04-23,sh601318,42.2560,42.6360,42.0260,42.1260,16876900,1.079047
2014-04-24,sh601318,42.1460,42.7960,42.0560,42.6760,36549700,1.079858
2014-04-25,sh601318,42.6060,42.7360,42.0860,42.1660,17276700,1.080902
2014-04-28,sh601318,41.9660,42.3260,41.1660,41.2460,20237300,1.082856
2014-04-29,sh601318,41.6660,42.5160,41.6660,42.2460,20273400,1.080737
2014-04-30,sh601318,42.5060,42.5160,42.1360,42.2960,12971700,1.080634
2014-05-05,sh601318,42.1360,42.5860,41.9360,42.3560,29412900,1.080510
2014-05-06,sh601318,42.2060,42.9460,42.1760,42.6860,18569900,1.079838
2014-05-07,sh601318,42.4360,42.7860,42.2960,42.5160,28101900,1.080183
2014-05-08,sh601318,42.4560,43.4860,42.3160,42.5060,20032000,1.080203
2014-05-09,sh601318,42.6560,42.7260,42.2860,42.4160,11124700,1.080387
2014-05-12,sh601318,42.7760,43.4460,42.6660,43.2060,28014600,1.078801
2014-05-13,sh601318,43.2360,43.5560,42.8960,43.0760,15196800,1.079058
2014-05-14,sh601318,43.1360,43.4060,42.9560,43.0260,15819900,1.079157
2014-05-15,sh601318,43.1060,43.2160,42.6660,42.7860,13550400,1.079637
2014-05-16,sh601318,42.8560,42.8760,42.1560,42.6860,13909700,1.079838
2014-05-19,sh601318,42.6560,42.6860,41.6760,41.8660,24629000,1.081529
2014-05-20,sh601318,42.1260,42.2260,41.8160,41.9360,16032300,1.081382
2014-05-21,sh601318,41.8360,42.3960,41.6360,42.3260,16850000,1.080572
2014-05-22,sh601318,42.3260,42.8860,42.2660,42.2860,18508700,1.080654
2014-05-23,sh601318,42.2860,42.5560,42.2860,42.5460,17945600,1.080122
2014-05-26,sh601318,42.7360,42.9260,42.1560,42.4160,15560500,1.080387
2014-05-27,sh601318,42.3560,42.6360,42.2560,42.4260,21858300,1.080367
2014-05-28,sh601318,42.4060,43.0560,42.2360,42.9860,25471100,1.079237
2014-05-29,sh601318,43.0660,43.5460,42.6660,43.1360,26923300,1.078939
2014-05-30,sh601318,43.2460,43.2860,42.8660,43.0360,18096100,1.079137
2014-06-03,sh601318,43.1160,43.4460,43.0460,43.0560,26767600,1.079098
2014-06-04,sh601318,43.0060,43.0060,42.2360,42.4760,24646200,1.080264
2014-06-05,sh601318,42.4060,43.0460,42.3360,42.9460,34013600,1.079316
2014-06-06,sh601318,42.9360,43.0060,42.3860,42.6160,21208400,1.079980
2014-06-09,sh601318,42.4160,43.1860,42.4060,42.8560,26749400,1.079496
2014-06-10,sh601318,42.9060,43.6360,42.9060,43.6060,43108000,1.078022
2014-06-11,sh601318,43.4060,43.5360,43.0060,43.2860,30271700,1.078644
2014-06-12,sh601318,43.2360,43.4660,43.0360,43.1260,38069300,1.078959
2014-06-13,sh601318,43.1460,44.1560,43.0560,43.9860,47046500,1.077296
2014-06-16,sh601318,43.9560,44.3060,43.8160,44.0560,38705000,1.077164
2014-06-17,sh601318,43.9960,44.0060,43.2960,43.5360,30148900,1.078158
2014-06-18,sh601318,43.6060,43.7560,43.3260,43.4060,20414000,1.078410
2014-06-19,sh601318,43.5560,43.6160,42.8760,42.9660,24324400,1.079277
2014-06-20,sh601318,43.0760,43.2860,42.8860,43.1860,15285500,1.078841
2014-06-23,sh601318,43.1560,43.5960,42.7660,42.8360,22536300,1.079536
2014-06-24,sh601318,42.8360,42.9860,42.4660,42.8960,24928100,1.079416
2014-06-25,sh601318,42.9060,42.9060,42.4060,42.5760,17659000,1.080061
2014-06-26,sh601318,42.6460,42.8760,42.5860,42.8560,13430500,1.079496
2014-06-27,sh601318,42.8960,42.8960,42.3460,42.4760,23819700,1.092771
2014-06-30,sh601318,42.5160,43.1460,42.5060,42.9460,16822200,1.091662
2014-07-01,sh601318,43.1160,43.2560,42.7160,42.8860,15530800,1.091802
2014-07-02,sh601318,42.9160,43.2260,42.8060,43.0460,17981000,1.091430
2014-07-03,sh601318,43.0960,43.3560,42.9760,43.1560,18707800,1.091176
2014-07-04,sh601318,43.1560,43.7260,43.1560,43.4860,20575000,1.090421
2014-07-07,sh601318,43.4860,43.8160,43.3260,43.6460,16422300,1.090060
2014-07-08,sh601318,43.5860,43.7060,43.4360,43.6860,12198700,1.089970
2014-07-09,sh601318,43.6160,44.0660,43.3060,43.3160,24142300,1.090808
2014-07-10,sh601318,43.4860,43.5960,42.8260,43.0060,27753800,1.091523
2014-07-11,sh601318,43.1860,43.2860,42.9060,43.0160,12646000,1.091500
2014-07-14,sh601318,43.0360,43.5960,43.0260,43.5660,15303200,1.090240
2014-07-15,sh601318,43.5660,43.8560,43.3460,43.5360,23321000,1.090308
2014-07-16,sh601318,43.5260,43.9060,43.1960,43.3260,20639700,1.090785
2014-07-17,sh601318,43.3060,43.5560,43.1960,43.5160,18779500,1.090353
2014-07-18,sh601318,43.3560,43.8060,43.1560,43.4160,23755000,1.090580
2014-07-21,sh601318,43.4460,43.7560,43.3560,43.4660,19222400,1.090467
2014-07-22,sh601318,43.2560,44.0460,43.2560,43.8260,43894900,1.089657
2014-07-23,sh601318,43.8060,45.0260,43.8060,44.6860,55736700,1.087780
2014-07-24,sh601318,44.7760,46.0760,44.7760,45.7960,68085800,1.085470
2014-07-25,sh601318,45.9060,46.3560,45.7360,46.0460,35466200,1.084967
2014-07-28,sh601318,46.3560,47.6960,46.3260,47.4360,83604100,1.082272
2014-07-29,sh601318,47.3060,47.7660,46.9560,47.5360,36931600,1.082085
2014-07-30,sh601318,47.3060,47.9160,47.1060,47.5260,56664000,1.082104
2014-07-31,sh601318,47.5760,48.3060,46.9860,48.2260,45192200,1.080816
2014-08-01,sh601318,48.1660,48.4860,47.3060,47.3260,42690700,1.082479
2014-08-04,sh601318,47.5060,48.7460,47.1760,48.7060,49773500,1.079956
2014-08-05,sh601318,48.6160,48.7060,47.7060,48.0860,36817500,1.081070
2014-08-06,sh601318,47.7860,47.7860,46.8460,47.2760,42484600,1.082574
2014-08-07,sh601318,47.3560,47.4060,46.4960,46.5960,40058300,1.083880
2014-08-08,sh601318,46.7460,46.8660,46.2160,46.4260,37242700,1.084213
2014-08-11,sh601318,46.6060,47.3660,46.5360,47.1560,45379300,1.082801
2014-08-12,sh601318,47.0360,47.0460,46.3260,46.5960,35304800,1.083880
2014-08-13,sh601318,46.6060,47.4060,46.4560,47.3560,46458100,1.082423
2014-08-14,sh601318,47.6060,47.7860,46.6560,46.7560,44197400,1.083569
2014-08-15,sh601318,46.8560,47.6560,46.6960,47.4560,40257800,1.082235
2014-08-18,sh601318,47.5060,47.7260,47.1060,47.3060,31568500,1.082517
2014-08-19,sh601318,47.4060,47.5060,46.5760,46.9760,35149800,1.083145
2014-08-20,sh601318,46.7960,46.8760,46.3460,46.5160,42636000,1.084036
2014-08-21,sh601318,46.5160,46.7460,45.7060,46.1360,37008000,1.084787
2014-08-22,sh601318,46.1160,46.5060,46.0860,46.4560,32519500,1.084154
2014-08-25,sh601318,46.3960,46.4560,45.7960,45.8560,25279500,1.085349
2014-08-26,sh601318,45.8360,46.1760,45.6660,45.9860,20610800,1.085087
2014-08-27,sh601318,46.1460,46.2360,45.9060,46.0260,17167100,1.085007
2014-08-28,sh601318,46.0660,46.2360,45.6660,45.7060,18853400,1.085653
2014-08-29,sh601318,45.9660,46.1660,45.7160,46.1060,20221600,1.084847
2014-09-01,sh601318,46.2060,46.4060,46.0560,46.2360,25952200,1.084588
2014-09-02,sh601318,46.3560,46.6260,45.9660,46.6060,39233600,1.083860
2014-09-03,sh601318,46.6560,47.2060,46.6460,47.0060,45658900,1.083088
2014-09-04,sh601318,47.1160,47.6560,46.9660,47.5860,46722700,1.081992
2014-09-05,sh601318,47.7360,48.1760,47.3560,47.7460,43423900,1.081695
2014-09-09,sh601318,47.6860,48.0560,47.1460,47.2260,32123400,1.082669
2014-09-10,sh601318,46.9560,46.9560,46.5060,46.7660,28717100,1.083550
2014-09-11,sh601318,46.6960,47.3560,46.4060,46.6260,38506300,1.083821
2014-09-12,sh601318,46.5560,46.7660,46.3860,46.7360,23142700,1.089925
2014-09-15,sh601318,46.4060,46.4660,45.9060,46.1160,46011100,1.091245
2014-09-16,sh601318,46.1960,46.2860,45.6560,45.6860,41926100,1.092183
2014-09-17,sh601318,45.9560,45.9560,45.6560,45.7660,26278700,1.092007
2014-09-18,sh601318,45.7060,46.0560,45.5760,45.8560,26350800,1.091810
2014-09-19,sh601318,45.8860,46.3160,45.8060,46.2460,32176400,1.090965
2014-09-22,sh601318,46.0560,46.0560,44.8560,44.8860,48215100,1.093980
2014-09-23,sh601318,44.9260,45.2160,44.7660,45.1360,28243900,1.093411
2014-09-24,sh601318,44.9160,46.2560,44.9160,46.2060,51878500,1.091051
2014-09-25,sh601318,46.3660,46.5460,45.7060,45.8060,32738700,1.091919
2014-09-26,sh601318,45.7160,45.8060,45.3260,45.6660,23414100,1.092227
2014-09-29,sh601318,45.8360,45.8460,45.2260,45.4560,36957900,1.092692
2014-09-30,sh601318,45.5360,45.5560,45.1560,45.1960,44418100,1.093275
2014-10-08,sh601318,45.3560,45.7360,45.1360,45.7260,38460900,1.092095
2014-10-09,sh601318,45.7460,46.1460,45.6560,45.7560,35522100,1.092029
2014-10-10,sh601318,45.5860,45.5860,45.1560,45.2360,35148900,1.093185
2014-10-13,sh601318,45.0060,45.0460,44.4960,44.7360,40180300,1.094325
2014-10-14,sh601318,44.7160,45.0060,44.5060,44.6060,28329600,1.094626
2014-10-15,sh601318,44.7360,45.2260,44.5260,45.2060,35422900,1.093253
2014-10-16,sh601318,44.8460,45.5160,44.6960,44.9860,36904500,1.093752
2014-10-17,sh601318,45.1060,45.3060,44.6660,45.0160,31940600,1.093683
2014-10-20,sh601318,45.2460,45.6060,44.9860,45.1260,34812800,1.093433
2014-10-21,sh601318,45.0860,45.3860,44.7760,44.8160,31216100,1.094141
2014-10-22,sh601318,44.9960,45.7560,44.8760,45.2760,51464000,1.093095
2014-10-23,sh601318,45.1660,45.6960,44.9360,44.9960,49541800,1.093729
2014-10-24,sh601318,44.9660,45.1860,44.8760,44.9260,29992300,1.093888
2014-10-27,sh601318,44.4160,44.4960,43.8160,43.9660,41326200,1.096136
2014-10-28,sh601318,44.0160,44.5960,44.0060,44.5660,42280400,1.094719
2014-10-29,sh601318,45.3560,46.0560,45.1760,45.9060,85159300,1.091700
2014-10-30,sh601318,45.8360,46.0160,45.4560,45.8960,46241600,1.091722
2014-10-31,sh601318,46.1060,47.3160,46.0260,46.8560,96690300,1.089674
2014-11-03,sh601318,47.0560,47.4360,46.5560,46.7360,54946900,1.089925
2014-11-04,sh601318,46.7960,46.8060,46.2760,46.3960,40530600,1.090644
2014-11-05,sh601318,46.4360,46.5660,46.0960,46.3660,30046800,1.090708
2014-11-06,sh601318,46.3960,46.5360,45.8060,45.9960,50245600,1.091505
2014-11-10,sh601318,47.0660,47.3560,46.2660,46.7860,107856400,1.089821
2014-11-11,sh601318,47.0060,48.1860,46.7060,46.9060,216478800,1.089570
2014-11-12,sh601318,46.8360,47.7360,46.6060,47.6660,79238700,1.088016
2014-11-13,sh601318,47.9760,48.7360,47.7360,48.1560,133335000,1.087043
2014-11-14,sh601318,47.9560,48.4560,47.4260,48.3860,78755800,1.086593
2014-11-17,sh601318,49.7060,49.7460,47.2160,47.2960,97067600,1.088766
2014-11-18,sh601318,47.2260,47.4060,46.2660,46.4360,61479100,1.090559
2014-11-19,sh601318,46.4560,46.7660,46.2960,46.4260,36798500,1.090580
2014-11-20,sh601318,46.3060,47.2860,46.1360,46.7660,53372500,1.089863
2014-11-21,sh601318,46.6560,48.0660,46.2560,47.8360,91004500,1.087676
2014-11-24,sh601318,48.7360,50.4560,48.4560,49.7060,227750200,1.084100
2014-11-25,sh601318,49.6460,50.0060,49.4760,49.7260,88308200,1.084064
2014-11-26,sh601318,49.8660,52.0060,49.7560,51.7360,162206100,1.080535
2014-11-27,sh601318,52.5560,53.5560,52.0560,52.6960,191617800,1.078952
2014-11-28,sh601318,52.7360,53.7860,51.9660,53.4860,169648700,1.077695
2014-12-01,sh601318,56.8560,57.7060,54.4560,54.6060,238664500,1.075980
2014-12-02,sh601318,54.3560,59.2360,54.2160,58.1460,212976400,1.071026
2014-12-03,sh601318,58.5560,61.0660,57.6060,58.8660,245428800,1.070096
2014-12-04,sh601318,58.8960,64.0960,58.4360,63.8460,243403600,1.064277
2014-12-05,sh601318,64.6760,66.8560,60.8760,62.9860,311211400,1.065212
2014-12-08,sh601318,62.9560,68.8360,61.8660,68.6860,298542600,1.059479
2014-12-09,sh601318,66.2560,70.9760,62.2060,63.1760,416654500,1.065003
2014-12-10,sh601318,63.8560,64.8560,60.3060,63.4960,270621900,1.064655
2014-12-11,sh601318,61.8560,63.2760,60.4660,60.6760,171429800,1.067863
2014-12-12,sh601318,60.9760,63.0060,60.6760,60.9260,152824600,1.067566
2014-12-15,sh601318,60.8360,62.0560,60.3660,61.8460,128657700,1.066494
2014-12-16,sh601318,62.5360,67.0460,62.0560,66.9560,261185100,1.061109
2014-12-17,sh601318,67.5060,68.6560,65.5660,67.5760,256227000,1.060515
2014-12-18,sh601318,68.8560,71.8360,67.8560,69.5960,255141300,1.058655
2014-12-19,sh601318,70.7360,70.7360,66.3560,68.8060,174748200,1.059369
2014-12-22,sh601318,69.0560,72.1560,68.4560,69.7060,217875500,1.058557
2014-12-23,sh601318,68.5460,74.0560,67.3760,69.2260,229502200,1.058987
2014-12-24,sh601318,69.3160,69.7460,63.7560,64.5660,234441500,1.063515
2014-12-25,sh601318,65.0560,67.7360,64.1560,67.2660,219051900,1.060811
2014-12-26,sh601318,67.8460,71.9660,67.4560,71.6660,264782600,1.056865
2014-12-29,sh601318,74.3760,78.0760,71.9560,74.8360,364226700,1.054325
2014-12-30,sh601318,74.0160,77.8360,73.6060,76.6360,218054300,1.052982
2014-12-31,sh601318,77.3560,78.7360,76.1460,78.5660,199544900,1.051613
2015-01-05,sh601318,81.6560,82.6560,79.1060,80.0160,243571700,1.050630
2015-01-06,sh601318,78.2360,80.6260,75.8660,77.5860,234227900,1.052299
2015-01-07,sh601318,77.1560,79.3560,76.3560,77.2660,170386800,1.052527
2015-01-08,sh601318,78.3560,78.7760,74.6560,74.9360,178880900,1.054249
2015-01-09,sh601318,75.0560,82.0360,74.5760,76.6960,311873400,1.052938
2015-01-12,sh601318,77.8360,80.0960,76.1560,79.0260,265627100,1.051297
2015-01-13,sh601318,79.1560,80.8360,77.8660,78.9760,150924300,1.051331
2015-01-14,sh601318,79.1160,79.7360,76.9360,77.7060,145910500,1.052214
2015-01-15,sh601318,77.8560,83.2960,77.5560,82.7260,257903700,1.048891
2015-01-16,sh601318,83.2560,85.2560,81.7660,82.1460,231750800,1.049253
2015-01-19,sh601318,74.3260,77.3060,74.3160,74.3160,290034900,1.054726
2015-01-20,sh601318,74.1560,75.9660,72.3560,74.4760,265116300,1.054602
2015-01-21,sh601318,75.1560,81.4160,74.9460,81.2160,292580000,1.049845
2015-01-22,sh601318,81.1460,81.5560,78.3660,79.3260,214704400,1.051093
2015-01-23,sh601318,79.8560,83.4560,79.3460,80.6560,234373200,1.050208
2015-01-26,sh601318,80.1560,80.2960,78.5560,79.4660,138860600,1.050999
2015-01-27,sh601318,79.9760,81.3060,75.6860,77.8160,218560600,1.052136
2015-01-28,sh601318,76.7460,77.4560,75.7560,76.1460,128035400,1.053341
2015-01-29,sh601318,74.8660,75.5160,73.6660,74.4060,156306700,1.054656
2015-01-30,sh601318,74.5560,75.7060,72.6660,73.1460,139388200,1.055650
2015-02-02,sh601318,70.1560,71.6060,69.8060,70.0760,152220200,1.058230
2015-02-03,sh601318,71.0360,74.3560,69.8560,72.9260,190717200,1.055827
2015-02-04,sh601318,73.1260,74.1660,71.2360,71.3560,127880600,1.057126
2015-02-05,sh601318,73.8560,73.8560,69.6560,69.7960,182953800,1.058477
2015-02-06,sh601318,69.7560,71.9260,69.3660,70.1660,148683500,1.058151
2015-02-09,sh601318,70.0560,72.9560,69.8560,71.8560,141165900,1.056706
2015-02-10,sh601318,71.3560,72.8260,71.0660,72.3460,98062200,1.056300
2015-02-11,sh601318,72.7560,74.5060,72.3260,74.0060,106204500,1.054968
2015-02-12,sh601318,73.9560,74.3560,72.4860,73.7560,83702100,1.055165
2015-02-13,sh601318,74.1960,75.1860,73.6160,73.7760,109227300,1.055149
2015-02-16,sh601318,74.0560,75.2960,73.6160,74.1660,96166400,1.054843
2015-02-17,sh601318,74.4360,75.2960,74.2360,74.4360,94984600,1.054633
2015-02-25,sh601318,74.2260,74.2560,71.5360,72.0160,104046200,1.056573
2015-02-26,sh601318,71.8560,74.0160,70.8460,73.7260,117863500,1.055188
2015-02-27,sh601318,74.0060,75.0660,73.5860,74.1360,95432600,1.054866
2015-03-02,sh601318,74.8660,75.0060,73.0060,73.7560,133869500,1.055165
2015-03-03,sh601318,73.1460,73.1560,70.8060,70.9760,140995600,1.057449
2015-03-04,sh601318,71.0160,71.5560,70.3560,70.7960,104601700,1.057604
2015-03-05,sh601318,69.8560,70.0060,68.6560,69.0160,148376600,1.059177
2015-03-06,sh601318,69.1060,69.5460,68.7560,68.8360,79405400,1.059341
2015-03-09,sh601318,68.2260,70.6260,66.9760,70.1760,144350100,1.058142
2015-03-10,sh601318,69.6560,69.9760,68.7860,69.5560,83035700,1.058691
2015-03-11,sh601318,69.8560,71.4660,69.6960,70.0760,107078500,1.058230
2015-03-12,sh601318,71.0560,73.3260,70.3660,72.6560,157758800,1.056047
2015-03-13,sh601318,73.0760,74.5560,72.2260,72.7960,128161900,1.055933
2015-03-16,sh601318,73.7160,77.3760,72.8660,77.3260,220733400,1.052484
2015-03-17,sh601318,78.8560,79.4860,77.7560,78.5560,225118700,1.051620
2015-03-18,sh601318,79.4860,81.3460,78.7460,81.2760,191144400,1.049806
2015-03-19,sh601318,80.6060,80.6060,78.7560,79.5860,157869400,1.050918
2015-03-20,sh601318,82.6560,83.8560,81.2560,82.2660,297613000,1.049177
2015-03-23,sh601318,83.0060,83.3560,81.2360,81.8060,192748100,1.049468
2015-03-24,sh601318,81.7660,81.7960,79.2060,79.5960,211245300,1.050911
2015-03-25,sh601318,79.2560,80.5560,78.2560,78.9360,166476900,1.051359
2015-03-26,sh601318,78.6560,83.7360,77.7060,81.9960,258337200,1.049347
2015-03-27,sh601318,82.0060,82.0960,80.1560,80.5760,121951468,1.050261
2015-03-30,sh601318,81.8360,84.0560,80.8560,83.8160,235028900,1.048224
2015-03-31,sh601318,86.0360,86.6560,81.7460,82.0960,243115800,1.049284
2015-04-01,sh601318,83.0060,83.9860,82.1560,83.0060,182511000,1.048718
2015-04-02,sh601318,83.7360,83.7760,80.8960,81.8760,169020900,1.049423
2015-04-03,sh601318,81.5460,82.8360,81.2560,82.5660,129000800,1.048990
2015-04-07,sh601318,83.0560,85.1360,82.3560,84.8860,214798200,1.047587
2015-04-08,sh601318,85.1360,87.8060,83.3560,86.2660,277207800,1.046790
2015-04-09,sh601318,86.5760,89.2860,84.9860,85.2960,253739600,1.047348
2015-04-10,sh601318,85.4360,90.1360,85.1660,89.9960,256251000,1.044764
2015-04-13,sh601318,91.6460,92.6360,89.9560,90.0660,229668100,1.044728
2015-04-14,sh601318,90.0660,90.0660,87.6560,88.5260,157844900,1.045542
2015-04-15,sh601318,88.3660,91.1060,87.7660,88.4160,164214700,1.045601
2015-04-16,sh601318,87.8560,94.7660,87.5560,94.6560,264251600,1.042467
2015-04-17,sh601318,96.2560,97.2560,93.1260,93.7760,228910300,1.042883
2015-04-20,sh601318,92.0760,93.7760,89.0060,89.3960,239200500,1.045078
2015-04-21,sh601318,90.3560,92.1560,88.8960,91.8460,184476300,1.043823
2015-04-22,sh601318,92.6460,94.5360,92.1860,93.9660,176685800,1.042792
2015-04-23,sh601318,94.0960,94.1560,91.3060,91.9560,175507000,1.043768
2015-04-24,sh601318,90.0560,90.6460,87.7560,88.7260,234005600,1.045434
2015-04-27,sh601318,89.5560,90.8260,89.0160,90.1760,174539400,1.044671
2015-04-28,sh601318,90.0560,91.9660,88.4860,89.9260,204085900,1.044801
2015-04-29,sh601318,90.6560,92.3060,89.8360,91.4560,183026600,1.044018
2015-04-30,sh601318,92.8560,94.1360,91.8560,92.5160,234097700,1.043492
2015-05-04,sh601318,92.9560,94.3860,90.5560,94.3260,183985900,1.042622
2015-05-05,sh601318,94.3960,94.6460,89.7960,90.0060,199475800,1.044759
2015-05-06,sh601318,90.6560,97.6160,90.3660,92.4260,348926700,1.043536
2015-05-07,sh601318,90.8560,92.3460,89.7160,90.9060,168260600,1.044296
2015-05-08,sh601318,91.9760,92.2560,88.8760,90.7560,158205700,1.044373
2015-05-11,sh601318,90.8560,93.7060,89.8860,92.5760,182729500,1.043463
2015-05-12,sh601318,91.9060,93.6160,91.3560,92.8060,146960100,1.043350
2015-05-13,sh601318,92.8060,93.2960,90.5160,90.8760,147044400,1.044312
2015-05-14,sh601318,90.8060,91.8560,89.8760,90.1660,132072500,1.044676
2015-05-15,sh601318,90.1560,90.1560,87.5560,88.2660,156070900,1.045682
2015-05-18,sh601318,87.6560,87.9060,86.1660,86.2660,123565400,1.046790
2015-05-19,sh601318,86.4060,89.9760,86.3960,89.2960,154372200,1.045131
2015-05-20,sh601318,89.7360,90.7960,88.5460,89.4260,143283100,1.045063
2015-05-21,sh601318,89.5360,91.1360,89.1560,90.4560,112747000,1.044527
2015-05-22,sh601318,91.1960,93.4860,91.0560,93.4160,185336700,1.043055
2015-05-25,sh601318,94.8560,96.3360,94.4160,95.4360,184724200,1.042105
2015-05-26,sh601318,97.6560,98.1560,94.8560,97.0260,171911100,1.041387
2015-05-27,sh601318,96.5560,97.2360,94.1560,94.9160,136055000,1.042346
2015-05-28,sh601318,94.6060,94.9160,88.7560,89.0760,196262500,1.045248
2015-05-29,sh601318,89.6760,90.3060,87.8760,89.2960,147776200,1.045131
2015-06-01,sh601318,88.6560,92.1560,87.5560,91.2660,179792900,1.044114
2015-06-02,sh601318,91.3560,91.6360,88.8560,90.2360,137917900,1.044640
2015-06-03,sh601318,90.2560,90.8460,88.8660,89.3960,118672800,1.045078
2015-06-04,sh601318,89.4760,92.1360,87.6560,91.8660,183339000,1.043813
2015-06-05,sh601318,93.0860,93.6360,88.9560,90.8060,162530400,1.044347
2015-06-08,sh601318,91.3660,96.4160,90.5760,95.8460,283773200,1.041918
2015-06-09,sh601318,95.6560,96.0360,92.5360,93.2460,168452400,1.043137
2015-06-10,sh601318,92.1560,93.5360,91.3360,92.3060,109904600,1.043595
2015-06-11,sh601318,92.3360,96.2260,91.1460,94.1160,213607800,1.042721
2015-06-12,sh601318,94.5460,95.5060,93.5160,94.0360,137524900,1.042759
2015-06-15,sh601318,94.2860,94.8560,90.6360,90.8360,153941800,1.044332
2015-06-16,sh601318,89.8560,92.2160,89.4560,90.3560,124997500,1.044578
2015-06-17,sh601318,90.8560,91.5460,89.8560,90.8560,102648200,1.044322
2015-06-18,sh601318,90.6560,90.6560,87.7360,87.8160,125555300,1.045927
2015-06-19,sh601318,87.0560,88.4560,83.9360,84.2960,143201900,1.047936
2015-06-23,sh601318,84.8560,88.4460,84.5160,88.2860,168421600,1.045671
2015-06-24,sh601318,88.5060,89.1560,86.8660,88.7260,123696900,1.045434
2015-06-25,sh601318,88.9760,89.3360,86.2560,86.2860,108422300,1.046779
2015-06-26,sh601318,84.8560,87.6760,78.2960,81.2960,234595100,1.049793
2015-06-29,sh601318,82.8560,83.7360,76.0860,80.3760,251962200,1.050392
2015-06-30,sh601318,80.8560,85.8560,79.8760,85.7960,233286300,1.047059
2015-07-01,sh601318,84.8560,85.3560,81.5660,82.5160,147044500,1.049021
2015-07-02,sh601318,82.8360,83.7460,79.0560,81.6660,188888900,1.049557
2015-07-03,sh601318,80.8560,82.8460,76.1860,78.3360,202088700,1.051772
2015-07-06,sh601318,84.1560,84.5560,78.9560,82.0660,383552400,1.049303
2015-07-07,sh601318,80.5860,89.8860,74.9660,89.8860,843328100,1.044822
2015-07-08,sh601318,81.3660,85.1560,81.2860,81.3160,369352300,1.049781
2015-07-09,sh601318,81.3160,87.6560,75.8760,84.2560,346342000,1.047960
2015-07-10,sh601318,82.8660,89.8560,82.2560,86.0460,336162600,1.046916
2015-07-13,sh601318,84.7960,86.6060,83.2560,84.4860,205099100,1.047823
2015-07-14,sh601318,83.3860,84.8560,81.6560,82.4860,154676600,1.049040
2015-07-15,sh601318,81.8660,83.8560,81.1560,82.8860,138493900,1.048792
2015-07-16,sh601318,82.6560,83.3360,81.3560,82.3260,79580600,1.049140
2015-07-17,sh601318,82.8560,85.1560,82.3360,84.3160,113951800,1.047924
2015-07-20,sh601318,85.8060,86.2460,84.3560,84.9460,123990800,1.047552
2015-07-21,sh601318,84.3560,85.0860,83.6460,84.4060,87015800,1.047871
2015-07-22,sh601318,84.3160,84.4060,82.3560,83.1060,88455900,1.048656
2015-07-23,sh601318,83.8060,86.6360,83.3360,86.4260,154523000,1.046700
2015-07-24,sh601318,86.5460,86.5460,84.4060,84.4760,118178200,1.047829
2015-07-27,sh601318,84.1360,84.5160,77.1360,77.4760,171259500,2.119147
2015-07-28,sh601318,74.3760,77.8160,73.5160,74.5560,339771000,2.124103
2015-07-29,sh601318,75.8760,76.3160,71.9560,74.2360,296485200,2.124671
2015-07-30,sh601318,74.1560,76.5160,72.5560,72.9760,234107300,2.126960
2015-07-31,sh601318,72.3760,73.1960,70.5760,71.0960,203641300,2.130536
2015-08-03,sh601318,70.3560,71.1360,68.9160,71.0760,232199300,2.130576
2015-08-04,sh601318,70.5560,72.9560,70.2560,72.7760,154959100,2.127331
2015-08-05,sh601318,72.3560,72.5360,70.7760,70.9360,129319400,2.130850
2015-08-06,sh601318,69.8960,71.6360,69.5760,70.1360,96170700,2.132441
2015-08-07,sh601318,71.0360,72.8360,70.6560,72.1360,152416200,2.128533
2015-08-10,sh601318,72.3560,75.2360,71.4960,74.5360,219839300,2.124138
2015-08-11,sh601318,74.1560,75.7360,73.7560,74.0960,166487100,2.124921
2015-08-12,sh601318,73.3560,73.8760,71.8960,71.9360,133346300,2.128914
2015-08-13,sh601318,71.7760,72.9160,71.3560,72.4960,110002900,2.127854
2015-08-14,sh601318,72.7160,72.8760,71.9560,72.1360,115595600,2.128533
2015-08-17,sh601318,71.1760,71.3360,69.5560,70.2960,152170400,2.132120
2015-08-18,sh601318,70.4160,71.6160,66.8360,66.9360,210389400,2.139214
2015-08-19,sh601318,66.2560,67.6360,65.3560,67.1760,161453300,2.138682
2015-08-20,sh601318,66.3560,67.1560,65.3960,65.4560,109864000,2.142586
2015-08-21,sh601318,65.2760,66.6560,62.9560,63.1360,205858100,2.148214
2015-08-24,sh601318,61.3360,61.3560,57.2560,57.2560,403296200,2.164688
2015-08-25,sh601318,54.9560,59.4560,53.6560,54.5760,431616100,2.173477
2015-08-26,sh601318,54.7560,58.9560,54.5960,57.0760,382669100,2.165250
2015-08-27,sh601318,59.1560,62.3560,58.2960,62.3560,393998400,2.150207
2015-08-28,sh601318,63.3560,65.1360,61.9360,63.6560,331933900,2.146914
2015-08-31,sh601318,62.0760,65.0560,61.3960,64.9360,289466600,2.143810
2015-09-01,sh601318,63.4160,64.7160,61.6560,64.6760,369091100,2.144430
2015-09-02,sh601318,62.6560,64.8360,62.4160,64.3160,373505800,2.145297
2015-09-07,sh601318,63.6560,64.9160,61.5560,62.1160,136313300,2.150831
2015-09-08,sh601318,62.0760,64.0960,62.0760,63.8760,125528600,2.146371
2015-09-09,sh601318,64.4360,66.0360,63.9360,65.1560,143050100,2.156056
2015-09-10,sh601318,64.8760,65.4360,64.3360,65.2560,87888800,2.155798
2015-09-11,sh601318,65.0360,65.6560,63.9360,64.3960,70826200,2.158043
2015-09-14,sh601318,64.6560,65.1160,62.1760,64.9960,220674600,2.156470
2015-09-15,sh601318,63.9160,64.2960,62.7160,63.6360,118329700,2.160081
2015-09-16,sh601318,63.3760,67.0560,62.8560,65.8160,114814600,2.154370
2015-09-17,sh601318,65.6960,67.0760,64.9160,65.2360,101606900,2.155849
2015-09-18,sh601318,65.5560,66.9160,65.4360,65.8560,85643800,2.154269
2015-09-21,sh601318,65.1360,67.0160,64.8160,66.6360,81031900,2.152326
2015-09-22,sh601318,66.9160,68.8360,66.3760,68.2560,120072500,2.148442
2015-09-23,sh601318,67.2960,67.8760,66.1360,66.2560,101241500,2.153266
2015-09-24,sh601318,66.5360,67.3760,66.3960,66.9960,63852700,2.151445
2015-09-25,sh601318,66.7360,67.5160,65.8760,67.1760,71148500,2.151009
2015-09-28,sh601318,66.8160,66.9760,66.0760,66.5160,27179200,2.152621
2015-09-29,sh601318,65.6760,65.6760,64.0560,64.5760,64059000,2.157568
2015-09-30,sh601318,64.8160,65.0760,64.2560,64.4360,36554900,2.157937
2015-10-08,sh601318,68.7160,69.0160,65.8160,66.1160,174729200,2.153616
2015-10-09,sh601318,66.9160,68.3760,66.7160,68.0760,82081600,2.148864
2015-10-12,sh601318,67.9360,70.5760,67.8360,69.9960,102692200,2.144485
2015-10-13,sh601318,69.3160,70.0560,68.9160,69.1160,48784500,2.146460
2015-10-14,sh601318,68.8560,69.2960,68.0360,68.0760,47156800,2.148864
2015-10-15,sh601318,68.3160,69.6960,68.0760,69.6360,64521000,2.145287
2015-10-16,sh601318,70.0160,71.0160,69.7160,70.2960,68363000,2.143824
2015-10-19,sh601318,70.3160,71.4760,69.9760,71.0560,88096200,2.142177
2015-10-20,sh601318,70.6160,70.8160,69.7160,70.5360,54658500,2.143300
2015-10-21,sh601318,70.6360,72.0360,68.8560,70.4160,133704900,2.143562
2015-10-22,sh601318,69.7160,70.8160,69.4160,70.4360,71371400,2.143518
2015-10-23,sh601318,70.7160,72.7160,70.6360,72.1760,99386400,2.139816
2015-10-26,sh601318,72.7560,75.7360,71.7760,71.8560,212648000,2.140483
2015-10-27,sh601318,71.9360,74.9960,70.7360,73.4560,126733600,2.137213
2015-10-28,sh601318,73.1160,73.4160,71.7160,71.8160,67072500,2.140566
2015-10-29,sh601318,72.1360,72.4160,71.1360,71.4760,52017300,2.141282
2015-10-30,sh601318,71.5160,72.6160,71.1960,71.6960,47407000,2.140818
2015-11-02,sh601318,70.9960,71.6360,70.5360,70.7560,56104700,2.142823
2015-11-03,sh601318,71.0760,71.2560,70.5160,70.7560,38103200,2.142823
2015-11-04,sh601318,70.8960,75.4560,70.8960,74.7160,192253300,2.134743
2015-11-05,sh601318,73.7360,79.6760,73.6560,75.3560,442103000,2.133522
2015-11-06,sh601318,75.2160,77.7160,74.7760,77.0960,214827600,2.130312
2015-11-09,sh601318,77.3360,79.5760,77.0360,77.6160,233123700,2.129383
2015-11-10,sh601318,76.7160,78.5960,76.3160,77.2160,142819500,2.130097
2015-11-11,sh601318,76.8160,77.1960,75.6560,76.3960,111438100,2.131585
2015-11-12,sh601318,76.8760,76.8760,75.4760,75.5760,91357700,2.133108
2015-11-13,sh601318,74.8160,75.6760,74.5360,74.8160,76458300,2.134551
2015-11-16,sh601318,73.7960,75.0160,73.6160,74.9560,74745900,2.134282
2015-11-17,sh601318,75.4160,77.4760,74.9560,75.2360,96838900,2.133749
2015-11-18,sh601318,75.2160,75.4560,74.2160,74.4760,69300100,2.135206
2015-11-19,sh601318,74.7560,75.4360,74.6160,75.3360,50583200,2.133560
2015-11-20,sh601318,75.3160,75.4760,74.6960,74.7960,50097000,2.134589
2015-11-23,sh601318,74.8560,75.2760,74.5160,74.6560,60898300,2.134858
2015-11-24,sh601318,74.5360,75.0960,73.8760,74.6560,65254400,2.134858
2015-11-25,sh601318,74.6160,74.8960,74.4360,74.7960,48336200,2.134589
2015-11-26,sh601318,75.0960,75.5560,74.7160,74.7760,54916200,2.134627
2015-11-27,sh601318,74.7160,74.8760,71.4960,72.3960,116454400,2.139362
2015-11-30,sh601318,72.0960,72.7160,70.6160,72.3160,84030400,2.139527
2015-12-01,sh601318,72.2960,74.5160,71.9360,72.9560,83519600,2.138218
2015-12-02,sh601318,73.1160,77.1160,72.6760,76.7360,182813200,2.130964
2015-12-03,sh601318,75.7760,77.9160,75.3560,76.6560,142305900,2.131109
2015-12-04,sh601318,75.6360,76.0760,74.3160,74.6160,87368200,2.134936
2015-12-07,sh601318,74.7160,75.0160,73.7760,74.1960,48751600,2.135751
2015-12-08,sh601318,73.7160,74.4160,73.3960,73.5560,57354900,2.137013
2015-12-09,sh601318,73.5960,74.4360,73.3960,73.5960,41609600,2.136934
2015-12-10,sh601318,73.5360,75.2160,73.4960,73.6960,55345700,2.136735
2015-12-11,sh601318,73.4960,74.0360,73.0760,73.8560,52799700,2.136419
2015-12-14,sh601318,73.0160,76.6160,72.7560,75.9560,94982200,2.132398
2015-12-15,sh601318,75.7160,75.9360,74.8160,75.2360,63275200,2.133749
2015-12-16,sh601318,75.3160,75.7760,74.9560,75.1360,38051600,2.133939
2015-12-17,sh601318,75.8360,76.4760,75.2560,75.7360,58593000,2.132808
2015-12-18,sh601318,75.5360,77.2760,75.4360,76.2960,83940900,2.131769
2015-12-21,sh601318,76.2960,79.1760,76.0160,78.5160,138613400,2.127805
2015-12-22,sh601318,78.4160,78.9360,77.5360,78.5760,72390800,2.127701
2015-12-23,sh601318,78.5560,80.4760,78.3160,78.6760,118840000,2.127528
2015-12-24,sh601318,78.8360,79.8960,77.6360,78.5560,81236300,2.127736
2015-12-25,sh601318,78.5160,79.0560,78.1360,78.5160,35244300,2.127805
2015-12-28,sh601318,78.6160,78.9160,76.0360,76.1160,63939100,2.132101
2015-12-29,sh601318,76.1160,77.0960,76.0560,77.0160,30801900,2.130456
2015-12-30,sh601318,77.2360,77.2760,75.5960,76.2360,49397500,2.131879
2015-12-31,sh601318,76.2960,77.0960,75.5560,76.7160,51927600,2.131000
2016-01-04,sh601318,76.3960,76.3960,72.5160,72.8160,70997100,2.140388
2016-01-05,sh601318,72.0760,74.3360,71.7160,73.7160,87498500,2.136696
2016-01-06,sh601318,73.3160,74.0360,72.7160,73.7760,48012100,2.136577
2016-01-07,sh601318,72.7160,73.7560,70.7160,72.2560,23647600,2.139651
2016-01-08,sh601318,72.7160,73.6160,70.5160,72.5960,98239600,2.138951
2016-01-11,sh601318,70.7160,71.3760,68.7160,68.7760,99355700,2.147237
2016-01-12,sh601318,69.2560,69.8360,68.3560,69.1360,74380900,2.146414
2016-01-13,sh601318,70.2560,70.2760,68.4160,68.6960,62533000,2.147421
2016-01-14,sh601318,66.5160,68.8360,66.3160,68.6960,79722700,2.147421
2016-01-15,sh601318,67.9960,68.4560,66.5160,67.1160,59140200,2.151154
2016-01-18,sh601318,66.1760,67.2560,65.8960,66.8560,48369300,2.151786
2016-01-19,sh601318,67.1560,68.0760,66.2160,67.7360,67392500,2.149667
2016-01-20,sh601318,67.1560,67.6160,65.2960,65.7760,100704200,2.154471
2016-01-21,sh601318,65.4560,66.3360,64.4560,65.0160,68190100,2.156418
2016-01-22,sh601318,65.4560,65.6960,64.0760,65.1560,49310400,2.156056
2016-01-25,sh601318,65.2960,65.4360,64.4960,65.2360,37474400,2.155849
2016-01-26,sh601318,64.5360,64.9160,62.6760,63.1760,76680900,2.161341
2016-01-27,sh601318,63.4160,63.6760,62.3160,63.1560,70385300,2.161396
2016-01-28,sh601318,63.1160,63.9360,62.2560,63.3160,48441700,2.160956
2016-01-29,sh601318,63.1160,65.4760,62.9560,65.0760,64439100,2.156262
2016-02-01,sh601318,65.0360,65.0360,63.3360,63.7760,34048400,2.159702
2016-02-02,sh601318,63.7760,64.9160,63.7160,64.6560,37513400,2.157357
2016-02-03,sh601318,63.7160,64.3160,62.9160,63.9960,39035200,2.159109
2016-02-04,sh601318,64.2560,64.8360,63.6960,64.1360,36657000,2.158734
2016-02-05,sh601318,64.1160,64.7160,63.9360,64.0360,33330200,2.159002
2016-02-15,sh601318,62.1160,64.2960,61.9560,63.5760,43993700,2.160245
2016-02-16,sh601318,63.8160,65.3560,63.6360,64.9560,39757800,2.156574
2016-02-17,sh601318,64.9760,65.3760,64.5560,64.7960,46163400,2.156991
2016-02-18,sh601318,65.2760,65.6960,64.3160,64.5360,48458500,2.157673
2016-02-19,sh601318,64.5360,65.0160,64.1760,64.5560,26092100,2.157620
2016-02-22,sh601318,65.2760,68.0160,64.7760,66.6560,78908600,2.152276
2016-02-23,sh601318,66.6360,66.6560,65.1960,65.7160,43458400,2.154623
2016-02-24,sh601318,65.3160,65.9160,64.7760,65.5360,30491000,2.155081
2016-02-25,sh601318,65.4560,65.4560,62.4360,62.6360,59059700,2.162845
2016-02-26,sh601318,63.3760,63.5160,62.5960,62.9160,33211100,2.162062
2016-02-29,sh601318,62.8160,63.0160,60.3360,62.7360,66763100,2.162565
2016-03-01,sh601318,62.5160,64.0960,61.8360,63.2360,40682700,2.161176
2016-03-02,sh601318,63.4160,65.3160,63.4160,65.0760,62335400,2.156262
2016-03-03,sh601318,65.2160,65.6960,64.6760,65.4760,53494800,2.155234
2016-03-04,sh601318,65.2760,67.9160,64.9760,67.8160,178976500,2.149477
2016-03-07,sh601318,67.4760,67.8760,66.3360,66.8160,54440300,2.151884
2016-03-08,sh601318,66.6760,67.4160,64.6960,67.3160,67391200,2.150671
2016-03-09,sh601318,66.3560,67.6160,65.2360,67.4760,80090500,2.150287
2016-03-10,sh601318,66.6760,67.2960,66.1160,66.1960,33110800,2.153416
2016-03-11,sh601318,65.8560,66.9160,65.6560,66.7960,35792900,2.151933
2016-03-14,sh601318,66.6960,67.8560,66.5160,66.9360,55579700,2.151591
2016-03-15,sh601318,66.8160,67.6960,66.0160,67.4360,61981800,2.150383
2016-03-16,sh601318,66.9160,69.2360,66.8160,68.9760,159647600,2.146779
2016-03-17,sh601318,68.9160,69.4560,68.4760,68.7160,57078500,2.147375
2016-03-18,sh601318,69.3560,69.5560,68.4760,68.9560,87408300,2.146824
2016-03-21,sh601318,69.4960,72.3160,69.1960,70.3760,113879000,2.143649
2016-03-22,sh601318,70.0160,70.7960,68.7160,68.9160,60362700,2.146916
2016-03-23,sh601318,69.2960,70.2360,68.8760,69.2360,36047200,2.146187
2016-03-24,sh601318,68.8560,68.8960,68.2160,68.3160,35109600,2.148302
2016-03-25,sh601318,68.3360,70.3160,67.9960,68.8360,35717500,2.147099
2016-03-28,sh601318,68.9160,69.4160,67.4160,67.6360,37797300,2.149905
2016-03-29,sh601318,67.9360,68.2360,66.9960,67.2160,34128100,2.150912
2016-03-30,sh601318,67.9160,68.8360,67.7560,68.6960,43205800,2.147421
2016-03-31,sh601318,68.8960,69.0760,68.1360,68.3360,29797900,2.148255
2016-04-01,sh601318,68.3760,68.6360,67.1360,68.5560,38552900,2.147744
2016-04-05,sh601318,68.1160,69.1160,67.7160,68.7160,42978900,2.147375
2016-04-06,sh601318,68.2760,68.6360,67.9960,68.1960,27232700,2.148582
2016-04-07,sh601318,68.4960,68.6360,67.4360,67.4560,36211100,2.150335
2016-04-08,sh601318,67.1160,67.2560,66.7960,67.0360,36175800,2.151348
2016-04-11,sh601318,67.3560,68.3960,67.3560,67.7360,35165800,2.149667
2016-04-12,sh601318,67.6960,68.2160,67.5160,67.8160,21968800,2.149477
2016-04-13,sh601318,68.3160,69.2360,68.1560,68.5360,75568100,2.147791
2016-04-14,sh601318,68.8760,69.4760,68.4760,68.7560,42270300,2.147283
2016-04-15,sh601318,68.7760,68.9160,68.4760,68.6960,53566900,2.147421
2016-04-18,sh601318,68.3160,68.8960,67.7360,68.2960,56266300,2.148349
2016-04-19,sh601318,68.7160,68.7960,68.2160,68.5760,47555100,2.147698
2016-04-20,sh601318,68.5960,69.2160,66.9360,69.1360,119379600,2.146414
2016-04-21,sh601318,68.5960,69.7160,68.4360,69.1560,65119500,2.146369
2016-04-22,sh601318,68.7160,69.8160,68.4760,69.5560,43078000,2.145466
2016-04-25,sh601318,69.3160,69.7160,68.6560,69.3560,30729800,2.145916
2016-04-26,sh601318,69.3560,69.7760,69.1360,69.4960,30804800,2.145600
2016-04-27,sh601318,69.8560,69.9560,69.1360,69.2360,32926100,2.146187
2016-04-28,sh601318,69.2360,69.4760,68.7360,69.0960,22743600,2.146505
2016-04-29,sh601318,68.8960,69.5160,68.6160,68.7960,25951100,2.147191
2016-05-03,sh601318,68.7360,69.5760,68.4360,68.5360,50917900,2.147791
2016-05-04,sh601318,68.5760,68.7760,68.4960,68.5760,26426400,2.147698
2016-05-05,sh601318,68.5760,68.8160,68.4560,68.6160,21140000,2.147606
2016-05-06,sh601318,68.7160,68.7360,67.4960,67.5160,49181800,2.150191
2016-05-09,sh601318,67.4960,67.5160,66.8160,67.0360,49046500,2.151348
2016-05-10,sh601318,66.8760,67.2360,66.7560,67.0960,27645200,2.151202
2016-05-11,sh601318,67.1960,67.4560,67.0360,67.2160,27763900,2.150912
2016-05-12,sh601318,67.1160,68.4160,66.6160,68.1360,56869600,2.148723
2016-05-13,sh601318,67.8160,68.4160,67.6960,68.1560,39265000,2.148676
2016-05-16,sh601318,67.8360,68.1160,67.7360,67.9360,24118200,2.149193
2016-05-17,sh601318,67.9160,68.0160,67.6160,67.7360,20691600,2.149667
2016-05-18,sh601318,67.5360,68.4960,67.4560,68.3360,60201700,2.148255
2016-05-19,sh601318,68.1360,68.5160,68.1160,68.3760,28517000,2.148162
2016-05-20,sh601318,68.3560,68.6560,68.1560,68.3560,17539200,2.148209
2016-05-23,sh601318,68.2360,68.6360,68.1360,68.3760,27738500,2.148162
2016-05-24,sh601318,68.1560,68.3760,67.7160,67.9960,18552000,2.149052
2016-05-25,sh601318,68.3760,68.4760,67.8960,67.9360,13712500,2.149193
2016-05-26,sh601318,67.9360,68.2960,67.7160,67.9760,20356100,2.149099
2016-05-27,sh601318,68.1160,68.1360,67.8760,67.9160,14098700,2.149241
2016-05-30,sh601318,68.2160,68.5960,67.7160,68.5360,22097500,2.147791
2016-05-31,sh601318,68.5960,71.7160,68.5960,70.1560,75882500,2.144132
2016-06-01,sh601318,70.0960,70.3560,69.2160,69.2960,42343300,2.146051
2016-06-02,sh601318,69.3360,69.7160,68.9160,69.1360,28989100,2.146414
2016-06-03,sh601318,69.6160,69.6160,68.7560,69.3960,35163800,2.145826
2016-06-06,sh601318,69.5160,69.6160,68.8160,68.9360,23686900,2.146870
2016-06-07,sh601318,69.1560,69.1960,68.8760,68.9960,23960600,2.146733
2016-06-08,sh601318,68.9560,69.1760,68.7560,69.0160,26460900,2.146687
2016-06-13,sh601318,68.6160,68.7760,68.1160,68.3160,47023900,2.148302
2016-06-14,sh601318,68.0960,68.7560,67.7160,68.6760,35573800,2.147467
2016-06-15,sh601318,67.9560,68.8760,67.9360,68.6760,38314300,2.147467
2016-06-16,sh601318,68.3760,68.9560,68.3760,68.6560,32940100,2.147513
2016-06-17,sh601318,68.6560,69.0960,68.5560,68.6760,29510500,2.147467
2016-06-20,sh601318,69.1160,69.1160,68.6560,68.9560,25713500,2.146824
2016-06-21,sh601318,69.0760,69.6760,68.7360,68.8360,22864100,2.147099
2016-06-22,sh601318,68.8160,69.0160,68.6560,68.8760,16359300,2.147007
2016-06-23,sh601318,68.8960,68.9960,68.6560,68.7160,25361700,2.147375
2016-06-24,sh601318,68.6760,68.9760,67.1360,67.8160,42936200,2.149477
2016-06-27,sh601318,67.7160,68.1960,67.6160,68.0760,23863900,2.148864
2016-06-28,sh601318,67.8560,68.4360,67.6360,68.4160,23766500,2.148069
2016-06-29,sh601318,68.5160,69.0760,68.4160,69.0360,26351100,2.146642
2016-06-30,sh601318,69.0560,69.3160,68.7360,68.7960,17779500,2.147191
2016-07-01,sh601318,68.9960,69.2760,68.8360,69.0760,18235000,2.146551
2016-07-04,sh601318,68.9560,70.0360,68.8360,69.5960,40321800,2.145376
2016-07-05,sh601318,69.8160,69.9160,69.4160,69.5560,22093800,2.168881
2016-07-06,sh601318,69.4160,69.5760,69.0160,69.3960,24949900,2.169303
2016-07-07,sh601318,69.3160,69.3960,69.0160,69.3160,22363000,2.169515
2016-07-08,sh601318,69.3160,69.3360,68.9360,68.9760,19295000,2.170422
2016-07-11,sh601318,69.0360,69.3560,68.9360,68.9960,23128400,2.170368
2016-07-12,sh601318,69.0360,70.3360,69.0160,70.2360,42598500,2.167109
2016-07-13,sh601318,70.6160,71.0160,70.0160,70.3360,42203400,2.166852
2016-07-14,sh601318,70.2960,70.4160,69.9960,70.3960,20651700,2.166697
2016-07-15,sh601318,70.4160,70.8160,70.2560,70.5960,35206300,2.166186
2016-07-18,sh601318,70.7560,71.4160,70.6560,70.7960,38033500,2.165678
2016-07-19,sh601318,70.7960,70.7960,69.8360,70.1760,26362000,2.167264
2016-07-20,sh601318,70.2560,70.3160,69.6760,70.0360,18557300,2.167626
2016-07-21,sh601318,70.0360,70.7160,70.0360,70.5160,24834400,2.166390
2016-07-22,sh601318,70.4160,70.4960,69.8760,70.0160,21162400,2.167678
2016-07-25,sh601318,70.0160,70.2160,69.8560,70.0160,17490100,2.167678
2016-07-26,sh601318,70.0160,70.6960,69.9160,70.4560,40607600,2.166544
2016-07-27,sh601318,70.5160,71.0160,69.0760,70.9960,80288200,2.165172
2016-07-28,sh601318,70.4760,70.7760,70.2360,70.3160,28491200,2.166903
2016-07-29,sh601318,70.3960,70.6160,70.0360,70.1560,22929900,2.167315
2016-08-01,sh601318,70.0160,70.2160,69.8160,69.9760,22213800,2.167782
2016-08-02,sh601318,70.0160,70.1760,69.8160,69.9760,17685900,2.167782
2016-08-03,sh601318,69.6760,69.9760,69.6160,69.7760,18652500,2.168303
2016-08-04,sh601318,69.7760,69.8160,69.4360,69.7160,20772900,2.168460
2016-08-05,sh601318,69.7360,69.9160,69.6360,69.7760,27213100,2.168303
2016-08-08,sh601318,69.8760,70.0160,69.6160,69.9560,30356900,2.167834
2016-08-09,sh601318,70.0760,70.7360,70.0760,70.4960,41065800,2.166441
2016-08-10,sh601318,70.5160,70.9760,70.4560,70.4960,34781400,2.166441
2016-08-11,sh601318,70.4160,72.2160,70.4160,70.9960,77933500,2.165172
2016-08-12,sh601318,71.0360,72.4160,70.9360,72.3760,69438100,2.161768
2016-08-15,sh601318,72.5160,75.8760,72.3760,74.5360,122157200,2.156713
2016-08-16,sh601318,75.0160,75.2560,73.1960,73.2560,91604400,2.159670
2016-08-17,sh601318,73.5160,73.6760,72.7760,73.3560,42967500,2.159435
2016-08-18,sh601318,74.0160,75.2160,73.6760,74.2760,85035500,2.157305
2016-08-19,sh601318,74.3760,74.7360,73.7560,74.4560,35481700,2.156895
2016-08-22,sh601318,74.6360,74.7760,73.8760,74.3360,31956900,2.157168
2016-08-23,sh601318,74.2560,75.7760,74.2560,75.0960,55894800,2.155454
2016-08-24,sh601318,75.1960,75.2560,74.0360,74.0760,37369300,2.157763
2016-08-25,sh601318,73.4360,73.7360,73.0160,73.5960,38835200,2.158874
2016-08-26,sh601318,73.7360,74.2360,73.4960,73.5960,21051900,2.158874
2016-08-29,sh601318,73.4360,74.0360,72.8560,73.9360,23735500,2.158085
2016-08-30,sh601318,73.9760,74.3360,73.5360,73.8360,30022300,2.158316
2016-08-31,sh601318,73.7960,74.1760,73.4760,73.8560,19265500,2.158270
2016-09-01,sh601318,73.8360,74.4960,73.7360,74.1560,24342600,2.157579
2016-09-02,sh601318,74.0960,75.1960,73.8760,75.1360,51030100,2.155364
2016-09-05,sh601318,75.1960,75.7160,74.8160,75.3360,40332600,2.167319
2016-09-06,sh601318,75.2560,76.6760,75.0960,76.0960,56432500,2.165509
2016-09-07,sh601318,76.1960,77.1560,76.1760,76.2360,47062000,2.165180
2016-09-08,sh601318,76.2160,76.9760,76.0760,76.5760,33539600,2.164387
2016-09-09,sh601318,76.6760,77.4960,76.3760,76.7360,44040700,2.164016
2016-09-12,sh601318,75.6360,76.1160,74.2160,76.0560,86602400,2.165604
2016-09-13,sh601318,75.7760,75.7760,74.6160,75.2560,31744400,2.167512
2016-09-14,sh601318,74.8160,75.0160,74.1560,74.4160,35213600,2.169563
2016-09-19,sh601318,74.6160,76.0560,74.6160,75.7560,37266600,2.166314
2016-09-20,sh601318,75.7560,75.7560,75.4160,75.5160,14666300,2.166887
2016-09-21,sh601318,75.5960,75.7760,74.7760,75.1560,35247900,2.167753
2016-09-22,sh601318,75.4360,76.5560,75.4360,75.8360,54132900,2.166124
2016-09-23,sh601318,75.9160,76.2160,75.2560,75.5960,31439100,2.166695
2016-09-26,sh601318,75.3360,75.3760,74.4760,74.5760,32852600,2.169168
2016-09-27,sh601318,74.2760,74.6160,74.1960,74.5360,45825100,2.169267
2016-09-28,sh601318,74.5760,74.5760,74.0560,74.0960,31733200,2.170357
2016-09-29,sh601318,74.3160,74.6960,74.1160,74.1960,23086900,2.170108
2016-09-30,sh601318,74.0160,74.3560,73.9360,74.1360,19403100,2.170258
2016-10-10,sh601318,74.7360,75.4160,74.4160,75.0160,34119400,2.168092
2016-10-11,sh601318,75.0560,75.3160,74.3160,74.5760,49375200,2.169168
2016-10-12,sh601318,74.3360,74.6960,74.2160,74.4160,30854000,2.169563
2016-10-13,sh601318,74.2560,74.4560,73.8360,74.0560,34546700,2.170457
2016-10-14,sh601318,74.0760,74.1760,73.9160,74.0360,23156000,2.170507
2016-10-17,sh601318,74.0560,74.1760,73.5760,73.6960,30921400,2.171361
2016-10-18,sh601318,73.5760,74.3960,73.5760,74.2160,28336000,2.170058
2016-10-19,sh601318,74.2960,74.3560,74.0160,74.0560,20515200,2.170457
2016-10-20,sh601318,74.1360,74.2960,74.0360,74.0960,12768200,2.170357
2016-10-21,sh601318,74.0560,74.3760,73.9160,74.2560,28003100,2.169959
2016-10-24,sh601318,74.2560,75.3960,74.1160,74.7960,42090900,2.168629
2016-10-25,sh601318,74.9360,75.0560,74.6160,74.9160,23971900,2.168336
2016-10-26,sh601318,74.9360,75.0960,74.5960,74.6560,19737700,2.168972
2016-10-27,sh601318,74.6560,74.6760,74.0160,74.1960,21764300,2.170108
2016-10-28,sh601318,74.6160,75.2760,74.5360,74.8760,32514900,2.168433
2016-10-31,sh601318,74.6160,75.1160,74.2160,75.0360,23435200,2.168044
2016-11-01,sh601318,75.0760,76.0160,74.8160,75.9360,36719100,2.165887
2016-11-02,sh601318,75.5960,75.7760,74.8960,75.0360,25676000,2.168044
2016-11-03,sh601318,74.9960,75.9960,74.8560,75.7560,40514400,2.166314
2016-11-04,sh601318,75.5760,76.1360,75.5560,75.6760,26447900,2.166504
2016-11-07,sh601318,75.7760,75.9160,75.5760,75.7960,21516600,2.166219
2016-11-08,sh601318,76.0360,76.1760,75.5760,75.8160,28683100,2.166171
2016-11-09,sh601318,75.8160,75.8360,74.4760,75.2360,68834500,2.167560
2016-11-10,sh601318,75.6560,76.2160,75.5160,75.6960,35280300,2.166457
2016-11-11,sh601318,75.7160,76.2960,75.5360,75.7960,52390600,2.166219
2016-11-14,sh601318,75.6560,76.0760,75.5760,75.7160,68357100,2.166409
2016-11-15,sh601318,75.7760,75.8360,75.6160,75.7360,28690400,2.166362
2016-11-16,sh601318,75.8160,76.0160,75.6360,75.8560,24386900,2.166077
2016-11-17,sh601318,75.7960,75.8560,75.4160,75.8160,23871500,2.166171
2016-11-18,sh601318,75.8160,75.9360,75.6960,75.8360,32069600,2.166124
2016-11-21,sh601318,75.7160,78.5160,75.7160,77.6160,108903500,2.162006
2016-11-22,sh601318,77.4360,78.6960,77.4360,78.0560,73702100,2.161019
2016-11-23,sh601318,78.2560,78.5160,77.7360,77.7760,44013300,2.161645
2016-11-24,sh601318,77.7760,79.0760,77.7760,78.6560,52076400,2.159692
2016-11-25,sh601318,78.6560,79.4160,78.1560,79.3760,45833000,2.158129
2016-11-28,sh601318,79.8360,80.5560,78.8960,79.0360,68897800,2.158864
2016-11-29,sh601318,79.0360,80.4160,78.7160,79.3560,66538600,2.158172
2016-11-30,sh601318,79.4360,79.9960,78.2760,78.4760,50803900,2.160088
2016-12-01,sh601318,78.5160,79.2760,78.2960,78.6560,47438600,2.159692
2016-12-02,sh601318,78.6560,78.6760,77.7560,78.3560,63371500,2.160353
2016-12-05,sh601318,77.7360,78.3960,77.5560,78.3360,62209500,2.160397
2016-12-06,sh601318,78.1960,78.7560,78.0760,78.1560,37612500,2.160796
2016-12-07,sh601318,78.1560,79.0960,77.9560,78.7360,31067000,2.159517
2016-12-08,sh601318,79.0360,79.2760,78.6760,78.8160,29516800,2.159342
2016-12-09,sh601318,79.0960,80.1160,78.7760,79.5360,48703300,2.157786
2016-12-12,sh601318,80.0560,81.3360,79.2160,79.6160,106934300,2.157615
2016-12-13,sh601318,79.4160,79.6960,78.8960,79.1160,39559700,2.158690
2016-12-14,sh601318,79.0760,80.8160,79.0360,79.8760,58644900,2.157062
2016-12-15,sh601318,79.3760,79.5960,76.6760,77.0160,78608300,2.163371
2016-12-16,sh601318,76.7360,77.3560,76.6160,76.7760,34099400,2.163923
2016-12-19,sh601318,76.7760,77.0160,76.4360,76.6160,29559600,2.164294
2016-12-20,sh601318,76.6560,76.7160,74.7160,75.1360,62695000,2.167802
2016-12-21,sh601318,75.5160,75.9160,75.0360,75.2960,37625900,2.167415
2016-12-22,sh601318,75.1360,75.6760,74.6160,75.3560,29500900,2.167271
2016-12-23,sh601318,75.1960,75.3560,74.6160,75.2760,30192100,2.167463
2016-12-26,sh601318,74.9160,76.1360,74.5160,76.0560,35131200,2.165604
2016-12-27,sh601318,75.8160,76.4960,75.7760,76.3360,21780200,2.164946
2016-12-28,sh601318,76.2160,76.4560,75.7960,76.3960,38631800,2.164806
2016-12-29,sh601318,76.1160,76.3960,75.8760,76.0760,29042000,2.165557
2016-12-30,sh601318,76.3560,76.7160,76.0360,76.6760,27076300,2.164155
2017-01-03,sh601318,76.4960,77.8360,76.4560,77.1760,29697700,2.163004
2017-01-04,sh601318,77.1960,77.3960,76.8360,77.1160,25257400,2.163142
2017-01-05,sh601318,77.2760,77.6960,77.1760,77.2760,28691000,2.162776
2017-01-06,sh601318,77.2760,77.5960,76.5160,76.6960,36286200,2.164108
2017-01-09,sh601318,76.7560,76.9160,76.3560,76.6560,27061600,2.164201
2017-01-10,sh601318,76.6960,76.7960,76.2160,76.2760,20535000,2.165087
2017-01-11,sh601318,76.3160,76.6760,76.0160,76.2760,20996300,2.165087
2017-01-12,sh601318,76.4160,76.6560,76.1160,76.2360,18718700,2.165180
2017-01-13,sh601318,76.2760,77.6160,76.1960,76.9360,33073800,2.163555
2017-01-16,sh601318,76.9360,78.3760,76.2360,78.1960,112917200,2.160707
2017-01-17,sh601318,77.9560,78.4960,77.5960,77.7760,34949300,2.161645
2017-01-18,sh601318,77.9560,78.6960,77.9360,78.2360,26686900,2.160619
2017-01-19,sh601318,78.0760,78.5560,77.6560,77.9160,19962800,2.161331
2017-01-20,sh601318,77.9160,78.3760,77.8360,78.3360,26033200,2.160397
2017-01-23,sh601318,78.3360,78.6560,77.8960,78.2160,39800100,2.160663
2017-01-24,sh601318,78.2160,78.4760,78.0160,78.1760,26866500,2.160752
2017-01-25,sh601318,78.2160,78.7160,77.9960,78.6760,35892200,2.159649
2017-01-26,sh601318,78.7160,79.4160,78.6960,78.8360,27720500,2.159299
2017-02-03,sh601318,78.8160,78.8160,77.0160,77.0560,48926700,2.163279
2017-02-06,sh601318,77.2960,77.8760,76.8760,77.6960,64891400,2.161825
2017-02-07,sh601318,77.8160,78.2960,77.6560,77.9360,48618000,2.161287
2017-02-08,sh601318,77.8960,77.9760,77.2160,77.8560,39628800,2.161466
2017-02-09,sh601318,77.9560,78.5560,77.8160,78.0360,52756800,2.161063
2017-02-10,sh601318,78.2360,78.4960,78.0160,78.2160,39921900,2.160663
2017-02-13,sh601318,78.3960,78.6360,78.1560,78.4360,69354000,2.160176
2017-02-14,sh601318,78.6160,78.6160,77.7160,78.0160,49092200,2.161108
2017-02-15,sh601318,78.3560,78.7760,78.2360,78.4560,67285200,2.160132
2017-02-16,sh601318,78.6560,78.6760,78.1960,78.4160,34781700,2.160220
2017-02-17,sh601318,78.5360,79.1360,78.2160,78.3360,52550300,2.160397
2017-02-20,sh601318,78.4360,79.5960,78.3160,79.4560,74144200,2.157958
2017-02-21,sh601318,79.4760,80.1760,79.2160,79.3560,54833100,2.158172
2017-02-22,sh601318,79.5760,79.6560,79.1560,79.4560,38041900,2.157958
2017-02-23,sh601318,79.3560,79.5960,78.6960,78.8560,45952000,2.159255
2017-02-24,sh601318,78.8760,78.9560,78.5360,78.9360,25683300,2.159081
2017-02-27,sh601318,78.8360,79.0960,78.2360,78.4560,40140600,2.160132
2017-02-28,sh601318,78.4560,78.6960,78.1960,78.2760,26846900,2.160530
2017-03-01,sh601318,78.3360,78.4560,78.0760,78.1360,35508100,2.160841
2017-03-02,sh601318,78.4960,78.4960,77.4960,77.5360,46565600,2.162186
2017-03-03,sh601318,77.4160,77.6960,77.2360,77.5160,25135400,2.162232
2017-03-06,sh601318,77.4360,77.6960,77.3160,77.4760,28671700,2.162322
2017-03-07,sh601318,77.4760,77.7560,77.4160,77.7360,23721100,2.161735
2017-03-08,sh601318,77.6160,77.6560,77.3560,77.4560,22285600,2.162367
2017-03-09,sh601318,77.3560,77.4160,76.8160,77.3760,37796600,2.162549
2017-03-10,sh601318,77.2360,77.3560,76.9760,77.0160,20744600,2.163371
2017-03-13,sh601318,77.0160,77.8960,76.9360,77.7560,35999000,2.161690
2017-03-14,sh601318,77.7960,78.0760,77.4360,77.6960,27696400,2.161825
2017-03-15,sh601318,77.5760,77.8160,77.3360,77.7360,26872000,2.161735
2017-03-16,sh601318,78.0160,78.2960,77.7560,77.9560,39164100,2.161242
2017-03-17,sh601318,78.0560,78.2560,77.0560,77.3160,54262100,2.162685
2017-03-20,sh601318,77.3360,77.7360,77.1360,77.4760,42458900,2.162322
2017-03-21,sh601318,77.8760,78.3960,77.5560,78.3560,97008400,2.160353
2017-03-22,sh601318,77.9960,78.2760,77.4360,77.8160,52790600,2.161556
2017-03-23,sh601318,78.1760,79.6760,78.0960,78.9560,120905900,2.159037
2017-03-24,sh601318,79.1160,80.0360,78.2160,78.9160,94401600,2.159124
2017-03-27,sh601318,78.8360,80.3760,78.8160,79.2960,122860100,2.158302
2017-03-28,sh601318,79.3560,79.7560,79.0360,79.2760,52334600,2.158345
2017-03-29,sh601318,79.5960,79.8960,79.1960,79.3760,52522600,2.158129
2017-03-30,sh601318,79.2360,79.3960,78.6160,79.3160,49288100,2.158259
2017-03-31,sh601318,79.1760,80.0960,78.9760,79.8360,63799600,2.157147
2017-04-05,sh601318,80.0160,80.4160,79.7960,80.0160,61349900,2.156765
2017-04-06,sh601318,80.0360,80.0760,79.3760,79.7360,52331300,2.157359
2017-04-07,sh601318,79.6960,79.8360,78.9360,79.0160,64760900,2.158907
2017-04-10,sh601318,78.9360,79.2360,78.5760,78.7160,48441700,2.159561
2017-04-11,sh601318,78.7160,79.0160,77.4960,78.1960,63322500,2.160707
2017-04-12,sh601318,78.1560,78.4560,75.6160,77.8360,66507700,2.161511
2017-04-13,sh601318,77.4160,77.9960,77.4160,77.6160,38759000,2.162006
2017-04-14,sh601318,77.6160,77.8960,77.1360,77.5960,37091500,2.162051
2017-04-17,sh601318,77.4360,77.9560,77.1560,77.8560,37660200,2.161466
2017-04-18,sh601318,77.8160,77.9960,77.1560,77.2160,35523000,2.162913
2017-04-19,sh601318,77.1760,77.5160,76.7560,76.8360,48705000,2.163785
2017-04-20,sh601318,77.1360,77.6360,76.9360,77.4160,41604800,2.162458
2017-04-21,sh601318,77.4360,78.3360,77.1160,77.9960,52520300,2.161153
2017-04-24,sh601318,77.9960,78.3360,77.7960,78.1560,54992200,2.160796
2017-04-25,sh601318,78.1560,78.9360,78.0560,78.7760,61281300,2.159430
2017-04-26,sh601318,78.9560,81.6560,78.7560,80.8360,160935900,2.155052
2017-04-27,sh601318,80.7960,82.3360,80.6960,81.4560,125005400,2.153781
2017-04-28,sh601318,81.6160,81.9560,81.0360,81.7360,67866300,2.153214
2017-05-02,sh601318,81.4160,82.5760,81.4160,81.6360,61932500,2.153416
2017-05-03,sh601318,81.7160,82.3760,81.4560,81.8160,50538300,2.153053
2017-05-04,sh601318,81.7160,82.0160,81.2760,81.4560,54857300,2.153781
2017-05-05,sh601318,81.2160,81.5360,80.2160,80.3360,62397900,2.156092
2017-05-08,sh601318,80.3360,82.0560,80.2960,81.3960,95293200,2.153903
2017-05-09,sh601318,81.2360,81.9760,81.2360,81.7960,59518200,2.153093
2017-05-10,sh601318,81.8760,85.9160,81.8360,85.4960,158920300,2.145984
2017-05-11,sh601318,85.4160,85.9960,84.9360,85.3560,82779400,2.146241
2017-05-12,sh601318,85.2160,88.4160,85.2160,87.7160,120017100,2.142027
2017-05-15,sh601318,88.2560,89.7360,87.0560,87.6160,71622400,2.142200
2017-05-16,sh601318,87.6160,88.4160,87.1760,87.9960,62986200,2.141543
2017-05-17,sh601318,87.8160,87.9960,86.1960,86.6560,77910600,2.143889
2017-05-18,sh601318,85.9360,87.9760,85.9360,87.0560,58167800,2.143181
2017-05-19,sh601318,86.9960,88.4760,86.9960,87.8360,42046700,2.141819
2017-05-22,sh601318,87.8760,91.8560,87.8760,91.4960,102557000,2.135761
2017-05-23,sh601318,91.8160,94.1760,91.5160,92.1560,106099000,2.134723
2017-05-24,sh601318,91.8160,92.8960,89.7560,91.8760,81351900,2.135162
2017-05-25,sh601318,91.8160,96.9360,91.7160,96.7960,138989900,2.127852
2017-05-26,sh601318,96.6160,97.5160,95.5360,96.1760,78361300,2.128730
2017-05-31,sh601318,95.8160,100.0760,95.4560,95.9560,100997700,2.129044
2017-06-01,sh601318,96.6160,97.8160,95.6160,97.7560,77236100,2.126517
2017-06-02,sh601318,97.5960,98.5560,95.0760,95.7360,82633300,2.129359
2017-06-05,sh601318,95.6560,96.1160,93.9760,95.1560,78000200,2.130199
2017-06-06,sh601318,95.0160,98.0160,95.0160,97.8760,96716900,2.126352
2017-06-07,sh601318,98.2160,99.5760,97.2360,97.7760,78820000,2.126490
2017-06-08,sh601318,97.6160,101.1160,97.4560,101.0560,83217100,2.122134
2017-06-09,sh601318,101.2160,103.3560,100.8160,102.0960,92567600,2.120814
2017-06-12,sh601318,101.8560,105.0960,101.8560,103.6760,85959600,2.118864
2017-06-13,sh601318,103.3160,104.2160,101.6160,102.6960,67046100,2.120066
2017-06-14,sh601318,103.0760,103.4960,99.8160,100.2360,83401300,2.123194
2017-06-15,sh601318,100.1960,100.7560,97.6360,98.1760,104198300,2.125942
2017-06-16,sh601318,98.0160,100.1760,98.0160,99.2160,80723100,2.124540
2017-06-19,sh601318,99.7360,103.0760,99.1960,102.9360,80848100,2.119769
2017-06-20,sh601318,103.3560,103.6760,101.1560,102.0160,61635500,2.120915
2017-06-21,sh601318,102.4160,104.9360,100.9360,104.6760,84975700,2.117661
2017-06-22,sh601318,104.2160,106.7560,103.9160,104.0960,114646400,2.118356
2017-06-23,sh601318,104.2960,105.6160,103.3960,105.2560,87371900,2.116975
2017-06-26,sh601318,105.7960,107.3560,104.5160,105.2560,95319200,2.116975
2017-06-27,sh601318,105.2160,105.7160,103.6760,105.6560,78083500,2.116506
2017-06-28,sh601318,105.2160,105.2960,102.9160,103.0360,69132200,2.119646
2017-06-29,sh601318,103.4160,105.9160,102.5760,105.7360,75322800,2.116413
2017-06-30,sh601318,105.4160,106.2160,104.3760,105.0360,59863000,2.117234
2017-07-03,sh601318,105.4160,105.4160,102.9160,103.6960,56319900,2.118839
2017-07-04,sh601318,103.4160,103.4960,101.6360,101.6560,68392000,2.121369
2017-07-05,sh601318,101.8160,107.2160,101.8160,106.6560,127253700,2.115351
2017-07-06,sh601318,106.6560,109.8160,105.9560,108.5960,113781400,2.113174
2017-07-07,sh601318,108.1160,109.0560,106.8760,107.8360,53392500,2.114017
2017-07-10,sh601318,107.8560,109.7360,107.1960,108.0760,57077600,2.113749
2017-07-11,sh601318,108.5360,110.9360,108.1360,109.3760,69953900,2.134999
2017-07-12,sh601318,109.6360,111.9160,107.7560,108.1360,87011700,2.136653
2017-07-13,sh601318,108.8760,110.6360,108.5760,110.1760,66534200,2.133953
2017-07-14,sh601318,110.2960,112.4960,109.5160,112.4560,70779100,2.131059
2017-07-17,sh601318,112.9360,117.0960,111.7560,114.7160,140879100,2.128312
2017-07-18,sh601318,114.1160,115.4360,111.9360,113.8560,87902900,2.129344
2017-07-19,sh601318,114.2760,115.8760,113.1360,114.5960,77118000,2.128455
2017-07-20,sh601318,114.0160,115.2160,112.5560,114.9360,65919800,2.128050
2017-07-21,sh601318,113.3160,113.4760,110.7160,110.8360,129479100,2.133102
2017-07-24,sh601318,111.0760,113.1160,110.2760,112.1360,90459500,2.131458
2017-07-25,sh601318,112.1560,113.0160,111.2760,111.5360,50683400,2.132212
2017-07-26,sh601318,111.1160,111.9160,109.4760,110.6960,65761000,2.133282
2017-07-27,sh601318,110.6160,112.3960,109.0960,111.6360,66713200,2.132086
2017-07-28,sh601318,111.3160,111.8360,110.5160,110.6960,49129400,2.133282
2017-07-31,sh601318,110.6760,112.1960,109.7360,110.9560,61600500,2.132949
2017-08-01,sh601318,111.3160,116.7160,111.3160,116.6160,114793600,2.126089
2017-08-02,sh601318,116.5360,116.5560,114.6760,114.9960,72381700,2.127979
2017-08-03,sh601318,114.9960,115.8760,112.6760,112.7560,56531100,2.130688
2017-08-04,sh601318,112.8960,113.2960,110.6160,110.7960,66608700,2.133154
2017-08-07,sh601318,110.7360,112.5960,109.9760,111.5560,52385200,2.132187
2017-08-08,sh601318,111.5160,112.0360,110.7360,111.8160,36732200,2.131859
2017-08-09,sh601318,111.6160,112.5960,110.9160,111.0360,41073400,2.132847
2017-08-10,sh601318,111.0560,111.8160,107.9360,108.3760,84642300,2.136330
2017-08-11,sh601318,107.3160,108.3760,105.9760,106.0760,82814500,2.139492
2017-08-14,sh601318,106.8960,108.9160,106.1960,107.8960,79149400,2.136978
2017-08-15,sh601318,108.5160,110.0360,108.1160,108.7160,68084900,2.135874
2017-08-16,sh601318,108.6160,109.4960,107.9760,109.3360,34085100,2.135052
2017-08-17,sh601318,109.8560,110.5760,108.6560,109.1160,37471100,2.135342
2017-08-18,sh601318,111.7160,114.6360,110.1560,113.2560,117642800,2.130073
2017-08-21,sh601318,113.7160,115.4760,112.4760,112.9760,71615200,2.130417
2017-08-22,sh601318,113.7360,117.4360,113.5560,117.3160,100989600,2.125290
2017-08-23,sh601318,116.9360,118.5760,116.5560,117.7160,56488400,2.124838
2017-08-24,sh601318,118.0160,119.4760,116.8160,117.1560,56065400,2.125472
2017-08-25,sh601318,116.7160,119.3560,116.5960,118.5760,74310600,2.123876
2017-08-28,sh601318,118.8760,122.4160,118.8760,119.3160,80329500,2.123060
2017-08-29,sh601318,119.1160,121.4160,118.6760,121.0360,41677400,2.121206
2017-08-30,sh601318,120.9160,122.1760,119.4360,119.7360,47027700,2.122602
2017-08-31,sh601318,119.5760,120.2360,118.0160,118.9760,48095700,2.123434
2017-09-01,sh601318,119.0160,120.9960,118.1160,119.2560,57108300,2.123126
2017-09-04,sh601318,118.9360,119.0360,117.5360,118.2160,48405100,2.143536
2017-09-05,sh601318,118.7160,121.1160,118.1360,120.4960,56376900,2.140629
2017-09-06,sh601318,120.0160,120.6760,118.0960,118.7160,42406300,2.142888
2017-09-07,sh601318,119.1160,119.5560,117.5760,117.7360,32974000,2.144163
2017-09-08,sh601318,117.7160,118.9560,117.5760,117.9560,29032200,2.143875
2017-09-11,sh601318,118.3360,119.8760,115.7560,115.8960,80409800,2.146620
2017-09-12,sh601318,116.8760,117.6560,115.1360,117.5360,55595400,2.144426
2017-09-13,sh601318,117.5160,118.6360,116.5760,118.0560,39806900,2.143744
2017-09-14,sh601318,118.1160,118.4160,115.7160,115.9560,51019100,2.146538
2017-09-15,sh601318,116.0960,116.3160,114.2160,114.6760,75425900,2.148295
2017-09-18,sh601318,114.4560,116.8760,114.4560,114.5160,75400200,2.148518
2017-09-19,sh601318,115.2960,115.9960,114.1360,114.8360,62150600,2.148073
2017-09-20,sh601318,114.7960,115.3160,113.9160,114.0760,58718900,2.149133
2017-09-21,sh601318,114.2360,116.3960,113.9360,115.5560,72709200,2.147083
2017-09-22,sh601318,115.0160,116.6160,114.9560,115.9960,54947100,2.146484
2017-09-25,sh601318,116.0160,117.3760,115.5560,116.2360,65794400,2.146160
2017-09-26,sh601318,115.8960,116.5760,115.8160,116.4160,42795800,2.145917
2017-09-27,sh601318,116.1160,116.3960,114.8360,115.1160,46898400,2.147687
2017-09-28,sh601318,115.1160,115.8560,114.5560,115.3960,39773700,2.147302
2017-09-29,sh601318,115.3560,116.6160,114.7760,116.2360,43417200,2.146160
2017-10-09,sh601318,120.1160,120.9160,117.3360,117.4360,88236100,2.144558
2017-10-10,sh601318,117.6360,118.9560,115.5360,117.7560,96068300,2.144137
2017-10-11,sh601318,117.7160,119.3560,117.0160,118.5360,66452700,2.143121
2017-10-12,sh601318,118.3160,122.2960,118.1560,122.1360,89855000,2.138610
2017-10-13,sh601318,121.7360,122.7760,121.3760,122.0760,50815300,2.138683
2017-10-16,sh601318,122.9160,125.0160,122.0960,122.2560,74976900,2.138464
2017-10-17,sh601318,122.7360,124.4360,122.3160,123.7960,63781500,2.136624
2017-10-18,sh601318,124.0360,125.9760,123.6560,125.8760,71037900,2.134215
2017-10-19,sh601318,126.0360,127.8160,125.5160,127.0960,74113800,2.132841
2017-10-20,sh601318,125.9160,126.8160,125.1960,125.9560,45688100,2.134124
2017-10-23,sh601318,127.3760,128.2760,126.3160,127.6760,51239100,2.132198
2017-10-24,sh601318,127.4560,130.0360,127.1760,128.3160,70533600,2.131495
2017-10-25,sh601318,128.1160,128.7960,127.3360,128.0760,38645600,2.131758
2017-10-26,sh601318,127.9160,132.4360,127.6360,130.6960,83684000,2.128946
2017-10-27,sh601318,130.9160,135.8760,130.8760,135.7760,87686000,2.123823
2017-10-30,sh601318,135.9160,138.5160,134.1760,136.0360,118383100,2.123572
2017-10-31,sh601318,134.9160,136.9160,134.5360,136.6360,51366100,2.122996
2017-11-01,sh601318,136.8560,140.4760,135.3560,136.1560,100111900,2.123456
2017-11-02,sh601318,136.3160,136.6960,133.9160,136.1960,82494600,2.123418
2017-11-03,sh601318,135.9160,137.5960,134.8760,136.8160,68143900,2.122824
2017-11-06,sh601318,137.2960,137.3160,133.7560,135.9360,90857000,2.123668
2017-11-07,sh601318,136.5160,141.0560,136.5160,138.6560,117356500,2.121095
2017-11-08,sh601318,138.7160,140.6160,136.5560,137.1360,86782000,2.122520
2017-11-09,sh601318,136.9160,140.6960,136.7160,140.5760,70866900,2.119343
2017-11-10,sh601318,139.9160,147.8160,139.7760,147.6960,125406000,2.113264
2017-11-13,sh601318,148.1160,149.0560,146.8760,148.2160,75220700,2.112844
2017-11-14,sh601318,149.2960,150.4960,147.4560,148.7560,80174800,2.112411
2017-11-15,sh601318,147.8760,148.7760,145.0960,146.3160,100945900,2.114393
2017-11-16,sh601318,145.5160,154.1360,145.4160,153.9360,116376400,2.108424
2017-11-17,sh601318,153.3160,158.5560,151.5160,158.4560,158039300,2.105168
2017-11-20,sh601318,157.4760,160.8960,156.0560,159.3360,114128100,2.104557
2017-11-21,sh601318,158.1760,167.2760,158.1760,164.7960,144556900,2.100918
2017-11-22,sh601318,166.9160,167.8360,161.0760,162.8160,129348700,2.102208
2017-11-23,sh601318,161.1160,164.7960,155.3160,156.5560,157621000,2.106512
2017-11-24,sh601318,156.2160,158.8360,153.3360,157.1560,131784300,2.106084
2017-11-27,sh601318,157.3160,157.7160,151.0160,155.0160,163723200,2.107627
2017-11-28,sh601318,153.3160,154.9960,151.6760,153.3760,78646900,2.108841
2017-11-29,sh601318,154.9960,156.2960,150.4360,152.7560,87500400,2.109307
2017-11-30,sh601318,150.6560,151.2560,147.0160,147.7560,116373300,2.113215
2017-12-01,sh601318,147.2160,148.2760,143.7360,144.1160,139304600,2.116241
2017-12-04,sh601318,143.1160,148.6160,142.6560,146.6960,115928300,2.114080
2017-12-05,sh601318,145.7160,150.9160,145.4760,150.3160,169253900,2.111180
2017-12-06,sh601318,149.7160,150.1160,143.9160,146.7160,124560700,2.114063
2017-12-07,sh601318,146.6160,147.5360,143.1160,145.1960,85970300,2.115326
2017-12-08,sh601318,145.7960,151.6360,145.2360,150.8960,109563200,2.110729
2017-12-11,sh601318,150.3160,154.5360,149.5560,154.4160,113992700,2.108068
2017-12-12,sh601318,154.4160,155.0360,150.2560,150.3360,77790000,2.111164
2017-12-13,sh601318,150.3360,153.1560,148.3160,152.1560,86511700,2.109762
2017-12-14,sh601318,152.1560,152.2360,149.1160,149.9360,67618600,2.111477
2017-12-15,sh601318,149.2960,150.7960,148.0160,148.6760,73554700,2.112475
2017-12-18,sh601318,148.3360,151.7760,148.3360,149.2560,67911600,2.112014
2017-12-19,sh601318,149.7360,155.1760,149.3360,155.0760,127058300,2.107584
2017-12-20,sh601318,154.8960,157.0960,154.0760,155.7960,93938200,2.107060
2017-12-21,sh601318,155.1960,159.0760,154.3360,157.7360,93470700,2.105673
2017-12-22,sh601318,157.5160,158.3160,155.1760,155.9560,71952600,2.106944
2017-12-25,sh601318,156.0360,160.2560,154.6560,156.2360,110997800,2.106742
2017-12-26,sh601318,156.1360,157.0360,153.6760,155.7960,83228900,2.107060
2017-12-27,sh601318,154.8160,154.8160,147.9560,148.6160,150683400,2.112523
2017-12-28,sh601318,148.5160,150.7560,147.2560,149.0960,113088600,2.112141
2017-12-29,sh601318,150.0960,150.9760,146.9160,147.8760,104001800,2.113118
2018-01-02,sh601318,148.3360,153.5160,148.2760,153.0960,123616300,2.109051
2018-01-03,sh601318,154.7160,155.7160,148.1360,149.8560,179405400,2.111540
2018-01-04,sh601318,149.9560,152.3160,149.0160,150.2760,106115700,2.111211
2018-01-05,sh601318,151.0960,151.6760,148.8160,149.6960,77207500,2.111666
2018-01-08,sh601318,149.4960,149.4960,146.5560,147.9360,122872900,2.113070
2018-01-09,sh601318,148.5160,152.0760,147.9760,151.6560,123949100,2.110143
2018-01-10,sh601318,151.1160,151.6560,149.3360,151.3560,82812300,2.110374
2018-01-11,sh601318,150.0160,154.1560,149.9160,153.2160,109628800,2.108961
2018-01-12,sh601318,153.2360,156.9160,152.5760,156.7360,128266200,2.106384
2018-01-15,sh601318,158.6160,164.9160,158.6160,163.2160,200659800,2.101945
2018-01-16,sh601318,163.2760,166.8760,162.3160,163.5360,150164300,2.101735
2018-01-17,sh601318,164.1160,166.6160,160.9160,162.5960,141357400,2.102353
2018-01-18,sh601318,165.0360,168.1360,162.0760,163.1360,207447100,2.101997
2018-01-19,sh601318,164.5160,166.0360,161.6960,163.0960,155380900,2.102023
2018-01-22,sh601318,162.1360,166.3160,162.0160,165.3960,121588200,2.100533
2018-01-23,sh601318,168.5160,170.4760,164.4960,165.4360,191989800,2.100508
2018-01-24,sh601318,165.9160,166.7960,160.6760,160.7960,168914100,2.103558
2018-01-25,sh601318,159.7760,159.8960,157.5160,158.4960,123439600,2.105140
2018-01-26,sh601318,158.5160,161.6160,158.3360,160.1160,112554600,2.104021
2018-01-29,sh601318,161.2360,161.3160,153.6960,154.6360,151784300,2.107906
2018-01-30,sh601318,153.7160,156.6360,153.5160,154.6760,86781600,2.107877
2018-01-31,sh601318,153.2160,158.2160,152.9560,158.0760,93472600,2.105434
2018-02-01,sh601318,157.9160,159.1160,156.0160,158.8760,141576200,2.104875
2018-02-02,sh601318,157.6560,160.6760,156.1760,159.9360,100758300,2.104144
2018-02-05,sh601318,156.7160,159.8160,156.5160,159.3360,94805400,2.104557
2018-02-06,sh601318,155.6160,157.3160,152.9160,155.4560,204966600,2.107306
2018-02-07,sh601318,157.1160,157.2160,148.9160,150.6760,174784000,2.110899
2018-02-08,sh601318,149.1360,150.9160,144.6560,145.8960,153010800,2.114741
2018-02-09,sh601318,140.9160,141.8560,132.3160,136.7760,249202900,2.122862
2018-02-12,sh601318,137.2360,139.2160,135.9160,137.8360,102961100,2.121860
2018-02-13,sh601318,140.3160,144.6160,140.0360,141.9560,114795700,2.118114
2018-02-14,sh601318,142.9160,146.2960,142.3160,145.6960,64650100,2.114908
2018-02-22,sh601318,148.3760,148.7560,146.3760,147.4560,78364900,2.113459
2018-02-23,sh601318,148.4160,150.8360,147.5760,149.1960,55601100,2.112061
2018-02-26,sh601318,149.8960,151.0760,147.1160,149.5160,69384000,2.111808
2018-02-27,sh601318,149.9560,150.2960,146.8560,147.5360,78099400,2.113393
2018-02-28,sh601318,146.3160,146.3960,143.3160,143.4360,78217000,2.116824
2018-03-01,sh601318,142.2760,146.6760,141.6760,145.7760,66329600,2.114841
2018-03-02,sh601318,143.9160,145.2360,142.8160,143.2760,58143900,2.116962
2018-03-05,sh601318,143.2360,145.0960,141.9160,143.6760,60982300,2.116618
2018-03-06,sh601318,144.7160,146.6960,142.7160,146.5560,65707700,2.114195
2018-03-07,sh601318,145.8760,148.2760,144.2760,145.4760,59055500,2.115092
2018-03-08,sh601318,146.0360,149.5960,145.4360,148.9960,69268100,2.112220
2018-03-09,sh601318,149.9160,150.8360,148.5360,149.6960,47622200,2.111666
2018-03-12,sh601318,151.1160,151.6360,149.1160,150.1560,58335100,2.111305
2018-03-13,sh601318,150.3160,150.6160,146.2760,146.7560,60949200,2.114031
2018-03-14,sh601318,145.6160,146.3160,144.4360,145.5560,51476000,2.115025
2018-03-15,sh601318,144.7360,149.3160,144.7160,148.8960,62711000,2.112300
2018-03-16,sh601318,149.3160,151.8160,148.8160,148.9360,70132600,2.112268
2018-03-19,sh601318,149.6960,155.6760,148.8760,155.5360,92449900,2.107248
2018-03-20,sh601318,154.1160,156.2960,153.3160,156.0960,65977800,2.106843
2018-03-21,sh601318,161.3160,161.3360,153.9760,155.5560,136748500,2.107234
2018-03-22,sh601318,154.9360,156.2560,151.2760,153.6760,90287700,2.108617
2018-03-23,sh601318,147.9160,149.4560,146.7560,148.5160,148695400,2.112603
2018-03-26,sh601318,146.3160,147.8560,141.8760,144.4760,138098500,2.115934
2018-03-27,sh601318,147.0760,147.2360,142.9160,144.2360,103992000,2.116138
2018-03-28,sh601318,141.9160,143.2760,137.6760,138.7160,142078700,2.121040
2018-03-29,sh601318,138.7560,142.4760,134.9360,140.6960,146254500,2.119235
2018-03-30,sh601318,139.9360,140.4560,137.5160,138.5360,84202200,2.121207
2018-04-02,sh601318,136.4160,140.4160,136.3560,137.2360,80555900,2.122425
2018-04-03,sh601318,135.8160,137.8160,135.5960,136.9360,60407000,2.122710
2018-04-04,sh601318,137.7160,139.0760,135.8760,137.0160,67998900,2.122634
2018-04-09,sh601318,137.8960,139.8960,136.0160,139.8360,71614200,2.120012
2018-04-10,sh601318,139.2960,144.7160,138.6960,144.4160,90513900,2.115985
2018-04-11,sh601318,144.5160,145.0560,142.8760,143.2560,72092400,2.116979
2018-04-12,sh601318,143.7360,143.8560,141.2960,141.3560,54450200,2.118645
2018-04-13,sh601318,142.7760,142.8160,140.0160,140.2760,46638500,2.119613
2018-04-16,sh601318,139.9360,141.2360,135.6760,136.5160,80963900,2.123110
2018-04-17,sh601318,136.7960,137.6360,133.5760,134.1760,83167200,2.125392
2018-04-18,sh601318,135.4760,135.8160,133.1160,134.9360,76484500,2.124642
2018-04-19,sh601318,135.7160,137.8160,135.2360,136.8760,72647300,2.122767
2018-04-20,sh601318,136.3160,137.6560,134.9360,136.2160,60334000,2.123398
2018-04-23,sh601318,136.2160,138.2360,135.4760,137.8960,54446600,2.121803
2018-04-24,sh601318,138.7160,142.0360,138.4760,141.0360,90695400,2.118930
2018-04-25,sh601318,139.9960,140.8360,138.5360,138.9160,47782700,2.120855
2018-04-26,sh601318,139.2760,139.6960,133.5360,134.1560,84155300,2.125412
2018-04-27,sh601318,135.0160,135.3760,124.5960,129.6960,260286200,2.130005
2018-05-02,sh601318,130.6360,131.4960,129.4160,130.5960,70890800,2.129051
2018-05-03,sh601318,129.6760,131.0760,127.7160,130.7960,62912500,2.128841
2018-05-04,sh601318,130.5760,131.1960,129.1960,129.3360,44158600,2.130390
2018-05-07,sh601318,129.0160,130.8560,127.3360,130.2960,82944700,2.129368
2018-05-08,sh601318,130.6360,135.6760,130.3960,134.0760,117472000,2.125491
2018-05-09,sh601318,134.1160,134.7160,132.9560,133.8160,48443100,2.125751
2018-05-10,sh601318,134.5160,135.4160,133.1360,134.2760,49817800,2.125293
2018-05-11,sh601318,135.0760,135.2360,133.5360,134.1160,45210500,2.125452
2018-05-14,sh601318,135.3160,137.0760,134.9160,136.1160,68370900,2.123495
2018-05-15,sh601318,136.9160,137.0960,134.7160,135.8560,52952900,2.123746
2018-05-16,sh601318,135.2760,135.7560,133.1760,133.5360,55951400,2.126031
2018-05-17,sh601318,134.0960,134.2960,131.7960,131.9160,47778200,2.127677
2018-05-18,sh601318,131.6760,134.1560,131.0960,133.9960,56625300,2.125571
2018-05-21,sh601318,135.0160,136.2160,134.4560,135.2360,70506500,2.124348
2018-05-22,sh601318,135.0760,135.5960,132.9160,133.9360,43769200,2.125631
2018-05-23,sh601318,133.8160,133.8160,131.2560,131.4360,56915400,2.128174
2018-05-24,sh601318,131.8360,132.4560,130.2360,130.3560,44151300,2.129304
2018-05-25,sh601318,130.6760,132.2760,130.5960,130.9760,35392900,2.128653
2018-05-28,sh601318,131.5160,133.6760,131.0160,132.9160,45894800,2.126656
2018-05-29,sh601318,132.5560,133.2360,130.5160,132.6760,63647400,2.126900
2018-05-30,sh601318,130.5360,131.3160,129.0760,129.2160,49083600,2.130519
2018-05-31,sh601318,130.1360,132.2760,129.3360,132.1760,66538800,2.127410
2018-06-01,sh601318,131.7360,132.2960,130.4760,131.1960,40800700,2.128423
2018-06-04,sh601318,132.1160,135.3360,131.7160,134.9760,85889700,2.124603
2018-06-05,sh601318,135.0960,137.9160,134.3360,137.0760,88517200,2.122577
2018-06-06,sh601318,136.7760,136.8160,135.3360,135.5360,49022000,2.124056
2018-06-07,sh601318,136.8560,139.3960,136.3560,136.7960,74626600,2.163125
2018-06-08,sh601318,136.2560,136.7960,134.2160,135.0960,57939100,2.165347
2018-06-11,sh601318,134.8160,136.7160,134.0160,136.3760,51280300,2.163668
2018-06-12,sh601318,136.7160,138.8160,135.9560,138.1160,76355900,2.161440
2018-06-13,sh601318,137.9160,138.1360,137.0160,137.8160,45905300,2.161820
2018-06-14,sh601318,137.4760,141.0160,137.2160,139.1960,79848400,2.160087
2018-06-15,sh601318,138.5160,140.6360,138.3560,139.5760,66658200,2.159616
2018-06-19,sh601318,137.9160,138.7160,133.9160,134.4960,127826300,2.166146
2018-06-20,sh601318,134.1160,135.3960,131.8760,134.0160,74319500,2.166791
2018-06-21,sh601318,134.0360,135.4360,132.3160,132.4960,60549300,2.168866
2018-06-22,sh601318,131.5160,133.3160,131.5160,132.4560,46537600,2.168921
2018-06-25,sh601318,132.8760,133.0160,129.5160,129.8960,60749600,2.172537
2018-06-26,sh601318,128.5160,129.5360,125.9160,128.7960,71792700,2.174139
2018-06-27,sh601318,128.5160,129.2160,125.1960,125.3160,69708400,2.179409
2018-06-28,sh601318,124.5360,126.2160,123.3760,123.9760,73599100,2.181524
2018-06-29,sh601318,124.5560,127.5760,124.5160,127.4760,64511200,2.176101
2018-07-02,sh601318,126.8760,126.8760,119.6160,120.7560,90018900,2.186816
2018-07-03,sh601318,121.5160,123.4360,118.9760,122.9960,94916700,2.183103
2018-07-04,sh601318,122.7760,124.0760,121.0560,121.3560,51949300,2.185807
2018-07-05,sh601318,121.7160,122.8560,120.6760,121.3760,54843400,2.185773
2018-07-06,sh601318,122.2760,125.6160,121.3960,124.1960,82431100,2.181173
2018-07-09,sh601318,125.5160,128.1360,124.7160,128.0760,69604300,2.175204
2018-07-10,sh601318,128.3160,128.4160,125.4160,126.6760,55562700,2.177312
2018-07-11,sh601318,123.8160,125.3360,123.4360,124.4960,47378100,2.180697
2018-07-12,sh601318,124.7960,128.0960,124.7960,127.0760,64770700,2.176704
2018-07-13,sh601318,127.8560,128.1560,126.8760,127.3960,39378500,2.176221
2018-07-16,sh601318,126.9160,127.8760,125.0760,125.7560,43194200,2.178725
2018-07-17,sh601318,126.1160,126.8360,125.1560,126.3560,37994300,2.177801
2018-07-18,sh601318,126.8760,128.5360,125.8160,125.9360,46448500,2.178447
2018-07-19,sh601318,127.0360,128.9160,127.0160,127.7360,70369900,2.175711
2018-07-20,sh601318,127.5160,133.5360,126.7760,131.9960,106935000,2.169560
2018-07-23,sh601318,131.0160,133.5160,130.8160,132.4760,80457300,2.168893
2018-07-24,sh601318,132.4360,136.3160,132.3760,133.7960,83684700,2.167088
2018-07-25,sh601318,134.7760,134.7960,133.1160,134.6360,40900600,2.165959
2018-07-26,sh601318,134.8760,135.2760,131.6760,131.9160,48259300,2.169671
2018-07-27,sh601318,132.2760,132.9760,131.4560,132.0560,33417100,2.169476
2018-07-30,sh601318,132.1160,134.1560,131.8160,133.4360,37637000,2.167576
2018-07-31,sh601318,133.5160,134.0960,131.9560,133.5160,26069800,2.167468
2018-08-01,sh601318,133.9160,135.1360,129.5560,129.7160,56343400,2.172797
2018-08-02,sh601318,129.1360,129.2960,125.9160,126.8360,64680400,2.177068
2018-08-03,sh601318,127.1760,127.8360,125.8760,125.9560,36208300,2.178416
2018-08-06,sh601318,125.9360,128.0360,125.0360,125.9760,41978500,2.178385
2018-08-07,sh601318,126.5360,129.5160,126.2360,129.4360,56186100,2.173203
2018-08-08,sh601318,129.4160,129.7160,126.6960,127.0760,41210900,2.176704
2018-08-09,sh601318,127.0760,132.2960,126.6760,131.5560,63543300,2.170175
2018-08-10,sh601318,131.4360,132.2360,129.9760,131.1960,34904100,2.170682
2018-08-13,sh601318,129.9160,130.0160,127.6360,129.4160,45464900,2.173233
2018-08-14,sh601318,129.4360,129.7560,127.4760,128.4160,30874000,2.174699
2018-08-15,sh601318,128.3760,128.4160,123.6560,124.3760,61374700,2.180887
2018-08-16,sh601318,123.0760,126.2160,122.0760,124.2760,47507400,2.181046
2018-08-17,sh601318,125.7160,125.9560,123.2360,123.4760,35136000,2.182326
2018-08-20,sh601318,124.1960,125.9560,123.8360,125.9360,46214200,2.178447
2018-08-21,sh601318,126.0360,129.6160,126.0360,129.1560,63665000,2.173612
2018-08-22,sh601318,132.8760,133.3160,131.0560,132.1760,104185700,2.169309
2018-08-23,sh601318,132.3360,135.0760,132.3360,134.5760,75611100,2.166039
2018-08-24,sh601318,133.7160,136.9760,133.3160,135.2560,57263100,2.165135
2018-08-27,sh601318,136.4760,137.6760,135.7560,137.2560,58579300,2.162533
2018-08-28,sh601318,137.9160,137.9960,135.5160,136.1160,42494400,2.164006
2018-08-29,sh601318,135.6760,136.9160,135.6160,136.3360,27892600,2.163720
2018-08-30,sh601318,137.3160,138.4160,136.3560,136.6360,45849600,2.163331
2018-08-31,sh601318,135.1160,137.1760,134.7160,136.2760,52111400,2.163798
2018-09-03,sh601318,135.5160,136.3160,134.5360,135.7760,32379000,2.164451
2018-09-04,sh601318,136.0160,140.1760,135.3960,139.9160,65837800,2.159198
2018-09-05,sh601318,139.1360,139.5960,135.9160,135.9160,50743700,2.164268
2018-09-06,sh601318,135.7560,136.5960,133.5760,134.1960,45742600,2.188454
2018-09-07,sh601318,135.3160,138.5560,134.7560,137.1160,49471100,2.184071
2018-09-10,sh601318,136.7560,137.2960,134.7560,135.6160,32339000,2.186297
2018-09-11,sh601318,135.5560,136.7160,134.0560,134.9160,34707000,2.187354
2018-09-12,sh601318,134.1760,134.4760,132.1160,132.7560,43546000,2.190693
2018-09-13,sh601318,135.1160,136.3560,133.5760,136.3560,53884600,2.185192
2018-09-14,sh601318,136.6960,139.0760,136.3960,138.1560,55837000,2.182559
2018-09-17,sh601318,136.1560,137.9160,136.0560,136.5760,26959500,2.184866
2018-09-18,sh601318,135.8560,140.1560,135.7560,139.7960,63556900,2.180225
2018-09-19,sh601318,139.7360,143.1560,139.1760,141.8560,83470500,2.177375
2018-09-20,sh601318,141.9560,142.6760,140.7760,141.1560,41892300,2.178333
2018-09-21,sh601318,142.1160,146.5560,141.4960,146.5360,81043100,2.171225
2018-09-25,sh601318,145.3560,147.0160,144.5160,145.9360,57810300,2.171990
2018-09-26,sh601318,146.0160,149.5560,145.2160,147.4760,90852500,2.170041
2018-09-27,sh601318,147.0160,147.0560,145.2760,145.9560,62357400,2.171964
2018-09-28,sh601318,146.5560,149.7560,146.4360,148.5560,73952300,2.168701
2018-10-08,sh601318,145.1560,145.2360,140.9760,141.1160,112844400,2.178388
2018-10-09,sh601318,140.8160,142.3160,140.2160,141.5560,48631900,2.177785
2018-10-10,sh601318,141.7360,142.7160,139.9560,140.8560,58279900,2.178747
2018-10-11,sh601318,135.7560,137.9560,134.3160,135.2560,114532700,2.186839
2018-10-12,sh601318,136.5560,140.0560,136.1560,139.2960,77461600,2.180930
2018-10-15,sh601318,139.3560,140.4360,137.7360,137.9560,53974300,2.182848
2018-10-16,sh601318,138.2560,141.9160,138.2160,139.5560,58403400,2.180563
2018-10-17,sh601318,141.8960,142.1960,136.3760,139.8760,76140100,2.180112
2018-10-18,sh601318,138.5360,138.5960,136.0560,136.4560,60301900,2.185044
2018-10-19,sh601318,135.5360,143.7560,135.3160,142.7960,113881500,2.176105
2018-10-22,sh601318,143.5760,150.3960,142.7960,147.4160,161688100,2.170116
2018-10-23,sh601318,147.5560,148.1960,141.3160,142.5760,117213400,2.176401
2018-10-24,sh601318,143.1160,147.2560,142.6760,144.0560,81063200,2.174430
2018-10-25,sh601318,139.9560,144.8760,139.9560,144.8760,73620200,2.173357
2018-10-26,sh601318,144.1560,145.0960,140.3160,142.6360,79741100,2.176320
2018-10-29,sh601318,143.2960,143.5360,135.3560,135.5560,121641900,2.186387
2018-10-30,sh601318,131.5560,140.8160,130.5560,137.1560,126920800,2.184013
2018-10-31,sh601318,137.5760,139.4560,135.8760,138.8160,78283500,2.181612
2018-11-01,sh601318,139.9960,142.5560,139.7160,140.1560,68987100,2.179720
2018-11-02,sh601318,145.3960,146.2560,142.6560,146.2560,117394900,2.171581
2018-11-05,sh601318,144.5560,145.6560,142.9560,144.7160,54713100,2.173566
2018-11-06,sh601318,143.9560,145.1560,143.1560,145.1560,38508100,2.172994
2018-11-07,sh601318,145.3360,146.2360,143.3560,143.7960,51065800,2.174773
2018-11-08,sh601318,145.4160,145.8960,143.5560,144.1560,50494600,2.174299
2018-11-09,sh601318,143.0560,143.5160,140.3160,140.7960,54468900,2.178830
2018-11-12,sh601318,140.3560,141.8360,139.0560,140.8760,45851100,2.178719
2018-11-13,sh601318,139.1160,142.6960,138.5560,141.5760,52099700,2.177757
2018-11-14,sh601318,141.6560,141.7360,138.7560,139.4560,57381400,2.180704
2018-11-15,sh601318,139.5560,141.8360,139.0960,141.7560,50057900,2.177512
2018-11-16,sh601318,141.5560,144.3360,140.9360,142.0560,61987900,2.177103
2018-11-19,sh601318,142.0560,143.9560,141.1560,142.9960,50762800,2.175837
2018-11-20,sh601318,141.5560,142.4360,139.3760,139.7560,59176200,2.180281
2018-11-21,sh601318,138.6160,139.8360,138.6160,139.5760,38524900,2.180534
2018-11-22,sh601318,139.9160,139.9560,137.1960,137.8360,44368300,2.183022
2018-11-23,sh601318,137.8560,138.7360,136.5960,136.8360,37233500,2.184483
2018-11-26,sh601318,137.5560,139.2960,137.1560,137.9560,36998900,2.182848
2018-11-27,sh601318,138.1760,139.3160,137.3760,137.7760,37559600,2.183109
2018-11-28,sh601318,137.7960,139.4760,137.5760,139.0960,41169000,2.181214
2018-11-29,sh601318,140.1560,140.3160,137.5560,137.6560,38665300,2.183283
2018-11-30,sh601318,137.6760,138.8560,137.3560,138.5360,34917100,2.182013
2018-12-03,sh601318,141.9560,143.6560,141.0960,141.5360,112194300,2.177812
2018-12-04,sh601318,141.4560,141.7160,139.8760,141.3360,56247300,2.178086
2018-12-05,sh601318,139.6560,140.7560,139.5160,140.0560,45020700,2.179860
2018-12-06,sh601318,138.8760,139.3160,137.3360,137.5560,58586500,2.183429
2018-12-07,sh601318,138.1960,138.6160,137.5160,137.5560,27029700,2.183429
2018-12-10,sh601318,136.5560,136.9160,135.1960,135.9160,49465000,2.185848
2018-12-11,sh601318,135.9160,136.6960,135.1960,135.8960,41994800,2.185877
2018-12-12,sh601318,137.1560,137.2160,135.6360,136.4760,38739200,2.185014
2018-12-13,sh601318,136.9560,138.5560,136.3560,137.9560,78275400,2.182848
2018-12-14,sh601318,137.3560,137.4360,135.0160,135.4360,75075500,2.186568
2018-12-17,sh601318,135.2960,136.0760,133.6160,134.0960,71213100,2.188608
2018-12-18,sh601318,133.3560,134.9160,132.4960,133.2560,53230200,2.189910
2018-12-19,sh601318,133.5560,134.0760,131.3160,131.7960,51553800,2.192216
2018-12-20,sh601318,131.4560,131.9160,128.7160,129.5560,80695500,2.195864
2018-12-21,sh601318,129.0560,129.2560,126.4560,128.2360,73912700,2.198080
2018-12-24,sh601318,127.5560,128.1560,127.0560,128.0560,35874800,2.198386
2018-12-25,sh601318,126.6360,129.1160,125.3160,127.9760,66463300,2.198523
2018-12-26,sh601318,127.8960,128.0560,125.9560,126.1560,39782100,2.201675
2018-12-27,sh601318,128.1160,128.3160,125.3560,125.3560,75189000,2.203093
2018-12-28,sh601318,125.5560,126.0160,123.7560,123.7560,91498800,2.205989
2019-01-02,sh601318,123.6360,123.9160,121.4360,121.9160,82554200,2.209424
2019-01-03,sh601318,121.8560,124.2160,121.6760,122.9160,69271100,2.207543
2019-01-04,sh601318,122.1160,125.5560,122.0160,124.7360,112985500,2.204206
2019-01-07,sh601318,125.7360,125.8960,123.3560,124.1560,76593000,2.205258
2019-01-08,sh601318,123.6560,123.7360,121.9560,123.1560,55992000,2.207097
2019-01-09,sh601318,123.9560,126.7560,123.4760,125.4560,81914600,2.202915
2019-01-10,sh601318,125.2960,127.1960,124.6560,126.5560,67328200,2.200974
2019-01-11,sh601318,127.5560,128.1360,126.5560,127.6960,45756900,2.199001
2019-01-14,sh601318,127.0360,127.4560,125.3560,125.7960,47532600,2.202311
2019-01-15,sh601318,126.0760,128.9360,125.6760,128.7360,58626400,2.197235
2019-01-16,sh601318,128.3960,129.4760,127.5760,129.0360,40411100,2.196731
2019-01-17,sh601318,129.6560,131.1560,128.6760,129.0160,53505000,2.196765
2019-01-18,sh601318,130.0160,131.5960,128.9360,131.3960,56175600,2.192857
2019-01-21,sh601318,131.4160,133.7760,131.2560,133.1360,55984200,2.190097
2019-01-22,sh601318,132.7560,132.8360,131.0360,131.6960,41950700,2.192376
2019-01-23,sh601318,131.1960,132.3560,130.4560,130.5360,37493200,2.194251
2019-01-24,sh601318,130.7760,132.5960,129.9960,132.4160,44940600,2.191230
2019-01-25,sh601318,132.5560,135.1160,132.4160,134.1360,67245900,2.188546
2019-01-28,sh601318,135.1560,136.3760,133.9560,134.5960,58164800,2.187841
2019-01-29,sh601318,134.3160,135.3560,133.5160,134.8560,39519200,2.187445
2019-01-30,sh601318,133.3160,135.2760,133.1160,134.0560,31000300,2.188669
2019-01-31,sh601318,135.1560,137.9360,134.6560,137.5160,69226500,2.183487
2019-02-01,sh601318,138.5560,139.1160,137.2560,137.9760,43792400,2.182819
2019-02-11,sh601318,137.3160,140.5760,137.3160,140.3360,54181500,2.179469
2019-02-12,sh601318,140.3560,140.3960,138.9360,140.0960,38519300,2.179804
2019-02-13,sh601318,140.8760,142.3560,139.6160,141.5960,57865800,2.177730
2019-02-14,sh601318,141.3160,142.3560,141.1160,141.7560,39620200,2.177512
2019-02-15,sh601318,141.1560,141.5760,137.9960,138.0560,53401100,2.182704
2019-02-18,sh601318,139.3560,142.3960,139.1160,142.1360,72136100,2.176995
2019-02-19,sh601318,142.7160,146.0960,142.1160,142.9160,78595100,2.175944
2019-02-20,sh601318,144.1560,144.3160,141.9360,143.3160,39350800,2.175410
2019-02-21,sh601318,143.1560,144.9160,141.7360,142.3360,54369400,2.176724
2019-02-22,sh601318,142.2760,145.6960,141.1560,145.5960,76221800,2.172426
2019-02-25,sh601318,147.9960,157.5560,147.8360,157.5560,222238200,2.158301
2019-02-26,sh601318,154.9760,156.7560,151.3960,151.5760,155563800,2.165062
2019-02-27,sh601318,152.1560,154.4160,149.5360,151.5160,101766300,2.165133
2019-02-28,sh601318,151.5160,153.4560,150.3760,151.5760,59888900,2.165062
2019-03-01,sh601318,152.9360,156.7560,152.0560,156.3360,92075100,2.159635
2019-03-04,sh601318,157.5560,161.7560,155.9760,156.7160,126327500,2.159217
2019-03-05,sh601318,156.5160,157.0360,154.6960,155.6960,65968000,2.160344
2019-03-06,sh601318,156.3360,156.5160,153.7760,155.8760,78465300,2.160144
2019-03-07,sh601318,155.8560,155.8560,151.5560,152.1360,101347300,2.164405
2019-03-08,sh601318,148.8760,151.9560,148.0560,148.9560,91325600,2.168210
2019-03-11,sh601318,149.1560,150.9360,147.9960,149.1360,75185700,2.167990
2019-03-12,sh601318,150.7560,153.3960,149.4760,150.0560,96921900,2.166874
2019-03-13,sh601318,154.3160,155.7560,152.0960,154.6360,140546400,2.161532
2019-03-14,sh601318,155.0960,157.9560,154.9560,157.1560,105597000,2.158736
2019-03-15,sh601318,157.7560,162.5560,157.7160,159.2560,125524600,2.156479
2019-03-18,sh601318,160.4160,162.2360,158.4560,161.5560,115639200,2.154080
2019-03-19,sh601318,163.0160,165.2560,161.4760,162.2560,101209600,2.153364
2019-03-20,sh601318,161.6760,166.5160,161.0560,164.6560,107843900,2.150960
2019-03-21,sh601318,165.5560,166.0560,162.7560,163.1560,84625800,2.152454
2019-03-22,sh601318,163.0760,164.0760,159.6760,160.9960,77200400,2.154657
2019-03-25,sh601318,158.3760,159.5360,155.9160,156.1360,99105200,2.159856
2019-03-26,sh601318,157.5360,158.0160,155.8560,156.9360,63447400,2.158976
2019-03-27,sh601318,157.9560,160.8160,156.9560,159.9960,75981700,2.155699
2019-03-28,sh601318,158.3560,159.4360,157.3160,158.3560,48420800,2.157439
2019-03-29,sh601318,159.7560,165.7560,159.7560,165.7560,142935500,2.149883
2019-04-01,sh601318,167.5560,170.0160,166.5560,168.7560,116811300,2.147023
2019-04-02,sh601318,168.6360,169.5560,167.6560,169.4760,77117500,2.146353
2019-04-03,sh601318,168.5160,171.8560,168.2960,171.2760,76021900,2.144703
2019-04-04,sh601318,171.7160,173.4760,170.0560,171.9560,79562600,2.144090
2019-04-08,sh601318,172.9560,176.0560,171.5960,172.7360,91612200,2.143392
2019-04-09,sh601318,172.3560,175.5560,172.2960,173.7560,60173700,2.142491
2019-04-10,sh601318,173.1560,175.7760,170.8760,175.6160,78362000,2.140875
2019-04-11,sh601318,176.8560,178.7960,171.8760,172.9760,75662800,2.143179
2019-04-12,sh601318,172.2560,173.8760,171.3560,172.4360,52677900,2.143660
2019-04-15,sh601318,176.0160,179.3160,174.7560,174.8760,98995300,2.141514
2019-04-16,sh601318,173.9960,181.8160,173.3560,181.5760,103622200,2.135937
2019-04-17,sh601318,181.3960,182.2560,179.1560,180.5160,63191500,2.136790
2019-04-18,sh601318,180.9360,181.5960,179.3160,180.1560,39728700,2.137082
2019-04-19,sh601318,182.0960,185.5560,179.9560,185.5560,78913100,2.132828
2019-04-22,sh601318,185.9960,187.7360,180.5560,181.4760,93211500,2.136017
2019-04-23,sh601318,181.0560,186.3160,180.5560,183.6760,67811600,2.134278
2019-04-24,sh601318,183.7160,185.3160,178.6560,181.6160,81285100,2.135905
2019-04-25,sh601318,180.2560,181.5360,177.8560,178.3560,65576900,2.138561
2019-04-26,sh601318,177.5560,180.4160,177.1560,177.7760,64895900,2.139045
2019-04-29,sh601318,179.3160,185.8160,178.1560,184.4160,94657600,2.133704
2019-04-30,sh601318,184.5560,186.5160,180.6160,183.7560,91790200,2.134216
2019-05-06,sh601318,177.1560,178.7560,170.8760,173.9560,180860900,2.142315
2019-05-07,sh601318,175.1160,176.1160,171.3360,173.8960,97495100,2.142368
2019-05-08,sh601318,169.0160,172.6560,168.3160,169.1160,86837500,2.146687
2019-05-09,sh601318,168.0760,168.0760,163.7760,164.8760,112572100,2.150744
2019-05-10,sh601318,167.4560,175.2960,166.1560,174.3160,139209800,2.142000
2019-05-13,sh601318,170.0560,171.9160,168.5560,168.8560,84235000,2.146929
2019-05-14,sh601318,167.4760,170.3560,167.2560,168.1560,78278100,2.147586
2019-05-15,sh601318,169.4560,174.2960,169.3560,172.6360,80330000,2.143481
2019-05-16,sh601318,173.1960,174.6160,171.5560,173.4960,63083100,2.142720
2019-05-17,sh601318,173.6760,173.9560,169.5160,169.7560,68580200,2.146094
2019-05-20,sh601318,168.5560,170.1160,165.9360,167.2960,74500300,2.148401
2019-05-21,sh601318,167.6560,170.0560,166.9160,167.9560,63019700,2.147775
2019-05-22,sh601318,167.9960,168.5560,165.9560,166.8360,51673100,2.148841
2019-05-23,sh601318,166.7560,167.4160,163.8560,164.6360,64567000,2.182344
2019-05-24,sh601318,165.5560,168.2960,165.3560,166.7560,51235300,2.179817
2019-05-27,sh601318,166.2560,169.0760,164.4560,168.1160,58973100,2.178233
2019-05-28,sh601318,168.6360,171.2960,168.1760,170.1360,89383900,2.175930
2019-05-29,sh601318,168.7560,175.7160,168.1160,173.3160,96827300,2.172424
2019-05-30,sh601318,172.5560,173.2560,170.9360,171.9360,48847600,2.173928
2019-05-31,sh601318,172.0560,174.8960,171.7560,171.7560,49666900,2.174127
2019-06-03,sh601318,173.2960,174.1560,171.1360,172.2560,52130800,2.173577
2019-06-04,sh601318,172.1160,172.7160,169.4760,169.6960,51212100,2.176427
2019-06-05,sh601318,171.2560,171.5560,168.6760,168.7560,48717100,2.177497
2019-06-06,sh601318,169.2560,169.5560,167.5160,167.9760,42252200,2.178395
2019-06-10,sh601318,169.3360,172.5160,168.7360,171.9560,64574800,2.173906
2019-06-11,sh601318,172.2760,177.5760,172.0160,177.1560,94131700,2.168372
2019-06-12,sh601318,175.9560,176.5960,174.4160,174.7960,47795200,2.170840
2019-06-13,sh601318,175.3560,175.7560,173.3560,174.7360,46145500,2.170903
2019-06-14,sh601318,174.7760,175.8560,173.0960,173.2560,40873200,2.172489
2019-06-17,sh601318,173.3560,175.0960,172.7560,173.5960,36388100,2.172122
2019-06-18,sh601318,173.9960,176.1160,173.4560,175.6960,46407300,2.169890
2019-06-19,sh601318,181.7760,182.8960,180.7560,180.8360,111871500,2.164664
2019-06-20,sh601318,181.5960,190.7560,181.5960,190.7560,153321300,2.155435
2019-06-21,sh601318,189.6560,190.8760,188.2160,189.6960,85806000,2.156371
2019-06-24,sh601318,189.5560,190.8360,188.1960,190.1760,59405200,2.155946
2019-06-25,sh601318,189.9560,190.1160,184.3960,187.0160,105193600,2.158790
2019-06-26,sh601318,187.2560,188.3560,186.5560,186.5560,45763000,2.159213
2019-06-27,sh601318,187.7560,190.6960,187.7360,189.8560,81454500,2.156229
2019-06-28,sh601318,189.6760,192.3960,189.0160,190.9760,59553400,2.155242
2019-07-01,sh601318,194.9560,198.6960,194.9560,197.4360,92609700,2.149782
2019-07-02,sh601318,197.1360,197.1360,195.5160,195.8760,60649600,2.151065
2019-07-03,sh601318,196.0760,196.9560,193.3560,195.0760,65098800,2.151732
2019-07-04,sh601318,195.1560,196.0360,192.4560,193.5560,59366700,2.153014
2019-07-05,sh601318,193.7560,196.0360,193.4160,195.4560,51052200,2.151414
2019-07-08,sh601318,193.7360,193.7360,189.3160,190.9360,78776500,2.155277
2019-07-09,sh601318,191.1160,191.4560,187.7360,188.8160,55703400,2.157158
2019-07-10,sh601318,190.1360,190.1760,188.7960,189.5160,35616400,2.156532
2019-07-11,sh601318,190.7360,192.3560,189.1360,189.7160,51486800,2.156354
2019-07-12,sh601318,190.0560,192.6960,190.0560,191.2560,57671700,2.154997
2019-07-15,sh601318,189.9560,191.2960,186.9960,189.9160,59452500,2.156176
2019-07-16,sh601318,189.6960,190.1160,187.5560,187.6560,43086900,2.158206
2019-07-17,sh601318,187.6560,188.9160,186.5560,187.7360,43834900,2.158133
2019-07-18,sh601318,186.9560,188.5360,186.4160,187.2160,37781600,2.158607
2019-07-19,sh601318,188.3760,191.1560,188.3760,190.4560,60359000,2.155699
2019-07-22,sh601318,190.3960,191.7160,189.1160,189.1160,42622700,2.156889
2019-07-23,sh601318,189.5760,190.1560,187.9560,188.7560,38182900,2.157211
2019-07-24,sh601318,189.6960,192.6760,189.3560,191.4560,59457800,2.154823
2019-07-25,sh601318,191.9560,192.8560,190.8360,192.5760,45606100,2.153853
2019-07-26,sh601318,191.3960,194.0960,191.3960,193.9560,46153400,2.152675
2019-07-29,sh601318,193.4360,193.9160,191.8560,192.6560,36824600,2.153784
2019-07-30,sh601318,194.4560,195.5560,193.1160,193.7160,46479900,2.152878
2019-07-31,sh601318,192.5760,192.7560,189.5160,189.9360,59275400,2.156158
2019-08-01,sh601318,188.7560,190.4360,187.7760,188.7760,42759600,2.157193
2019-08-02,sh601318,185.9560,186.7360,184.7560,185.8160,72897000,2.159898
2019-08-05,sh601318,183.8760,185.4760,182.9160,182.9760,68484700,2.162581
2019-08-06,sh601318,179.9560,183.5160,178.0560,182.7760,101034000,2.162774
2019-08-07,sh601318,183.3760,183.6560,180.4560,180.6960,53235500,2.164802
2019-08-08,sh601318,181.7360,182.8560,180.5560,182.7760,56726400,2.162774
2019-08-09,sh601318,183.9560,184.3160,181.7960,182.4560,44936100,2.163082
2019-08-12,sh601318,182.6760,187.2960,182.6760,186.7560,59423800,2.159029
2019-08-13,sh601318,185.6560,186.2560,183.2960,183.7760,51501700,2.161816
2019-08-14,sh601318,186.5160,186.8960,183.7760,183.8360,53336300,2.161759
2019-08-15,sh601318,181.3560,186.4360,180.8160,186.3760,70227300,2.159379
2019-08-16,sh601318,187.7560,190.3560,186.4560,188.6760,93231100,2.157283
2019-08-19,sh601318,190.3560,190.6760,188.2560,190.6560,83735400,2.155523
2019-08-20,sh601318,190.3560,190.4160,188.9960,189.6360,50439300,2.156425
2019-08-21,sh601318,189.0560,190.0960,188.4560,189.2160,33532000,2.156799
2019-08-22,sh601318,189.4760,189.9160,188.5560,189.7160,36503700,2.156354
2019-08-23,sh601318,189.6560,194.2760,189.3960,193.5360,88568900,2.153031
2019-08-26,sh601318,190.3560,190.9560,188.0560,188.7560,99026800,2.157211
2019-08-27,sh601318,189.8560,191.3560,188.8960,189.1160,76782700,2.156889
2019-08-28,sh601318,188.9760,189.5960,187.4560,187.5560,51609200,2.158297
2019-08-29,sh601318,188.0560,188.7160,186.0960,187.1560,46433200,2.158662
2019-08-30,sh601318,189.1560,190.0560,186.5760,188.3960,56465500,2.157536
2019-09-02,sh601318,187.7560,191.5160,187.5160,190.7560,63580600,2.155435
2019-09-03,sh601318,190.9560,191.5560,189.3360,190.2560,51275100,2.155875
2019-09-04,sh601318,190.9120,192.0520,189.6920,191.8520,60595300,2.172729
2019-09-05,sh601318,192.8520,195.8720,191.8720,193.7120,100756500,2.170929
2019-09-06,sh601318,195.1520,196.6520,193.8120,196.6520,68875200,2.168159
2019-09-09,sh601318,197.9920,198.3120,195.2120,196.0520,70240100,2.168717
2019-09-10,sh601318,196.2320,196.3520,193.0520,194.1320,48454800,2.170528
2019-09-11,sh601318,194.8520,195.4120,192.7520,194.3720,45586000,2.170299
2019-09-12,sh601318,195.4320,200.2520,194.7520,199.9320,79304800,2.165172
2019-09-16,sh601318,199.8520,199.9120,197.4920,197.9520,54841200,2.166962
2019-09-17,sh601318,197.0520,197.0920,193.6920,194.2920,64033300,2.170375
2019-09-18,sh601318,194.8920,196.2120,194.4120,195.2520,41977100,2.169467
2019-09-19,sh601318,196.2520,196.4920,193.2720,194.4520,42158000,2.170223
2019-09-20,sh601318,195.0320,195.8320,194.1520,194.9520,45692300,2.169750
2019-09-23,sh601318,194.1320,194.1320,191.5520,193.0720,51366700,2.171544
2019-09-24,sh601318,193.2520,194.0720,192.0520,193.1520,40535000,2.171467
2019-09-25,sh601318,192.0320,193.5920,191.5520,192.8120,38858400,2.171795
2019-09-26,sh601318,193.6520,194.7920,191.9120,191.9520,48637000,2.172632
2019-09-27,sh601318,192.3120,192.6120,191.0120,191.8520,32955400,2.172729
2019-09-30,sh601318,191.1320,191.6320,189.2720,189.3320,46078400,2.175230
2019-10-08,sh601318,189.5320,192.6920,189.4520,191.2520,40531300,2.173318
2019-10-09,sh601318,190.1320,192.4520,189.9120,191.6120,36058000,2.172964
2019-10-10,sh601318,191.6320,192.5520,190.2720,192.2520,34092700,2.172339
2019-10-11,sh601318,193.0320,195.7920,192.2520,195.0520,60047500,2.169655
2019-10-14,sh601318,196.8520,198.1520,195.6120,196.1520,63044300,2.168624
2019-10-15,sh601318,196.8520,196.8520,195.1320,195.6520,35087300,2.169091
2019-10-16,sh601318,196.6520,198.8920,196.2120,196.4120,49907700,2.168382
2019-10-17,sh601318,197.6520,199.5920,196.4520,198.6920,61942500,2.166289
2019-10-18,sh601318,199.8520,200.1520,194.6120,194.7520,59091200,2.169939
2019-10-21,sh601318,194.1920,196.1520,193.1120,195.3920,36089900,2.169335
2019-10-22,sh601318,196.8320,196.8320,194.4120,195.8320,31078800,2.168922
2019-10-23,sh601318,195.6520,196.5120,193.6720,194.2520,31879700,2.170413
2019-10-24,sh601318,194.9520,195.3320,193.1520,194.8520,36053700,2.169844
2019-10-25,sh601318,191.2520,192.1920,189.4520,191.2520,112919500,2.173318
2019-10-28,sh601318,192.0320,192.9920,190.9920,192.5320,65103100,2.172067
2019-10-29,sh601318,192.5920,193.3320,191.1720,191.6520,43155700,2.172925
2019-10-30,sh601318,191.2520,191.9920,190.5920,191.1520,43651600,2.173417
2019-10-31,sh601318,190.8520,192.6720,190.8520,191.4920,37368700,2.173082
2019-11-01,sh601318,191.4920,195.3720,191.2720,195.3320,65094000,2.169391
2019-11-04,sh601318,195.9520,196.5320,195.0720,195.8320,50570500,2.168922
2019-11-05,sh601318,195.8520,197.7720,194.5720,195.3720,65484900,2.169354
2019-11-06,sh601318,195.3320,196.0520,194.5920,195.2520,38630500,2.169467
2019-11-07,sh601318,195.2520,195.4520,193.8120,194.7920,31983100,2.169901
2019-11-08,sh601318,196.2320,196.3520,193.5920,193.5920,43627400,2.171044
2019-11-11,sh601318,192.2520,192.4320,191.0520,191.6720,44256200,2.172906
2019-11-12,sh601318,192.0320,192.3520,190.9520,191.6920,39545300,2.172886
2019-11-13,sh601318,191.1920,191.9320,190.3120,191.2520,38087100,2.173318
2019-11-14,sh601318,192.2120,192.2320,190.8520,191.3120,32350900,2.173259
2019-11-15,sh601318,190.8720,191.7520,190.6520,191.0520,36402600,2.173515
2019-11-18,sh601318,191.0120,193.2120,190.6120,192.6720,34481000,2.171931
2019-11-19,sh601318,191.8520,193.4520,191.6920,193.0320,30202100,2.171583
2019-11-20,sh601318,192.4120,192.8520,191.1120,191.3520,33229000,2.173220
2019-11-21,sh601318,190.6920,190.7520,187.2720,187.9320,75738100,2.176650
2019-11-22,sh601318,188.0920,189.1520,184.6120,185.0320,74746300,2.179668
2019-11-25,sh601318,185.4520,186.3920,183.8120,186.2520,54652700,2.178386
2019-11-26,sh601318,187.2520,187.2920,185.1920,186.0520,50928200,2.178595
2019-11-27,sh601318,185.9720,185.9720,184.2520,185.0720,39425600,2.179625
2019-11-28,sh601318,185.2520,185.5720,183.7120,184.0520,35809500,2.180711
2019-11-29,sh601318,184.0320,184.7320,180.6320,182.4920,57094400,2.182397
2019-12-02,sh601318,182.6320,183.2120,181.2720,181.8320,38600700,2.183119
2019-12-03,sh601318,181.6120,183.8120,180.8320,183.7920,39427000,2.180990
2019-12-04,sh601318,182.4520,183.5120,181.9920,183.3920,26202400,2.181420
2019-12-05,sh601318,184.2720,185.2520,183.4120,184.5920,34253400,2.180135
2019-12-06,sh601318,185.0520,185.1520,183.9120,184.7320,27211000,2.179986
2019-12-09,sh601318,184.7720,185.0320,181.9320,182.5520,46046000,2.182331
2019-12-10,sh601318,182.2720,183.0120,181.8520,182.4320,29554000,2.182462
2019-12-11,sh601318,182.8520,183.6320,182.0520,183.3320,36793300,2.181485
2019-12-12,sh601318,184.1120,184.5320,183.2520,183.3320,36646600,2.181485
2019-12-13,sh601318,185.6120,188.7920,185.4120,188.7920,77473200,2.175775
2019-12-16,sh601318,186.4520,186.9520,185.0520,186.5320,77967300,2.178094
2019-12-17,sh601318,186.6120,188.9320,185.7520,187.5120,75824500,2.177081
2019-12-18,sh601318,187.4320,188.1520,186.8720,187.2120,45375200,2.177390
2019-12-19,sh601318,187.4920,187.6120,185.8120,186.6520,33082200,2.177970
2019-12-20,sh601318,186.7920,187.8720,186.2520,186.3120,35830900,2.178323
2019-12-23,sh601318,187.1520,187.1920,183.7520,183.8320,45718100,2.180947
2019-12-24,sh601318,183.7120,184.4520,183.3520,184.1720,29220400,2.180583
2019-12-25,sh601318,184.0520,184.2720,182.8720,183.1120,31623000,2.181723
2019-12-26,sh601318,183.2520,184.1120,183.0520,184.1120,28652800,2.180647
2019-12-27,sh601318,184.1320,186.5720,184.0920,184.6920,49282900,2.180028
2019-12-30,sh601318,184.7720,187.2920,183.0920,187.0320,67618700,2.177576
2019-12-31,sh601318,186.7520,187.0720,185.2720,186.1720,43203600,2.178469
2020-01-02,sh601318,187.0520,188.8320,187.0120,187.4920,77825200,2.177102
2020-01-03,sh601318,188.8720,189.0120,187.0520,187.6520,59498000,2.176937
2020-01-06,sh601318,187.0920,188.9920,186.2520,186.4520,63644800,2.178178
2020-01-07,sh601318,187.2720,188.1720,186.5920,187.5520,45218800,2.177040
2020-01-08,sh601318,187.2120,187.2120,184.2520,185.2520,62805300,2.179435
2020-01-09,sh601318,186.4120,186.4720,184.6320,185.3320,59871200,2.179351
2020-01-10,sh601318,185.9520,186.0320,184.4720,184.8120,52586400,2.179901
2020-01-13,sh601318,185.2720,188.1920,184.8120,188.1520,81058800,2.176426
2020-01-14,sh601318,189.6520,190.8920,188.6120,188.9120,71668100,2.175654
2020-01-15,sh601318,188.8720,189.4920,186.6120,186.8720,52621600,2.177742
2020-01-16,sh601318,187.8720,187.9920,186.3520,186.3520,49857900,2.178282
2020-01-17,sh601318,187.5520,189.0520,186.9520,187.7520,55537000,2.176835
2020-01-20,sh601318,191.8520,192.6520,189.9520,190.4520,93605000,2.174110
2020-01-21,sh601318,189.2520,189.8320,186.4520,186.4520,72757900,2.178178
2020-01-22,sh601318,185.2520,186.2120,182.9120,185.6920,73657600,2.178972
2020-01-23,sh601318,183.2720,184.3720,180.2120,182.2320,108002000,2.182681
2020-02-03,sh601318,168.2720,173.7520,168.0520,170.6720,203149800,2.196268
2020-02-04,sh601318,171.8520,177.1920,171.6520,176.1120,121348000,2.189631
2020-02-05,sh601318,176.3720,177.9120,174.7720,176.0120,75319600,2.189749
2020-02-06,sh601318,177.6120,179.1920,176.0120,178.2920,67218900,2.187095
2020-02-07,sh601318,176.4520,177.6520,176.0920,177.3120,49163000,2.188227
2020-02-10,sh601318,175.9520,176.5320,175.0520,175.8520,59360400,2.189938
2020-02-11,sh601318,177.0320,178.9720,176.2520,177.5120,58432200,2.187995
2020-02-12,sh601318,177.4520,178.1720,176.3520,177.6520,44433900,2.187833
2020-02-13,sh601318,177.6520,177.6520,175.9720,176.1520,56260300,2.189584
2020-02-14,sh601318,175.9920,177.7720,175.6720,177.2520,42876500,2.188296
2020-02-17,sh601318,177.2520,180.2320,176.6520,180.0320,67811800,2.185120
2020-02-18,sh601318,178.8720,179.4720,178.1320,178.3520,51320000,2.187026
2020-02-19,sh601318,177.3120,179.7320,177.2720,178.6520,46047400,2.186683
2020-02-20,sh601318,179.2520,182.4720,177.9520,181.8120,83304200,2.183141
2020-02-21,sh601318,180.2520,181.7120,179.2520,180.0120,109390500,2.185142
2020-02-24,sh601318,177.2520,177.8520,176.2520,176.6920,103510200,2.188949
2020-02-25,sh601318,174.8520,175.8920,174.2720,175.6320,86900000,2.190198
2020-02-26,sh601318,174.1520,176.7720,173.4720,174.9120,84416600,2.191056
2020-02-27,sh601318,174.4520,176.0520,173.8520,174.8320,66679300,2.191152
2020-02-28,sh601318,172.4520,173.8320,170.6720,170.6920,98392300,2.196243
2020-03-02,sh601318,171.8920,175.6520,171.8920,174.4120,71232300,2.191656
2020-03-03,sh601318,176.2120,176.3920,173.7720,174.2320,67823800,2.191873
2020-03-04,sh601318,175.0520,176.7520,175.0520,176.4120,67757400,2.189278
2020-03-05,sh601318,177.2720,180.7720,176.4920,180.1520,96064200,2.184985
2020-03-06,sh601318,178.3920,179.0920,176.8520,177.0720,58418600,2.188506
2020-03-09,sh601318,173.0720,173.2520,171.2920,171.5320,105508200,2.195188
2020-03-10,sh601318,171.5320,174.8120,170.9120,173.6120,71700600,2.192624
2020-03-11,sh601318,173.6120,173.7520,171.5520,171.5520,59140400,2.195163
2020-03-12,sh601318,169.7520,170.2120,168.3120,168.5520,90129100,2.198982
2020-03-13,sh601318,159.5320,167.2120,159.4520,164.6720,116615700,2.204149
2020-03-16,sh601318,164.2520,164.2920,158.8520,159.2520,97917300,2.211833
2020-03-17,sh601318,158.5520,161.2520,157.0320,159.5320,95092300,2.211422
2020-03-18,sh601318,160.3120,161.0120,154.9520,154.9920,85218100,2.218291
2020-03-19,sh601318,153.4520,154.9920,147.8920,150.8720,123676100,2.224923
2020-03-20,sh601318,152.6720,154.0520,149.9520,153.2520,88726900,2.221043
2020-03-23,sh601318,147.2520,150.2520,147.2520,148.7720,68408000,2.228460
2020-03-24,sh601318,151.1520,153.3520,150.8920,153.1520,79163300,2.221204
2020-03-25,sh601318,156.4520,157.7120,155.0120,155.9520,92818600,2.216802
2020-03-26,sh601318,154.2120,157.2520,153.9520,155.6320,54987000,2.217296
2020-03-27,sh601318,157.7520,157.8320,154.6920,154.6920,60308400,2.218761
2020-03-30,sh601318,152.4520,154.0320,152.1520,153.5520,46795600,2.220564
2020-03-31,sh601318,155.4720,155.9520,153.2720,153.5920,42536800,2.220500
2020-04-01,sh601318,153.2520,156.1920,153.0520,153.8920,55692900,2.220023
2020-04-02,sh601318,152.0520,154.5920,150.7720,154.5920,51202900,2.218918
2020-04-03,sh601318,153.4520,153.7720,152.0720,152.9720,42025400,2.221493
2020-04-07,sh601318,155.4120,155.8520,154.3720,155.1920,61934800,2.217979
2020-04-08,sh601318,154.3920,154.8520,153.8920,154.0320,36245900,2.219801
2020-04-09,sh601318,154.5520,155.1720,154.0120,154.5320,36830800,2.219012
2020-04-10,sh601318,154.5520,160.1120,154.0120,157.2320,76625000,2.214847
2020-04-13,sh601318,156.1520,156.8320,155.2520,155.5120,35517000,2.217482
2020-04-14,sh601318,156.6120,157.5920,155.7520,157.2920,42969700,2.214756
2020-04-15,sh601318,157.3920,158.0120,156.5520,156.9520,38151500,2.215272
2020-04-16,sh601318,156.2520,156.6720,155.5720,156.0120,28294300,2.216709
2020-04-17,sh601318,157.4520,161.8920,156.8320,160.0520,90367900,2.210663
2020-04-20,sh601318,161.0320,162.8520,159.4520,162.2520,65419400,2.207510
2020-04-21,sh601318,161.3520,162.2120,158.2720,159.9920,56898400,2.210750
2020-04-22,sh601318,159.2520,159.3920,158.2120,159.3920,37767300,2.211628
2020-04-23,sh601318,160.0320,160.8520,158.8920,159.5720,32966600,2.211364
2020-04-24,sh601318,157.3120,157.3120,155.8520,156.2520,66711600,2.216340
2020-04-27,sh601318,156.4920,158.4720,156.4920,157.6520,48152800,2.214213
2020-04-28,sh601318,158.2520,160.6120,157.1920,160.0120,61387400,2.210721
2020-04-29,sh601318,160.0120,163.6520,160.0120,163.2520,53115600,2.206108
2020-04-30,sh601318,164.1720,165.8520,163.6720,164.1720,48625500,2.204835
2020-05-06,sh601318,161.8520,163.2120,161.0520,162.8720,62916800,2.206639
2020-05-07,sh601318,162.6520,162.6520,160.8720,161.7120,40312300,2.208275
2020-05-08,sh601318,163.4420,164.4220,161.9620,163.7820,40472000,2.244511
2020-05-11,sh601318,164.0620,167.4420,164.0620,165.6420,49575700,2.241434
2020-05-12,sh601318,165.6420,166.5020,164.7820,165.7020,41545000,2.241336
2020-05-13,sh601318,165.0420,165.7020,163.1420,164.5220,28897000,2.243278
2020-05-14,sh601318,163.8420,163.8420,162.1820,162.3020,34971500,2.247016
2020-05-15,sh601318,163.0620,164.0420,162.2020,162.3020,31750700,2.247016
2020-05-18,sh601318,162.2420,163.8020,161.2220,162.2420,30846300,2.247119
2020-05-19,sh601318,164.2020,165.0420,163.0620,163.6420,34158300,2.244746
2020-05-20,sh601318,163.8420,164.2220,162.8420,163.7420,27483500,2.244578
2020-05-21,sh601318,164.2420,164.4420,162.5620,162.6020,31268600,2.246505
2020-05-22,sh601318,161.9620,162.0420,158.0420,158.0820,57719400,2.254450
2020-05-25,sh601318,157.8420,158.0020,155.8420,157.9020,41710100,2.254777
2020-05-26,sh601318,159.8220,159.8420,158.4820,158.8620,27112800,2.253042
2020-05-27,sh601318,159.2820,161.0020,158.8820,159.1420,28715200,2.252541
2020-05-28,sh601318,159.2020,161.8220,159.2020,160.8620,41426000,2.249504
2020-05-29,sh601318,159.6420,160.4420,158.8020,159.2620,26844100,2.252326
2020-06-01,sh601318,160.6420,162.3020,160.3020,162.1620,45767300,2.247256
2020-06-02,sh601318,161.8820,166.9020,161.8620,166.4020,81052300,2.240199
2020-06-03,sh601318,167.8420,171.2220,167.8420,167.8620,99148800,2.237862
2020-06-04,sh601318,168.6820,169.2620,167.0020,168.1220,45388000,2.237450
2020-06-05,sh601318,168.1220,168.7220,166.6420,168.4420,34980800,2.236946
2020-06-08,sh601318,169.2420,172.2820,169.2420,171.2820,76697400,2.232560
2020-06-09,sh601318,171.3020,172.2020,170.4820,170.8420,38851700,2.233229
2020-06-10,sh601318,171.0020,171.2420,168.7820,169.0020,34545300,2.236068
2020-06-11,sh601318,168.2620,168.7820,165.4420,166.2820,58611300,2.240393
2020-06-12,sh601318,164.0420,166.1420,163.7820,166.1420,48825900,2.240620
2020-06-15,sh601318,165.2020,165.4020,162.7420,162.9220,55130400,2.245961
2020-06-16,sh601318,165.0420,165.2020,164.1220,164.7620,34190500,2.242880
2020-06-17,sh601318,164.2420,164.6020,163.0420,163.8620,32589600,2.244377
2020-06-18,sh601318,163.5420,165.3820,162.6020,164.6420,41863200,2.243079
2020-06-19,sh601318,164.7220,166.0220,163.8420,164.6820,63599000,2.243013
2020-06-22,sh601318,163.8420,165.6820,163.0620,163.3820,67183100,2.245183
2020-06-23,sh601318,162.8420,163.0420,161.1820,161.7620,77963600,2.247943
2020-06-24,sh601318,162.3420,163.5420,161.8620,162.3620,60513600,2.246914
2020-06-29,sh601318,161.9820,162.3620,159.4420,159.8620,71483800,2.251260
2020-06-30,sh601318,160.5620,161.4020,159.8420,160.6420,45150300,2.249888
2020-07-01,sh601318,161.0220,164.8420,160.2420,164.8420,96756000,2.242748
2020-07-02,sh601318,164.4020,169.8620,163.8420,169.8420,147446700,2.234763
2020-07-03,sh601318,170.1420,174.8220,170.1220,173.7620,170382000,2.228861
2020-07-06,sh601318,176.0820,187.6020,176.0820,186.0820,280669500,2.212102
2020-07-07,sh601318,191.8420,193.0420,184.2420,184.2820,222204100,2.214396
2020-07-08,sh601318,186.0620,191.8420,185.5420,189.2220,169639000,2.208216
2020-07-09,sh601318,190.4420,191.4420,187.6420,189.6820,142459700,2.207658
2020-07-10,sh601318,187.8620,188.5820,182.0620,182.5220,146662000,2.216687
2020-07-13,sh601318,181.6620,185.1620,180.8620,182.5620,117951600,2.216634
2020-07-14,sh601318,182.5820,184.3020,179.0620,180.4420,98855800,2.219459
2020-07-15,sh601318,182.1420,182.6220,178.0820,178.2820,92276800,2.222413
2020-07-16,sh601318,180.4420,181.7820,174.0420,174.2820,131817000,2.228100
2020-07-17,sh601318,175.8420,176.6220,172.4620,173.8820,87503500,2.228685
2020-07-20,sh601318,175.9420,183.4820,175.9420,183.4420,137754800,2.215483
2020-07-21,sh601318,183.7420,184.2420,178.5820,179.3620,90477500,2.220926
2020-07-22,sh601318,178.2620,181.5420,176.7220,177.7020,87751300,2.223220
2020-07-23,sh601318,175.8420,177.6020,173.8820,175.8420,78210000,2.225848
2020-07-24,sh601318,175.6020,175.6220,170.6020,171.8420,107269300,2.231714
2020-07-27,sh601318,172.4020,173.4220,169.2420,170.7020,73479900,2.233442
2020-07-28,sh601318,171.8220,172.4420,169.7420,170.6020,63985900,2.233595
2020-07-29,sh601318,169.8420,173.8420,169.3420,172.4420,70286500,2.230815
2020-07-30,sh601318,172.6220,172.7020,169.8820,169.9020,64624300,2.234671
2020-07-31,sh601318,169.8420,172.3420,168.2420,169.6420,74852000,2.235072
2020-08-03,sh601318,170.5420,171.2020,169.4020,170.7220,85524800,2.233412
2020-08-04,sh601318,171.4620,176.5420,170.2420,175.1820,148146200,2.226795
2020-08-05,sh601318,173.7220,173.7420,171.0420,172.1020,78780600,2.231324
2020-08-06,sh601318,171.8420,173.6220,170.2620,172.1420,64756300,2.231264
2020-08-07,sh601318,171.7620,173.1820,169.8620,170.5020,54980900,2.233748
2020-08-10,sh601318,169.8820,173.2220,169.4820,171.8620,70007300,2.231684
2020-08-11,sh601318,172.7420,175.2020,170.8620,171.3820,77530900,2.232408
2020-08-12,sh601318,171.4420,172.7620,170.6420,172.1620,58601300,2.231234
2020-08-13,sh601318,172.8420,173.0420,170.8620,171.0420,42135500,2.232924
2020-08-14,sh601318,170.7820,174.8220,170.5220,174.2220,63247400,2.228188
2020-08-17,sh601318,174.3020,182.9820,174.3020,180.0420,173940000,2.220000
2020-08-18,sh601318,179.4420,179.6420,176.6420,177.3420,84250600,2.223724
2020-08-19,sh601318,177.0420,178.0620,174.1820,174.1820,56473400,2.228246
2020-08-20,sh601318,174.0420,174.0420,172.1420,173.0420,49842200,2.229923
2020-08-21,sh601318,174.4420,175.3620,172.9420,174.3420,42445900,2.228013
2020-08-24,sh601318,175.7420,175.8420,173.1020,173.4420,47280400,2.229332
2020-08-25,sh601318,173.8420,175.6020,173.0420,174.0620,53047900,2.228421
2020-08-26,sh601318,173.8420,173.9420,171.0420,171.4420,54277500,2.232318
2020-08-27,sh601318,172.1420,172.1820,169.8420,170.9220,44883400,2.233107
2020-08-28,sh601318,170.7820,174.2620,169.5420,173.6220,76502800,2.229067
2020-08-31,sh601318,173.6220,175.4420,171.0020,171.0820,72313000,2.232863
2020-09-01,sh601318,170.0020,171.0220,169.8420,170.6020,47125100,2.233595
2020-09-02,sh601318,171.0620,171.4420,169.0420,169.7020,55637700,2.234980
2020-09-03,sh601318,169.8220,170.6820,168.1420,168.6220,59983700,2.236663
2020-09-04,sh601318,167.4420,168.0420,166.9420,167.4820,47825600,2.238466
2020-09-07,sh601318,167.4820,170.3420,167.3420,167.9620,63325100,2.237703
2020-09-08,sh601318,169.8020,172.7620,169.2420,172.1220,86603000,2.231294
2020-09-09,sh601318,170.6020,172.9420,170.5020,170.8020,52398200,2.233290
2020-09-10,sh601318,171.7620,172.5220,170.6420,170.8820,53035400,2.233168
2020-09-11,sh601318,170.6620,172.8420,170.1620,172.2620,46217800,2.231084
2020-09-14,sh601318,173.0820,176.0420,173.0820,174.9420,72999200,2.227142
2020-09-15,sh601318,174.9420,178.8020,172.9420,177.6620,101435000,2.223276
2020-09-16,sh601318,178.0150,178.4150,176.3150,176.6350,46794800,2.247265
2020-09-17,sh601318,177.6550,178.9950,176.8350,177.4350,66830600,2.246013
2020-09-18,sh601318,178.6350,185.5550,178.3950,185.2150,177600800,2.234467
2020-09-21,sh601318,185.2350,185.5950,181.2950,181.2950,84531400,2.240146
2020-09-22,sh601318,178.8350,180.8950,177.4350,177.5750,67938100,2.245795
2020-09-23,sh601318,178.4350,178.5750,176.3150,176.5550,36211600,2.247391
2020-09-24,sh601318,175.8150,176.4350,173.4350,173.5750,60837300,2.252173
2020-09-25,sh601318,175.1550,175.1950,173.4350,174.6150,35668400,2.250483
2020-09-28,sh601318,174.6150,176.6150,174.2550,175.3350,37177400,2.249326
2020-09-29,sh601318,176.4150,176.4350,172.8350,173.0350,51992000,2.253060
2020-09-30,sh601318,173.2350,174.3150,171.4550,171.9550,47625800,2.254852
2020-10-09,sh601318,173.9750,176.3350,173.9550,175.2350,47428800,2.249487
2020-10-12,sh601318,176.1350,181.7350,176.0550,181.1550,86992900,2.240354
2020-10-13,sh601318,180.7750,183.1350,179.3550,182.1950,56442900,2.238818
2020-10-14,sh601318,182.4350,182.4550,180.4350,182.1950,50039600,2.238818
2020-10-15,sh601318,182.2350,185.1550,182.0350,182.2350,55502200,2.238759
2020-10-16,sh601318,183.0350,185.2150,182.4350,183.4350,60703300,2.237012
2020-10-19,sh601318,184.7750,188.1950,183.0550,183.1350,91742400,2.237447
2020-10-20,sh601318,182.9350,183.4350,181.6550,181.8950,41318600,2.239259
2020-10-21,sh601318,182.9350,184.5950,181.9750,184.2350,49249200,2.235862
2020-10-22,sh601318,184.4750,185.1950,179.9950,183.6350,46697100,2.236724
2020-10-23,sh601318,183.6750,189.0950,183.6750,186.4350,93880900,2.232754
2020-10-26,sh601318,186.6350,188.1750,181.7950,183.8350,59632500,2.236436
2020-10-27,sh601318,182.9950,183.8350,181.4350,181.5750,55925700,2.239731
2020-10-28,sh601318,180.4550,181.5550,177.5550,178.5950,76979700,2.244220
2020-10-29,sh601318,175.5950,179.2150,175.4750,176.7550,72755400,2.247076
2020-10-30,sh601318,176.7350,178.3350,174.7150,175.0950,76459900,2.249711
2020-11-02,sh601318,176.4350,177.0550,173.4550,173.8950,63872000,2.251651
2020-11-03,sh601318,174.9750,178.1150,174.2350,177.7550,61543300,2.245515
2020-11-04,sh601318,176.9950,179.1350,176.6350,178.4350,43467100,2.244465
2020-11-05,sh601318,180.1350,182.7950,179.8350,181.3150,53709500,2.240116
2020-11-06,sh601318,181.6350,182.9350,180.4750,182.0350,51038900,2.239053
2020-11-09,sh601318,184.4350,186.4350,184.0350,185.3950,80996500,2.234213
2020-11-10,sh601318,187.9150,188.9350,185.5350,185.8350,78900300,2.233594
2020-11-11,sh601318,185.8350,187.4950,184.7350,186.4750,54282500,2.232699
2020-11-12,sh601318,186.9350,188.3750,183.0350,183.9750,49054400,2.236234
2020-11-13,sh601318,181.5950,182.8350,178.6950,180.1150,70794200,2.241909
2020-11-16,sh601318,180.8150,185.9550,180.8150,185.6350,70143400,2.233875
2020-11-17,sh601318,185.6350,188.8750,185.4350,187.4950,82506400,2.231286
2020-11-18,sh601318,188.2350,191.7950,188.0950,190.1750,96965800,2.227656
2020-11-19,sh601318,189.8350,190.9350,188.4550,190.2750,54900500,2.227523
2020-11-20,sh601318,190.0350,190.0550,187.2350,188.5150,45298600,2.229891
2020-11-23,sh601318,189.4350,192.3150,188.7350,191.8750,78377600,2.225412
2020-11-24,sh601318,192.0350,193.4150,188.8150,189.4350,49993000,2.228647
2020-11-25,sh601318,191.4150,196.5350,191.3750,193.9350,122368900,2.222751
2020-11-26,sh601318,193.4550,198.2150,192.7350,197.7350,90924000,2.218003
2020-11-27,sh601318,198.4350,199.9550,196.4550,199.6350,74795500,2.215705
2020-11-30,sh601318,201.4350,208.6750,199.4950,199.4950,153919600,2.215872
2020-12-01,sh601318,200.8350,206.1950,198.7350,206.1950,85420600,2.208128
2020-12-02,sh601318,206.1950,207.1350,203.6150,205.1350,65068800,2.209316
2020-12-03,sh601318,205.0150,206.2950,201.8550,203.1750,50991700,2.211549
2020-12-04,sh601318,203.5350,204.4950,199.8150,203.8150,48929500,2.210815
2020-12-07,sh601318,204.9950,205.3950,197.4750,200.1950,62778800,2.215037
2020-12-08,sh601318,199.4350,200.9350,195.0350,195.5350,86334000,2.220727
2020-12-09,sh601318,196.4350,198.3950,195.0150,195.1750,52500500,2.221179
2020-12-10,sh601318,195.4350,196.8150,193.7350,194.7950,40575300,2.221658
2020-12-11,sh601318,196.4350,197.2350,190.3550,191.6350,71494200,2.225726
2020-12-14,sh601318,192.7350,195.7550,192.4350,194.8150,58386200,2.221633
2020-12-15,sh601318,193.4150,193.4150,190.1750,192.0350,63310400,2.225203
2020-12-16,sh601318,192.6350,194.3950,191.3350,193.1150,47070500,2.223802
2020-12-17,sh601318,193.3550,197.5550,192.4950,197.3950,68546300,2.218420
2020-12-18,sh601318,197.0350,197.9350,193.6750,195.0150,49981600,2.221381
2020-12-21,sh601318,193.4350,194.9350,191.4550,193.5350,59973300,2.223262
2020-12-22,sh601318,193.5150,193.5150,186.9350,187.7350,98596000,2.230957
2020-12-23,sh601318,187.8750,190.2150,186.9750,189.1350,55037100,2.229051
2020-12-24,sh601318,190.0350,190.1350,186.8150,187.8350,52479100,2.230819
2020-12-25,sh601318,186.6350,186.6350,183.1550,185.8350,69140800,2.233594
2020-12-28,sh601318,186.3350,189.8150,185.1350,188.6750,63519900,2.229674
2020-12-29,sh601318,189.3350,191.5950,188.8150,190.4350,51931600,2.227310
2020-12-30,sh601318,189.8350,191.1950,187.7950,191.1950,56570700,2.226304
2020-12-31,sh601318,190.6150,194.7950,190.6150,193.3950,79580900,2.223442
2021-01-04,sh601318,193.2550,193.3350,187.6350,189.7950,103643100,2.228164
2021-01-05,sh601318,188.4350,188.4350,185.1350,187.9750,105478600,2.230628
2021-01-06,sh601318,188.0150,190.9150,186.5350,190.9150,93759800,2.226674
2021-01-07,sh601318,191.1750,192.9550,188.0350,191.9550,106968700,2.225307
2021-01-08,sh601318,191.8750,193.9550,189.8550,191.6350,116936800,2.225726
2021-01-11,sh601318,191.8350,192.6350,187.4350,187.4950,109860200,2.231286
2021-01-12,sh601318,187.1950,195.0750,186.0950,195.0750,146755600,2.221305
2021-01-13,sh601318,197.0350,197.9950,193.0950,194.5150,139094300,2.222013
2021-01-14,sh601318,196.2350,196.4750,189.1950,189.9750,137927400,2.227923
2021-01-15,sh601318,191.3150,196.7350,189.9750,193.2350,158708500,2.223648
2021-01-18,sh601318,193.4350,194.7350,190.0350,193.8350,116242000,2.222878
2021-01-19,sh601318,194.5950,195.7350,191.5150,193.0350,110332800,2.223906
2021-01-20,sh601318,193.6750,194.0950,189.2550,189.8350,131977600,2.228110
2021-01-21,sh601318,190.1550,190.2550,187.0350,188.3150,139305500,2.230163
2021-01-22,sh601318,189.4350,189.7350,186.4750,187.0350,116275200,2.231921
2021-01-25,sh601318,186.8350,189.1950,184.5950,189.1950,127980100,2.228970
2021-01-26,sh601318,188.4350,189.1950,185.1950,185.4350,105139700,2.234157
2021-01-27,sh601318,185.3950,187.2550,184.5950,185.5150,68273800,2.234044
2021-01-28,sh601318,183.8350,184.5950,180.7350,181.2750,106108700,2.240175
2021-01-29,sh601318,181.2350,182.3150,176.4350,177.5950,126980000,2.245764
2021-02-01,sh601318,177.6350,178.9150,176.1750,177.9750,72490100,2.245175
2021-02-02,sh601318,177.9950,178.3350,175.3350,175.7950,98836400,2.248593
2021-02-03,sh601318,174.9150,174.9150,170.0350,172.5150,134384300,2.253920
2021-02-04,sh601318,175.4350,180.0750,174.8350,178.6750,141654800,2.244097
2021-02-05,sh601318,179.4350,179.9950,176.6550,178.8750,84557200,2.243791
2021-02-08,sh601318,178.8950,180.2950,175.9950,176.5750,79654700,2.247359
2021-02-09,sh601318,176.5550,176.5550,173.0350,175.6950,91412200,2.248752
2021-02-10,sh601318,175.2350,179.0550,174.4150,177.9350,91968700,2.245237
2021-02-18,sh601318,182.4350,185.1550,181.2150,184.1950,146678200,2.235919
2021-02-19,sh601318,183.4350,188.5550,182.7950,187.8350,124061800,2.230819
2021-02-22,sh601318,187.9350,190.0150,184.5950,185.4350,113034100,2.234157
2021-02-23,sh601318,184.4750,189.8150,184.4350,188.0750,101660000,2.230491
2021-02-24,sh601318,186.4350,190.9550,184.4350,186.9950,117355500,2.231977
2021-02-25,sh601318,188.4750,195.9950,186.1350,193.7150,189749000,2.223032
2021-02-26,sh601318,191.0350,193.6950,189.7950,189.7950,118045500,2.228164
2021-03-01,sh601318,191.4350,192.1950,187.1150,189.1150,82300800,2.229078
2021-03-02,sh601318,189.1150,189.3350,184.6350,185.8950,85227400,2.233510
2021-03-03,sh601318,184.8350,193.3150,184.6950,192.9350,116697100,2.224035
2021-03-04,sh601318,191.4350,194.3350,191.0350,192.0350,94974600,2.225203
2021-03-05,sh601318,190.4150,192.0150,186.1150,188.4350,81417600,2.230000
2021-03-08,sh601318,189.8350,194.9950,188.9350,189.3350,105035700,2.228782
2021-03-09,sh601318,190.4350,191.9550,187.0350,187.5350,98217500,2.231231
2021-03-10,sh601318,188.6750,188.6950,185.6750,185.9950,64800100,2.233369
2021-03-11,sh601318,187.2350,192.1550,187.0350,192.1550,91252100,2.225046
2021-03-12,sh601318,192.4550,192.6350,189.6950,190.5350,64681200,2.227177
2021-03-15,sh601318,190.1550,190.4350,187.8550,189.6550,54551300,2.228352
2021-03-16,sh601318,190.0350,190.6350,188.2550,190.2350,54354000,2.227576
2021-03-17,sh601318,189.4350,189.4350,184.2550,184.5150,106478500,2.235462
2021-03-18,sh601318,184.0350,184.9950,181.5750,182.2750,80312100,2.238701
2021-03-19,sh601318,181.8350,182.0350,178.4550,178.7150,96102400,2.244036
2021-03-22,sh601318,179.4150,179.9750,178.4950,179.0750,54273100,2.243485
2021-03-23,sh601318,179.2150,180.6350,177.6750,179.5350,51116900,2.242786
2021-03-24,sh601318,179.4150,180.0350,176.8550,177.4550,63315800,2.245982
2021-03-25,sh601318,177.8950,178.7550,177.4150,177.8350,43650600,2.245391
2021-03-26,sh601318,178.5950,180.0350,178.5550,179.4550,45348500,2.242907
2021-03-29,sh601318,179.4350,179.6350,177.0350,177.6950,63234500,2.245608
2021-03-30,sh601318,177.8350,178.1750,176.6350,178.1750,51106000,2.244866
2021-03-31,sh601318,178.4350,178.5350,176.5950,176.8350,48358500,2.246950
2021-04-01,sh601318,177.0350,177.9950,176.9350,177.8350,36071300,2.245391
2021-04-02,sh601318,177.8350,177.8350,176.5950,177.1950,46931900,2.246387
2021-04-06,sh601318,177.2750,178.3350,176.8150,177.4950,35173600,2.245919
2021-04-07,sh601318,178.1750,178.1750,175.7950,176.3350,47501200,2.247737
2021-04-08,sh601318,176.2950,177.4150,175.4550,176.6950,37404800,2.247170
2021-04-09,sh601318,176.6550,176.6750,173.3950,173.7550,68801100,2.251879
2021-04-12,sh601318,173.7350,174.4350,172.6750,173.7550,45336600,2.251879
2021-04-13,sh601318,174.3750,175.0750,171.8350,172.5550,55250300,2.253853
2021-04-14,sh601318,173.4150,174.3950,173.0350,173.7350,38079000,2.251912
2021-04-15,sh601318,171.7350,172.2350,169.7950,171.0550,79358200,2.256365
2021-04-16,sh601318,171.0150,171.1950,169.4350,170.8350,55174300,2.256737
2021-04-19,sh601318,170.3350,171.8150,169.4350,171.7950,65367600,2.255119
2021-04-20,sh601318,171.5350,171.7350,170.3950,171.4350,49248500,2.255724
2021-04-21,sh601318,170.6550,171.1550,169.9950,170.6750,41754900,2.257009
2021-04-22,sh601318,172.0250,172.0850,170.1850,170.9650,56065400,2.298844
2021-04-23,sh601318,170.9650,173.3850,169.9850,170.7450,86784500,2.299286
2021-04-26,sh601318,170.2650,170.2850,167.7450,168.0050,106193000,2.304912
2021-04-27,sh601318,167.6650,169.1450,166.2850,168.7650,75969300,2.303330
2021-04-28,sh601318,168.2250,168.4450,167.0050,167.8450,57062700,2.305247
2021-04-29,sh601318,167.8450,170.1450,167.3450,169.8650,54441600,2.301070
2021-04-30,sh601318,170.1850,170.1850,166.9450,167.2250,52463000,2.306552
2021-05-06,sh601318,164.6250,165.8250,162.9450,163.2850,92009500,2.315114
2021-05-07,sh601318,163.7250,164.4050,162.2650,162.4250,56146200,2.317047
2021-05-10,sh601318,162.5850,163.2050,161.2250,162.2850,52457000,2.317364
2021-05-11,sh601318,161.9250,163.2850,160.9650,162.7850,50953200,2.316235
2021-05-12,sh601318,162.2250,163.2650,161.5450,162.0850,40995700,2.317818
2021-05-13,sh601318,161.2050,161.8850,159.9850,160.5050,50644800,2.321449
2021-05-14,sh601318,161.0250,164.5850,160.3050,164.5850,81877200,2.312237
2021-05-17,sh601318,163.0250,163.8650,162.2250,162.9650,63300400,2.315831
2021-05-18,sh601318,163.5850,165.0050,163.1250,164.0250,41807300,2.313470
2021-05-19,sh601318,163.6250,163.6250,162.0050,162.1650,46585000,2.317636
2021-05-20,sh601318,162.2250,164.1650,161.4650,163.6650,42247200,2.314268
2021-05-21,sh601318,164.2250,164.9850,162.2450,162.3250,41383600,2.317273
2021-05-24,sh601318,162.2250,162.9650,161.5250,162.1050,35092200,2.317772
2021-05-25,sh601318,162.4050,167.7050,161.6450,167.1450,121383200,2.306721
2021-05-26,sh601318,168.4050,168.7050,166.5850,166.9850,71239600,2.307060
2021-05-27,sh601318,166.9450,168.4850,165.8250,168.0250,58100800,2.304870
2021-05-28,sh601318,167.8250,169.2250,167.2250,168.1650,51011300,2.304577
2021-05-31,sh601318,167.5250,167.8250,165.1650,165.8250,62483400,2.309540
2021-06-01,sh601318,165.6050,165.6050,164.0250,164.4850,59372700,2.312456
2021-06-02,sh601318,164.9850,165.0050,162.8450,163.9650,48109800,2.313602
2021-06-03,sh601318,164.0250,165.2250,163.2250,163.5850,40951600,2.314445
2021-06-04,sh601318,163.0250,165.3850,162.9050,163.9250,51486800,2.313691
2021-06-07,sh601318,163.4250,163.5850,162.3450,162.7850,38673900,2.316235
2021-06-08,sh601318,162.7650,164.0850,162.1250,163.0450,40701700,2.315651
2021-06-09,sh601318,162.8250,164.1250,162.6250,162.8250,40195800,2.316145
2021-06-10,sh601318,162.7650,163.8050,162.2250,162.2450,52461100,2.317455
2021-06-11,sh601318,162.2450,162.5850,160.7450,161.0250,63032400,2.320245
2021-06-15,sh601318,160.2450,160.3450,156.1250,156.3650,107755700,2.331370
2021-06-16,sh601318,156.2450,157.7250,155.8450,156.2250,52727000,2.331716
2021-06-17,sh601318,156.2450,156.6050,154.2650,154.7250,54804000,2.335472
2021-06-18,sh601318,154.2250,154.2250,152.2250,152.4250,85707200,2.341398
2021-06-21,sh601318,151.2050,151.5250,149.7450,150.5450,81085400,2.346400
2021-06-22,sh601318,151.2250,152.8250,150.5650,151.6850,62012700,2.343349
2021-06-23,sh601318,151.7250,154.1650,151.6850,153.8650,58687300,2.337663
2021-06-24,sh601318,153.9050,154.9850,153.1850,154.1450,41790000,2.336947
2021-06-25,sh601318,154.2850,155.7850,153.6450,155.5850,53565400,2.333308
2021-06-28,sh601318,155.5850,155.6050,152.6250,153.4250,51013400,2.338796
2021-06-29,sh601318,152.9250,153.0250,150.8250,150.9850,54966800,2.345216
2021-06-30,sh601318,150.6250,151.7050,149.8250,150.7850,47636900,2.345753
2021-07-01,sh601318,150.7450,152.5650,149.3850,151.7450,69261700,2.343190
2021-07-02,sh601318,150.2850,150.3650,146.4250,146.8250,102808200,2.356742
2021-07-05,sh601318,146.2050,146.7850,144.4850,146.0450,75064700,2.358989
2021-07-06,sh601318,147.0650,148.5050,145.9250,148.0250,68581300,2.353339
2021-07-07,sh601318,147.6050,149.0450,146.4050,146.9650,52316800,2.356341
2021-07-08,sh601318,146.9650,146.9650,143.2650,143.7850,83755900,2.365663
2021-07-09,sh601318,143.1850,144.5250,141.8450,142.4050,70761600,2.369862
2021-07-12,sh601318,142.8450,143.1850,140.8650,141.0250,81898900,2.374158
2021-07-13,sh601318,141.0250,141.9850,140.3250,141.6250,51333700,2.372278
2021-07-14,sh601318,141.5250,141.5250,137.7850,138.0450,106561800,2.383785
2021-07-15,sh601318,138.8050,142.6050,138.2050,142.1850,108588600,2.370540
2021-07-16,sh601318,141.6050,142.8050,139.9850,141.6250,57820400,2.372278
2021-07-19,sh601318,141.9850,141.9850,138.3250,140.9250,66650100,2.374473
2021-07-20,sh601318,139.8050,140.6250,138.4850,139.1450,44931000,2.380174
2021-07-21,sh601318,138.5250,139.9050,138.0250,138.3850,58704400,2.382662
2021-07-22,sh601318,137.9250,140.3650,137.2450,139.3050,63661400,2.379655
2021-07-23,sh601318,139.2250,139.7650,137.4650,137.5050,59325500,2.385583
2021-07-26,sh601318,136.4050,136.4050,130.8850,131.2250,117486500,2.407798
2021-07-27,sh601318,131.2250,131.5850,126.9450,127.5650,93901100,2.421967
2021-07-28,sh601318,127.6250,129.4050,127.2450,128.4450,83836600,2.418471
2021-07-29,sh601318,129.5250,129.5850,127.7250,128.7250,76800400,2.417371
2021-07-30,sh601318,128.4850,130.5250,127.4250,129.5650,65088800,2.414105
2021-08-02,sh601318,129.2250,132.1850,127.2050,130.2450,97161100,2.411498
2021-08-03,sh601318,129.9850,131.0450,129.3850,130.7050,65820300,2.409753
2021-08-04,sh601318,130.8250,130.8250,128.8850,129.4250,64666000,2.414646
2021-08-05,sh601318,129.2450,133.2250,128.9250,130.6250,84322100,2.410055
2021-08-06,sh601318,129.1250,129.9050,128.3250,129.5650,50241100,2.414105
2021-08-09,sh601318,128.6250,133.9450,128.4250,132.4650,91882100,2.403211
2021-08-10,sh601318,131.9250,134.0050,130.5850,133.6850,76365600,2.398798
2021-08-11,sh601318,133.6850,135.8050,133.1050,133.8250,82202000,2.398297
2021-08-12,sh601318,133.6850,134.0050,131.5050,131.7050,57307000,2.406010
2021-08-13,sh601318,130.7850,132.1650,130.2250,130.8450,48471800,2.409225
2021-08-16,sh601318,130.2250,132.8250,130.0250,132.0850,46009600,2.404606
2021-08-17,sh601318,131.6050,133.6250,130.5850,130.6450,69026200,2.409980
2021-08-18,sh601318,130.2650,134.4450,129.7650,134.3050,96366600,2.396592
2021-08-19,sh601318,133.4050,133.7450,129.5450,129.6450,114860600,2.413796
2021-08-20,sh601318,128.4450,129.5450,127.8450,128.2450,67560700,2.419261
2021-08-23,sh601318,128.2450,129.1450,127.4250,127.6250,59491200,2.421727
2021-08-24,sh601318,126.8250,127.7050,125.0050,125.8250,94659700,2.429054
2021-08-25,sh601318,126.0650,126.6650,125.1450,125.3850,61059600,2.430884
2021-08-26,sh601318,125.2250,125.2250,122.8050,122.8250,88681400,2.441849
2021-08-27,sh601318,124.3250,126.8850,124.3050,126.2250,101781900,2.427404
2021-08-30,sh601318,126.2250,126.2250,122.9250,123.6450,95948700,2.438276
2021-08-31,sh601318,122.6250,123.1650,119.9850,122.0250,158678300,2.445391
2021-09-01,sh601318,121.7850,126.3250,121.4450,125.2050,163160000,2.431637
2021-09-02,sh601318,124.2450,125.7050,123.5650,125.3250,87858600,2.431135
2021-09-03,sh601318,125.3450,127.2450,123.6250,125.6450,90260300,2.429801
2021-09-06,sh601318,125.6050,126.5250,124.5850,125.3850,88302000,2.430884
2021-09-07,sh601318,125.4650,127.3050,124.3850,126.9050,94737400,2.424627
2021-09-08,sh601318,126.2250,127.4850,125.5850,126.1250,84399200,2.427815
2021-09-09,sh601318,125.0250,125.6650,124.2450,125.4650,73490800,2.430550
2021-09-10,sh601318,124.9250,127.2250,124.7850,125.6450,84549100,2.429801
2021-09-13,sh601318,125.1850,125.4050,124.3450,124.4650,66980000,2.434761
2021-09-14,sh601318,125.1050,125.3850,121.8450,121.9450,108266200,2.445748
2021-09-15,sh601318,121.2250,121.9850,120.8250,121.1650,64542300,2.449262
2021-09-16,sh601318,120.8650,122.1850,120.6450,121.2450,59115600,2.448899
2021-09-17,sh601318,121.0250,121.7850,118.6650,119.5850,92721400,2.456553
2021-09-22,sh601318,117.2250,118.3850,116.8250,117.7850,72393000,2.465153
2021-09-23,sh601318,119.2250,120.9250,118.2450,118.6650,75804500,2.460908
2021-09-24,sh601318,118.6850,119.9850,118.0250,118.3850,84358400,2.462250
2021-09-27,sh601318,118.0250,120.7050,117.8650,120.2250,99008100,2.453571
2021-09-28,sh601318,120.2050,121.4850,119.2650,120.7450,77950700,2.451177
2021-09-29,sh601318,119.7650,121.3050,119.2650,120.6050,63129500,2.451819
2021-09-30,sh601318,120.8250,120.8250,118.6850,118.9450,68007000,2.459574
2021-10-11,sh601318,126.4250,129.0050,126.1050,127.7050,150450000,2.421407
2021-10-12,sh601318,126.3250,128.3050,125.5850,126.7450,94465600,2.425277
2021-10-13,sh601318,126.4250,126.6050,124.0250,125.7250,64988900,2.429469
2021-10-14,sh601318,125.6250,126.2250,124.6250,125.0450,42700600,2.432309
2021-10-15,sh601318,124.4850,125.3850,123.4650,123.9850,73301700,2.436812
2021-10-18,sh601318,124.3850,124.7050,121.5850,121.9450,77197100,2.445748
2021-10-19,sh601318,121.9250,125.9250,121.6250,125.1250,84752700,2.431973
2021-10-20,sh601318,125.6250,126.3050,123.8050,124.9650,66823900,2.432646
2021-10-21,sh601318,125.3250,131.9850,125.2450,130.7850,211005800,2.409451
2021-10-22,sh601318,131.5850,131.9250,129.4250,130.8050,102633000,2.409376
2021-10-25,sh601318,130.3720,130.7120,128.8720,130.3920,75444700,2.450517
2021-10-26,sh601318,130.3920,131.9320,128.1720,128.3120,74882500,2.459498
2021-10-27,sh601318,127.9120,129.2720,127.0520,127.2720,58905200,2.464124
2021-10-28,sh601318,125.4320,126.7920,124.0720,126.5720,85061900,2.467290
2021-10-29,sh601318,125.6120,126.4320,122.4520,123.1120,146662700,2.483599
2021-11-01,sh601318,121.9720,124.8720,121.4720,124.2120,62876100,2.478292
2021-11-02,sh601318,124.3920,125.3120,122.4120,123.9920,78272500,2.479344
2021-11-03,sh601318,123.9720,125.4720,123.6720,124.0720,47676300,2.478961
2021-11-04,sh601318,123.7720,124.2520,123.0320,123.3720,53205300,2.482334
2021-11-05,sh601318,123.3720,124.6520,123.1520,123.8320,41665500,2.480112
2021-11-08,sh601318,123.7520,125.3720,122.7120,124.7720,53172400,2.475635
2021-11-09,sh601318,124.9320,125.6320,123.1720,123.3520,64051100,2.482431
2021-11-10,sh601318,122.9720,123.0920,120.6320,122.2320,81604900,2.487930
2021-11-11,sh601318,122.1920,126.2920,121.9720,126.2720,111085800,2.468661
2021-11-12,sh601318,126.2320,126.2320,124.2720,125.1920,58595900,2.473661
2021-11-15,sh601318,125.6720,126.3720,124.4320,125.1720,44209100,2.473755
2021-11-16,sh601318,125.1720,125.8520,123.9720,124.6920,47743800,2.476013
2021-11-17,sh601318,123.9520,125.0320,123.7320,124.0720,35153200,2.478961
2021-11-18,sh601318,123.7720,123.7920,122.9920,122.9920,42332500,2.484185
2021-11-19,sh601318,122.7720,124.1920,122.4720,123.8920,42829000,2.479824
2021-11-22,sh601318,123.6720,123.8520,123.0720,123.3920,34005100,2.482237
2021-11-23,sh601318,123.3320,124.3120,122.9520,123.2120,40224100,2.483112
2021-11-24,sh601318,123.2120,123.9720,122.6720,123.4720,36196100,2.481849
2021-11-25,sh601318,123.4920,123.4920,122.6920,122.7720,40741100,2.485263
2021-11-26,sh601318,122.4520,122.4920,121.3920,121.4120,58902300,2.492036
2021-11-29,sh601318,120.9520,121.6720,120.6120,121.2920,40427300,2.492643
2021-11-30,sh601318,120.9920,121.6320,120.3120,120.4120,46694700,2.497138
2021-12-01,sh601318,120.5120,121.9320,120.5120,121.7120,42213700,2.490526
2021-12-02,sh601318,121.1920,122.2520,120.8120,121.7320,38330100,2.490426
2021-12-03,sh601318,121.9320,122.4720,120.9320,121.9520,42748900,2.489324
2021-12-06,sh601318,122.1720,123.4720,122.1720,122.2720,61036900,2.487731
2021-12-07,sh601318,122.9720,124.9720,122.3920,124.7520,101150200,2.475729
2021-12-08,sh601318,124.7520,124.7720,123.7720,124.6520,65354400,2.476202
2021-12-09,sh601318,124.6920,127.6320,124.2320,126.5920,124929600,2.467199
2021-12-10,sh601318,125.9720,126.9520,125.7720,126.4120,73770700,2.468020
2021-12-13,sh601318,127.2920,128.9720,126.2120,126.2720,91858100,2.468661
2021-12-14,sh601318,125.7720,126.6720,125.3720,125.6720,58733400,2.471426
2021-12-15,sh601318,125.5520,126.1320,125.0320,125.3720,36383300,2.472821
2021-12-16,sh601318,125.5520,126.5520,124.9720,126.3720,51436600,2.468203
2021-12-17,sh601318,126.0120,126.7720,124.7320,125.0520,53967000,2.474317
2021-12-20,sh601318,124.4520,125.6720,124.3720,124.5320,42844200,2.476770
2021-12-21,sh601318,124.5520,126.2520,124.5320,125.6520,39397900,2.471518
2021-12-22,sh601318,125.8320,125.9720,124.2320,124.3320,42540500,2.477720
2021-12-23,sh601318,124.3520,124.7720,123.4720,124.4120,40497900,2.477340
2021-12-24,sh601318,124.3520,124.3720,123.4120,123.6120,31293500,2.481172
2021-12-27,sh601318,123.8920,124.3720,123.7120,123.9320,27470100,2.479632
2021-12-28,sh601318,124.5720,126.2320,124.1720,125.7120,61735900,2.471240
2021-12-29,sh601318,126.1720,126.2920,125.0120,125.5920,37646900,2.471797
2021-12-30,sh601318,125.7720,125.9520,124.7920,124.7920,42788000,2.475541
2021-12-31,sh601318,124.8320,125.6720,124.2720,124.7920,35800000,2.475541
2022-01-04,sh601318,124.7720,126.0920,124.1720,125.9720,63583800,2.470039
2022-01-05,sh601318,126.1920,128.7720,125.9120,128.1120,118124700,2.460380
2022-01-06,sh601318,127.9520,128.0120,126.4120,126.5720,66165800,2.467290
2022-01-07,sh601318,126.9520,130.6320,126.8720,129.8520,123076000,2.452815
2022-01-10,sh601318,129.9520,131.0920,128.9720,130.1320,76113400,2.451620
2022-01-11,sh601318,130.3120,131.4520,129.0520,129.6920,68092000,2.453500
2022-01-12,sh601318,129.1720,129.5920,127.6920,128.9720,57292300,2.456610
2022-01-13,sh601318,129.0720,131.3320,128.5720,128.5720,72866300,2.458356
2022-01-14,sh601318,128.6720,128.9720,126.0920,126.1720,77939700,2.469119
2022-01-17,sh601318,126.1920,126.8320,125.4720,125.8520,46056700,2.470593
2022-01-18,sh601318,125.8520,127.1520,125.1720,126.4320,63698000,2.467929
2022-01-19,sh601318,126.5720,127.6520,126.1920,126.8720,48331600,2.465928
2022-01-20,sh601318,126.9720,131.0120,126.8720,130.7720,144835900,2.448914
2022-01-21,sh601318,130.9720,131.5720,129.9720,131.0720,104189500,2.447656
2022-01-24,sh601318,131.0320,131.0320,129.0320,130.2320,54264100,2.451195
2022-01-25,sh601318,129.1720,129.7720,126.1720,126.3720,77666200,2.468203
2022-01-26,sh601318,127.3320,128.3520,126.4120,127.6320,48327500,2.462512
2022-01-27,sh601318,126.9720,126.9720,125.5120,125.5520,58650200,2.471983
2022-01-28,sh601318,126.0120,126.6720,123.5720,123.9120,72935500,2.479728
2022-02-07,sh601318,126.6520,128.9120,125.3720,127.9320,94041700,2.461177
2022-02-08,sh601318,127.4920,130.0320,127.4120,129.9720,86611600,2.452302
2022-02-09,sh601318,130.4520,131.9720,129.7320,130.0520,88043500,2.451961
2022-02-10,sh601318,130.3320,132.3320,129.5720,132.3320,96278700,2.442451
2022-02-11,sh601318,132.6720,136.4320,132.1320,135.1520,158377700,2.431229
2022-02-14,sh601318,133.9920,134.5720,131.3320,131.7720,94465400,2.444750
2022-02-15,sh601318,131.0720,131.7720,129.7920,130.5320,63540600,2.449925
2022-02-16,sh601318,130.9720,132.3320,130.5320,131.6520,52321000,2.445245
2022-02-17,sh601318,132.1720,133.2320,130.6920,131.2720,50490400,2.446822
2022-02-18,sh601318,131.1720,133.1720,130.8520,132.9720,48422600,2.439853
2022-02-21,sh601318,132.1720,132.4720,130.9920,132.2920,38792800,2.442614
2022-02-22,sh601318,131.0120,131.1720,129.3920,130.1120,57749900,2.451705
2022-02-23,sh601318,130.1720,130.5720,129.3520,129.7520,46360200,2.453243
2022-02-24,sh601318,128.2720,128.4720,126.1520,126.8920,97539600,2.465838
2022-02-25,sh601318,127.3720,128.0920,126.3920,126.7720,54441600,2.466381
2022-02-28,sh601318,126.1720,126.1720,124.4720,125.4920,73188300,2.472262
2022-03-01,sh601318,125.9920,126.7720,125.1120,126.7520,56803600,2.466472
2022-03-02,sh601318,125.7720,126.4320,125.3720,125.4920,43692300,2.472262
2022-03-03,sh601318,125.5720,126.3520,125.3720,125.8120,35267600,2.470778
2022-03-04,sh601318,124.9120,124.9320,123.8920,124.1720,70086500,2.478483
2022-03-07,sh601318,123.2120,123.2120,121.2920,121.7320,78459700,2.490426
2022-03-08,sh601318,121.4120,122.0920,118.5720,118.9120,83440300,2.504993
2022-03-09,sh601318,119.1920,119.8320,114.9720,117.8120,82554500,2.510912
2022-03-10,sh601318,119.8720,120.0520,117.6920,117.7920,58775300,2.511021
2022-03-11,sh601318,115.9720,118.7720,115.3720,118.2520,66707800,2.508528
2022-03-14,sh601318,115.9720,117.1120,115.5120,115.5920,59257800,2.523292
2022-03-15,sh601318,114.0720,114.3720,109.0720,109.2720,126937900,2.562063
2022-03-16,sh601318,110.5520,113.2720,108.6320,112.5520,100969400,2.541251
2022-03-17,sh601318,114.9720,116.3720,113.4720,114.9720,109572200,2.526857
2022-03-21,sh601318,119.5120,119.5120,117.2320,118.0520,94951900,2.509609
2022-03-22,sh601318,116.9720,119.6920,116.8720,119.5720,74211200,2.501506
2022-03-23,sh601318,119.0920,120.2920,118.2720,119.7720,57702900,2.500459
2022-03-24,sh601318,119.0320,121.4120,118.7720,120.4720,61075700,2.496829
2022-03-25,sh601318,119.9920,121.5520,119.1320,119.2320,55993800,2.503296
2022-03-28,sh601318,118.7720,120.2120,117.8320,119.6720,39368600,2.500982
2022-03-29,sh601318,119.8720,120.3720,118.2720,118.3920,32235700,2.507774
2022-03-30,sh601318,119.0720,121.6320,118.8720,121.3720,57542700,2.492238
2022-03-31,sh601318,120.7720,122.4720,120.5720,120.8720,42349800,2.494778
2022-04-01,sh601318,120.5720,122.1920,120.1920,121.8920,47367700,2.489624
2022-04-06,sh601318,122.0720,123.8120,121.9720,123.0520,64005300,2.483892
2022-04-07,sh601318,122.3720,123.0120,120.5520,120.9320,50113000,2.494472
2022-04-08,sh601318,120.6720,122.4720,120.6720,122.4520,43473200,2.486840
2022-04-11,sh601318,121.7920,121.9320,119.0120,119.2120,50640500,2.503402
2022-04-12,sh601318,119.6920,121.7320,118.9320,120.9120,46739600,2.494574
2022-04-13,sh601318,120.4720,120.7320,119.3320,119.6120,31775100,2.501297
2022-04-14,sh601318,120.7120,121.0120,119.7720,120.3520,35884900,2.497448
2022-04-15,sh601318,119.9720,121.4520,119.7720,120.5720,31411500,2.496315
2022-04-18,sh601318,119.9520,119.9520,117.6320,117.9720,40537500,2.510043
2022-04-19,sh601318,118.0720,118.5120,116.2320,116.8520,36954300,2.516193
2022-04-20,sh601318,117.2720,117.5520,115.6320,115.7920,38061000,2.522152
2022-04-21,sh601318,115.7320,118.3320,115.5920,116.4120,54904400,2.518650
2022-04-22,sh601318,115.9920,117.9120,115.7920,116.8920,39732600,2.515971
2022-04-25,sh601318,113.9720,116.3320,113.3720,113.6720,67392000,2.534493
2022-04-26,sh601318,113.6520,114.3320,110.9920,111.1520,63892400,2.549943
2022-04-27,sh601318,110.7920,112.3720,110.3320,111.7920,53108400,2.545935
2022-04-28,sh601318,111.5520,111.7920,110.2920,111.2920,52599900,2.549061
2022-04-29,sh601318,111.5720,114.2120,111.1720,113.0920,51638600,2.537971
2022-05-05,sh601318,113.5520,115.1320,113.4720,114.0120,42878200,2.532474
2022-05-06,sh601318,112.8720,113.9320,111.9720,112.0920,37231500,2.544076
2022-05-09,sh601318,112.1320,112.7920,111.7120,112.6720,25612000,2.540519
2022-05-10,sh601318,111.6720,113.3320,111.3720,112.9120,40469300,2.539060
2022-05-11,sh601318,112.8520,113.9920,112.3920,113.4320,60728500,2.535927
2022-05-12,sh601318,112.6720,113.1320,111.6720,111.9720,42773800,2.544818
2022-05-13,sh601318,112.3320,112.9720,111.1520,111.8920,41233500,2.545314
2022-05-16,sh601318,112.2720,112.3920,110.3320,110.6920,46886300,2.552860
2022-05-17,sh601318,110.9720,111.7320,110.5120,111.6120,40137300,2.547056
2022-05-18,sh601318,111.9520,112.1720,110.6920,111.2320,35234200,2.549438
2022-05-19,sh601318,110.1720,110.8520,110.0320,110.5520,28281600,2.553754
2022-05-20,sh601318,110.7720,112.6920,110.7720,112.5920,54975100,2.541007
2022-05-23,sh601318,112.2720,112.5120,111.3520,111.7520,35909800,2.546184
2022-05-24,sh601318,111.5720,112.1920,110.1920,110.2520,39342400,2.555679
2022-05-25,sh601318,110.0320,110.9720,110.0120,110.4320,26374900,2.554522
2022-05-26,sh601318,110.5920,111.0720,109.8720,110.2720,40099200,2.555550
2022-05-27,sh601318,110.7920,111.6720,110.7720,111.0320,38790100,2.550701
2022-05-30,sh601318,111.8320,112.6920,111.4120,112.2720,52217500,2.542967
2022-05-31,sh601318,112.4320,113.5320,111.9720,112.3720,54065300,2.542353
2022-06-01,sh601318,112.4720,113.0720,111.7920,112.3120,32852100,2.542721
2022-06-02,sh601318,111.5720,112.0320,111.0720,111.9720,34082900,2.544818
2022-06-06,sh601318,111.9520,112.5120,110.6320,112.4920,54326700,2.541618
2022-06-07,sh601318,112.4920,112.7320,111.8720,112.2720,43157500,2.542967
2022-06-08,sh601318,112.4720,113.3920,112.0920,113.1520,52956200,2.537609
2022-06-09,sh601318,113.3720,114.0320,112.9120,113.2120,53243000,2.537248
2022-06-10,sh601318,112.6720,113.9720,112.1320,113.8520,56532000,2.533422
2022-06-13,sh601318,112.9720,113.1720,112.0120,112.2520,53712100,2.543090
2022-06-14,sh601318,111.7720,114.4720,111.5720,114.4120,62895800,2.530119
2022-06-16,sh601318,118.7320,118.9720,116.9720,116.9720,84493100,2.515527
2022-06-17,sh601318,116.7120,118.4920,116.4720,118.0320,56670400,2.509717
2022-06-20,sh601318,118.3840,118.6440,117.0440,117.6640,57061500,2.594004
2022-06-21,sh601318,118.3040,120.5040,117.8440,119.2040,68456900,2.584088
2022-06-22,sh601318,119.3440,119.5840,117.7440,117.7440,43690700,2.593480
2022-06-23,sh601318,118.2040,119.9440,118.2040,119.4440,49426500,2.582573
2022-06-24,sh601318,119.8040,120.6440,119.3840,120.4640,53672400,2.576219
2022-06-27,sh601318,120.6440,121.1440,119.9440,120.5440,44985800,2.575726
2022-06-28,sh601318,120.5840,121.3240,119.6440,120.7440,35170700,2.574499
2022-06-29,sh601318,120.7240,121.8240,120.1040,120.5240,41277200,2.575850
2022-06-30,sh601318,120.5440,121.3440,119.8640,120.3240,39185300,2.577083
2022-07-01,sh601318,120.3440,120.9040,119.1840,119.5640,35756800,2.581818
2022-07-04,sh601318,119.3440,119.9440,118.5440,119.8640,40713000,2.579940
2022-07-05,sh601318,119.9040,122.0440,119.7040,120.1640,45256900,2.578073
2022-07-06,sh601318,120.1840,120.2040,118.4440,118.6440,38956100,2.587655
2022-07-07,sh601318,118.2440,119.2240,118.1240,118.1440,29372200,2.590877
2022-07-08,sh601318,118.7640,119.7040,118.3040,118.5840,29228300,2.588040
2022-07-11,sh601318,118.1640,118.4840,117.3840,117.7040,28113500,2.593742
2022-07-12,sh601318,117.7040,118.4240,117.1840,117.9640,25405500,2.592046
2022-07-13,sh601318,117.7840,118.2040,116.9440,117.1040,29658800,2.597693
2022-07-14,sh601318,116.7440,117.0240,113.8040,114.1440,90304400,2.617982
2022-07-15,sh601318,114.1640,115.1240,112.3440,112.3640,69404200,2.630859
2022-07-18,sh601318,112.4440,114.3240,112.3840,113.8440,35524400,2.620115
2022-07-19,sh601318,113.7840,114.4840,112.7440,113.7440,35610600,2.620829
2022-07-20,sh601318,114.5040,114.6040,113.6640,113.7440,24956600,2.620829
2022-07-21,sh601318,113.4040,113.4440,112.2440,112.4240,40556800,2.630416
2022-07-22,sh601318,112.5440,113.6640,112.5040,113.0440,29435600,2.625877
2022-07-25,sh601318,112.9440,113.1840,112.3840,112.7840,22513500,2.627773
2022-07-26,sh601318,112.8440,113.5240,112.7840,113.3440,22847400,2.623704
2022-07-27,sh601318,113.0640,113.3040,112.3440,112.5240,29639900,2.629680
2022-07-28,sh601318,112.7440,113.4440,112.3640,112.3840,34875000,2.630712
2022-07-29,sh601318,112.5240,113.2440,111.1440,111.1840,46070400,2.639696
2022-08-01,sh601318,111.1640,111.1840,110.4440,110.6240,30655100,2.643977
2022-08-02,sh601318,110.0040,110.0440,108.0040,109.2840,60400800,2.654457
2022-08-03,sh601318,109.2240,109.7440,108.4240,108.6040,40785200,2.659907
2022-08-04,sh601318,109.1840,109.5440,108.7440,109.1040,25116300,2.655891
2022-08-05,sh601318,109.5240,110.3040,108.9040,110.0240,29671000,2.648628
2022-08-08,sh601318,109.5440,110.0240,108.9440,109.3040,30159400,2.654298
2022-08-09,sh601318,109.2840,109.3640,108.7840,108.8640,25139700,2.657812
2022-08-10,sh601318,108.8640,109.1040,107.6640,107.7440,46008900,2.666931
2022-08-11,sh601318,108.1240,110.3040,107.7840,109.8640,61070100,2.649879
2022-08-12,sh601318,109.4640,110.4640,109.2240,110.1640,35993300,2.647537
2022-08-15,sh601318,109.8040,110.4640,109.2040,109.2240,33276900,2.654934
2022-08-16,sh601318,109.6240,109.8840,108.7440,108.9240,27739000,2.657331
2022-08-17,sh601318,109.0440,109.9040,108.3840,109.5240,37572200,2.652555
2022-08-18,sh601318,109.2440,109.3040,108.4640,108.5640,29408000,2.660230
2022-08-19,sh601318,108.3440,109.4640,108.1840,108.8840,32462900,2.657652
2022-08-22,sh601318,108.6440,109.7240,108.5440,109.2440,33971900,2.654775
2022-08-23,sh601318,108.9840,109.2440,108.3040,108.3840,33148000,2.661690
2022-08-24,sh601318,109.6440,111.8240,109.6440,110.1640,115733000,2.647537
2022-08-25,sh601318,110.6440,113.4040,110.3040,113.1440,110572600,2.625151
2022-08-26,sh601318,113.1640,113.5840,111.9840,113.1840,72672600,2.624861
2022-08-29,sh601318,112.5440,113.3840,111.9240,113.0840,44989300,2.625586
2022-08-30,sh601318,112.9040,113.5240,111.9640,112.7240,38892900,2.628212
2022-08-31,sh601318,112.3640,115.4840,112.2640,114.6240,84223800,2.614599
2022-09-01,sh601318,114.1440,115.2040,113.7640,114.2440,45521300,2.617274
2022-09-02,sh601318,114.7240,115.5040,113.4640,114.3440,44914500,2.616568
2022-09-05,sh601318,113.9440,114.7440,112.9840,114.5440,41749100,2.615160
2022-09-06,sh601318,114.7440,115.8440,113.9840,114.7440,44977200,2.613759
2022-09-07,sh601318,114.1440,114.5640,113.2640,114.1440,37641100,2.617982
2022-09-08,sh601318,114.6240,115.4440,114.2640,114.6240,32129800,2.614599
2022-09-09,sh601318,114.9240,116.5040,114.6440,116.3240,57786700,2.602909
2022-09-13,sh601318,116.3040,117.6840,115.6440,117.0640,52966300,2.597958
2022-09-14,sh601318,116.0040,117.3040,115.9640,116.2440,35508400,2.603449
2022-09-15,sh601318,116.2840,118.1440,116.2640,117.1240,59444200,2.597560
2022-09-16,sh601318,116.5840,116.8840,114.6840,114.8040,62492000,2.613339
2022-09-19,sh601318,114.7840,115.9040,114.0640,114.8040,40538300,2.613339
2022-09-20,sh601318,115.2440,115.3240,113.1840,113.4240,35765000,2.623127
2022-09-21,sh601318,113.1440,113.8640,112.7440,113.2440,30353700,2.624426
2022-09-22,sh601318,112.1440,112.6040,111.7640,111.9040,37623000,2.634275
2022-09-23,sh601318,111.7640,113.8240,111.7640,112.9840,37532600,2.626313
2022-09-26,sh601318,112.4240,113.5840,111.7840,111.9240,30712400,2.634126
2022-09-27,sh601318,111.8040,112.4240,111.4840,111.8240,31229100,2.634873
2022-09-28,sh601318,111.3440,111.9440,110.6440,110.7240,42204400,2.643208
2022-09-29,sh601318,111.4040,111.6240,109.2440,109.5840,42655800,2.652081
2022-09-30,sh601318,109.6440,110.9040,109.6440,110.1040,33161900,2.648004
2022-10-10,sh601318,110.1040,111.3040,109.7040,109.8040,41387600,2.650350
2022-10-11,sh601318,110.2840,110.6840,109.1840,109.3440,26931700,2.653981
2022-10-12,sh601318,109.3640,110.9440,108.5440,110.7840,36247300,2.642748
2022-10-13,sh601318,110.5440,110.7440,109.3440,109.6640,38384600,2.651451
2022-10-14,sh601318,110.4440,111.6040,110.1840,110.8240,43441700,2.642442
2022-10-17,sh601318,110.3640,111.2440,110.0640,111.1440,34142500,2.640000
2022-10-18,sh601318,111.7440,111.8240,110.2840,110.4440,41635700,2.645365
2022-10-19,sh601318,110.2440,110.9040,109.4640,109.4840,36436100,2.652871
2022-10-20,sh601318,109.5550,109.7350,108.5550,108.7750,45021400,2.718695
2022-10-21,sh601318,108.9550,109.2550,107.7550,108.0550,45737700,2.725221
2022-10-24,sh601318,108.0750,108.6150,103.9750,104.1550,95125200,2.762732
2022-10-25,sh601318,103.9150,105.5150,103.0750,104.1950,55354900,2.762328
2022-10-26,sh601318,103.8350,105.0550,103.7750,104.0950,49839500,2.763340
2022-10-27,sh601318,104.1750,104.9350,103.8550,104.0750,45749700,2.763542
2022-10-28,sh601318,103.7750,104.1550,102.2150,102.2150,50769200,2.782875
2022-10-31,sh601318,101.5350,102.0950,100.5550,101.0550,56203400,2.795436
2022-11-01,sh601318,101.6550,103.7150,101.4950,103.6750,56566500,2.767619
2022-11-02,sh601318,103.3350,103.9550,103.0150,103.5550,45038500,2.768850
2022-11-03,sh601318,103.1150,103.3550,102.1550,102.6150,34933500,2.778635
2022-11-07,sh601318,104.7550,107.1150,104.5950,106.3350,57481000,2.741299
2022-11-08,sh601318,106.3350,106.7550,105.5150,106.1350,37048300,2.743215
2022-11-09,sh601318,106.3350,106.5350,105.3350,105.4950,26768700,2.749414
2022-11-10,sh601318,104.7550,106.1550,104.3150,105.6750,32317500,2.747660
2022-11-14,sh601318,112.0750,112.9950,111.1750,111.9550,121668000,2.691226
2022-11-15,sh601318,111.7150,114.6550,111.3750,113.7350,93442400,2.676747
2022-11-16,sh601318,113.9950,114.3950,113.2950,113.3550,59652800,2.679787
2022-11-17,sh601318,113.3350,114.2550,112.6550,113.8750,50398000,2.675634
2022-11-18,sh601318,114.1150,114.3750,112.8750,113.0750,39246400,2.682045
2022-11-21,sh601318,112.2550,112.2550,110.0750,111.1750,51118500,2.697768
2022-11-22,sh601318,111.1550,113.5150,110.7550,112.6950,47181400,2.685132
2022-11-23,sh601318,112.7950,113.6350,112.2750,112.2950,44962000,2.688413
2022-11-24,sh601318,113.1750,113.5150,112.0950,112.3550,24907600,2.687919
2022-11-25,sh601318,112.3150,114.6550,112.2550,114.2550,59796000,2.672632
2022-11-28,sh601318,112.0150,112.4350,110.7350,111.5750,51031500,2.694397
2022-11-30,sh601318,118.3950,121.0950,117.9550,118.6550,116501600,2.639711
2022-12-01,sh601318,120.7150,121.3350,118.1150,118.4150,85932700,2.641423
2022-12-02,sh601318,118.3950,118.7550,116.7550,117.9950,60778700,2.644442
2022-12-06,sh601318,123.3150,124.1150,122.2350,123.6350,87827300,2.606134
2022-12-07,sh601318,123.6350,123.7150,121.4950,122.1550,83145500,2.615739
2022-12-08,sh601318,121.5150,123.1550,121.3550,123.0550,44836400,2.609862
2022-12-09,sh601318,122.8950,124.5150,122.1550,123.9550,70957900,2.604097
2022-12-12,sh601318,123.1550,123.3150,120.9150,121.0950,65647100,2.622807
2022-12-13,sh601318,121.6750,122.9350,121.3550,122.1550,42366300,2.615739
2022-12-14,sh601318,122.9150,122.9750,121.0350,122.5350,34697300,2.613244
2022-12-15,sh601318,122.3550,122.9350,120.3550,121.6150,40402100,2.619319
2022-12-16,sh601318,120.9750,122.7750,120.8950,122.5550,42134800,2.613113
2022-12-19,sh601318,122.5550,123.2950,119.6550,120.2950,50589600,2.628250
2022-12-20,sh601318,119.8750,120.5150,117.9150,118.6150,49524500,2.639996
2022-12-21,sh601318,118.9550,119.9550,118.6350,119.2750,29789600,2.635329
2022-12-22,sh601318,120.7550,121.1150,120.0550,120.5150,35346200,2.626744
2022-12-23,sh601318,119.8150,120.7750,119.3950,120.0350,30647200,2.630039
2022-12-26,sh601318,120.0350,120.5150,118.0750,118.0750,40328200,2.643865
2022-12-27,sh601318,119.2950,120.6550,118.8150,119.9150,34779300,2.630869
2022-12-28,sh601318,119.6150,121.6550,119.3550,121.3150,45626700,2.621327
2022-12-29,sh601318,120.6550,120.7750,118.9750,120.3950,46957600,2.627564
2022-12-30,sh601318,120.7550,123.1550,120.7550,122.7550,55300500,2.611809
2023-01-03,sh601318,121.9350,123.2750,120.8750,123.0550,60230400,2.609862
2023-01-04,sh601318,123.3550,126.0150,123.3550,125.8150,86949600,2.592520
2023-01-05,sh601318,127.1550,127.7550,125.7550,126.6150,73704800,2.587676
2023-01-06,sh601318,127.7550,128.4150,126.8550,128.2350,78034600,2.578106
2023-01-09,sh601318,128.7550,130.6550,128.1550,130.5750,88185700,2.564820
2023-01-10,sh601318,130.5550,130.5750,127.0350,127.1750,83794900,2.584332
2023-01-11,sh601318,127.7550,130.7550,127.6350,130.1550,96689500,2.567160
2023-01-12,sh601318,130.5550,130.9750,129.6150,130.5750,60025600,2.564820
2023-01-13,sh601318,131.1550,133.4550,130.8550,133.4550,89625700,2.549284
2023-01-16,sh601318,133.7950,135.7150,131.7350,132.9350,122979400,2.552025
2023-01-17,sh601318,132.6750,132.8950,130.7550,131.7550,69887300,2.558350
2023-01-18,sh601318,131.7550,132.4950,131.0750,131.8550,41960300,2.557808
2023-01-19,sh601318,131.5550,132.4950,131.0550,132.3750,51046100,2.555009
2023-01-20,sh601318,132.9550,133.2350,131.7550,132.9550,49706900,2.551919
2023-01-30,sh601318,135.9350,135.9550,131.7150,131.7150,85757900,2.558566
2023-01-31,sh601318,132.2750,133.3150,130.4550,130.7150,61241800,2.564045
2023-02-01,sh601318,131.8550,132.2550,129.5750,131.4550,56530100,2.559981
2023-02-02,sh601318,131.9550,131.9550,129.5550,130.4150,63621700,2.565709
2023-02-03,sh601318,129.7550,129.8550,126.5550,127.9550,92731000,2.579738
2023-02-06,sh601318,126.3550,126.4750,124.1950,125.0750,92159500,2.597072
2023-02-07,sh601318,125.7550,126.4350,125.1550,126.1550,44436300,2.590452
2023-02-08,sh601318,126.2550,127.1350,125.5150,125.7550,34719000,2.592887
2023-02-09,sh601318,125.7550,127.8550,125.5350,127.3950,56490700,2.583029
2023-02-10,sh601318,127.6750,127.8550,126.7750,127.3550,30917300,2.583266
2023-02-13,sh601318,127.1350,127.3550,125.3350,127.2550,45797300,2.583858
2023-02-14,sh601318,127.3550,128.5550,127.0950,128.5550,37040200,2.576253
2023-02-15,sh601318,128.4350,128.5350,126.1750,126.5150,46102700,2.588277
2023-02-16,sh601318,126.9150,128.8550,126.7550,127.1550,57689100,2.584451
2023-02-17,sh601318,127.1550,128.4150,126.1750,126.3550,41751900,2.589242
2023-02-20,sh601318,126.4550,128.7350,126.2550,128.6550,66428500,2.575676
2023-02-21,sh601318,128.4750,128.9950,127.6550,128.7750,42666000,2.574985
2023-02-22,sh601318,127.7550,128.6750,126.9750,127.1150,44604600,2.584689
2023-02-23,sh601318,126.7550,128.1550,126.3750,126.7150,38525400,2.587076
2023-02-24,sh601318,126.5350,126.7750,124.9750,125.1550,44654800,2.596577
2023-02-27,sh601318,124.7550,125.5350,124.3150,124.3550,46791700,2.601569
2023-02-28,sh601318,124.7750,125.3150,123.7750,125.1550,38041700,2.596577
2023-03-01,sh601318,124.7950,128.7550,124.7750,128.7350,72432300,2.575215
2023-03-02,sh601318,128.6950,129.6750,128.1950,129.1550,38088900,2.572809
2023-03-03,sh601318,129.7150,130.0750,128.4550,129.3150,28413300,2.571897
2023-03-06,sh601318,128.7550,129.0950,125.6550,125.9150,77323700,2.591910
2023-03-07,sh601318,125.8550,127.1550,124.2550,124.5750,58730200,2.600188
2023-03-08,sh601318,123.8550,123.9750,122.7350,123.2150,52741700,2.608829
2023-03-09,sh601318,123.5150,123.5150,121.6950,122.0350,51832500,2.616531
2023-03-10,sh601318,120.8750,122.0550,120.7550,120.7550,45709200,2.625109
2023-03-13,sh601318,120.7550,122.3350,120.5750,121.7550,39948300,2.618387
2023-03-14,sh601318,121.1950,121.1950,119.5350,119.6750,49073300,2.632534
2023-03-15,sh601318,120.8150,122.0750,120.3150,120.6550,44364300,2.625789
2023-03-16,sh601318,118.5550,120.4150,118.2550,119.2150,78960900,2.635751
2023-03-17,sh601318,120.3750,122.6750,120.3750,121.1550,95019100,2.622403
2023-03-20,sh601318,120.7550,121.9150,119.8750,119.9150,71924400,2.630869
2023-03-21,sh601318,120.5350,121.5550,120.3150,120.7750,44665900,2.624973
2023-03-22,sh601318,121.2550,122.2950,121.1950,121.7550,55225100,2.618387
2023-03-23,sh601318,121.3550,122.5350,121.3550,122.5150,55427400,2.613375
2023-03-24,sh601318,122.3550,122.3550,120.8750,121.1550,43769400,2.622403
2023-03-27,sh601318,121.2750,121.4150,119.7550,120.7350,36217300,2.625245
2023-03-28,sh601318,120.9350,121.5150,120.1150,120.5150,28332400,2.626744
2023-03-29,sh601318,121.4150,121.9150,119.5550,119.5950,40902000,2.633091
2023-03-30,sh601318,119.7750,120.1550,118.6350,119.7150,45003000,2.632256
2023-03-31,sh601318,119.9550,121.3550,119.5150,119.9550,52454000,2.630592
2023-04-03,sh601318,119.8550,120.5550,119.3350,120.1150,45121500,2.629488
2023-04-04,sh601318,120.0950,120.4750,119.2150,119.8950,47348600,2.631007
2023-04-06,sh601318,119.8550,119.8550,118.8150,118.9150,36162700,2.637866
2023-04-07,sh601318,119.3350,120.3150,119.0550,120.0150,32633600,2.630178
2023-04-10,sh601318,120.2150,121.2950,119.7550,120.8750,52736900,2.624294
2023-04-11,sh601318,120.7950,121.3550,120.0150,120.0750,54309400,2.629763
2023-04-12,sh601318,120.3550,120.9150,119.6550,119.9550,46093800,2.630592
2023-04-13,sh601318,119.3550,119.4950,118.3750,118.9950,56947900,2.637301
2023-04-14,sh601318,119.4550,120.6950,119.1550,119.7350,42891900,2.632117
2023-04-18,sh601318,123.1550,126.9150,123.0150,125.9950,131027500,2.591423
2023-04-19,sh601318,125.8550,126.5550,125.2950,125.5550,49716500,2.594112
2023-04-20,sh601318,125.5750,126.6550,124.9950,126.3350,47673400,2.589363
2023-04-21,sh601318,125.9550,126.1350,122.0150,122.2350,81197600,2.615212
2023-04-24,sh601318,122.5150,124.2550,121.1550,121.5550,58748200,2.619720
2023-04-25,sh601318,121.8350,122.9150,120.5150,120.9350,61758300,2.623888
2023-04-26,sh601318,120.4750,121.2550,120.0750,120.3350,50514700,2.627976
2023-04-28,sh601318,129.9750,134.0550,129.3150,132.3550,214950200,2.555116
2023-05-04,sh601318,130.2950,137.4550,129.9350,136.1550,183764100,2.535475
2023-05-05,sh601318,136.7550,138.7550,135.2350,136.4150,126410700,2.534182
2023-05-08,sh601318,136.7350,138.9150,135.7750,138.5950,150405400,2.523580
2023-05-09,sh601318,138.5950,140.7550,135.4950,135.7150,146158700,2.537678
2023-05-10,sh601318,135.7150,136.4750,132.9750,133.3750,105561000,2.549704
2023-05-11,sh601318,134.5550,135.6950,133.0750,133.4550,59388400,2.549284
2023-05-12,sh601318,133.4150,133.7550,131.0950,131.2950,62668100,2.560854
2023-05-15,sh601318,131.3150,136.4950,130.3150,136.1750,111375400,2.535375
2023-05-16,sh601318,136.0950,136.3950,134.3550,135.1550,64496900,2.540508
2023-05-17,sh601318,134.3350,134.4550,131.9150,132.5750,64255200,2.553940
2023-05-18,sh601318,132.3550,134.4550,131.8150,132.3950,55516600,2.554902
2023-05-19,sh601318,131.1750,132.1550,130.3550,130.8350,55423600,2.563382
2023-05-22,sh601318,130.7550,132.4550,130.3550,131.5950,49881200,2.559218
2023-05-23,sh601318,131.5550,132.0950,128.5550,128.5550,68538600,2.576253
2023-05-24,sh601318,128.4750,128.5550,125.5550,125.6950,71313400,2.593254
2023-05-25,sh601318,125.5150,126.2550,124.5550,125.5550,52552900,2.594112
2023-05-26,sh601318,125.5350,126.5150,124.3750,125.6350,40336600,2.593621
2023-05-29,sh601318,126.0150,126.2550,124.3550,124.8350,48434400,2.598564
2023-05-30,sh601318,124.8550,125.4150,123.5950,124.7350,57029100,2.599187
2023-05-31,sh601318,124.1550,124.3350,122.7550,122.7550,61068900,2.611809
2023-06-01,sh601318,122.8550,124.6150,122.5550,123.6550,51807400,2.606006
2023-06-02,sh601318,124.5150,127.1550,124.4150,126.9550,83284000,2.585642
2023-06-05,sh601318,126.2750,126.6150,125.2150,125.7750,46645600,2.592764
2023-06-06,sh601318,125.4350,128.6150,125.2550,126.2750,64450200,2.589725
2023-06-07,sh601318,127.5550,128.1350,126.2950,126.7750,42543600,2.586717
2023-06-08,sh601318,126.5950,128.6750,126.1150,128.0950,57228400,2.578921
2023-06-09,sh601318,128.0950,128.6550,127.5750,127.7150,42804300,2.581144
2023-06-12,sh601318,127.6750,128.6350,126.5350,127.8950,47645700,2.580089
2023-06-13,sh601318,127.7150,128.1550,126.2550,128.0150,44002900,2.579387
2023-06-14,sh601318,128.8470,129.5270,127.4470,127.8070,55366400,2.659875
2023-06-15,sh601318,128.3070,129.9070,127.4470,128.5470,47344000,2.654833
2023-06-16,sh601318,129.1070,129.3870,127.9070,128.9070,53414200,2.652407
2023-06-19,sh601318,128.6270,128.6670,126.3670,126.7070,64216400,2.667516
2023-06-20,sh601318,126.7070,127.2070,125.3070,125.4870,61533300,2.676200
2023-06-21,sh601318,124.9270,126.2070,124.6670,124.9870,38103100,2.679824
2023-06-26,sh601318,124.3070,124.4470,123.1070,123.5670,48535000,2.690333
2023-06-27,sh601318,123.5470,124.9670,123.2070,124.3070,48093300,2.684816
2023-06-28,sh601318,124.0070,124.8070,123.5670,124.7870,35607000,2.681285
2023-06-29,sh601318,124.8070,125.2870,123.9670,124.3070,26573500,2.684816
2023-06-30,sh601318,124.1070,125.4470,124.0870,124.5070,32697100,2.683341
2023-07-03,sh601318,124.5870,128.4070,124.4670,128.0670,69778100,2.658095
2023-07-04,sh601318,128.0870,128.1670,127.1070,127.6070,29744100,2.661251
2023-07-05,sh601318,127.4870,127.6870,126.2670,126.4070,26406100,2.669630
2023-07-06,sh601318,125.7670,128.0270,125.7470,126.3070,40258000,2.670338
2023-07-07,sh601318,125.7070,127.0870,125.6670,126.1270,36442100,2.671616
2023-07-10,sh601318,126.9670,127.0870,124.7270,124.9270,36816400,2.680262
2023-07-11,sh601318,125.3070,126.5470,125.3070,126.1070,26888600,2.671758
2023-07-12,sh601318,126.1070,127.6070,125.8670,126.2870,35439300,2.670480
2023-07-13,sh601318,127.1470,129.2070,127.0070,128.9470,64876800,2.652139
2023-07-14,sh601318,129.7470,129.8870,128.5270,128.9870,36635800,2.651871
2023-07-17,sh601318,128.4470,128.6070,127.4670,127.8070,30470700,2.659875
2023-07-18,sh601318,128.2670,128.2870,126.6270,126.9070,28318300,2.666113
2023-07-19,sh601318,126.3070,127.4270,126.3070,127.2470,32111600,2.663743
2023-07-20,sh601318,127.5070,128.1070,126.3470,126.5470,30137800,2.668642
2023-07-21,sh601318,126.3270,127.2070,125.3070,125.6470,44679100,2.675048
2023-07-24,sh601318,125.3070,125.6870,124.7070,124.9470,31598000,2.680116
2023-07-26,sh601318,130.0670,130.9870,129.6670,130.6270,51544100,2.641063
2023-07-27,sh601318,130.8870,132.8670,130.5270,131.4670,70373500,2.635666
2023-07-28,sh601318,130.7070,136.4270,130.5270,135.5670,127790800,2.610572
2023-07-31,sh601318,137.6670,139.0670,136.3070,136.9070,127485500,2.602795
2023-08-01,sh601318,136.7070,137.7070,134.5870,135.1870,67061400,2.612814
2023-08-02,sh601318,134.9070,136.8270,133.5670,134.5270,60879800,2.616748
2023-08-03,sh601318,134.5270,136.9070,133.9270,136.5270,65494400,2.604980
2023-08-04,sh601318,138.1670,139.4070,135.5070,135.5070,105165300,2.610925
2023-08-07,sh601318,134.4670,135.2470,134.1070,135.1070,43689600,2.613288
2023-08-08,sh601318,134.6470,135.0870,132.6270,134.2270,52326300,2.618552
2023-08-09,sh601318,133.8670,134.8670,133.6070,134.2270,37285300,2.618552
2023-08-10,sh601318,133.8070,134.6470,133.4670,134.4270,29926300,2.617348
2023-08-11,sh601318,134.3070,134.5270,130.4070,130.4470,74892100,2.642232
2023-08-14,sh601318,128.3070,129.3470,128.2670,128.7670,60472100,2.653348
2023-08-15,sh601318,128.7470,129.8670,127.7470,129.0670,52183700,2.651335
2023-08-16,sh601318,128.3470,129.5870,127.9670,128.4070,47660400,2.655781
2023-08-17,sh601318,127.7270,128.0670,126.3670,127.5270,59827400,2.661803
2023-08-18,sh601318,127.5070,129.7070,126.7470,126.7470,63666300,2.667235
2023-08-21,sh601318,126.5070,126.6870,125.0470,125.0470,62808100,2.679387
2023-08-22,sh601318,125.5070,126.3070,124.6470,125.7070,51849500,2.674617
2023-08-23,sh601318,125.1470,125.9070,124.4870,124.6270,47623900,2.682458
2023-08-24,sh601318,124.7670,125.7270,124.0870,124.7070,41863700,2.681871
2023-08-25,sh601318,124.3270,126.4670,124.2070,125.7270,41763500,2.674474
2023-08-28,sh601318,132.7070,132.7670,127.2670,127.9270,109010800,2.659052
2023-08-29,sh601318,127.7870,129.6470,127.4870,128.8270,57380600,2.652945
2023-08-30,sh601318,129.4670,129.6870,127.5070,128.2070,60012300,2.657140
2023-08-31,sh601318,128.9670,130.8070,128.7270,129.2870,63953800,2.649867
2023-09-01,sh601318,130.4070,132.7070,130.2270,131.9070,85575600,2.632874
2023-09-04,sh601318,132.6070,135.5070,132.5870,134.6070,92193100,2.616268
2023-09-05,sh601318,134.1070,134.1070,131.9670,132.1070,50624400,2.631614
2023-09-06,sh601318,131.7070,134.0870,131.4670,133.7670,51436200,2.621340
2023-09-07,sh601318,133.1270,133.4670,132.0270,132.1470,40329100,2.631362
2023-09-08,sh601318,131.7670,132.6070,131.3070,131.9470,27366700,2.632622
2023-09-11,sh601318,132.4670,133.2470,131.4070,132.4270,49151500,2.629607
2023-09-12,sh601318,131.9070,132.0070,130.6870,131.6070,36114400,2.634775
2023-09-13,sh601318,131.9870,132.1470,130.1470,130.7070,43398900,2.640545
2023-09-14,sh601318,130.9870,131.3070,129.6870,130.0870,39131200,2.644582
2023-09-15,sh601318,130.6870,131.9470,129.7070,130.1070,55753200,2.644451
2023-09-18,sh601318,129.5470,130.6670,129.1070,130.3070,29526700,2.643144
2023-09-19,sh601318,130.2670,130.4070,129.7470,130.2670,26652400,2.643405
2023-09-20,sh601318,130.2270,130.2270,128.8670,129.4870,32873300,2.648538
2023-09-21,sh601318,129.1070,129.4270,128.4470,128.6870,33548000,2.653887
2023-09-22,sh601318,128.7070,132.3670,128.4470,132.3670,66300600,2.629982
2023-09-25,sh601318,131.7270,131.9070,129.7670,129.8270,49975900,2.646290
2023-09-26,sh601318,129.8070,130.3870,128.7470,128.8270,40093000,2.652945
2023-09-27,sh601318,128.9070,129.6870,128.7070,129.0270,32486300,2.651603
2023-09-28,sh601318,129.3670,129.4670,128.0070,128.3070,42146600,2.656460
2023-10-09,sh601318,127.7070,128.2470,126.7470,127.8470,39401200,2.659601
2023-10-10,sh601318,128.2670,128.7670,126.7470,126.9070,33077700,2.666113
2023-10-11,sh601318,127.4070,127.6470,126.7270,127.0870,32529700,2.664856
2023-10-12,sh601318,129.4470,129.4870,128.1270,128.5670,44871000,2.654698
2023-10-13,sh601318,127.4470,128.2670,127.0470,127.6470,26127000,2.660976
2023-10-16,sh601318,127.4070,127.9670,126.5270,126.7870,31900300,2.666954
2023-10-17,sh601318,127.3070,127.6670,126.6270,127.0670,27014200,2.664996
2023-10-18,sh601318,126.7270,127.2470,126.4670,126.4870,32569000,2.669065
2023-10-19,sh601318,125.9270,126.0270,123.7270,123.8070,69408500,2.688534
2023-10-20,sh601318,122.9070,123.8870,122.8070,123.3870,48177600,2.691688
2023-10-23,sh601318,123.2870,124.1070,122.7070,123.5870,38706800,2.690183
2023-10-24,sh601318,123.7670,124.7070,123.0670,123.9070,43231100,2.687787
2023-10-25,sh601318,125.5090,125.5490,124.4090,124.5690,37446300,2.737179
2023-10-26,sh601318,124.1490,125.1490,124.0490,124.9490,28098600,2.734114
2023-10-27,sh601318,123.9290,124.6290,122.6490,123.9090,61885000,2.742563
2023-10-30,sh601318,123.9290,124.5290,123.1690,124.1690,45549800,2.740433
2023-10-31,sh601318,124.3890,125.4090,123.9090,124.4690,42308900,2.737989
2023-11-01,sh601318,125.1290,125.3090,123.5890,123.7690,37801200,2.743715
2023-11-02,sh601318,123.9690,124.7290,123.5690,123.6690,29224800,2.744541
2023-11-03,sh601318,123.9290,124.1690,123.3290,124.0290,38640700,2.741578
2023-11-06,sh601318,124.7490,125.8890,124.5690,125.6690,56246300,2.728376
2023-11-07,sh601318,125.3090,125.3490,124.0290,124.1490,52054300,2.740596
2023-11-08,sh601318,124.1490,124.4090,122.6490,122.8090,70373400,2.751714
2023-11-09,sh601318,121.5490,121.9490,119.2690,120.1090,150454200,2.775162
2023-11-10,sh601318,119.3490,119.3490,117.6090,118.2490,104996500,2.792184
2023-11-13,sh601318,118.1490,118.4290,117.6690,118.3290,49309100,2.791437
2023-11-14,sh601318,118.6490,119.1690,118.3290,118.7690,55820000,2.787350
2023-11-15,sh601318,119.7890,120.7690,119.3090,120.2690,72870600,2.773732
2023-11-16,sh601318,119.8090,120.2490,119.0890,119.2890,38608900,2.782575
2023-11-17,sh601318,118.8090,119.1890,118.2090,118.8690,40472800,2.786428
2023-11-20,sh601318,118.9690,119.6490,118.5090,119.3690,32498700,2.781846
2023-11-21,sh601318,119.3690,120.6490,119.3690,119.6890,43250300,2.778941
2023-11-22,sh601318,119.4490,119.6490,118.9690,119.0090,24925100,2.785139
2023-11-23,sh601318,118.9290,119.6490,118.5690,119.6490,26380300,2.779303
2023-11-24,sh601318,119.5490,119.6090,118.8090,118.9290,28044900,2.785875
2023-11-27,sh601318,118.7490,118.8290,116.7690,117.2490,58546000,2.801649
2023-11-28,sh601318,117.1490,117.6690,116.7090,116.8890,37226100,2.805112
2023-11-29,sh601318,116.8890,117.0090,114.5490,115.0490,67904700,2.823288
2023-11-30,sh601318,114.8890,115.6890,114.7890,115.1490,38857200,2.822279
2023-12-01,sh601318,114.8490,115.9090,114.1490,115.5890,48696100,2.817869
2023-12-04,sh601318,115.2490,116.0890,114.1690,114.3090,39987000,2.830832
2023-12-05,sh601318,113.7890,113.8890,112.5690,112.6090,50642800,2.848697
2023-12-06,sh601318,112.5490,113.0490,112.1290,112.6090,43332400,2.848697
2023-12-07,sh601318,112.2690,112.9890,111.3090,112.2290,50100400,2.852796
2023-12-08,sh601318,112.0490,112.8090,111.9290,111.9290,37891200,2.856060
2023-12-11,sh601318,111.5490,112.9690,110.6690,112.7490,55511400,2.847197
2023-12-12,sh601318,112.3890,113.1690,112.0490,113.1290,35821300,2.843152
2023-12-13,sh601318,112.9490,112.9490,111.3290,111.3290,41285600,2.862664
2023-12-14,sh601318,112.0090,112.4890,110.9290,110.9490,33236800,2.866899
2023-12-15,sh601318,111.8490,112.6690,111.0090,111.1290,50791200,2.864888
2023-12-18,sh601318,110.3490,111.2490,110.1690,110.7690,32998700,2.868920
2023-12-19,sh601318,110.7090,111.5090,110.3490,110.9690,33224900,2.866675
2023-12-20,sh601318,110.9690,111.3490,110.4090,110.4490,29948200,2.872536
2023-12-21,sh601318,110.0690,111.4890,109.8090,111.1490,42416300,2.864665
2023-12-22,sh601318,111.0690,112.3090,110.9090,111.7490,42473700,2.858031
2023-12-25,sh601318,111.6490,112.1090,111.3690,111.9090,20325500,2.856279
2023-12-26,sh601318,111.9090,111.9090,111.1890,111.7490,19914600,2.858031
2023-12-27,sh601318,111.7490,111.8690,110.9090,111.5490,29593800,2.860231
2023-12-28,sh601318,111.5490,114.2490,111.2490,114.0690,60952600,2.833308
2023-12-29,sh601318,113.6690,114.4290,113.6490,114.1490,34107800,2.832481
2024-01-02,sh601318,114.1490,114.1690,112.4690,112.4890,43759200,2.849987
2024-01-03,sh601318,112.4890,112.8690,111.9290,112.3490,36382200,2.851497
2024-01-04,sh601318,112.2690,112.7090,110.8690,111.3490,46739200,2.862442
2024-01-05,sh601318,111.2490,112.7090,110.9090,111.4890,49920200,2.860893
2024-01-08,sh601318,111.4890,111.8890,109.9890,110.4490,51473200,2.872536
2024-01-09,sh601318,110.4490,110.7090,109.9490,110.3090,37065100,2.874127
2024-01-10,sh601318,110.1290,110.4490,109.1890,109.1890,44130400,2.887070
2024-01-11,sh601318,109.1490,110.8690,108.7890,110.4090,38157100,2.872990
2024-01-12,sh601318,109.9290,110.6290,109.6090,109.6090,30300100,2.882172
2024-01-15,sh601318,109.2890,110.5290,108.9490,109.8890,32702200,2.878936
2024-01-16,sh601318,109.6290,111.0690,109.4290,110.9490,54496300,2.866899
2024-01-17,sh601318,110.4690,110.6490,109.5690,109.5690,56122900,2.882636
2024-01-18,sh601318,109.0490,111.6090,108.8290,111.5290,86154400,2.860451
2024-01-19,sh601318,111.1490,112.2290,110.6490,111.9490,63974400,2.855842
2024-01-22,sh601318,111.6890,113.4090,111.4890,112.5090,96109900,2.849772
2024-01-23,sh601318,111.9490,112.9690,110.9490,112.2690,60172100,2.852363
2024-01-24,sh601318,112.8690,114.1490,111.7090,113.8890,76115100,2.835176
2024-01-25,sh601318,113.8490,116.5690,113.5490,115.8490,98658100,2.815286
2024-01-26,sh601318,115.6490,116.2290,114.8490,116.0490,78592500,2.813309
2024-01-29,sh601318,116.0690,116.9290,115.3890,115.5090,62078500,2.818668
2024-01-30,sh601318,114.7490,115.3690,113.8890,113.9290,57064000,2.834760
2024-01-31,sh601318,113.8490,115.2490,113.5290,114.5690,55701400,2.828166
2024-02-01,sh601318,113.7890,114.8090,113.4090,114.1490,49092500,2.832481
2024-02-02,sh601318,114.1490,114.6490,111.5490,113.7490,69077300,2.836633
2024-02-05,sh601318,113.5490,115.5290,112.9090,114.9090,80614800,2.824705
2024-02-06,sh601318,114.8890,116.9090,114.2890,116.6690,82383500,2.807243
2024-02-07,sh601318,116.9290,118.3490,116.2490,118.3090,91615400,2.791623
2024-02-08,sh601318,118.5890,119.4490,117.8490,119.1090,76874700,2.784222
2024-02-19,sh601318,119.5290,119.7090,118.5890,119.0090,54413400,2.785139
2024-02-20,sh601318,118.8490,118.8890,117.7490,118.2490,46935500,2.792184
2024-02-21,sh601318,117.9090,122.1490,117.5890,120.7290,111249200,2.769649
2024-02-22,sh601318,120.2690,121.0290,119.9690,120.9490,51745200,2.767712
2024-02-23,sh601318,120.9090,122.4490,120.7490,121.6890,64421700,2.761266
2024-02-26,sh601318,121.3490,121.3690,119.3490,119.4490,61619600,2.781118
2024-02-27,sh601318,119.1890,119.8490,118.9490,119.7890,42901300,2.778038
2024-02-28,sh601318,119.9290,120.1090,118.8490,118.8490,53576400,2.786612
2024-02-29,sh601318,118.5890,119.6890,118.5490,119.3490,45509200,2.782028
2024-03-01,sh601318,119.1490,119.7290,118.5890,119.5290,44577400,2.780391
2024-03-04,sh601318,119.0090,119.1890,117.9490,118.2290,54504700,2.792371
2024-03-05,sh601318,117.8490,119.3090,117.6490,119.1690,62343700,2.783672
2024-03-06,sh601318,119.1290,119.3690,118.4690,118.5490,34276300,2.789388
2024-03-07,sh601318,119.0890,120.4690,119.0090,119.6690,64896200,2.779122
2024-03-08,sh601318,119.2890,119.9490,118.6490,119.3090,37249400,2.782393
2024-03-11,sh601318,119.1090,120.1090,119.0290,119.8690,43597300,2.777317
2024-03-12,sh601318,119.8890,121.3090,119.3090,121.1690,67920600,2.765784
2024-03-13,sh601318,121.0090,121.0690,118.6890,118.8090,70121600,2.786981
2024-03-14,sh601318,118.2890,119.3290,118.1490,118.4490,36089000,2.790318
2024-03-15,sh601318,118.5690,118.8290,117.5890,118.5090,39867500,2.789760
2024-03-18,sh601318,118.2490,118.8690,117.6890,118.6690,41626300,2.788275
2024-03-19,sh601318,118.3490,118.3490,117.1490,117.2090,48601500,2.802032
2024-03-20,sh601318,117.0490,117.6490,116.9090,117.3890,28361700,2.800310
2024-03-21,sh601318,117.7290,118.4090,117.1690,117.6090,41497600,2.798216
2024-03-22,sh601318,115.6090,115.8090,114.0490,114.6690,112550400,2.827145
2024-03-25,sh601318,114.4490,115.3090,114.2490,114.4290,43760100,2.829599
2024-03-26,sh601318,114.4290,115.4490,114.4290,115.3490,40299100,2.820269
2024-03-27,sh601318,115.1090,115.5090,114.8490,114.8490,34619000,2.825314
2024-03-28,sh601318,114.7490,116.0690,114.4490,114.9290,43234000,2.824502
2024-03-29,sh601318,115.1090,116.0290,114.9290,115.1690,33512200,2.822078
2024-04-01,sh601318,115.4490,116.0490,115.3490,116.0490,38706300,2.813309
2024-04-02,sh601318,115.9290,116.4690,115.3690,115.5490,39996600,2.818268
2024-04-03,sh601318,115.3490,115.6490,114.5490,114.5490,46364000,2.828370
2024-04-08,sh601318,114.1090,114.4090,113.3090,113.9890,43590200,2.834137
2024-04-09,sh601318,114.0890,114.5090,113.7490,113.7690,29392400,2.836425
2024-04-10,sh601318,113.5290,113.6890,111.7490,111.9490,66754500,2.855842
2024-04-11,sh601318,111.6090,111.8290,110.7690,111.4490,44321400,2.861335
2024-04-12,sh601318,111.1490,111.5290,108.8890,109.1090,91894700,2.888010
2024-04-15,sh601318,109.1090,110.5490,108.9090,110.2690,77160900,2.874583
2024-04-16,sh601318,110.2690,111.1290,109.7090,110.1090,62674700,2.876411
2024-04-17,sh601318,110.0890,111.5890,109.5690,111.4490,59458500,2.861335
2024-04-18,sh601318,111.3490,114.1490,111.1690,112.9490,84608900,2.845063
2024-04-19,sh601318,112.4890,113.1090,111.9490,112.3890,36839500,2.851065
2024-04-22,sh601318,112.5290,113.7290,112.5290,113.2090,39122800,2.842305
2024-04-23,sh601318,113.1890,113.7490,112.7690,113.3290,34265300,2.841038
2024-04-24,sh601318,114.3290,114.9490,113.7690,114.7490,54996400,2.826330
2024-04-25,sh601318,114.5890,116.1090,114.1490,115.6690,58217800,2.817073
2024-04-26,sh601318,115.5290,117.1090,115.1690,116.6090,69427600,2.807826
2024-04-29,sh601318,116.5490,119.3090,116.3690,117.7090,87545500,2.797267
2024-04-30,sh601318,117.7090,117.8690,116.1890,116.2690,51819000,2.811146
2024-05-06,sh601318,119.8490,120.1090,118.2890,118.5290,106274700,2.789574
2024-05-07,sh601318,118.5490,119.1290,117.9290,118.7290,52815200,2.787720
2024-05-08,sh601318,118.4490,118.9490,117.3090,117.4490,44733500,2.799738
2024-05-09,sh601318,117.2890,118.7090,117.2690,118.2290,41354100,2.792371
2024-05-10,sh601318,118.7490,119.9090,118.5890,119.4090,67767000,2.781481
2024-05-13,sh601318,118.5690,119.3290,117.8890,118.8490,49348100,2.786612
2024-05-14,sh601318,118.8490,119.1490,117.8490,118.1690,39651200,2.792933
2024-05-15,sh601318,118.1090,118.1490,116.8690,117.2290,39911900,2.801840
2024-05-16,sh601318,117.9490,120.3290,117.4690,119.6490,93478200,2.779303
2024-05-20,sh601318,124.9490,125.6890,123.2090,124.4690,147945300,2.737989
2024-05-21,sh601318,123.7090,124.6290,123.5890,124.3490,55109600,2.738965
2024-05-22,sh601318,124.1490,125.6490,123.8490,124.3490,75133700,2.738965
2024-05-23,sh601318,123.3890,123.8890,122.5890,123.1090,63592300,2.749196
2024-05-24,sh601318,122.6490,123.1490,121.2690,121.3290,54128600,2.764388
2024-05-27,sh601318,121.5490,122.3290,121.3090,121.7490,41274200,2.760748
2024-05-28,sh601318,121.8690,122.2490,120.7890,121.0690,42192200,2.766659
2024-05-29,sh601318,120.7290,121.8090,120.2690,120.4890,43942300,2.771774
2024-05-30,sh601318,120.1690,120.8690,119.3490,119.8490,39395500,2.777497
2024-05-31,sh601318,120.3490,121.7490,119.6690,119.6890,48249200,2.778941
2024-06-03,sh601318,119.5290,120.4690,118.7690,119.8090,44651800,2.777858
2024-06-04,sh601318,119.7090,120.5690,119.5690,120.0890,39817800,2.775341
2024-06-05,sh601318,120.0690,120.1090,119.4290,119.7090,36188000,2.778760
2024-06-06,sh601318,119.9490,120.2090,118.2890,118.4490,54262100,2.790318
2024-06-07,sh601318,118.7490,119.1090,117.5490,117.7890,42139400,2.796510
2024-06-11,sh601318,117.3690,117.9290,116.7490,117.2090,42236300,2.802032
2024-06-12,sh601318,117.2090,117.3490,116.2690,116.3490,39834000,2.810362
2024-06-13,sh601318,116.7090,116.8690,115.9290,116.1490,32042800,2.812324
2024-06-14,sh601318,115.9290,117.9290,115.8690,117.2890,63562400,2.801266
2024-06-17,sh601318,116.7490,117.2090,116.3090,116.7090,38472700,2.806854
2024-06-18,sh601318,116.9490,117.6490,116.6890,117.0090,35345200,2.803954
2024-06-19,sh601318,117.0290,117.9290,116.7690,117.5490,41064000,2.798786
2024-06-20,sh601318,117.5290,117.6890,116.5690,116.5690,36479000,2.808215
2024-06-21,sh601318,116.5290,117.1890,116.1890,116.8890,38505500,2.805112
2024-06-24,sh601318,116.6090,117.6490,115.9890,117.1490,44592800,2.802608
2024-06-25,sh601318,117.1290,117.7890,116.4290,116.6490,38283600,2.807437
2024-06-26,sh601318,116.5090,117.1890,116.1290,116.8490,26506100,2.805498
2024-06-27,sh601318,116.5690,116.8290,116.0490,116.3890,36797500,2.809971
2024-06-28,sh601318,116.2490,117.3490,116.0690,116.2690,39934500,2.811146
2024-07-01,sh601318,116.3690,116.8890,114.8290,116.7890,47419800,2.806079
2024-07-02,sh601318,116.3690,119.0490,116.3490,117.8890,56885700,2.795566
2024-07-03,sh601318,117.9090,118.4090,117.3690,118.0890,29574800,2.793683
2024-07-04,sh601318,118.0690,118.6690,117.4690,117.5090,32485100,2.799166
2024-07-05,sh601318,117.4490,118.0690,115.5090,115.7890,52671800,2.815880
2024-07-08,sh601318,115.3490,116.2690,114.9090,115.2290,33954800,2.821474
2024-07-09,sh601318,115.2090,116.7290,114.4690,116.5890,38140300,2.808020
2024-07-10,sh601318,115.6890,117.4090,115.6890,117.2690,36127300,2.801457
2024-07-11,sh601318,118.0890,118.5290,117.3690,117.4290,37557000,2.799928
2024-07-12,sh601318,117.5490,119.2690,117.5490,118.9090,49569700,2.786059
2024-07-15,sh601318,118.7490,119.5090,118.5090,118.6090,35484800,2.788831
2024-07-16,sh601318,117.5490,117.7690,114.9090,115.9290,93998500,2.814494
2024-07-17,sh601318,116.0490,118.3890,116.0490,118.1290,77840600,2.793308
2024-07-18,sh601318,117.9290,118.8290,117.4690,118.2890,51362400,2.791810
2024-07-19,sh601318,118.2890,119.8490,117.9490,119.6090,61077500,2.779665
2024-07-22,sh601318,119.7490,119.9890,118.8290,119.5490,44056200,2.780209
2024-07-23,sh601318,119.4690,120.0090,119.1090,119.1290,45979000,2.784038
2024-07-24,sh601318,119.1490,119.6090,118.2490,118.6690,38609500,2.788275
2024-07-25,sh601318,118.5290,119.1890,118.0090,118.6890,44047400,2.788090
2024-07-26,sh601318,118.8200,119.9200,118.0200,118.7000,51037800,2.888781
2024-07-29,sh601318,118.6800,119.7800,118.5400,119.1600,30565000,2.883833
2024-07-30,sh601318,119.0800,119.4200,118.6400,119.1800,29692200,2.883620
2024-07-31,sh601318,119.2000,121.7200,119.0200,121.6400,58087800,2.858083
2024-08-01,sh601318,121.3600,122.2200,121.0400,121.5400,32514000,2.859092
2024-08-02,sh601318,120.9800,121.3400,119.9200,120.1600,33137300,2.873266
2024-08-05,sh601318,119.9200,121.6000,119.9000,120.5200,43050900,2.869524
2024-08-06,sh601318,121.2600,121.4800,117.8000,118.3200,63434300,2.892910
2024-08-07,sh601318,118.3600,118.7400,117.8800,117.9200,29978100,2.897297
2024-08-08,sh601318,118.0200,118.8200,117.3400,118.1600,23643200,2.894659
2024-08-09,sh601318,118.5000,119.0000,117.7400,117.7400,26178500,2.899286
2024-08-12,sh601318,117.5800,117.9800,117.1400,117.7600,15219900,2.899065
2024-08-13,sh601318,117.7600,118.1400,117.5400,118.0800,16650600,2.895537
2024-08-14,sh601318,118.1400,118.4000,117.5000,117.5000,20650400,2.901951
2024-08-15,sh601318,117.5400,119.8600,116.9600,119.1600,53416700,2.883833
2024-08-16,sh601318,119.1600,120.0200,119.0200,119.7400,26957400,2.877674
2024-08-19,sh601318,119.7400,120.8600,119.7000,120.6600,28791200,2.868077
2024-08-20,sh601318,120.8200,120.8600,119.9200,120.3600,29376300,2.871183
2024-08-21,sh601318,120.4800,120.6800,119.3400,120.4600,23617400,2.870145
2024-08-22,sh601318,120.4400,121.0200,119.8000,119.9400,30497700,2.875569
2024-08-26,sh601318,123.4400,123.8000,122.6200,123.2200,47580600,2.842445
2024-08-27,sh601318,123.0800,123.6200,122.4400,122.8200,33964700,2.846350
2024-08-28,sh601318,123.0000,123.2800,122.3800,122.9000,34839500,2.845566
2024-08-29,sh601318,122.8800,123.6400,121.4400,121.7600,47694500,2.856875
2024-08-30,sh601318,121.9400,125.5800,121.9400,124.5800,110000600,2.829434
2024-09-02,sh601318,124.2800,124.8600,123.4200,123.4200,51317100,2.840506
2024-09-03,sh601318,123.7400,123.7600,122.6800,122.9400,36822000,2.845175
2024-09-04,sh601318,122.9600,123.8000,121.4200,121.8000,40994900,2.856473
2024-09-05,sh601318,121.7800,123.5400,121.7400,123.3600,46651100,2.841087
2024-09-06,sh601318,123.3600,124.4800,122.8400,123.0200,39025800,2.844393
2024-09-09,sh601318,122.6800,123.0200,121.6200,121.8800,40172500,2.855670
2024-09-10,sh601318,122.0200,122.6200,121.1000,121.8400,29365600,2.856071
2024-09-11,sh601318,121.8000,122.3600,121.2600,121.5600,27407400,2.858890
2024-09-12,sh601318,121.9800,122.0600,120.1600,121.7200,41083900,2.857277
2024-09-13,sh601318,121.6400,123.3200,121.5200,122.3000,34439600,2.851481
2024-09-18,sh601318,122.5200,124.1000,122.3800,123.9200,43263800,2.835698
2024-09-19,sh601318,123.9600,124.7200,123.1600,124.5800,46650000,2.829434
2024-09-20,sh601318,124.4800,125.1000,124.0000,124.8200,53292400,2.827180
2024-09-23,sh601318,124.7800,125.3200,124.2400,124.7000,29524000,2.828306
2024-09-25,sh601318,131.7200,132.9200,131.0200,131.2400,138298500,2.771115
2024-09-27,sh601318,140.3200,140.8400,137.9200,140.3200,139487700,2.703661
2024-10-09,sh601318,156.5200,156.5200,147.8200,147.9200,285509600,2.655655
2024-10-11,sh601318,152.1200,156.2400,150.5800,151.6000,131212400,2.634689
2024-10-14,sh601318,153.3000,155.0000,151.6200,153.8600,117773800,2.622465
2024-10-15,sh601318,153.6800,155.0800,150.7000,150.9000,102790000,2.638573
2024-10-16,sh601318,150.0800,152.1800,149.7400,151.2800,85501600,2.636459
2024-10-17,sh601318,152.3200,154.1200,150.4600,150.5200,78357500,2.640702
2024-10-18,sh601318,150.5230,155.0630,147.8630,152.7230,149466200,2.670916
2024-10-21,sh601318,153.1630,153.3030,150.7230,152.1630,87531300,2.674218
2024-10-22,sh601318,151.9630,154.7630,151.5230,152.4830,84601100,2.672327
2024-10-23,sh601318,152.7630,156.9630,152.1630,154.9830,119192700,2.657915
2024-10-24,sh601318,154.1630,155.3230,153.6230,154.5630,51273000,2.660293
2024-10-25,sh601318,154.3830,155.3230,153.4830,153.7630,53944500,2.664870
2024-10-28,sh601318,153.9230,154.4830,152.5230,153.3630,57881000,2.667183
2024-10-29,sh601318,153.3630,155.2830,153.2430,153.6230,62010000,2.665678
2024-10-30,sh601318,153.3430,154.1830,149.7230,150.3030,90747900,2.685421
2024-10-31,sh601318,150.2830,151.9630,149.1630,150.2030,75763000,2.686034
2024-11-01,sh601318,150.6630,152.3630,150.3630,150.6630,65013900,2.683224
2024-11-04,sh601318,150.7030,152.3030,150.2230,152.3030,53074000,2.673390
2024-11-05,sh601318,152.0030,156.1230,150.9230,155.8630,120114400,2.652987
2024-11-06,sh601318,156.1430,156.4630,152.2630,153.3430,126251800,2.667299
2024-11-08,sh601318,160.7630,161.3430,156.3830,156.6030,132299000,2.648901
2024-11-11,sh601318,154.6230,155.4030,153.4030,155.1630,91716000,2.656901
2024-11-12,sh601318,155.1630,156.3030,152.1230,152.3830,96289300,2.672917
2024-11-13,sh601318,151.7630,153.3630,151.6030,152.7430,61824500,2.670799
2024-11-14,sh601318,152.7430,154.5430,152.1630,152.3630,66323200,2.673035
2024-11-15,sh601318,152.1630,153.3230,149.9630,149.9630,78059700,2.687509
2024-11-18,sh601318,150.5630,152.6830,149.1230,149.8830,68429600,2.688002
2024-11-19,sh601318,150.3630,150.6030,148.5630,149.5830,52819300,2.689858
2024-11-20,sh601318,149.6030,149.9630,148.7630,149.2830,46997100,2.691724
2024-11-21,sh601318,149.3430,149.7030,148.6030,149.3430,41024500,2.691350
2024-11-22,sh601318,149.3030,149.3030,144.3630,144.4230,100680800,2.723421
2024-11-25,sh601318,144.3630,144.8630,142.6430,143.5030,70269800,2.729751
2024-11-26,sh601318,143.3630,144.9030,143.1030,144.4630,40761800,2.723148
2024-11-27,sh601318,144.4830,145.5630,143.9430,145.4630,44446400,2.716396
2024-11-28,sh601318,145.5030,146.3430,144.0230,144.7030,42550200,2.721516
2024-11-29,sh601318,144.6630,147.2030,144.4430,144.8630,56357100,2.720432
2024-12-02,sh601318,144.7630,146.8230,144.7230,146.3830,44960600,2.710294
2024-12-03,sh601318,146.0630,147.5830,145.4630,147.2230,47005800,2.704814
2024-12-04,sh601318,146.7230,147.0430,145.7830,146.2230,38188700,2.711348
2024-12-05,sh601318,145.7430,146.4630,145.3430,145.7230,29588900,2.714661
2024-12-06,sh601318,145.9430,149.7430,145.9230,148.6030,78983700,2.695991
2024-12-09,sh601318,148.2630,148.9630,147.2630,148.0230,51046300,2.699672
2024-12-10,sh601318,152.1630,152.7230,149.3630,149.6030,100098400,2.689734
2024-12-11,sh601318,149.5830,150.2230,148.1230,148.1630,50478400,2.698780
2024-12-12,sh601318,148.2830,150.0630,147.7630,149.5230,52633600,2.690230
2024-12-13,sh601318,148.7630,148.7830,145.7230,145.8430,88709600,2.713863
2024-12-16,sh601318,145.7830,146.3430,144.2230,144.6030,65859200,2.722195
2024-12-17,sh601318,144.1630,145.3030,143.8430,144.3830,53769400,2.723694
2024-12-18,sh601318,145.0230,145.7230,144.1230,144.2430,50446100,2.724651
2024-12-19,sh601318,143.5630,144.2430,143.0630,144.1430,40549600,2.725336
2024-12-20,sh601318,144.1430,144.8230,143.4030,143.6030,46196500,2.729057
2024-12-23,sh601318,143.6030,145.3230,143.6030,144.5630,55550500,2.722467
2024-12-24,sh601318,144.5230,146.0230,144.3630,145.9230,49560900,2.713332
2024-12-25,sh601318,145.9830,146.9830,145.5030,146.1630,41739900,2.711744
2024-12-26,sh601318,146.1430,146.2430,145.0830,145.2630,37922200,2.717736
2024-12-27,sh601318,145.2630,145.8630,143.7830,144.9030,53775700,2.720161
2024-12-30,sh601318,144.8030,146.1630,144.7830,146.1630,53343800,2.711744
2024-12-31,sh601318,145.9430,146.4030,143.6630,143.6630,67711800,2.728642
2025-01-02,sh601318,143.7630,143.8230,139.1430,139.7830,94857900,2.756517
2025-01-03,sh601318,140.3630,140.5430,138.5230,138.9630,55135200,2.762684
2025-01-06,sh601318,139.4630,139.6030,138.0230,139.0430,41349000,2.762078
2025-01-07,sh601318,138.7430,139.0830,137.9830,138.7030,39278700,2.764660
2025-01-08,sh601318,138.7230,139.5230,137.4630,138.9630,51038300,2.762684
2025-01-09,sh601318,138.8830,139.1830,137.9630,137.9830,40082100,2.770187
2025-01-10,sh601318,138.0030,138.5230,136.1630,136.2630,52270400,2.783718
2025-01-13,sh601318,135.3230,135.9630,134.5630,135.5430,51139300,2.789525
2025-01-14,sh601318,135.5430,137.5230,135.3630,137.0830,61577400,2.777208
2025-01-15,sh601318,136.8630,137.6830,136.1830,136.5830,45802900,2.781165
2025-01-16,sh601318,136.9630,137.8630,136.2230,136.8630,41576100,2.778944
2025-01-17,sh601318,136.5630,137.5030,135.9030,137.1230,46074700,2.776893
2025-01-20,sh601318,137.8030,138.9630,137.6830,137.9830,49173600,2.770187
2025-01-21,sh601318,138.7630,139.1430,137.6830,138.1630,40995100,2.768798
2025-01-22,sh601318,137.8030,138.2030,136.0630,136.2630,53078000,2.783718
2025-01-23,sh601318,138.0030,141.2630,137.9230,139.1030,96910500,2.761624
2025-01-24,sh601318,138.7230,141.1030,138.5630,140.0830,61677900,2.754286
2025-01-27,sh601318,140.4230,141.6030,139.9830,140.0630,52454700,2.754435
2025-02-05,sh601318,140.3230,140.3630,137.7030,137.8030,58307200,2.771581
2025-02-06,sh601318,137.8230,139.3630,137.7230,138.8630,41503700,2.763443
2025-02-07,sh601318,138.7230,141.2430,138.0430,140.1230,72581200,2.753990
2025-02-10,sh601318,140.1430,141.0830,139.9630,140.1630,43181500,2.753694
2025-02-11,sh601318,140.7630,140.8430,139.1030,139.4030,38184400,2.759363
2025-02-12,sh601318,139.4030,140.6030,138.7230,140.5230,44699400,2.751038
2025-02-13,sh601318,140.2030,141.9230,139.9830,140.4030,59036300,2.751921
2025-02-14,sh601318,140.3430,142.0830,139.9630,141.7630,59977200,2.742031
2025-02-17,sh601318,142.0230,143.1230,141.1830,142.0430,62571000,2.740027
2025-02-18,sh601318,141.7030,142.7230,140.7630,140.9830,65008200,2.747671
2025-02-19,sh601318,140.7430,142.0230,140.4030,141.2630,46442600,2.745637
2025-02-20,sh601318,140.8230,140.9830,139.6830,139.9230,51538500,2.755475
2025-02-21,sh601318,140.3430,141.3630,139.2830,140.7630,66876100,2.749277
2025-02-24,sh601318,140.7630,143.3230,140.4630,142.3630,83582300,2.737750
2025-02-25,sh601318,141.3630,142.5630,140.0630,140.3230,64242900,2.752511
2025-02-26,sh601318,140.5630,141.9230,140.4230,141.6030,53657800,2.743181
2025-02-27,sh601318,141.9230,141.9630,140.6030,141.6030,54724000,2.743181
2025-02-28,sh601318,141.1630,141.6630,139.1230,139.1230,80526800,2.761473
2025-03-03,sh601318,139.4630,140.0030,138.4830,139.0230,42316100,2.762229
2025-03-04,sh601318,138.5230,138.9430,138.3630,138.5230,37243200,2.766034
2025-03-05,sh601318,138.7230,139.4630,138.3830,139.1230,45507200,2.761473
2025-03-06,sh601318,139.9030,142.2230,139.4230,141.6430,104582100,2.742893
2025-03-07,sh601318,141.5630,142.0430,141.0030,141.3630,48147900,2.744913
2025-03-10,sh601318,141.3830,141.6830,139.9230,140.8630,61128300,2.748546
2025-03-11,sh601318,139.7830,141.3630,139.5630,141.3630,52914700,2.744913
2025-03-12,sh601318,141.3630,141.5630,140.3830,140.6630,47057800,2.750010
2025-03-13,sh601318,140.6630,141.4630,140.2230,140.6430,41144800,2.750156
2025-03-17,sh601318,145.3030,145.6030,144.5630,145.1230,60517200,2.718677
2025-03-18,sh601318,145.7630,146.7430,145.6430,145.8830,58774000,2.713597
2025-03-19,sh601318,145.7230,146.9630,145.5030,146.5030,50987400,2.709506
2025-03-20,sh601318,146.4630,146.4830,142.8230,143.3430,114072300,2.730863
2025-03-21,sh601318,143.1630,143.6830,141.7230,141.8630,79571500,2.741314
2025-03-24,sh601318,142.0030,142.9230,142.0030,142.6230,50865700,2.735910
2025-03-25,sh601318,142.6630,142.7830,142.0030,142.2830,34440200,2.738318
2025-03-26,sh601318,142.3230,142.5430,141.8030,141.8030,40399500,2.741744
2025-03-27,sh601318,141.7830,143.2630,141.4230,142.4830,43216900,2.736900
2025-03-28,sh601318,142.7630,143.1030,142.0630,142.2830,35366400,2.738318
2025-03-31,sh601318,142.1630,142.8630,141.1430,141.6230,46839000,2.743037
2025-04-01,sh601318,141.5630,142.0830,141.1830,141.6030,39432100,2.743181
2025-04-02,sh601318,141.5230,142.2830,141.4230,142.0830,28327400,2.739742
2025-04-03,sh601318,141.1430,142.3630,141.1230,141.3230,37334800,2.745202
2025-04-07,sh601318,136.9630,137.9030,132.3630,135.4830,172755800,2.790012
2025-04-08,sh601318,135.4630,136.8830,134.5630,136.8830,111753000,2.778786
2025-04-09,sh601318,135.9630,136.8630,135.0830,136.2230,73790700,2.784038
2025-04-10,sh601318,137.0830,137.9630,136.7830,137.3230,65791500,2.775323
2025-04-11,sh601318,137.3230,137.4430,136.3230,137.0630,45012100,2.777366
2025-04-14,sh601318,137.5630,138.0630,137.2430,137.3230,38748400,2.775323
2025-04-15,sh601318,137.3230,138.3030,136.8830,138.0230,40776200,2.769878
2025-04-16,sh601318,137.8030,138.7030,137.1630,138.1230,46792400,2.769106
2025-04-17,sh601318,137.7430,138.9230,137.5230,138.6830,37704300,2.764813
2025-04-18,sh601318,138.4630,139.6830,138.2630,139.2430,33881100,2.760567
2025-04-21,sh601318,139.1630,139.5830,138.7630,138.9230,26378400,2.762987
2025-04-22,sh601318,138.7630,139.9430,138.6030,139.5030,35509800,2.758612
2025-04-23,sh601318,139.8830,140.2630,139.2830,139.7630,29877300,2.756667
2025-04-24,sh601318,139.7630,141.3230,139.7630,140.8030,42383900,2.748985
2025-04-25,sh601318,140.8430,141.5430,140.8030,141.0230,36849900,2.747380
2025-04-28,sh601318,139.2030,141.0430,138.4230,140.7830,51866600,2.749131
2025-04-29,sh601318,140.7030,141.6430,140.0830,140.3630,33754000,2.752216
2025-04-30,sh601318,140.5630,141.4630,139.7230,139.7830,37794400,2.756517
2025-05-06,sh601318,140.3630,140.6630,139.4630,139.9630,39151200,2.755177
2025-05-07,sh601318,141.2030,141.6230,140.4230,140.7230,42064000,2.749570
2025-05-08,sh601318,140.3830,143.0630,140.1630,142.2830,67135000,2.738318
2025-05-09,sh601318,142.1830,142.6830,141.8630,141.8630,29070900,2.741314
2025-05-12,sh601318,142.8230,143.8630,142.3630,143.5630,57737200,2.729335
2025-05-13,sh601318,143.9430,143.9430,142.8630,143.2830,40392000,2.731281
2025-05-15,sh601318,147.1430,147.9630,146.5630,146.8630,56930300,2.707152
2025-05-16,sh601318,146.4630,147.2430,145.1230,145.1430,46613000,2.718543
2025-05-19,sh601318,144.9430,145.8230,144.7630,144.9630,32426600,2.719756
2025-05-20,sh601318,145.2630,146.7230,145.1630,145.7230,35266900,2.714661
2025-05-21,sh601318,145.7630,147.1630,145.7630,146.0630,33306600,2.712405
2025-05-22,sh601318,145.8830,146.3430,145.4230,146.0430,24065800,2.712537
2025-05-23,sh601318,145.9830,147.2830,144.7030,144.8230,43049100,2.720703
2025-05-26,sh601318,144.6830,146.6630,144.3630,145.1630,38813000,2.718408
2025-05-27,sh601318,145.1630,146.0830,144.9630,145.1630,25572500,2.718408
2025-05-28,sh601318,145.1630,145.7430,144.6030,144.9430,26169800,2.719891
2025-05-29,sh601318,144.9630,146.0230,144.5430,145.4030,34868300,2.716797
2025-05-30,sh601318,145.1030,145.7430,144.0630,144.9230,41723900,2.720026
2025-06-03,sh601318,144.7830,146.5830,144.3630,146.0630,45373800,2.712405
2025-06-04,sh601318,145.5830,146.6630,145.5830,145.8830,43089700,2.713597
2025-06-05,sh601318,145.9030,146.7230,145.6830,146.3430,41910000,2.710558
2025-06-06,sh601318,146.3630,146.6030,145.0630,145.1830,40855300,2.718274
2025-06-09,sh601318,145.4630,146.2430,145.3630,145.8030,39788700,2.714129
2025-06-10,sh601318,145.7830,146.5630,144.9830,145.2230,46707900,2.718005
2025-06-11,sh601318,145.1630,147.6630,145.1630,147.2830,68183000,2.704425
2025-06-12,sh601318,146.9630,149.0230,146.4230,147.9830,58999900,2.699927
2025-06-13,sh601318,148.0230,148.1630,146.9230,147.3230,48022900,2.704167
2025-06-16,sh601318,147.0230,147.5230,146.4830,147.0030,49677100,2.706241
2025-06-17,sh601318,146.9630,147.3830,146.2430,146.8230,50628900,2.707413
2025-06-18,sh601318,146.7230,146.9230,144.9630,145.9830,46936400,2.712934
2025-06-19,sh601318,145.7430,145.9630,144.6030,144.7630,40188100,2.721109
2025-06-20,sh601318,144.7430,148.0830,144.7430,147.8430,84743000,2.700822
2025-06-23,sh601318,147.3630,148.8630,146.8830,148.5630,61470500,2.696243
2025-06-24,sh601318,148.7830,152.3030,148.7630,151.9430,104079800,2.675524
2025-06-25,sh601318,151.9630,154.3630,151.5230,154.1230,104613100,2.662802
2025-06-26,sh601318,153.9430,154.5230,153.3030,153.5230,50074000,2.666256
2025-06-27,sh601318,153.5230,154.6230,151.5830,152.2830,66763200,2.673508
2025-06-30,sh601318,152.5720,153.4720,151.8320,152.5320,56478200,2.749315
2025-07-01,sh601318,152.8920,153.3520,152.1720,152.9720,35274600,2.746355
2025-07-02,sh601318,152.9720,153.5920,152.2720,153.1920,39562900,2.744884
2025-07-03,sh601318,153.3720,153.9720,152.8920,153.1720,32510100,2.745018
2025-07-04,sh601318,152.9720,156.3520,152.4320,154.7120,65454400,2.734877
2025-07-07,sh601318,154.7520,155.1720,153.6920,154.4320,32176300,2.736700
2025-07-08,sh601318,154.3720,155.1320,153.7920,154.4720,34346000,2.736439
2025-07-09,sh601318,154.4720,155.1320,153.3320,153.3720,39546300,2.743685
2025-07-10,sh601318,153.3720,156.7320,153.1920,155.8320,82888200,2.727674
2025-07-11,sh601318,155.5720,159.6120,155.4920,156.9920,107642900,2.720360
2025-07-14,sh601318,156.9520,158.0520,156.7120,156.7120,44905800,2.722112
2025-07-15,sh601318,157.0720,157.4920,155.5320,155.7720,44172600,2.728056
2025-07-16,sh601318,155.9120,156.0520,153.9920,155.2320,48182500,2.731515
2025-07-17,sh601318,154.9720,155.6920,154.9320,155.1920,27712300,2.731773
2025-07-18,sh601318,155.4720,156.4720,155.2920,155.7120,43624000,2.728439
2025-07-21,sh601318,155.8720,157.0720,155.3720,155.9520,46673300,2.726910
2025-07-22,sh601318,155.9520,155.9720,153.7720,154.9720,69520300,2.733192
2025-07-23,sh601318,155.2520,158.3320,155.1920,157.5720,86940700,2.716759
2025-07-24,sh601318,157.5120,159.5720,156.9920,158.8520,70773700,2.708936
2025-07-25,sh601318,158.1720,158.6720,157.2120,157.7320,50833500,2.715771
2025-07-28,sh601318,157.9720,161.9720,157.9720,161.7520,122121700,2.691829
2025-07-29,sh601318,161.6920,162.1320,160.3120,160.5520,56609200,2.698807
2025-07-30,sh601318,160.5320,164.2320,160.2720,162.9920,92199300,2.684764
2025-07-31,sh601318,162.3920,162.5720,158.3320,158.9520,82760100,2.708332
2025-08-01,sh601318,158.9320,159.6920,157.7320,157.9720,48878600,2.714296
2025-08-04,sh601318,157.7720,158.2520,157.2720,157.9920,36007800,2.714173
2025-08-05,sh601318,158.1720,160.3920,157.9720,159.8520,48295600,2.702942
2025-08-06,sh601318,159.8520,160.8520,159.2120,159.6920,32446900,2.703894
2025-08-07,sh601318,159.7920,160.4920,158.6320,159.3320,32797200,2.706046
2025-08-08,sh601318,159.3320,159.3720,158.0120,158.6520,39793300,2.710147
2025-08-11,sh601318,159.1120,159.8520,158.5120,158.5120,43186900,2.710997
2025-08-12,sh601318,158.5120,159.7120,158.5120,159.0720,42698500,2.707609
2025-08-13,sh601318,159.4120,160.3720,158.4920,158.7920,72845300,2.709299
2025-08-14,sh601318,159.1720,162.7720,159.1120,160.8120,102276800,2.697283
2025-08-15,sh601318,160.7720,162.4720,159.5720,161.1720,89296800,2.695184
2025-08-18,sh601318,161.4120,162.2720,160.2520,160.2520,95726300,2.700573
2025-08-19,sh601318,161.1120,161.9320,157.7320,157.9720,95481000,2.714296
2025-08-20,sh601318,157.7520,159.9720,156.9520,159.9720,76272500,2.702230
2025-08-21,sh601318,159.9720,161.4920,159.3920,160.8120,57460100,2.697283
2025-08-22,sh601318,160.5920,162.5920,160.4520,162.5720,78097400,2.687140
2025-08-25,sh601318,162.7720,163.6720,161.7920,163.5720,67011300,2.681508
2025-08-26,sh601318,163.3720,163.5720,162.4720,162.6120,49198600,2.686913
2025-08-27,sh601318,162.3320,162.4720,158.9520,158.9520,106455800,2.708332
2025-08-28,sh601318,159.0720,159.8120,158.1920,159.2520,63610500,2.706526
2025-08-29,sh601318,159.4720,163.7720,159.4520,161.3320,108030900,2.694255
2025-09-01,sh601318,161.1520,161.1520,158.2320,158.5920,94852500,2.710511
2025-09-02,sh601318,158.5720,159.1720,158.0120,158.8920,64903600,2.708694
2025-09-03,sh601318,159.4520,159.7720,156.2920,157.1320,71474600,2.719488
2025-09-04,sh601318,157.1120,157.5120,155.6920,156.5720,72743600,2.722991
2025-09-05,sh601318,156.5720,157.6920,155.6320,157.3720,55818400,2.717997
2025-09-08,sh601318,157.0920,157.6520,156.2120,156.9720,48773300,2.720485
2025-09-09,sh601318,157.0920,158.1520,156.6720,157.5720,51891100,2.716759
2025-09-10,sh601318,157.1120,157.8920,156.8120,157.3120,30847000,2.718369
2025-09-11,sh601318,157.3720,158.9520,156.7720,158.9520,59507200,2.708332
2025-09-12,sh601318,159.5320,159.9720,156.5720,156.9320,73537600,2.720735
2025-09-15,sh601318,156.8720,157.5520,155.7520,156.2320,54684200,2.725135
2025-09-16,sh601318,156.2720,156.4720,154.5720,154.8120,68571400,2.734228
2025-09-17,sh601318,154.8920,155.5120,154.4720,154.7120,68465200,2.734877
2025-09-18,sh601318,154.8520,154.9120,151.7920,152.1320,101207400,2.752026
2025-09-19,sh601318,152.1520,153.5720,151.5720,151.7720,54332100,2.754483
2025-09-22,sh601318,152.3120,152.8720,151.5720,151.8720,37443800,2.753799
2025-09-23,sh601318,151.6320,153.1520,151.0520,151.6120,61296100,2.755580
2025-09-24,sh601318,152.1520,153.0720,151.4720,152.1520,50317400,2.751890
2025-09-25,sh601318,152.1320,152.3520,151.6320,151.7520,51429600,2.754620
2025-09-26,sh601318,151.6120,152.6720,150.8920,152.0120,54862200,2.752843
2025-09-29,sh601318,151.9320,156.2120,151.6320,153.5920,103511000,2.742225
2025-09-30,sh601318,153.1720,153.9720,151.5720,151.7920,76708200,2.754346
2025-10-09,sh601318,151.6520,152.1320,150.0720,151.6520,82406700,2.755305
2025-10-10,sh601318,151.0320,153.5120,151.0320,152.6520,64146500,2.748506
2025-10-13,sh601318,150.5920,152.2320,150.5920,151.7720,60965600,2.754483
2025-10-14,sh601318,152.7320,154.9320,152.6120,154.5320,102294000,2.736048
2025-10-15,sh601318,154.5320,157.5120,154.1720,157.1920,83704600,2.719114
2025-10-16,sh601318,156.9320,158.7320,156.7920,157.6120,68147800,2.716512
2025-10-17,sh601318,157.5720,158.5320,155.9120,156.1320,67749300,2.725768
2025-10-20,sh601318,158.2320,158.7120,156.4720,157.3720,52669500,2.717997
2025-10-21,sh601318,157.4320,159.4120,157.4320,157.7320,76220000,2.715771
2025-10-22,sh601318,157.5720,158.5720,157.4320,157.9920,37989300,2.714173
2025-10-23,sh601318,158.0120,159.3120,157.7520,159.0720,50350100,2.707609
2025-10-24,sh601318,159.7520,160.4520,158.9720,159.2320,55824200,2.751071
2025-10-27,sh601318,159.4720,160.2520,158.4720,158.9720,68500400,2.752762
2025-10-28,sh601318,159.0520,159.9320,158.7120,158.9920,49130500,2.752632
2025-10-29,sh601318,160.6720,162.8720,160.4520,161.3720,104443200,2.737439
2025-10-30,sh601318,162.0720,163.6720,160.6320,160.7720,74571300,2.741211
2025-10-31,sh601318,161.4520,161.4520,159.0720,159.1320,57254200,2.751721
2025-11-03,sh601318,160.0120,160.8720,159.1920,160.0920,41143000,2.745532
2025-11-04,sh601318,160.1720,161.7320,159.8720,161.3520,51812600,2.737564
2025-11-05,sh601318,160.2720,161.1520,159.3120,160.1120,40215800,2.745405
2025-11-06,sh601318,160.1720,162.0320,160.1520,161.2720,54734600,2.738065
2025-11-07,sh601318,161.0320,161.7720,160.7920,161.2520,37191000,2.738190
2025-11-10,sh601318,161.1720,162.2720,160.3520,162.0720,52948700,2.733086
2025-11-11,sh601318,162.0720,162.4720,161.0920,161.8720,36250400,2.734324
2025-11-12,sh601318,162.0720,165.0520,162.0720,163.5320,149024600,2.724171
2025-11-13,sh601318,164.0520,166.2320,164.0520,165.2320,89018700,2.714060
2025-11-14,sh601318,165.1720,168.0120,164.7720,164.7720,75274100,2.716768
2025-11-17,sh601318,164.8520,165.4720,162.3920,163.1320,56019700,2.726592
2025-11-18,sh601318,162.8120,163.7720,162.4320,162.7120,44571200,2.729151
2025-11-19,sh601318,163.0720,165.7120,162.8920,164.2120,70586500,2.720093
2025-11-20,sh601318,164.6720,165.7720,163.5320,163.8720,39449100,2.722126
2025-11-21,sh601318,163.4720,163.6720,161.2320,161.2920,68558000,2.737939
2025-11-24,sh601318,161.7920,161.8720,160.1720,160.2720,53470900,2.744384
2025-11-25,sh601318,160.8320,163.1120,159.9320,162.4120,48777100,2.730990
2025-11-26,sh601318,162.7920,163.9120,162.1120,163.0320,43469300,2.727200
2025-11-27,sh601318,162.4720,162.9320,160.8720,162.1520,50570100,2.732592
2025-11-28,sh601318,161.8920,162.0520,160.4920,161.4520,43355800,2.736938
2025-12-01,sh601318,161.2920,161.8320,160.2920,160.7320,44580400,2.741463
2025-12-02,sh601318,161.0720,162.2720,160.3720,161.0720,37383700,2.739320
2025-12-03,sh601318,160.9720,161.5120,159.7720,160.1720,33549400,2.745021
2025-12-04,sh601318,160.1720,160.5720,159.8920,160.5720,21766400,2.742477
2025-12-08,sh601318,167.5520,171.0720,167.4720,170.2720,102997900,2.685678
2025-12-09,sh601318,170.2720,170.8520,168.3120,168.3720,48373100,2.696109
2025-12-10,sh601318,168.7920,169.5920,167.7320,168.5720,44882200,2.694996
2025-12-11,sh601318,169.0720,170.1920,167.8120,168.5320,47796300,2.695218
2025-12-12,sh601318,168.5920,171.6520,168.2920,171.2920,109176000,2.680207
2025-12-16,sh601318,176.8920,179.6920,175.7920,177.4720,105682100,2.648836
2025-12-17,sh601318,177.5720,180.7320,176.7720,179.5720,96211800,2.638824
2025-12-18,sh601318,179.2320,180.6320,178.6520,180.4720,56360600,2.634628
2025-12-19,sh601318,179.7720,181.0320,178.6720,180.9720,63847600,2.632320
2025-12-22,sh601318,180.8720,182.0120,179.8720,180.5520,55694200,2.634257
2025-12-23,sh601318,180.5920,183.9520,180.1720,182.4520,76572000,2.625586
2025-12-24,sh601318,181.8120,182.2320,180.1720,181.5320,51132000,2.629755
2025-12-25,sh601318,181.4720,187.4320,181.4320,185.0720,77789800,2.614011
2025-12-26,sh601318,184.3520,187.3920,184.3320,185.7920,65701700,2.610905
2025-12-29,sh601318,185.4720,186.7920,183.0520,183.2320,65566500,2.622095
2025-12-30,sh601318,182.9720,183.9320,180.2520,181.0720,104667400,2.631860
2025-12-31,sh601318,181.0320,181.9320,179.7720,180.2720,45806900,2.635556
2026-01-06,sh601318,188.2720,193.2320,188.2720,192.1120,146851600,2.584930
2026-01-07,sh601318,191.2520,192.8720,190.0520,190.3720,91969500,2.591858
2026-01-08,sh601318,190.2120,190.2720,182.7920,184.2320,168539200,2.617675
2026-01-09,sh601318,184.6720,186.0320,179.9520,181.4720,206334800,2.630029
2026-01-12,sh601318,181.2720,181.4720,177.9120,178.5720,185166100,2.643553
2026-01-13,sh601318,179.0720,183.4320,179.0320,179.8720,150215100,2.637419
2026-01-14,sh601318,180.1720,181.3320,177.1120,177.4720,143110900,2.648836
2026-01-15,sh601318,177.2720,180.2320,176.8520,178.2920,106661400,2.644889
2026-01-16,sh601318,178.6720,179.3520,175.0720,176.1320,135610000,2.655390
2026-01-19,sh601318,176.0320,177.3720,175.2920,176.0720,83868100,2.655686
2026-01-20,sh601318,176.1720,179.0120,175.6920,176.6720,98850000,2.652733
2026-01-21,sh601318,176.7520,177.8320,174.7720,175.1720,93540200,2.660167
2026-01-22,sh601318,175.7320,176.6320,172.5120,173.0720,114392200,2.670864
2026-01-23,sh601318,173.8720,174.4320,170.7920,171.2720,140769900,2.680313
2026-01-26,sh601318,171.4720,175.9720,171.0120,171.7520,201384600,2.677767
2026-01-27,sh601318,172.0920,176.1720,172.0120,174.0920,150884100,2.665625
2026-01-28,sh601318,175.2120,175.5720,172.3320,172.9720,199285400,2.671382
2026-01-30,sh601318,179.4920,180.8520,176.2520,176.9720,160322800,2.651266
2026-02-02,sh601318,176.1720,180.1320,174.9320,175.5120,135454900,2.658467
2026-02-03,sh601318,177.2720,178.2720,174.7120,176.6320,103322500,2.652929
2026-02-04,sh601318,176.3720,178.3720,175.9320,178.2720,87740300,2.644985
2026-02-05,sh601318,177.8120,179.4520,175.7920,178.1720,90819100,2.645464
2026-02-06,sh601318,177.2320,178.6920,176.3120,177.2720,74927500,2.649806
2026-02-09,sh601318,178.3720,181.6720,177.6920,180.8720,102123700,2.632780
2026-02-10,sh601318,180.8920,181.0720,179.0720,179.8520,54873500,2.637513
2026-02-11,sh601318,179.9720,180.8320,177.5920,178.4720,61803200,2.644030
2026-02-12,sh601318,178.6720,178.8320,176.1720,176.5520,64637200,2.653321
2026-02-13,sh601318,175.7720,176.1720,173.5920,174.0520,84077200,2.665829
2026-02-24,sh601318,175.0120,175.9720,172.2120,172.4720,80005300,2.673984
2026-02-25,sh601318,172.8720,174.9520,172.8720,173.5720,68355600,2.668286
2026-02-26,sh601318,174.4720,174.5320,170.0520,170.4720,103614600,2.684598
2026-02-27,sh601318,170.6720,170.9520,169.5920,169.6520,63301200,2.689047
2026-03-02,sh601318,168.2920,169.6920,166.8720,168.1720,101086200,2.697225
2026-03-03,sh601318,168.3720,170.9120,167.3320,168.6120,109553500,2.694774
2026-03-04,sh601318,167.8720,168.5920,164.7720,167.0520,100813400,2.703544
2026-03-05,sh601318,167.4920,168.9120,167.0720,167.6320,54636500,2.700258
2026-03-06,sh601318,167.0520,170.1720,166.7920,168.8120,57463300,2.693665
2026-03-09,sh601318,166.3520,166.5120,163.4920,166.2720,93036800,2.708013
2026-03-10,sh601318,167.1920,168.2320,166.9120,167.6520,46218400,2.700145
2026-03-11,sh601318,167.6520,169.2920,167.0720,168.5720,51727000,2.694996
2026-03-12,sh601318,167.7720,168.3320,165.9120,166.6720,66854200,2.705714
2026-03-13,sh601318,166.2120,167.2120,165.6320,165.8720,45804100,2.710327
2026-03-16,sh601318,165.8720,166.1920,163.6720,164.4320,81859600,2.718783
2026-03-17,sh601318,164.6520,169.0720,164.6320,167.1520,90185000,2.702975
2026-03-18,sh601318,167.2120,168.1120,166.4720,167.2520,49047100,2.702407
2026-03-19,sh601318,165.8720,166.0520,164.2720,164.7120,68472200,2.717123
2026-03-20,sh601318,165.0720,165.2720,162.8720,162.9520,62076700,2.727687
2026-03-23,sh601318,161.2720,161.4720,157.9520,158.4120,125382300,2.756429
2026-03-24,sh601318,159.4720,160.1520,158.4720,159.7120,68187000,2.747970
2026-03-25,sh601318,160.4720,162.1920,160.3120,161.0520,56238900,2.739445
2026-03-26,sh601318,161.0320,161.0320,156.5320,157.0720,101189600,2.765352
2026-03-27,sh601318,157.1920,158.2520,156.3120,157.3720,83437900,2.763336
2026-03-30,sh601318,156.1520,156.5720,155.1520,156.1320,73754400,2.771738
2026-03-31,sh601318,156.0520,158.8520,155.8920,157.0320,76411400,2.765622
2026-04-01,sh601318,158.6320,160.0520,158.5520,159.8320,68403500,2.747198
2026-04-02,sh601318,159.4720,159.4720,157.7920,157.9920,45979400,2.759204
2026-04-03,sh601318,158.6320,159.0120,157.9520,157.9720,34367800,2.759336
2026-04-07,sh601318,158.0720,158.5720,156.2920,156.8520,50385800,2.766837
2026-04-09,sh601318,161.4720,161.4720,160.0720,160.9520,57020100,2.740075
2026-04-10,sh601318,161.4720,163.1520,161.0320,161.1120,63791200,2.739068
2026-04-13,sh601318,159.8720,159.8920,158.6920,158.9720,68454400,2.752762
2026-04-14,sh601318,159.9320,161.8720,159.7320,161.4120,67514200,2.737188
2026-04-15,sh601318,162.2720,162.9120,160.6920,160.8720,51371300,2.740579
2026-04-16,sh601318,160.8920,161.5320,159.9720,160.5120,54436800,2.742857
2026-04-17,sh601318,160.2720,160.2720,158.6920,159.3120,61232400,2.750552
2026-04-20,sh601318,159.2120,160.8120,158.9520,160.5520,63343700,2.742603
2026-04-21,sh601318,160.5520,161.6920,159.5320,159.5320,54402000,2.749130
2026-04-22,sh601318,159.5320,160.6720,158.7720,159.5320,57957000,2.749130
2026-04-23,sh601318,159.4320,160.6320,158.5320,159.2320,66117400,2.751071
2026-04-24,sh601318,158.8920,159.4120,157.5920,159.0320,55400200,2.752371
2026-04-27,sh601318,159.0720,160.5720,158.3920,158.5720,64067100,2.755378
2026-04-28,sh601318,158.4120,159.6920,157.8720,158.7320,62460200,2.754329
2026-04-29,sh601318,158.7120,162.6520,158.6520,162.3320,160931500,2.731482
2026-04-30,sh601318,161.7120,164.6720,161.7120,162.2120,106301000,2.732222
2026-05-06,sh601318,162.2320,163.1520,161.5720,162.1920,90508300,2.732345
2026-05-07,sh601318,162.6720,165.6920,162.6720,163.5520,131374800,2.724051
2026-05-08,sh601318,163.2720,163.9920,162.9520,163.5920,73204900,2.723810
2026-05-11,sh601318,163.0320,164.5720,161.9920,163.6720,96199100,2.723328
2026-05-12,sh601318,163.6720,164.4720,161.9720,162.2720,69000700,2.731852
2026-05-13,sh601318,162.1120,162.7120,158.7320,159.5520,103434500,2.749001
2026-05-14,sh601318,159.9920,160.5120,157.1720,157.2720,90718700,2.764007
2026-05-15,sh601318,157.4320,157.7520,154.0520,154.4720,118190400,2.783279
2026-05-18,sh601318,154.2720,154.3920,152.2720,153.2520,81041500,2.791984
2026-05-19,sh601318,153.4920,153.8920,151.7120,152.4320,83912200,2.797944
2026-05-20,sh601318,152.2720,152.2720,151.1320,151.6920,74388900,2.803400
2026-05-21,sh601318,152.3720,154.1320,150.8320,150.9920,103593100,2.808631
2026-05-22,sh601318,151.6920,151.8720,150.4120,150.8320,66969900,2.809836
2026-05-25,sh601318,151.1320,153.4320,150.6320,151.9120,86797700,2.801771
2026-05-26,sh601318,151.7720,153.6720,151.2520,152.0120,91001000,2.801032
2026-05-27,sh601318,152.0320,152.0520,149.5920,150.0120,86201100,2.816069
2026-05-28,sh601318,149.9920,150.2720,147.7720,148.4120,87560000,2.828512
2026-05-29,sh601318,148.6520,150.8320,148.4920,150.4720,100011300,2.812561
2026-06-01,sh601318,150.4520,151.6720,149.7720,151.1720,77530700,2.807279
2026-06-02,sh601318,151.1920,152.5720,150.7120,151.6320,78494100,2.803846
2026-06-03,sh601318,151.5920,151.8720,150.4720,150.8720,62506600,2.809534
2026-06-04,sh601318,150.6920,151.6320,149.5520,149.9320,57622600,2.816682
2026-06-05,sh601318,150.0720,152.6320,149.9520,150.4320,93716500,2.812865
2026-06-08,sh601318,149.5920,151.3920,149.2720,150.2320,72054000,2.814387
2026-06-09,sh601318,149.8320,151.5720,149.7720,151.3320,71003000,2.806082
2026-06-10,sh601318,151.4720,153.9320,151.1720,153.4120,90323500,2.882601
2026-06-11,sh601318,153.4120,154.9120,151.6720,152.2520,64764100,2.892325
2026-06-12,sh601318,151.8920,155.4520,151.1920,154.9920,110295300,2.869691
2026-06-15,sh601318,155.5720,158.8920,154.5720,155.4320,101057700,2.866163
2026-06-16,sh601318,154.9520,155.1520,152.4720,152.9520,81250800,2.886431
2026-06-17,sh601318,153.4520,153.6520,151.9720,152.4920,65390600,2.890296
2026-06-18,sh601318,152.1520,152.2520,145.7120,145.7320,217832100,2.951235
2026-06-23,sh601318,149.8920,151.8320,147.1920,147.7720,122011600,2.931984
2026-06-24,sh601318,148.3520,148.7320,145.0320,145.2120,109415800,2.956270
2026-06-25,sh601318,144.4720,147.8920,144.0920,145.5720,121452300,2.952779
2026-06-26,sh601318,145.5520,145.9520,141.3720,141.4320,142644100,2.994537
2026-06-29,sh601318,141.5720,144.7120,140.7720,144.1720,108960900,2.966502
2026-06-30,sh601318,143.5720,144.8520,141.6720,142.4520,94981300,2.983913
2026-07-02,sh601318,145.6720,147.3720,144.5720,144.8120,92013000,2.960180
2026-07-03,sh601318,145.9720,146.5320,143.5920,145.1520,80333100,2.956855
2026-07-06,sh601318,145.0720,147.3720,144.5920,147.1720,94495600,2.937565
2026-07-07,sh601318,146.8320,147.4120,145.3120,145.5520,69767500,2.952972
2026-07-08,sh601318,145.6920,146.5720,144.8920,146.0520,54099500,2.948163
2026-07-09,sh601318,145.4920,146.1920,144.7920,145.9520,66236900,2.949121
2026-07-10,sh601318,145.9120,146.9120,144.9120,145.9320,76494600,2.949313
2026-07-13,sh601318,145.6920,146.4320,145.1920,146.0320,71652400,2.948355
2026-07-14,sh601318,145.9720,146.4920,143.9720,146.1720,97987300,2.947016
2026-07-15,sh601318,146.1320,149.3720,145.8720,148.8720,128669400,2.921923
2026-07-16,sh601318,148.3720,149.5520,147.4520,148.3120,81279900,2.927018
2026-07-17,sh601318,148.2920,149.8720,148.1320,148.3720,107232700,2.926469
2026-07-21,sh601318,154.3320,156.2720,151.9920,152.7520,159979500,2.888107
2026-07-22,sh601318,151.8520,154.9320,150.9920,154.8720,107427300,2.870658
2026-07-23,sh601318,154.5720,156.1520,153.8720,155.5720,73954700,2.865046
2026-07-24,sh601318,156.1320,156.1720,154.1720,155.0120,85262200,2.869530
2026-07-27,sh601318,155.5120,155.5120,153.0320,153.7920,65142400,2.879461
2026-07-28,sh601318,154.1720,155.3720,153.1720,155.3720,66082000,2.866642
2026-07-29,sh601318,155.9120,156.3720,154.3920,155.5720,87111900,2.865046
2026-07-30,sh601318,155.0920,158.5720,155.0920,158.5720,105845800,2.841792
2026-07-31,sh601318,156.7920,157.0320,155.3720,156.7720,105513000,2.855592
2026-08-03,sh601318,156.5720,158.1320,156.3720,158.0720,75469400,2.845581
2026-08-04,sh601318,157.6720,157.7520,154.7320,154.8320,91589500,2.870981
2026-08-05,sh601318,154.8520,155.4520,153.2720,155.0120,73396500,2.869530
2026-08-06,sh601318,154.9720,155.3920,153.2920,153.9720,66167500,2.877981
2026-08-07,sh601318,153.9520,154.3320,153.3120,153.7320,49863800,2.879955
2026-08-10,sh601318,153.5320,154.2920,153.3720,153.6120,59532300,2.880945
2026-08-11,sh601318,153.5720,153.8520,151.9720,152.0720,64689500,2.893853
2026-08-12,sh601318,151.9720,152.8120,151.3920,152.1720,53210400,2.893004
2026-08-13,sh601318,151.9520,152.9320,151.5920,152.5720,52400600,2.889621
2026-08-14,sh601318,152.3120,152.5120,150.4720,150.4720,64278800,2.907671
2026-08-17,sh601318,150.4720,150.9520,149.9920,150.5720,50214300,2.906795
2026-08-18,sh601318,150.5720,150.6520,149.3120,149.6120,57900000,2.915277
2026-08-19,sh601318,150.2920,151.1320,149.5320,151.1320,78982600,2.901920
2026-08-20,sh601318,150.6720,151.2720,150.1720,151.2520,49529500,2.900882
2026-08-21,sh601318,152.9920,154.1520,152.5720,153.6720,111599000,2.880450
2026-08-24,sh601318,153.6520,157.4120,153.5720,156.8120,130761400,2.855280
2026-08-25,sh601318,157.0920,157.8120,156.2720,156.9920,73929000,2.853881
2026-08-26,sh601318,156.7120,159.7320,156.2920,159.2320,105343700,2.836843
2026-08-27,sh601318,158.7320,159.2320,157.8720,158.7120,64656800,2.840737
2026-08-28,sh601318,158.4920,158.8920,157.4920,158.6720,49747400,2.841038
2026-08-31,sh601318,158.8120,159.3120,158.3320,158.6120,54592800,2.841491
2026-09-01,sh601318,158.5320,161.8520,157.7920,161.4320,108089700,2.820758
2026-09-02,sh601318,161.1920,161.9320,159.9120,160.2320,60053400,2.829454
2026-09-03,sh601318,160.1720,164.1320,159.9720,162.9720,108712000,2.809862
2026-09-04,sh601318,162.7320,164.9520,162.7320,163.4520,78355200,2.806525
2026-09-07,sh601318,163.4520,163.8720,159.3320,159.6920,111728900,2.833428
2026-09-08,sh601318,158.9720,160.5720,158.3320,158.3720,70076800,2.843303
2026-09-09,sh601318,158.3720,160.1120,158.1120,159.4920,52422200,2.834909
2026-09-10,sh601318,159.9320,160.4120,159.0320,159.9720,44435300,2.881340
2026-09-11,sh601318,159.7320,159.8720,157.6320,158.5920,60224600,2.892431
2026-09-14,sh601318,158.4920,159.6320,157.5120,158.3920,48623500,2.894062
2026-09-15,sh601318,158.7320,158.7720,156.4520,156.7320,49459400,2.907829
2026-09-16,sh601318,156.7120,157.2520,155.1320,155.9520,56030800,2.914446
2026-09-17,sh601318,155.7320,156.3320,155.2520,155.6320,39356400,2.917188
2026-09-18,sh601318,155.5720,156.5320,154.9920,155.6720,61166700,2.916845
2026-09-21,sh601318,155.5320,156.9320,154.6920,156.8920,59078600,2.906484
2026-09-22,sh601318,156.8920,157.9520,156.0520,157.8520,57911700,2.898494
2026-09-23,sh601318,157.6320,157.8720,156.6320,156.6720,39679200,2.908335
2026-09-24,sh601318,156.5320,156.7720,155.2320,155.4320,54045900,2.918911
2026-09-28,sh601318,155.1120,155.7320,153.3120,153.7320,71194500,2.933817
2026-09-29,sh601318,153.8720,154.4120,153.3720,153.9320,43080100,2.932038
2026-09-30,sh601318,154.2920,155.9120,153.7520,155.5120,55884200,2.918221
2026-10-08,sh601318,154.7520,155.4320,153.8520,154.2720,59624300,2.929030
