date,symbol,open,high,low,close,volume,factor
2002-04-09,sh600036,10.5100,10.8800,10.5100,10.6600,414108831,1.000000
2002-04-10,sh600036,10.6600,10.7000,10.3900,10.6000,67945475,1.000000
2002-04-11,sh600036,10.6000,10.6800,10.4900,10.5200,22788255,1.000000
2002-04-12,sh600036,10.5000,10.6400,10.4800,10.5700,21256463,1.000000
2002-04-15,sh600036,10.5700,10.6000,10.3500,10.3900,18531104,1.000000
2002-04-16,sh600036,10.3500,10.3900,10.1400,10.1600,24925491,1.000000
2002-04-17,sh600036,10.1500,10.2600,10.0900,10.2200,11459339,1.000000
2002-04-18,sh600036,10.2000,10.2000,10.1000,10.1200,8533279,1.000000
2002-04-19,sh600036,10.1000,10.1500,9.9900,10.1400,15722249,1.000000
2002-04-22,sh600036,10.1000,10.1000,9.9900,10.0100,6593827,1.000000
2002-04-23,sh600036,10.0000,10.0900,9.9100,10.0000,7376544,1.000000
2002-04-24,sh600036,10.0000,10.0000,9.7000,9.7700,17241356,1.000000
2002-04-25,sh600036,9.7500,9.8500,9.7400,9.8100,9960272,1.000000
2002-04-26,sh600036,9.8200,9.8900,9.8000,9.8400,8169213,1.000000
2002-04-29,sh600036,9.8400,9.8800,9.7100,9.8500,9036087,1.000000
2002-04-30,sh600036,9.8900,10.1500,9.8000,10.0200,18262505,1.000000
2002-05-08,sh600036,10.0000,10.0300,9.8800,9.9000,4228358,1.000000
2002-05-09,sh600036,9.8900,10.0800,9.8800,9.9400,4470394,1.000000
2002-05-10,sh600036,9.9100,9.9300,9.8000,9.8100,4638480,1.000000
2002-05-13,sh600036,9.8000,9.8000,9.5800,9.6200,12725497,1.000000
2002-05-14,sh600036,9.6000,9.6400,9.4600,9.4800,8239948,1.000000
2002-05-15,sh600036,9.4600,9.5500,9.2800,9.2900,9708385,1.000000
2002-05-16,sh600036,9.2800,9.2800,9.0700,9.1500,19517141,1.000000
2002-05-17,sh600036,9.1800,9.3000,9.0500,9.2500,10010112,1.000000
2002-05-20,sh600036,9.1300,9.1800,8.9300,8.9800,11297072,1.000000
2002-05-21,sh600036,9.1800,9.2500,9.0300,9.1800,12608352,1.000000
2002-05-22,sh600036,9.1900,9.2000,8.9100,8.9400,7338358,1.000000
2002-05-23,sh600036,8.9500,9.1300,8.9400,8.9800,7188925,1.000000
2002-05-24,sh600036,8.9800,9.0400,8.7600,8.8700,10526000,1.000000
2002-05-27,sh600036,8.8900,8.9500,8.7800,8.9100,5439444,1.000000
2002-05-28,sh600036,8.9100,8.9900,8.9000,8.9200,5607677,1.000000
2002-05-29,sh600036,8.9200,8.9400,8.6200,8.6700,7480150,1.000000
2002-05-30,sh600036,8.6600,8.7800,8.5200,8.7500,13179829,1.000000
2002-05-31,sh600036,8.7300,8.8600,8.6600,8.7000,4669199,1.000000
2002-06-04,sh600036,8.6300,9.0000,8.5400,8.8600,21315760,1.000000
2002-06-05,sh600036,9.2200,9.2200,8.7200,8.7400,9149476,1.000000
2002-06-06,sh600036,8.7400,9.0800,8.6800,9.0000,12530992,1.000000
2002-06-07,sh600036,9.0100,9.0600,8.9000,8.9800,11760656,1.000000
2002-06-10,sh600036,8.9800,9.0600,8.9300,8.9900,4910142,1.000000
2002-06-11,sh600036,8.9900,9.0100,8.9200,8.9400,2848153,1.000000
2002-06-12,sh600036,9.0000,9.0000,8.8000,8.8700,3036753,1.000000
2002-06-13,sh600036,8.8700,8.8700,8.7500,8.7600,2861462,1.000000
2002-06-14,sh600036,8.7500,8.7500,8.6700,8.6800,2939500,1.000000
2002-06-17,sh600036,8.6500,8.6600,8.5800,8.6600,3036771,1.000000
2002-06-18,sh600036,8.6600,8.8500,8.6500,8.8100,5317574,1.000000
2002-06-19,sh600036,8.8100,8.8200,8.6500,8.6800,2774519,1.000000
2002-06-20,sh600036,8.6800,8.8300,8.6700,8.7300,4108300,1.000000
2002-06-21,sh600036,8.7500,9.0900,8.7200,8.9700,14947363,1.000000
2002-06-24,sh600036,9.8700,9.8700,9.5100,9.8700,95065027,1.000000
2002-06-25,sh600036,9.9900,10.8500,9.8100,10.4500,149514953,1.000000
2002-06-26,sh600036,10.3500,10.6000,10.1500,10.2300,41963672,1.000000
2002-06-27,sh600036,10.2300,10.6000,10.1800,10.5000,41442717,1.000000
2002-06-28,sh600036,10.5100,11.5500,10.5100,11.5500,156015369,1.000000
2002-07-01,sh600036,11.7000,11.8400,11.4000,11.5800,90583632,1.000000
2002-07-02,sh600036,11.5500,11.5600,11.1800,11.4400,37955268,1.000000
2002-07-03,sh600036,11.4000,11.6900,11.3100,11.4700,25683720,1.000000
2002-07-04,sh600036,11.5000,11.5800,10.9400,11.1100,41951694,1.000000
2002-07-05,sh600036,11.0000,11.3400,10.9200,11.3000,33747227,1.000000
2002-07-08,sh600036,11.1900,11.7000,11.1900,11.3400,41931594,1.000000
2002-07-09,sh600036,11.3500,11.7300,11.3500,11.6500,53912874,1.000000
2002-07-10,sh600036,11.6500,11.9200,11.2900,11.3100,103668559,1.000000
2002-07-11,sh600036,11.2200,11.4000,11.1500,11.1900,31305363,1.000000
2002-07-12,sh600036,11.1900,11.2500,10.9800,11.0300,32493660,1.000000
2002-07-15,sh600036,11.0000,11.0500,10.7500,10.8400,23448328,1.000000
2002-07-16,sh600036,10.8700,11.0500,10.7900,10.8600,18594602,1.000000
2002-07-17,sh600036,10.8800,11.0400,10.7900,11.0300,8479998,1.000000
2002-07-18,sh600036,11.0900,11.2200,10.9800,11.1000,20092068,1.000000
2002-07-19,sh600036,11.1500,11.1900,11.0000,11.1400,9684195,1.000000
2002-07-22,sh600036,11.1600,11.1600,10.6600,10.6900,21510542,1.000000
2002-07-23,sh600036,10.6500,11.0400,10.6100,10.7900,18666749,1.000000
2002-07-24,sh600036,10.7500,10.9300,10.6900,10.7800,8015858,1.000000
2002-07-25,sh600036,10.7500,10.8500,10.5900,10.6600,10470632,1.000000
2002-07-26,sh600036,10.6800,10.7400,10.6000,10.6200,7678834,1.000000
2002-07-29,sh600036,10.6000,10.7000,10.5000,10.6900,8736892,1.000000
2002-07-30,sh600036,10.7500,11.1500,10.6900,10.9500,33096969,1.000000
2002-07-31,sh600036,10.8900,11.0500,10.6500,10.7000,14637918,1.000000
2002-08-01,sh600036,10.6900,10.8100,10.5900,10.7300,6501091,1.000000
2002-08-02,sh600036,10.7600,10.8000,10.6500,10.7300,3755525,1.000000
2002-08-05,sh600036,10.7300,10.7300,10.5100,10.5200,5849596,1.000000
2002-08-06,sh600036,10.5000,10.8300,10.3600,10.5600,13136811,1.000000
2002-08-07,sh600036,10.5600,10.6900,10.5200,10.6000,8028176,1.000000
2002-08-08,sh600036,10.6500,10.8500,10.6200,10.6500,14410144,1.000000
2002-08-09,sh600036,10.6000,10.6600,10.5300,10.5300,10941629,1.000000
2002-08-12,sh600036,10.3200,10.4400,10.2400,10.3400,60520478,1.000000
2002-08-13,sh600036,10.3400,10.5100,10.2800,10.3400,15877898,1.000000
2002-08-14,sh600036,10.3600,10.5000,10.3600,10.4600,8680932,1.000000
2002-08-15,sh600036,10.4600,10.5200,10.3900,10.4400,6382901,1.000000
2002-08-16,sh600036,10.4200,10.5500,10.2900,10.4400,12814339,1.000000
2002-08-19,sh600036,10.4600,10.6800,10.3600,10.5600,11227906,1.000000
2002-08-20,sh600036,10.5700,11.0400,10.5700,10.9200,38149219,1.000000
2002-08-21,sh600036,10.9300,11.0200,10.8600,10.8700,16215953,1.000000
2002-08-22,sh600036,10.8800,11.0200,10.8400,10.8900,21519626,1.000000
2002-08-23,sh600036,10.8900,11.0500,10.8700,10.9200,13680119,1.000000
2002-08-26,sh600036,10.9200,10.9600,10.7300,10.7600,10506530,1.000000
2002-08-27,sh600036,10.7300,10.9500,10.7100,10.8000,11481583,1.000000
2002-08-28,sh600036,10.8000,10.9500,10.7500,10.8400,8661100,1.000000
2002-08-29,sh600036,10.8400,10.9500,10.7700,10.7900,7463258,1.000000
2002-08-30,sh600036,10.8400,10.8600,10.7800,10.8100,5432107,1.000000
2002-09-02,sh600036,10.7100,10.8600,10.7100,10.7900,3848818,1.000000
2002-09-03,sh600036,10.8000,10.9400,10.8000,10.9400,8212924,1.000000
2002-09-04,sh600036,10.9500,10.9800,10.8300,10.8400,6324375,1.000000
2002-09-05,sh600036,10.8100,10.8100,10.5800,10.6200,15040376,1.000000
2002-09-06,sh600036,10.6000,10.6200,10.4000,10.4200,10876882,1.000000
2002-09-09,sh600036,10.3600,10.4200,10.3100,10.3700,7814809,1.000000
2002-09-10,sh600036,10.3700,10.4800,10.3600,10.3800,3131134,1.000000
2002-09-11,sh600036,10.4000,10.4700,10.1000,10.3300,13656652,1.000000
2002-09-12,sh600036,10.3300,10.4200,10.2500,10.3100,2574361,1.000000
2002-09-13,sh600036,10.3300,10.4100,10.3000,10.3600,2438676,1.000000
2002-09-16,sh600036,10.3600,10.3600,10.0100,10.0700,15388084,1.000000
2002-09-17,sh600036,10.0700,10.2100,10.0000,10.0900,7992153,1.000000
2002-09-18,sh600036,10.1100,10.1500,10.0700,10.0900,3693015,1.000000
2002-09-19,sh600036,10.0800,10.3900,10.0100,10.2700,8901655,1.000000
2002-09-20,sh600036,10.2800,10.3000,10.1100,10.1400,4568128,1.000000
2002-09-23,sh600036,10.1000,10.2100,10.0900,10.1600,1949610,1.000000
2002-09-24,sh600036,10.1600,10.3200,10.1200,10.2200,4383120,1.000000
2002-09-25,sh600036,10.2900,10.3500,10.1500,10.2800,3752865,1.000000
2002-09-26,sh600036,10.2700,10.3800,10.1900,10.2000,4846309,1.000000
2002-09-27,sh600036,10.2000,10.3100,10.0000,10.0800,9888852,1.000000
2002-10-08,sh600036,10.0400,10.1500,9.9100,10.0000,4181785,1.000000
2002-10-09,sh600036,10.0000,10.0000,9.6800,9.7000,6354635,1.000000
2002-10-10,sh600036,9.6900,9.7900,9.5300,9.5700,3331764,1.000000
2002-10-11,sh600036,9.6000,9.6700,9.4500,9.5100,5922334,1.000000
2002-10-14,sh600036,9.5200,9.6800,9.3000,9.6000,4730786,1.000000
2002-10-15,sh600036,9.5900,9.6600,9.4800,9.4900,4499647,1.000000
2002-10-16,sh600036,9.5000,9.8000,9.5000,9.6900,7171308,1.000000
2002-10-17,sh600036,9.6900,9.7000,9.5200,9.6400,4520709,1.000000
2002-10-18,sh600036,9.5900,9.7500,9.5200,9.6700,3151790,1.000000
2002-10-21,sh600036,9.6700,9.8000,9.6000,9.7400,2054972,1.000000
2002-10-22,sh600036,9.7400,9.9400,9.7400,9.8600,5563446,1.000000
2002-10-23,sh600036,9.8600,9.9000,9.7600,9.8000,4266450,1.000000
2002-10-24,sh600036,9.8100,9.8700,9.7300,9.7500,1655538,1.000000
2002-10-25,sh600036,9.7700,9.8400,9.6100,9.6700,3825371,1.000000
2002-10-28,sh600036,9.6000,9.7500,9.4800,9.5300,6602902,1.000000
2002-10-29,sh600036,9.5300,9.6500,9.4600,9.6200,2786952,1.000000
2002-10-30,sh600036,9.5500,9.6700,9.5400,9.6400,1668658,1.000000
2002-10-31,sh600036,9.6400,9.7400,9.5500,9.5700,2799611,1.000000
2002-11-01,sh600036,9.5900,9.7100,9.5400,9.6300,3491723,1.000000
2002-11-04,sh600036,9.6900,9.8500,9.6300,9.8300,5712877,1.000000
2002-11-05,sh600036,9.8500,10.0500,9.8500,9.9200,15260779,1.000000
2002-11-06,sh600036,9.9300,9.9500,9.8700,9.9000,3178330,1.000000
2002-11-07,sh600036,9.9300,10.0300,9.9000,10.0000,10757768,1.000000
2002-11-08,sh600036,10.0700,10.1400,9.7400,9.8400,12899282,1.000000
2002-11-11,sh600036,9.8100,9.9000,9.6700,9.6800,3603751,1.000000
2002-11-12,sh600036,9.7000,9.9900,9.6700,9.7400,14242964,1.000000
2002-11-13,sh600036,9.7400,9.7800,9.5600,9.6800,6844582,1.000000
2002-11-14,sh600036,9.7000,9.7300,9.4500,9.4700,5732236,1.000000
2002-11-15,sh600036,9.4200,9.6500,9.3800,9.4000,9145746,1.000000
2002-11-18,sh600036,9.4000,9.4900,9.1400,9.1700,9283700,1.000000
2002-11-19,sh600036,9.1500,9.2800,9.0900,9.2400,4085609,1.000000
2002-11-20,sh600036,9.1800,9.2100,9.0800,9.1100,5239305,1.000000
2002-11-21,sh600036,9.1000,9.1200,8.8100,8.8500,10999904,1.000000
2002-11-22,sh600036,8.8800,8.9800,8.7500,8.8700,5557863,1.000000
2002-11-25,sh600036,8.8700,9.0500,8.8300,8.9000,3725609,1.000000
2002-11-26,sh600036,8.8800,8.9900,8.7700,8.8000,3262317,1.000000
2002-11-27,sh600036,8.8000,8.9600,8.7100,8.9200,5267855,1.000000
2002-11-28,sh600036,9.0000,9.1300,8.9000,9.1100,5129366,1.000000
2002-11-29,sh600036,9.1000,9.3000,8.9800,9.2100,12475317,1.000000
2002-12-02,sh600036,9.2000,9.2000,8.9200,8.9300,4452673,1.000000
2002-12-03,sh600036,8.9000,9.0500,8.9000,9.0100,3083379,1.000000
2002-12-04,sh600036,9.0800,9.1000,8.9700,9.0000,4404350,1.000000
2002-12-05,sh600036,8.9000,8.9100,8.7800,8.8300,6716868,1.000000
2002-12-06,sh600036,8.8000,8.9200,8.7800,8.8200,5380583,1.000000
2002-12-09,sh600036,8.8200,8.9300,8.7800,8.8800,7045001,1.000000
2002-12-10,sh600036,8.7300,8.9100,8.6700,8.6900,54652106,1.000000
2002-12-11,sh600036,8.6900,8.7000,8.5900,8.6500,14292761,1.000000
2002-12-12,sh600036,8.6500,8.7200,8.5800,8.6000,11304106,1.000000
2002-12-13,sh600036,8.5500,8.7200,8.4100,8.6900,11817546,1.000000
2002-12-16,sh600036,8.6800,8.7500,8.6200,8.6800,5393960,1.000000
2002-12-17,sh600036,8.7000,8.7700,8.6500,8.6900,10292321,1.000000
2002-12-18,sh600036,8.7300,8.7800,8.6500,8.6700,6878266,1.000000
2002-12-19,sh600036,8.6700,8.6900,8.5900,8.6100,5677347,1.000000
2002-12-20,sh600036,8.6100,8.7900,8.6100,8.7500,7691380,1.000000
2002-12-23,sh600036,8.7500,8.8800,8.7500,8.7900,6571463,1.000000
2002-12-24,sh600036,8.7800,8.8200,8.7300,8.7800,3847537,1.000000
2002-12-25,sh600036,8.7700,8.8100,8.6500,8.7000,5628131,1.000000
2002-12-26,sh600036,8.7100,8.7300,8.4600,8.4700,14957581,1.000000
2002-12-27,sh600036,8.4600,8.5000,8.3900,8.4100,16625917,1.000000
2002-12-30,sh600036,8.4200,8.4200,8.2000,8.2200,14208902,1.000000
2002-12-31,sh600036,8.2200,8.3000,8.0800,8.1400,9203901,1.000000
2003-01-02,sh600036,8.1200,8.1600,8.0400,8.0600,11179501,1.000000
2003-01-03,sh600036,8.0600,8.1200,8.0200,8.1200,3789854,1.000000
2003-01-06,sh600036,8.1000,8.2000,8.0500,8.1600,4395743,1.000000
2003-01-07,sh600036,8.1500,8.2400,8.0700,8.0800,2687450,1.000000
2003-01-08,sh600036,8.0800,8.5500,8.0500,8.4200,11491032,1.000000
2003-01-09,sh600036,8.4500,8.8700,8.3200,8.7400,36446899,1.000000
2003-01-10,sh600036,8.7700,8.8600,8.6100,8.6100,25721025,1.000000
2003-01-13,sh600036,8.5800,8.6800,8.4600,8.5300,6781680,1.000000
2003-01-14,sh600036,8.5300,9.3800,8.5300,9.3800,93150048,1.000000
2003-01-15,sh600036,9.5000,9.6500,9.0000,9.2000,68972883,1.000000
2003-01-16,sh600036,9.1600,9.4800,9.0900,9.3000,31059935,1.000000
2003-01-17,sh600036,9.4000,9.5100,9.2200,9.3000,21797449,1.000000
2003-01-20,sh600036,9.3000,9.7300,9.1800,9.5300,31257733,1.000000
2003-01-21,sh600036,9.4800,9.7500,9.3700,9.4400,32353358,1.000000
2003-01-22,sh600036,9.3000,9.4300,9.3000,9.3500,11294890,1.000000
2003-01-23,sh600036,9.3600,9.4900,9.2800,9.3000,6693992,1.000000
2003-01-24,sh600036,9.3000,9.6800,9.2500,9.5400,17446934,1.000000
2003-01-27,sh600036,9.6000,10.0200,9.5800,9.7800,34925535,1.000000
2003-01-28,sh600036,9.7800,9.8800,9.7000,9.7900,11691809,1.000000
2003-01-29,sh600036,9.8100,9.9800,9.7700,9.8400,22611900,1.000000
2003-02-10,sh600036,9.8400,9.8400,9.5400,9.5500,10632107,1.000000
2003-02-11,sh600036,9.5000,9.5800,9.4200,9.5600,6317898,1.000000
2003-02-12,sh600036,9.5100,9.6600,9.4500,9.6300,7852699,1.000000
2003-02-13,sh600036,9.6600,9.6900,9.4300,9.4500,10529108,1.000000
2003-02-14,sh600036,9.4800,9.6000,9.4700,9.5000,6866079,1.000000
2003-02-17,sh600036,9.4800,9.5400,9.3300,9.3900,7164908,1.000000
2003-02-18,sh600036,9.3800,9.4300,9.2500,9.3400,6231278,1.000000
2003-02-19,sh600036,9.3500,9.5300,9.3000,9.5000,5784007,1.000000
2003-02-20,sh600036,9.4700,9.5400,9.4500,9.4800,6062294,1.000000
2003-02-21,sh600036,9.4500,9.4900,9.1900,9.2700,14941926,1.000000
2003-02-24,sh600036,9.2700,9.3300,9.1900,9.2100,6423219,1.000000
2003-02-25,sh600036,9.2100,9.4000,9.2000,9.3800,6691688,1.000000
2003-02-26,sh600036,9.4500,9.4500,9.3300,9.3700,4752416,1.000000
2003-02-27,sh600036,9.3800,9.5800,9.3800,9.5400,13747531,1.000000
2003-02-28,sh600036,9.5400,9.5400,9.3800,9.4200,6277508,1.000000
2003-03-03,sh600036,9.4000,9.5000,9.3900,9.4500,3434161,1.000000
2003-03-04,sh600036,9.5000,9.6300,9.4700,9.5500,12856981,1.000000
2003-03-05,sh600036,9.6000,9.6000,9.4300,9.5200,7256945,1.000000
2003-03-06,sh600036,9.5300,9.5800,9.3900,9.3900,9944805,1.000000
2003-03-07,sh600036,9.3900,9.4300,9.3600,9.3900,4214869,1.000000
2003-03-10,sh600036,9.3900,9.4200,9.1700,9.1800,14118438,1.000000
2003-03-11,sh600036,9.1600,9.2500,9.1000,9.1400,10995878,1.000000
2003-03-12,sh600036,9.1400,9.1900,9.0900,9.1800,6442505,1.000000
2003-03-13,sh600036,9.1600,9.2400,9.1400,9.1700,5179805,1.000000
2003-03-14,sh600036,9.1700,9.3000,9.1600,9.2400,5790768,1.000000
2003-03-17,sh600036,9.2400,9.2700,9.1900,9.2300,7679546,1.000000
2003-03-18,sh600036,9.2500,9.4500,9.2300,9.3200,13374123,1.000000
2003-03-19,sh600036,9.3200,9.6500,9.3000,9.5300,26570724,1.000000
2003-03-20,sh600036,9.5300,9.6900,9.5000,9.5500,13417648,1.000000
2003-03-21,sh600036,9.5500,9.7600,9.5000,9.6000,18691056,1.000000
2003-03-24,sh600036,9.6000,9.7300,9.4900,9.5500,13262649,1.000000
2003-03-25,sh600036,9.5200,9.5800,9.4700,9.5300,9118176,1.000000
2003-03-26,sh600036,9.5000,9.7600,9.5000,9.7000,29750253,1.000000
2003-03-27,sh600036,9.6900,10.4400,9.6500,10.0900,68594934,1.000000
2003-03-28,sh600036,10.1000,10.3100,10.0400,10.1100,45687773,1.000000
2003-03-31,sh600036,10.1000,10.3500,10.0900,10.2800,26838315,1.000000
2003-04-01,sh600036,10.2800,10.7500,10.2800,10.4500,92416960,1.000000
2003-04-02,sh600036,10.4800,10.5900,10.4300,10.5000,15305012,1.000000
2003-04-03,sh600036,10.4900,10.5700,10.2800,10.2900,47572054,1.000000
2003-04-04,sh600036,10.2800,10.5300,10.2300,10.3900,30731524,1.000000
2003-04-07,sh600036,10.4100,10.9300,10.4100,10.8000,67546838,1.000000
2003-04-08,sh600036,10.7700,11.0400,10.6600,10.8800,56735177,1.000000
2003-04-09,sh600036,10.9000,11.6800,10.9000,11.6000,105539626,1.000000
2003-04-10,sh600036,11.5100,12.0300,11.5100,11.7100,248014191,1.000000
2003-04-11,sh600036,11.8000,12.0600,11.6500,11.8400,114380764,1.000000
2003-04-14,sh600036,11.9000,12.4500,11.6800,12.2800,142564660,1.000000
2003-04-15,sh600036,12.2500,12.6600,12.1800,12.5800,103415947,1.000000
2003-04-16,sh600036,12.6000,13.6600,12.4000,12.6400,157762761,1.000000
2003-04-17,sh600036,12.7000,12.9400,12.1300,12.4700,97310641,1.000000
2003-04-18,sh600036,11.9600,12.4400,11.6100,12.0000,64902830,1.000000
2003-04-21,sh600036,11.8500,12.0000,11.4400,11.6600,92644303,1.000000
2003-04-22,sh600036,11.6800,11.9500,11.6600,11.8000,47302022,1.000000
2003-04-23,sh600036,11.8000,11.8600,11.4500,11.4800,52122610,1.000000
2003-04-24,sh600036,11.4000,11.4500,10.9300,11.1800,101029367,1.000000
2003-04-25,sh600036,11.1800,11.4500,11.0800,11.2200,29059366,1.000000
2003-04-28,sh600036,11.5000,12.3400,11.3500,12.3300,127345428,1.000000
2003-04-29,sh600036,12.1900,12.5600,12.0200,12.2800,90055835,1.000000
2003-04-30,sh600036,12.3500,12.6800,12.2600,12.3600,87777472,1.000000
2003-05-12,sh600036,12.4000,12.9000,12.1200,12.7500,67522272,1.000000
2003-05-13,sh600036,12.7800,13.0000,12.0100,12.1000,70819431,1.000000
2003-05-14,sh600036,12.0600,12.4100,12.0100,12.3400,43893439,1.000000
2003-05-15,sh600036,12.3600,12.6500,12.2100,12.3900,42366014,1.000000
2003-05-16,sh600036,12.4500,12.7400,12.3400,12.5000,32835422,1.000000
2003-05-19,sh600036,12.5100,12.5800,12.1800,12.3500,26012750,1.000000
2003-05-20,sh600036,12.3000,12.3000,12.0000,12.0500,25792159,1.000000
2003-05-21,sh600036,12.0600,12.3000,12.0100,12.0500,14440171,1.000000
2003-05-22,sh600036,12.0500,12.4300,11.9200,12.3800,27537224,1.000000
2003-05-23,sh600036,12.4200,12.7000,12.3700,12.4900,45767527,1.000000
2003-05-27,sh600036,12.6000,12.8000,12.4100,12.5000,35437875,1.000000
2003-05-28,sh600036,12.5200,12.7000,12.1500,12.2200,38693119,1.000000
2003-05-29,sh600036,12.2000,12.3000,11.9000,12.1900,41507598,1.000000
2003-05-30,sh600036,12.2200,12.2900,12.0000,12.1600,18019909,1.000000
2003-06-02,sh600036,12.1600,12.2300,11.8800,12.2000,22558938,1.000000
2003-06-03,sh600036,12.2500,12.4000,12.0800,12.1300,27378672,1.000000
2003-06-04,sh600036,12.1000,12.3500,11.9800,12.3300,26752705,1.000000
2003-06-05,sh600036,12.3800,12.5400,12.1500,12.1600,38873070,1.000000
2003-06-06,sh600036,12.1000,12.2500,11.9600,11.9900,27587242,1.000000
2003-06-09,sh600036,11.9600,12.0500,11.6300,11.6600,26387665,1.000000
2003-06-10,sh600036,11.6600,11.8800,11.6500,11.7500,12424791,1.000000
2003-06-11,sh600036,11.8700,12.1800,11.7800,12.1600,17487420,1.000000
2003-06-12,sh600036,12.1800,12.2000,11.9400,12.0000,12421936,1.000000
2003-06-13,sh600036,12.0000,12.1700,11.9200,12.0400,11564176,1.000000
2003-06-16,sh600036,12.0200,12.0400,11.7100,11.8000,14470861,1.000000
2003-06-17,sh600036,11.7800,11.8700,11.6000,11.7200,14267948,1.000000
2003-06-18,sh600036,11.7200,11.8900,11.7000,11.7100,13364207,1.000000
2003-06-19,sh600036,11.7800,11.8700,11.5900,11.7400,16331588,1.000000
2003-06-20,sh600036,11.7400,11.7900,11.5100,11.5300,12915798,1.000000
2003-06-23,sh600036,11.4900,11.5000,11.3400,11.3700,17352864,1.000000
2003-06-24,sh600036,11.3600,11.4600,11.2400,11.3200,17171017,1.000000
2003-06-25,sh600036,11.3800,11.4200,11.2400,11.2900,8461015,1.000000
2003-06-26,sh600036,11.2600,11.5700,11.2200,11.4800,22010804,1.000000
2003-06-27,sh600036,11.5000,11.5600,11.2800,11.3500,20792592,1.000000
2003-06-30,sh600036,11.3000,11.6500,11.2300,11.3200,20773228,1.000000
2003-07-01,sh600036,11.3200,11.6500,11.3200,11.3800,22344722,1.000000
2003-07-02,sh600036,11.4400,11.8900,11.3800,11.8800,44330211,1.000000
2003-07-03,sh600036,11.9000,12.0100,11.7900,11.9400,43223600,1.000000
2003-07-04,sh600036,11.9100,11.9600,11.7000,11.7900,14600943,1.000000
2003-07-07,sh600036,11.7800,11.9100,11.6200,11.7500,11078537,1.000000
2003-07-08,sh600036,11.7300,11.9400,11.7200,11.8000,10953506,1.000000
2003-07-09,sh600036,11.8100,11.8900,11.7100,11.7500,6915301,1.000000
2003-07-10,sh600036,11.7300,12.1000,11.6600,12.0600,38659577,1.000000
2003-07-11,sh600036,12.0700,12.1400,11.9400,12.0100,18769994,1.000000
2003-07-14,sh600036,12.0100,12.0500,11.8700,11.8900,10638983,1.000000
2003-07-15,sh600036,11.8900,12.1200,11.8900,12.0400,12097550,1.000000
2003-07-16,sh600036,12.1300,12.3000,12.1200,12.2200,16051963,1.009917
2003-07-17,sh600036,12.2500,12.4700,12.1500,12.3800,32837153,1.009788
2003-07-18,sh600036,12.3600,12.5000,12.0400,12.0800,27383746,1.010033
2003-07-21,sh600036,12.0400,12.1300,11.9500,12.0900,17540765,1.010025
2003-07-22,sh600036,12.1700,12.2700,11.6700,11.7800,33059263,1.010292
2003-07-23,sh600036,11.7700,11.8400,11.5900,11.7100,13386951,1.010354
2003-07-24,sh600036,11.7100,11.7800,11.5100,11.6000,9593647,1.010453
2003-07-25,sh600036,11.6000,11.7700,11.4100,11.5000,15503219,1.010545
2003-07-28,sh600036,11.4700,11.5700,11.3600,11.5300,14003659,1.010517
2003-07-29,sh600036,11.5200,11.7100,11.5200,11.6500,10382655,1.010408
2003-07-30,sh600036,11.6500,11.7100,11.4000,11.5400,14898773,1.010508
2003-07-31,sh600036,11.5200,11.5600,11.3500,11.4500,12503979,1.010591
2003-08-01,sh600036,11.4500,11.6800,11.4000,11.5600,6885822,1.010490
2003-08-04,sh600036,11.6200,11.7100,11.5500,11.6700,6983772,1.010390
2003-08-05,sh600036,11.6700,11.7000,11.5700,11.6000,4390058,1.010453
2003-08-06,sh600036,11.6000,11.6000,11.4500,11.4600,7062040,1.010582
2003-08-07,sh600036,11.4000,11.7600,11.4000,11.5900,13275648,1.010462
2003-08-08,sh600036,11.5700,11.5900,11.3600,11.4400,9191192,1.010601
2003-08-11,sh600036,11.4400,11.5700,11.3800,11.5200,3971298,1.010526
2003-08-12,sh600036,11.5100,11.6100,11.4400,11.5400,3340211,1.010508
2003-08-13,sh600036,11.5400,11.5400,11.3300,11.3500,8965120,1.010686
2003-08-14,sh600036,11.3500,11.4600,11.1100,11.1200,12617562,1.010909
2003-08-15,sh600036,11.1200,11.2100,10.9000,11.0500,19436915,1.010979
2003-08-18,sh600036,11.0200,11.0700,10.8900,11.0100,4572110,1.011019
2003-08-19,sh600036,11.0200,11.1800,10.9900,11.0400,10138692,1.010989
2003-08-20,sh600036,11.0700,11.1000,10.9400,11.0800,8382452,1.010949
2003-08-21,sh600036,11.0800,11.1100,10.9100,10.9700,5917431,1.011060
2003-08-22,sh600036,10.9500,11.1200,10.8000,10.8200,5999288,1.011215
2003-08-25,sh600036,10.7200,10.8000,10.5700,10.6300,10812966,1.011418
2003-08-26,sh600036,10.1200,10.6100,10.1200,10.4100,8954892,1.011662
2003-08-27,sh600036,10.4100,10.5400,10.2200,10.2300,10265510,1.011869
2003-08-28,sh600036,10.2700,10.3200,10.0600,10.0700,16032685,1.012060
2003-08-29,sh600036,10.0600,10.2900,10.0400,10.2800,10362307,1.011811
2003-09-01,sh600036,10.2800,10.5200,10.2200,10.5200,18689963,1.011538
2003-09-02,sh600036,10.5100,10.5700,10.3000,10.3700,10727727,1.011707
2003-09-03,sh600036,10.3500,10.4400,10.2400,10.2500,7530665,1.011846
2003-09-04,sh600036,10.2400,10.4000,10.2000,10.2700,6835118,1.011823
2003-09-05,sh600036,10.2800,10.3000,10.0200,10.1300,11819505,1.011988
2003-09-08,sh600036,10.1200,10.1900,10.0600,10.1200,9456579,1.012000
2003-09-09,sh600036,10.1300,10.2700,10.0000,10.1200,11095534,1.012000
2003-09-10,sh600036,10.1200,10.2900,10.0900,10.2800,10750757,1.011811
2003-09-11,sh600036,10.3100,10.4600,10.2700,10.3800,10714361,1.011696
2003-09-12,sh600036,10.3200,10.3500,10.0700,10.1000,12179901,1.012024
2003-09-15,sh600036,10.0700,10.1300,9.6600,9.7200,27877304,1.012500
2003-09-16,sh600036,9.7000,9.7200,9.4300,9.6000,23415723,1.012658
2003-09-17,sh600036,9.6000,9.6000,9.4300,9.4800,9323889,1.012821
2003-09-18,sh600036,9.4200,9.6500,9.4000,9.5800,6344465,1.012685
2003-09-19,sh600036,9.5700,9.6700,9.5400,9.6300,3837260,1.012618
2003-09-22,sh600036,9.6500,9.6700,9.3100,9.3200,10427502,1.013043
2003-09-23,sh600036,9.3000,9.5300,9.2500,9.4800,14531572,1.012821
2003-09-24,sh600036,9.4800,9.6800,9.4700,9.5100,7440106,1.012780
2003-09-25,sh600036,9.5400,9.5900,9.4100,9.4900,6829057,1.012807
2003-09-26,sh600036,9.4900,9.5800,9.4500,9.5600,4887864,1.012712
2003-09-29,sh600036,9.5500,9.6200,9.4400,9.4500,8725453,1.012862
2003-09-30,sh600036,9.4700,9.6100,9.3300,9.5000,6033183,1.012793
2003-10-08,sh600036,9.4700,9.6000,9.3900,9.5200,2151301,1.012766
2003-10-09,sh600036,9.5200,9.6000,9.4700,9.4900,1973742,1.012807
2003-10-10,sh600036,9.4500,9.7900,9.3000,9.6200,14357324,1.012632
2003-10-13,sh600036,9.6800,9.8000,9.6000,9.7200,8214196,1.012500
2003-10-14,sh600036,9.7700,9.7900,9.5600,9.6000,8287692,1.012658
2003-10-16,sh600036,9.3200,9.4700,9.2000,9.4100,11242973,1.012917
2003-10-17,sh600036,9.4100,9.4800,9.3000,9.4200,10380772,1.012903
2003-10-20,sh600036,9.3700,9.4400,9.3400,9.3600,4035504,1.012987
2003-10-21,sh600036,9.3500,9.4000,9.1100,9.1700,13036201,1.013260
2003-10-22,sh600036,9.2100,9.6200,9.1500,9.5500,20386161,1.012725
2003-10-23,sh600036,9.5500,9.7600,9.4600,9.5600,16088282,1.012712
2003-10-24,sh600036,9.5600,9.6000,9.4300,9.5600,4245929,1.012712
2003-10-27,sh600036,9.6000,9.6200,9.3800,9.4800,6020366,1.012821
2003-10-28,sh600036,9.4300,9.8000,9.3700,9.7900,14782980,1.012410
2003-10-29,sh600036,9.8000,10.0900,9.7800,10.0800,37248405,1.012048
2003-10-30,sh600036,10.0800,10.0800,9.8600,9.9200,11611028,1.012245
2003-10-31,sh600036,9.8700,9.9900,9.7300,9.8700,10394670,1.012308
2003-11-03,sh600036,9.8200,10.0400,9.7500,9.9800,6768277,1.012170
2003-11-04,sh600036,9.9800,10.5700,9.9800,10.3100,30913072,1.011776
2003-11-05,sh600036,10.3100,10.4000,10.2200,10.2700,11414254,1.011823
2003-11-06,sh600036,10.2700,10.3100,10.0500,10.0800,15875477,1.012048
2003-11-07,sh600036,10.0700,10.0800,9.7300,9.7400,14506546,1.012474
2003-11-10,sh600036,9.7700,9.9700,9.7000,9.8200,14441242,1.012371
2003-11-11,sh600036,9.9000,9.9500,9.6400,9.7600,6803268,1.012448
2003-11-12,sh600036,9.7200,9.7200,9.3700,9.4100,12384495,1.012917
2003-11-13,sh600036,9.3700,9.4800,9.2300,9.3200,7429029,1.013043
2003-11-14,sh600036,9.3700,9.4900,9.3200,9.4300,5590807,1.012889
2003-11-17,sh600036,9.4400,9.4800,9.2400,9.3000,3291203,1.013072
2003-11-18,sh600036,9.3000,9.3500,9.1200,9.2100,8351315,1.013201
2003-11-19,sh600036,9.1800,9.4200,9.1300,9.3700,5931311,1.012973
2003-11-20,sh600036,9.3700,9.6300,9.3100,9.5500,13874275,1.012725
2003-11-21,sh600036,9.5700,9.8600,9.4200,9.4700,13408285,1.012834
2003-11-24,sh600036,9.4500,9.8400,9.4500,9.8200,12968927,1.012371
2003-11-25,sh600036,9.7700,10.1300,9.7700,9.9100,27027780,1.012257
2003-11-26,sh600036,9.9100,9.9300,9.7700,9.9200,8282269,1.012245
2003-11-27,sh600036,9.9200,9.9700,9.6300,9.6700,10136969,1.012565
2003-11-28,sh600036,9.6700,9.8200,9.6600,9.6700,4778051,1.012565
2003-12-01,sh600036,9.7200,10.0700,9.7000,10.0200,17465298,1.012121
2003-12-02,sh600036,10.0700,10.1100,9.8700,9.9000,15228884,1.012270
2003-12-03,sh600036,9.9200,10.0800,9.7100,9.9000,23407244,1.012270
2003-12-04,sh600036,9.9500,10.3400,9.9500,10.3100,55499428,1.011776
2003-12-05,sh600036,10.3200,10.4400,10.2200,10.3200,30582213,1.011765
2003-12-08,sh600036,10.3400,10.5600,10.2400,10.3300,30707480,1.011753
2003-12-09,sh600036,10.3100,10.3300,9.9700,10.1300,23834044,1.011988
2003-12-10,sh600036,11.1200,11.1200,10.4500,10.6800,94886854,1.011364
2003-12-11,sh600036,10.7800,11.1800,10.7800,11.1000,82181543,1.010929
2003-12-12,sh600036,11.1100,11.2400,11.0200,11.1300,55123050,1.010899
2003-12-15,sh600036,11.2300,11.2700,11.0200,11.0400,23182075,1.010989
2003-12-16,sh600036,11.0200,11.0200,10.7400,10.9100,30674840,1.011121
2003-12-17,sh600036,10.9000,11.0900,10.7300,10.7500,21393594,1.011289
2003-12-18,sh600036,10.7100,10.9400,10.6800,10.9100,12406813,1.011121
2003-12-19,sh600036,10.9100,11.1700,10.8200,11.1200,31621698,1.010909
2003-12-22,sh600036,11.1200,11.4600,10.9300,11.4500,59457499,1.010591
2003-12-23,sh600036,11.4300,11.5100,11.2200,11.2800,37447801,1.010753
2003-12-24,sh600036,11.3200,11.6000,11.2700,11.3800,37433155,1.010657
2003-12-25,sh600036,11.3200,11.3900,11.1700,11.2300,32422390,1.010801
2003-12-26,sh600036,11.2200,11.3600,11.1200,11.2000,22837349,1.010830
2003-12-29,sh600036,11.1500,11.2500,11.0200,11.0700,21832173,1.010959
2003-12-30,sh600036,11.0200,11.1600,10.9800,11.0300,18508290,1.010999
2003-12-31,sh600036,11.0700,11.1600,10.8200,10.9300,20529655,1.011101
2004-01-02,sh600036,10.8700,11.1900,10.8500,11.0000,22078799,1.011029
2004-01-05,sh600036,11.0200,11.5600,11.0200,11.5000,36348459,1.010545
2004-01-06,sh600036,11.5500,12.1500,11.5500,11.9100,73529786,1.010178
2004-01-07,sh600036,11.9500,12.2900,11.9100,12.0500,40316410,1.010059
2004-01-08,sh600036,12.0000,12.2000,11.8500,12.1700,29517977,1.009959
2004-01-09,sh600036,12.1700,12.3100,11.7200,11.7700,32296533,1.010300
2004-01-12,sh600036,11.7700,12.2100,11.7700,12.1500,36614321,1.009975
2004-01-13,sh600036,12.2200,12.3200,11.8400,12.0200,40648994,1.010084
2004-01-14,sh600036,12.0100,12.0100,11.6300,11.7400,26050645,1.010327
2004-01-15,sh600036,11.7400,11.8900,11.5700,11.7100,20780179,1.010354
2004-01-16,sh600036,11.7000,11.8500,11.5800,11.7700,15916589,1.010300
2004-01-29,sh600036,11.7300,11.9800,11.6300,11.9800,15855516,1.010118
2004-01-30,sh600036,11.9800,12.0600,11.5500,11.6000,20234664,1.010453
2004-02-02,sh600036,12.1800,12.3700,11.7400,12.0900,70626302,1.010025
2004-02-03,sh600036,12.1000,12.3600,11.9700,12.2200,28744857,1.009917
2004-02-04,sh600036,12.2700,12.6300,12.2700,12.4600,41271598,1.009724
2004-02-05,sh600036,12.4700,12.6600,12.3100,12.4100,31199738,1.009764
2004-02-06,sh600036,12.3700,12.6400,12.1800,12.3600,44461352,1.009804
2004-02-09,sh600036,12.3400,12.6300,12.3000,12.5500,34309614,1.009654
2004-02-10,sh600036,12.6000,12.6700,12.2600,12.3100,23605176,1.009844
2004-02-11,sh600036,12.3200,12.3800,12.0400,12.1000,19639203,1.010017
2004-02-12,sh600036,12.1100,12.2200,11.8200,11.8700,32316924,1.010213
2004-02-13,sh600036,11.8700,12.1200,11.8200,11.8800,27075120,1.010204
2004-02-16,sh600036,11.9200,12.4200,11.9200,12.4100,40475701,1.009764
2004-02-17,sh600036,12.4700,12.6900,12.3600,12.4000,71967517,1.009772
2004-02-18,sh600036,12.6000,12.7800,12.1400,12.2700,46803969,1.009877
2004-02-19,sh600036,12.2900,12.4400,12.0200,12.0900,29034814,1.010025
2004-02-20,sh600036,12.1200,12.3700,12.0000,12.2600,27291556,1.009885
2004-02-23,sh600036,12.2800,12.3200,11.7100,11.7800,57826709,1.010292
2004-02-24,sh600036,11.8500,11.8700,11.4200,11.6200,34031957,1.010435
2004-02-25,sh600036,11.6200,11.7000,11.2000,11.2800,51423929,1.010753
2004-02-26,sh600036,11.3200,11.4000,11.2400,11.3900,27962112,1.010648
2004-02-27,sh600036,11.4000,11.4700,11.2000,11.2700,27496015,1.010762
2004-03-01,sh600036,11.2700,11.3300,10.9600,11.1800,30649509,1.010850
2004-03-02,sh600036,11.2700,11.4000,11.1700,11.2700,23144782,1.010762
2004-03-03,sh600036,11.3100,11.3700,11.1400,11.1500,18910230,1.010879
2004-03-04,sh600036,11.1200,11.2300,11.0000,11.2200,18744857,1.010811
2004-03-05,sh600036,11.2200,11.2900,11.0300,11.1000,12879852,1.010929
2004-03-08,sh600036,11.0700,11.1100,10.7700,10.7800,18642975,1.011257
2004-03-09,sh600036,10.7800,10.9400,10.7000,10.8100,13634538,1.011225
2004-03-10,sh600036,10.8700,11.1800,10.8400,11.1600,14847694,1.010870
2004-03-11,sh600036,11.2000,11.2700,11.0800,11.1300,20283419,1.010899
2004-03-12,sh600036,11.1700,11.2300,10.9600,11.0000,11629112,1.011029
2004-03-15,sh600036,11.0000,11.3900,11.0000,11.3800,34476041,1.010657
2004-03-16,sh600036,11.4700,11.4800,11.2200,11.3200,20451548,1.010714
2004-03-17,sh600036,11.3400,11.4700,11.2700,11.4100,21203226,1.010629
2004-03-18,sh600036,11.4700,11.5500,11.1800,11.2700,24624689,1.010762
2004-03-22,sh600036,11.4200,11.5900,11.2900,11.4400,30113347,1.010601
2004-03-23,sh600036,11.4400,11.4700,11.1500,11.2600,26015367,1.010772
2004-03-24,sh600036,11.2400,11.2500,11.0500,11.1900,20699610,1.010840
2004-03-25,sh600036,11.3200,11.4700,11.1700,11.2400,23856995,1.010791
2004-03-26,sh600036,11.2500,11.3500,11.1300,11.2800,10081072,1.010753
2004-03-29,sh600036,11.2800,11.3500,11.2000,11.2300,9654286,1.010801
2004-03-30,sh600036,11.2200,11.2200,10.9800,11.1000,13131931,1.010929
2004-03-31,sh600036,11.1000,11.1600,11.0000,11.0700,11092989,1.010959
2004-04-01,sh600036,11.0800,11.3200,11.0800,11.2800,12038551,1.010753
2004-04-02,sh600036,11.2800,11.3900,11.2800,11.3600,21539058,1.010676
2004-04-05,sh600036,11.3800,11.4300,11.2000,11.2700,19472441,1.010762
2004-04-06,sh600036,11.2700,11.2700,11.0500,11.2500,15850474,1.010782
2004-04-07,sh600036,11.2500,11.3100,11.0700,11.1100,18341951,1.010919
2004-04-08,sh600036,11.1000,11.1300,10.8700,10.9800,35421494,1.011050
2004-04-09,sh600036,11.0800,11.1000,10.7200,10.8000,35665380,1.011236
2004-04-12,sh600036,10.7000,10.8100,10.5900,10.7100,22960270,1.011331
2004-04-13,sh600036,10.7000,10.8200,10.6000,10.6300,13468521,1.011418
2004-04-14,sh600036,10.6200,10.6300,10.3900,10.4700,17254133,1.011594
2004-04-15,sh600036,10.4600,10.5900,10.3500,10.4300,12092157,1.011639
2004-04-16,sh600036,10.4500,10.6500,10.4100,10.5600,13909120,1.011494
2004-04-19,sh600036,10.5800,10.6200,10.4200,10.4300,8076198,1.011639
2004-04-20,sh600036,10.4200,10.7700,10.4100,10.6500,22227169,1.011396
2004-04-21,sh600036,10.7000,10.8400,10.5100,10.5200,21330954,1.011538
2004-04-22,sh600036,10.5300,10.6800,10.4700,10.6100,17755397,1.011439
2004-04-23,sh600036,10.6000,10.6000,10.4000,10.4600,10402651,1.011605
2004-04-26,sh600036,10.4600,10.5600,10.4200,10.5100,7726802,1.011550
2004-04-27,sh600036,10.5200,10.6900,10.5000,10.6300,16278010,1.011418
2004-04-28,sh600036,10.7000,10.9000,10.4500,10.8200,34304202,1.011215
2004-04-29,sh600036,10.7700,11.1100,10.7200,10.9500,47615360,1.011080
2004-04-30,sh600036,10.9400,11.1900,10.8900,11.0400,50779555,1.010989
2004-05-10,sh600036,11.0400,11.0700,10.6900,10.7200,12623825,1.011321
2004-05-11,sh600036,10.7120,11.0120,10.6640,10.9400,8466520,1.223714
2004-05-12,sh600036,10.8920,11.1800,10.8440,11.1200,15620800,1.223322
2004-05-13,sh600036,11.1320,11.1680,11.0240,11.1200,12256712,1.223322
2004-05-14,sh600036,11.1200,11.1200,10.8680,10.9400,16299586,1.223714
2004-05-17,sh600036,10.9280,11.0000,10.5800,10.6160,15456926,1.224452
2004-05-18,sh600036,10.5920,10.7240,10.3640,10.6640,15287359,1.224340
2004-05-19,sh600036,10.7120,10.9640,10.5560,10.7360,11578104,1.224173
2004-05-20,sh600036,10.7360,11.0720,10.7360,10.8800,14696785,1.223847
2004-05-21,sh600036,10.8920,11.0240,10.8080,10.9520,8197236,1.223687
2004-05-24,sh600036,11.0120,11.0960,10.8920,11.0000,9982433,1.223582
2004-05-25,sh600036,11.0000,11.0000,10.7960,10.8680,7161041,1.223874
2004-05-26,sh600036,10.8680,10.9280,10.7120,10.8680,8625692,1.223874
2004-05-27,sh600036,10.8920,11.1440,10.8200,11.0840,25086573,1.223400
2004-05-28,sh600036,11.1200,11.1440,10.9640,11.0240,10531495,1.223529
2004-05-31,sh600036,11.0480,11.2040,11.0120,11.1080,12412382,1.223348
2004-06-01,sh600036,11.1080,11.3600,11.0840,11.3360,24317540,1.222869
2004-06-02,sh600036,11.3720,11.4440,11.2520,11.2760,21111313,1.222993
2004-06-03,sh600036,11.2640,11.2880,11.0000,11.0120,13364463,1.223556
2004-06-04,sh600036,10.9880,11.0840,10.9640,10.9760,7970930,1.223634
2004-06-07,sh600036,10.9760,11.0120,10.7240,10.7960,11964970,1.224036
2004-06-08,sh600036,10.7840,10.9400,10.5800,10.6400,19908228,1.224396
2004-06-09,sh600036,10.6400,10.7960,10.5320,10.6880,20170391,1.224284
2004-06-10,sh600036,10.6640,10.7720,10.4480,10.5800,24055966,1.224537
2004-06-11,sh600036,10.5920,10.8080,10.4360,10.4960,18494926,1.224737
2004-06-14,sh600036,10.4720,10.5440,10.3760,10.4120,16258368,1.224941
2004-06-15,sh600036,10.3520,10.9520,10.3400,10.7360,22062738,1.224173
2004-06-16,sh600036,10.7120,10.8680,10.5080,10.6640,16553211,1.224340
2004-06-17,sh600036,10.7120,10.7120,10.4120,10.4600,7984385,1.224824
2004-06-18,sh600036,10.4120,10.5320,10.0880,10.1840,19223850,1.225511
2004-06-21,sh600036,10.1600,10.2200,10.0880,10.1720,10131820,1.225542
2004-06-22,sh600036,10.1720,10.4360,10.1240,10.3160,11526517,1.225178
2004-06-23,sh600036,10.3280,10.3400,10.2200,10.2320,10279010,1.225389
2004-06-24,sh600036,10.2920,10.3520,10.2080,10.2440,6026181,1.225359
2004-06-28,sh600036,10.0760,10.1840,10.0520,10.1360,9274300,1.225635
2004-06-29,sh600036,10.1120,10.4600,10.1000,10.3760,7717058,1.225030
2004-06-30,sh600036,10.4000,10.4960,10.2320,10.3880,9980885,1.225000
2004-07-01,sh600036,10.3880,10.6880,10.3520,10.6160,14224125,1.224452
2004-07-02,sh600036,10.6160,10.7840,10.5440,10.6880,9504954,1.224284
2004-07-05,sh600036,10.6880,10.7480,10.5200,10.6520,7702847,1.224368
2004-07-06,sh600036,10.6520,10.9280,10.6400,10.7600,17330546,1.224118
2004-07-07,sh600036,10.7600,10.7600,10.6520,10.6640,4972365,1.224340
2004-07-08,sh600036,10.6520,10.8440,10.6040,10.8200,9172396,1.223982
2004-07-09,sh600036,10.8080,10.9640,10.7960,10.8680,12662727,1.223874
2004-07-12,sh600036,10.7960,10.8200,10.5920,10.7120,9826599,1.224229
2004-07-13,sh600036,10.6520,10.8560,10.6520,10.8200,5843020,1.223982
2004-07-14,sh600036,10.8680,10.9640,10.7840,10.9520,12276893,1.223687
2004-07-15,sh600036,10.9520,11.1920,10.8920,11.1560,21741216,1.223246
2004-07-16,sh600036,11.1680,11.3240,11.1200,11.2520,28462174,1.223043
2004-07-19,sh600036,11.2640,11.3480,11.1920,11.2760,15732900,1.222993
2004-07-20,sh600036,11.2520,11.3720,11.1560,11.2160,15425447,1.223119
2004-07-21,sh600036,11.2040,11.3120,11.1560,11.2520,6696422,1.223043
2004-07-22,sh600036,11.2520,11.2880,10.7720,10.8440,18390974,1.223928
2004-07-23,sh600036,10.8440,10.9760,10.7480,10.9640,15247988,1.223661
2004-07-26,sh600036,10.9280,11.0360,10.7360,10.8200,6607540,1.223982
2004-07-27,sh600036,10.8200,10.8920,10.5920,10.6400,11101927,1.224396
2004-07-28,sh600036,10.5920,10.7720,10.5440,10.7120,8887066,1.224229
2004-07-29,sh600036,10.7120,11.0120,10.7120,10.9400,11779386,1.223714
2004-07-30,sh600036,10.9880,11.0360,10.8920,10.9520,8058528,1.223687
2004-08-02,sh600036,10.9040,11.0600,10.7840,10.9880,8550863,1.223608
2004-08-03,sh600036,10.8680,11.0240,10.7480,10.7840,7834010,1.224064
2004-08-04,sh600036,10.7240,11.3720,10.5920,11.1080,23104297,1.223348
2004-08-05,sh600036,11.0120,11.1800,10.9040,10.9040,7026371,1.223793
2004-08-06,sh600036,10.9040,11.1920,10.8560,10.9400,3805688,1.223714
2004-08-09,sh600036,10.9400,11.3120,10.8920,11.2040,15105620,1.223144
2004-08-10,sh600036,11.2400,11.3960,11.1800,11.3360,23237630,1.222869
2004-08-11,sh600036,11.3600,11.3600,11.1080,11.1560,11337390,1.223246
2004-08-12,sh600036,11.1080,11.2400,10.9760,11.2040,11841552,1.223144
2004-08-13,sh600036,11.1560,11.4320,11.0600,11.3480,24959822,1.222845
2004-08-16,sh600036,11.3480,11.3960,11.2520,11.2640,11877912,1.223018
2004-08-17,sh600036,11.2520,11.4320,11.1800,11.3600,13452359,1.222820
2004-08-18,sh600036,11.3720,11.6720,11.3480,11.4800,29226381,1.222577
2004-08-19,sh600036,11.4800,11.5640,11.3480,11.4680,14294900,1.222601
2004-08-20,sh600036,11.4440,11.6240,11.3960,11.5160,16065242,1.222505
2004-08-23,sh600036,11.5040,11.5520,11.1800,11.3120,18514189,1.222919
2004-08-24,sh600036,11.2520,11.4920,11.1680,11.3240,11557679,1.222894
2004-08-25,sh600036,11.2880,11.3600,11.1320,11.2280,10121783,1.223094
2004-08-26,sh600036,11.2040,11.3360,11.1080,11.2520,5130271,1.223043
2004-08-27,sh600036,11.3000,11.3240,11.1320,11.2280,6706755,1.223094
2004-08-30,sh600036,11.1320,11.3000,10.9880,11.1560,7779155,1.223246
2004-08-31,sh600036,11.3120,11.4680,11.1680,11.2880,14277496,1.222969
2004-09-01,sh600036,11.2520,11.2520,10.9640,11.0240,11990510,1.223529
2004-09-02,sh600036,11.0000,11.0000,10.7720,10.9640,18915474,1.223661
2004-09-03,sh600036,10.9520,11.0120,10.8440,10.9160,3606746,1.223767
2004-09-06,sh600036,10.9040,10.9040,10.8200,10.8440,5957721,1.223928
2004-09-07,sh600036,10.8320,11.0360,10.7960,11.0120,5491021,1.223556
2004-09-08,sh600036,11.0240,11.0840,10.7600,10.9280,7716589,1.223740
2004-09-09,sh600036,10.8920,10.9760,10.7120,10.7480,8054913,1.224146
2004-09-10,sh600036,10.7480,10.9040,10.5800,10.8320,6953659,1.223955
2004-09-13,sh600036,10.8320,10.8320,10.5680,10.6880,6216001,1.224284
2004-09-14,sh600036,10.6880,11.0840,10.6880,10.9400,13872760,1.223714
2004-09-15,sh600036,10.9640,11.5040,10.9160,11.3360,48837638,1.222869
2004-09-16,sh600036,11.4920,11.6240,11.3720,11.4560,29349855,1.222625
2004-09-17,sh600036,11.4920,11.8160,11.3480,11.7560,49030289,1.222037
2004-09-20,sh600036,11.8280,12.0680,11.7800,12.0080,74642641,1.221567
2004-09-21,sh600036,12.0320,12.0320,11.6720,11.7440,44949680,1.222060
2004-09-22,sh600036,11.6120,11.7800,11.3360,11.4080,63822110,1.222722
2004-09-23,sh600036,11.4320,12.0080,11.3480,11.9960,39028676,1.221589
2004-09-24,sh600036,12.1520,12.2360,11.5760,11.6000,79002719,1.222339
2004-09-27,sh600036,11.7200,11.8040,11.4080,11.4920,34341711,1.222553
2004-09-28,sh600036,11.5160,11.6120,11.3480,11.4920,13922347,1.222553
2004-09-29,sh600036,11.4920,11.6480,11.4680,11.4920,12460036,1.222553
2004-09-30,sh600036,11.4920,11.5640,11.3720,11.4440,10394081,1.222650
2004-10-08,sh600036,11.3720,11.4080,11.0600,11.3600,19993160,1.222820
2004-10-11,sh600036,11.3600,11.4320,11.0720,11.1200,27285747,1.223322
2004-10-12,sh600036,11.0720,11.1080,10.8200,10.8560,24706540,1.223901
2004-10-13,sh600036,10.8680,11.0360,10.8560,10.8920,15083092,1.223820
2004-10-14,sh600036,10.8920,10.9520,10.7360,10.7600,20330540,1.224118
2004-10-15,sh600036,10.7360,10.9280,10.6880,10.8680,12529634,1.223874
2004-10-18,sh600036,10.9880,11.0000,10.6760,10.8320,8619185,1.223955
2004-10-19,sh600036,10.8680,11.1080,10.7720,10.8440,10811856,1.223928
2004-10-20,sh600036,10.8440,10.8800,10.5080,10.5920,22072735,1.224509
2004-10-21,sh600036,10.5440,10.5680,10.1120,10.1120,49111694,1.225697
2004-10-22,sh600036,10.1000,10.4120,10.0880,10.3040,20753051,1.225208
2004-10-25,sh600036,10.4120,10.5920,10.2800,10.2800,16890284,1.225268
2004-10-26,sh600036,10.2800,10.7000,10.2440,10.6640,19876605,1.224340
2004-10-27,sh600036,10.6760,10.9040,10.6040,10.8800,16618145,1.223847
2004-10-28,sh600036,10.8800,10.9040,10.6520,10.7120,9541784,1.224229
2004-10-29,sh600036,10.8920,11.4680,10.8080,10.8320,31302854,1.223955
2004-11-01,sh600036,10.8920,11.0360,10.7840,10.8320,17017542,1.223955
2004-11-02,sh600036,10.8440,10.8920,10.5800,10.7480,9365862,1.224146
2004-11-03,sh600036,10.8320,11.0360,10.7720,10.9640,25950783,1.223661
2004-11-04,sh600036,10.8800,11.1680,10.7480,10.8080,22655620,1.224009
2004-11-05,sh600036,10.8200,11.0000,10.8200,10.9760,8057498,1.223634
2004-11-08,sh600036,10.8920,10.9880,10.7480,10.9520,6187129,1.223687
2004-11-09,sh600036,10.9520,11.0360,10.8680,10.9520,6075536,1.223687
2004-11-10,sh600036,10.9520,11.2880,10.8320,11.1320,32071202,1.223297
2004-11-11,sh600036,11.1560,11.3360,10.9760,11.0120,15479354,1.223556
2004-11-12,sh600036,11.0240,11.1920,11.0120,11.0600,7610889,1.223451
2004-11-15,sh600036,11.0960,11.1920,10.7120,10.8680,23028408,1.223874
2004-11-16,sh600036,10.9520,11.0000,10.8560,10.9880,9431756,1.223608
2004-11-17,sh600036,11.0120,11.0240,10.8440,10.8800,6268225,1.223847
2004-11-18,sh600036,10.8800,10.9040,10.7840,10.8560,4246651,1.223901
2004-11-19,sh600036,10.8920,11.0840,10.8680,11.0120,7639187,1.223556
2004-11-22,sh600036,11.0120,11.0840,10.8920,10.9640,8715400,1.223661
2004-11-23,sh600036,10.9880,10.9880,10.8080,10.8320,6696285,1.223955
2004-11-24,sh600036,10.8200,10.9400,10.7840,10.8080,6266642,1.224009
2004-11-25,sh600036,10.8920,10.9040,10.7600,10.7840,4354960,1.224064
2004-11-26,sh600036,10.7840,10.8560,10.7120,10.7600,3481364,1.224118
2004-11-29,sh600036,10.7360,10.8920,10.7240,10.7480,5879994,1.224146
2004-11-30,sh600036,10.7480,10.8440,10.6280,10.6400,6481400,1.224396
2004-12-01,sh600036,10.6400,10.7120,10.5920,10.6520,3873704,1.224368
2004-12-02,sh600036,10.6520,10.6640,10.4480,10.4960,9231056,1.224737
2004-12-03,sh600036,10.5080,10.6280,10.4360,10.4960,2479429,1.224737
2004-12-06,sh600036,10.5320,10.5920,10.3880,10.5080,5160158,1.224709
2004-12-07,sh600036,10.5320,10.6280,10.4840,10.5320,4103348,1.224651
2004-12-08,sh600036,10.7600,10.7600,10.5440,10.6160,4383984,1.224452
2004-12-09,sh600036,10.6280,10.8920,10.4720,10.6400,15426097,1.224396
2004-12-10,sh600036,10.6040,10.7360,10.5560,10.6400,8818546,1.224396
2004-12-13,sh600036,10.5560,10.6520,10.4720,10.5920,3961594,1.224509
2004-12-14,sh600036,10.5800,10.6760,10.5080,10.5800,6536150,1.224537
2004-12-15,sh600036,10.5560,10.7720,10.4720,10.5920,5282202,1.224509
2004-12-16,sh600036,10.5920,10.8440,10.5080,10.6880,11540141,1.224284
2004-12-17,sh600036,10.6880,10.7000,10.5200,10.5800,5490682,1.224537
2004-12-20,sh600036,10.5320,10.5920,10.3640,10.4360,15209654,1.224883
2004-12-21,sh600036,10.4240,10.4960,10.3520,10.3880,7117964,1.225000
2004-12-22,sh600036,10.4720,10.6040,10.3880,10.5920,7492150,1.224509
2004-12-23,sh600036,10.6280,10.6520,10.4720,10.4840,5264214,1.224766
2004-12-24,sh600036,10.5080,10.5200,10.3880,10.4360,5465678,1.224883
2004-12-27,sh600036,10.4120,10.4600,10.1240,10.1720,14018041,1.225542
2004-12-28,sh600036,10.1600,10.2680,10.1000,10.2320,9561153,1.225389
2004-12-29,sh600036,10.2320,10.3040,10.1240,10.1600,4526110,1.225573
2004-12-30,sh600036,10.1600,10.2440,10.1120,10.1720,16055290,1.225542
2004-12-31,sh600036,10.4120,10.4120,10.1120,10.2320,10648960,1.225389
2005-01-04,sh600036,10.1600,10.1840,9.9440,10.0160,13427957,1.225949
2005-01-05,sh600036,10.0520,10.0760,9.9080,10.0160,15455058,1.225949
2005-01-06,sh600036,10.0400,10.0400,9.7880,9.8240,16996202,1.226467
2005-01-07,sh600036,9.8240,9.9440,9.7880,9.8240,4669189,1.226467
2005-01-10,sh600036,9.9080,10.2200,9.8120,10.1720,10362551,1.225542
2005-01-11,sh600036,10.1600,10.1960,10.0880,10.1480,6421913,1.225604
2005-01-12,sh600036,10.1600,10.2200,10.0880,10.1960,2839033,1.225481
2005-01-13,sh600036,10.1960,10.1960,10.0400,10.1240,5237281,1.225666
2005-01-14,sh600036,10.1240,10.3520,10.0520,10.1000,7629562,1.225728
2005-01-17,sh600036,9.9560,10.1000,9.8000,9.8360,10010342,1.226434
2005-01-18,sh600036,9.8360,9.9440,9.7280,9.9080,11761700,1.226238
2005-01-19,sh600036,9.9200,9.9320,9.8000,9.8960,3500446,1.226270
2005-01-20,sh600036,9.8720,9.9920,9.8240,9.9080,6780985,1.226238
2005-01-21,sh600036,9.8720,10.6520,9.8240,10.4120,31670671,1.224941
2005-01-24,sh600036,10.4720,10.5920,10.3160,10.5320,25678464,1.224651
2005-01-25,sh600036,10.5080,10.5080,10.3760,10.4240,10660982,1.224912
2005-01-26,sh600036,10.4480,10.7120,10.4240,10.4720,19499464,1.224795
2005-01-27,sh600036,10.4600,10.4960,10.2680,10.2920,6018024,1.225238
2005-01-28,sh600036,10.2800,10.3640,10.2080,10.3400,3963048,1.225118
2005-01-31,sh600036,10.2920,10.4480,10.2440,10.3880,5297014,1.225000
2005-02-01,sh600036,10.3760,10.5920,10.3400,10.5320,9302024,1.224651
2005-02-02,sh600036,10.5320,10.8920,10.5320,10.8320,34682967,1.223955
2005-02-03,sh600036,10.7960,10.8680,10.6520,10.6640,17287486,1.224340
2005-02-04,sh600036,10.6640,11.3000,10.6280,11.1080,41177684,1.223348
2005-02-16,sh600036,11.1320,11.2760,11.0480,11.0840,15101748,1.223400
2005-02-17,sh600036,11.1320,11.1320,10.8680,10.9640,10609472,1.223661
2005-02-18,sh600036,10.9520,11.0120,10.7120,10.7840,8756215,1.224064
2005-02-21,sh600036,10.7720,11.0480,10.7720,11.0360,13457174,1.223503
2005-02-22,sh600036,11.0480,11.1920,10.9520,11.1200,10616408,1.223322
2005-02-23,sh600036,11.1080,11.1080,10.8440,10.8920,18707957,1.223820
2005-02-24,sh600036,10.8920,10.9880,10.7480,10.8800,11898113,1.223847
2005-02-25,sh600036,10.8680,11.0600,10.8440,10.9760,15822510,1.223634
2005-02-28,sh600036,10.9760,10.9760,10.6280,10.6760,17343698,1.224312
2005-03-01,sh600036,10.6520,10.7240,10.5800,10.7000,6314711,1.224256
2005-03-02,sh600036,10.6880,10.7960,10.5080,10.5320,11656766,1.224651
2005-03-03,sh600036,10.5320,10.6400,10.4720,10.6040,9285209,1.224480
2005-03-04,sh600036,10.6040,10.6520,10.5080,10.5920,4072672,1.224509
2005-03-07,sh600036,10.5920,10.7480,10.5680,10.7360,6234158,1.224173
2005-03-08,sh600036,10.7720,10.8320,10.6400,10.7840,12644640,1.224064
2005-03-09,sh600036,10.7960,10.7960,10.4480,10.4960,20168249,1.224737
2005-03-10,sh600036,10.4840,10.5440,10.3160,10.3520,17127141,1.225089
2005-03-11,sh600036,10.3520,10.4480,10.3280,10.3640,8142855,1.225059
2005-03-14,sh600036,10.3760,10.5080,10.2680,10.4240,16737743,1.224912
2005-03-15,sh600036,10.3880,10.4600,10.1840,10.2200,13019073,1.225420
2005-03-16,sh600036,10.2440,10.3400,10.1480,10.2080,9043293,1.225450
2005-03-17,sh600036,10.1720,10.3520,10.1600,10.2320,10716145,1.225389
2005-03-18,sh600036,10.2200,10.4480,10.2080,10.3520,11144207,1.225089
2005-03-21,sh600036,10.3760,10.5560,10.3640,10.4240,8351207,1.224912
2005-03-22,sh600036,10.4360,10.4480,10.2320,10.3400,10192381,1.225118
2005-03-23,sh600036,10.3280,10.5920,10.2680,10.4840,10987842,1.224766
2005-03-24,sh600036,10.4840,10.6280,10.4120,10.5200,11180675,1.224680
2005-03-25,sh600036,10.5080,10.5200,10.3880,10.4720,5490536,1.224795
2005-03-28,sh600036,10.4720,10.5680,10.3760,10.5560,7111180,1.224594
2005-03-29,sh600036,10.6040,10.6400,10.5320,10.6040,8859928,1.224480
2005-03-30,sh600036,10.6040,10.6640,10.4480,10.4720,14031431,1.224795
2005-03-31,sh600036,10.5320,10.6040,10.2920,10.5920,14975465,1.224509
2005-04-01,sh600036,10.5560,11.1920,10.5560,10.8800,40674102,1.223847
2005-04-04,sh600036,10.8320,10.8440,10.6760,10.7600,11763041,1.224118
2005-04-05,sh600036,10.6760,10.7840,10.6400,10.7600,9743907,1.224118
2005-04-06,sh600036,10.7600,11.1080,10.7000,11.0000,18208769,1.223582
2005-04-07,sh600036,11.0000,11.6240,10.9280,11.1920,50166162,1.223169
2005-04-08,sh600036,11.1560,11.3240,11.0120,11.3120,19443107,1.222919
2005-04-11,sh600036,11.3840,11.4800,11.1320,11.1800,31694819,1.223195
2005-04-12,sh600036,11.1800,11.2760,11.0120,11.0240,14744610,1.223529
2005-04-13,sh600036,11.2400,11.4320,11.0960,11.1560,21543262,1.223246
2005-04-14,sh600036,11.1920,11.2160,10.9400,10.9640,15116277,1.223661
2005-04-15,sh600036,10.9520,10.9640,10.8200,10.9040,13293191,1.223793
2005-04-18,sh600036,10.8920,10.9760,10.8320,10.9160,6732922,1.223767
2005-04-19,sh600036,10.9400,11.1800,10.9400,11.0840,15483757,1.223400
2005-04-20,sh600036,11.0720,11.0720,10.8680,10.9400,11328666,1.223714
2005-04-21,sh600036,10.9160,11.1320,10.8920,11.0000,15485909,1.223582
2005-04-22,sh600036,10.9880,11.2280,10.9640,11.1560,14582436,1.223246
2005-04-25,sh600036,11.1320,11.2280,11.0720,11.2160,12541981,1.223119
2005-04-26,sh600036,11.2160,11.2400,10.9520,11.0720,13450743,1.223425
2005-04-27,sh600036,11.1560,11.2520,11.0600,11.1440,12129975,1.223271
2005-04-28,sh600036,11.1440,11.3480,10.9160,11.2640,20037314,1.223018
2005-04-29,sh600036,11.2520,11.5760,11.1920,11.3720,26176163,1.222796
2005-05-09,sh600036,11.4320,11.5160,11.1440,11.1920,14739294,1.223169
2005-05-10,sh600036,11.1920,11.3360,11.1560,11.3000,14602941,1.222944
2005-05-11,sh600036,11.3000,11.4560,11.1320,11.1440,13504770,1.223271
2005-05-12,sh600036,11.0720,11.0720,10.5200,10.5320,34236594,1.224651
2005-05-13,sh600036,10.5080,10.8320,10.4720,10.7240,16840804,1.224201
2005-05-16,sh600036,10.6760,10.7480,10.5920,10.6520,6751521,1.224368
2005-05-18,sh600036,10.7360,10.8680,10.6520,10.7480,7299243,1.224146
2005-05-19,sh600036,10.7960,10.8920,10.6280,10.7720,7401951,1.224091
2005-05-20,sh600036,10.7720,10.8800,10.6760,10.7480,7221620,1.224146
2005-05-23,sh600036,10.7480,10.7480,10.3160,10.3760,17351459,1.225030
2005-05-24,sh600036,10.3520,10.5320,10.2320,10.4480,11642458,1.224853
2005-05-25,sh600036,10.4480,10.7240,10.4000,10.5680,16400145,1.224565
2005-05-26,sh600036,10.5320,10.6400,10.3520,10.4720,7088712,1.224795
2005-05-27,sh600036,10.4120,10.5920,10.2800,10.3760,9798851,1.225030
2005-05-30,sh600036,10.3880,10.4000,10.1840,10.2920,9800749,1.225238
2005-05-31,sh600036,10.2920,10.4720,10.2920,10.4120,9556371,1.224941
2005-06-01,sh600036,10.4000,10.4720,10.1360,10.2080,10730002,1.225450
2005-06-02,sh600036,10.2200,10.2560,9.7280,9.8360,34453314,1.226434
2005-06-03,sh600036,9.8360,10.1480,9.8240,10.0160,17359248,1.225949
2005-06-06,sh600036,10.0160,10.2920,9.9680,10.2680,14849113,1.225298
2005-06-07,sh600036,10.2680,10.5080,10.1720,10.2440,17085253,1.225359
2005-06-08,sh600036,11.0120,11.0120,10.5320,10.9280,58497576,1.223740
2005-06-09,sh600036,10.9280,11.0720,10.6880,10.7960,41973689,1.224036
2005-06-10,sh600036,10.8320,11.1920,10.7480,10.8920,43513306,1.223820
2005-06-13,sh600036,11.0120,11.0360,10.6280,10.8680,15953065,1.223874
2005-06-14,sh600036,10.9880,11.0600,10.6880,10.6880,19545336,1.224284
2005-06-15,sh600036,10.6640,10.7480,10.4960,10.5080,17620861,1.224709
2005-06-16,sh600036,10.5320,10.9520,10.5320,10.8320,24238555,1.223955
2005-06-17,sh600036,10.8680,11.0240,10.7720,10.8920,29060331,1.223820
2005-06-20,sh600036,10.9640,11.5760,10.9280,11.4860,50869043,1.855574
2005-06-21,sh600036,11.4680,11.4860,11.1260,11.1800,30281840,1.857143
2005-06-22,sh600036,11.1620,11.5580,11.1440,11.5040,39466295,1.855484
2005-06-23,sh600036,11.5220,11.5760,11.3420,11.3600,26928466,1.856209
2005-06-24,sh600036,11.3420,11.4140,11.1440,11.3960,30930909,1.856026
2005-06-27,sh600036,11.4860,11.6840,11.4860,11.5940,41992857,1.855040
2005-06-28,sh600036,11.5040,11.5400,11.3780,11.4500,17308312,1.855754
2005-06-29,sh600036,11.4320,11.4860,11.2340,11.2700,23779441,1.856672
2005-06-30,sh600036,11.2520,11.4140,11.0540,11.2520,23237589,1.856766
2005-07-01,sh600036,11.0900,11.1800,10.9280,11.0000,18192552,1.858108
2005-07-04,sh600036,10.9640,11.1620,10.8920,11.1440,8391485,1.857333
2005-07-05,sh600036,11.1440,11.1800,10.9460,11.1260,13815357,1.857429
2005-07-06,sh600036,11.1440,11.2520,11.0360,11.0720,11463599,1.857718
2005-07-07,sh600036,11.0720,11.1080,10.9640,11.0180,9017976,1.858010
2005-07-08,sh600036,11.0360,11.0540,10.8920,10.9640,10720330,1.858305
2005-07-11,sh600036,11.1620,11.3240,11.0000,11.0540,16239517,1.857815
2005-07-12,sh600036,11.0540,12.0080,10.9640,11.6840,94501533,1.854603
2005-07-13,sh600036,11.5940,11.7200,11.5040,11.5580,29756129,1.855217
2005-07-14,sh600036,11.5400,11.7740,11.5040,11.6660,34848315,1.854690
2005-07-15,sh600036,11.6660,11.8100,11.5940,11.6480,23403546,1.854777
2005-07-18,sh600036,11.6120,11.7200,11.5580,11.6840,17111016,1.854603
2005-07-19,sh600036,11.6660,11.8460,11.5940,11.6840,32332928,1.854603
2005-07-20,sh600036,11.6480,11.7740,11.6120,11.7380,24662765,1.854344
2005-07-21,sh600036,11.7200,11.7560,11.6300,11.7200,13482549,1.854430
2005-07-22,sh600036,11.7920,12.2960,11.7560,12.1700,104903307,1.852359
2005-07-25,sh600036,12.1340,12.3680,12.0440,12.1520,51752688,1.852439
2005-07-26,sh600036,12.1520,12.5120,12.1340,12.3500,65971626,1.851574
2005-07-27,sh600036,12.3500,12.4580,12.1880,12.4220,53649781,1.851267
2005-07-28,sh600036,12.4220,12.6020,12.3320,12.4220,65601242,1.851267
2005-07-29,sh600036,12.4040,12.5300,12.3500,12.4400,37767115,1.851190
2005-08-01,sh600036,12.4400,12.6560,12.2240,12.3320,44281693,1.851652
2005-08-02,sh600036,12.3500,12.5660,12.2780,12.5480,35233115,1.850737
2005-08-03,sh600036,12.5840,12.6920,12.4760,12.4940,57775135,1.850963
2005-08-04,sh600036,12.4400,12.4940,12.3140,12.3320,27223665,1.851652
2005-08-05,sh600036,12.3320,12.6740,12.3320,12.6560,56509461,1.850292
2005-08-08,sh600036,12.6740,12.8360,12.6200,12.6740,54900990,1.850219
2005-08-09,sh600036,12.6740,12.6920,12.4580,12.6200,48043381,1.850440
2005-08-10,sh600036,12.6200,12.8000,12.5660,12.7100,44713034,1.850073
2005-08-11,sh600036,12.7100,13.1240,12.6560,13.1060,92321582,1.848519
2005-08-12,sh600036,13.1240,13.1420,12.5840,12.7280,81278144,1.850000
2005-08-15,sh600036,12.7640,12.9800,12.6380,12.9440,61426374,1.849143
2005-08-16,sh600036,12.9440,13.0160,12.5840,12.6560,57638564,1.850292
2005-08-17,sh600036,12.6200,12.8180,12.4400,12.7460,39267690,1.849927
2005-08-18,sh600036,12.7460,12.7820,12.1880,12.2780,70591430,1.851885
2005-08-19,sh600036,12.3140,12.4940,12.1880,12.3680,37749846,1.851497
2005-08-22,sh600036,12.3680,12.5300,12.3140,12.4400,28007033,1.851190
2005-08-23,sh600036,12.4940,12.5120,12.2420,12.3140,28856546,1.851729
2005-08-24,sh600036,12.2780,12.6380,12.2600,12.4400,40158341,1.851190
2005-08-25,sh600036,12.4040,12.5840,12.3860,12.4580,19102740,1.851114
2005-08-26,sh600036,12.4940,12.7100,12.4940,12.6380,28391849,1.850366
2005-08-29,sh600036,12.6560,12.8000,12.4040,12.5660,35508110,1.850663
2005-08-30,sh600036,12.5300,12.6200,12.4220,12.5480,16924135,1.850737
2005-08-31,sh600036,12.5480,12.6020,12.2960,12.4940,28541449,1.850963
2005-09-01,sh600036,12.4940,12.7640,12.4040,12.7100,35363650,1.850073
2005-09-02,sh600036,12.7460,12.8000,12.6020,12.6560,27925460,1.850292
2005-09-05,sh600036,12.6560,12.7280,12.4400,12.5660,32693018,1.850663
2005-09-06,sh600036,12.5660,12.5840,12.3860,12.4040,25426106,1.851343
2005-09-07,sh600036,12.4040,12.5840,12.3500,12.5480,30603425,1.850737
2005-09-08,sh600036,12.5840,12.8360,12.3860,12.7100,48294857,1.850073
2005-09-09,sh600036,12.7100,12.7820,12.5660,12.6380,20569283,1.850366
2005-09-12,sh600036,12.6920,12.7280,12.5300,12.5840,18748281,1.850588
2005-09-13,sh600036,12.5840,12.6200,12.4400,12.6200,20732305,1.850440
2005-09-14,sh600036,12.6380,12.8360,12.6200,12.7640,42167454,1.849855
2005-09-15,sh600036,12.7640,12.7820,12.6020,12.6380,20805785,1.850366
2005-09-16,sh600036,12.6380,12.7100,12.5840,12.6740,20688675,1.850219
2005-09-19,sh600036,12.6920,12.6920,12.5660,12.5840,25494332,1.850588
2005-09-21,sh600036,12.5660,12.5660,11.9720,11.9900,69859362,1.853168
2005-09-22,sh600036,11.9720,12.0800,11.6480,11.8100,58864345,1.854003
2005-09-23,sh600036,11.8280,11.8820,11.6840,11.7560,17833917,1.854259
2005-09-26,sh600036,11.7380,11.8640,11.6840,11.7560,14631090,1.854259
2005-09-27,sh600036,11.7380,11.7560,11.4140,11.5040,35034737,1.855484
2005-09-28,sh600036,11.5040,11.6300,11.4860,11.5040,19673152,1.855484
2005-09-29,sh600036,11.5940,11.7920,11.5940,11.6840,20270853,1.854603
2005-09-30,sh600036,11.7020,11.7560,11.5760,11.6660,17382420,1.854690
2005-10-10,sh600036,11.6480,11.8820,11.5220,11.7740,17356962,1.854173
2005-10-11,sh600036,11.7200,11.9720,11.6840,11.9540,15570799,1.853333
2005-10-12,sh600036,11.9540,12.0980,11.9000,12.0080,20488901,1.853086
2005-10-13,sh600036,12.0080,12.0620,11.8280,11.8640,13136649,1.853750
2005-10-14,sh600036,11.8640,11.9000,11.6300,11.6840,13628572,1.854603
2005-10-17,sh600036,11.6660,11.7380,11.5400,11.6840,11364205,1.854603
2005-10-18,sh600036,11.6840,11.8280,11.5580,11.6300,17054645,1.854864
2005-10-19,sh600036,11.5400,11.7380,11.5400,11.5940,15422760,1.855040
2005-10-20,sh600036,11.5940,11.9900,11.5580,11.9000,25334804,1.853583
2005-10-21,sh600036,11.9000,12.0980,11.8460,11.9540,24648141,1.853333
2005-10-24,sh600036,11.9540,11.9720,11.7740,11.8460,11596619,1.853834
2005-10-25,sh600036,11.8640,11.9000,11.6480,11.7560,13568735,1.854259
2005-10-26,sh600036,11.7200,11.7200,11.4680,11.5220,20522015,1.855395
2005-10-27,sh600036,11.5040,11.7380,11.4860,11.6660,14762341,1.854690
2005-10-28,sh600036,11.6660,11.6840,11.3240,11.4860,29319528,1.855574
2005-10-31,sh600036,11.5940,11.7380,11.5040,11.6480,14428454,1.854777
2005-11-01,sh600036,11.6480,11.7020,11.4140,11.6120,15626819,1.854952
2005-11-02,sh600036,11.6480,11.7920,11.6120,11.6660,12344873,1.854690
2005-11-03,sh600036,11.6840,11.7020,11.3780,11.5400,18434691,1.855305
2005-11-04,sh600036,11.5400,11.7020,11.5040,11.6120,14618591,1.854952
2005-11-07,sh600036,11.5220,11.5400,11.1260,11.2340,50467222,1.856860
2005-11-08,sh600036,11.1620,11.3960,11.1620,11.3420,14630890,1.856301
2005-11-09,sh600036,11.3420,11.3780,11.2520,11.3240,14934573,1.856393
2005-11-10,sh600036,11.3240,11.3600,11.2700,11.2700,13414678,1.856672
2005-11-11,sh600036,11.2520,11.3780,11.2160,11.3420,8657062,1.856301
2005-11-14,sh600036,11.3420,11.3960,11.2160,11.2700,4714903,1.856672
2005-11-15,sh600036,11.2880,11.3420,11.0900,11.1440,16832159,1.857333
2005-11-16,sh600036,11.1260,11.3420,11.0540,11.3060,10968898,1.856486
2005-11-17,sh600036,11.3240,11.3780,11.2340,11.3060,9056408,1.856486
2005-11-18,sh600036,11.3060,11.7740,11.2880,11.6300,21363659,1.854864
2005-11-21,sh600036,11.6300,11.6480,11.4680,11.4860,10715209,1.855574
2005-11-22,sh600036,11.4860,11.5040,11.2880,11.3240,14467382,1.856393
2005-11-23,sh600036,11.3240,11.5760,11.3060,11.5040,8915549,1.855484
2005-11-24,sh600036,11.4680,11.7740,11.4140,11.7560,30703739,1.854259
2005-11-25,sh600036,11.7380,11.8820,11.6480,11.8640,21029634,1.853750
2005-11-28,sh600036,11.8100,12.0080,11.7560,11.7920,29638404,1.854088
2005-11-29,sh600036,11.7740,11.8280,11.6480,11.6840,19106742,1.854603
2005-11-30,sh600036,11.6840,11.9360,11.6120,11.9000,28322056,1.853583
2005-12-01,sh600036,11.9540,12.0260,11.8640,11.9900,38109178,1.853168
2005-12-02,sh600036,11.9720,12.0620,11.8820,11.9900,31710634,1.853168
2005-12-05,sh600036,12.0080,12.0980,11.8820,11.9180,22718825,1.853499
2005-12-06,sh600036,11.8820,12.2780,11.8460,12.0980,33255087,1.852680
2005-12-07,sh600036,12.1160,12.3320,12.1160,12.2600,32465870,1.851964
2005-12-08,sh600036,12.2240,12.3500,12.1160,12.1880,20814486,1.852280
2005-12-09,sh600036,12.1880,12.4040,12.0800,12.3860,33103522,1.851420
2005-12-12,sh600036,12.3140,12.4040,12.2420,12.3140,25081043,1.851729
2005-12-13,sh600036,12.3140,12.3320,12.1880,12.2060,15466630,1.852200
2005-12-14,sh600036,12.2060,12.4040,12.1880,12.3500,50377570,1.851574
2005-12-15,sh600036,12.3500,12.4580,12.2240,12.3140,39224144,1.851729
2005-12-16,sh600036,12.3140,12.3320,12.1520,12.1880,31697302,1.852280
2006-01-04,sh600036,13.3580,13.3760,13.2320,13.3760,173999644,1.847514
2006-01-05,sh600036,13.8260,13.8620,13.5020,13.7900,156382625,1.846051
2006-01-06,sh600036,13.7540,14.1500,13.6640,13.9880,96432343,1.845383
2006-01-09,sh600036,13.9880,14.0600,13.6460,13.8440,82935154,1.845867
2006-01-10,sh600036,13.8440,14.4020,13.7900,14.3480,127189944,1.844216
2006-01-11,sh600036,14.3660,14.5280,14.0240,14.1680,125179635,1.844792
2006-02-27,sh600036,15.7620,15.9430,15.3310,15.4440,419564731,2.318919
2006-02-28,sh600036,15.4220,15.6490,14.9230,15.5130,151608652,2.318834
2006-03-01,sh600036,15.5130,15.6260,15.3080,15.3540,99153587,2.319335
2006-03-02,sh600036,15.3080,15.3990,14.6960,14.7870,154567393,2.321350
2006-03-03,sh600036,14.7870,14.9000,14.3340,14.5830,111663693,2.322134
2006-03-06,sh600036,14.5830,14.7420,14.4920,14.6510,78698886,2.321870
2006-03-07,sh600036,14.6510,14.6740,14.1520,14.2200,89667530,2.323529
2006-03-08,sh600036,14.2200,14.3790,14.0840,14.2880,76954116,2.323252
2006-03-09,sh600036,14.2880,14.3340,14.1290,14.1520,45438885,2.323810
2006-03-10,sh600036,14.1520,14.3560,14.1520,14.3340,51579877,2.323177
2006-03-13,sh600036,14.3790,14.6510,14.2650,14.5830,54871164,2.322134
2006-03-14,sh600036,14.6060,14.6060,14.2650,14.3560,46677588,2.322977
2006-03-15,sh600036,14.3560,14.6280,14.2880,14.5600,48523580,2.322169
2006-03-16,sh600036,14.6510,14.8320,14.4240,14.5830,67031546,2.322134
2006-03-17,sh600036,14.5830,14.6510,14.2880,14.3110,67345544,2.323214
2006-03-20,sh600036,14.3110,14.6280,14.1970,14.5830,62200735,2.322134
2006-03-21,sh600036,14.5830,15.1040,14.5380,14.8320,111094058,2.321127
2006-03-22,sh600036,14.8100,15.0820,14.7870,14.9460,53229104,2.320807
2006-03-23,sh600036,14.9460,14.9680,14.6280,14.7870,58243984,2.321350
2006-03-24,sh600036,14.7870,14.8780,14.4470,14.5150,66475957,2.322400
2006-03-27,sh600036,14.5150,14.9460,14.4920,14.8780,51442565,2.321061
2006-03-28,sh600036,14.8780,15.1720,14.8550,14.9910,70514469,2.320588
2006-03-29,sh600036,14.9910,15.3540,14.7870,15.0820,130590777,2.320308
2006-03-30,sh600036,15.0820,15.3760,14.9910,15.0360,76932398,2.320370
2006-03-31,sh600036,15.0140,15.1270,14.8780,14.9230,58447448,2.320840
2006-04-03,sh600036,14.9680,15.5130,14.9680,15.5130,105408019,2.318834
2006-04-04,sh600036,15.5580,16.1020,15.5350,16.0110,145116859,2.317077
2006-04-05,sh600036,16.0340,16.2830,15.9210,15.9890,93716686,2.317246
2006-04-06,sh600036,16.0110,16.3290,15.7390,15.7850,85951289,2.317915
2006-04-07,sh600036,15.7850,15.9660,15.3080,15.4220,110128234,2.319098
2006-04-10,sh600036,15.4670,15.7390,15.4220,15.7390,87298425,2.317968
2006-04-11,sh600036,15.7620,15.9890,15.5350,15.6490,82547921,2.318370
2006-04-12,sh600036,15.6030,15.8300,15.3760,15.5580,74866956,2.318629
2006-04-13,sh600036,15.5350,15.5810,15.0820,15.1040,82092785,2.320123
2006-04-14,sh600036,15.1040,15.5350,15.0140,15.4670,80429384,2.318891
2006-04-18,sh600036,15.6710,15.7390,15.1950,15.3540,83045054,2.319335
2006-04-19,sh600036,15.3540,15.4220,15.0820,15.2180,78042632,2.319817
2006-04-20,sh600036,15.2630,15.4220,14.9680,15.1040,105345370,2.320123
2006-04-21,sh600036,15.1040,15.7620,14.9910,15.4900,129039303,2.318862
2006-04-24,sh600036,15.5350,15.7620,15.1040,15.1500,110446585,2.320061
2006-04-25,sh600036,15.1040,15.1040,14.8100,14.8550,86413637,2.321094
2006-04-26,sh600036,14.8550,15.6490,14.7870,15.3760,126788350,2.319155
2006-04-27,sh600036,15.4440,15.6710,15.1270,15.1720,80240366,2.319878
2006-04-28,sh600036,15.6260,16.6460,15.4670,16.6460,336005591,2.315160
2006-05-08,sh600036,16.8500,17.7350,16.8500,17.4170,223790146,2.313015
2006-05-09,sh600036,17.4170,17.8710,17.1680,17.6890,170293265,2.312288
2006-05-10,sh600036,17.6890,17.7800,17.1900,17.3940,130858171,2.313032
2006-05-11,sh600036,17.3490,17.7120,16.8730,16.9180,180831395,2.314364
2006-05-12,sh600036,16.8960,17.1900,16.6690,17.0770,142798628,2.313957
2006-05-15,sh600036,17.1000,17.3040,16.6240,17.1450,190590183,2.313765
2006-05-17,sh600036,17.1450,17.3940,16.6240,16.9860,152290056,2.314169
2006-05-18,sh600036,16.8280,16.8280,16.3970,16.5550,117103132,2.315385
2006-05-19,sh600036,16.5550,17.3040,16.5550,17.0770,130184141,2.313957
2006-05-22,sh600036,17.0320,17.0540,16.5550,16.7140,113270973,2.314958
2006-05-23,sh600036,16.6240,16.6240,16.1470,16.2610,124629348,2.316382
2006-05-24,sh600036,16.3290,17.0090,16.3290,16.6240,118077110,2.315320
2006-05-25,sh600036,16.6010,17.1000,16.4420,16.9640,77644800,2.314325
2006-05-26,sh600036,17.0320,17.3490,16.9640,17.1000,95821139,2.313938
2006-05-29,sh600036,17.1680,17.3040,16.8730,17.2130,78129192,2.313575
2006-05-30,sh600036,17.2130,17.2360,16.8960,16.9180,79550264,2.314364
2006-05-31,sh600036,16.9640,16.9860,16.5780,16.7370,64389269,2.314938
2006-06-01,sh600036,16.7370,17.2130,16.4870,16.9180,87316258,2.314364
2006-06-02,sh600036,16.9180,17.0320,16.5780,16.6010,99453769,2.315342
2006-06-05,sh600036,16.5780,16.6690,16.1700,16.6460,77121364,2.315160
2006-06-06,sh600036,16.6240,16.8960,16.3510,16.6690,64873637,2.315139
2006-06-07,sh600036,16.6240,16.6240,15.8070,15.8750,96765143,2.317518
2006-06-08,sh600036,15.7620,16.0340,15.5130,16.0110,76667352,2.317077
2006-06-09,sh600036,15.9660,16.1470,15.6710,15.7170,47399768,2.318142
2006-06-12,sh600036,15.6490,16.5780,15.4900,16.2150,93939943,2.316429
2006-06-13,sh600036,16.2380,16.4870,15.9890,16.1930,50116574,2.316595
2006-06-14,sh600036,16.0340,16.2150,15.8300,16.1250,38134469,2.316810
2006-06-15,sh600036,16.1250,16.4650,16.0570,16.2610,37872867,2.316382
2006-06-16,sh600036,16.4420,16.8280,16.3970,16.7600,67692427,2.340782
2006-06-19,sh600036,16.4190,16.9180,16.2380,16.8050,60203510,2.340529
2006-06-20,sh600036,16.7820,16.9410,16.4190,16.8050,56395828,2.340529
2006-06-21,sh600036,16.8050,16.9180,16.6240,16.7820,41821498,2.340586
2006-06-22,sh600036,16.7820,17.4850,16.7370,17.1680,88899743,2.338965
2006-06-23,sh600036,17.1900,17.3040,17.0320,17.1680,40809231,2.338965
2006-06-26,sh600036,17.1900,17.8030,17.1900,17.7570,97278283,2.336447
2006-06-27,sh600036,17.7570,17.9840,17.5300,17.6210,44375884,2.337003
2006-06-28,sh600036,17.5760,17.7120,17.3720,17.5080,29587041,2.337517
2006-06-29,sh600036,17.5300,18.0520,17.5300,18.0070,70709242,2.335538
2006-06-30,sh600036,18.0070,18.3920,17.8030,18.0070,80251504,2.335538
2006-07-03,sh600036,18.0970,18.6410,18.0970,18.5730,79327501,2.333291
2006-07-04,sh600036,18.6640,18.7090,18.1880,18.4370,70971988,2.333797
2006-07-05,sh600036,18.4370,18.4370,17.5760,17.6660,92662295,2.336772
2006-07-06,sh600036,17.6660,18.0070,17.6210,17.7800,54708666,2.336399
2006-07-07,sh600036,17.7800,17.9390,17.3940,17.4170,51004296,2.337852
2006-07-10,sh600036,17.4170,17.8480,17.4170,17.8250,35076817,2.336173
2006-07-11,sh600036,17.8710,18.0290,17.7120,17.9160,28214898,2.335854
2006-07-12,sh600036,17.9390,18.0290,17.7570,17.7800,30262689,2.336399
2006-07-13,sh600036,17.7570,17.7570,17.0540,17.0540,67884809,2.339369
2006-07-14,sh600036,17.0090,17.5760,16.8960,17.3040,42317745,2.338378
2006-07-17,sh600036,17.2580,17.5530,17.1220,17.4850,33581745,2.337567
2006-07-18,sh600036,17.4620,17.5300,17.2360,17.2580,22320498,2.338482
2006-07-19,sh600036,17.2130,17.3490,17.0090,17.0540,26051731,2.339369
2006-07-20,sh600036,17.0540,17.4850,17.0320,17.3490,24686366,2.338140
2006-07-21,sh600036,17.3040,17.8710,17.3040,17.8480,44022091,2.336126
2006-07-24,sh600036,17.5530,18.2330,17.4620,17.9160,39420435,2.335854
2006-07-25,sh600036,17.9390,18.0970,17.8250,17.8710,32483363,2.336078
2006-07-26,sh600036,17.9160,18.1430,17.8710,17.9840,27109199,2.335584
2006-07-27,sh600036,17.9390,18.1650,17.5080,17.5530,30302563,2.337284
2006-07-28,sh600036,17.5300,17.6440,17.2130,17.3940,29959391,2.337903
2006-07-31,sh600036,17.3260,17.5080,17.1900,17.2130,27176487,2.338723
2006-08-01,sh600036,17.2130,17.3490,17.0320,17.0770,20531257,2.339315
2006-08-02,sh600036,17.0770,17.2360,16.9410,17.1220,22858590,2.339071
2006-08-03,sh600036,17.1450,17.5760,17.1450,17.5080,34934593,2.337517
2006-08-04,sh600036,17.5080,17.7570,17.2810,17.3040,31214607,2.338378
2006-08-07,sh600036,17.2580,17.5080,17.1900,17.2360,18627401,2.338670
2006-08-08,sh600036,17.2360,17.7570,17.2360,17.6210,27574739,2.337003
2006-08-09,sh600036,17.7350,17.9390,17.5760,17.6660,22933614,2.336772
2006-08-10,sh600036,17.6440,18.0520,17.5980,18.0290,49086877,2.335363
2006-08-11,sh600036,18.0070,18.0520,17.8030,17.8930,17885804,2.335901
2006-08-14,sh600036,17.9610,18.3920,17.8030,18.0290,50934667,2.335363
2006-08-15,sh600036,18.0070,18.3470,17.8480,18.3010,38881342,2.334311
2006-08-16,sh600036,18.3240,18.7320,18.2110,18.5510,58067854,2.333459
2006-08-17,sh600036,18.5050,18.5510,18.3240,18.4370,23237950,2.333797
2006-08-18,sh600036,18.4370,18.6640,18.2110,18.3470,24177965,2.334224
2006-08-22,sh600036,18.4830,19.0270,18.4830,18.8450,77762136,2.332302
2006-08-23,sh600036,18.9140,19.6160,18.8910,19.3220,99326322,2.330760
2006-08-24,sh600036,19.4800,19.8430,19.3440,19.8200,99144528,2.329025
2006-08-25,sh600036,19.9110,19.9790,19.4120,19.5030,51815035,2.330108
2006-08-28,sh600036,19.5030,19.8200,19.2990,19.6160,59151968,2.329691
2006-08-29,sh600036,19.6390,19.7520,19.4120,19.6390,46793107,2.329656
2006-08-30,sh600036,19.5940,19.8200,19.5260,19.7070,30347674,2.329433
2006-08-31,sh600036,19.7070,20.2060,19.7070,19.9340,48794419,2.328738
2006-09-01,sh600036,19.8880,20.1610,19.4120,19.4350,39382008,2.330336
2006-09-04,sh600036,19.5940,19.9110,19.4580,19.7750,32158571,2.329211
2006-09-05,sh600036,19.9790,20.6140,19.8430,20.4780,70741815,2.327045
2006-09-06,sh600036,20.4780,20.5460,20.1380,20.4780,24967846,2.327045
2006-09-07,sh600036,20.4550,20.6140,20.3190,20.3650,37534244,2.327429
2006-09-08,sh600036,20.3870,20.6820,20.2740,20.6820,34287523,2.326434
2006-09-11,sh600036,20.7050,20.9770,20.6590,20.9770,47461691,2.325610
2006-09-12,sh600036,20.9310,21.0450,20.7050,20.8630,35520650,2.325864
2006-09-13,sh600036,20.9540,21.6800,20.9310,21.3620,55063981,2.324483
2006-09-14,sh600036,21.5890,21.9970,21.3620,21.7020,53259389,2.323555
2006-09-15,sh600036,21.7020,22.0650,21.5660,21.7020,44102473,2.323555
2006-09-18,sh600036,21.8160,21.9520,21.1580,21.3620,56337438,2.324483
2006-09-19,sh600036,21.3850,22.0880,21.3850,22.0420,42516906,2.322655
2006-09-20,sh600036,22.0650,22.1780,21.7930,22.1560,37709178,2.322432
2006-09-21,sh600036,22.3370,22.8590,22.2920,22.7680,57441793,2.364278
2006-09-22,sh600036,22.9490,23.8110,22.3150,22.3830,138237752,2.366068
2006-09-25,sh600036,22.3600,22.5410,21.8840,22.1780,95753603,2.366916
2006-09-26,sh600036,22.1560,22.2920,21.4080,21.6120,63222818,2.369737
2006-09-27,sh600036,21.6120,22.4280,21.6120,22.4050,59864417,2.365892
2006-09-28,sh600036,22.6090,23.1760,22.2690,23.1530,71612337,2.362551
2006-09-29,sh600036,23.1530,23.6070,23.0400,23.4710,75513162,2.361268
2006-10-09,sh600036,24.4000,24.6950,23.7660,24.4910,95894349,2.357170
2006-10-10,sh600036,24.2190,24.5590,23.9470,24.1740,64011100,2.358439
2006-10-11,sh600036,24.1740,24.2640,23.7430,24.0380,47426200,2.358979
2006-10-12,sh600036,24.1060,24.5590,23.7430,23.8110,49880028,2.359861
2006-10-13,sh600036,23.8110,24.3100,23.6520,24.1280,33785588,2.358553
2006-10-16,sh600036,24.1280,24.2640,23.5840,23.6300,47085872,2.360639
2006-10-17,sh600036,23.6070,23.6750,23.0630,23.2440,59006811,2.362195
2006-10-18,sh600036,23.1530,23.9470,23.1530,23.9470,48276253,2.359310
2006-10-19,sh600036,23.9470,24.1060,23.6300,23.7660,21235514,2.360079
2006-10-20,sh600036,23.8560,25.2170,23.8340,24.7410,69333710,2.356286
2006-10-23,sh600036,24.7410,25.1030,24.2190,24.2420,44464223,2.358171
2006-10-24,sh600036,24.2870,25.0580,24.2640,24.8990,53393040,2.355629
2006-10-25,sh600036,24.9220,25.6700,24.8310,24.9450,77617987,2.355524
2006-10-26,sh600036,24.9670,25.3750,24.7630,25.2170,39529196,2.354528
2006-10-27,sh600036,25.2170,25.4660,24.4910,24.5590,51580569,2.356910
2006-10-30,sh600036,24.4000,24.5590,23.8340,24.2190,40283426,2.358228
2006-10-31,sh600036,24.1060,24.7180,24.1060,24.5370,26436398,2.357061
2006-11-01,sh600036,24.6950,25.1710,24.6050,25.0350,30534153,2.355127
2006-11-02,sh600036,24.9900,24.9900,24.1740,24.4000,32916505,2.357488
2006-11-03,sh600036,24.5140,25.3750,24.5140,25.1710,47208911,2.354630
2006-11-06,sh600036,24.7410,25.9200,24.6500,25.8740,61394827,2.352182
2006-11-07,sh600036,26.2140,27.0990,26.2140,26.8270,62751302,2.349124
2006-11-08,sh600036,26.4860,26.7810,26.2820,26.4640,47994252,2.350266
2006-11-09,sh600036,26.4640,27.6880,26.2600,27.5750,73770172,2.346809
2006-11-10,sh600036,27.6200,29.5020,27.5750,28.7310,121193989,2.343475
2006-11-13,sh600036,28.5500,29.6830,28.2780,28.7310,71897006,2.343475
2006-11-14,sh600036,28.8900,29.6830,28.1420,28.8670,64212729,2.343101
2006-11-15,sh600036,29.0480,29.2300,28.0280,29.1170,95113042,2.342478
2006-11-16,sh600036,29.5020,30.5220,29.2300,29.3430,96771813,2.341820
2006-11-17,sh600036,29.1620,29.8650,28.8220,29.6610,66968396,2.341042
2006-11-20,sh600036,30.1820,31.5430,30.1370,31.5430,80452193,2.336519
2006-11-21,sh600036,31.4290,31.7690,30.8400,31.4520,85408813,2.336701
2006-11-22,sh600036,31.3160,32.1090,30.6360,31.4070,104206670,2.336830
2006-11-23,sh600036,31.5880,31.8830,31.0890,31.4750,65916661,2.336674
2006-11-24,sh600036,30.8620,31.2020,30.2960,30.5000,90364243,2.338957
2006-11-27,sh600036,29.9780,30.2050,29.0030,29.5020,129782892,2.341429
2006-11-28,sh600036,29.3430,29.8420,29.0940,29.4570,101581033,2.341574
2006-11-29,sh600036,28.7310,30.1140,28.5500,29.7740,92701404,2.340723
2006-11-30,sh600036,29.9550,30.7040,29.5020,30.6360,97378288,2.338626
2006-12-01,sh600036,30.6580,30.7490,30.0230,30.4540,72945073,2.339017
2006-12-04,sh600036,30.4090,32.3590,30.0690,32.2680,130680880,2.334877
2006-12-05,sh600036,32.2910,32.9940,31.7920,32.0870,93534920,2.335298
2006-12-06,sh600036,31.9960,32.6310,30.6580,31.5650,74915597,2.336417
2006-12-07,sh600036,31.5880,32.8800,31.2250,31.2480,83674961,2.337173
2006-12-08,sh600036,30.8620,31.4970,30.1370,30.3640,77349436,2.339291
2006-12-11,sh600036,30.3180,31.9280,30.2050,31.8600,62625138,2.335777
2006-12-12,sh600036,32.0190,32.9480,31.5650,32.1320,82583536,2.335174
2006-12-13,sh600036,32.3360,33.0160,31.7690,31.9730,90401555,2.335500
2006-12-14,sh600036,31.9730,32.2230,31.2020,31.8830,69710563,2.335751
2006-12-15,sh600036,31.8830,32.7900,31.5430,32.5630,75677493,2.334265
2006-12-18,sh600036,32.6760,34.5130,32.4040,34.4450,112100147,2.330514
2006-12-19,sh600036,34.4450,35.3520,33.6740,33.9690,102819567,2.331434
2006-12-20,sh600036,33.4700,34.5350,33.1520,34.3540,48310678,2.330665
2006-12-21,sh600036,34.1270,35.3740,34.1270,34.4450,79460771,2.330514
2006-12-22,sh600036,34.2630,35.6240,34.2180,35.0340,69602309,2.329388
2006-12-25,sh600036,35.0570,37.5740,35.0570,36.1680,101789824,2.327413
2006-12-26,sh600036,35.8510,36.7350,35.6240,36.1000,59878204,2.327531
2006-12-27,sh600036,36.0770,37.2110,35.7600,37.0070,32931119,2.326021
2006-12-28,sh600036,36.9610,38.3450,36.0770,36.2360,75290617,2.327296
2006-12-29,sh600036,36.7570,38.3450,36.7570,38.0270,91953572,2.324389
2007-01-04,sh600036,39.4560,41.2920,36.0770,37.1200,153445798,2.325815
2007-01-05,sh600036,36.6670,36.6670,34.9440,35.4880,112798040,2.328609
2007-01-08,sh600036,35.7600,37.6640,35.7600,37.2110,96109663,2.325687
2007-01-09,sh600036,36.8710,38.3450,36.7570,38.1860,93174423,2.324163
2007-01-10,sh600036,38.5490,39.2060,37.5510,38.8890,74649131,2.323118
2007-01-11,sh600036,38.8210,39.2520,37.6190,37.7320,74513596,2.324831
2007-01-12,sh600036,37.2560,38.0950,36.1910,36.9610,65362344,2.326054
2007-01-15,sh600036,36.9390,39.0250,36.5760,38.7980,69527151,2.323234
2007-01-16,sh600036,39.1610,40.4310,38.7980,39.6820,86720395,2.321943
2007-01-17,sh600036,39.7050,40.5670,37.6640,38.2540,74385794,2.324058
2007-01-18,sh600036,38.1860,39.0930,35.7600,36.5310,98331202,2.326815
2007-01-19,sh600036,37.4380,39.1830,37.3240,38.2990,82926044,2.323968
2007-01-22,sh600036,39.0470,40.9070,39.0470,40.6800,108517050,2.320593
2007-01-23,sh600036,40.8610,44.1940,40.7480,43.5820,129861605,2.316959
2007-01-24,sh600036,43.7860,45.6230,41.7460,42.0630,123108907,2.318798
2007-01-25,sh600036,42.2220,43.1290,41.4050,41.8590,90520617,2.319058
2007-01-26,sh600036,41.5640,45.1690,40.8390,44.5570,98526885,2.315852
2007-01-29,sh600036,44.6930,46.1900,43.5590,44.0130,121707998,2.316474
2007-01-30,sh600036,44.2850,44.4440,42.5390,42.7660,86833711,2.317940
2007-01-31,sh600036,42.4710,42.4710,39.0470,39.8640,94337166,2.321724
2007-02-01,sh600036,39.2290,40.5890,38.7530,39.2740,85932371,2.322531
2007-02-02,sh600036,39.5690,39.7730,37.3920,37.5510,88961313,2.325139
2007-02-05,sh600036,37.5510,38.0040,36.3490,36.3720,68993926,2.327063
2007-02-06,sh600036,36.1910,38.3450,34.9210,38.2540,168379944,2.324058
2007-02-07,sh600036,38.3220,40.1580,37.9590,38.8430,134058333,2.323146
2007-02-08,sh600036,39.2290,39.2520,37.7320,38.4810,61210606,2.323732
2007-02-09,sh600036,38.3670,38.6850,37.1430,37.3240,60260428,2.325483
2007-02-12,sh600036,37.2790,39.7050,37.2790,39.2740,69267641,2.322531
2007-02-13,sh600036,39.4780,40.3400,39.0470,39.5460,55088716,2.322137
2007-02-14,sh600036,39.5690,41.7910,39.2060,41.7460,79725636,2.319222
2007-02-15,sh600036,42.1540,42.5620,41.1560,41.9950,74378366,2.318885
2007-02-16,sh600036,42.2220,42.5160,41.0650,41.4050,70319834,2.319608
2007-02-26,sh600036,40.1580,40.1810,39.0930,39.1380,143192622,2.322730
2007-02-27,sh600036,39.3880,39.5920,35.5330,35.7140,135729030,2.328162
2007-02-28,sh600036,35.7600,37.5060,35.6690,37.4150,127540287,2.325357
2007-03-01,sh600036,37.3920,37.4150,35.6920,36.2590,72443588,2.327279
2007-03-02,sh600036,36.0090,37.2110,35.8050,36.3950,53823764,2.327046
2007-03-05,sh600036,36.2590,36.9390,34.8300,35.3290,73137058,2.328873
2007-03-06,sh600036,35.3290,38.0040,35.3290,37.0750,90564693,2.325910
2007-03-07,sh600036,37.3920,37.8910,36.9840,37.5060,62857326,2.325232
2007-03-08,sh600036,37.5740,37.8910,36.8930,37.6640,48027924,2.324938
2007-03-09,sh600036,37.8000,38.5710,37.2340,37.8910,81069707,2.324601
2007-03-12,sh600036,38.0270,38.2990,37.0750,37.3700,66569790,2.325451
2007-03-13,sh600036,37.3470,37.5510,36.7120,37.1660,51591466,2.325782
2007-03-14,sh600036,36.5310,36.5310,35.7820,36.1680,93101701,2.327413
2007-03-15,sh600036,36.2130,37.1430,35.9640,36.7570,68468401,2.326392
2007-03-16,sh600036,36.8710,36.9840,35.6920,36.1230,69606502,2.327513
2007-03-19,sh600036,35.3520,39.2520,35.3520,38.0270,138834006,2.324389
2007-03-20,sh600036,38.1410,38.3900,37.5510,37.8910,68033462,2.324601
2007-03-21,sh600036,38.1180,38.7300,37.8460,38.1860,78973692,2.324163
2007-03-22,sh600036,38.5710,39.3650,38.4130,38.6170,96741567,2.323526
2007-03-23,sh600036,38.6170,39.1380,37.4380,38.2770,68717235,2.324044
2007-03-26,sh600036,38.3450,38.7300,37.5740,38.4810,87553561,2.323732
2007-03-27,sh600036,38.7530,38.9790,38.0500,38.2540,66320336,2.324058
2007-03-28,sh600036,38.2540,40.2040,38.0500,39.9320,159739136,2.321628
2007-03-29,sh600036,39.8860,42.5160,39.6600,40.6350,183262676,2.320674
2007-03-30,sh600036,40.3620,41.2920,39.9540,40.3400,67660722,2.321059
2007-04-02,sh600036,40.4310,41.1110,40.0450,40.9070,74176895,2.320306
2007-04-03,sh600036,41.1560,41.7460,40.6120,41.1790,74834397,2.319944
2007-04-04,sh600036,41.1790,41.8140,40.9520,41.1560,78833885,2.319955
2007-04-05,sh600036,41.1790,41.2920,40.0000,40.7250,92702914,2.320513
2007-04-06,sh600036,40.2260,40.7030,39.6140,40.0220,102995435,2.321462
2007-04-09,sh600036,39.9770,41.0650,39.6140,40.4310,84569988,2.320953
2007-04-10,sh600036,40.4990,42.0180,40.4990,41.7460,152667963,2.319222
2007-04-11,sh600036,43.1060,45.0790,43.1060,44.3080,206828419,2.316153
2007-04-12,sh600036,44.4660,45.3730,43.8540,44.3530,94202131,2.316084
2007-04-13,sh600036,44.3530,44.3760,43.2190,43.5820,92632965,2.316959
2007-04-16,sh600036,43.7860,47.3690,43.5590,46.7560,129084213,2.313508
2007-04-17,sh600036,47.3460,47.3690,44.0130,46.1900,103835533,2.314128
2007-04-18,sh600036,46.1670,46.8470,44.9200,45.1920,85303984,2.315164
2007-04-19,sh600036,45.4870,46.1440,42.5620,44.0360,139926334,2.316465
2007-04-20,sh600036,44.0360,45.8040,44.0130,45.0330,93871041,2.315321
2007-04-23,sh600036,45.5090,46.4160,45.1010,46.1440,99646042,2.314142
2007-04-24,sh600036,46.5980,46.8700,45.1690,45.2600,77354955,2.315090
2007-04-25,sh600036,45.1470,48.0490,44.6930,46.2800,112273793,2.314000
2007-04-26,sh600036,46.7790,47.6410,45.3730,46.3710,80169294,2.313922
2007-04-27,sh600036,46.0540,46.5520,45.1240,45.1470,80922469,2.315231
2007-04-30,sh600036,45.1470,45.9400,44.2400,45.0790,103574913,2.315306
2007-05-08,sh600036,46.5070,47.6180,45.8720,46.6880,123442744,2.313578
2007-05-09,sh600036,46.6200,50.8150,46.1670,50.2030,196451573,2.310308
2007-05-10,sh600036,50.2030,51.5180,48.5250,49.6590,112354022,2.310796
2007-05-11,sh600036,49.2050,50.7240,48.2300,50.0210,134248283,2.310439
2007-05-14,sh600036,48.7740,52.1750,48.3210,51.1780,125127781,2.309477
2007-05-15,sh600036,51.2680,51.4720,47.9810,48.0940,105174673,2.312212
2007-05-16,sh600036,48.4340,49.1600,47.6180,48.7520,86610566,2.311617
2007-05-17,sh600036,48.7290,49.3640,48.2750,49.0460,86254051,2.311310
2007-05-18,sh600036,48.7520,48.7520,47.6410,48.0030,93895011,2.312283
2007-05-21,sh600036,46.3030,47.7770,46.2800,47.3230,146459164,2.312952
2007-05-22,sh600036,47.4590,48.5480,47.3010,47.7770,80432253,2.312536
2007-05-23,sh600036,47.8670,49.4550,47.1870,49.0240,97119007,2.311363
2007-05-24,sh600036,49.1370,50.9960,48.5480,49.3180,108436349,2.311059
2007-05-25,sh600036,48.8880,49.9080,48.2980,48.8200,85273835,2.311553
2007-05-28,sh600036,49.2500,50.7700,49.1820,49.2500,90491444,2.311122
2007-05-29,sh600036,49.3410,50.2480,48.7520,49.4550,91959283,2.310981
2007-05-30,sh600036,46.9600,49.2050,45.5550,46.4390,154780369,2.313852
2007-05-31,sh600036,46.7340,50.9960,46.2580,50.1800,183342271,2.310313
2007-06-01,sh600036,50.4750,54.0350,50.2480,50.9740,156234672,2.309651
2007-06-04,sh600036,52.1750,52.6290,47.8670,48.4120,119076749,2.311939
2007-06-05,sh600036,48.0940,49.7040,45.7810,49.6590,144984609,2.310796
2007-06-06,sh600036,49.6590,50.8150,48.3210,49.5000,92002532,2.310924
2007-06-07,sh600036,50.1120,51.0420,48.7740,50.0890,113170490,2.310378
2007-06-08,sh600036,49.9080,49.9080,48.5250,49.0920,102072580,2.311299
2007-06-11,sh600036,49.1370,50.4750,48.4800,50.3390,113217760,2.310188
2007-06-12,sh600036,49.9080,50.3390,48.7740,49.9760,98067542,2.310495
2007-06-13,sh600036,50.3160,53.0820,50.3160,52.2660,145122146,2.308569
2007-06-14,sh600036,52.1300,52.2660,50.8830,51.2680,74720813,2.309369
2007-06-18,sh600036,53.7170,56.2110,53.4450,55.3040,130105096,2.306255
2007-06-19,sh600036,54.6470,57.4360,54.2160,55.5990,92123408,2.306056
2007-06-20,sh600036,55.5760,55.5760,53.0820,53.1280,74293984,2.307906
2007-06-21,sh600036,53.5580,55.7800,53.5360,54.9190,74453496,2.306552
2007-06-22,sh600036,55.0550,57.3900,54.6690,55.7350,94682270,2.305958
2007-06-25,sh600036,56.7550,59.7710,56.7550,57.5260,114513143,2.304728
2007-06-26,sh600036,56.4830,57.7530,55.3500,56.4830,73768533,2.305429
2007-06-27,sh600036,56.9370,58.9770,55.7580,58.3420,77164856,2.304186
2007-06-28,sh600036,58.3420,59.5670,56.9370,57.0270,65365794,2.305053
2007-06-29,sh600036,55.8030,57.5490,55.3720,56.6650,48200226,2.305330
2007-07-02,sh600036,56.4380,56.8690,53.4900,55.0770,58961073,2.306407
2007-07-03,sh600036,55.2360,56.5970,55.2360,56.3020,37841899,2.305569
2007-07-04,sh600036,56.5290,56.8910,55.0550,55.4630,39214608,2.317718
2007-07-05,sh600036,55.1680,56.1880,54.7150,54.8730,52685188,2.318251
2007-07-06,sh600036,54.4880,56.3020,53.8300,56.1880,37422958,2.317031
2007-07-09,sh600036,56.5290,59.9300,56.1200,59.8620,59963775,2.313954
2007-07-10,sh600036,61.9250,64.8720,61.2450,64.2380,113065177,2.310719
2007-07-11,sh600036,63.3310,64.4640,62.8770,63.5120,52132231,2.311208
2007-07-12,sh600036,64.2830,64.6460,63.3310,63.9880,27826213,2.310870
2007-07-13,sh600036,64.0110,64.1240,62.4240,63.2170,20721139,2.311408
2007-07-16,sh600036,63.2400,63.5120,60.4510,60.8820,31544623,2.313146
2007-07-17,sh600036,61.0180,64.5780,61.0180,64.4420,52667889,2.310577
2007-07-18,sh600036,63.7840,65.3260,63.4440,63.6930,62500179,2.311067
2007-07-19,sh600036,63.7610,64.2380,62.7640,63.2170,25258292,2.311408
2007-07-20,sh600036,63.2400,67.2980,63.2400,66.9130,65124426,2.308937
2007-07-23,sh600036,67.8650,69.2260,66.6640,67.8430,80303795,2.308370
2007-07-24,sh600036,68.0920,69.5430,66.7320,68.0470,46782254,2.308243
2007-07-25,sh600036,67.7070,69.0670,66.9580,68.6810,50745370,2.307829
2007-07-26,sh600036,69.2260,70.0650,67.8650,68.4550,55662997,2.307991
2007-07-27,sh600036,67.6390,67.7970,66.2780,67.0040,75130606,2.308890
2007-07-30,sh600036,66.5050,68.8860,66.3910,67.8430,49367153,2.308370
2007-07-31,sh600036,67.4120,69.0900,66.7540,68.7950,46549324,2.307783
2007-08-01,sh600036,69.2260,70.7450,66.7320,67.2980,61537893,2.308679
2007-08-02,sh600036,68.2050,69.6790,67.5250,69.2260,52048210,2.307533
2007-08-03,sh600036,70.2230,76.0280,70.1780,76.0280,89066611,2.303879
2007-08-06,sh600036,77.6600,78.7030,76.0280,77.4330,86933268,2.303183
2007-08-07,sh600036,77.4110,77.5010,75.5740,76.2770,70935429,2.303745
2007-08-08,sh600036,75.4610,81.1290,75.3470,78.7940,81220397,2.302572
2007-08-09,sh600036,79.6330,85.0520,78.5220,83.0560,80729798,2.300720
2007-08-10,sh600036,83.0560,85.7770,80.8120,83.6010,84212683,2.300523
2007-08-13,sh600036,83.6010,86.9110,82.0810,83.4420,79188294,2.300579
2007-08-14,sh600036,82.8300,83.9630,81.3560,83.2600,46403401,2.300636
2007-08-15,sh600036,82.8300,86.2310,82.3310,83.4190,53411988,2.300579
2007-08-16,sh600036,83.1700,83.6910,79.6550,80.5850,81307464,2.301771
2007-08-17,sh600036,79.7910,81.3560,75.5520,76.2320,118922479,2.303778
2007-08-20,sh600036,79.6780,82.8520,79.4740,82.7840,65813470,2.300834
2007-08-21,sh600036,82.7840,85.5500,81.7190,83.7590,66754553,2.300439
2007-08-22,sh600036,82.0590,85.5500,81.2430,83.7820,70754711,2.300439
2007-08-23,sh600036,83.8500,86.9340,82.8980,86.3440,72440868,2.299441
2007-08-24,sh600036,86.5710,90.7650,85.6640,89.7220,65624830,2.298207
2007-08-27,sh600036,89.3600,90.9470,86.4570,87.9310,80470531,2.298850
2007-08-28,sh600036,87.1380,88.1810,85.0970,86.5710,55614393,2.299363
2007-08-29,sh600036,85.1200,87.3640,84.8250,85.0970,49999537,2.299919
2007-08-30,sh600036,85.7770,87.2960,85.0970,85.9810,39494632,2.299572
2007-08-31,sh600036,86.0720,88.4070,85.7320,87.4320,44221833,2.299027
2007-09-03,sh600036,88.4980,89.9720,87.4320,87.9080,47456593,2.298849
2007-09-05,sh600036,86.0040,87.3640,82.9660,84.4170,59361696,2.300191
2007-09-06,sh600036,85.0970,86.7970,83.6910,85.0290,61849755,2.299946
2007-09-07,sh600036,84.5760,85.0290,82.3760,82.7840,66419221,2.300834
2007-09-10,sh600036,81.6280,85.0520,81.4690,83.6230,48536928,2.300495
2007-09-11,sh600036,84.1900,84.4170,79.2020,80.2000,54642911,2.301952
2007-09-12,sh600036,80.1090,81.2430,78.7480,79.6550,51731186,2.302168
2007-09-13,sh600036,79.5420,81.6730,79.5420,80.9930,41111930,2.301591
2007-09-14,sh600036,81.4240,81.9230,79.6550,80.3810,42507131,2.301861
2007-09-17,sh600036,81.6960,83.8500,80.9020,81.4240,58922667,2.301413
2007-09-18,sh600036,81.5830,82.1270,78.2950,79.8590,56617865,2.302076
2007-09-19,sh600036,80.7890,82.8300,79.8590,81.2430,44463468,2.301501
2007-09-20,sh600036,81.6960,83.7370,81.2430,81.6510,40097639,2.301325
2007-09-21,sh600036,82.1040,83.5100,80.3360,82.7840,45044684,2.300834
2007-09-24,sh600036,82.8070,87.0920,82.8070,87.0470,63683741,2.299181
2007-09-25,sh600036,87.2740,88.1350,84.8250,85.0520,35946729,2.299946
2007-09-26,sh600036,84.8930,87.8180,84.6660,85.7090,41307678,2.299678
2007-09-27,sh600036,85.7090,87.2510,85.0970,86.8200,36336818,2.299258
2007-09-28,sh600036,87.7950,88.0450,86.0040,87.9770,64910142,2.298850
2007-10-08,sh600036,90.9920,94.7560,89.2240,93.9620,87014421,2.296798
2007-10-09,sh600036,93.2590,94.5060,91.0600,92.4890,25676121,2.297293
2007-10-10,sh600036,93.2590,97.0000,91.9440,92.9650,43911526,2.297134
2007-10-11,sh600036,94.1660,99.3360,93.6450,98.1340,82254298,2.295532
2007-10-12,sh600036,98.1800,99.1540,91.4460,96.2300,51454362,2.296111
2007-10-15,sh600036,96.0030,98.2480,92.6700,94.4380,41995589,2.296644
2007-10-16,sh600036,96.6600,99.3810,95.6400,96.6150,38577438,2.295984
2007-10-17,sh600036,95.9800,96.4340,93.2140,93.7130,28503559,2.296887
2007-10-18,sh600036,93.7810,94.1890,89.6320,91.5590,40858878,2.297591
2007-10-19,sh600036,91.8990,95.1640,91.8990,93.0100,37589944,2.297110
2007-10-23,sh600036,93.2590,96.8640,91.9220,95.7760,51484018,2.296236
2007-10-24,sh600036,96.6600,100.2430,96.5470,98.6100,59785840,2.295391
2007-10-25,sh600036,98.3610,98.7240,94.6880,95.9800,52415082,2.296172
2007-10-26,sh600036,95.3000,100.0840,94.8690,99.7670,46539217,2.295077
2007-10-29,sh600036,99.6990,105.7070,99.6080,102.1700,37818549,2.294408
2007-10-30,sh600036,102.1930,103.4620,101.3760,102.8730,19471073,2.294224
2007-10-31,sh600036,104.2560,106.2510,100.9230,104.3010,39969951,2.293842
2007-11-01,sh600036,104.4830,106.0700,102.3290,103.6210,24507075,2.294023
2007-11-02,sh600036,101.6490,102.5550,98.8820,99.2680,32969160,2.295214
2007-11-05,sh600036,98.2020,99.3360,96.2750,96.5920,26626287,2.295983
2007-11-06,sh600036,95.9800,98.2480,95.5270,96.7740,19551813,2.295943
2007-11-07,sh600036,97.4540,99.6080,97.2270,99.4720,21246978,2.295155
2007-11-08,sh600036,98.2480,98.6780,93.8940,94.2800,28325426,2.296711
2007-11-09,sh600036,91.9220,96.3200,91.9220,93.3950,21609288,2.296975
2007-11-12,sh600036,91.8540,95.2090,90.7880,94.1210,33871426,2.296755
2007-11-13,sh600036,94.9600,97.2950,90.5390,91.9900,29061498,2.297453
2007-11-14,sh600036,94.1660,95.6400,91.4680,95.5490,26494858,2.296299
2007-11-15,sh600036,95.2320,97.4990,94.8240,95.2090,17402635,2.296406
2007-11-16,sh600036,93.4860,94.8470,91.6270,92.9650,18718298,2.297134
2007-11-19,sh600036,92.9650,93.3950,89.6320,90.0170,23594205,2.298111
2007-11-20,sh600036,89.6320,91.0830,87.2510,90.1530,36597807,2.298063
2007-11-21,sh600036,90.7650,91.8990,88.9290,88.9970,13410918,2.298476
2007-11-22,sh600036,87.5460,88.4070,85.3240,85.7770,24577397,2.299651
2007-11-23,sh600036,84.6660,88.2710,84.6440,88.0450,22897793,2.298825
2007-11-26,sh600036,89.6320,90.7650,87.4550,87.9990,19926648,2.298824
2007-11-27,sh600036,87.2740,88.2710,86.0950,86.3890,14575465,2.299414
2007-11-28,sh600036,86.8200,88.7250,85.8910,86.7290,26039896,2.299284
2007-11-29,sh600036,88.5660,92.6930,87.7720,92.2390,37320500,2.297360
2007-11-30,sh600036,91.6720,91.7180,89.1780,90.1980,20171085,2.298038
2007-12-03,sh600036,89.7450,93.0330,88.9510,91.2870,23101378,2.297684
2007-12-04,sh600036,91.4460,94.2800,91.3320,92.3070,18601447,2.297337
2007-12-05,sh600036,91.9220,95.1190,91.9220,94.9150,21075090,2.296516
2007-12-06,sh600036,95.4130,95.9800,93.9400,94.6650,11277493,2.296579
2007-12-07,sh600036,95.2550,95.5040,93.8940,94.9150,11451889,2.296516
2007-12-10,sh600036,91.8990,94.2340,91.8990,93.7580,37885840,2.296864
2007-12-11,sh600036,93.9170,95.1410,89.1780,91.8540,59925030,2.297499
2007-12-12,sh600036,90.7650,90.7650,87.1380,87.9990,88844262,2.298824
2007-12-13,sh600036,87.3640,88.8150,85.1200,86.0270,35064542,2.299572
2007-12-14,sh600036,85.0970,88.8610,84.8020,88.7020,25530814,2.298575
2007-12-17,sh600036,87.4100,87.7040,82.5580,83.5330,47990402,2.300551
2007-12-18,sh600036,82.8300,84.7570,81.9230,83.3510,26052906,2.300607
2007-12-19,sh600036,84.6660,86.1630,84.4170,84.8930,17159845,2.300000
2007-12-20,sh600036,85.7770,87.4780,84.8930,86.9340,17494344,2.299233
2007-12-21,sh600036,86.2530,88.1580,85.9810,87.1600,30906133,2.299130
2007-12-24,sh600036,88.0670,90.0620,87.3640,89.1560,29757207,2.298427
2007-12-25,sh600036,89.6320,90.4250,87.4100,87.6590,24754341,2.298951
2007-12-26,sh600036,87.6590,89.0880,86.6160,87.5910,33102779,2.298976
2007-12-27,sh600036,87.8400,91.2640,86.9110,91.1960,48095011,2.297707
2007-12-28,sh600036,91.3090,92.0350,90.4930,91.0600,54722573,2.297754
2008-01-02,sh600036,91.0370,91.8760,88.7250,89.1780,34141268,2.298402
2008-01-03,sh600036,88.9290,88.9290,84.8700,87.1830,61678528,2.299130
2008-01-04,sh600036,87.1830,88.8610,86.2310,88.2490,40287848,2.298750
2008-01-07,sh600036,87.5000,90.9920,87.3640,89.7900,50707352,2.298183
2008-01-08,sh600036,91.8310,94.6650,91.4460,92.6020,72967497,2.297246
2008-01-09,sh600036,92.3520,94.5290,92.3300,93.7360,31476204,2.296888
2008-01-10,sh600036,94.1660,94.8690,93.2590,94.3930,32402890,2.296667
2008-01-11,sh600036,94.5060,98.6330,94.4380,98.5650,44894677,2.295412
2008-01-14,sh600036,98.7010,100.1290,97.5670,99.0180,33007057,2.295271
2008-01-15,sh600036,99.0410,99.6080,95.4590,96.0030,36736453,2.296173
2008-01-16,sh600036,94.6200,94.6200,90.0850,90.6970,56416867,2.297872
2008-01-17,sh600036,89.1780,91.8990,88.0220,89.9720,43848089,2.298135
2008-01-18,sh600036,89.6320,92.1260,89.5180,91.2190,26261417,2.297708
2008-01-21,sh600036,91.3320,92.3070,84.9840,85.1880,45126495,2.299892
2008-01-22,sh600036,82.9430,85.1650,78.7480,80.8570,70452660,2.301651
2008-01-23,sh600036,83.1700,85.0970,80.0640,84.4850,49980010,2.300163
2008-01-24,sh600036,86.0040,86.4120,82.3760,84.4170,37022515,2.300191
2008-01-25,sh600036,84.4170,89.3600,81.9000,87.0920,44432253,2.299155
2008-01-28,sh600036,86.0040,86.0040,81.4920,81.8550,27874336,2.301237
2008-01-29,sh600036,83.0110,84.1450,79.2020,80.5620,24429203,2.301771
2008-01-30,sh600036,81.9000,82.0360,72.6720,75.9600,80825557,2.303913
2008-01-31,sh600036,74.8940,76.0730,73.4880,74.9390,40491286,2.304397
2008-02-01,sh600036,74.9390,77.3880,73.5560,76.3900,37830523,2.303679
2008-02-04,sh600036,78.8620,83.6460,78.8620,83.4650,66781458,2.300579
2008-02-05,sh600036,82.3760,84.2810,81.9230,82.9430,24425687,2.300777
2008-02-13,sh600036,80.3360,81.3110,78.9750,79.6330,31896316,2.302197
2008-02-14,sh600036,80.5850,82.4900,79.5420,80.1770,21766632,2.301952
2008-02-15,sh600036,79.4970,79.9950,76.8890,77.2070,27055768,2.303311
2008-02-18,sh600036,78.7030,80.6080,77.9550,79.4290,36752524,2.302290
2008-02-19,sh600036,79.9730,80.5620,78.2950,80.3810,23755852,2.301861
2008-02-20,sh600036,79.4740,80.3810,75.5740,75.8920,80579988,2.303947
2008-02-21,sh600036,75.3470,75.6880,73.5110,74.2140,40193896,2.304783
2008-02-22,sh600036,73.7600,73.7600,69.1800,70.0190,52391442,2.307051
2008-02-25,sh600036,69.8830,69.8830,66.9580,68.7270,37725443,2.307824
2008-02-26,sh600036,71.4930,72.0370,68.5450,70.0420,49994078,2.307049
2008-02-27,sh600036,71.0400,74.4860,70.8130,73.3980,62152052,2.305214
2008-02-28,sh600036,73.7600,75.3470,72.4000,73.2390,30843782,2.305288
2008-02-29,sh600036,73.3300,74.9170,73.2620,73.6920,22903770,2.305036
2008-03-03,sh600036,72.8530,76.8210,72.4000,76.4130,51411308,2.303678
2008-03-04,sh600036,77.1390,77.4330,72.7400,72.9210,46460075,2.305438
2008-03-05,sh600036,72.8990,74.6670,71.5160,74.4630,28997093,2.304643
2008-03-06,sh600036,74.6670,78.7030,72.8990,76.8210,46239137,2.303478
2008-03-07,sh600036,75.5740,78.5900,75.0070,76.3900,29032972,2.303679
2008-03-10,sh600036,74.8940,75.3470,71.2660,71.4930,51170712,2.306226
2008-03-11,sh600036,70.3820,72.1730,70.1330,72.1510,20568426,2.305880
2008-03-12,sh600036,74.5540,75.4610,68.0920,68.4770,37968575,2.307954
2008-03-13,sh600036,68.5000,71.1530,67.1850,69.8380,36991037,2.307169
2008-03-14,sh600036,69.5660,69.6340,66.2780,67.6840,39434932,2.308458
2008-03-17,sh600036,66.9580,69.0900,64.6910,66.2100,23811947,2.309383
2008-03-18,sh600036,65.8470,68.7270,63.6030,65.1670,44849005,2.310067
2008-03-19,sh600036,66.9360,69.4520,65.8700,67.6160,36572350,2.308501
2008-03-20,sh600036,66.9580,71.8330,64.2150,70.6770,67829709,2.306691
2008-03-21,sh600036,70.1330,72.2870,68.7270,70.0420,37482775,2.307049
2008-03-24,sh600036,71.3800,71.3800,65.7110,66.0510,32019604,2.309476
2008-03-25,sh600036,66.2780,69.2480,64.6460,68.5910,45980720,2.307907
2008-03-26,sh600036,69.2480,72.7400,69.2480,70.7900,61088368,2.306615
2008-03-27,sh600036,69.2260,72.5130,68.9990,70.5860,50924824,2.306732
2008-03-28,sh600036,69.8610,76.4810,69.8610,75.3930,80528401,2.304187
2008-03-31,sh600036,72.5810,75.5740,72.4000,74.1460,57190721,2.304818
2008-04-01,sh600036,73.6920,76.9350,71.2210,73.0570,60576245,2.305364
2008-04-02,sh600036,75.0070,77.3880,72.6270,74.2590,93796027,2.304749
2008-04-03,sh600036,73.5340,76.4810,71.2660,76.0280,60308654,2.303879
2008-04-07,sh600036,75.0300,77.9320,74.2140,77.4330,54665057,2.303183
2008-04-08,sh600036,77.5470,77.6600,75.5970,77.0250,36136258,2.303379
2008-04-09,sh600036,76.0280,76.6630,72.1960,72.6270,37089575,2.305619
2008-04-10,sh600036,72.1510,74.4410,71.9460,74.0550,22980531,2.304855
2008-04-11,sh600036,77.0930,77.7050,74.5540,75.5290,37181124,2.304118
2008-04-14,sh600036,73.9870,74.6670,69.0900,69.2480,64025793,2.307498
2008-04-15,sh600036,69.2480,69.9060,66.6180,68.9760,43749374,2.307661
2008-04-16,sh600036,69.1800,71.0400,68.0920,68.7270,33003451,2.307824
2008-04-17,sh600036,68.7270,70.9260,66.8450,67.7970,26418177,2.308376
2008-04-18,sh600036,67.6390,69.5880,65.4620,67.7520,29970625,2.308416
2008-04-21,sh600036,74.3950,74.3950,67.8430,69.5200,55218031,2.307335
2008-04-22,sh600036,68.7720,71.8560,66.7320,71.7420,49919788,2.306075
2008-04-23,sh600036,70.3370,75.2570,70.1330,74.7130,69929007,2.304534
2008-04-24,sh600036,79.4510,82.0590,77.5690,81.9680,201340626,2.301179
2008-04-25,sh600036,80.5620,81.8770,78.9750,79.1340,93847050,2.302415
2008-04-28,sh600036,77.9780,80.4260,76.9350,77.4790,47181871,2.303181
2008-04-29,sh600036,77.5010,79.2020,76.3680,77.1160,39718382,2.303345
2008-04-30,sh600036,77.9550,81.1290,77.8420,80.5850,78551255,2.301771
2008-05-05,sh600036,81.2430,81.6280,78.9980,80.4490,57280526,2.301831
2008-05-06,sh600036,79.6550,79.9950,77.9550,78.2720,39450705,2.302795
2008-05-07,sh600036,78.1820,79.7910,74.7580,75.1890,50066225,2.304291
2008-05-08,sh600036,74.8940,76.0280,73.7600,75.9820,28944983,2.303881
2008-05-09,sh600036,76.7080,77.0930,71.0400,72.0820,90295417,2.305886
2008-05-12,sh600036,70.3820,74.1910,70.3140,73.1030,40721027,2.305361
2008-05-13,sh600036,71.2890,73.2390,70.4950,71.5610,33859448,2.306188
2008-05-14,sh600036,71.4930,75.1210,71.3120,75.0070,40368531,2.304363
2008-05-15,sh600036,75.3700,76.1410,73.4880,73.6700,29343734,2.305069
2008-05-16,sh600036,73.7830,75.2790,73.3300,73.9640,25664442,2.304892
2008-05-19,sh600036,73.5790,73.6470,71.1530,72.6270,23838076,2.305619
2008-05-20,sh600036,72.6270,73.4430,69.2260,69.4980,29682429,2.307371
2008-05-21,sh600036,69.4070,70.7220,67.7520,70.0650,38699335,2.307046
2008-05-22,sh600036,68.7720,69.8610,67.7970,68.5680,27211637,2.307910
2008-05-23,sh600036,68.3410,69.5880,67.6390,68.7720,22869241,2.307785
2008-05-26,sh600036,68.3190,68.7040,66.9580,67.5710,16415345,2.308541
2008-05-27,sh600036,67.6390,68.6130,66.9810,68.0240,16109124,2.308246
2008-05-28,sh600036,68.0920,71.4700,67.7520,70.4050,32789252,2.306848
2008-05-29,sh600036,69.7920,70.6990,68.3870,68.4550,22278540,2.307991
2008-06-03,sh600036,69.1350,70.7220,67.7970,68.5230,30034049,2.307949
2008-06-04,sh600036,68.5230,68.8180,65.0310,66.4370,44775714,2.309246
2008-06-05,sh600036,66.3460,66.3460,65.1440,65.4850,23602449,2.309877
2008-06-06,sh600036,65.6890,66.2550,64.7140,64.9630,23387881,2.310206
2008-06-10,sh600036,61.8340,61.9480,58.5920,58.5920,49072961,2.314974
2008-06-11,sh600036,57.8660,58.4780,54.7600,55.8480,61054152,2.317344
2008-06-12,sh600036,55.5760,55.8260,53.8080,54.2610,45575612,2.318846
2008-06-13,sh600036,54.7370,55.6440,53.9890,54.0800,29146639,2.319039
2008-06-16,sh600036,54.6240,56.7100,53.8080,56.1200,39442569,2.317093
2008-06-17,sh600036,56.0750,57.0950,54.4430,55.3720,19926874,2.317790
2008-06-18,sh600036,55.2360,58.4780,54.4880,57.6170,36055994,2.315796
2008-06-19,sh600036,57.6620,57.6620,54.0120,54.6010,29781842,2.318514
2008-06-20,sh600036,54.7150,58.6830,53.3320,57.0950,58679811,2.316227
2008-06-23,sh600036,55.6220,56.0750,54.4880,55.0770,30858240,2.318056
2008-06-24,sh600036,55.0550,56.2570,54.1710,55.8940,33527809,2.317330
2008-06-25,sh600036,55.6220,57.8660,55.3500,57.2310,31610765,2.316107
2008-06-26,sh600036,57.5490,58.1610,55.8480,57.0500,26565282,2.316281
2008-06-30,sh600036,53.5580,54.7150,53.3540,54.3070,41156575,2.318830
2008-07-01,sh600036,54.6010,54.6470,49.0010,49.0010,65970329,2.324526
2008-07-02,sh600036,49.0010,49.3410,46.8020,48.2980,61682716,2.325373
2008-07-03,sh600036,47.6410,50.3610,46.5980,49.1600,41488946,2.324350
2008-07-04,sh600036,49.2730,50.5880,49.0460,49.4770,26224906,2.323955
2008-07-07,sh600036,50.2480,53.5810,49.6130,52.6060,44490625,2.320512
2008-07-08,sh600036,53.1730,54.4880,51.0190,52.6740,44225319,2.320441
2008-07-09,sh600036,53.8080,56.6420,53.8080,55.5310,67645835,2.317654
2008-07-10,sh600036,54.7370,57.1630,54.1480,55.6220,42977357,2.317583
2008-07-11,sh600036,55.5080,56.0750,54.1480,55.7350,39623779,2.317464
2008-07-14,sh600036,54.9410,57.5260,54.4880,56.4380,33612189,2.316831
2008-07-15,sh600036,56.4830,56.7550,53.1280,53.2180,49613226,2.319878
2008-07-16,sh600036,52.4250,52.6740,50.0670,51.0870,32904359,2.322136
2008-07-17,sh600036,52.6290,53.0820,50.5200,50.9960,28350526,2.322222
2008-07-18,sh600036,51.7900,52.9010,50.6340,52.7420,33067035,2.320370
2008-07-21,sh600036,51.5860,55.1680,51.5860,54.8960,38883267,2.318243
2008-07-22,sh600036,54.7150,55.8260,54.2840,55.3040,25433328,2.317854
2008-07-23,sh600036,55.8480,56.9820,55.5540,55.7800,42294650,2.317408
2008-07-24,sh600036,56.3250,58.9090,56.3250,58.8190,56883749,2.314797
2008-07-25,sh600036,57.6400,58.9090,57.2310,57.8890,48628354,2.315560
2008-07-28,sh600036,58.8410,60.3380,57.5720,57.9340,37288695,2.341714
2008-07-29,sh600036,56.9370,57.8440,56.3930,57.0950,24031585,2.342840
2008-07-30,sh600036,58.2740,58.4560,56.4830,56.7100,27303027,2.343388
2008-07-31,sh600036,57.0050,57.6170,55.3270,55.4400,25178049,2.345178
2008-08-01,sh600036,55.1230,58.5010,54.8960,57.3450,26473328,2.342525
2008-08-04,sh600036,57.1630,58.1610,56.2570,56.8460,23068030,2.343199
2008-08-05,sh600036,57.5040,57.8440,55.3500,55.5990,24999611,2.344960
2008-08-06,sh600036,56.3250,57.7080,55.9160,56.6190,25408021,2.343502
2008-08-07,sh600036,56.5510,57.5040,55.1460,56.5510,22273579,2.343597
2008-08-08,sh600036,56.4830,56.8690,53.9890,54.8730,25962175,2.346003
2008-08-11,sh600036,54.7830,56.7100,52.6740,53.3320,30961206,2.348393
2008-08-12,sh600036,53.3090,53.5810,51.7450,52.3790,22643421,2.349888
2008-08-13,sh600036,51.9710,52.2890,50.2930,51.2910,25989334,2.351719
2008-08-14,sh600036,50.9060,51.2910,49.2960,50.8380,22456760,2.352522
2008-08-15,sh600036,51.0870,52.3570,50.4520,51.6990,20357414,2.351023
2008-08-18,sh600036,51.7220,51.9940,49.7270,49.9310,17924462,2.354125
2008-08-19,sh600036,49.7720,52.1530,49.5910,51.4720,19074017,2.351393
2008-08-20,sh600036,51.1100,56.1430,50.3840,56.0750,54160668,2.344273
2008-08-21,sh600036,55.1000,56.2570,53.7400,54.2840,33054146,2.346909
2008-08-22,sh600036,53.7400,54.6240,52.7870,53.8760,21664989,2.347538
2008-08-25,sh600036,54.0570,55.3040,53.5360,54.1930,15037855,2.347033
2008-08-26,sh600036,53.5360,54.8960,52.9010,53.7170,19388678,2.347771
2008-08-27,sh600036,53.7170,54.8960,53.3320,53.8080,24587773,2.347644
2008-08-28,sh600036,53.8530,55.1680,53.4900,53.7620,19551158,2.347686
2008-08-29,sh600036,54.1710,55.1230,53.5360,54.1710,35497920,2.347097
2008-09-01,sh600036,53.6940,54.1710,50.5430,50.7240,35338666,2.352690
2008-09-02,sh600036,50.2030,50.4070,48.6610,49.1820,46391027,2.355460
2008-09-03,sh600036,49.1820,49.5680,47.0740,47.7770,53103735,2.358193
2008-09-04,sh600036,47.5730,48.5700,46.9380,48.2300,22280230,2.357283
2008-09-05,sh600036,47.1420,47.7540,46.5520,47.1870,28326136,2.359350
2008-09-08,sh600036,47.3910,47.9810,46.9150,47.3910,27778529,2.358935
2008-09-09,sh600036,47.6410,47.7540,46.9600,47.5950,16919688,2.358523
2008-09-10,sh600036,47.1640,47.9810,45.7810,46.7340,27383375,2.360303
2008-09-11,sh600036,46.4840,46.4840,42.5160,42.7430,46155553,2.369346
2008-09-12,sh600036,43.0830,43.2870,41.9720,42.3120,37011109,2.370420
2008-09-16,sh600036,40.1580,40.1580,38.2770,38.2770,81484766,2.381892
2008-09-17,sh600036,36.3040,36.9840,34.6260,34.6490,150530608,2.394540
2008-09-18,sh600036,33.1520,36.6670,32.9030,35.6690,122870912,2.390684
2008-09-19,sh600036,39.0470,39.0470,38.7750,39.0470,34958357,2.379464
2008-09-22,sh600036,42.7660,42.7660,41.0650,42.7660,171054743,2.369307
2008-09-23,sh600036,40.8390,42.6750,40.4080,40.6800,94924172,2.374781
2008-09-24,sh600036,39.7050,40.2940,38.3450,40.0000,44942824,2.376708
2008-09-25,sh600036,40.0900,42.9020,39.7050,41.7460,65450751,2.371932
2008-09-26,sh600036,41.7460,42.1990,40.4530,41.7910,53503560,2.371793
2008-10-06,sh600036,40.6120,40.6120,37.8000,37.8000,61283400,2.383354
2008-10-07,sh600036,35.8510,38.1410,35.4650,37.1880,52647948,2.385375
2008-10-08,sh600036,35.6240,35.8960,33.8100,34.2410,84996854,2.396151
2008-10-09,sh600036,35.0800,35.1700,33.5150,34.4670,52329473,2.395205
2008-10-10,sh600036,32.8580,34.2630,32.3360,33.2200,52944385,2.400289
2008-10-13,sh600036,33.1520,36.3490,32.9030,36.3490,79562831,2.388239
2008-10-14,sh600036,38.0950,38.5260,35.6240,35.6920,94038109,2.390623
2008-10-15,sh600036,35.6460,36.4630,35.0800,36.3040,48543042,2.388421
2008-10-16,sh600036,33.5830,35.5780,33.4700,34.3310,46806424,2.395743
2008-10-17,sh600036,34.9440,35.3740,33.3560,33.9910,34834419,2.397109
2008-10-20,sh600036,33.9230,35.6010,33.3560,35.5560,51557491,2.391123
2008-10-21,sh600036,35.5560,36.3040,34.9440,35.0120,54859241,2.393165
2008-10-22,sh600036,34.3770,35.2840,33.8100,33.8550,39634049,2.397663
2008-10-23,sh600036,33.1300,33.1300,30.8620,32.4270,76445137,2.403781
2008-10-24,sh600036,32.4040,32.4040,29.3660,29.3660,118994183,2.418946
2008-10-27,sh600036,28.7760,28.9580,26.6220,27.1210,70521977,2.432377
2008-10-28,sh600036,26.6220,29.2530,26.0560,28.5950,107721279,2.423305
2008-10-29,sh600036,28.6860,29.7740,28.1420,28.4140,86715981,2.424403
2008-10-30,sh600036,28.6630,29.9550,27.5070,29.4340,71595590,2.418570
2008-10-31,sh600036,29.3430,29.3430,28.0960,28.3460,40943501,2.424808
2008-11-03,sh600036,27.7330,29.2070,27.4390,28.4820,31526642,2.424000
2008-11-04,sh600036,28.4820,28.6180,27.0310,28.1420,41048235,2.426034
2008-11-05,sh600036,28.5040,30.7720,28.5040,30.6580,126190036,2.412116
2008-11-06,sh600036,29.4570,29.8650,29.0030,29.2070,92118776,2.419801
2008-11-07,sh600036,28.3460,31.0890,28.1420,30.2280,96217014,2.414377
2008-11-10,sh600036,30.9760,33.0620,30.7940,32.9260,144773867,2.401605
2008-11-11,sh600036,32.4270,33.0620,31.9510,32.2680,90262232,2.404471
2008-11-12,sh600036,31.8150,33.5380,31.6790,32.6310,71483372,2.402872
2008-11-13,sh600036,31.9050,34.4220,31.3610,33.6290,125604307,2.398645
2008-11-14,sh600036,33.8330,34.6710,33.2660,34.1500,106021224,2.396491
2008-11-17,sh600036,34.0370,34.9210,33.5830,34.6030,101718541,2.394671
2008-11-18,sh600036,34.3310,34.6490,31.3390,31.3390,128372531,2.408839
2008-11-19,sh600036,31.2700,33.5150,31.0210,33.2200,97462018,2.400289
2008-11-20,sh600036,32.2230,33.0160,31.4970,32.0870,84011309,2.405322
2008-11-21,sh600036,30.8170,33.1300,30.0460,31.7920,97761876,2.406662
2008-11-24,sh600036,31.7690,31.7690,30.1370,30.2730,65209959,2.414115
2008-11-25,sh600036,31.0890,31.3160,29.3210,29.8420,60544760,2.416356
2008-11-26,sh600036,29.9100,30.0690,29.2070,29.6380,50918263,2.417455
2008-11-27,sh600036,31.3390,31.9280,29.6830,29.7970,131266986,2.416626
2008-11-28,sh600036,29.3890,29.6150,27.9150,28.3230,84330431,2.424914
2008-12-01,sh600036,28.3230,28.9580,27.6650,28.7760,54648501,2.422222
2008-12-02,sh600036,27.9150,29.0260,27.8010,28.4360,74413961,2.424211
2008-12-03,sh600036,28.9350,30.2050,28.7990,30.1590,134816383,2.414652
2008-12-04,sh600036,30.9760,32.2450,30.5680,30.9760,164456311,2.410584
2008-12-05,sh600036,30.6360,31.5430,30.5220,31.4520,78144546,2.408270
2008-12-08,sh600036,31.9960,33.9910,31.9510,33.9010,165646702,2.397525
2008-12-09,sh600036,34.0140,34.0370,32.2230,32.4040,131185671,2.403858
2008-12-10,sh600036,32.4040,34.6490,32.4040,34.4900,174990792,2.395139
2008-12-11,sh600036,33.9690,34.5130,33.0840,33.6060,114742177,2.398715
2008-12-12,sh600036,33.0160,33.2660,31.1570,31.6790,122461022,2.407219
2008-12-15,sh600036,32.3360,32.3810,30.9530,31.5650,64688213,2.407704
2008-12-16,sh600036,31.0440,31.4520,30.0230,31.2480,71263716,2.409252
2008-12-17,sh600036,31.3160,31.8150,30.5220,31.1120,75069381,2.409915
2008-12-18,sh600036,31.1570,33.0160,30.6810,32.8120,98875026,2.402050
2008-12-19,sh600036,32.5400,34.0370,32.3360,32.9940,105263825,2.401310
2008-12-22,sh600036,33.1300,33.1750,31.9050,32.2450,58416227,2.404549
2008-12-23,sh600036,32.1320,32.1320,30.5680,30.9300,78737475,2.410756
2008-12-24,sh600036,30.4090,31.2020,30.3640,30.6130,51105380,2.412372
2008-12-25,sh600036,30.6810,31.0440,29.6380,29.8870,45127497,2.416087
2008-12-26,sh600036,29.9100,30.2050,29.6830,29.8650,39850672,2.416262
2008-12-29,sh600036,29.5930,29.9100,29.1170,29.6610,35348309,2.417359
2008-12-30,sh600036,29.6830,30.2960,29.1620,29.4110,48572364,2.418668
2008-12-31,sh600036,29.5470,29.9550,29.1850,29.4110,35542743,2.418668
2009-01-05,sh600036,30.0010,30.4540,29.5930,30.3860,62110710,2.413503
2009-01-06,sh600036,30.5220,31.7690,30.3640,31.5430,86854664,2.407863
2009-01-07,sh600036,31.4070,32.2680,30.9760,31.0210,70129340,2.410334
2009-01-08,sh600036,30.4090,30.4090,29.4570,29.5930,83826285,2.417729
2009-01-09,sh600036,29.5930,30.2050,29.5020,30.0690,56470063,2.415181
2009-01-12,sh600036,30.0010,30.5220,29.6380,29.7970,67497424,2.416626
2009-01-13,sh600036,29.0260,29.3660,28.5500,29.0940,68632942,2.420466
2009-01-14,sh600036,29.0480,31.0440,29.0260,30.7940,82343426,2.411433
2009-01-15,sh600036,30.3180,31.4290,29.8650,30.2730,96844274,2.414115
2009-01-16,sh600036,30.5900,32.4490,30.5900,31.7240,154883407,2.406980
2009-01-19,sh600036,32.1320,33.7870,32.1320,32.3590,134459496,2.404086
2009-01-20,sh600036,32.2680,32.6760,31.9280,32.6080,52390630,2.402948
2009-01-21,sh600036,31.8150,33.7420,31.8150,32.8120,100769138,2.402050
2009-01-22,sh600036,33.1520,33.4700,32.5860,33.0390,47505291,2.401090
2009-01-23,sh600036,32.8120,33.1520,32.2000,32.4720,47979392,2.403553
2009-02-02,sh600036,32.7670,33.0160,32.2230,32.4490,38806104,2.403630
2009-02-03,sh600036,32.4720,33.7870,32.4040,33.3790,58522067,2.399641
2009-02-04,sh600036,33.5830,34.8300,33.5600,34.7170,100235792,2.394276
2009-02-05,sh600036,34.7170,35.8510,34.3770,34.6940,104183872,2.394341
2009-02-06,sh600036,34.8080,35.8510,34.7170,35.8280,76556062,2.390127
2009-02-09,sh600036,36.5080,36.7570,35.2610,35.9410,120127545,2.389694
2009-02-10,sh600036,35.7600,35.8280,34.5130,35.5330,114105452,2.391184
2009-02-11,sh600036,34.6710,36.3490,34.1730,35.6920,212153129,2.390623
2009-02-12,sh600036,35.6240,35.7820,33.8100,34.3990,157720500,2.395474
2009-02-13,sh600036,34.4670,35.6690,34.0370,35.4200,172923689,2.391627
2009-02-16,sh600036,35.7600,38.0720,35.7600,37.9590,240941272,2.382863
2009-02-17,sh600036,37.6190,38.5490,36.7800,36.8480,215700958,2.386528
2009-02-18,sh600036,35.8960,36.6890,34.6710,34.8980,184727803,2.393553
2009-02-19,sh600036,35.1700,35.5100,33.5830,34.3770,128687611,2.395610
2009-02-20,sh600036,34.1500,34.6030,33.4020,34.4900,119493597,2.395139
2009-02-23,sh600036,34.0140,35.7370,33.2430,35.3060,182474222,2.392005
2009-02-24,sh600036,34.6030,35.2610,33.1070,33.1300,170298464,2.400725
2009-02-25,sh600036,33.5830,36.2590,32.3360,35.6690,324430539,2.390684
2009-02-26,sh600036,35.1480,36.8710,33.6060,34.1950,384334372,2.396286
2009-03-02,sh600036,34.8300,35.6240,32.4490,34.9890,229556659,2.393228
2009-03-03,sh600036,33.7190,34.6030,33.3110,33.6970,142871132,2.398363
2009-03-04,sh600036,33.7650,36.7570,33.5830,36.2810,266750042,2.388479
2009-03-05,sh600036,36.4630,38.4130,36.1230,37.4150,349635609,2.384640
2009-03-06,sh600036,36.3040,37.8910,36.2590,37.6190,208773366,2.383967
2009-03-09,sh600036,37.8230,38.7300,35.8050,35.8510,206538468,2.390067
2009-03-10,sh600036,35.3970,35.8050,34.4220,35.6240,136408728,2.390872
2009-03-11,sh600036,36.7350,36.7350,34.6940,34.9210,194670153,2.393489
2009-03-12,sh600036,34.6030,34.8300,33.5600,34.3310,145848314,2.395743
2009-03-13,sh600036,34.6030,34.9440,33.9230,34.1050,117668165,2.396697
2009-03-16,sh600036,33.9010,35.0800,33.5830,34.7620,108107682,2.394077
2009-03-17,sh600036,34.7170,36.0550,34.4900,35.8050,164295674,2.390187
2009-03-18,sh600036,36.2590,36.3950,35.3060,35.5330,158179932,2.391184
2009-03-19,sh600036,35.6010,36.1450,35.3520,35.9870,125378583,2.389575
2009-03-20,sh600036,36.0320,36.3040,34.9440,35.4650,132791799,2.391436
2009-03-23,sh600036,35.4200,36.6670,35.0570,36.4400,194466702,2.387942
2009-03-24,sh600036,37.3240,37.5510,36.2360,36.3270,198270326,2.388363
2009-03-25,sh600036,35.8510,37.0070,35.7370,35.8280,145014044,2.390127
2009-03-26,sh600036,35.9410,38.3450,35.9190,38.1860,283195371,2.382158
2009-03-27,sh600036,38.2310,38.5940,37.6190,37.9590,205936235,2.382863
2009-03-30,sh600036,38.2090,38.6850,37.6870,38.1180,146150006,2.382375
2009-03-31,sh600036,37.2560,38.5030,36.7800,37.9590,143812749,2.382863
2009-04-01,sh600036,38.5260,38.7980,38.0040,38.5490,181564929,2.381038
2009-04-02,sh600036,38.7980,40.1580,38.7300,39.2740,203994795,2.378801
2009-04-03,sh600036,39.7500,41.0880,39.6600,40.0900,204502931,2.376408
2009-04-07,sh600036,39.9090,40.3400,38.9790,39.5460,135059127,2.377992
2009-04-08,sh600036,39.2290,39.3650,37.3240,37.4150,179724908,2.384640
2009-04-09,sh600036,37.3240,37.8910,36.8710,37.8460,128299702,2.383249
2009-04-10,sh600036,38.3450,38.5490,37.6640,38.4350,207494423,2.381351
2009-04-13,sh600036,38.6170,39.2290,37.9820,38.9570,204890029,2.379780
2009-04-14,sh600036,38.7300,39.2060,38.4580,38.8890,152228893,2.379988
2009-04-15,sh600036,38.8890,38.8890,37.6870,38.3900,160175599,2.381514
2009-04-16,sh600036,38.3900,39.1380,37.6870,38.7300,205494807,2.380455
2009-04-17,sh600036,38.4130,38.8890,37.8460,38.0040,130217891,2.382696
2009-04-20,sh600036,38.0270,38.9570,38.0270,38.9110,140961313,2.379878
2009-04-21,sh600036,38.2770,38.6170,37.7780,38.1630,129850610,2.382210
2009-04-22,sh600036,38.4350,38.9790,36.8710,37.0750,179408199,2.385779
2009-04-23,sh600036,36.7800,37.3470,36.7120,37.1880,81016984,2.385375
2009-04-24,sh600036,37.3240,37.4150,36.2590,36.4630,125722628,2.387885
2009-04-27,sh600036,36.7800,36.9840,36.1450,36.3270,113754459,2.388363
2009-04-28,sh600036,35.9190,36.7120,35.8050,36.2810,86287408,2.388479
2009-04-29,sh600036,36.2360,38.7980,35.9190,37.9360,204949274,2.382915
2009-04-30,sh600036,37.4150,37.7100,36.8030,36.9840,164075599,2.386065
2009-05-04,sh600036,37.1660,38.1630,36.8480,37.8680,139460443,2.383134
2009-05-05,sh600036,38.3450,38.9340,38.1410,38.4810,149863789,2.381250
2009-05-06,sh600036,38.5710,38.9340,38.2770,38.4810,141527482,2.381250
2009-05-07,sh600036,38.7300,39.3880,38.3900,38.7980,202388154,2.380245
2009-05-08,sh600036,38.7300,41.2920,38.5710,41.0430,359710700,2.373800
2009-05-11,sh600036,41.2470,42.6530,40.1580,40.2940,337228248,2.375825
2009-05-12,sh600036,40.0450,41.7460,39.7960,41.6320,156973831,2.372194
2009-05-13,sh600036,41.6780,42.2670,40.9520,42.0860,143014138,2.371042
2009-05-14,sh600036,41.2920,41.5190,40.5210,40.9070,103206661,2.374173
2009-05-15,sh600036,41.2470,41.4050,40.3620,40.7710,73690353,2.374549
2009-05-18,sh600036,40.3850,40.5440,39.5010,40.4530,97326400,2.375396
2009-05-19,sh600036,40.9520,41.3370,40.3400,40.6570,109664720,2.374825
2009-05-20,sh600036,40.7030,40.7030,39.7280,39.7730,87943017,2.377346
2009-05-21,sh600036,39.5920,40.0680,39.0700,39.1610,96467904,2.379162
2009-05-22,sh600036,38.9110,39.7500,38.8890,39.5920,63793806,2.377898
2009-05-25,sh600036,38.6850,39.6820,38.5710,39.4780,79359046,2.378193
2009-05-26,sh600036,39.4780,39.7050,38.7530,38.7750,76237169,2.380295
2009-05-27,sh600036,38.9790,40.6350,38.9110,40.0680,133110101,2.376512
2009-06-01,sh600036,40.8160,42.6530,40.8160,42.1990,225721792,2.370730
2009-06-02,sh600036,42.7210,43.6950,42.1990,42.2220,181002999,2.370691
2009-06-03,sh600036,42.2900,45.5090,42.2900,45.1010,212630520,2.363784
2009-06-04,sh600036,44.6700,46.6430,44.5570,45.9850,183788450,2.361839
2009-06-05,sh600036,46.0310,46.3480,45.2600,45.3730,75697496,2.363177
2009-06-08,sh600036,45.4190,48.0940,44.9650,46.7560,124814072,2.360222
2009-06-09,sh600036,46.7340,47.1190,45.3050,46.4620,84403813,2.360874
2009-06-10,sh600036,46.4620,47.4140,46.3940,46.7110,65998558,2.360334
2009-06-11,sh600036,46.7340,48.3210,46.5980,47.6630,90765962,2.358387
2009-06-12,sh600036,47.4140,48.1850,45.6000,46.4160,82107696,2.360936
2009-06-15,sh600036,46.3710,49.8850,46.3710,49.7950,144366784,2.354374
2009-06-16,sh600036,49.1820,50.7700,48.9560,49.7950,104119287,2.354374
2009-06-17,sh600036,49.5230,51.1780,48.7290,50.5880,70165199,2.352930
2009-06-18,sh600036,50.6790,52.9920,50.6790,52.2430,122419016,2.350112
2009-06-22,sh600036,53.1960,53.8080,51.9490,52.2210,90931931,2.350180
2009-06-23,sh600036,51.5180,54.2160,50.5880,52.8560,110058061,2.349156
2009-06-24,sh600036,52.2210,52.6290,50.3840,51.1780,140997769,2.351930
2009-06-25,sh600036,51.0420,51.8580,50.5430,51.1550,81187563,2.351954
2009-06-26,sh600036,51.3140,52.0850,50.9510,51.4720,59553517,2.351393
2009-06-29,sh600036,52.1530,53.7170,51.7900,53.4220,83068402,2.348220
2009-06-30,sh600036,53.7400,53.7620,52.0620,52.6510,67251027,2.349442
2009-07-01,sh600036,52.6290,54.3290,51.9030,54.0570,91389509,2.347243
2009-07-02,sh600036,54.3290,55.0770,53.6490,53.9440,95558277,2.347433
2009-07-03,sh600036,53.6200,57.0980,53.2070,56.8620,139088012,3.058741
2009-07-06,sh600036,56.8030,58.7480,56.0370,57.5400,134485587,3.057386
2009-07-07,sh600036,57.5690,58.3950,56.5380,57.0090,119415321,3.058423
2009-07-08,sh600036,56.5670,56.5670,53.9440,55.9480,164079314,3.060613
2009-07-09,sh600036,55.7120,56.0960,54.4740,55.9190,133098084,3.064055
2009-07-10,sh600036,56.0070,56.4200,55.0340,56.1540,108071532,3.060163
2009-07-13,sh600036,55.8600,55.8890,54.5630,54.7100,115658164,3.063270
2009-07-14,sh600036,54.7990,55.8890,54.7990,55.6240,119085554,3.061310
2009-07-15,sh600036,55.8010,56.4790,55.4180,55.8010,116874569,3.060943
2009-07-16,sh600036,56.2130,58.0700,55.5350,56.9800,194247088,3.058508
2009-07-17,sh600036,57.0090,57.2160,56.0070,56.4200,105035668,3.059653
2009-07-20,sh600036,56.5670,56.9500,55.7120,56.5670,114923954,3.059329
2009-07-21,sh600036,56.6850,58.2470,56.2720,56.8030,147676629,3.058858
2009-07-22,sh600036,57.0390,58.4240,56.4200,58.2180,174572996,3.056063
2009-07-23,sh600036,58.1590,60.3400,57.4810,59.2790,164837180,3.054044
2009-07-24,sh600036,59.7210,60.4280,58.1880,59.5440,120579872,3.053538
2009-07-27,sh600036,59.5440,60.7820,59.1900,60.1040,98508103,3.052514
2009-07-28,sh600036,60.1040,60.1930,57.4810,59.2490,109166786,3.054072
2009-07-29,sh600036,59.1610,60.7530,54.8280,56.7730,164395975,3.058890
2009-07-30,sh600036,57.1270,59.8390,57.1270,59.0430,182580170,3.054475
2009-07-31,sh600036,59.5440,60.5760,59.1020,59.9570,117063243,3.052800
2009-08-03,sh600036,60.2810,60.3990,58.0700,59.5740,118095237,3.053511
2009-08-04,sh600036,59.7210,59.7210,57.5100,58.2180,122220190,3.056063
2009-08-05,sh600036,58.0700,58.2180,56.8320,57.0090,131881062,3.058423
2009-08-06,sh600036,56.5970,57.0090,54.3860,55.9190,141681928,3.060701
2009-08-07,sh600036,55.9190,56.7730,54.7400,55.0640,105667257,3.062514
2009-08-10,sh600036,55.5650,55.9480,53.6790,54.6510,84816931,3.063397
2009-08-11,sh600036,54.8280,55.1230,53.7080,54.6810,65906579,3.063361
2009-08-12,sh600036,54.7400,55.6530,53.2950,53.3840,117123169,3.066284
2009-08-13,sh600036,53.5310,54.7690,51.5560,54.1800,123483810,3.064480
2009-08-14,sh600036,53.2070,54.0910,52.5000,52.9420,112413908,3.067323
2009-08-17,sh600036,52.4700,52.4700,49.1690,49.6990,138011221,3.075433
2009-08-18,sh600036,48.9620,49.9650,47.7830,49.2870,93973557,3.076592
2009-08-19,sh600036,49.3460,50.7020,47.6950,48.2550,97392624,3.079451
2009-08-20,sh600036,48.3440,49.7880,48.2850,49.6400,97986989,3.075589
2009-08-21,sh600036,49.3750,50.8190,48.8740,49.9350,104184913,3.074815
2009-08-24,sh600036,50.2000,50.4070,48.4910,49.3160,118430258,3.076482
2009-08-25,sh600036,49.1980,49.1980,45.0420,46.4280,160647121,3.084917
2009-08-26,sh600036,46.2800,47.3120,45.7200,46.8700,116152762,3.083553
2009-08-27,sh600036,46.8700,47.5770,45.8680,46.4280,94235523,3.084917
2009-08-28,sh600036,46.3980,46.8400,44.3940,44.9240,118867853,3.089684
2009-08-31,sh600036,43.3330,43.3330,42.0650,42.2420,136848228,3.099193
2009-09-01,sh600036,42.3310,43.9220,42.3010,43.1850,116309914,3.095699
2009-09-02,sh600036,42.7430,45.2490,42.4780,44.7180,125599909,3.090394
2009-09-03,sh600036,44.9540,47.0170,44.5120,46.8700,133105182,3.083553
2009-09-04,sh600036,47.1350,47.9310,46.6340,46.9580,86176687,3.083257
2009-09-07,sh600036,47.4590,47.9010,46.4870,46.8990,78419348,3.083432
2009-09-08,sh600036,46.6930,47.5180,45.9560,47.4590,74444598,3.081753
2009-09-09,sh600036,47.7250,47.8130,46.2800,47.1350,76185461,3.082734
2009-09-10,sh600036,47.0760,47.2820,46.2510,46.6630,61707566,3.084137
2009-09-11,sh600036,46.6040,49.2280,46.2800,48.6970,125674518,3.078192
2009-09-14,sh600036,48.7860,49.0800,48.3730,48.9330,81270542,3.077547
2009-09-15,sh600036,49.0800,49.7880,48.6380,49.2870,79346964,3.076592
2009-09-16,sh600036,48.9330,49.5230,47.8130,48.2850,72001289,3.079401
2009-09-17,sh600036,48.6380,49.3750,48.4910,48.8450,72214136,3.077820
2009-09-18,sh600036,48.9330,49.0510,46.7520,47.0760,88216691,3.082908
2009-09-21,sh600036,46.7220,47.1940,45.7200,46.9290,71365389,3.083377
2009-09-22,sh600036,46.8110,47.4590,45.5430,45.7200,73896958,3.087103
2009-09-23,sh600036,45.8090,46.4280,44.6590,45.1010,69770315,3.089110
2009-09-24,sh600036,45.1310,47.0760,44.3940,46.2210,103874379,3.085514
2009-09-25,sh600036,45.7500,46.3980,45.2490,45.6910,66158298,3.087230
2009-09-28,sh600036,45.7500,46.1330,44.5120,44.6890,42579621,3.090526
2009-09-29,sh600036,44.9540,45.8090,44.5120,45.0420,82212986,3.089300
2009-09-30,sh600036,45.4840,46.1920,45.1310,45.6320,50487833,3.087415
2009-10-09,sh600036,46.5750,47.9010,46.3690,47.7830,86281604,3.080787
2009-10-12,sh600036,48.3440,49.2570,47.9310,48.0190,90278625,3.080115
2009-10-13,sh600036,47.9310,49.2280,47.7830,49.1980,96875888,3.076798
2009-10-14,sh600036,49.2570,49.6110,48.6380,48.7860,164340652,3.077981
2009-10-15,sh600036,49.3460,49.8170,48.5790,48.6380,98744619,3.078354
2009-10-16,sh600036,48.7860,49.4340,48.2550,49.1690,77339754,3.076909
2009-10-20,sh600036,50.7600,51.7330,50.5540,51.3790,167108935,3.071070
2009-10-21,sh600036,51.3790,52.7350,50.9960,51.8810,127206267,3.069882
2009-10-22,sh600036,51.8220,52.9420,51.6150,52.0280,83418555,3.069499
2009-10-23,sh600036,52.0570,54.6810,52.0570,54.2680,137864942,3.064257
2009-10-26,sh600036,54.3270,55.4180,54.3270,55.1230,97238189,3.062389
2009-10-27,sh600036,54.5330,55.3590,53.8850,54.2390,96532198,3.064350
2009-10-28,sh600036,54.0320,54.5920,52.1750,53.6790,92177473,3.065620
2009-10-29,sh600036,52.5000,53.6790,52.1750,52.3520,81222860,3.068699
2009-10-30,sh600036,53.3540,55.4180,52.9120,54.4450,119065148,3.063872
2009-11-02,sh600036,52.6170,58.0700,52.4700,57.1570,193315489,3.058159
2009-11-03,sh600036,57.1860,58.3650,57.1570,57.5100,107689476,3.057416
2009-11-04,sh600036,57.4810,58.3650,56.5970,57.8050,96773560,3.056848
2009-11-05,sh600036,57.6870,58.0700,56.8620,57.5400,64842683,3.057386
2009-11-06,sh600036,57.8350,58.8070,57.2450,57.5690,69266817,3.057302
2009-11-09,sh600036,57.5690,57.6870,56.0070,57.0680,67045849,3.058307
2009-11-10,sh600036,57.4510,57.9520,56.8320,57.1270,67640859,3.058191
2009-11-11,sh600036,56.9210,56.9210,55.6240,55.9780,84883007,3.060580
2009-11-12,sh600036,56.1540,56.7440,55.1230,55.4180,89812300,3.070249
2009-11-13,sh600036,55.4470,56.2430,54.8580,56.1840,86648686,3.060131
2009-11-16,sh600036,56.3610,57.7170,56.3610,57.6280,94915183,3.057188
2009-11-17,sh600036,58.0410,59.1900,57.7760,58.0410,102361771,3.056398
2009-11-18,sh600036,58.3650,58.5130,57.2750,57.5400,60906272,3.057386
2009-11-19,sh600036,57.5400,57.8640,55.8300,56.5670,127925857,3.059329
2009-11-20,sh600036,56.5670,56.7440,55.7120,56.3020,75792373,3.059891
2009-11-23,sh600036,56.3310,56.8030,56.0070,56.6850,71300191,3.059093
2009-11-24,sh600036,56.9210,57.1270,54.7400,54.7990,129552949,3.063108
2009-11-25,sh600036,54.9750,55.6240,53.3540,55.3000,155182516,3.062016
2009-11-26,sh600036,54.9460,54.9460,52.2340,52.8240,161415535,3.067596
2009-11-27,sh600036,52.1750,53.4720,51.2910,51.9100,110547294,3.069781
2009-11-30,sh600036,52.4700,53.0600,51.9100,53.0300,86391749,3.067091
2009-12-01,sh600036,52.8830,53.5900,51.7630,53.3250,122268531,3.066417
2009-12-02,sh600036,53.4130,54.2980,53.0600,53.3840,106841555,3.066284
2009-12-03,sh600036,53.3840,53.3840,52.5290,52.8830,70698049,3.067459
2009-12-04,sh600036,52.6760,55.4180,52.0570,55.2410,235445241,3.062140
2009-12-07,sh600036,55.2700,56.0070,54.8280,55.4180,124567964,3.061768
2009-12-08,sh600036,55.5650,55.7710,54.3860,54.5920,76144628,3.063524
2009-12-09,sh600036,53.7080,54.2090,53.0600,53.2660,66018510,3.066552
2009-12-10,sh600036,53.7370,54.2390,53.0010,53.6200,46929830,3.065752
2009-12-11,sh600036,53.8850,54.7990,53.5900,54.0030,49658791,3.064869
2009-12-14,sh600036,53.6490,55.7710,52.7940,55.2110,127302522,3.062174
2009-12-15,sh600036,54.8280,55.9190,54.4150,54.9460,78864543,3.062765
2009-12-16,sh600036,54.7690,56.0660,54.5330,54.8280,80020768,3.063017
2009-12-17,sh600036,55.3000,55.7120,53.3250,53.6490,73405221,3.065657
2009-12-18,sh600036,53.0600,53.7370,52.0570,52.7060,69406555,3.067870
2009-12-21,sh600036,52.5000,53.0600,50.9370,51.6450,81248357,3.070452
2009-12-22,sh600036,51.8810,52.0570,49.4640,50.2000,81580952,3.074097
2009-12-23,sh600036,50.1710,50.4660,49.2280,50.0830,58004323,3.074463
2009-12-24,sh600036,50.4070,51.5860,49.5230,51.2620,71117337,3.071420
2009-12-25,sh600036,50.8490,51.2320,50.2000,50.4070,55008064,3.073598
2009-12-28,sh600036,50.5540,52.2930,50.4070,51.5560,80164194,3.070637
2009-12-29,sh600036,51.5860,52.8830,51.2910,52.6760,71441718,3.067909
2009-12-30,sh600036,52.7940,55.5650,52.6470,55.1820,227276749,3.062264
2009-12-31,sh600036,55.2700,55.8300,54.6810,55.2700,101541368,3.062050
2010-01-04,sh600036,54.9170,55.4470,54.1210,54.2680,74613558,3.064257
2010-01-05,sh600036,54.2680,55.1230,53.1770,54.3270,91401373,3.064129
2010-01-06,sh600036,54.2090,54.2090,53.0890,53.2360,77427706,3.066590
2010-01-07,sh600036,53.1480,53.4430,51.5270,51.9100,101943196,3.069781
2010-01-08,sh600036,51.8220,52.1160,51.2320,51.9100,80359862,3.069781
2010-01-11,sh600036,54.7690,54.8580,51.5860,51.9980,146569250,3.069540
2010-01-12,sh600036,51.8220,52.6760,50.5540,52.3820,112189832,3.068658
2010-01-13,sh600036,50.7600,51.2910,49.1390,49.6700,205223276,3.075542
2010-01-14,sh600036,49.8170,50.2590,49.0800,50.2000,124717572,3.074097
2010-01-15,sh600036,50.0240,50.5840,49.3160,50.1420,87302199,3.074310
2010-01-18,sh600036,49.5230,50.0830,49.1980,49.7580,96022634,3.075278
2010-01-19,sh600036,49.8760,50.4070,49.6990,49.9650,98444269,3.074769
2010-01-20,sh600036,50.0830,50.1420,48.6970,48.8150,107880628,3.077869
2010-01-21,sh600036,48.8740,50.1120,48.6380,49.6700,91285813,3.075542
2010-01-22,sh600036,49.2280,51.7330,49.0800,51.2030,194447102,3.071566
2010-01-25,sh600036,50.3770,51.5560,49.6700,49.9060,95604860,3.074923
2010-01-26,sh600036,49.9060,50.2890,48.9330,49.4930,97364890,3.076010
2010-01-27,sh600036,49.5520,49.7290,47.4590,47.5770,141106541,3.081412
2010-01-28,sh600036,47.5480,47.5480,46.2210,46.6630,111465663,3.084137
2010-01-29,sh600036,46.2800,47.7540,46.1030,46.7810,92338067,3.083784
2010-02-01,sh600036,46.8400,47.5180,45.8680,47.1350,87195690,3.082734
2010-02-02,sh600036,47.4590,48.8740,47.1940,48.1370,112323804,3.079782
2010-02-03,sh600036,48.2260,49.4930,47.4300,49.1980,98754882,3.076798
2010-02-04,sh600036,48.6380,49.3750,48.5200,48.7860,50717779,3.077981
2010-02-05,sh600036,48.0490,48.4610,47.1350,47.6950,55600840,3.081072
2010-02-08,sh600036,47.6950,48.0490,46.5160,46.6630,53513964,3.084137
2010-02-09,sh600036,46.7220,47.4300,46.6040,47.1940,42953660,3.082560
2010-02-10,sh600036,47.5180,48.0490,47.3120,47.8420,42895905,3.080618
2010-02-11,sh600036,47.9900,48.3730,47.7250,47.9310,38843244,3.080398
2010-02-12,sh600036,48.2260,48.6680,48.0780,48.5790,39007663,3.078517
2010-02-22,sh600036,48.3440,49.0800,47.8420,48.4320,37512236,3.078957
2010-02-23,sh600036,48.3140,48.3140,46.8990,47.6360,47983122,3.081242
2010-02-24,sh600036,47.0760,47.9310,46.8700,47.9010,40697391,3.080450
2010-02-25,sh600036,47.9010,49.3750,47.8420,48.8150,70446388,3.077869
2010-02-26,sh600036,48.6380,49.3160,48.3730,48.9330,49214521,3.077547
2010-03-01,sh600036,49.0800,50.2590,48.9330,50.1120,81300926,3.074356
2010-03-02,sh600036,50.4070,50.8490,50.1120,50.5840,109780837,3.073147
2010-03-03,sh600036,50.5840,50.7020,49.9650,50.6720,70933393,3.072893
2010-03-04,sh600036,50.7020,50.8780,49.2570,49.5810,85453648,3.075744
2010-03-15,sh600036,49.6350,49.8680,47.9390,48.2380,65556181,3.239624
2010-03-16,sh600036,48.2380,49.9340,47.9390,49.8340,65194813,3.242290
2010-03-17,sh600036,49.6680,51.0650,49.2690,50.7650,60533987,3.243770
2010-03-18,sh600036,50.7650,51.1640,50.1670,50.3660,54236414,3.243142
2010-03-19,sh600036,50.2330,50.6660,49.8010,50.3660,47502336,3.243142
2010-03-22,sh600036,50.3660,51.8300,50.3000,50.8320,65221448,3.243906
2010-03-23,sh600036,50.9650,51.4640,50.2670,50.4990,48147797,3.243353
2010-03-24,sh600036,50.6320,51.2970,50.4330,50.4990,47651403,3.243353
2010-03-25,sh600036,50.3660,50.4000,49.5680,50.0340,38945883,3.242644
2010-03-26,sh600036,49.8680,51.8630,49.7350,51.0650,79833017,3.244282
2010-03-29,sh600036,51.4970,53.2590,51.4300,52.9270,157301343,3.247055
2010-03-30,sh600036,53.0930,53.6580,52.5940,53.3920,89502236,3.247689
2010-03-31,sh600036,53.3590,53.5920,52.6280,52.8600,55696882,3.246929
2010-04-01,sh600036,52.9270,53.5250,52.6940,53.1930,63595885,3.247436
2010-04-02,sh600036,53.4260,53.5920,52.6610,52.8940,60084945,3.247023
2010-04-06,sh600036,53.2930,54.1910,52.8940,53.1930,77952073,3.247436
2010-04-07,sh600036,53.1260,53.2590,52.2620,52.7940,63770204,3.246863
2010-04-08,sh600036,52.7270,52.7270,51.0980,51.6630,83147262,3.245163
2010-04-09,sh600036,51.5970,52.2290,51.5300,52.0620,55262932,3.245761
2010-04-12,sh600036,52.3620,52.6610,50.5990,51.5300,83130063,3.244962
2010-04-13,sh600036,51.4970,52.7610,50.9650,52.3950,109355837,3.246283
2010-04-14,sh600036,52.5610,52.7610,52.0290,52.3950,66983044,3.246283
2010-04-15,sh600036,52.6280,52.7270,51.5300,52.2290,79473914,3.246053
2010-04-16,sh600036,52.0620,52.1290,50.8320,50.8980,78519284,3.243977
2010-04-19,sh600036,49.8680,49.8680,46.2100,47.5730,221615181,3.238462
2010-04-20,sh600036,47.5400,48.0050,46.1100,46.8750,135767719,3.237224
2010-04-21,sh600036,47.0080,47.5400,46.1100,47.4730,123792937,3.238267
2010-04-22,sh600036,46.9410,46.9410,45.3120,45.8770,170907398,3.235331
2010-04-23,sh600036,45.9100,46.5420,45.2450,45.8440,105750916,3.235286
2010-04-26,sh600036,45.9770,46.1100,45.3120,45.4450,63838710,3.234520
2010-04-27,sh600036,45.3120,45.3780,43.8820,44.6130,93759160,3.232826
2010-04-28,sh600036,44.2140,45.0790,43.6490,44.6800,68268065,3.232996
2010-04-29,sh600036,45.1790,46.1760,45.0130,45.3780,89171473,3.234355
2010-04-30,sh600036,45.7770,46.2100,45.1120,46.1760,80537849,3.235879
2010-05-04,sh600036,45.1790,46.0430,44.4140,44.9460,79600122,3.233525
2010-05-05,sh600036,44.4470,45.2790,43.5160,45.1120,85118657,3.233835
2010-05-06,sh600036,44.7800,44.8460,42.9180,42.9840,91012955,3.229452
2010-05-07,sh600036,42.0860,43.8820,41.6540,43.1500,100374488,3.229790
2010-05-10,sh600036,43.2170,44.2140,43.0510,43.9150,63727075,3.231420
2010-05-11,sh600036,44.9790,45.2120,42.4520,43.0510,96994529,3.229632
2010-05-12,sh600036,42.8510,44.4800,42.2860,44.1150,89101564,3.231868
2010-05-13,sh600036,44.1150,45.5780,43.9480,45.4450,128406534,3.234520
2010-05-14,sh600036,45.0460,45.3120,44.4140,44.8790,60199512,3.233357
2010-05-17,sh600036,44.2810,44.2810,42.4520,43.0840,76639435,3.229685
2010-05-18,sh600036,43.1500,44.6800,42.9840,44.5140,78612356,3.232680
2010-05-19,sh600036,44.1480,45.2120,43.2830,44.0810,66338992,3.231745
2010-05-20,sh600036,43.6490,44.6470,43.4830,43.7820,44921923,3.231144
2010-05-21,sh600036,42.4520,44.4140,42.3190,44.1810,55981035,3.231968
2010-05-24,sh600036,44.3810,45.9770,44.3810,45.3450,116472108,3.234308
2010-05-25,sh600036,45.2450,45.2450,43.9480,44.2480,69601783,3.232140
2010-05-26,sh600036,44.3810,44.7460,43.7820,44.0810,49238527,3.231745
2010-05-27,sh600036,44.0810,44.7130,43.1500,44.4470,66663632,3.232509
2010-05-28,sh600036,44.9460,45.0460,43.6160,44.0150,65286961,3.231645
2010-05-31,sh600036,43.5490,43.9820,42.6510,42.7180,66974931,3.228874
2010-06-01,sh600036,42.6180,43.2170,42.1860,42.3850,64383005,3.228104
2010-06-02,sh600036,42.5180,42.6850,42.0530,42.4190,42962333,3.228234
2010-06-03,sh600036,42.7510,43.2170,42.3850,42.4520,58481436,3.228289
2010-06-04,sh600036,42.4190,42.6510,42.1190,42.5520,32270827,3.228528
2010-06-07,sh600036,41.9530,42.1190,40.9560,41.2880,73455103,3.225625
2010-06-08,sh600036,41.2550,41.5870,39.8910,40.3570,70867131,3.223403
2010-06-09,sh600036,40.6230,42.4520,39.6590,42.0530,136874764,3.227398
2010-06-10,sh600036,41.2220,41.3210,40.6230,40.8890,64701697,3.224685
2010-06-11,sh600036,41.2220,41.9860,40.8890,41.0550,61691187,3.225059
2010-06-17,sh600036,41.9530,42.0200,41.0550,41.4210,53263672,3.225935
2010-06-18,sh600036,41.4210,42.1860,41.0890,41.4880,61891741,3.226128
2010-06-21,sh600036,41.7870,43.3830,41.5540,43.1500,117355253,3.229790
2010-06-22,sh600036,43.1500,43.3830,42.7850,43.0170,59317044,3.229505
2010-06-24,sh600036,42.4850,43.6160,42.1860,42.9180,52124716,3.229345
2010-06-25,sh600036,42.6180,43.6490,42.5180,43.2500,58539746,3.230022
2010-06-28,sh600036,43.2830,44.5140,43.1170,43.6820,76194739,3.230917
2010-06-29,sh600036,43.8820,44.0480,41.8870,42.0530,98820167,3.227398
2010-06-30,sh600036,41.9200,42.3190,41.2880,41.9860,54486790,3.227210
2010-07-01,sh600036,42.0530,42.7510,41.7870,42.0200,48130608,3.280250
2010-07-02,sh600036,42.0860,42.6850,41.1880,42.3520,61083248,3.280558
2010-07-05,sh600036,41.9860,42.6850,41.5210,41.9200,51274646,3.280125
2010-07-06,sh600036,41.9200,43.1500,41.9200,43.0840,64202277,3.281340
2010-07-07,sh600036,42.8840,43.3170,42.7180,43.1500,43182540,3.281369
2010-07-08,sh600036,43.7490,44.2480,43.1500,43.3500,56231427,3.281605
2010-07-09,sh600036,43.5830,45.4780,43.0170,44.7460,101463154,3.282905
2010-07-12,sh600036,44.7800,45.9770,44.4800,45.6780,95617800,3.283825
2010-07-13,sh600036,45.0130,45.4780,44.4140,45.1120,58847670,3.283261
2010-07-14,sh600036,45.2450,46.2430,44.9790,45.4450,82216437,3.283598
2010-07-15,sh600036,45.3120,46.1100,44.4470,44.5140,66364085,3.282743
2010-07-16,sh600036,44.2810,45.0790,43.8490,44.8130,47994302,3.283004
2010-07-19,sh600036,44.4470,46.0430,44.2480,46.0100,86999134,3.284083
2010-07-20,sh600036,45.9770,46.8080,45.6780,45.9770,101843807,3.284071
2010-07-21,sh600036,46.0770,46.2100,45.6440,45.8440,53729831,3.283954
2010-07-22,sh600036,45.6440,46.6420,45.6440,46.4420,70079584,3.284441
2010-07-23,sh600036,46.6420,47.5730,46.4420,46.8750,109498855,3.284863
2010-07-26,sh600036,46.9740,47.1410,46.2430,46.8410,43956491,3.284783
2010-07-27,sh600036,46.6750,46.6750,46.0430,46.3430,44521386,3.284408
2010-07-28,sh600036,46.4760,47.7060,46.0770,47.5400,94068557,3.285418
2010-07-29,sh600036,47.5400,48.1720,47.3070,47.7730,84379352,3.285626
2010-07-30,sh600036,47.5070,48.0050,47.0740,47.7060,48614635,3.285537
2010-08-02,sh600036,47.5730,48.8030,47.3740,48.6040,69289136,3.286275
2010-08-03,sh600036,48.8030,48.9360,47.1740,47.2740,58960422,3.285198
2010-08-04,sh600036,47.1740,47.5730,46.2100,47.0410,79560772,3.284986
2010-08-05,sh600036,47.0410,47.1740,45.8770,46.0770,94247860,3.284177
2010-08-06,sh600036,45.9770,46.7750,45.4780,46.5750,68241877,3.284556
2010-08-09,sh600036,46.4090,47.2400,46.2100,47.0080,69823300,3.284976
2010-08-10,sh600036,46.9740,47.5070,45.4780,45.5110,75997833,3.283622
2010-08-11,sh600036,45.4120,45.8770,45.2790,45.5780,48789951,3.283718
2010-08-12,sh600036,45.2790,45.5450,44.3810,44.5470,65033785,3.282756
2010-08-13,sh600036,44.6130,45.1460,43.7490,45.0460,79478217,3.283236
2010-08-16,sh600036,44.6470,46.1760,44.4800,45.9100,69050047,3.283977
2010-08-17,sh600036,45.9770,46.1430,45.3450,46.0100,52080918,3.284083
2010-08-18,sh600036,45.9770,46.6750,45.4120,45.5780,67457637,3.283718
2010-08-19,sh600036,45.9440,47.1740,45.7440,46.6090,111300146,3.284637
2010-08-20,sh600036,46.5420,47.2740,46.1100,46.2760,94235059,3.284315
2010-08-23,sh600036,46.3090,47.4730,46.3090,46.6420,64347242,3.284648
2010-08-24,sh600036,46.5750,46.9410,45.7110,46.2100,57689580,3.284293
2010-08-25,sh600036,45.9440,46.0430,44.6470,44.8130,74954161,3.283004
2010-08-26,sh600036,44.9130,45.1120,44.3140,44.5800,50384600,3.282769
2010-08-27,sh600036,44.6470,44.9790,44.3140,44.6130,33987800,3.282781
2010-08-30,sh600036,44.8130,45.5780,44.6470,45.1460,68381500,3.283345
2010-08-31,sh600036,44.8460,45.1120,44.3140,44.4470,74256900,3.282644
2010-09-01,sh600036,44.6130,45.5110,44.0480,44.6130,101371900,3.282781
2010-09-02,sh600036,45.2790,45.3780,44.4800,44.8130,80028600,3.283004
2010-09-03,sh600036,44.8790,45.0460,44.0480,44.7800,73780000,3.282991
2010-09-06,sh600036,44.9130,45.6110,44.6470,45.5780,95019200,3.283718
2010-09-07,sh600036,45.6110,46.2100,45.1460,45.4450,65664300,3.283598
2010-09-08,sh600036,45.2120,45.2120,44.3470,44.5140,90697500,3.282743
2010-09-09,sh600036,44.5800,44.5800,43.2500,43.4160,106961700,3.281633
2010-09-10,sh600036,43.4830,43.8820,43.1170,43.5830,71920500,3.281852
2010-09-13,sh600036,43.5490,43.9150,42.8180,43.5160,100727500,3.281750
2010-09-14,sh600036,43.7490,44.2810,43.6160,43.8490,97018300,3.282111
2010-09-15,sh600036,43.8150,43.8150,42.6510,43.0510,77844600,3.281326
2010-09-16,sh600036,42.9840,43.1170,41.4880,41.9860,108495100,3.280156
2010-09-17,sh600036,42.0860,42.4850,41.6540,42.1530,53994900,3.280389
2010-09-20,sh600036,42.1190,42.7510,41.7200,42.2860,49316700,3.280528
2010-09-21,sh600036,42.3850,42.5520,42.0530,42.2190,34440000,3.280420
2010-09-27,sh600036,42.3190,42.4520,41.9530,42.1190,46550800,3.280296
2010-09-28,sh600036,42.0860,42.1190,41.1220,41.3550,73266300,3.279540
2010-09-29,sh600036,41.0220,42.0860,41.0220,41.5210,53191600,3.279700
2010-09-30,sh600036,41.0220,42.6850,41.0220,42.4850,64163700,3.280695
2010-10-08,sh600036,42.9840,44.4800,42.4190,44.1150,111173000,3.282366
2010-10-11,sh600036,44.3140,46.1430,44.2140,45.6440,180388100,3.283741
2010-10-12,sh600036,45.3120,45.8770,44.9790,45.4450,105910400,3.283598
2010-10-13,sh600036,45.8770,47.8060,45.8770,47.6060,212063900,3.285438
2010-10-14,sh600036,48.1050,49.4680,47.6400,47.7390,222343500,3.285547
2010-10-15,sh600036,47.6400,50.3660,47.3070,50.0670,316139100,3.287393
2010-10-18,sh600036,51.1310,52.3620,50.1670,50.2330,239567800,3.287500
2010-10-19,sh600036,50.1340,50.9650,49.1360,50.9320,129469900,3.288057
2010-10-20,sh600036,51.3310,52.8940,50.8980,51.7300,207302400,3.288620
2010-10-21,sh600036,51.4640,51.5970,49.2360,49.7680,172398700,3.287186
2010-10-22,sh600036,49.7680,49.9010,48.5040,49.3690,114190800,3.286884
2010-10-25,sh600036,49.4020,50.2670,48.1720,49.8680,144407100,3.287278
2010-10-26,sh600036,50.1340,50.4660,48.7700,49.1690,140274000,3.286698
2010-10-27,sh600036,48.9030,50.3000,48.0050,48.5040,116505700,3.286179
2010-10-28,sh600036,48.5040,49.5350,48.2710,49.0690,81284100,3.286604
2010-10-29,sh600036,49.1360,49.1360,47.3400,47.8720,122692200,3.285655
2010-11-01,sh600036,48.0050,49.0690,47.8060,48.6700,132309900,3.286293
2010-11-02,sh600036,48.7370,49.2690,47.9060,48.5040,114429700,3.286179
2010-11-03,sh600036,48.7370,50.7650,48.3050,50.1670,185961200,3.287484
2010-11-04,sh600036,50.0340,51.2640,49.7680,50.4990,136809500,3.287695
2010-11-05,sh600036,51.1980,51.7960,50.0670,50.7650,104974800,3.287889
2010-11-08,sh600036,51.2310,52.1290,50.6660,51.1640,121828000,3.288175
2010-11-09,sh600036,51.0980,51.0980,49.4680,49.8680,109853800,3.287278
2010-11-10,sh600036,49.1360,49.2020,47.7730,47.9720,171312800,3.285753
2010-11-11,sh600036,48.1380,49.1360,47.7060,48.5040,178215900,3.286179
2010-11-12,sh600036,47.9720,48.2710,45.8770,45.9440,171752800,3.284060
2010-11-15,sh600036,46.3430,46.9410,45.4450,46.7080,102368800,3.284669
2010-11-16,sh600036,46.3090,46.3090,44.5800,44.7800,112829700,3.282991
2010-11-17,sh600036,44.3140,45.6110,44.1480,44.7460,103611700,3.282905
2010-11-18,sh600036,44.9790,45.3120,44.1810,44.9130,70692600,3.283114
2010-11-19,sh600036,45.1120,45.1460,42.9840,44.5140,145135100,3.282743
2010-11-22,sh600036,43.8820,44.5140,43.2500,43.4830,102893200,3.281736
2010-11-23,sh600036,43.3500,43.5830,42.5520,43.0170,96831100,3.281236
2010-11-24,sh600036,43.0510,44.2810,43.0510,43.5490,88079300,3.281763
2010-11-25,sh600036,43.9820,44.3810,43.1170,44.2480,94380300,3.282493
2010-11-26,sh600036,44.0810,44.1480,43.3170,43.5160,61801400,3.281750
2010-11-29,sh600036,43.4160,43.9820,43.3830,43.5830,53598100,3.281852
2010-11-30,sh600036,43.5830,43.8820,42.3520,42.8180,83096600,3.281073
2010-12-01,sh600036,42.8180,43.2830,42.6850,43.0840,42470700,3.281340
2010-12-02,sh600036,43.8820,44.0810,43.2170,43.3500,59250700,3.281605
2010-12-03,sh600036,43.4500,43.9480,43.1500,43.3170,59957300,3.281591
2010-12-06,sh600036,43.5160,44.8460,43.2500,44.0480,110310800,3.282265
2010-12-07,sh600036,43.9820,44.3810,43.4160,44.1480,61826000,3.282379
2010-12-08,sh600036,44.1480,44.3140,43.3170,43.4500,53173400,3.281722
2010-12-09,sh600036,43.2830,43.3170,42.4850,42.6510,90786100,3.280846
2010-12-10,sh600036,42.6510,43.4500,42.5850,43.1500,50840000,3.281369
2010-12-13,sh600036,43.2170,43.8820,42.9180,43.8490,80536100,3.282111
2010-12-14,sh600036,43.9820,44.1810,43.4160,43.5830,80919700,3.281852
2010-12-15,sh600036,43.6490,44.0480,43.4830,43.5160,69062500,3.281750
2010-12-16,sh600036,43.5160,43.5490,43.0170,43.1840,45821300,3.281459
2010-12-17,sh600036,43.2170,43.2500,42.8180,43.0840,39108600,3.281340
2010-12-20,sh600036,43.1840,43.4160,41.9200,42.5520,71587000,3.280802
2010-12-21,sh600036,42.5520,43.8150,42.2190,43.6490,92475500,3.281880
2010-12-22,sh600036,43.6820,43.8490,42.6850,42.8840,58829500,3.281102
2010-12-23,sh600036,42.8840,44.0150,42.6180,43.2500,70770200,3.281487
2010-12-24,sh600036,42.8510,43.8150,42.6850,43.4160,69324600,3.281633
2010-12-27,sh600036,43.9150,44.2140,42.6180,42.6510,88593400,3.280846
2010-12-28,sh600036,42.7180,43.1500,41.9200,42.0860,105895000,3.280281
2010-12-29,sh600036,42.1530,42.2190,41.6540,41.8870,74240200,3.280110
2010-12-30,sh600036,41.9200,41.9530,40.9890,41.5870,87823500,3.279732
2010-12-31,sh600036,41.8200,42.4520,41.3550,42.0200,69375600,3.280250
2011-01-04,sh600036,42.3520,42.9510,41.9200,42.7180,98498400,3.280952
2011-01-05,sh600036,42.6180,43.0170,42.3850,42.5520,72626000,3.280802
2011-01-06,sh600036,42.5850,43.0170,42.0530,42.3190,63620900,3.280543
2011-01-07,sh600036,42.3190,44.4800,42.0530,43.4830,184177800,3.281736
2011-01-10,sh600036,43.4500,43.8820,42.6510,42.7180,89439100,3.280952
2011-01-11,sh600036,42.5180,43.5490,42.4850,43.2830,80178600,3.281501
2011-01-12,sh600036,43.2170,43.6820,42.8840,43.5490,71991000,3.281763
2011-01-13,sh600036,43.5830,43.7490,43.0510,43.3170,59516400,3.281591
2011-01-14,sh600036,43.1840,43.4500,42.7850,42.8180,50536400,3.281073
2011-01-17,sh600036,42.6180,42.8840,41.3880,41.6870,77156600,3.279858
2011-01-18,sh600036,41.7540,41.8870,41.3550,41.5540,53990200,3.279716
2011-01-19,sh600036,41.6540,41.9860,41.3210,41.8870,47144100,3.280110
2011-01-20,sh600036,41.8530,41.8530,40.9890,41.0550,56788700,3.279153
2011-01-21,sh600036,41.0890,42.6180,41.0220,41.6870,62191200,3.279858
2011-01-24,sh600036,41.6540,41.8870,41.1880,41.2550,49438200,3.279412
2011-01-25,sh600036,41.4210,41.8200,41.1550,41.4210,52215700,3.279572
2011-01-26,sh600036,41.5540,41.8200,41.4880,41.6870,23768900,3.279858
2011-01-27,sh600036,41.3210,41.7540,40.9560,41.6870,70707500,3.279858
2011-01-28,sh600036,41.4880,41.6870,41.0550,41.2880,66406400,3.279428
2011-01-31,sh600036,41.2880,41.5870,41.2550,41.4210,48455600,3.279572
2011-02-01,sh600036,41.4880,41.7870,41.3550,41.6540,40211000,3.279843
2011-02-09,sh600036,41.5540,41.8870,41.2220,41.3210,58829200,3.279444
2011-02-10,sh600036,41.3210,41.7870,41.0550,41.6870,46488600,3.279858
2011-02-11,sh600036,41.6540,41.9530,41.3550,41.6870,61000700,3.279858
2011-02-14,sh600036,41.7200,43.6160,41.7200,43.5160,146385300,3.281750
2011-02-15,sh600036,43.4830,43.8490,43.1500,43.2830,108538700,3.281501
2011-02-16,sh600036,43.1500,43.3170,42.5850,43.0510,79042300,3.281326
2011-02-17,sh600036,43.0510,43.8150,42.7510,43.0510,70754300,3.281326
2011-02-18,sh600036,43.0840,43.2500,42.6510,43.0170,55894200,3.281236
2011-02-21,sh600036,42.6510,42.9840,42.3190,42.9180,59996400,3.281193
2011-02-22,sh600036,42.9840,42.9840,41.5210,41.7200,121525600,3.279874
2011-02-23,sh600036,41.7200,41.8870,41.3880,41.5870,54397500,3.279732
2011-02-24,sh600036,41.5210,41.8870,41.3550,41.5870,52932000,3.279732
2011-02-25,sh600036,41.6870,42.2190,41.5210,41.8200,49085700,3.280000
2011-02-28,sh600036,41.9530,42.4520,41.5540,42.2190,69582700,3.280420
2011-03-01,sh600036,42.3520,43.7820,42.2190,42.9840,124778300,3.281221
2011-03-02,sh600036,42.6510,44.7460,42.5850,44.2140,226096500,3.282405
2011-03-03,sh600036,44.5470,47.2740,44.3470,46.0770,399308500,3.284177
2011-03-04,sh600036,46.5750,47.1070,45.6780,46.7080,197261000,3.284669
2011-03-07,sh600036,47.0410,47.9060,46.3090,46.7420,177077400,3.284751
2011-03-08,sh600036,46.6420,47.7730,46.3760,46.9740,112446400,3.284895
2011-03-09,sh600036,47.2070,47.9060,47.0740,47.2400,109743200,3.285118
2011-03-10,sh600036,47.0410,47.1410,45.7110,45.9440,124087800,3.284060
2011-03-11,sh600036,45.7110,45.9440,44.5800,44.8460,109841200,3.283016
2011-03-14,sh600036,44.6470,45.2450,44.5140,45.0130,65739100,3.283224
2011-03-15,sh600036,44.6470,44.9130,43.7160,44.2810,107876500,3.282506
2011-03-16,sh600036,44.4470,45.4780,44.1150,45.0130,75560100,3.283224
2011-03-17,sh600036,44.5470,44.6470,43.9820,44.3470,60420500,3.282531
2011-03-18,sh600036,44.7130,44.9130,43.8150,44.0150,69249300,3.282252
2011-03-21,sh600036,44.2480,44.8130,44.1150,44.4800,55499300,3.282657
2011-03-22,sh600036,44.6470,45.5450,44.0480,45.4780,85747900,3.283610
2011-03-23,sh600036,45.3450,46.3090,45.1120,46.1430,93674700,3.284199
2011-03-24,sh600036,46.1760,46.2430,45.6780,45.9770,56794000,3.284071
2011-03-25,sh600036,46.0770,47.3070,45.9770,46.9740,120271000,3.284895
2011-03-28,sh600036,47.1410,48.0390,46.5750,46.7420,100437600,3.284751
2011-03-29,sh600036,46.6420,47.9720,46.3090,47.0080,134519200,3.284976
2011-03-30,sh600036,46.9080,47.7390,46.6750,46.9080,85822300,3.284874
2011-03-31,sh600036,46.9410,47.0080,46.1430,46.2760,71417800,3.284315
2011-04-01,sh600036,45.9100,47.4730,45.7110,47.0740,98685200,3.284997
2011-04-06,sh600036,47.3070,48.9030,47.3070,48.6700,171762500,3.286293
2011-04-07,sh600036,48.6370,49.0360,48.3050,48.6370,102646500,3.286284
2011-04-08,sh600036,48.5710,49.1360,48.3380,49.0360,67797400,3.286595
2011-04-11,sh600036,48.9700,50.3000,48.9700,49.2360,138954900,3.286782
2011-04-12,sh600036,49.0690,49.6680,48.4040,48.6700,70720000,3.286293
2011-04-13,sh600036,48.3050,50.4330,48.3050,50.3660,111569200,3.287598
2011-04-14,sh600036,50.4990,51.0650,50.1340,50.3330,123436300,3.287590
2011-04-15,sh600036,49.9340,50.7650,49.4680,49.9010,70726400,3.287286
2011-04-18,sh600036,49.5020,50.1340,49.3020,49.7010,62573000,3.287103
2011-04-19,sh600036,49.3350,49.6020,48.6370,48.7370,62974000,3.286379
2011-04-20,sh600036,48.8700,49.1690,47.6730,48.1720,77533200,3.285948
2011-04-21,sh600036,48.3710,48.7370,47.9060,48.1380,66416800,3.285870
2011-04-22,sh600036,48.1050,48.5370,47.7060,48.1380,35329700,3.285870
2011-04-25,sh600036,47.9390,48.9360,47.6730,48.1050,72494000,3.285861
2011-04-26,sh600036,48.2710,48.6370,47.9720,48.3380,74674800,3.286064
2011-04-27,sh600036,48.5040,49.1360,47.4730,47.8060,76664600,3.285636
2011-04-28,sh600036,48.0720,49.3020,47.9720,48.2380,81865200,3.285967
2011-04-29,sh600036,48.4710,48.6040,46.3090,47.5070,85810700,3.285408
2011-05-03,sh600036,47.6060,47.8060,47.0080,47.3740,31127700,3.285298
2011-05-04,sh600036,47.1740,47.6400,45.9770,46.1430,69988400,3.284199
2011-05-05,sh600036,46.0430,46.7080,45.7440,46.3090,52612000,3.284326
2011-05-06,sh600036,45.9770,46.6750,45.4780,46.1100,53093100,3.284188
2011-05-09,sh600036,46.2430,46.4420,45.8110,45.9770,27751400,3.284071
2011-05-10,sh600036,46.1430,46.8410,45.7770,46.5090,29700300,3.284534
2011-05-11,sh600036,46.5750,46.6420,45.9770,46.0770,24115100,3.284177
2011-05-12,sh600036,45.9100,46.1760,45.6440,45.7440,27520300,3.283848
2011-05-13,sh600036,45.6780,46.2760,45.3450,46.1760,39527500,3.284211
2011-05-16,sh600036,45.9100,46.6420,45.4780,45.5780,39913900,3.283718
2011-05-17,sh600036,45.5780,46.4760,45.1790,46.1760,38671700,3.284211
2011-05-18,sh600036,46.0100,47.2740,45.9770,46.9740,45618800,3.284895
2011-05-19,sh600036,47.0740,47.2070,46.7420,46.7420,29830400,3.284751
2011-05-20,sh600036,46.6090,47.4070,46.4760,46.8750,44220500,3.284863
2011-05-23,sh600036,46.6420,46.7420,45.2790,45.6780,43292300,3.283825
2011-05-24,sh600036,45.5450,45.8110,45.3450,45.4120,32163300,3.283586
2011-05-25,sh600036,45.3450,45.6110,44.5140,44.6130,32806900,3.282781
2011-05-26,sh600036,45.0130,45.1120,44.5800,44.6130,26485900,3.282781
2011-05-27,sh600036,44.7800,45.7440,44.6130,45.2790,56367300,3.283466
2011-05-31,sh600036,45.3450,45.7440,44.9130,45.6780,55729700,3.283825
2011-06-01,sh600036,45.4780,45.7440,45.2120,45.3120,38973200,3.283478
2011-06-02,sh600036,44.9460,44.9460,43.1500,43.5490,122061700,3.281763
2011-06-03,sh600036,43.5830,44.0150,43.2500,43.9150,31611200,3.282138
2011-06-07,sh600036,43.7160,44.1810,43.5830,44.0480,22311300,3.282265
2011-06-08,sh600036,44.0810,44.0810,42.6510,43.4160,67581700,3.281633
2011-06-09,sh600036,43.2500,43.3170,42.4850,42.5180,42846600,3.280710
2011-06-10,sh600036,42.8840,42.9510,42.3850,42.8840,38630200,3.355556
2011-06-13,sh600036,42.6850,43.4500,42.2860,43.0510,25278100,3.355495
2011-06-14,sh600036,43.1170,43.8820,43.0510,43.2830,42184300,3.355271
2011-06-15,sh600036,43.2830,43.6160,42.9510,43.0840,23284400,3.355452
2011-06-16,sh600036,42.9840,43.0170,42.5520,42.7180,23380400,3.355695
2011-06-17,sh600036,42.7510,43.2500,42.6180,42.7180,27880300,3.355695
2011-06-20,sh600036,42.8840,43.2500,42.6180,42.9510,26222000,3.355547
2011-06-21,sh600036,43.1170,43.6490,42.7850,43.3830,35087900,3.355220
2011-06-22,sh600036,43.5490,43.8490,43.3170,43.4830,27237800,3.355170
2011-06-23,sh600036,43.4500,44.2810,43.0840,44.0480,35041400,3.354760
2011-06-24,sh600036,43.8490,45.1120,43.7490,44.8460,86811400,3.354226
2011-06-27,sh600036,45.1120,45.1120,44.3140,44.5140,46197600,3.354484
2011-06-28,sh600036,44.6470,44.7130,43.6160,44.1480,53220600,3.354711
2011-06-29,sh600036,44.1480,44.1810,42.9510,43.3500,79739900,3.355263
2011-06-30,sh600036,43.4830,44.1150,43.2170,43.6820,74071700,3.354992
2011-07-01,sh600036,43.8150,43.8490,42.9840,43.3500,87298400,3.355263
2011-07-04,sh600036,43.5830,44.9460,43.4830,44.9130,96456000,3.354220
2011-07-05,sh600036,44.9130,45.2120,44.3470,44.5470,56876000,3.354443
2011-07-06,sh600036,44.5470,44.5470,43.7160,44.1810,52994900,3.354670
2011-07-07,sh600036,44.8130,45.3450,44.1480,44.3810,114718100,3.354573
2011-07-08,sh600036,44.5800,45.2790,44.3810,44.9790,59139100,3.354139
2011-07-11,sh600036,44.7460,44.7460,44.1150,44.3470,57881800,3.354539
2011-07-12,sh600036,43.9820,43.9820,43.2170,43.4830,68064600,3.355170
2011-07-13,sh600036,43.6160,44.0810,43.3500,43.8820,53137800,3.354893
2011-07-14,sh600036,43.8820,44.0150,43.2500,43.6160,71912100,3.355077
2011-07-15,sh600036,43.3500,43.8820,43.2830,43.6490,41104100,3.355035
2011-07-18,sh600036,43.6490,43.9150,43.4830,43.5490,49088200,3.355085
2011-07-19,sh600036,43.2500,43.3170,42.8510,42.9510,77469200,3.355547
2011-07-20,sh600036,43.2500,43.2830,42.6850,42.7510,64859600,3.355651
2011-07-21,sh600036,42.8180,42.9510,42.2860,42.3850,81932400,3.355899
2011-07-22,sh600036,42.4850,42.5520,41.9860,42.4190,57635700,3.355934
2011-07-25,sh600036,42.1190,42.2190,41.3210,41.3880,86236400,3.356691
2011-07-26,sh600036,41.4540,41.8530,41.1880,41.4540,50657700,3.356599
2011-07-27,sh600036,41.3210,41.4210,40.9890,41.1550,72612400,3.356852
2011-07-28,sh600036,40.9560,40.9560,40.3570,40.4570,75489100,3.357427
2011-07-29,sh600036,40.5570,41.9200,40.3570,41.4540,86750900,3.356599
2011-08-01,sh600036,41.2550,41.6210,40.9560,41.0890,40604900,3.356944
2011-08-02,sh600036,40.7890,41.0220,40.4570,40.9220,32337000,3.357014
2011-08-03,sh600036,40.6900,41.3880,40.5570,40.8560,32229000,3.357108
2011-08-04,sh600036,41.1220,41.4880,40.6230,40.7230,48333200,3.357214
2011-08-05,sh600036,40.0580,40.0580,39.4260,39.5260,99245300,3.358199
2011-08-08,sh600036,39.2600,39.4920,37.7630,38.3950,94267000,3.359143
2011-08-09,sh600036,37.6300,38.7940,36.9980,38.6610,101535600,3.358905
2011-08-10,sh600036,39.3930,39.4260,38.5950,38.6940,63088800,3.358854
2011-08-11,sh600036,38.1290,39.4260,37.9630,39.1930,60741700,3.358440
2011-08-12,sh600036,39.4920,39.4920,38.8270,39.0270,54753100,3.358606
2011-08-15,sh600036,39.1600,40.4900,38.8270,40.2570,94709000,3.357548
2011-08-16,sh600036,40.2240,40.8890,39.8910,40.1240,68912400,3.357657
2011-08-17,sh600036,40.2570,40.3900,39.8580,40.0240,36353000,3.357718
2011-08-18,sh600036,40.0240,40.2240,38.9600,39.0600,32681200,3.358555
2011-08-19,sh600036,38.5610,38.9270,38.4620,38.6280,36594700,3.358957
2011-08-22,sh600036,38.5950,39.4920,38.4950,38.8270,36486100,3.358737
2011-08-23,sh600036,38.9270,39.5590,38.7610,39.5260,34187300,3.358199
2011-08-24,sh600036,39.7250,40.0580,39.0600,39.0930,32098700,3.358505
2011-08-25,sh600036,39.3590,41.1220,39.3260,40.8560,127237500,3.357108
2011-08-26,sh600036,40.5230,40.8560,40.3240,40.6900,40715800,3.357261
2011-08-29,sh600036,40.1570,40.1570,39.2260,39.5260,72255100,3.358199
2011-08-30,sh600036,39.6590,40.4900,39.4920,39.5920,58796900,3.358100
2011-08-31,sh600036,39.6920,40.2240,39.4590,39.7920,36813800,3.357975
2011-09-01,sh600036,39.8250,40.6230,39.8250,40.3570,51720900,3.357488
2011-09-02,sh600036,40.2570,40.3900,39.5920,39.9910,31700000,3.357767
2011-09-05,sh600036,39.6250,39.8250,39.0930,39.2930,36752700,3.358376
2011-09-06,sh600036,38.8610,39.4920,38.5950,38.9600,41800900,3.358621
2011-09-07,sh600036,39.1270,39.9250,39.0600,39.7250,39818700,3.357988
2011-09-08,sh600036,39.9580,40.0580,39.5920,39.6590,28011300,3.358086
2011-09-13,sh600036,39.2260,39.3930,38.8940,39.1270,32540800,3.358541
2011-09-14,sh600036,39.2930,39.4260,38.5280,38.9940,33319900,3.358656
2011-09-15,sh600036,39.1270,39.4920,38.8940,38.9270,26375100,3.358671
2011-09-16,sh600036,39.2930,39.4590,38.8270,39.1600,35428100,3.358491
2011-09-19,sh600036,38.8610,38.9600,38.2950,38.3950,30138700,3.359143
2011-09-20,sh600036,38.5950,38.7940,38.1290,38.4280,20500900,3.359091
2011-09-21,sh600036,38.4620,39.5260,38.1960,39.2600,47294200,3.358426
2011-09-22,sh600036,38.9600,39.0930,37.9630,38.0620,54084000,3.359400
2011-09-23,sh600036,37.6630,38.2620,37.1310,37.6630,56306000,3.359768
2011-09-26,sh600036,37.4310,37.9630,36.4660,36.6330,54069800,3.360826
2011-09-27,sh600036,36.9320,37.4640,36.5990,37.1310,42284800,3.360271
2011-09-28,sh600036,37.2980,37.5970,36.7660,36.8650,24922100,3.360529
2011-09-29,sh600036,36.6330,37.2980,36.4000,37.0980,43731500,3.360326
2011-09-30,sh600036,37.0980,37.8300,37.0320,37.1650,51005300,3.360307
2011-10-10,sh600036,37.1650,37.4310,36.6660,36.9320,26532900,3.360510
2011-10-11,sh600036,38.1960,38.4620,37.0980,37.5970,72460500,3.359875
2011-10-12,sh600036,37.3310,39.2260,37.2640,38.8610,82798700,3.358773
2011-10-13,sh600036,38.8270,39.1270,38.3620,39.0270,53681900,3.358606
2011-10-14,sh600036,38.8940,39.4590,38.4280,39.2260,47011500,3.358390
2011-10-17,sh600036,39.2600,40.2240,39.1930,39.8910,63249700,3.357828
2011-10-18,sh600036,39.5260,39.7920,38.6610,38.8610,40850400,3.358773
2011-10-19,sh600036,38.9940,39.4260,38.8270,39.0930,27212200,3.358505
2011-10-20,sh600036,38.7940,39.1600,38.3290,38.6610,43347700,3.358905
2011-10-21,sh600036,38.7940,39.4590,38.4620,39.1270,42296700,3.358541
2011-10-24,sh600036,39.3260,40.4570,39.0930,40.4570,80177300,3.357427
2011-10-25,sh600036,40.3900,40.9560,39.8580,40.7230,86241700,3.357214
2011-10-26,sh600036,40.5570,40.8890,40.2570,40.3900,74119100,3.357440
2011-10-27,sh600036,40.6560,41.0890,40.2570,40.7560,44089800,3.357166
2011-10-28,sh600036,41.2880,42.1190,41.1220,41.4210,91980700,3.356645
2011-10-31,sh600036,41.3210,41.4540,40.4570,40.6230,50913500,3.357273
2011-11-01,sh600036,40.3900,41.6870,40.3240,40.7890,53255900,3.357119
2011-11-02,sh600036,40.2900,41.5870,40.1570,41.5540,47261400,3.356543
2011-11-03,sh600036,41.7870,41.7870,40.8890,40.9220,59635900,3.357014
2011-11-04,sh600036,41.4540,41.5870,40.8560,41.1550,37279000,3.356852
2011-11-07,sh600036,41.1220,41.1220,40.4230,40.5570,26839100,3.357368
2011-11-08,sh600036,40.4570,40.8890,40.3240,40.6560,30281500,3.357225
2011-11-09,sh600036,40.7890,41.1220,40.3900,40.9560,27911300,3.357049
2011-11-10,sh600036,40.5570,40.8230,40.0580,40.1570,40678400,3.357609
2011-11-11,sh600036,40.1240,40.4570,39.6250,39.8910,30271300,3.357828
2011-11-14,sh600036,40.2240,40.7890,40.0580,40.4900,31694800,3.357380
2011-11-15,sh600036,40.4570,40.4570,40.0240,40.1570,23329600,3.357609
2011-11-16,sh600036,40.0580,40.1240,38.7940,39.0930,56229300,3.358505
2011-11-17,sh600036,39.0930,39.1930,38.7610,38.8270,33839500,3.358737
2011-11-18,sh600036,38.6610,39.0930,38.1620,38.3950,35568900,3.359143
2011-11-21,sh600036,38.4280,38.5610,37.9630,38.3620,20878700,3.359194
2011-11-22,sh600036,38.2290,38.8610,38.1620,38.7940,28585600,3.358788
2011-11-23,sh600036,38.8610,38.9270,38.1620,38.5950,27610300,3.359008
2011-11-24,sh600036,38.2950,39.0930,38.2950,38.8940,32639600,3.358722
2011-11-25,sh600036,38.9600,38.9600,38.4280,38.5610,20753800,3.358972
2011-11-28,sh600036,38.6940,38.9600,38.3290,38.4950,25095200,3.359075
2011-11-29,sh600036,38.7280,38.9270,38.4620,38.8270,25737200,3.358737
2011-11-30,sh600036,38.6280,38.7940,37.5640,37.6630,36208600,3.359768
2011-12-01,sh600036,38.9600,40.0580,38.7940,39.1270,99629400,3.358541
2011-12-02,sh600036,38.8940,39.5920,38.7610,39.4590,38083900,3.358213
2011-12-05,sh600036,39.4920,40.1240,39.0270,39.8580,51940800,3.357877
2011-12-06,sh600036,39.7920,40.1240,39.4590,39.4920,34166000,3.358163
2011-12-07,sh600036,39.5590,40.2240,39.4590,39.9250,44383800,3.357864
2011-12-08,sh600036,40.0240,40.3240,39.7250,39.9580,40248300,3.357815
2011-12-09,sh600036,39.6250,40.2240,39.6250,39.9580,35782700,3.357815
2011-12-12,sh600036,39.9580,40.3570,39.6920,40.2240,32076000,3.357596
2011-12-13,sh600036,40.1570,40.2900,38.9600,39.1600,29721400,3.324278
2011-12-14,sh600036,39.1270,39.7250,38.7940,39.2260,24996400,3.335544
2011-12-15,sh600036,39.1270,39.4920,38.2950,38.3290,28325600,3.304224
2011-12-16,sh600036,38.2950,39.2600,38.1290,39.0270,45706800,3.358606
2011-12-19,sh600036,38.5610,39.2600,37.8630,39.1270,38458200,3.358541
2011-12-20,sh600036,39.0270,39.9250,38.9270,39.0600,41819100,3.358555
2011-12-21,sh600036,39.4590,40.1570,38.8610,38.9270,39698300,3.358671
2011-12-22,sh600036,38.9600,39.4590,38.4620,39.2930,41291400,3.358376
2011-12-23,sh600036,39.2260,39.8250,38.9270,39.2600,35267900,3.358426
2011-12-26,sh600036,38.9600,39.6250,38.7940,39.1930,26645400,3.358440
2011-12-27,sh600036,39.1930,39.4920,39.0270,39.2600,32255600,3.358426
2011-12-28,sh600036,39.1930,39.4920,38.3950,38.7940,47014100,3.358788
2011-12-29,sh600036,38.7280,39.2600,38.5280,39.1600,31900900,3.358491
2011-12-30,sh600036,39.3260,40.1570,39.3260,39.8580,42877300,3.357877
2012-01-04,sh600036,40.1240,40.6230,39.0600,39.1930,52260600,3.358440
2012-01-05,sh600036,39.2930,40.5900,39.1930,39.9910,84084700,3.357767
2012-01-06,sh600036,40.0580,40.5900,39.7920,40.2570,54038100,3.357548
2012-01-09,sh600036,40.2240,41.9530,39.9580,41.5540,96002000,3.356543
2012-01-10,sh600036,41.5540,42.3190,41.0550,42.1530,89204500,3.356131
2012-01-11,sh600036,42.1530,42.4520,41.6540,41.9200,38787000,3.356285
2012-01-12,sh600036,41.8530,42.7850,41.6870,42.3520,41419300,3.355943
2012-01-13,sh600036,42.2520,42.6510,41.4540,41.9200,48155100,3.356285
2012-01-16,sh600036,41.8530,42.2190,41.5210,41.5870,33593200,3.356497
2012-01-17,sh600036,41.7870,42.9510,40.7890,42.8840,80951300,3.355556
2012-01-18,sh600036,42.6180,42.8510,41.7200,42.0200,61443500,3.356230
2012-01-19,sh600036,42.0200,43.0510,41.9530,42.6180,65060300,3.355748
2012-01-20,sh600036,42.9180,43.6160,42.6510,43.6160,74054700,3.355077
2012-01-30,sh600036,43.5830,43.6160,42.5850,42.6180,52378300,3.355748
2012-01-31,sh600036,42.6180,42.9180,42.0860,42.4520,30535700,3.355889
2012-02-01,sh600036,42.4190,42.5850,41.7200,41.8530,40128600,3.356295
2012-02-02,sh600036,41.9860,43.2170,41.7540,43.1840,58651500,3.355400
2012-02-03,sh600036,43.0510,43.9480,42.8180,43.5490,65138800,3.355085
2012-02-06,sh600036,43.5830,43.8150,42.7180,43.1500,56054500,3.355365
2012-02-07,sh600036,42.8510,43.1170,42.4190,42.7180,33547000,3.355695
2012-02-08,sh600036,42.6180,43.7820,42.5520,43.5830,43796300,3.355119
2012-02-09,sh600036,43.5490,43.8150,43.1170,43.5830,43379900,3.355119
2012-02-10,sh600036,43.3500,43.6820,42.9510,43.2500,50538700,3.355314
2012-02-13,sh600036,42.6180,43.2170,42.1530,42.5850,57035000,3.355792
2012-02-14,sh600036,42.5520,42.5850,42.1860,42.4850,44728200,3.355845
2012-02-15,sh600036,42.3190,42.9510,42.1530,42.5520,48476400,3.355836
2012-02-16,sh600036,42.6180,42.9510,42.2860,42.4190,48574000,3.355934
2012-02-17,sh600036,42.8510,42.8840,42.4850,42.6510,27399800,3.355704
2012-02-20,sh600036,43.4160,43.4500,42.5520,42.5850,49654600,3.355792
2012-02-21,sh600036,42.6510,43.0510,42.4190,42.7850,38936400,3.355686
2012-02-22,sh600036,42.9510,42.9510,42.3520,42.8840,65585800,3.355556
2012-02-23,sh600036,42.8840,42.8840,42.5180,42.6510,65599200,3.355704
2012-02-24,sh600036,42.6510,43.2500,42.4520,43.2170,89662400,3.355357
2012-02-27,sh600036,43.2830,43.6820,42.9510,43.0170,88034200,3.355460
2012-02-28,sh600036,43.1170,43.6820,43.0840,43.4160,93061000,3.355178
2012-02-29,sh600036,43.3830,43.5490,43.0510,43.1840,52017300,3.355400
2012-03-01,sh600036,43.1170,43.4830,43.1170,43.3170,28275400,3.355306
2012-03-02,sh600036,43.3170,43.8150,43.1840,43.7490,60713400,3.354985
2012-03-05,sh600036,43.6820,43.8490,43.0840,43.1840,71204100,3.355400
2012-03-06,sh600036,43.1170,43.1170,42.1190,42.2190,77847400,3.356041
2012-03-07,sh600036,41.9860,42.2520,41.6210,41.6540,54436600,3.356487
2012-03-08,sh600036,41.8200,42.1860,41.6210,41.8200,51348500,3.356340
2012-03-09,sh600036,41.9860,42.1530,41.6540,41.9860,50386200,3.356195
2012-03-12,sh600036,41.8870,41.9860,41.1880,41.4540,70869600,3.356599
2012-03-13,sh600036,41.4540,41.9860,41.3880,41.8530,46724500,3.356295
2012-03-14,sh600036,42.1530,42.4520,41.0890,41.3210,95593600,3.356702
2012-03-15,sh600036,41.3550,41.7870,40.9220,41.0220,57476700,3.356956
2012-03-16,sh600036,41.1220,41.3550,40.5900,41.0220,54969300,3.356956
2012-03-19,sh600036,41.0220,41.0220,40.4230,40.7230,54367300,3.357214
2012-03-20,sh600036,40.6230,40.8560,40.1910,40.3570,54458700,3.357488
2012-03-21,sh600036,40.5900,40.6230,40.0580,40.2900,44544900,3.357500
2012-03-22,sh600036,40.2900,40.9560,40.0910,40.4570,36292500,3.357427
2012-03-23,sh600036,40.3240,40.5570,40.1570,40.4570,31958500,3.357427
2012-03-26,sh600036,40.5230,40.8230,40.3240,40.5900,41347100,3.357320
2012-03-27,sh600036,40.6900,40.8230,40.3240,40.3900,28724400,3.357440
2012-03-28,sh600036,40.4230,40.5570,39.5590,39.6250,42069600,3.358051
2012-03-29,sh600036,39.6590,40.1240,39.5590,39.6920,51308300,3.358037
2012-03-30,sh600036,39.6920,40.0580,39.5590,39.9580,39187800,3.357815
2012-04-05,sh600036,39.7920,40.1240,38.8270,39.7580,57405900,3.357939
2012-04-06,sh600036,39.7250,39.8580,39.2930,39.6590,46468300,3.358086
2012-04-09,sh600036,39.4260,39.5590,38.9940,39.2260,25074500,3.358390
2012-04-10,sh600036,39.2930,39.8250,39.1600,39.7250,29250700,3.357988
2012-04-11,sh600036,39.4590,39.9250,39.2930,39.5260,41559100,3.358199
2012-04-12,sh600036,39.5590,40.3570,39.1930,40.3240,64752600,3.357535
2012-04-13,sh600036,40.3240,40.6900,40.0580,40.2900,45910100,3.357500
2012-04-16,sh600036,40.1570,40.3570,39.8910,40.0240,25471300,3.357718
2012-04-17,sh600036,39.9580,40.1240,39.6920,39.7920,22383400,3.357975
2012-04-18,sh600036,39.9250,40.3570,39.6590,40.3240,45899800,3.357535
2012-04-19,sh600036,40.2900,40.2900,39.9910,40.1570,45691100,3.357609
2012-04-20,sh600036,40.0580,41.0890,40.0240,40.9220,92190400,3.357014
2012-04-23,sh600036,40.9220,41.0890,40.4900,40.6230,38660700,3.357273
2012-04-24,sh600036,40.6230,42.1190,40.5570,41.2880,95110500,3.356748
2012-04-25,sh600036,41.1880,41.6210,41.0220,41.1880,51512900,3.356805
2012-04-26,sh600036,41.3210,41.4880,40.6900,41.0220,36400000,3.356956
2012-04-27,sh600036,41.2550,41.5210,40.7230,40.9560,35413800,3.357049
2012-05-02,sh600036,41.4540,41.8870,41.2880,41.6210,71651300,3.356532
2012-05-03,sh600036,41.6540,41.7540,41.2220,41.4540,45998800,3.356599
2012-05-04,sh600036,41.4540,41.8530,41.0220,41.6540,62054700,3.356487
2012-05-07,sh600036,41.3210,41.7870,41.2880,41.6870,64377100,3.356441
2012-05-08,sh600036,41.6210,41.7870,41.2220,41.5210,62407800,3.356589
2012-05-09,sh600036,41.2550,41.2550,40.5230,40.6900,76685700,3.357261
2012-05-10,sh600036,40.9220,40.9220,40.3240,40.6560,51752000,3.357225
2012-05-11,sh600036,40.5230,40.8230,40.3240,40.3570,35395300,3.357488
2012-05-14,sh600036,40.7230,40.8230,39.7580,39.9250,67202700,3.357864
2012-05-15,sh600036,39.7920,39.9250,39.5260,39.7580,55255300,3.357939
2012-05-16,sh600036,39.6920,39.7580,39.1270,39.1930,64746500,3.358440
2012-05-17,sh600036,39.2930,39.7250,39.1600,39.5920,42466800,3.358100
2012-05-18,sh600036,39.3590,39.3590,38.7280,38.8270,68483800,3.358737
2012-05-21,sh600036,38.8940,39.1930,38.7280,39.0930,46862800,3.358505
2012-05-22,sh600036,39.2260,39.7250,39.1270,39.6590,41172900,3.358086
2012-05-23,sh600036,39.5920,39.6920,39.2930,39.4260,38223000,3.358262
2012-05-24,sh600036,39.3930,39.6590,38.9940,39.0600,46652700,3.358555
2012-05-25,sh600036,39.1270,39.2260,38.8940,38.9940,30231100,3.358656
2012-05-28,sh600036,39.0270,39.2260,38.7610,39.1930,59127100,3.358440
2012-05-29,sh600036,39.1600,39.6590,38.9270,39.5590,61386900,3.358149
2012-05-31,sh600036,38.7940,39.2260,38.7940,39.1600,74554300,3.358491
2012-06-01,sh600036,39.2930,39.3930,38.9940,39.1930,59686800,3.358440
2012-06-04,sh600036,38.8610,38.8610,38.1960,38.2950,77398700,3.359211
2012-06-05,sh600036,38.3950,38.9940,38.2290,38.7610,62811400,3.358839
2012-06-06,sh600036,38.7940,39.3260,38.7940,39.2260,68970100,3.358390
2012-06-07,sh600036,39.7580,39.7580,39.1600,39.1930,48697200,3.483822
2012-06-08,sh600036,38.9600,38.9600,37.8960,38.0960,106658200,3.488645
2012-06-11,sh600036,38.1290,38.3290,37.8630,38.1960,34551700,3.488219
2012-06-12,sh600036,38.0960,38.0960,37.3970,37.7300,47223600,3.490287
2012-06-13,sh600036,37.8630,38.1960,37.6630,37.9960,38013200,3.489073
2012-06-14,sh600036,37.8630,38.0620,37.5970,37.8960,43619800,3.489503
2012-06-15,sh600036,37.9290,38.9270,37.8960,38.5280,50297600,3.486697
2012-06-18,sh600036,38.8610,38.8610,38.4280,38.5280,26305000,3.486697
2012-06-19,sh600036,38.4950,38.7610,38.1960,38.3290,33400200,3.487625
2012-06-20,sh600036,38.4950,38.7610,38.2620,38.4620,27268900,3.487035
2012-06-21,sh600036,38.4620,38.4620,37.8960,38.0290,23749900,3.488899
2012-06-25,sh600036,37.9960,38.5280,37.9290,38.3290,54425400,3.487625
2012-06-26,sh600036,38.2620,38.5610,38.1960,38.3290,44724900,3.487625
2012-06-27,sh600036,38.2290,38.3620,37.9290,37.9960,29439600,3.489073
2012-06-28,sh600036,38.0620,38.1960,37.7300,37.7630,33836400,3.490111
2012-06-29,sh600036,37.7960,38.3620,37.6300,38.0960,38125900,3.488645
2012-07-02,sh600036,38.2290,38.2290,37.6630,37.8630,35434900,3.489677
2012-07-03,sh600036,37.8630,38.3290,37.7300,37.9960,31607800,3.489073
2012-07-04,sh600036,38.1290,38.3620,37.9630,38.1290,25727100,3.488472
2012-07-05,sh600036,38.0620,38.1960,37.6970,37.8630,29503100,3.489677
2012-07-06,sh600036,37.0650,37.1650,36.5660,36.9320,121860200,3.494040
2012-07-09,sh600036,36.7660,36.7660,35.1030,35.5350,134789500,3.500985
2012-07-10,sh600036,35.5020,35.7010,35.2690,35.5680,47869600,3.500787
2012-07-11,sh600036,35.5350,35.5680,34.9700,35.2360,50451400,3.502584
2012-07-12,sh600036,35.2360,35.4690,34.6710,35.3360,81043600,3.502081
2012-07-13,sh600036,35.2690,35.8010,35.0360,35.6020,46206200,3.500688
2012-07-16,sh600036,35.6680,35.9340,35.2360,35.3020,45861200,3.502183
2012-07-17,sh600036,35.3020,35.6350,35.2690,35.6020,29134000,3.500688
2012-07-18,sh600036,35.6350,35.6350,35.0700,35.4020,34429100,3.501682
2012-07-19,sh600036,35.4020,35.5350,35.1690,35.3690,44505800,3.501881
2012-07-20,sh600036,35.3360,35.3690,34.9030,35.0030,48634200,3.503804
2012-07-23,sh600036,34.8370,34.8370,33.6730,34.0060,78708700,3.509391
2012-07-24,sh600036,33.8390,34.0720,33.5070,33.6730,59762100,3.511262
2012-07-25,sh600036,33.6070,33.8730,33.5070,33.6400,29141700,3.511482
2012-07-26,sh600036,33.6730,33.9390,33.6070,33.6730,29695800,3.511262
2012-07-27,sh600036,33.7730,34.5710,33.7730,34.2050,53176000,3.508205
2012-07-30,sh600036,34.3710,34.7700,34.2050,34.4050,41689200,3.507136
2012-07-31,sh600036,34.5380,34.9370,34.5040,34.7700,41597000,3.505040
2012-08-01,sh600036,34.7700,35.0360,34.5710,34.9370,47866200,3.504213
2012-08-02,sh600036,34.9030,35.2690,34.8040,35.0700,41041200,3.503497
2012-08-03,sh600036,35.1030,35.2360,34.9370,35.0360,25274200,3.503600
2012-08-06,sh600036,35.0360,35.2690,34.9700,35.0700,30987000,3.503497
2012-08-07,sh600036,35.0700,35.2030,34.9700,35.0360,24008500,3.503600
2012-08-08,sh600036,35.0700,35.3360,35.0700,35.2690,28736000,3.502383
2012-08-09,sh600036,35.3690,35.3690,35.0360,35.3020,19473800,3.502183
2012-08-10,sh600036,35.3690,35.7010,35.3360,35.6020,27065300,3.500688
2012-08-13,sh600036,35.5020,35.7010,35.4020,35.5350,38715200,3.500985
2012-08-14,sh600036,35.6020,35.8340,35.4690,35.6020,31553200,3.500688
2012-08-15,sh600036,35.6020,35.6680,34.8040,34.8370,39470300,3.504728
2012-08-16,sh600036,34.6710,34.9370,34.5380,34.7700,19271900,3.505040
2012-08-17,sh600036,34.7700,35.2030,34.7370,35.1030,22324000,3.503293
2012-08-20,sh600036,34.8040,35.1030,34.4380,34.6370,25097400,3.505769
2012-08-21,sh600036,34.6710,34.8370,34.3050,34.4050,36439200,3.507136
2012-08-22,sh600036,34.4710,34.7040,34.4050,34.6710,33324300,3.505662
2012-08-23,sh600036,34.7040,34.9370,34.5380,34.8370,36770300,3.504728
2012-08-24,sh600036,34.6370,35.0030,34.6040,34.7700,32882900,3.505040
2012-08-27,sh600036,34.7370,34.8370,34.3380,34.5710,29524500,3.506187
2012-08-28,sh600036,34.5040,35.2690,34.4050,35.0700,33101500,3.503497
2012-08-29,sh600036,35.0360,35.2030,34.9700,35.1030,25836100,3.503293
2012-08-30,sh600036,34.7040,35.5350,34.7040,35.4690,40629300,3.501382
2012-08-31,sh600036,35.4690,35.6680,35.2690,35.3020,29287100,3.502183
2012-09-03,sh600036,35.2360,35.4350,35.0360,35.0700,37329400,3.503497
2012-09-04,sh600036,35.0700,35.1030,34.3710,34.5040,43905100,3.506504
2012-09-05,sh600036,34.5040,34.5040,33.6070,34.0720,62754300,3.508960
2012-09-06,sh600036,33.9390,34.1720,33.8060,34.1390,39391300,3.508633
2012-09-07,sh600036,34.2380,35.6350,34.2380,35.5680,94580800,3.500787
2012-09-10,sh600036,35.4690,35.6680,35.1030,35.3690,53268200,3.501881
2012-09-11,sh600036,35.3020,35.4350,35.0360,35.4350,34448500,3.501482
2012-09-12,sh600036,35.5350,35.7680,35.1360,35.4350,33366500,3.501482
2012-09-13,sh600036,35.4020,35.7010,35.0700,35.4350,42635800,3.501482
2012-09-14,sh600036,35.5350,36.1340,35.5020,35.8680,57192100,3.499317
2012-09-17,sh600036,35.8680,35.9010,35.4020,35.4690,47185000,3.501382
2012-09-18,sh600036,35.3690,35.3690,34.9030,35.0030,30412400,3.503804
2012-09-19,sh600036,34.9700,35.0030,34.4710,34.6040,36585900,3.505978
2012-09-20,sh600036,34.6040,34.7040,34.1050,34.1720,31522800,3.508419
2012-09-21,sh600036,34.1720,34.6040,33.9720,34.4050,33379500,3.507136
2012-09-24,sh600036,34.2050,34.7370,34.0390,34.5710,33853700,3.506187
2012-09-25,sh600036,34.5710,34.6710,34.3710,34.6040,18479000,3.505978
2012-09-26,sh600036,34.5710,34.7370,34.2050,34.2050,32514200,3.508205
2012-09-27,sh600036,34.3710,35.6350,34.2380,35.3020,50505900,3.502183
2012-09-28,sh600036,35.0700,35.6350,34.7370,35.5680,38923000,3.500787
2012-10-08,sh600036,35.5350,36.2000,35.4020,35.6020,33008400,3.500688
2012-10-09,sh600036,35.9680,36.2670,35.7010,36.0010,43262300,3.498639
2012-10-10,sh600036,36.0010,36.0010,35.6350,35.7350,23361300,3.500000
2012-10-11,sh600036,35.6680,35.8340,35.3690,35.7010,24139400,3.500098
2012-10-12,sh600036,35.8680,36.3330,35.8010,36.2340,40072700,3.497490
2012-10-15,sh600036,36.2670,36.3000,35.8010,36.0670,16006400,3.498254
2012-10-16,sh600036,36.0010,36.3000,35.7350,36.0670,22984200,3.498254
2012-10-17,sh600036,36.1010,36.3670,35.9010,36.2340,29565300,3.497490
2012-10-18,sh600036,36.4660,36.8320,36.2340,36.6660,37542600,3.495329
2012-10-19,sh600036,36.6990,36.6990,36.3670,36.5000,23865000,3.496169
2012-10-22,sh600036,36.2670,36.8650,36.2340,36.7320,28758200,3.494957
2012-10-23,sh600036,36.7320,37.0320,36.4660,36.5330,26894800,3.495981
2012-10-24,sh600036,36.3670,36.6660,36.3670,36.5660,21624800,3.495793
2012-10-25,sh600036,36.4660,36.6660,36.2000,36.2670,19555700,3.497300
2012-10-26,sh600036,36.2670,36.4660,35.6680,35.9680,24669400,3.498833
2012-10-29,sh600036,35.8680,35.9340,35.1690,35.4350,22386400,3.501482
2012-10-30,sh600036,35.4690,35.8340,35.0360,35.2690,30836000,3.502383
2012-10-31,sh600036,35.2030,35.4020,35.1690,35.3020,20997400,3.502183
2012-11-01,sh600036,35.3020,36.3670,35.3020,36.0340,42058900,3.498447
2012-11-02,sh600036,35.9680,36.3330,35.8680,36.2670,28451300,3.497300
2012-11-05,sh600036,36.2670,36.6660,36.1010,36.4330,26262100,3.496449
2012-11-06,sh600036,36.4660,36.5990,35.7680,36.3000,25616900,3.497110
2012-11-07,sh600036,36.3000,36.3000,35.9010,36.1670,16517200,3.497776
2012-11-08,sh600036,35.9680,36.1010,35.6350,35.6350,18380700,3.500491
2012-11-09,sh600036,35.6020,35.8680,35.5680,35.7350,21043500,3.500000
2012-11-12,sh600036,35.8680,36.0010,35.7010,35.9010,25317400,3.499123
2012-11-13,sh600036,35.9010,35.9340,35.1690,35.2360,19644700,3.502584
2012-11-14,sh600036,35.2360,35.4020,35.1690,35.3020,15939900,3.502183
2012-11-15,sh600036,35.2030,35.3360,35.0700,35.1030,15095600,3.503293
2012-11-16,sh600036,35.0360,35.2690,34.7040,34.9030,21561200,3.504317
2012-11-19,sh600036,34.9030,34.9700,34.6710,34.7700,17315100,3.505040
2012-11-20,sh600036,34.8700,35.1030,34.3380,34.4710,21542000,3.506714
2012-11-21,sh600036,34.4710,34.8370,34.4050,34.8040,22234400,3.504935
2012-11-22,sh600036,34.7040,34.8040,34.5710,34.7040,15471000,3.505455
2012-11-23,sh600036,34.8370,35.2030,34.6710,35.1360,28382800,3.503091
2012-11-26,sh600036,34.9700,35.1030,34.8370,35.0030,18615200,3.503804
2012-11-27,sh600036,34.9370,35.2030,34.9030,34.9370,31331100,3.504213
2012-11-28,sh600036,34.9370,35.1030,34.8700,34.9370,28175900,3.504213
2012-11-29,sh600036,35.0030,35.1690,34.9370,34.9700,18213000,3.504008
2012-11-30,sh600036,34.9700,35.2030,34.7040,35.1030,31279000,3.503293
2012-12-03,sh600036,35.0700,35.1030,34.4710,34.7370,35031500,3.505247
2012-12-04,sh600036,34.7370,35.0700,34.7040,34.9700,23933300,3.504008
2012-12-05,sh600036,35.0360,36.5330,34.9370,36.4000,108218700,3.496638
2012-12-06,sh600036,36.3670,36.8990,36.3000,36.5330,65843800,3.495981
2012-12-07,sh600036,36.5660,37.7960,36.5000,37.6970,111933400,3.490463
2012-12-10,sh600036,37.8630,38.6280,37.5300,38.2620,119013300,3.487876
2012-12-11,sh600036,38.2620,38.5610,37.9960,38.3290,70145000,3.487625
2012-12-12,sh600036,38.3290,39.0600,38.2290,38.5280,67726900,3.486697
2012-12-13,sh600036,38.4620,38.5610,37.8630,37.9290,55584000,3.489328
2012-12-14,sh600036,38.1290,40.8560,38.0960,40.6900,165003900,3.477778
2012-12-17,sh600036,40.8560,41.4880,40.4570,40.7230,114367500,3.477626
2012-12-18,sh600036,40.6230,41.9530,40.4570,41.1880,123379900,3.475781
2012-12-19,sh600036,41.1880,41.8530,41.0220,41.2880,95351100,3.475421
2012-12-20,sh600036,41.0220,41.9530,41.0220,41.6870,82884400,3.473917
2012-12-21,sh600036,41.7540,41.8870,41.2550,41.3550,76221300,3.475210
2012-12-24,sh600036,41.5210,43.0510,41.4210,42.5520,109565500,3.470799
2012-12-25,sh600036,42.4190,44.8460,42.4190,44.2480,132992400,3.464996
2012-12-26,sh600036,44.2140,44.8130,43.9820,44.3140,87817600,3.464738
2012-12-27,sh600036,44.5140,45.0790,43.6490,43.7160,86279700,3.466772
2012-12-28,sh600036,43.7820,44.9460,43.7490,44.8790,84917300,3.462886
2012-12-31,sh600036,44.8790,47.6730,44.8790,47.5070,153712000,3.455055
2013-01-04,sh600036,47.7390,48.2380,46.1760,46.7750,150033600,3.457132
2013-01-07,sh600036,46.6750,47.7730,46.0100,47.0080,99469500,3.456471
2013-01-08,sh600036,47.1740,47.7730,46.1100,46.9740,103335600,3.456512
2013-01-09,sh600036,46.5420,47.0740,46.0430,46.6750,96559000,3.457407
2013-01-10,sh600036,46.6750,47.3400,46.2430,46.8080,89269400,3.457016
2013-01-11,sh600036,46.7750,47.1410,45.5450,45.9440,92040100,3.459639
2013-01-14,sh600036,45.5780,48.2380,45.5780,47.8060,157865800,3.454191
2013-01-15,sh600036,47.6730,47.9390,47.0740,47.6400,106719900,3.454677
2013-01-16,sh600036,47.5070,47.7390,46.1430,46.7420,90299800,3.457249
2013-01-17,sh600036,46.7750,46.8080,45.6440,45.7440,117049800,3.460212
2013-01-18,sh600036,46.2100,46.6750,45.7110,46.2430,110808800,3.458714
2013-01-21,sh600036,46.4090,47.3400,46.0430,46.9080,114885900,3.456743
2013-01-22,sh600036,46.9080,48.6370,46.3090,48.3380,175753400,3.452714
2013-01-23,sh600036,48.0050,48.7040,47.5070,48.3380,89490000,3.452714
2013-01-24,sh600036,48.3380,50.0010,46.8410,47.2400,196485200,3.455743
2013-01-25,sh600036,47.4730,47.7730,46.4090,46.5750,90587100,3.457684
2013-01-28,sh600036,46.6750,49.4680,46.6750,48.9360,151705800,3.451058
2013-01-29,sh600036,48.9700,50.9980,48.4710,50.3330,190625500,3.447466
2013-01-30,sh600036,50.3660,50.4660,49.0030,49.6020,127814300,3.449374
2013-01-31,sh600036,49.7680,49.9670,48.4380,49.3350,116264600,3.450000
2013-02-01,sh600036,49.0030,51.1310,48.8370,50.9320,168931600,3.446008
2013-02-04,sh600036,50.8980,51.6960,49.8680,50.2330,165969000,3.447701
2013-02-05,sh600036,49.6680,50.1340,49.0360,49.6680,121449700,3.449167
2013-02-06,sh600036,49.6680,50.0670,48.7700,49.5680,93528900,3.449408
2013-02-07,sh600036,49.5680,49.5680,47.3740,48.8030,162817700,3.451414
2013-02-08,sh600036,48.6040,48.9360,47.8720,48.4710,93929700,3.452350
2013-02-18,sh600036,48.7700,49.2360,47.9060,48.1720,86439400,3.453190
2013-02-19,sh600036,48.0720,48.5370,47.4070,47.7730,80257500,3.454302
2013-02-20,sh600036,47.8720,48.0390,46.4420,47.8060,110823600,3.454191
2013-02-21,sh600036,47.2070,47.2740,44.8460,46.2760,130621600,3.458595
2013-02-22,sh600036,46.1760,46.2760,45.0130,45.2450,81360000,3.461744
2013-02-25,sh600036,45.5110,45.8770,44.9790,45.1460,70980500,3.462117
2013-02-26,sh600036,44.6470,45.9440,43.8490,44.0480,225425300,3.465618
2013-02-27,sh600036,44.2140,45.0130,43.6160,44.4800,144114900,3.464174
2013-02-28,sh600036,44.6800,46.0770,44.2810,46.0100,169686100,3.459398
2013-03-01,sh600036,46.0100,46.2430,44.3810,45.2450,127952600,3.461744
2013-03-04,sh600036,44.5140,45.0130,42.2520,42.5850,174787300,3.470660
2013-03-05,sh600036,42.7850,46.5750,42.7850,46.2100,217489100,3.458832
2013-03-06,sh600036,46.2430,47.0080,45.4780,46.5090,152953400,3.457918
2013-03-07,sh600036,46.2430,46.2430,44.9790,45.3780,88818900,3.461327
2013-03-08,sh600036,45.5110,46.6090,44.7800,46.1100,92994300,3.459115
2013-03-11,sh600036,45.7110,45.7770,44.8790,45.4120,48343600,3.461280
2013-03-12,sh600036,45.4120,46.0100,44.1810,44.6800,69609900,3.463566
2013-03-13,sh600036,44.6800,45.1120,43.6820,43.9150,65982700,3.466062
2013-03-14,sh600036,43.8150,44.6130,43.5160,43.9150,47569800,3.466062
2013-03-15,sh600036,43.9480,45.6440,43.1500,43.5830,136157200,3.467224
2013-03-18,sh600036,43.2830,44.0150,43.0170,43.2830,65953700,3.468189
2013-03-19,sh600036,43.1840,43.9150,43.1840,43.6820,54739500,3.466825
2013-03-20,sh600036,43.7820,45.5780,43.7160,45.4780,134323300,3.461035
2013-03-21,sh600036,45.4780,45.7440,45.2120,45.4450,64556300,3.461158
2013-03-22,sh600036,45.6440,45.8440,45.1790,45.4450,44108700,3.461158
2013-03-25,sh600036,45.6780,45.9440,44.8130,44.9460,55900100,3.462712
2013-03-26,sh600036,44.6800,44.8460,43.6160,43.9820,61902600,3.465879
2013-03-27,sh600036,43.8820,44.7460,43.8820,44.2480,45729300,3.464996
2013-03-28,sh600036,43.0170,43.0170,40.6900,42.1190,126617100,3.472300
2013-03-29,sh600036,42.3190,44.1480,42.0860,43.7820,102332900,3.466508
2013-04-01,sh600036,43.3170,43.7160,42.8180,43.0170,41277600,3.469113
2013-04-02,sh600036,43.2830,44.1810,42.9180,43.5490,55765300,3.467277
2013-04-03,sh600036,43.6820,44.9460,43.6160,44.3140,63290800,3.464738
2013-04-08,sh600036,43.1500,43.9820,43.0170,43.7160,51753900,3.466772
2013-04-09,sh600036,43.9820,44.2810,43.3830,43.6490,48341300,3.466958
2013-04-10,sh600036,43.6160,43.8490,42.9510,43.1500,30295400,3.468650
2013-04-11,sh600036,43.5490,43.8150,42.8840,42.9840,33431400,3.469249
2013-04-12,sh600036,42.9840,43.2170,42.5520,42.6180,28710300,3.470521
2013-04-15,sh600036,42.6850,43.0170,42.3190,42.5180,33325300,3.470857
2013-04-16,sh600036,42.3520,43.0170,42.1530,42.8510,55597500,3.469717
2013-04-17,sh600036,42.7850,42.8510,42.0200,42.2190,43182800,3.471957
2013-04-18,sh600036,41.8530,42.6850,41.7200,42.2190,57567700,3.471957
2013-04-19,sh600036,42.3850,44.4800,42.1860,43.7490,159685200,3.466640
2013-04-22,sh600036,43.4500,43.8150,43.4160,43.6490,59032900,3.466958
2013-04-23,sh600036,43.8490,43.8490,41.8530,42.1530,85782600,3.472241
2013-04-24,sh600036,42.1860,43.1840,41.9530,42.6850,50028500,3.470325
2013-04-25,sh600036,42.4850,42.8510,41.9530,42.4190,49654300,3.471277
2013-04-26,sh600036,42.6180,42.8180,42.0530,42.1860,33018200,3.472099
2013-05-02,sh600036,42.0200,42.0860,41.5210,42.0200,46973400,3.472727
2013-05-03,sh600036,42.2190,43.5160,42.0860,42.8510,68956500,3.469717
2013-05-06,sh600036,43.0170,43.8490,42.9510,43.4500,50270500,3.467678
2013-05-07,sh600036,43.2500,43.4500,42.9510,43.3170,36789000,3.468135
2013-05-08,sh600036,43.2830,43.8490,43.1500,43.3500,54553500,3.468000
2013-05-09,sh600036,43.4830,43.6160,42.4850,42.7850,44652200,3.469992
2013-05-10,sh600036,43.0170,44.2810,42.9180,44.1810,97604000,3.465176
2013-05-13,sh600036,44.1480,45.7110,43.6490,45.6440,174515100,3.460500
2013-05-14,sh600036,45.6110,46.2100,45.3450,46.1100,152786000,3.459115
2013-05-15,sh600036,46.0770,47.1740,45.8440,46.9740,109663100,3.456512
2013-05-16,sh600036,46.8410,48.1380,46.3760,47.9060,151766800,3.453929
2013-05-17,sh600036,47.9060,48.1050,47.0740,47.8720,101619200,3.453968
2013-05-20,sh600036,47.8720,48.6700,47.1410,47.8720,124578700,3.453968
2013-05-21,sh600036,47.6730,47.7060,46.5420,46.9080,106905700,3.456743
2013-05-22,sh600036,46.9410,48.3380,46.9410,48.3050,140450100,3.452823
2013-05-23,sh600036,48.0050,48.1720,46.7080,46.7420,104392700,3.457249
2013-05-24,sh600036,46.9080,47.4070,46.4090,46.7080,55498900,3.457291
2013-05-27,sh600036,46.6090,46.9080,46.0770,46.3090,49964600,3.458476
2013-05-28,sh600036,46.1760,47.6730,46.0770,47.5400,85149200,3.454942
2013-05-29,sh600036,47.6400,47.9720,46.9410,47.0410,59622700,3.456356
2013-05-30,sh600036,46.9410,47.3070,46.5090,46.9410,46826200,3.456627
2013-05-31,sh600036,46.9740,47.7390,46.7750,46.9410,45658500,3.456627
2013-06-03,sh600036,46.9410,47.9720,46.9080,47.5730,70140400,3.454829
2013-06-04,sh600036,47.4730,47.9720,47.0080,47.5070,78089900,3.455055
2013-06-05,sh600036,47.5070,47.5400,45.6440,46.2100,61817000,3.458832
2013-06-06,sh600036,46.1430,46.3090,45.0460,45.6110,67156000,3.460622
2013-06-07,sh600036,45.6110,46.1430,45.3450,45.5780,68048600,3.460744
2013-06-13,sh600036,45.1120,45.1120,43.1840,44.8460,81035300,3.640097
2013-06-14,sh600036,44.6130,44.7800,44.1810,44.4800,58036600,3.642916
2013-06-17,sh600036,44.5470,44.8460,44.0810,44.1150,31388700,3.645868
2013-06-18,sh600036,44.2480,44.8130,44.2140,44.4470,34491000,3.643197
2013-06-19,sh600036,44.4470,44.4470,43.4500,43.7160,39840000,3.649082
2013-06-20,sh600036,43.6490,43.6490,41.7870,42.0200,63295600,3.663470
2013-06-21,sh600036,41.4540,43.0170,41.0550,42.8180,70320800,3.656533
2013-06-24,sh600036,42.5520,42.5520,39.6590,40.2240,118147100,3.680146
2013-06-25,sh600036,39.7920,40.5570,37.1310,40.1910,128040600,3.680495
2013-06-26,sh600036,40.5570,40.5900,38.8940,39.3260,93892900,3.689118
2013-06-27,sh600036,39.5920,40.3900,39.4260,40.1910,72290000,3.680495
2013-06-28,sh600036,40.1910,42.5850,39.9580,42.4520,116872000,3.659655
2013-07-01,sh600036,42.1190,42.4850,41.1220,41.7200,48482100,3.666081
2013-07-02,sh600036,41.7200,41.9860,40.5230,41.1550,63906500,3.671276
2013-07-03,sh600036,41.0550,41.9530,40.3570,41.6210,60519600,3.667048
2013-07-04,sh600036,41.3210,42.0860,40.7890,41.2550,53058500,3.670374
2013-07-05,sh600036,41.2880,41.6210,40.8890,41.3550,37591500,3.669476
2013-07-08,sh600036,40.9560,41.1880,40.3900,40.5570,46495000,3.676972
2013-07-09,sh600036,40.5230,41.2880,40.3900,40.9890,49418800,3.672849
2013-07-10,sh600036,41.1220,41.6210,40.6560,41.5210,41429700,3.667933
2013-07-11,sh600036,41.6210,45.2120,41.6210,44.2810,160521700,3.644527
2013-07-12,sh600036,43.7820,44.1480,42.1190,42.5180,90111900,3.659036
2013-07-15,sh600036,42.9180,43.4830,42.2860,42.6180,67469600,3.658197
2013-07-16,sh600036,42.5850,42.5850,41.8200,42.5520,61861100,3.658813
2013-07-17,sh600036,42.4520,42.6180,41.7200,41.7870,52624700,3.665526
2013-07-18,sh600036,41.6540,42.1190,40.8230,41.0550,53560300,3.672182
2013-07-19,sh600036,41.1220,41.3880,40.0580,40.1910,55832800,3.680495
2013-07-22,sh600036,39.4590,40.0910,39.0270,39.9580,56804300,3.682765
2013-07-23,sh600036,40.1910,41.4210,39.8250,40.6560,55201300,3.675949
2013-07-24,sh600036,39.9580,40.5900,39.3930,40.1240,64957700,3.681101
2013-07-25,sh600036,40.2570,40.6560,39.6250,39.8910,41472000,3.683380
2013-07-26,sh600036,39.7920,39.7920,39.2930,39.5920,30576400,3.686406
2013-07-29,sh600036,39.1270,39.1600,38.4620,38.7610,46625200,3.695043
2013-07-30,sh600036,39.0600,39.7580,38.8610,39.3930,49021200,3.688483
2013-07-31,sh600036,39.7920,40.2900,39.0270,39.1270,33973000,3.691226
2013-08-01,sh600036,39.4260,40.1240,39.2260,40.0240,47089800,3.682061
2013-08-02,sh600036,40.2240,40.6560,39.6920,39.8250,36088500,3.684089
2013-08-05,sh600036,39.8580,40.1240,39.5260,39.9580,29081400,3.682765
2013-08-06,sh600036,39.7250,40.0580,39.3930,39.6590,40097600,3.685781
2013-08-07,sh600036,39.6590,40.1570,39.4590,39.5260,38069300,3.687127
2013-08-08,sh600036,39.4590,40.2240,39.4260,39.6250,42651700,3.686047
2013-08-09,sh600036,39.9250,40.1240,38.9600,39.4260,42253600,3.688120
2013-08-12,sh600036,39.7920,40.6560,39.4260,40.6230,81975000,3.676290
2013-08-13,sh600036,40.6230,41.1550,40.5230,40.9560,65007100,3.673184
2013-08-14,sh600036,41.0550,41.5870,40.8230,40.9560,54414100,3.673184
2013-08-15,sh600036,40.9560,41.2550,40.5570,40.5900,39585500,3.676630
2013-08-16,sh600036,40.4900,44.2480,39.6590,40.4230,151349900,3.678162
2013-08-19,sh600036,39.9910,41.2880,39.7580,40.8560,68019200,3.674101
2013-08-20,sh600036,40.7560,41.6540,40.3570,40.5570,81543900,3.676972
2013-08-21,sh600036,40.8230,40.8890,40.0240,40.2240,39480900,3.680146
2013-08-22,sh600036,40.1240,40.9560,40.0580,40.1570,46575000,3.680752
2013-08-23,sh600036,40.1240,40.4230,38.2950,38.9940,118158900,3.692614
2013-08-26,sh600036,38.8270,39.4920,38.3620,39.4590,132250000,3.687757
2013-08-27,sh600036,39.1270,39.4590,38.8610,39.3260,103525500,3.689118
2013-09-05,sh600036,40.2460,40.4400,39.8960,40.0900,117901400,3.760788
2013-09-06,sh600036,39.9740,41.2550,39.8960,40.9830,81162100,3.763361
2013-09-09,sh600036,41.6050,44.0510,41.4490,43.6630,226690900,3.770553
2013-09-10,sh600036,43.6630,44.3620,43.1190,43.8570,138818200,3.771023
2013-09-11,sh600036,43.7790,44.6720,43.4680,43.8180,136234300,3.770912
2013-09-12,sh600036,43.7790,46.0310,43.2740,44.9440,192631500,3.773636
2013-09-13,sh600036,44.7500,45.4100,44.1670,44.5950,114843000,3.772843
2013-09-16,sh600036,45.2160,45.2930,43.3520,43.9340,105856300,3.771159
2013-09-17,sh600036,44.3230,44.3230,42.1090,42.1480,110665600,3.766577
2013-09-18,sh600036,42.3810,42.6530,41.7210,41.9930,67293500,3.766188
2013-09-23,sh600036,42.2260,42.7310,41.7210,42.1480,79801700,3.766577
2013-09-24,sh600036,42.1870,42.1870,40.7110,40.9440,82797400,3.763235
2013-09-25,sh600036,40.9440,41.6430,40.6730,40.7890,65975800,3.762823
2013-09-26,sh600036,40.7110,40.7500,39.8960,40.4780,60827700,3.761896
2013-09-27,sh600036,40.3620,40.6730,40.2460,40.6340,34902800,3.762407
2013-09-30,sh600036,40.9440,41.2940,40.7890,41.1000,42535100,3.763736
2013-10-08,sh600036,41.1390,41.2550,40.2840,41.0610,49739700,3.763611
2013-10-09,sh600036,41.0220,41.7990,40.7110,41.2550,49703400,3.764142
2013-10-10,sh600036,41.2550,41.2940,40.3230,40.5560,50014800,3.762152
2013-10-11,sh600036,40.9830,41.4880,40.6730,41.1770,74539500,3.763894
2013-10-14,sh600036,41.2160,41.3330,40.4780,40.6340,62165100,3.762407
2013-10-15,sh600036,40.7500,40.8280,40.2460,40.3620,57593100,3.761603
2013-10-16,sh600036,40.3620,40.7110,40.1680,40.3620,51254100,3.761603
2013-10-17,sh600036,40.5560,40.6340,39.8180,39.8570,45498100,3.760094
2013-10-18,sh600036,39.9740,40.3230,39.8570,39.9740,32417600,3.760489
2013-10-21,sh600036,39.9740,40.6340,39.6630,40.4780,48094600,3.761896
2013-10-22,sh600036,40.4010,40.4780,39.8570,39.9740,41517100,3.760489
2013-10-23,sh600036,40.1680,41.0220,39.9740,40.1680,64499400,3.761049
2013-10-24,sh600036,40.1680,40.4400,39.8570,39.9740,52902700,3.760489
2013-10-25,sh600036,39.8570,40.5560,39.6630,39.8960,64707800,3.760226
2013-10-28,sh600036,39.9350,40.0130,39.6630,39.9350,29512200,3.760358
2013-10-29,sh600036,40.0130,41.6430,40.0130,40.8280,138530800,3.762949
2013-10-30,sh600036,41.0220,41.1000,40.4400,41.0610,78734100,3.763611
2013-10-31,sh600036,41.0610,41.1000,40.3620,40.4010,69779200,3.761732
2013-11-01,sh600036,40.9060,41.2160,40.5950,41.0610,68540500,3.763611
2013-11-04,sh600036,41.3720,41.4490,40.5950,40.6340,40641700,3.762407
2013-11-05,sh600036,40.5950,40.5950,39.7800,40.4400,64112400,3.761860
2013-11-06,sh600036,40.1290,40.3230,39.8960,39.9350,49210000,3.760358
2013-11-07,sh600036,39.9350,40.2840,39.8960,40.2460,38116300,3.761308
2013-11-08,sh600036,40.1680,40.3620,39.7020,39.7800,43305300,3.759924
2013-11-11,sh600036,39.8570,40.0510,39.5080,39.5850,42903400,3.759259
2013-11-12,sh600036,39.7800,40.2070,39.5850,40.1680,58961200,3.761049
2013-11-13,sh600036,39.8180,39.9350,38.7700,38.8090,85772600,3.756922
2013-11-14,sh600036,39.0810,39.0810,38.4590,38.5370,49775900,3.756043
2013-11-15,sh600036,38.7310,39.5850,38.6530,38.8860,77615800,3.757101
2013-11-18,sh600036,39.2360,42.9250,39.1190,42.7310,273536000,3.768166
2013-11-19,sh600036,42.5750,42.7310,41.1390,41.4880,140792700,3.764791
2013-11-20,sh600036,41.8380,42.0710,40.9060,41.2160,91608000,3.764018
2013-11-21,sh600036,41.0220,41.3330,40.4010,41.2940,101948900,3.764266
2013-11-22,sh600036,41.3330,41.6050,40.9440,41.3330,99751000,3.764390
2013-11-25,sh600036,41.2160,41.6050,40.6730,40.7110,55419900,3.762569
2013-11-26,sh600036,40.7890,41.0610,40.6340,40.7500,45184700,3.762696
2013-11-27,sh600036,40.7890,41.4100,40.4780,40.8670,72902100,3.763076
2013-11-28,sh600036,40.9830,41.6820,40.7890,41.1390,71508400,3.763861
2013-11-29,sh600036,41.3720,41.4880,40.9440,41.0610,48143800,3.763611
2013-12-02,sh600036,41.0220,42.3810,40.9440,41.9540,130731700,3.766068
2013-12-03,sh600036,41.7990,41.9930,41.4490,41.7990,58863200,3.765676
2013-12-04,sh600036,41.6820,42.3810,41.5270,41.9150,83213200,3.765948
2013-12-05,sh600036,41.9150,41.9930,41.3720,41.5660,62644700,3.765036
2013-12-06,sh600036,41.4100,41.4490,40.9060,41.3330,61369500,3.764390
2013-12-09,sh600036,41.3330,41.4490,40.9440,41.0220,50928200,3.763486
2013-12-10,sh600036,41.7990,42.1090,41.3720,41.7600,101602500,3.765555
2013-12-11,sh600036,41.8380,42.1090,41.4100,41.4880,110548700,3.764791
2013-12-12,sh600036,41.4100,42.0320,41.1000,41.1000,79924500,3.763736
2013-12-13,sh600036,40.4780,40.7890,40.0510,40.2460,97408200,3.761308
2013-12-16,sh600036,40.2840,40.7110,39.8960,39.9350,87015700,3.760358
2013-12-17,sh600036,40.0510,40.4010,39.8960,39.9740,57884900,3.760489
2013-12-18,sh600036,39.9740,40.8670,39.9350,40.5950,74702500,3.762280
2013-12-19,sh600036,40.7890,40.9440,40.1680,40.2460,65703800,3.761308
2013-12-20,sh600036,40.3620,40.4400,38.6920,38.8090,103316500,3.756922
2013-12-23,sh600036,39.1190,39.2750,38.4980,38.5760,78142500,3.756183
2013-12-24,sh600036,38.8860,38.9250,37.9160,38.1870,91931900,3.754867
2013-12-25,sh600036,38.3430,38.7310,37.8770,38.7310,94276700,3.756644
2013-12-26,sh600036,38.6530,38.6920,38.1100,38.1100,51417400,3.754680
2013-12-27,sh600036,38.3430,39.1190,38.1490,38.7310,70565400,3.756644
2013-12-30,sh600036,38.9640,40.0130,38.6530,39.8570,104179900,3.760094
2013-12-31,sh600036,39.3520,41.8760,39.3140,40.9830,296546900,3.763361
2014-01-02,sh600036,40.7890,40.8670,40.1290,40.3620,53256400,3.761603
2014-01-03,sh600036,40.0510,40.1680,39.0810,39.5080,58529800,3.759087
2014-01-06,sh600036,39.4690,39.5470,38.7700,39.3140,65397000,3.758509
2014-01-07,sh600036,38.8090,39.6240,38.6150,39.5470,54256300,3.759221
2014-01-08,sh600036,39.5470,40.2070,39.3140,39.9740,49293700,3.760489
2014-01-09,sh600036,39.8960,40.4780,39.8960,40.2460,48223300,3.761308
2014-01-10,sh600036,40.2070,40.7110,39.8960,40.6340,62914000,3.762407
2014-01-13,sh600036,40.7110,41.3330,40.3620,40.9440,77971600,3.763235
2014-01-14,sh600036,40.8280,41.1000,40.0510,40.4400,44867800,3.761860
2014-01-15,sh600036,40.3230,40.4400,39.5850,39.8180,35573300,3.759962
2014-01-16,sh600036,39.8180,39.9740,39.5470,39.6630,27592400,3.759526
2014-01-17,sh600036,39.5850,39.7800,39.1190,39.7410,51874500,3.759792
2014-01-20,sh600036,39.5080,39.8570,39.1580,39.3520,27537800,3.758548
2014-01-21,sh600036,39.6240,40.1680,39.3910,39.5850,25159200,3.759259
2014-01-22,sh600036,39.7020,40.5560,39.3910,40.2460,50123600,3.761308
2014-01-23,sh600036,40.1290,40.2840,39.4300,39.5470,38634100,3.759221
2014-01-24,sh600036,39.3910,39.7020,39.0420,39.1970,52264100,3.758102
2014-01-27,sh600036,39.0810,39.1970,38.6150,38.8090,47078700,3.756922
2014-01-28,sh600036,38.8860,39.3520,38.8480,39.2360,39757800,3.758238
2014-01-29,sh600036,39.3910,39.7020,39.2360,39.5080,28538100,3.759087
2014-01-30,sh600036,39.4300,39.4300,38.7700,38.9250,26539200,3.757239
2014-02-07,sh600036,38.6920,38.9640,38.4590,38.8090,32083500,3.756922
2014-02-10,sh600036,38.9640,39.2360,38.8860,39.1970,54295900,3.758102
2014-02-11,sh600036,39.0810,40.4010,38.8090,39.7410,108473300,3.759792
2014-02-12,sh600036,39.7410,40.0510,39.3910,39.5080,53802700,3.759087
2014-02-13,sh600036,39.3520,40.4400,39.1970,39.5850,97138100,3.759259
2014-02-14,sh600036,39.5850,39.7800,39.2750,39.5470,42266000,3.759221
2014-02-17,sh600036,39.8570,40.0130,39.3520,39.5080,61964700,3.759087
2014-02-18,sh600036,39.5080,39.5080,38.6920,38.7700,71937100,3.756783
2014-02-19,sh600036,38.7700,39.8180,38.6150,39.5080,109595300,3.759087
2014-02-20,sh600036,39.5080,39.8960,38.8480,38.8860,66654600,3.757101
2014-02-21,sh600036,38.8860,39.2750,38.5370,38.7700,51432600,3.756783
2014-02-24,sh600036,38.5760,38.5760,37.7220,37.8380,84429800,3.753770
2014-02-25,sh600036,37.9160,38.0710,37.0610,37.2940,84310700,3.751911
2014-02-26,sh600036,37.1390,37.8380,37.1000,37.6050,42355000,3.752994
2014-02-27,sh600036,37.6830,37.7600,37.0610,37.6050,64157200,3.752994
2014-02-28,sh600036,37.5270,37.7600,36.8670,37.2560,62775900,3.751863
2014-03-03,sh600036,36.9840,37.1000,36.6340,36.8280,78309900,3.750305
2014-03-04,sh600036,36.7510,36.7510,36.2070,36.5570,74867800,3.749436
2014-03-05,sh600036,36.6340,36.6340,36.0520,36.0910,57911100,3.747767
2014-03-06,sh600036,36.0520,36.6730,35.9740,36.4790,54930300,3.749126
2014-03-07,sh600036,36.4790,36.9060,36.1680,36.2850,54820300,3.748450
2014-03-10,sh600036,36.0130,36.0910,35.3920,35.4690,70913100,3.745407
2014-03-11,sh600036,35.4690,35.7020,35.2360,35.5470,41346000,3.745732
2014-03-12,sh600036,35.4300,36.2460,35.2750,36.0130,58695500,3.747451
2014-03-13,sh600036,36.1290,36.9840,35.8960,36.2460,70061700,3.748294
2014-03-14,sh600036,36.1290,36.1290,35.5860,35.8190,57744600,3.746757
2014-03-17,sh600036,36.0910,36.2070,35.6630,35.9350,35278600,3.747132
2014-03-18,sh600036,35.8960,36.2850,35.8190,35.9350,44802700,3.747132
2014-03-19,sh600036,35.8190,35.8190,35.5470,35.7800,30535900,3.746597
2014-03-20,sh600036,35.7800,36.0910,35.3920,35.4300,36331300,3.745243
2014-03-21,sh600036,35.4300,37.1390,35.3530,36.9060,114371900,3.750610
2014-03-24,sh600036,36.9450,37.0610,36.5180,36.9060,79845000,3.750610
2014-03-25,sh600036,36.9060,37.1390,36.5950,36.7120,41901500,3.749949
2014-03-26,sh600036,36.8280,36.9450,36.6340,36.7510,33632700,3.750102
2014-03-27,sh600036,36.7510,37.2560,36.2460,36.7120,72840100,3.749949
2014-03-28,sh600036,36.7120,37.2170,36.6340,36.9840,67562300,3.750913
2014-03-31,sh600036,36.9450,37.1390,36.4400,36.8280,53922000,3.750305
2014-04-01,sh600036,36.7900,37.2560,36.6730,37.0610,40553500,3.751113
2014-04-02,sh600036,37.0610,37.5660,36.9840,37.4110,46973100,3.752357
2014-04-03,sh600036,37.5270,37.7220,36.9450,37.0610,37611500,3.751113
2014-04-04,sh600036,36.9060,37.3720,36.7510,37.3330,28983700,3.752060
2014-04-08,sh600036,37.3330,39.0420,37.3330,38.4590,125647500,3.755762
2014-04-09,sh600036,38.4200,38.6530,38.1490,38.2260,49546100,3.755010
2014-04-10,sh600036,38.3040,39.7800,38.0320,39.1190,125741000,3.757829
2014-04-11,sh600036,39.0810,39.2750,38.6920,39.0420,83700400,3.757652
2014-04-14,sh600036,39.0420,39.3910,38.3820,38.7310,44536000,3.756644
2014-04-15,sh600036,38.4980,38.5760,37.5660,37.7600,55898800,3.753479
2014-04-16,sh600036,37.7220,38.1870,37.6050,37.9540,32300000,3.754105
2014-04-17,sh600036,38.1100,38.2650,37.7990,37.8770,24985500,3.753915
2014-04-18,sh600036,37.6440,37.9160,37.2560,37.5660,44941800,3.752847
2014-04-21,sh600036,37.3720,37.7600,36.8280,36.9060,45225000,3.750610
2014-04-22,sh600036,36.9060,37.4500,36.8280,37.2940,39771300,3.751911
2014-04-23,sh600036,37.2560,37.6440,37.1780,37.2940,38427900,3.751911
2014-04-24,sh600036,37.4110,37.9540,37.2170,37.4890,41519700,3.752653
2014-04-25,sh600036,37.8380,38.4590,37.4890,37.7990,72827000,3.753625
2014-04-28,sh600036,38.0710,38.1870,37.4500,37.7600,57743200,3.753479
2014-04-29,sh600036,37.8380,38.1100,37.4890,37.9540,55927300,3.754105
2014-04-30,sh600036,37.9930,38.0710,37.6050,37.6440,38465200,3.753141
2014-05-05,sh600036,37.5270,37.6050,36.7120,37.2940,56011200,3.751911
2014-05-06,sh600036,37.2170,37.5270,36.9450,37.0230,24992100,3.751064
2014-05-07,sh600036,37.0230,37.2170,36.9450,36.9840,33178200,3.750913
2014-05-08,sh600036,36.9840,37.6830,36.8670,37.1000,34742400,3.751264
2014-05-09,sh600036,37.2560,37.4500,37.1000,37.1780,28961300,3.751564
2014-05-12,sh600036,37.3720,37.8380,37.2170,37.6440,46585000,3.753141
2014-05-13,sh600036,37.6440,37.6830,37.3720,37.4890,24024600,3.752653
2014-05-14,sh600036,37.5270,37.7600,37.4110,37.4890,28490400,3.752653
2014-05-15,sh600036,37.4890,37.6830,37.3720,37.4500,26320300,3.752505
2014-05-16,sh600036,37.6440,37.7990,37.4500,37.6440,38020000,3.753141
2014-05-19,sh600036,37.5270,37.6050,36.7120,36.9840,50974400,3.750913
2014-05-20,sh600036,37.0230,37.2560,36.8670,37.0610,25492900,3.751113
2014-05-21,sh600036,36.7900,37.4110,36.7900,37.3330,20692400,3.752060
2014-05-22,sh600036,37.3330,37.9160,37.2560,37.3720,34599000,3.752209
2014-05-23,sh600036,37.4890,37.8380,37.3720,37.7990,25365500,3.753625
2014-05-26,sh600036,38.1100,38.1490,37.6830,37.8380,36080800,3.753770
2014-05-27,sh600036,37.8380,38.1870,37.7220,37.9540,40848400,3.754105
2014-05-28,sh600036,37.9540,38.3430,37.8770,38.3040,45123000,3.755294
2014-05-29,sh600036,38.3820,38.4980,38.1100,38.1100,39560800,3.754680
2014-05-30,sh600036,38.1100,38.4590,38.0320,38.1100,22071400,3.754680
2014-06-03,sh600036,38.0710,38.5760,37.7990,38.2260,36299500,3.755010
2014-06-04,sh600036,38.2650,38.3040,37.7600,37.9160,27462600,3.754059
2014-06-05,sh600036,37.9930,38.2260,37.6440,38.1490,39944400,3.754823
2014-06-06,sh600036,38.1490,38.1490,37.2940,37.5270,57542100,3.752700
2014-06-09,sh600036,37.3720,38.0710,37.3720,37.5270,42459300,3.752700
2014-06-10,sh600036,37.7600,38.1490,37.4890,38.1100,69402500,3.754680
2014-06-11,sh600036,37.9930,38.2650,37.7990,37.9930,37211900,3.754249
2014-06-12,sh600036,37.9160,37.9930,37.6830,37.7990,33885300,3.753625
2014-06-13,sh600036,37.7600,38.5760,37.7220,38.3820,71212100,3.755577
2014-06-16,sh600036,38.4200,39.3140,38.1870,39.0420,90740200,3.757652
2014-06-17,sh600036,39.0030,39.0030,38.5760,38.7700,50260400,3.756783
2014-06-18,sh600036,38.7700,38.9640,38.4590,38.4980,42768100,3.755902
2014-06-19,sh600036,38.6920,38.7700,38.1100,38.2650,44841200,3.755152
2014-06-20,sh600036,38.3040,38.4590,38.1100,38.3430,45240100,3.755436
2014-06-23,sh600036,38.3430,38.3820,37.8770,37.9160,41342100,3.754059
2014-06-24,sh600036,37.9160,38.2650,37.8770,38.2260,31811400,3.755010
2014-06-25,sh600036,38.2260,38.2650,37.9540,38.0710,30674400,3.754536
2014-06-26,sh600036,38.1870,38.6150,38.1100,38.4590,37108900,3.755762
2014-06-27,sh600036,38.3430,38.5370,38.1490,38.2260,40741100,3.755010
2014-06-30,sh600036,38.2260,38.5370,38.2260,38.4590,39066600,3.755762
2014-07-01,sh600036,38.4980,38.6150,38.3040,38.4200,33859600,3.755621
2014-07-02,sh600036,38.4200,38.6150,38.3820,38.5370,38268400,3.756043
2014-07-03,sh600036,38.5760,38.8860,38.4980,38.8480,55189500,3.757060
2014-07-04,sh600036,38.8090,38.9640,38.7310,38.8480,32935500,3.757060
2014-07-07,sh600036,38.8480,38.9250,38.6920,38.7700,32183000,3.756783
2014-07-08,sh600036,38.7700,39.0420,38.6920,38.9640,36679100,3.757377
2014-07-09,sh600036,38.9250,38.9640,38.3820,38.4590,50446100,3.755762
2014-07-10,sh600036,38.4980,38.7700,38.4980,38.5370,42521200,3.756043
2014-07-11,sh600036,38.5760,38.9250,38.4980,38.7310,48873700,3.997007
2014-07-14,sh600036,38.7310,38.9640,38.5370,38.9640,46443300,3.996308
2014-07-15,sh600036,38.9640,39.1190,38.8090,39.0810,44903100,3.996012
2014-07-16,sh600036,39.0810,39.3140,38.9250,39.1190,45693000,3.995812
2014-07-17,sh600036,39.1190,39.1190,38.8090,38.9250,29921200,3.996407
2014-07-18,sh600036,38.9250,39.2750,38.8480,39.1190,45872900,3.995812
2014-07-21,sh600036,39.1190,39.2360,38.9640,39.1970,30666700,3.995617
2014-07-22,sh600036,39.2360,40.1680,39.1190,39.8570,90924200,3.993687
2014-07-23,sh600036,39.8180,40.4400,39.7800,40.2070,78775400,3.992751
2014-07-24,sh600036,40.2070,41.4880,40.2070,41.2550,141612800,3.989845
2014-07-25,sh600036,41.4100,41.8760,41.3720,41.8380,77555500,3.988370
2014-07-28,sh600036,42.1870,43.9340,42.1870,43.7010,178057200,3.983683
2014-07-29,sh600036,43.7400,44.3620,43.4680,43.9340,106117100,3.983137
2014-07-30,sh600036,43.9340,44.4780,43.5070,43.7790,88811400,3.983530
2014-07-31,sh600036,43.5460,44.1290,43.3910,44.0900,69895900,3.982836
2014-08-01,sh600036,43.9340,45.0610,43.7790,43.8960,96819200,3.983303
2014-08-04,sh600036,43.8960,44.7890,43.8180,44.7890,81192500,3.981244
2014-08-05,sh600036,44.7500,44.7890,44.2450,44.5170,63237600,3.981843
2014-08-06,sh600036,44.2060,44.2060,43.4300,43.7400,85425400,3.983607
2014-08-07,sh600036,43.5460,44.0900,42.7310,42.8080,75661700,3.985847
2014-08-08,sh600036,43.0020,43.2350,42.6140,43.1580,58870000,3.985042
2014-08-11,sh600036,43.2740,44.2840,43.1970,44.1290,61489200,3.982762
2014-08-12,sh600036,43.7400,43.9340,43.3130,43.4680,56007000,3.984235
2014-08-13,sh600036,43.4680,43.8180,43.0410,43.1580,62901900,3.985042
2014-08-14,sh600036,43.1580,43.5460,42.5370,42.8080,90536100,3.985847
2014-08-15,sh600036,42.7690,43.2740,42.5370,43.0020,57498400,3.985357
2014-08-18,sh600036,43.0410,43.3520,42.8860,43.0410,48283300,3.985278
2014-08-19,sh600036,43.0410,43.1190,42.6530,42.9640,42085700,3.985529
2014-08-20,sh600036,42.8080,42.9640,42.5750,42.7310,35076900,3.986101
2014-08-21,sh600036,42.7310,42.7310,41.9150,42.2650,54942300,3.987264
2014-08-22,sh600036,42.1090,42.7690,41.9930,42.6920,40205500,3.986181
2014-08-25,sh600036,42.7310,42.8080,41.9930,42.1870,40054000,3.987429
2014-08-26,sh600036,42.1870,42.4200,41.9930,42.2650,37654500,3.987264
2014-08-27,sh600036,42.1090,42.3810,41.9150,42.1480,37205700,3.987512
2014-08-28,sh600036,42.1480,42.1480,41.6050,41.7600,53249200,3.988539
2014-08-29,sh600036,41.9930,42.1480,41.6820,42.1090,31151600,3.987595
2014-09-01,sh600036,42.2260,42.3040,41.8760,42.0320,44664600,3.987856
2014-09-02,sh600036,42.1090,42.7310,41.7600,42.6140,85066300,3.986342
2014-09-03,sh600036,42.5750,43.1970,42.4980,42.9640,82178600,3.985529
2014-09-04,sh600036,43.0020,43.3130,42.7310,43.1580,58184100,3.985042
2014-09-05,sh600036,43.2740,43.6240,43.2350,43.5460,71109700,3.984081
2014-09-09,sh600036,43.5460,43.7010,43.0020,43.0410,52675600,3.985278
2014-09-10,sh600036,42.6530,43.0020,42.4980,42.6920,47045200,3.986181
2014-09-11,sh600036,42.6530,43.0800,42.3420,42.3810,77092800,3.986924
2014-09-12,sh600036,42.3040,42.6530,42.1870,42.6140,37288800,3.986342
2014-09-15,sh600036,42.3040,42.4980,42.1090,42.3420,58219100,3.987006
2014-09-16,sh600036,42.3810,42.8470,42.1090,42.1870,83101200,3.987429
2014-09-17,sh600036,42.4590,42.4980,41.9540,42.1870,61592000,3.987429
2014-09-18,sh600036,41.9930,42.4980,41.8380,42.1480,77294500,3.987512
2014-09-19,sh600036,42.1090,42.4200,41.9930,42.3420,59631600,3.987006
2014-09-22,sh600036,42.1090,42.1480,41.1770,41.3330,78671000,3.989672
2014-09-23,sh600036,41.2940,41.6050,41.1390,41.4490,51796800,3.989317
2014-09-24,sh600036,41.2550,42.2650,41.2160,42.1480,85953000,3.987512
2014-09-25,sh600036,42.4590,42.4980,41.7210,41.8760,73618400,3.988190
2014-09-26,sh600036,41.7600,41.9150,41.4880,41.6820,42616200,3.988708
2014-09-29,sh600036,41.6820,41.7990,41.3330,41.4880,74808800,3.989231
2014-09-30,sh600036,41.5270,41.6430,41.3330,41.4490,53937500,3.989317
2014-10-08,sh600036,41.5270,41.7210,41.2940,41.6820,80876600,3.988708
2014-10-09,sh600036,41.6820,42.0320,41.4880,41.6820,81206600,3.988708
2014-10-10,sh600036,41.5270,41.9540,41.4490,41.7600,73045300,3.988539
2014-10-13,sh600036,41.5270,41.7600,41.2940,41.5660,65139300,3.989060
2014-10-14,sh600036,41.4490,41.6430,41.2550,41.3330,54272100,3.989672
2014-10-15,sh600036,41.2550,41.5660,41.1390,41.5660,52451400,3.989060
2014-10-16,sh600036,41.3720,41.9540,41.2550,41.4490,86060700,3.989317
2014-10-17,sh600036,41.4490,41.6820,41.1770,41.3720,57961700,3.989585
2014-10-20,sh600036,41.5660,41.6050,41.2940,41.4490,45123700,3.989317
2014-10-21,sh600036,41.4490,41.5660,41.3330,41.3720,51776700,3.989585
2014-10-22,sh600036,41.3720,41.6050,41.2940,41.3330,69087700,3.989672
2014-10-23,sh600036,41.3330,41.6430,41.2940,41.4490,73475800,3.989317
2014-10-24,sh600036,41.4880,41.6820,41.2940,41.3330,65830700,3.989672
2014-10-27,sh600036,41.2160,41.2550,40.4400,40.5560,89750500,3.991732
2014-10-28,sh600036,40.6730,41.0610,40.5560,41.0220,84195300,3.990467
2014-10-29,sh600036,41.0610,41.6820,40.9830,41.4100,94817700,3.989403
2014-10-30,sh600036,41.4490,41.9540,41.3330,41.7600,98486700,3.988539
2014-10-31,sh600036,41.9150,43.5070,41.8760,43.0410,230966200,3.985278
2014-11-03,sh600036,43.2350,43.3130,42.4980,42.6140,107585300,3.986342
2014-11-04,sh600036,42.5370,42.5370,42.1480,42.2650,81087000,3.987264
2014-11-05,sh600036,42.1870,42.3420,41.8760,41.9150,58082400,3.988107
2014-11-06,sh600036,42.2260,42.2260,41.9150,42.0710,50113200,3.987773
2014-11-07,sh600036,42.0710,43.0020,41.9150,42.1480,142603800,3.987512
2014-11-10,sh600036,42.8080,43.0410,42.2650,42.8860,139327800,3.985688
2014-11-11,sh600036,43.0020,44.7500,42.9250,43.8960,373721100,3.983303
2014-11-12,sh600036,43.4680,43.8180,43.0800,43.7790,138587200,3.983530
2014-11-13,sh600036,43.8960,44.4390,43.4680,43.7010,154652900,3.983683
2014-11-14,sh600036,43.5460,43.7400,42.9640,43.5070,88559200,3.984158
2014-11-17,sh600036,43.8960,44.1290,43.0410,43.0410,98593200,3.985278
2014-11-18,sh600036,43.0800,43.1970,42.1480,42.3810,111028700,3.986924
2014-11-19,sh600036,42.3040,42.5750,42.2650,42.4200,61748500,3.986842
2014-11-20,sh600036,42.2650,42.6140,42.0710,42.2260,87099900,3.987347
2014-11-21,sh600036,42.3420,43.2350,42.1090,43.0410,122719700,3.985278
2014-11-24,sh600036,42.5370,43.6240,42.3810,43.2740,197935100,3.984715
2014-11-25,sh600036,43.2350,44.6330,43.0800,44.2450,221952200,3.982448
2014-11-26,sh600036,44.2840,45.2160,44.1670,45.0990,278657800,3.980494
2014-11-27,sh600036,45.3710,45.9920,44.7500,45.3710,256569600,3.979912
2014-11-28,sh600036,45.3320,48.8660,44.7890,48.2830,505203400,3.973909
2014-12-01,sh600036,48.3220,49.8370,47.3520,48.1280,365772800,3.974236
2014-12-02,sh600036,47.5840,51.5840,47.4290,50.4190,386134800,3.970000
2014-12-03,sh600036,50.6520,52.0890,49.2150,50.2250,423086000,3.970356
2014-12-04,sh600036,51.0020,55.0010,50.4190,54.0690,487620200,3.964003
2014-12-05,sh600036,55.0790,57.4090,52.7490,55.2730,639778500,3.962222
2014-12-08,sh600036,54.6910,56.4380,53.2150,55.3120,720427900,3.962178
2014-12-09,sh600036,54.3020,57.7970,50.4190,51.7390,759492300,3.967715
2014-12-10,sh600036,52.2050,56.2440,49.8370,55.9330,547208900,3.961261
2014-12-11,sh600036,56.5930,59.1950,55.1560,56.3990,595906200,3.960604
2014-12-12,sh600036,55.6220,57.1760,53.9920,55.1180,376947300,3.962473
2014-12-15,sh600036,54.3410,54.3410,52.7880,53.9920,235485500,3.964170
2014-12-16,sh600036,53.8750,56.2830,53.4480,56.2440,382798000,3.960845
2014-12-17,sh600036,56.4380,61.1750,55.3890,59.7380,843193300,3.956159
2014-12-18,sh600036,59.8160,60.1270,57.7970,58.3020,416116600,3.958045
2014-12-19,sh600036,58.3790,59.9710,57.2530,59.0400,349429300,3.957105
2014-12-22,sh600036,59.3500,63.2330,59.0780,60.7870,566435500,3.954912
2014-12-23,sh600036,59.7380,61.9130,57.9130,59.4670,434808400,3.956554
2014-12-24,sh600036,59.3500,59.3890,55.4670,56.6320,399070400,3.960280
2014-12-25,sh600036,57.4470,59.2340,56.7870,58.4180,368029400,3.957859
2014-12-26,sh600036,58.8840,60.8260,58.2240,60.6700,422937900,3.955020
2014-12-29,sh600036,62.8060,64.1260,59.3890,60.4760,529036700,3.955265
2014-12-30,sh600036,60.8650,62.6120,60.5540,61.9910,391195800,3.953508
2014-12-31,sh600036,61.8350,65.6410,61.1360,65.5240,667128900,3.949608
2015-01-05,sh600036,65.4080,67.3880,64.2040,65.8740,500187100,3.949281
2015-01-06,sh600036,64.7860,67.8930,64.3590,64.8640,426877200,3.950305
2015-01-07,sh600036,64.0100,65.4080,63.0000,63.8550,296169600,3.951423
2015-01-08,sh600036,64.2040,64.5540,61.4080,61.5640,292921100,3.954014
2015-01-09,sh600036,61.5250,65.4080,60.7480,62.1070,461363400,3.953342
2015-01-12,sh600036,62.0680,62.8450,60.1270,61.6800,287002700,3.953846
2015-01-13,sh600036,61.3690,62.3790,60.7090,61.0200,170251600,3.954634
2015-01-14,sh600036,61.5640,62.8450,61.2920,62.1070,227140800,3.953342
2015-01-15,sh600036,62.1070,63.9710,61.6800,63.9320,264684100,3.951298
2015-01-16,sh600036,64.2820,65.1750,63.5050,64.1650,312550700,3.951047
2015-01-19,sh600036,57.8750,60.9030,57.8750,57.9130,499040600,3.958510
2015-01-20,sh600036,58.3790,59.2730,56.7870,57.9520,304480800,3.958470
2015-01-21,sh600036,58.5740,61.1750,57.7580,60.5150,347044000,3.955229
2015-01-22,sh600036,60.5150,60.5540,59.1950,59.8550,215666200,3.956048
2015-01-23,sh600036,60.2430,61.2920,59.7770,60.0100,249422600,3.955834
2015-01-26,sh600036,60.0880,60.2820,58.8450,59.4670,178096400,3.956554
2015-01-27,sh600036,59.5440,59.7380,57.2150,58.2240,256941900,3.958124
2015-01-28,sh600036,57.7970,58.7290,57.0590,57.5250,174144800,3.959050
2015-01-29,sh600036,56.6710,57.1370,56.0500,56.9040,177530600,3.959916
2015-01-30,sh600036,57.1370,57.8750,56.2440,56.7870,181808700,3.960042
2015-02-02,sh600036,55.3890,56.6320,54.9230,55.8170,155786800,3.961462
2015-02-03,sh600036,56.8260,57.7970,56.2440,57.6800,174884300,3.958819
2015-02-04,sh600036,57.7970,58.2630,56.5540,56.6320,129621400,3.960280
2015-02-05,sh600036,59.3500,59.5440,56.6320,56.7100,337061700,3.960196
2015-02-06,sh600036,56.5540,57.7190,56.0500,56.4380,163835500,3.960561
2015-02-09,sh600036,56.4380,57.5640,55.4670,57.0590,171924600,3.959681
2015-02-10,sh600036,57.2920,58.3790,56.7490,58.0300,153525900,3.958390
2015-02-11,sh600036,58.1460,58.5350,57.6420,57.9520,93584100,3.958470
2015-02-12,sh600036,58.1460,58.1850,56.9430,57.6800,80748000,3.958819
2015-02-13,sh600036,57.8750,58.7680,57.4470,57.9130,150471400,3.958510
2015-02-16,sh600036,57.0200,57.3700,56.6320,57.2530,133387500,3.959405
2015-02-17,sh600036,57.2150,57.8360,57.0590,57.4860,92371300,3.959091
2015-02-25,sh600036,57.4090,57.5640,56.1660,56.6320,126747600,3.960280
2015-02-26,sh600036,56.5930,58.3020,56.2050,58.0690,155956600,3.958350
2015-02-27,sh600036,58.1850,59.3500,57.9910,58.1850,145616400,3.958163
2015-03-02,sh600036,58.4960,58.6900,57.0590,57.6800,219237300,3.958819
2015-03-03,sh600036,57.3310,57.4470,56.0500,56.1270,174417600,3.960974
2015-03-04,sh600036,56.7490,56.7490,55.8550,56.2830,125920700,3.960802
2015-03-05,sh600036,55.6220,55.8940,54.7290,55.1180,173548500,3.962473
2015-03-06,sh600036,55.1560,55.8170,55.1180,55.6610,102177300,3.961637
2015-03-09,sh600036,55.7000,58.8450,54.6910,58.1080,316125100,3.958311
2015-03-10,sh600036,57.3700,57.7580,56.3600,56.5930,186295600,3.960322
2015-03-11,sh600036,56.8260,58.3020,56.6710,57.2150,168184800,3.959516
2015-03-12,sh600036,58.3790,61.0200,57.7580,59.8550,383002800,3.956048
2015-03-13,sh600036,60.0100,61.4860,59.4670,59.7380,281304200,3.956159
2015-03-16,sh600036,60.3990,61.1360,59.5060,60.7480,221860200,3.954948
2015-03-17,sh600036,60.9420,61.2920,60.3210,60.9420,239492400,3.954705
2015-03-18,sh600036,60.9420,62.3400,60.7090,62.2240,246058500,3.953240
2015-03-19,sh600036,62.2240,62.8450,61.1750,61.9910,234590000,3.953508
2015-03-20,sh600036,61.9520,63.0780,60.6320,62.0300,314995700,3.953474
2015-03-23,sh600036,62.5340,62.8060,61.7970,62.4180,246274000,3.953008
2015-03-24,sh600036,62.3790,62.4570,61.4470,61.5250,263719100,3.954049
2015-03-25,sh600036,60.9810,61.3690,59.5830,59.9710,216753800,3.955871
2015-03-26,sh600036,59.6610,60.9810,59.2730,60.2040,180799300,3.955585
2015-03-27,sh600036,60.2040,61.0200,59.7380,60.3600,154287074,3.955439
2015-03-30,sh600036,60.9810,62.5730,60.5150,62.2240,304476400,3.953240
2015-03-31,sh600036,63.0390,64.8250,61.0980,61.5640,402562100,3.954014
2015-04-01,sh600036,61.6410,62.8840,61.4860,62.1850,243966100,3.953274
2015-04-02,sh600036,62.8450,63.1560,61.0980,61.9130,238955500,3.953576
2015-04-13,sh600036,68.0090,68.0090,68.0090,68.0090,55307300,3.947127
2015-04-14,sh600036,70.8830,70.8830,68.5530,68.9800,658547600,3.946224
2015-04-15,sh600036,68.7860,72.1250,68.5140,70.4950,437486000,3.944880
2015-04-16,sh600036,70.4950,74.2610,70.0670,74.1450,404986600,3.941786
2015-04-17,sh600036,74.7270,76.6300,72.0870,72.2420,543675500,3.943341
2015-04-20,sh600036,73.7180,73.7180,69.4460,70.2620,530851100,3.945087
2015-04-21,sh600036,70.8440,71.6980,70.3000,71.6600,263542400,3.943864
2015-04-22,sh600036,72.8240,72.9410,71.2320,72.5910,340839600,3.943020
2015-04-23,sh600036,72.9410,73.6010,71.2710,71.6600,273771700,3.943864
2015-04-24,sh600036,70.5330,71.3880,68.7080,69.8340,291759900,3.945424
2015-04-27,sh600036,70.2230,73.3290,70.2230,72.7080,407263500,3.942950
2015-04-28,sh600036,72.6300,75.7760,71.3880,72.3970,509425700,3.943192
2015-04-29,sh600036,73.3290,74.3390,72.5910,72.8630,373807900,3.942803
2015-04-30,sh600036,72.9410,74.1060,71.7370,71.8540,266457300,3.943688
2015-05-04,sh600036,71.8920,72.3580,71.0770,71.6210,213403700,3.943888
2015-05-05,sh600036,71.1940,71.3880,67.9320,68.8640,268345400,3.946361
2015-05-06,sh600036,69.4460,70.9990,68.2810,69.2130,261290500,3.946009
2015-05-07,sh600036,69.0970,70.7660,68.7080,69.7960,221369700,3.945506
2015-05-08,sh600036,70.1450,71.3880,68.6700,69.8340,218683200,3.945424
2015-05-11,sh600036,69.0970,70.8050,68.4370,70.6500,277208000,3.944724
2015-05-12,sh600036,70.3000,70.7660,69.2910,70.1060,223925200,3.945189
2015-05-13,sh600036,70.4950,70.9220,68.7860,69.2130,226209300,3.946009
2015-05-14,sh600036,69.2520,70.2230,68.6700,69.0190,184443800,3.946198
2015-05-15,sh600036,68.7470,69.6790,66.7280,67.7380,214743200,3.947436
2015-05-18,sh600036,67.1550,67.8150,66.4950,66.5340,159945700,3.948605
2015-05-19,sh600036,66.5340,69.7960,66.3010,69.5630,249232700,3.945718
2015-05-20,sh600036,69.5630,73.3290,69.4850,71.1550,354080200,3.944290
2015-05-21,sh600036,71.9310,72.9020,70.6500,71.6210,197171500,3.943888
2015-05-22,sh600036,72.2810,73.7560,71.8150,73.7180,311985300,3.942139
2015-05-25,sh600036,74.8820,76.2800,74.8820,75.7370,328933000,3.940531
2015-05-26,sh600036,75.8140,76.3970,74.5720,75.6590,282892900,3.940573
2015-05-27,sh600036,75.6980,76.9020,74.1840,75.1540,241168300,3.940954
2015-05-28,sh600036,75.1150,75.3870,70.4170,70.6890,292942300,3.944699
2015-05-29,sh600036,70.8830,71.7760,68.8640,71.2710,261551000,3.944162
2015-06-01,sh600036,70.6890,74.8440,69.5240,74.2220,280927200,3.941689
2015-06-02,sh600036,74.1840,75.4260,73.0570,74.6880,254037600,3.941319
2015-06-03,sh600036,74.8820,77.2120,73.1350,76.6300,358509000,3.939846
2015-06-04,sh600036,76.5910,81.2900,74.5720,80.4740,495979000,3.937084
2015-06-05,sh600036,82.6100,83.4640,76.8630,78.7270,377712400,3.938319
2015-06-08,sh600036,78.9210,83.4250,77.2510,83.1530,515964100,3.935305
2015-06-09,sh600036,83.2310,85.3670,81.1340,81.9880,366124400,3.936054
2015-06-10,sh600036,80.7460,83.3090,80.1630,80.5910,252920800,3.937030
2015-06-11,sh600036,80.9790,81.8720,79.0370,80.1630,227111500,3.937279
2015-06-12,sh600036,81.0180,81.7550,79.1540,79.9690,245179400,3.937420
2015-06-15,sh600036,80.6290,81.6000,76.1640,76.8240,321220900,3.939692
2015-06-16,sh600036,76.8240,77.9890,74.8820,76.0090,244464700,3.940332
2015-06-17,sh600036,77.2900,77.8720,75.9700,76.5520,252739300,3.939887
2015-06-18,sh600036,75.6590,76.2420,73.8340,74.0670,211448900,3.941831
2015-06-19,sh600036,74.8820,75.2320,70.6110,70.9990,250030700,3.944389
2015-06-23,sh600036,71.2320,74.8820,69.9120,74.3780,287932200,3.941600
2015-06-24,sh600036,73.5230,75.1930,71.7760,74.6110,273133700,3.941416
2015-06-25,sh600036,76.7850,77.1730,72.2030,72.7080,327306800,3.942950
2015-06-26,sh600036,71.6210,73.6400,66.5730,68.6700,393568200,3.946552
2015-06-29,sh600036,69.8340,72.1250,63.7380,68.7860,472020600,3.946414
2015-06-30,sh600036,69.4460,74.8820,69.4460,73.7950,491095600,3.942041
2015-07-01,sh600036,72.2810,73.5620,71.2320,71.8150,293674200,3.943712
2015-07-02,sh600036,74.1450,75.5810,70.8050,73.5230,524774600,3.942252
2015-07-03,sh600036,73.5230,74.9210,69.3300,72.0870,407322700,4.093526
2015-07-06,sh600036,77.4840,77.4840,74.3390,76.7850,814689700,4.079968
2015-07-07,sh600036,75.9310,83.3090,73.6010,82.1830,873948800,4.066452
2015-07-08,sh600036,77.4840,84.4740,74.3390,75.1930,943293100,4.084356
2015-07-09,sh600036,71.6600,81.1730,69.1360,77.4840,588626800,4.078105
2015-07-10,sh600036,75.8140,82.3380,74.7660,77.4450,707202200,4.078199
2015-07-13,sh600036,75.5810,77.0180,73.7560,74.8050,389268400,4.085472
2015-07-14,sh600036,73.6790,74.3000,71.6980,73.0960,355834700,4.090431
2015-07-15,sh600036,72.7470,75.5810,72.4750,75.4650,370764500,4.083604
2015-07-16,sh600036,75.4650,75.5040,72.8240,74.1840,227738200,4.087273
2015-07-17,sh600036,74.9600,75.2710,73.6400,74.9990,184194900,4.084913
2015-07-20,sh600036,74.6110,75.5040,73.7950,75.3100,191305500,4.084056
2015-07-21,sh600036,74.6490,75.5430,73.6400,73.9120,141710000,4.088053
2015-07-22,sh600036,73.2520,73.6010,72.5530,73.0190,147100200,4.090700
2015-07-23,sh600036,72.6690,73.7560,71.8920,73.3680,154940800,4.089632
2015-07-24,sh600036,73.6010,74.3390,72.9020,73.2130,168639800,4.090112
2015-07-27,sh600036,72.6300,73.1350,68.4370,68.5530,207240500,4.104970
2015-07-28,sh600036,68.0480,71.0770,67.5430,69.8730,293059300,4.100528
2015-07-29,sh600036,69.8730,70.7660,69.3300,70.3390,151816200,4.099009
2015-07-30,sh600036,70.3000,70.9990,69.6400,69.6400,110541300,4.101296
2015-07-31,sh600036,70.1060,71.1940,69.4850,70.8830,120903500,4.097283
2015-08-03,sh600036,70.4950,74.4550,69.9120,73.9510,237198500,4.087949
2015-08-04,sh600036,73.4460,74.3780,72.9020,74.1840,88969800,4.087273
2015-08-05,sh600036,73.8340,74.4550,73.0190,73.2520,63786700,4.090006
2015-08-06,sh600036,72.9020,75.7370,72.8240,74.0670,104721600,4.087583
2015-08-07,sh600036,73.9890,75.4260,73.8340,74.7270,97611600,4.085675
2015-08-10,sh600036,74.0670,76.1640,73.4070,76.0090,146451800,4.082116
2015-08-11,sh600036,75.5040,75.5430,73.6400,74.3780,119158000,4.086703
2015-08-12,sh600036,73.2130,74.3780,73.0190,73.2130,69756200,4.090112
2015-08-13,sh600036,74.2220,74.2220,72.2420,73.0190,70580900,4.090700
2015-08-14,sh600036,73.2520,73.4070,72.3580,72.5910,61911300,4.091939
2015-08-17,sh600036,71.9700,72.2420,70.4950,70.9990,85898600,4.096884
2015-08-18,sh600036,71.0380,71.5430,68.4750,68.9410,118951100,4.103631
2015-08-19,sh600036,69.8730,70.3780,68.4750,70.2230,120889400,4.099416
2015-08-20,sh600036,69.4070,69.6010,68.5920,68.9800,73389700,4.103510
2015-08-21,sh600036,68.5920,69.5240,66.6890,67.9320,102036200,4.107134
2015-08-24,sh600036,66.2230,67.1550,61.5250,61.8740,219566700,4.130441
2015-08-25,sh600036,60.0490,63.2720,58.1080,60.8260,198865700,4.135010
2015-08-26,sh600036,60.7870,66.5340,60.5150,66.1840,249867500,4.113362
2015-08-27,sh600036,67.3100,72.4360,65.0970,72.1640,250420400,4.093250
2015-08-28,sh600036,71.6210,73.0190,69.9120,70.8830,197787500,4.097283
2015-08-31,sh600036,70.3780,70.6500,68.2420,69.9120,142554600,4.100411
2015-09-01,sh600036,69.2520,71.1940,68.5920,69.0970,177645500,4.103147
2015-09-02,sh600036,67.5820,70.0290,67.0000,68.8250,173011200,4.104055
2015-09-07,sh600036,67.9710,68.1650,65.9510,66.4560,89992300,4.112376
2015-09-08,sh600036,66.4560,69.6010,66.0290,68.3590,99744300,4.105646
2015-09-09,sh600036,68.9030,68.9030,67.8930,68.7470,88645500,4.104299
2015-09-10,sh600036,68.1650,71.0770,67.7760,70.8440,141952500,4.097397
2015-09-11,sh600036,70.1060,70.9220,69.6010,70.1840,58833700,4.099533
2015-09-14,sh600036,70.1060,75.1930,68.7470,74.9600,238728400,4.085014
2015-09-15,sh600036,73.3680,74.5720,72.2420,73.6400,159682100,4.088840
2015-09-16,sh600036,73.2130,74.4160,71.5820,73.1350,92456900,4.090324
2015-09-17,sh600036,72.4360,74.0670,71.7370,71.8920,72462000,4.094077
2015-09-18,sh600036,71.7370,73.4460,71.7370,72.4750,55779200,4.092321
2015-09-21,sh600036,72.0480,72.6300,71.3100,71.9310,51032900,4.093967
2015-09-22,sh600036,72.2420,73.9890,71.7370,73.4460,61256000,4.089421
2015-09-23,sh600036,72.8240,74.1060,71.9700,72.5530,47881400,4.092104
2015-09-24,sh600036,73.1350,73.1740,71.3100,71.7370,40028800,4.094578
2015-09-25,sh600036,71.6600,73.0960,70.5720,72.5140,46496000,4.092212
2015-09-28,sh600036,71.8920,72.3200,71.5430,71.6980,21257600,4.094689
2015-09-29,sh600036,70.6890,71.6980,70.6890,71.4270,30162100,4.095585
2015-09-30,sh600036,71.6600,73.2520,71.2320,72.7080,54828200,4.091615
2015-10-08,sh600036,74.3780,74.6110,72.0480,72.5530,49182300,4.092104
2015-10-09,sh600036,73.4070,74.3780,72.9410,73.4460,30962800,4.089421
2015-10-12,sh600036,73.4460,74.6880,72.7860,74.3390,60847800,4.086806
2015-10-13,sh600036,74.2220,74.5330,73.6400,73.8340,43079600,4.088261
2015-10-14,sh600036,73.0570,73.9890,72.8630,73.0190,28905200,4.090700
2015-10-15,sh600036,73.3290,75.5810,72.8240,74.9210,79188900,4.085115
2015-10-16,sh600036,75.1540,76.6690,74.8820,75.8530,67386000,4.082508
2015-10-19,sh600036,75.7760,75.7760,74.3390,74.5720,55653000,4.086137
2015-10-20,sh600036,74.7660,75.1930,73.7950,74.4550,37834100,4.086443
2015-10-21,sh600036,74.3000,77.4060,73.6790,76.2800,89199300,4.081327
2015-10-22,sh600036,75.2320,75.4650,74.4550,74.7270,43201400,4.085675
2015-10-23,sh600036,74.6110,74.9990,73.9120,74.3390,46374400,4.086806
2015-10-26,sh600036,74.8820,74.9600,73.5230,73.8730,65191800,4.088157
2015-10-27,sh600036,73.9120,74.1060,73.1350,73.7560,37451100,4.088470
2015-10-28,sh600036,73.4460,73.5620,72.9020,73.0570,35544100,4.090538
2015-10-29,sh600036,73.0190,73.3290,72.8240,72.8630,27189100,4.091129
2015-10-30,sh600036,72.7860,73.9120,72.7470,73.3290,43475400,4.089738
2015-11-02,sh600036,72.7470,73.7560,72.7470,72.9410,27526600,4.090914
2015-11-03,sh600036,72.9800,73.8340,72.9800,73.2130,34258800,4.090112
2015-11-04,sh600036,73.4850,75.1150,73.0190,74.9990,62343800,4.084913
2015-11-05,sh600036,74.7660,77.7950,74.3000,75.8140,177602300,4.082606
2015-11-06,sh600036,75.6590,76.3580,74.7660,76.2420,95910000,4.081478
2015-11-09,sh600036,76.5130,81.2900,76.5130,77.7950,202697100,4.077306
2015-11-10,sh600036,76.9020,77.4450,75.7760,76.0860,85968100,4.081867
2015-11-11,sh600036,76.0860,76.0860,74.8050,75.3100,50167400,4.084056
2015-11-12,sh600036,75.7370,75.8140,74.2610,74.6490,43502700,4.085878
2015-11-13,sh600036,74.1060,74.9210,73.9510,74.1450,35960700,4.087376
2015-11-16,sh600036,73.6400,74.2610,73.3290,73.9890,34169000,4.087790
2015-11-17,sh600036,74.3780,75.3480,73.9120,74.1450,58690600,4.087376
2015-11-18,sh600036,74.4940,75.3480,73.6010,74.2220,47020900,4.087115
2015-11-19,sh600036,73.9120,74.5720,73.7950,74.3780,32778200,4.086703
2015-11-20,sh600036,74.1840,74.7270,74.0280,74.1840,36231200,4.087273
2015-11-23,sh600036,74.2220,74.9210,74.0670,74.3390,47651000,4.086806
2015-11-24,sh600036,74.4940,74.4940,72.4360,73.1350,62211000,4.090324
2015-11-25,sh600036,73.0190,73.0190,71.8920,72.5530,66101100,4.092104
2015-11-26,sh600036,72.7860,73.2900,71.6600,71.7760,63766000,4.094467
2015-11-27,sh600036,71.6980,71.6980,69.3300,69.8730,67955500,4.100528
2015-11-30,sh600036,69.9900,70.9610,69.6400,70.4950,55002000,4.098547
2015-12-01,sh600036,70.8050,70.8050,69.3690,70.1450,39788400,4.099649
2015-12-02,sh600036,70.2230,73.5620,69.9120,73.2520,102164700,4.090006
2015-12-03,sh600036,72.8240,73.5230,72.0870,72.7470,71516000,4.091507
2015-12-04,sh600036,72.0480,72.3970,70.2230,70.6890,51544500,4.097913
2015-12-07,sh600036,70.4950,71.4650,70.3000,71.2320,43689400,4.096147
2015-12-08,sh600036,70.8830,72.1250,70.4170,71.3490,45180100,4.095809
2015-12-09,sh600036,70.9990,72.0090,70.9610,71.2320,44067000,4.096147
2015-12-10,sh600036,71.2320,72.2420,70.5330,70.7280,44071700,4.097798
2015-12-11,sh600036,70.6110,70.7280,68.3980,69.4070,114185600,4.102069
2015-12-14,sh600036,68.7470,70.0670,67.7760,69.9510,94142100,4.100293
2015-12-15,sh600036,69.8340,69.9510,69.3300,69.8340,46157800,4.100646
2015-12-16,sh600036,70.0290,70.0670,69.2130,69.5630,30786300,4.101592
2015-12-17,sh600036,69.7180,70.1840,69.5240,70.1060,50191000,4.099766
2015-12-18,sh600036,70.0670,73.8340,69.8730,71.7370,156986500,4.094578
2015-12-21,sh600036,71.3880,75.3480,71.0770,74.4940,152603000,4.086341
2015-12-22,sh600036,74.1450,74.8440,73.8340,74.6490,94006400,4.085878
2015-12-23,sh600036,74.6880,76.3580,74.2610,74.3390,108842800,4.086806
2015-12-24,sh600036,74.3000,74.8050,73.6400,74.1450,37409200,4.087376
2015-12-25,sh600036,74.4550,74.9990,74.3780,74.8820,48926300,4.085215
2015-12-28,sh600036,74.9600,75.1150,72.8240,72.9800,48737900,4.090807
2015-12-29,sh600036,72.9410,73.4850,72.4750,73.3680,36577400,4.089632
2015-12-30,sh600036,73.2130,74.7660,71.8540,74.6110,71266500,4.086035
2015-12-31,sh600036,74.0670,74.8820,73.2520,73.5620,72164900,4.089049
2016-01-04,sh600036,73.2520,73.4070,70.3390,70.8050,37340500,4.092775
2016-01-05,sh600036,70.3780,71.8540,69.7180,70.6110,51577700,4.098143
2016-01-06,sh600036,70.4950,70.9990,69.9510,70.9220,31982600,4.097169
2016-01-07,sh600036,70.3000,70.3000,67.8150,68.4370,19981500,4.105399
2016-01-08,sh600036,68.9410,69.9510,68.2040,68.9800,60822700,4.103510
2016-01-11,sh600036,68.4750,68.4750,65.8350,65.9900,65491200,4.114090
2016-01-12,sh600036,65.9510,66.8060,65.3690,65.7570,46828200,4.114956
2016-01-13,sh600036,66.6500,66.6500,64.9810,65.3300,57343500,4.116572
2016-01-14,sh600036,64.0880,65.6800,63.9710,65.4080,42963000,4.116300
2016-01-15,sh600036,65.3300,65.5240,63.6990,63.8160,34421500,4.122481
2016-01-18,sh600036,63.4660,64.6700,63.3500,63.5830,26735000,4.123411
2016-01-19,sh600036,64.2040,64.9420,63.3110,64.7090,38835100,4.118969
2016-01-20,sh600036,64.1260,64.5920,62.8840,63.9710,38930600,4.121843
2016-01-21,sh600036,63.5440,64.5920,63.0390,63.1170,35322400,4.125294
2016-01-22,sh600036,63.8160,63.8550,62.4570,63.0390,30700800,4.125589
2016-01-25,sh600036,63.0780,63.8550,62.7280,63.8160,21843900,4.122481
2016-01-26,sh600036,63.2330,63.4660,61.0980,61.4080,30208500,4.132436
2016-01-27,sh600036,61.7970,62.8060,61.3310,61.9520,51268800,4.130133
2016-01-28,sh600036,61.7970,62.1850,60.4760,60.8650,25477900,4.134851
2016-01-29,sh600036,60.9810,62.2620,60.4760,61.9130,36467400,4.130287
2016-02-01,sh600036,61.8740,62.6510,59.9330,60.8650,27035500,4.134851
2016-02-02,sh600036,60.5930,61.7580,60.5930,61.3690,18777700,4.132593
2016-02-03,sh600036,60.8650,61.1750,60.2040,60.6700,23660700,4.135651
2016-02-04,sh600036,61.1360,61.6800,60.7480,61.4860,22319300,4.132124
2016-02-05,sh600036,61.5640,61.6800,61.0980,61.4080,16885300,4.132436
2016-02-15,sh600036,60.0100,61.2530,59.8940,60.6320,19290800,4.135880
2016-02-16,sh600036,61.0590,62.1460,60.8650,61.7190,26569800,4.131124
2016-02-17,sh600036,61.7580,62.2240,61.4860,62.0680,38285400,4.129607
2016-02-18,sh600036,61.7580,62.1850,61.4470,61.5640,28765100,4.131812
2016-02-19,sh600036,61.5640,61.7190,60.7090,60.9810,22515400,4.134305
2016-02-22,sh600036,61.4860,62.3790,61.1360,61.9910,38640600,4.129980
2016-02-23,sh600036,61.9910,61.9910,60.8650,61.2920,24862800,4.132974
2016-02-24,sh600036,60.9810,61.4470,60.6700,61.2140,21475000,4.133288
2016-02-25,sh600036,61.2140,61.2140,58.8840,59.0400,51130600,4.143158
2016-02-26,sh600036,59.4280,60.2820,59.1560,59.8160,28683900,4.139516
2016-02-29,sh600036,59.7380,60.3990,58.2240,60.2430,48318500,4.137569
2016-03-01,sh600036,60.2430,61.0980,59.4670,60.5930,32028700,4.136041
2016-03-02,sh600036,61.1360,61.8350,60.8650,61.7970,60456200,4.130816
2016-03-03,sh600036,61.7580,62.6900,61.6020,62.5340,53511800,4.127657
2016-03-04,sh600036,62.4950,65.9130,62.0300,65.7180,164467800,4.115091
2016-03-07,sh600036,65.4470,65.8350,64.4760,64.9810,41066400,4.117934
2016-03-08,sh600036,64.9810,65.7960,62.7670,65.6800,45257000,4.115288
2016-03-09,sh600036,64.7860,66.1460,63.5440,66.0290,74232000,4.113956
2016-03-10,sh600036,65.1360,65.7570,64.4760,64.5150,19886900,4.119732
2016-03-11,sh600036,64.2430,64.9810,63.5830,64.9030,32789500,4.118211
2016-03-14,sh600036,64.9810,65.9900,64.4760,64.7480,31496800,4.118830
2016-03-15,sh600036,65.0970,65.7960,64.2820,65.2910,35520500,4.116709
2016-03-16,sh600036,65.3690,67.5820,65.0190,67.4660,123657400,4.108770
2016-03-17,sh600036,67.3490,67.3880,66.2620,66.7280,46071100,4.111399
2016-03-18,sh600036,67.3490,67.3880,65.9900,66.4950,59577600,4.112245
2016-03-21,sh600036,66.6500,67.5430,66.2620,66.6890,50253700,4.111529
2016-03-22,sh600036,66.8830,67.4660,66.4560,66.5730,33741900,4.111983
2016-03-23,sh600036,66.8450,66.9610,66.5340,66.5340,19140000,4.112114
2016-03-24,sh600036,66.5340,66.7280,65.8740,66.2620,23990800,4.113097
2016-03-25,sh600036,66.3010,66.6120,66.2230,66.3400,15929200,4.112833
2016-03-28,sh600036,66.4170,66.6120,65.0970,65.2520,22137500,4.116845
2016-03-29,sh600036,65.4470,66.0290,64.9030,65.0190,19716500,4.117733
2016-03-30,sh600036,65.0190,67.0000,64.9810,66.7670,29675400,4.111268
2016-03-31,sh600036,67.0000,67.1940,65.9130,66.1840,25949600,4.113362
2016-04-01,sh600036,66.5340,67.0000,65.7570,66.8830,38488300,4.110817
2016-04-05,sh600036,66.3400,67.2720,66.1070,67.1550,39296900,4.109853
2016-04-06,sh600036,66.6500,67.1940,66.5730,66.8450,30072500,4.111009
2016-04-07,sh600036,67.0770,67.1940,66.0290,66.2230,29556300,4.113230
2016-04-08,sh600036,65.8350,66.6500,65.7570,66.4560,22439800,4.112376
2016-04-11,sh600036,66.4560,68.0480,66.4170,67.0390,31780800,4.110300
2016-04-12,sh600036,67.4270,67.4270,66.3010,66.9610,17456300,4.110559
2016-04-13,sh600036,67.3490,68.4750,65.8350,67.6990,40046900,4.107949
2016-04-14,sh600036,67.7760,68.4750,67.2720,67.6210,22984200,4.108202
2016-04-15,sh600036,68.0090,69.8730,67.6210,69.4460,58833700,4.101949
2016-04-18,sh600036,68.7860,70.7660,68.6310,69.9510,50523200,4.100293
2016-04-19,sh600036,70.5330,70.6110,69.7960,70.1450,30079600,4.099649
2016-04-20,sh600036,70.1450,71.1160,68.9410,70.9990,78748300,4.096884
2016-04-21,sh600036,70.7660,73.3290,70.3780,72.3970,79412100,4.092538
2016-04-22,sh600036,72.0480,73.6790,71.8920,73.0960,55625500,4.090431
2016-04-25,sh600036,72.6300,73.4460,71.3100,73.2130,39667800,4.090112
2016-04-26,sh600036,72.8630,73.4070,72.0480,73.2520,39021600,4.090006
2016-04-27,sh600036,73.2130,73.4070,72.8630,73.1350,25071600,4.090324
2016-04-28,sh600036,73.3290,73.3290,72.3200,73.1350,28195700,4.090324
2016-04-29,sh600036,73.0960,73.2900,72.5530,72.6300,19001500,4.091831
2016-05-03,sh600036,72.7860,73.0190,71.8920,72.4360,35053700,4.092429
2016-05-04,sh600036,72.4360,72.4750,72.0090,72.2420,24388700,4.093031
2016-05-05,sh600036,72.2420,72.4360,71.5040,72.1250,20305000,4.093360
2016-05-06,sh600036,72.1250,72.2420,70.8830,70.9610,29666000,4.097055
2016-05-09,sh600036,70.9990,71.4650,70.5330,70.8830,23597900,4.097283
2016-05-10,sh600036,70.1450,71.3100,69.6400,69.8730,28801500,4.100528
2016-05-11,sh600036,69.9510,70.9610,69.9510,70.3000,20807100,4.099125
2016-05-12,sh600036,69.7960,71.9700,69.7960,71.5040,26079200,4.095304
2016-05-13,sh600036,71.3100,72.1250,71.0380,71.9310,23912000,4.093967
2016-05-16,sh600036,71.8540,72.2030,71.5820,71.6600,37999800,4.094857
2016-05-17,sh600036,71.6210,71.7760,71.2320,71.5820,13498600,4.095080
2016-05-18,sh600036,71.3100,73.0960,71.2320,72.9020,46174300,4.091021
2016-05-19,sh600036,72.5910,73.0570,72.3200,72.8630,17097700,4.091129
2016-05-20,sh600036,72.6690,73.3290,72.4360,73.1350,14502800,4.090324
2016-05-23,sh600036,73.1350,73.4850,71.5820,71.7370,16849800,4.094578
2016-05-24,sh600036,71.6980,71.6980,70.9610,70.9990,8825500,4.096884
2016-05-25,sh600036,72.0090,72.0090,71.4270,71.8540,10291600,4.094245
2016-05-26,sh600036,71.6600,72.8240,71.6600,72.3970,12788300,4.092538
2016-05-27,sh600036,72.7080,72.7080,72.1250,72.2810,7414400,4.092922
2016-05-30,sh600036,72.6300,73.0960,72.1250,72.9800,20754600,4.090807
2016-05-31,sh600036,73.1350,73.7180,72.8630,73.6010,41139000,4.088944
2016-06-01,sh600036,73.9510,73.9510,72.5530,72.9410,22013600,4.090914
2016-06-02,sh600036,72.9020,73.1350,72.2810,72.5530,10755300,4.092104
2016-06-03,sh600036,72.8240,72.9410,72.4750,72.7470,9852600,4.091507
2016-06-06,sh600036,72.5530,72.9410,71.8920,72.2030,12770300,4.093141
2016-06-07,sh600036,72.6690,73.0960,72.0090,72.8240,11250300,4.091236
2016-06-08,sh600036,72.6300,72.9800,72.2420,72.7080,9514900,4.091615
2016-06-13,sh600036,71.9700,72.7860,70.8440,70.9610,16220700,4.097055
2016-06-14,sh600036,70.9990,71.6600,70.8440,71.1940,10953400,4.096318
2016-06-15,sh600036,70.6890,71.5040,70.6890,71.2320,18735800,4.096147
2016-06-16,sh600036,70.7280,71.5040,70.7280,71.2710,22113800,4.096034
2016-06-17,sh600036,71.1940,72.3200,71.1550,71.6600,13760200,4.094857
2016-06-20,sh600036,72.1250,72.1640,71.3490,71.6980,15697100,4.094689
2016-06-21,sh600036,71.7760,72.4360,71.6600,71.8150,11327000,4.094356
2016-06-22,sh600036,71.6600,72.0480,71.5040,71.6600,10067200,4.094857
2016-06-23,sh600036,71.7370,71.7760,70.6500,70.7280,16061100,4.097798
2016-06-24,sh600036,70.7280,71.1940,70.4170,70.6890,60859900,4.097913
2016-06-27,sh600036,70.6890,70.9990,70.4170,70.8050,19507700,4.097512
2016-06-28,sh600036,70.6890,70.9610,70.5330,70.8440,13011600,4.097397
2016-06-29,sh600036,70.9220,71.6210,70.7660,71.4650,21673500,4.095415
2016-06-30,sh600036,71.5430,71.8540,71.2320,71.6600,17540400,4.094857
2016-07-01,sh600036,71.6600,72.2810,71.6210,72.1640,10987800,4.093250
2016-07-04,sh600036,72.1640,73.2900,72.1640,72.5140,17703300,4.092212
2016-07-05,sh600036,72.7860,72.7860,71.4650,71.8920,18612200,4.094077
2016-07-06,sh600036,71.7760,71.8150,70.9220,71.3490,20750600,4.095809
2016-07-07,sh600036,71.3100,71.7370,71.0770,71.6980,15267400,4.094689
2016-07-08,sh600036,71.6600,71.6980,71.0770,71.2320,15216100,4.096147
2016-07-11,sh600036,71.6210,71.8540,71.2710,71.5820,16014100,4.095080
2016-07-12,sh600036,71.5820,72.6300,71.5040,72.4750,25432000,4.092321
2016-07-13,sh600036,72.9020,73.9120,72.4750,72.5910,28897000,4.257537
2016-07-14,sh600036,72.6690,73.0190,72.3970,72.7470,12689500,4.256700
2016-07-15,sh600036,72.7080,73.0570,72.7080,72.9410,11071500,4.255601
2016-07-18,sh600036,72.9800,74.3000,72.9020,73.4070,24665200,4.253013
2016-07-19,sh600036,73.4070,73.6790,72.7470,72.8630,13979700,4.256016
2016-07-20,sh600036,72.7860,72.9410,72.4750,72.6690,11715100,4.257118
2016-07-21,sh600036,72.6690,73.4460,72.6690,73.3290,14602400,4.253422
2016-07-22,sh600036,73.3680,73.3680,72.5140,72.7080,10029400,4.256909
2016-07-25,sh600036,72.7470,73.0960,72.4360,72.8630,8101000,4.256016
2016-07-26,sh600036,72.5910,73.1740,72.5910,73.0570,11738200,4.254921
2016-07-27,sh600036,73.1740,73.8730,71.9700,73.8340,32117200,4.250662
2016-07-28,sh600036,73.1350,73.5230,72.7470,72.9410,19631300,4.255601
2016-07-29,sh600036,72.9800,73.2900,72.5530,73.0190,12191800,4.255186
2016-08-01,sh600036,72.9800,73.3290,72.7860,73.0960,19899300,4.254715
2016-08-02,sh600036,73.2130,73.3680,72.8630,72.9800,9829600,4.255394
2016-08-03,sh600036,72.7080,73.0190,72.4360,72.6690,9358500,4.257118
2016-08-04,sh600036,72.8240,72.8630,72.3200,72.6300,11819300,4.257327
2016-08-05,sh600036,72.6300,72.9800,72.5910,72.7860,16765600,4.256491
2016-08-08,sh600036,72.9410,72.9800,72.6690,72.9020,13151000,4.255809
2016-08-09,sh600036,72.9020,73.1740,72.7860,73.0570,25438700,4.254921
2016-08-10,sh600036,73.0570,73.5230,72.9800,73.4850,18767600,4.252604
2016-08-11,sh600036,73.5620,75.7760,73.4070,74.1450,31236300,4.248997
2016-08-12,sh600036,74.3780,76.2800,74.2220,76.2420,44516100,4.238021
2016-08-15,sh600036,76.6690,80.1250,76.3580,77.9110,81739200,4.229696
2016-08-16,sh600036,78.7660,79.6590,76.7460,77.4840,60274300,4.231786
2016-08-17,sh600036,77.9500,78.9210,77.4840,77.8340,21907900,4.230109
2016-08-18,sh600036,77.5620,78.8040,76.7850,77.1730,32383800,4.233297
2016-08-19,sh600036,77.6010,79.1930,77.4840,78.6880,39254700,4.225994
2016-08-22,sh600036,78.6880,79.3870,78.2610,78.9600,20821200,4.224719
2016-08-23,sh600036,78.6490,80.1630,78.3000,78.8430,28823100,4.225241
2016-08-24,sh600036,78.8430,78.9990,77.9500,78.6880,19140800,4.225994
2016-08-25,sh600036,78.4940,78.7660,77.0180,78.2610,19466500,4.228039
2016-08-26,sh600036,78.1830,78.6100,77.9890,78.4160,16920600,4.227278
2016-08-29,sh600036,78.0670,78.1440,76.3970,77.3290,20536400,4.232567
2016-08-30,sh600036,77.2120,78.3000,77.1730,77.9890,19118900,4.229338
2016-08-31,sh600036,77.6780,79.2310,77.6780,78.7270,15610600,4.225819
2016-09-01,sh600036,78.6100,79.3090,78.4160,78.6880,15545200,4.225994
2016-09-02,sh600036,78.3000,79.0760,78.1440,78.9210,17861600,4.224893
2016-09-05,sh600036,78.9210,79.4640,78.4940,79.1930,19865500,4.223627
2016-09-06,sh600036,79.1930,79.3090,77.9500,78.2610,17939400,4.228039
2016-09-07,sh600036,78.2610,78.6880,77.8340,78.4550,17706300,4.227101
2016-09-08,sh600036,78.5330,78.7270,78.1440,78.3380,8320200,4.227631
2016-09-09,sh600036,78.3000,78.4940,77.4840,77.5620,8670800,4.231424
2016-09-12,sh600036,76.9020,76.9790,75.5430,75.8920,28128400,4.239777
2016-09-13,sh600036,75.9310,76.5910,75.8920,75.9310,13541700,4.239587
2016-09-14,sh600036,76.2420,76.2420,74.2610,74.4940,22219600,4.247092
2016-09-19,sh600036,74.5330,75.8140,74.5330,75.5430,16820100,4.241606
2016-09-20,sh600036,75.5040,75.6980,74.9990,75.2710,10250900,4.243010
2016-09-21,sh600036,75.3100,76.0860,75.3100,75.8140,7672300,4.240157
2016-09-22,sh600036,76.2420,76.9400,75.8140,76.1640,12354800,4.238397
2016-09-23,sh600036,76.2420,76.6300,76.0090,76.2030,13553100,4.238209
2016-09-26,sh600036,75.9310,76.6300,75.6980,76.2800,14699700,4.237778
2016-09-27,sh600036,76.1640,76.6690,76.0470,76.5520,10001200,4.236414
2016-09-28,sh600036,76.5130,76.5130,75.6200,75.8530,10734700,4.239966
2016-09-29,sh600036,76.1250,76.5520,75.9700,76.2800,10309200,4.237778
2016-09-30,sh600036,76.1250,76.6690,76.0860,76.2800,8430800,4.237778
2016-10-10,sh600036,76.3970,77.7560,76.3970,77.4450,19093800,4.231967
2016-10-11,sh600036,77.5620,78.1830,77.2900,77.5620,12929400,4.231424
2016-10-12,sh600036,77.3680,77.4840,76.6690,76.8630,10479900,4.234876
2016-10-13,sh600036,76.8630,77.0960,76.4750,76.6300,10559800,4.236042
2016-10-14,sh600036,76.6690,76.8630,76.2800,76.6690,12238500,4.235856
2016-10-17,sh600036,76.5520,76.6690,75.6200,75.7370,12238000,4.240594
2016-10-18,sh600036,75.7370,76.2420,75.6590,76.0090,14301900,4.239208
2016-10-19,sh600036,76.0090,76.4750,75.6200,75.8140,11930100,4.240157
2016-10-20,sh600036,75.8920,76.2030,75.6200,75.8530,12357900,4.239966
2016-10-21,sh600036,75.9310,76.0090,75.5810,75.9310,12436300,4.239587
2016-10-24,sh600036,76.0090,77.9110,75.7370,77.4840,29156000,4.231786
2016-10-25,sh600036,77.4840,78.0670,76.6300,76.7850,19758200,4.235245
2016-10-26,sh600036,76.7460,76.8630,76.0860,76.1640,14336800,4.238397
2016-10-27,sh600036,76.5130,76.5130,75.3870,75.5430,21825000,4.241606
2016-10-28,sh600036,75.5040,76.4750,75.5040,75.8920,20411600,4.239777
2016-10-31,sh600036,75.7760,76.1250,75.1930,75.7370,12893300,4.240594
2016-11-01,sh600036,75.7760,76.2420,75.4650,76.2030,18940500,4.238209
2016-11-02,sh600036,75.7370,76.0470,75.3480,75.6590,30953500,4.240975
2016-11-03,sh600036,75.6200,76.1640,75.4650,76.0090,27080900,4.239208
2016-11-04,sh600036,75.8920,76.2800,75.7760,75.9310,26938800,4.239587
2016-11-07,sh600036,75.9310,76.0090,75.6980,75.8530,20825800,4.239966
2016-11-08,sh600036,75.9700,76.5130,75.8530,76.2420,26234800,4.238021
2016-11-09,sh600036,76.2800,76.5910,75.3870,75.8530,34243700,4.239966
2016-11-10,sh600036,76.0860,76.7080,76.0470,76.2800,27117000,4.237778
2016-11-11,sh600036,76.0860,76.5910,76.0090,76.3580,27634800,4.237403
2016-11-14,sh600036,76.2800,77.2510,76.0860,76.4360,35354000,4.237029
2016-11-15,sh600036,76.6690,77.2120,76.3970,76.9790,25650700,4.234268
2016-11-16,sh600036,77.1730,77.4060,76.4750,76.7460,23521200,4.235430
2016-11-17,sh600036,76.7080,76.8240,76.3190,76.7460,27177300,4.235430
2016-11-18,sh600036,76.7460,76.9020,76.3970,76.6690,18551400,4.235856
2016-11-21,sh600036,76.5910,78.9210,76.5910,77.6010,41347600,4.231243
2016-11-22,sh600036,77.7170,78.1830,77.3680,77.7170,52492000,4.230648
2016-11-23,sh600036,77.8340,79.7750,77.7170,79.5420,66351500,4.221975
2016-11-24,sh600036,79.2700,80.0470,78.6490,79.1540,26750100,4.223799
2016-11-25,sh600036,79.3870,80.2410,78.8430,80.1250,40943300,4.219326
2016-11-28,sh600036,80.5520,80.9400,78.3000,78.8040,85146400,4.225416
2016-11-29,sh600036,78.8040,79.2310,78.2610,79.1930,49107900,4.223627
2016-11-30,sh600036,79.2310,79.4640,78.1050,78.4160,39129800,4.227278
2016-12-01,sh600036,78.4160,78.7660,77.8720,78.1830,53798900,4.228394
2016-12-02,sh600036,78.3380,78.3770,77.2120,78.1830,48392100,4.228394
2016-12-05,sh600036,77.7950,78.8820,77.6010,78.8430,50351700,4.225241
2016-12-06,sh600036,78.8430,79.3090,78.4940,78.6100,31729000,4.226344
2016-12-07,sh600036,78.8040,79.0370,78.5330,78.6880,12167200,4.225994
2016-12-08,sh600036,78.8820,79.6970,78.6880,79.2310,26930700,4.223401
2016-12-09,sh600036,79.2310,81.4840,79.1930,80.9400,62582100,4.215625
2016-12-12,sh600036,80.7850,82.6870,79.7750,81.1340,79488100,4.214753
2016-12-13,sh600036,80.5130,80.9400,79.4260,79.6970,24933100,4.221239
2016-12-14,sh600036,79.3870,80.7070,79.3870,79.4640,32780600,4.222317
2016-12-15,sh600036,79.1150,79.1150,77.0570,77.2120,36612400,4.233114
2016-12-16,sh600036,77.2120,77.8340,76.7460,76.9790,24216800,4.234268
2016-12-19,sh600036,76.8630,76.9790,76.0090,76.3190,24624400,4.237590
2016-12-20,sh600036,76.2420,76.2420,75.1150,75.4650,29800100,4.241990
2016-12-21,sh600036,75.6200,76.2030,75.3870,75.5430,30868400,4.241606
2016-12-22,sh600036,75.6980,75.6980,74.9210,75.1930,21923000,4.243397
2016-12-23,sh600036,75.3870,75.3870,74.4940,74.7270,18108100,4.245852
2016-12-26,sh600036,74.5720,75.3870,73.9120,75.3100,16343100,4.242817
2016-12-27,sh600036,75.2320,75.5810,74.9210,75.1540,10090700,4.243591
2016-12-28,sh600036,75.1930,75.3870,74.3000,74.8050,26787100,4.245460
2016-12-29,sh600036,74.7270,74.8050,74.0670,74.3000,28439100,4.248142
2016-12-30,sh600036,74.4550,74.7660,74.2220,74.7270,22725900,4.245852
2017-01-03,sh600036,74.7270,76.2030,74.6110,76.1250,30458300,4.238586
2017-01-04,sh600036,75.8920,76.7080,75.6980,76.3580,25665700,4.237403
2017-01-05,sh600036,76.4750,77.0960,76.3970,76.6690,24563900,4.235856
2017-01-06,sh600036,76.6690,76.9020,76.1250,76.1250,17487800,4.238586
2017-01-09,sh600036,76.4750,76.7850,75.9310,76.0470,17346000,4.238963
2017-01-10,sh600036,76.0860,76.6300,75.9310,76.0470,10668200,4.238963
2017-01-11,sh600036,76.3970,76.5520,76.0090,76.1250,13428900,4.238586
2017-01-12,sh600036,76.0860,76.7850,76.0470,76.2800,14095800,4.237778
2017-01-13,sh600036,76.2800,77.7560,76.2030,77.1350,25117800,4.233535
2017-01-16,sh600036,76.9790,78.5710,76.9020,78.5330,75104600,4.226749
2017-01-17,sh600036,78.2220,78.5710,77.9500,78.0280,23566000,4.229160
2017-01-18,sh600036,78.1830,78.6490,78.1050,78.5710,17879500,4.226520
2017-01-19,sh600036,78.4160,79.1540,78.2610,78.3000,13117400,4.227862
2017-01-20,sh600036,78.3770,78.8040,78.1050,78.5710,21739000,4.226520
2017-01-23,sh600036,78.9210,79.2310,77.8720,78.2220,19879800,4.228216
2017-01-24,sh600036,78.5710,79.6970,78.2220,79.6590,25543600,4.221463
2017-01-25,sh600036,79.4260,79.9690,78.9210,79.6970,15272100,4.221239
2017-01-26,sh600036,79.7750,81.1340,79.4640,80.1630,27318600,4.219105
2017-02-03,sh600036,80.4740,80.4740,78.8430,78.9990,23307300,4.224545
2017-02-06,sh600036,79.6970,79.7750,78.3770,78.6880,24044300,4.225994
2017-02-07,sh600036,78.7270,78.9210,78.4160,78.4940,22941200,4.226925
2017-02-08,sh600036,78.4160,78.6100,78.1440,78.6100,19710300,4.226344
2017-02-09,sh600036,78.5710,79.8920,78.5710,79.1150,22249800,4.223972
2017-02-10,sh600036,79.6200,80.0470,79.1150,79.7750,39642800,4.220899
2017-02-13,sh600036,79.7750,80.5130,79.7360,80.0470,25330900,4.219663
2017-02-14,sh600036,80.1630,80.2800,79.4260,79.6590,23787700,4.221463
2017-02-15,sh600036,80.0470,81.0570,79.7750,80.6680,59684400,4.216832
2017-02-16,sh600036,80.9010,81.4840,80.3190,80.7070,35223400,4.216667
2017-02-17,sh600036,80.9010,81.0570,80.0860,80.2410,17980600,4.218770
2017-02-20,sh600036,80.2800,82.1050,80.0860,81.7170,44635000,4.212216
2017-02-21,sh600036,81.8330,83.3090,81.6780,81.7550,30056700,4.212004
2017-02-22,sh600036,81.8330,82.3770,81.3280,81.7170,22550200,4.212216
2017-02-23,sh600036,81.7550,81.8720,81.2120,81.6390,15656600,4.212539
2017-02-24,sh600036,81.6390,82.1050,81.2120,81.8330,20702200,4.211683
2017-02-27,sh600036,81.6390,82.3770,81.1730,81.7550,25452100,4.212004
2017-02-28,sh600036,81.7170,82.4160,81.5610,81.8720,16595300,4.211523
2017-03-01,sh600036,81.9110,82.1440,81.2510,81.4840,23983900,4.213237
2017-03-02,sh600036,81.6390,81.9110,80.4350,80.5520,24151300,4.217382
2017-03-03,sh600036,80.4350,80.8240,79.9690,80.2020,16972100,4.218937
2017-03-06,sh600036,80.2020,81.6780,80.1630,80.3960,23808100,4.218048
2017-03-07,sh600036,80.5520,81.2900,80.0470,81.0950,25247800,4.214917
2017-03-08,sh600036,80.6290,81.5230,80.4740,81.2900,19486500,4.214101
2017-03-09,sh600036,81.1340,81.1340,79.8530,80.3580,23195300,4.218268
2017-03-10,sh600036,80.2410,80.3580,79.5030,79.8140,20905200,4.220730
2017-03-13,sh600036,79.7360,80.3580,79.4260,80.2800,17056100,4.218602
2017-03-14,sh600036,80.3190,80.9010,80.2410,80.5520,18159200,4.217382
2017-03-15,sh600036,80.5520,80.6680,80.0080,80.2020,21828400,4.218937
2017-03-16,sh600036,80.5520,81.1340,80.2410,80.3960,31185400,4.218048
2017-03-17,sh600036,80.8240,80.9790,79.3090,79.4260,35535300,4.222541
2017-03-20,sh600036,79.7360,79.9690,78.6490,79.2310,33463000,4.223401
2017-03-21,sh600036,79.1930,79.5030,78.8040,79.2310,40184800,4.223401
2017-03-22,sh600036,79.1540,79.1930,78.1440,78.3000,46907900,4.227862
2017-03-23,sh600036,78.3000,79.4260,78.1440,78.7660,40943100,4.225644
2017-03-24,sh600036,79.2700,79.3480,78.7270,79.3090,32781600,4.223056
2017-03-27,sh600036,79.3480,81.4060,79.3480,80.5520,80019100,4.217382
2017-03-28,sh600036,81.1340,81.3670,79.8140,80.0470,42027300,4.219663
2017-03-29,sh600036,80.1250,80.7850,80.0860,80.5130,44934700,4.217548
2017-03-30,sh600036,80.5130,80.7460,80.0080,80.2410,25726800,4.218770
2017-03-31,sh600036,80.2410,81.1340,80.2410,80.8240,33962300,4.216171
2017-04-05,sh600036,81.0180,81.2900,80.2020,80.4350,48602500,4.217881
2017-04-06,sh600036,80.3580,80.5910,79.8920,80.3190,34096700,4.218435
2017-04-07,sh600036,80.3580,80.4740,79.4640,79.7360,44034000,4.221069
2017-04-10,sh600036,79.8920,80.0470,78.9990,79.8140,32313500,4.220730
2017-04-11,sh600036,79.8140,80.3580,79.6970,80.2410,39407500,4.218770
2017-04-12,sh600036,80.2410,80.6290,79.7750,80.3580,32143500,4.218268
2017-04-13,sh600036,80.3190,80.3580,79.5810,79.8530,26704800,4.220560
2017-04-14,sh600036,79.8140,79.9300,78.8040,79.4640,30142700,4.222317
2017-04-17,sh600036,79.2700,79.7750,78.6100,79.6970,40758300,4.221239
2017-04-18,sh600036,79.3870,79.5810,78.6100,78.6100,31585700,4.226344
2017-04-19,sh600036,78.5330,79.1930,77.8340,78.0670,30928000,4.228982
2017-04-20,sh600036,78.5710,78.6100,77.7560,77.7950,28367700,4.230288
2017-04-21,sh600036,78.2220,79.8920,77.7950,79.3870,49743000,4.222713
2017-04-24,sh600036,79.7360,80.2020,79.3870,79.8140,37143300,4.220730
2017-04-25,sh600036,79.9690,80.3960,79.3090,80.0080,40879000,4.219831
2017-04-26,sh600036,80.0470,80.8620,79.8140,80.5910,42419100,4.217216
2017-04-27,sh600036,80.2020,80.4740,79.5030,80.0860,34557400,4.219494
2017-04-28,sh600036,80.5520,81.0950,80.2020,80.6680,49459600,4.216832
2017-05-02,sh600036,80.7070,80.9790,79.9300,80.2020,27786900,4.218937
2017-05-03,sh600036,80.1250,80.2800,79.5810,79.8920,18057900,4.220391
2017-05-04,sh600036,79.9690,80.0470,78.8430,79.1930,39673300,4.223627
2017-05-05,sh600036,79.3480,79.5420,78.3770,79.3870,34318400,4.222713
2017-05-08,sh600036,78.8820,79.6200,78.8040,79.3480,42998400,4.222885
2017-05-09,sh600036,79.3870,79.5810,79.1540,79.3480,14905600,4.222885
2017-05-10,sh600036,79.5810,80.8620,79.4260,80.2410,42066300,4.218770
2017-05-11,sh600036,80.5130,81.9110,80.1630,81.1730,47193300,4.214590
2017-05-12,sh600036,81.1340,85.5220,80.9010,85.3670,122392400,4.197001
2017-05-15,sh600036,85.7940,88.3180,85.6770,86.6480,83559000,4.191969
2017-05-16,sh600036,86.1820,86.9200,85.3670,85.9490,64731700,4.194680
2017-05-17,sh600036,85.4440,86.1050,84.2790,84.7840,59693500,4.199307
2017-05-18,sh600036,84.0850,85.2890,84.0850,85.0170,36345400,4.198370
2017-05-19,sh600036,84.7070,86.3380,84.4740,86.1050,39179400,4.194106
2017-05-22,sh600036,85.8330,88.5120,85.8330,87.5020,57888500,4.188703
2017-05-23,sh600036,87.4640,91.8130,87.4640,91.1530,95034400,4.175584
2017-05-24,sh600036,91.1140,92.8220,90.0260,91.4630,74150600,4.174487
2017-05-25,sh600036,91.0750,95.7350,91.0360,95.5020,106667800,4.161307
2017-05-26,sh600036,95.6570,95.9290,93.5210,94.2980,78505400,4.165106
2017-05-31,sh600036,93.5600,95.5400,92.5120,93.4440,73975500,4.167886
2017-06-01,sh600036,93.0940,94.3370,92.7060,94.1040,78092200,4.165737
2017-06-02,sh600036,94.5310,94.7250,92.0840,92.4340,51019400,4.171209
2017-06-05,sh600036,91.5410,92.4730,90.2590,91.7350,65026500,4.173567
2017-06-06,sh600036,91.8130,92.3170,90.4920,91.5410,54884400,4.174236
2017-06-07,sh600036,91.8900,94.0650,91.6180,93.8320,96496300,4.166607
2017-06-08,sh600036,93.1720,94.8410,91.7350,94.6860,74865700,4.163852
2017-06-09,sh600036,94.7250,96.8610,94.2200,95.3460,83753300,4.161763
2017-06-12,sh600036,95.0740,96.7050,94.3750,95.0740,55565400,4.162609
2017-06-13,sh600036,95.3070,95.6180,92.9780,93.7150,54260800,4.166963
2017-06-14,sh600036,93.7150,94.1420,91.6570,91.9680,51801500,4.317746
2017-06-15,sh600036,91.9680,93.2880,90.4150,90.5310,67537200,4.325418
2017-06-16,sh600036,90.4540,91.1530,89.7930,90.0650,53191000,4.327967
2017-06-19,sh600036,90.4920,91.9680,90.1430,91.4240,54663300,4.320605
2017-06-20,sh600036,91.9680,92.9000,90.4920,91.1140,53216800,4.322296
2017-06-21,sh600036,91.9290,92.1620,90.1820,92.0070,50786300,4.317550
2017-06-22,sh600036,91.7740,99.4620,91.5800,97.5210,152388800,4.290409
2017-06-23,sh600036,97.0550,98.8800,95.7730,98.6860,94120800,4.285106
2017-06-26,sh600036,98.8800,102.1030,98.5300,98.7240,88995700,4.284896
2017-06-27,sh600036,98.3360,104.7040,97.5210,103.8500,107584600,4.263136
2017-06-28,sh600036,102.8790,104.3160,101.6760,101.6760,73712900,4.272101
2017-06-29,sh600036,102.4520,103.7720,101.1710,103.0350,59421300,4.266460
2017-06-30,sh600036,102.4520,103.1510,101.2870,102.1030,40698800,4.270305
2017-07-03,sh600036,101.6760,101.6760,99.8510,100.5880,41623800,4.276701
2017-07-04,sh600036,100.5500,100.8990,97.8700,98.5690,57363600,4.285609
2017-07-05,sh600036,98.4920,102.6460,97.9870,102.0640,78399600,4.270460
2017-07-06,sh600036,101.3260,102.9960,100.1220,102.2970,62433300,4.269491
2017-07-07,sh600036,101.6760,102.0640,98.7630,99.5790,63217900,4.281126
2017-07-10,sh600036,99.8120,100.8210,98.7630,99.5790,37203400,4.281126
2017-07-11,sh600036,99.4620,103.9280,99.1900,102.7630,73038300,4.267566
2017-07-12,sh600036,102.8410,106.6070,102.2580,103.7720,85800300,4.263435
2017-07-13,sh600036,103.7720,106.5290,103.2680,105.9470,55940400,4.254900
2017-07-14,sh600036,106.2960,107.9270,105.3260,107.0340,50806000,4.250755
2017-07-17,sh600036,106.7240,108.8590,105.3260,106.7620,70928700,4.251772
2017-07-18,sh600036,105.9470,106.5680,102.6080,104.4710,64534600,4.260644
2017-07-19,sh600036,104.1610,107.7720,104.0050,107.1900,63077000,4.250198
2017-07-20,sh600036,106.7240,107.3060,105.5590,107.1120,51433700,4.250476
2017-07-21,sh600036,106.6460,107.7330,104.9370,105.3260,32764700,4.257316
2017-07-24,sh600036,105.4420,109.2860,105.0540,109.0920,62592200,4.243174
2017-07-25,sh600036,109.4420,111.1500,107.8890,108.3930,74394500,4.245711
2017-07-26,sh600036,108.3540,110.3740,106.9570,108.1220,46334300,4.246740
2017-07-27,sh600036,108.1990,110.8780,107.8890,109.8300,43453200,4.240541
2017-07-28,sh600036,109.3250,110.2180,108.2770,109.3640,28036100,4.242203
2017-07-31,sh600036,108.8200,110.0240,107.8110,108.5490,34195900,4.245170
2017-08-01,sh600036,108.5870,110.8010,107.6940,110.7620,47806500,4.237261
2017-08-02,sh600036,110.6840,114.4120,110.2960,112.6260,60628300,4.230879
2017-08-03,sh600036,112.2380,112.7810,109.5970,109.7910,51028600,4.240672
2017-08-04,sh600036,109.7140,110.6070,107.5780,108.3540,48927000,4.245846
2017-08-07,sh600036,107.8890,110.6070,107.8890,110.1410,30913500,4.239453
2017-08-08,sh600036,109.8300,110.4510,108.8980,109.6360,22046300,4.241238
2017-08-09,sh600036,109.3640,110.5290,108.3160,108.4320,29248500,4.245576
2017-08-10,sh600036,108.1600,109.2090,106.2580,106.8790,46465100,4.251352
2017-08-11,sh600036,106.2190,107.3450,104.1610,104.3550,52173200,4.261127
2017-08-14,sh600036,104.7820,105.8690,103.4230,105.5590,53594700,4.256411
2017-08-15,sh600036,105.5590,109.6750,105.4810,108.3930,53690000,4.245711
2017-08-16,sh600036,107.9270,108.1600,106.4130,106.9950,29782800,4.250894
2017-08-17,sh600036,107.0730,107.5000,105.7530,106.5680,32146000,4.252514
2017-08-18,sh600036,105.9860,108.6260,105.5590,107.9660,39734400,4.247286
2017-08-21,sh600036,107.9660,108.3540,106.5290,107.5000,31525300,4.249012
2017-08-22,sh600036,107.9660,109.9470,107.0340,109.7910,50287900,4.240672
2017-08-23,sh600036,110.1410,113.4410,109.5580,112.2380,60736800,4.232202
2017-08-24,sh600036,112.1600,113.4800,111.0340,112.8980,46161500,4.229974
2017-08-25,sh600036,113.3250,116.3540,113.3250,116.1590,66092000,4.219361
2017-08-28,sh600036,116.3540,117.5960,114.1400,115.0330,54746100,4.222944
2017-08-29,sh600036,115.1110,115.8880,114.3340,114.6450,32870200,4.224208
2017-08-30,sh600036,115.6160,117.8290,113.9850,114.7230,47205500,4.223969
2017-08-31,sh600036,114.7230,115.1890,111.8100,113.1310,59081000,4.229196
2017-09-01,sh600036,113.0920,114.8000,112.2760,113.1700,47974600,4.229073
2017-09-04,sh600036,112.3150,114.0630,111.8490,113.9460,35631600,4.226484
2017-09-05,sh600036,113.7130,115.5380,113.0920,115.4220,40573200,4.221726
2017-09-06,sh600036,115.1890,115.1890,113.2470,113.6350,32948600,4.227493
2017-09-07,sh600036,113.7130,113.7130,111.4220,111.5770,46675600,4.234421
2017-09-08,sh600036,111.6160,112.5480,111.3440,111.6940,29097200,4.234041
2017-09-11,sh600036,112.5480,113.6740,110.6840,110.9170,46759200,4.236707
2017-09-12,sh600036,111.3060,112.1210,110.0630,111.9270,42620200,4.233245
2017-09-13,sh600036,111.9270,112.0820,110.4130,110.8780,32866800,4.236836
2017-09-14,sh600036,110.9170,111.1890,108.8590,109.6750,47223400,4.241106
2017-09-15,sh600036,109.2480,110.5290,108.6260,110.1020,32786200,4.239584
2017-09-18,sh600036,110.1020,110.6070,109.0150,109.2860,51107700,4.242469
2017-09-19,sh600036,109.4030,111.1890,109.0150,110.8780,47274100,4.236836
2017-09-20,sh600036,110.6460,111.4610,109.5190,109.7910,51785900,4.240672
2017-09-21,sh600036,110.0240,111.3440,109.6360,110.4510,40927200,4.238335
2017-09-22,sh600036,109.8300,111.3060,109.5580,110.0240,28030900,4.239846
2017-09-25,sh600036,109.6750,110.6840,109.0530,109.4810,32006400,4.241806
2017-09-26,sh600036,109.0920,109.8300,108.8200,109.0920,22468000,4.243174
2017-09-27,sh600036,108.9370,109.2480,107.5780,107.8890,33779100,4.247598
2017-09-28,sh600036,108.1990,108.2380,106.8010,107.1120,34723200,4.250476
2017-09-29,sh600036,107.1120,109.3640,106.8400,108.4710,47164100,4.245440
2017-10-09,sh600036,113.3250,114.0630,109.7910,110.5290,100296500,4.238075
2017-10-10,sh600036,110.4130,112.3540,107.9660,110.6840,105250600,4.237519
2017-10-11,sh600036,110.4130,111.1890,109.8690,110.3740,48399900,4.238633
2017-10-12,sh600036,110.7620,112.3540,110.3740,111.6550,47842200,4.234168
2017-10-13,sh600036,111.6550,112.3540,110.8400,110.9950,32734300,4.236450
2017-10-16,sh600036,111.3440,113.9070,110.9950,113.5970,70703100,4.227652
2017-10-17,sh600036,112.9370,115.3830,112.8590,114.2180,58293900,4.225601
2017-10-18,sh600036,114.3340,115.2280,113.7520,114.5290,38327700,4.224603
2017-10-19,sh600036,114.7230,115.2660,113.7910,114.4900,40809600,4.224723
2017-10-20,sh600036,113.9460,114.3730,112.9370,113.2080,28130200,4.228913
2017-10-23,sh600036,113.2080,113.6740,112.0430,112.1600,34731300,4.232453
2017-10-24,sh600036,112.2380,113.4410,111.8100,112.6260,37077900,4.230879
2017-10-25,sh600036,112.4320,113.6740,111.7720,113.3250,33931900,4.228545
2017-10-26,sh600036,112.7810,114.8780,111.8490,112.3540,68850200,4.231789
2017-10-27,sh600036,112.8590,118.5280,112.8590,118.3730,122858200,4.212562
2017-10-30,sh600036,117.4020,118.2170,116.0820,117.1690,103998000,4.216229
2017-10-31,sh600036,116.0430,116.4310,113.7520,114.4900,62417300,4.224723
2017-11-01,sh600036,114.5290,114.8000,112.7420,113.7130,69513700,4.227249
2017-11-02,sh600036,113.3250,114.1790,112.9370,114.1400,36239400,4.225842
2017-11-03,sh600036,114.0240,114.7230,112.5870,114.3340,68086900,4.225203
2017-11-06,sh600036,113.7130,113.8680,111.2670,112.5870,69959100,4.231003
2017-11-07,sh600036,112.5480,115.1110,112.2760,114.2180,73061400,4.225601
2017-11-08,sh600036,114.1010,115.7710,113.3250,114.4510,72048000,4.224843
2017-11-09,sh600036,114.0630,115.9260,113.4800,114.3730,35153900,4.225083
2017-11-10,sh600036,113.7520,114.9560,112.5090,114.3730,70010800,4.225083
2017-11-13,sh600036,114.5290,119.3440,114.5290,116.7030,136763700,4.217673
2017-11-14,sh600036,117.0140,119.0720,116.7420,118.0620,84449900,4.213490
2017-11-15,sh600036,117.1690,119.1490,116.4700,117.5190,69036400,4.215172
2017-11-16,sh600036,117.0910,118.4890,116.0040,118.3730,67948800,4.212562
2017-11-17,sh600036,119.1490,123.8090,119.1490,123.3430,155197500,4.198196
2017-11-20,sh600036,123.3430,128.4690,122.2170,127.8090,130959000,4.186341
2017-11-21,sh600036,126.9160,130.7990,126.0610,127.1490,111984600,4.188043
2017-11-22,sh600036,127.8470,132.1970,127.8470,129.2450,97579000,4.182686
2017-11-23,sh600036,128.8570,130.1390,123.8090,125.7510,89079500,4.191700
2017-11-24,sh600036,126.7210,128.8180,124.3140,126.1000,81263700,4.190761
2017-11-27,sh600036,125.2070,125.5560,121.4020,125.2850,98541100,4.192938
2017-11-28,sh600036,123.6540,124.7020,121.4790,122.6050,61627000,4.200240
2017-11-29,sh600036,123.0710,124.5470,121.1300,124.0420,58019600,4.196279
2017-11-30,sh600036,123.1100,123.6540,120.8580,121.8290,50183800,4.202449
2017-12-01,sh600036,121.8290,122.2950,119.3440,120.3530,67577500,4.206676
2017-12-04,sh600036,119.6540,122.1390,119.6150,120.7800,41607500,4.205432
2017-12-05,sh600036,120.7800,124.1590,120.7800,123.7700,88452900,4.197016
2017-12-06,sh600036,123.2270,123.2270,119.9650,121.5960,55265500,4.203111
2017-12-07,sh600036,120.7030,122.1390,117.4020,118.9550,65215200,4.210796
2017-12-08,sh600036,118.4500,120.2370,117.6350,120.0040,52147800,4.207714
2017-12-11,sh600036,119.6930,121.8680,117.8290,121.5960,79743000,4.203111
2017-12-12,sh600036,120.7030,122.1390,119.2660,119.3440,55109700,4.209665
2017-12-13,sh600036,119.3440,121.0130,117.7900,120.3140,53615800,4.206783
2017-12-14,sh600036,120.0430,121.8680,119.7320,120.4310,52939100,4.206462
2017-12-15,sh600036,120.1980,120.3140,117.9850,118.2170,48806500,4.213008
2017-12-18,sh600036,118.3730,119.9650,118.1790,119.2660,37389400,4.209884
2017-12-19,sh600036,119.8100,123.8090,119.3050,123.2650,77123200,4.198399
2017-12-20,sh600036,123.4600,124.7800,122.1780,123.6930,55439900,4.197251
2017-12-21,sh600036,123.3040,125.7510,122.6440,124.3530,56738000,4.195445
2017-12-22,sh600036,123.8480,124.3530,122.4890,122.9940,44313800,4.199181
2017-12-25,sh600036,122.6050,125.6340,122.3340,122.9940,60107500,4.199181
2017-12-26,sh600036,122.7220,124.9740,122.6830,124.6250,61399900,4.194716
2017-12-27,sh600036,123.8090,124.8960,120.2370,120.9360,63393200,4.205007
2017-12-28,sh600036,120.8970,121.5570,119.7320,120.4310,42120200,4.206462
2017-12-29,sh600036,120.4310,122.0230,120.3530,121.9450,32904200,4.202102
2018-01-02,sh600036,121.9450,125.9840,121.9450,124.2750,67591300,4.195645
2018-01-03,sh600036,124.7410,127.6150,124.3530,125.6340,71850300,4.191992
2018-01-04,sh600036,126.8380,127.1490,123.4210,124.3920,51686500,4.195346
2018-01-05,sh600036,125.2460,126.7210,123.6540,126.1390,47990800,4.190664
2018-01-08,sh600036,125.4400,125.9450,123.0710,123.6930,65857800,4.197251
2018-01-09,sh600036,123.8870,125.4010,123.2270,124.8580,39867700,4.194088
2018-01-10,sh600036,124.4300,128.7410,124.1200,127.8090,79928200,4.186341
2018-01-11,sh600036,127.7700,130.2160,127.3040,129.3230,54074400,4.182503
2018-01-12,sh600036,130.1000,131.8860,129.7110,131.6140,48734300,4.176896
2018-01-15,sh600036,131.4980,135.0700,130.7990,133.2840,67314600,4.172949
2018-01-16,sh600036,132.7400,134.6040,131.7310,133.0900,65281900,4.173409
2018-01-17,sh600036,133.9050,137.8270,131.5750,132.3130,102654600,4.175229
2018-01-18,sh600036,133.9050,136.4290,133.9050,134.7590,81103900,4.169524
2018-01-19,sh600036,136.0800,138.7590,134.3320,135.3030,84132800,4.168299
2018-01-22,sh600036,134.2160,139.8850,134.0990,137.7100,94572900,4.162938
2018-01-23,sh600036,138.1760,141.9430,138.1760,141.4770,86899400,4.154978
2018-01-24,sh600036,142.2540,146.5250,139.1470,140.7000,117648300,4.156573
2018-01-25,sh600036,141.3220,141.3610,137.0120,138.9920,78904000,4.160192
2018-01-26,sh600036,138.1380,142.4480,138.1380,139.2250,70667300,4.159695
2018-01-29,sh600036,139.3410,141.5940,136.6620,137.3220,68492000,4.163796
2018-01-30,sh600036,137.0120,138.0210,135.1090,135.7300,36571300,4.167332
2018-01-31,sh600036,134.8370,141.2440,134.3710,141.0500,66479400,4.155863
2018-02-01,sh600036,141.4770,144.8550,140.7000,143.0300,69284900,4.151814
2018-02-02,sh600036,141.4380,143.5350,140.0790,143.2240,49473200,4.151420
2018-02-05,sh600036,140.6230,145.5930,140.5060,144.7390,74328500,4.148438
2018-02-06,sh600036,141.6710,143.9620,139.3030,143.6900,141691300,4.150491
2018-02-07,sh600036,143.5350,144.8940,133.9050,135.0310,150288200,4.168910
2018-02-08,sh600036,133.3230,134.9920,128.9740,130.7210,106982900,4.179060
2018-02-09,sh600036,127.0320,128.8960,120.3140,128.5080,132753900,4.184565
2018-02-12,sh600036,127.3040,128.2360,123.4210,125.9450,87696600,4.191181
2018-02-13,sh600036,127.2260,130.6820,127.1100,129.2840,79926700,4.182595
2018-02-14,sh600036,129.4400,131.4590,127.3820,131.0700,33494200,4.178196
2018-02-22,sh600036,133.0510,134.2930,130.3330,131.5750,67768100,4.176984
2018-02-23,sh600036,131.5750,133.9050,130.4880,132.6620,51500700,4.174386
2018-02-26,sh600036,133.0900,134.8760,130.5270,131.6140,71861800,4.176896
2018-02-27,sh600036,131.8470,132.1580,128.2750,129.1290,71533800,4.182993
2018-02-28,sh600036,127.2260,128.6630,125.7890,126.9160,53257700,4.188647
2018-03-01,sh600036,125.8670,129.0900,125.7890,127.3040,40276900,4.187632
2018-03-02,sh600036,126.2170,127.5370,125.8280,125.8670,33875900,4.191375
2018-03-05,sh600036,126.1390,128.0030,125.4400,126.3330,33620100,4.190149
2018-03-06,sh600036,127.2650,127.5760,123.7700,125.9060,61883600,4.191278
2018-03-07,sh600036,127.6920,129.9440,127.1100,128.7410,84233400,4.183978
2018-03-08,sh600036,129.0510,129.8670,127.3430,129.3230,40500700,4.182503
2018-03-09,sh600036,130.4100,131.5750,129.5560,130.2160,35510000,4.180289
2018-03-12,sh600036,131.3420,131.5360,128.8570,129.0120,58173600,4.183268
2018-03-13,sh600036,129.2450,131.1090,128.1970,128.5850,37374600,4.184348
2018-03-14,sh600036,127.9640,128.0800,126.5660,127.2650,26317500,4.187726
2018-03-15,sh600036,126.5660,128.3910,126.5660,127.7700,24195900,4.186435
2018-03-16,sh600036,127.9640,128.3910,126.1390,126.2550,36802400,4.190342
2018-03-19,sh600036,125.7890,128.6240,125.3620,128.5080,32273300,4.184565
2018-03-20,sh600036,127.8860,130.0220,127.7310,129.5950,38239400,4.181833
2018-03-21,sh600036,130.7210,132.7400,130.1000,130.6430,58514500,4.179239
2018-03-22,sh600036,130.7210,131.6920,127.9250,130.5270,44627500,4.179539
2018-03-23,sh600036,126.9160,127.3040,125.1680,126.9540,86642800,4.188519
2018-03-26,sh600036,126.7600,126.7600,120.8970,122.2950,90578000,4.201134
2018-03-27,sh600036,124.0030,124.5470,119.9260,120.7800,80543100,4.205432
2018-03-28,sh600036,119.5380,123.5760,118.9550,120.7030,78797800,4.205679
2018-03-29,sh600036,120.8190,124.9350,118.7610,123.0710,67949400,4.198942
2018-03-30,sh600036,123.3040,123.8090,121.7900,122.2170,35675300,4.201341
2018-04-02,sh600036,121.8680,124.2360,121.4790,121.9060,47738600,4.202206
2018-04-03,sh600036,121.3240,121.7510,120.1200,121.1300,30225300,4.204443
2018-04-04,sh600036,121.4020,122.9160,120.3920,120.9360,37782100,4.205007
2018-04-09,sh600036,121.3240,122.5280,120.4700,121.2460,27742400,4.204092
2018-04-10,sh600036,121.2460,126.9930,120.3530,126.8770,58601400,4.188742
2018-04-11,sh600036,127.0710,129.4400,125.9450,127.6530,56043300,4.186717
2018-04-12,sh600036,127.6920,127.6920,124.9350,125.4790,33767400,4.192416
2018-04-13,sh600036,125.9450,127.1100,123.8870,123.9640,26010800,4.196479
2018-04-16,sh600036,122.6440,122.6830,117.7900,118.4120,91462700,4.212451
2018-04-17,sh600036,118.9550,119.1110,116.3540,116.7810,61074900,4.217443
2018-04-18,sh600036,119.0720,119.3440,115.4990,118.5280,65977900,4.212082
2018-04-19,sh600036,118.6830,120.8970,118.0620,118.9160,42432800,4.210907
2018-04-20,sh600036,118.1790,118.9550,117.2080,118.8000,39799400,4.211273
2018-04-23,sh600036,117.7130,119.7320,117.6350,119.1110,30152100,4.210357
2018-04-24,sh600036,119.1490,123.8090,119.1490,121.3240,67026400,4.203881
2018-04-25,sh600036,121.3240,122.2170,120.3530,121.1690,25167500,4.204337
2018-04-26,sh600036,122.2560,123.1100,120.1200,121.0910,33960700,4.204549
2018-04-27,sh600036,121.4790,123.5760,119.3050,123.1490,57507900,4.198738
2018-05-02,sh600036,125.6730,126.1390,123.3040,124.0420,49057000,4.196279
2018-05-03,sh600036,123.1880,124.5080,120.8970,123.0320,32174100,4.199044
2018-05-04,sh600036,122.9550,122.9940,120.3530,120.8580,33769700,4.205219
2018-05-07,sh600036,120.9740,121.8680,120.0040,121.5960,30749300,4.203111
2018-05-08,sh600036,121.8680,125.3240,121.4020,124.5080,50312900,4.195013
2018-05-09,sh600036,124.5860,125.3620,123.9260,124.7800,22262500,4.194286
2018-05-10,sh600036,125.7510,126.4880,123.4210,125.1290,32219100,4.193331
2018-05-11,sh600036,124.7020,126.5270,124.5080,126.0610,43534500,4.190858
2018-05-14,sh600036,127.6920,130.4490,126.9160,128.9350,70766700,4.183485
2018-05-15,sh600036,129.0510,129.2450,126.9930,127.9250,32987500,4.186027
2018-05-16,sh600036,127.2260,127.3430,125.2850,125.6340,34451900,4.191992
2018-05-17,sh600036,125.7510,126.5660,124.1970,124.9740,29046700,4.193758
2018-05-18,sh600036,124.8580,127.9640,124.0810,127.5370,39401700,4.187032
2018-05-21,sh600036,128.5460,129.5950,126.2940,126.7990,41521600,4.188933
2018-05-22,sh600036,126.2940,126.6830,124.3140,125.0520,36542600,4.193561
2018-05-23,sh600036,124.9740,125.4400,123.8480,124.2360,29651300,4.195745
2018-05-24,sh600036,124.1970,124.5080,121.8680,122.2560,35522400,4.201237
2018-05-25,sh600036,122.1780,123.5370,121.8290,122.6830,25150500,4.200034
2018-05-28,sh600036,122.7610,123.1100,119.5770,121.0910,60507200,4.204549
2018-05-29,sh600036,120.5080,121.7900,119.5770,121.6350,48053400,4.203006
2018-05-30,sh600036,119.9260,120.4310,119.0720,119.1490,33958800,4.210212
2018-05-31,sh600036,119.4990,121.9450,119.3820,121.0130,52292500,4.204760
2018-06-01,sh600036,121.0130,121.7900,119.9260,120.3140,29325900,4.206783
2018-06-04,sh600036,121.5180,122.9550,120.3920,122.8380,43334300,4.199590
2018-06-05,sh600036,122.5280,123.2270,121.4790,122.8770,37288200,4.199487
2018-06-06,sh600036,122.5280,122.8770,120.9360,121.0910,34560800,4.204549
2018-06-07,sh600036,121.4790,122.9160,120.9360,121.4790,49443000,4.203426
2018-06-08,sh600036,120.8970,121.0130,118.6830,118.7610,42621600,4.211383
2018-06-11,sh600036,118.7610,120.5080,117.7520,120.4310,37833100,4.206462
2018-06-12,sh600036,120.3920,121.7120,120.3920,120.8580,31197100,4.205219
2018-06-13,sh600036,120.8970,121.7510,120.3140,120.7410,26753200,4.205538
2018-06-14,sh600036,120.5080,122.0620,119.6540,120.1980,34338300,4.207140
2018-06-15,sh600036,119.8100,122.1780,119.6150,121.6350,41954900,4.203006
2018-06-19,sh600036,120.4700,122.8000,119.7320,121.8290,120609400,4.202449
2018-06-20,sh600036,121.0130,121.4020,119.2270,119.9650,36452600,4.207822
2018-06-21,sh600036,120.0040,122.1010,119.9260,120.5080,31621600,4.206213
2018-06-22,sh600036,120.5860,121.0130,119.0720,120.3920,22199700,4.206569
2018-06-25,sh600036,120.6250,120.7410,116.6250,116.7030,48216000,4.217673
2018-06-26,sh600036,115.9650,116.0040,110.9950,113.7130,62322800,4.227249
2018-06-27,sh600036,112.8590,113.6350,110.6070,111.5000,44268900,4.234713
2018-06-28,sh600036,111.1890,111.3830,108.6650,109.6360,43970000,4.241238
2018-06-29,sh600036,110.1410,112.5090,110.1020,111.9270,30911000,4.233245
2018-07-02,sh600036,111.9270,113.0530,107.5000,108.0440,43518700,4.247013
2018-07-03,sh600036,108.0440,108.1600,105.1700,107.1900,65858400,4.250198
2018-07-04,sh600036,107.0340,108.3160,106.1800,106.5290,36964900,4.252655
2018-07-05,sh600036,106.9950,108.3540,106.1020,108.0440,49592500,4.247013
2018-07-06,sh600036,108.2380,110.9170,106.2580,109.5970,44125800,4.241370
2018-07-09,sh600036,110.2180,114.1790,110.2180,113.9070,52705800,4.226605
2018-07-10,sh600036,114.1400,114.4900,112.3930,113.3250,32684100,4.228545
2018-07-11,sh600036,110.5290,113.2860,110.2180,112.5480,31671200,4.231128
2018-07-12,sh600036,112.7040,115.2280,111.5390,113.6350,46942600,4.363863
2018-07-13,sh600036,114.5670,114.6450,113.3640,114.3730,24706100,4.360389
2018-07-16,sh600036,114.1400,115.7320,111.8490,112.1990,35932100,4.370822
2018-07-17,sh600036,111.5390,112.1990,109.9850,111.0340,28936900,4.376587
2018-07-18,sh600036,111.8100,113.2470,110.4130,110.7230,33235500,4.378134
2018-07-19,sh600036,111.8490,113.0530,111.5390,112.0050,39528600,4.371780
2018-07-20,sh600036,112.0050,119.1110,111.1500,118.8390,101089200,4.340358
2018-07-23,sh600036,118.8780,121.8290,117.2860,120.7030,92410800,4.332484
2018-07-24,sh600036,120.7030,123.5760,119.5770,120.2760,69453800,4.334270
2018-07-25,sh600036,122.0230,122.9940,120.6640,122.1010,43021600,4.326754
2018-07-26,sh600036,122.6440,124.9350,120.7800,121.7120,45865700,4.328307
2018-07-27,sh600036,121.7120,123.1100,119.7320,121.5960,30843000,4.328800
2018-07-30,sh600036,121.5960,124.5470,120.8580,123.6150,38339100,4.320692
2018-07-31,sh600036,123.5760,124.0810,121.0520,122.7610,34827700,4.324093
2018-08-01,sh600036,123.9260,125.4790,120.6640,120.7410,53686600,4.332293
2018-08-02,sh600036,120.4700,121.6350,117.3630,118.0620,57192300,4.343709
2018-08-03,sh600036,118.6450,120.2370,118.0620,118.2950,29811600,4.342695
2018-08-06,sh600036,118.8390,121.5960,118.1400,119.6540,38596400,4.336861
2018-08-07,sh600036,119.6540,123.1880,119.2660,123.1100,51396000,4.322683
2018-08-08,sh600036,123.5760,123.5760,121.2850,121.6730,28244100,4.328460
2018-08-09,sh600036,121.0130,124.9740,120.8580,124.2360,40392100,4.318248
2018-08-10,sh600036,124.3920,124.5470,121.7510,122.9550,27144500,4.323312
2018-08-13,sh600036,121.7120,121.7120,118.3340,120.1200,46760000,4.334897
2018-08-14,sh600036,119.9260,120.4310,118.2950,119.3440,26591700,4.338204
2018-08-15,sh600036,119.3440,119.4210,115.6930,116.1980,38443300,4.351985
2018-08-16,sh600036,114.6060,117.9070,114.2570,116.3540,38370200,4.351309
2018-08-17,sh600036,117.7520,118.1400,115.1890,115.4990,25936300,4.355166
2018-08-20,sh600036,117.3240,117.7900,115.1110,117.2080,36955000,4.347478
2018-08-21,sh600036,117.5190,118.9940,116.9360,117.7520,36990600,4.345092
2018-08-22,sh600036,118.1010,118.1400,116.6640,117.5190,20268100,4.346117
2018-08-23,sh600036,117.9070,119.1110,116.6640,118.5280,32131900,4.341685
2018-08-24,sh600036,117.9460,122.4110,117.2080,120.0810,48026900,4.335054
2018-08-27,sh600036,121.4400,123.6150,120.6640,123.3430,51080700,4.321759
2018-08-28,sh600036,123.4600,125.1680,123.3430,123.6540,36844300,4.320545
2018-08-29,sh600036,123.6930,125.1290,122.9940,124.1970,26096900,4.318394
2018-08-30,sh600036,124.0810,124.6250,121.5570,121.7900,27257300,4.328003
2018-08-31,sh600036,121.2850,124.1590,121.1690,122.3720,46088100,4.325627
2018-09-03,sh600036,122.4890,122.9550,121.0910,121.7900,26070100,4.328003
2018-09-04,sh600036,121.9450,124.1590,120.9740,123.7310,32822300,4.320216
2018-09-05,sh600036,122.6050,123.1100,120.0040,120.0430,35940300,4.335247
2018-09-06,sh600036,120.0810,120.6640,119.0330,119.3050,24591900,4.338364
2018-09-07,sh600036,119.8870,122.0230,119.6930,121.9060,39719500,4.327512
2018-09-10,sh600036,121.0910,122.4110,120.3920,120.8580,26378400,4.331828
2018-09-11,sh600036,121.0520,121.6350,117.9070,118.9160,33469300,4.340000
2018-09-12,sh600036,118.2170,119.6930,117.4020,118.9160,22987600,4.340000
2018-09-13,sh600036,121.0130,121.3240,118.4890,120.3140,30676400,4.334078
2018-09-14,sh600036,121.2070,121.2070,120.0040,120.7800,17546000,4.332138
2018-09-17,sh600036,120.1980,120.4700,118.8000,119.1110,16220200,4.339199
2018-09-18,sh600036,119.1110,122.2170,118.8390,121.9450,39937200,4.327360
2018-09-19,sh600036,121.8680,123.7700,121.0910,122.8000,43273400,4.323944
2018-09-20,sh600036,123.4980,124.5470,122.6830,123.2270,28658200,4.322238
2018-09-21,sh600036,123.9640,130.1770,122.9940,130.1770,77837200,4.296271
2018-09-25,sh600036,128.3520,129.3620,126.3720,127.5370,52738100,4.305773
2018-09-26,sh600036,128.0420,132.8570,126.7210,130.7600,74931700,4.294253
2018-09-27,sh600036,130.0220,131.6920,129.0510,130.6820,40257100,4.294512
2018-09-28,sh600036,131.6140,133.3230,130.1770,131.6920,55600800,4.291039
2018-10-08,sh600036,127.8470,129.3620,126.5270,126.7990,62333300,4.308495
2018-10-09,sh600036,126.4110,127.8090,125.1290,126.6830,42149300,4.308946
2018-10-10,sh600036,126.4880,128.5850,125.7120,127.4590,39000300,4.306047
2018-10-11,sh600036,123.8090,125.4010,121.6730,122.9940,61547600,4.323163
2018-10-12,sh600036,123.9640,126.5660,123.0320,125.7510,66130700,4.312449
2018-10-15,sh600036,125.7510,125.8280,123.3820,124.1200,34999800,4.318720
2018-10-16,sh600036,124.4300,128.2360,124.1200,125.5180,57769100,4.313333
2018-10-17,sh600036,126.6830,127.0710,121.9450,125.1290,66876400,4.314793
2018-10-18,sh600036,124.2750,124.5470,120.7800,120.8580,57441800,4.331828
2018-10-19,sh600036,120.2760,126.6050,119.3050,125.9450,76703200,4.311708
2018-10-22,sh600036,127.1870,131.1090,127.1870,129.0120,84079600,4.300400
2018-10-23,sh600036,129.6340,129.6340,124.1590,125.2070,59411400,4.314507
2018-10-24,sh600036,125.5560,130.2550,125.4790,126.6440,63582400,4.309085
2018-10-25,sh600036,124.2360,127.9250,124.1200,127.6920,55841800,4.305192
2018-10-26,sh600036,127.6150,128.7020,125.0520,127.4590,49576200,4.306047
2018-10-29,sh600036,128.2360,128.2360,118.9940,120.6640,95487700,4.332639
2018-10-30,sh600036,121.7120,124.5860,119.6150,122.6050,74357500,4.324691
2018-10-31,sh600036,124.3530,125.0520,122.7610,124.7800,66601300,4.316154
2018-11-01,sh600036,126.8770,127.6530,123.8090,125.3240,68260000,4.314079
2018-11-02,sh600036,128.6240,130.7600,126.7210,130.2940,122005100,4.295879
2018-11-05,sh600036,128.4300,129.9060,127.8860,129.0120,42833400,4.300400
2018-11-06,sh600036,129.0120,129.4400,126.5270,128.5080,37506500,4.302243
2018-11-07,sh600036,128.5460,129.7890,127.1870,127.3430,54986700,4.306493
2018-11-08,sh600036,129.0900,130.4490,128.2360,129.0510,47914900,4.300267
2018-11-09,sh600036,127.4590,127.4590,123.1490,123.5760,119302100,4.320839
2018-11-12,sh600036,122.8000,123.9640,122.1390,123.4210,68397700,4.321464
2018-11-13,sh600036,121.6350,124.2360,121.4400,123.4980,50035600,4.321134
2018-11-14,sh600036,123.4980,123.7700,121.2460,121.8680,53587400,4.327699
2018-11-15,sh600036,122.1780,123.0710,121.5570,122.7220,35412400,4.324242
2018-11-16,sh600036,122.7220,123.8870,121.9840,123.1100,49695500,4.322683
2018-11-19,sh600036,123.9640,125.2850,122.9940,124.9350,50288100,4.315544
2018-11-20,sh600036,124.3140,124.5080,122.4500,122.8770,33827700,4.323610
2018-11-21,sh600036,122.0230,122.9160,121.6350,122.8000,32337700,4.323944
2018-11-22,sh600036,122.8380,122.9940,121.6350,122.4110,27585800,4.325477
2018-11-23,sh600036,122.3720,122.6050,120.7800,120.7800,32538900,4.332138
2018-11-26,sh600036,121.2460,122.6050,120.8970,122.2950,27546900,4.325964
2018-11-27,sh600036,122.1010,122.7220,120.6640,121.2070,33765800,4.330368
2018-11-28,sh600036,121.5180,122.6050,121.4400,122.3340,29087300,4.325813
2018-11-29,sh600036,123.1880,123.5760,122.4110,122.4110,39794900,4.325477
2018-11-30,sh600036,122.2560,123.4980,122.0620,123.3820,25438000,4.321611
2018-12-03,sh600036,127.0320,127.5760,124.8580,126.9160,69025500,4.308079
2018-12-04,sh600036,126.7600,127.5760,126.3330,127.3430,32368500,4.306493
2018-12-05,sh600036,125.7510,127.3430,125.1290,126.5660,26230700,4.309363
2018-12-06,sh600036,124.7410,125.7120,124.2750,124.7410,37338000,4.316298
2018-12-07,sh600036,125.4790,125.8670,123.3040,123.4980,30522800,4.321134
2018-12-10,sh600036,122.4110,123.1880,122.1010,122.5670,26698600,4.324876
2018-12-11,sh600036,122.6050,123.3820,122.3340,123.2270,22729000,4.322238
2018-12-12,sh600036,125.1290,125.1290,122.8380,123.0320,20209300,4.322980
2018-12-13,sh600036,123.3040,125.4010,122.8380,124.1590,55152000,4.318574
2018-12-14,sh600036,123.4600,123.6150,122.0230,122.5280,39815500,4.325026
2018-12-17,sh600036,122.5280,123.1880,121.6350,122.3720,31130300,4.325627
2018-12-18,sh600036,121.4400,122.2560,120.6640,120.8970,41460900,4.331673
2018-12-19,sh600036,120.9360,121.2070,115.7320,116.4700,82965400,4.350766
2018-12-20,sh600036,115.3440,115.8100,112.1210,113.1310,101575500,4.366306
2018-12-21,sh600036,112.9750,112.9750,110.5680,111.1110,87574900,4.376172
2018-12-24,sh600036,110.3740,111.3830,109.2860,111.3440,64971700,4.375010
2018-12-25,sh600036,109.5970,111.7720,108.7040,110.7230,74992200,4.378134
2018-12-26,sh600036,110.3740,110.4900,109.0150,109.0150,44678700,4.386922
2018-12-27,sh600036,110.3350,110.4510,108.8980,109.0150,64018000,4.386922
2018-12-28,sh600036,109.4030,110.9950,109.2480,110.3740,61338200,4.379921
2019-01-02,sh600036,110.1800,110.3740,107.2670,107.9270,55516600,4.392633
2019-01-03,sh600036,107.2670,109.7910,107.1900,109.1310,37410700,4.386294
2019-01-04,sh600036,108.6650,112.1210,108.2380,111.5770,66853100,4.373853
2019-01-07,sh600036,111.5770,112.5870,110.7230,111.6160,45604000,4.373668
2019-01-08,sh600036,111.5390,111.6160,110.2180,110.4510,26928000,4.379500
2019-01-09,sh600036,110.4510,113.8680,110.4510,112.3150,63820000,4.370233
2019-01-10,sh600036,111.5390,113.7910,111.4220,112.8980,42630600,4.367427
2019-01-11,sh600036,112.8980,115.7320,112.5090,115.2660,49391000,4.356236
2019-01-14,sh600036,115.2660,115.6550,114.3340,114.6840,29424400,4.358951
2019-01-15,sh600036,114.6840,116.7030,114.6450,116.5870,36671800,4.350261
2019-01-16,sh600036,116.1980,116.8970,115.8490,116.7810,22995500,4.349385
2019-01-17,sh600036,116.7810,116.7810,115.1500,115.3050,32368200,4.356063
2019-01-18,sh600036,115.3050,118.3730,115.2660,117.7520,54639700,4.345092
2019-01-21,sh600036,117.6740,120.0810,117.4800,118.6450,41558800,4.341200
2019-01-22,sh600036,118.5280,119.1110,116.4310,117.2860,34907200,4.347146
2019-01-23,sh600036,117.1690,118.9940,117.0530,117.9850,27325000,4.344072
2019-01-24,sh600036,118.0620,121.4020,118.0620,120.7410,54340900,4.332293
2019-01-25,sh600036,120.7410,123.6930,120.6640,123.2650,53648100,4.322055
2019-01-28,sh600036,123.2650,125.6730,123.1880,123.8090,57736500,4.319923
2019-01-29,sh600036,123.4210,124.4690,123.0710,123.7310,34662800,4.320216
2019-01-30,sh600036,123.5760,124.3140,122.4890,122.8770,26689200,4.323610
2019-01-31,sh600036,122.9940,126.2550,122.9940,125.9450,57142000,4.311708
2019-02-01,sh600036,125.9450,126.7990,124.6630,126.2940,39652100,4.310375
2019-02-11,sh600036,125.5180,127.1870,124.7410,126.6440,35363500,4.309085
2019-02-12,sh600036,126.6440,127.3820,125.0520,126.3720,39582700,4.310095
2019-02-13,sh600036,126.3720,129.1680,125.5950,128.3910,53577500,4.302647
2019-02-14,sh600036,127.6530,129.4010,127.0320,128.4690,45238600,4.302378
2019-02-15,sh600036,128.0030,128.4300,124.7800,125.7120,49566600,4.312590
2019-02-18,sh600036,126.4880,128.9740,126.4880,128.5080,44664500,4.302243
2019-02-19,sh600036,128.4690,131.4590,127.9250,128.5460,49367600,4.302075
2019-02-20,sh600036,130.0610,130.7210,128.9350,129.5950,33434000,4.298342
2019-02-21,sh600036,129.7110,131.4980,128.3910,129.3230,45313900,4.299302
2019-02-22,sh600036,129.2840,131.4980,128.2360,131.4590,41487500,4.291838
2019-02-25,sh600036,132.8950,140.2730,132.7790,138.7980,110184600,4.268081
2019-02-26,sh600036,137.9050,140.6620,134.1380,134.7980,94856200,4.280661
2019-02-27,sh600036,135.6140,138.0210,134.4490,135.6520,80834200,4.277893
2019-02-28,sh600036,135.6140,137.1670,134.6430,135.7690,48764300,4.277536
2019-03-01,sh600036,136.9730,140.3900,135.4190,140.2730,68267000,4.263617
2019-03-04,sh600036,140.6620,143.7290,138.7200,139.4580,95646100,4.266075
2019-03-05,sh600036,140.1180,140.1180,137.1670,138.1380,67380300,4.270108
2019-03-06,sh600036,137.9820,139.1470,135.9240,137.6330,54673600,4.271664
2019-03-07,sh600036,136.8170,137.1670,132.7790,134.0600,70772700,4.283067
2019-03-08,sh600036,131.8860,133.7110,130.4100,132.0410,77006600,4.289831
2019-03-11,sh600036,131.2260,132.2350,129.7110,131.0700,67530900,4.293154
2019-03-12,sh600036,132.5460,134.1770,130.7600,131.5750,83869700,4.291422
2019-03-13,sh600036,132.0800,134.1380,129.9830,133.0510,66661100,4.286437
2019-03-14,sh600036,132.8180,136.3900,132.5070,134.6430,68494200,4.281176
2019-03-15,sh600036,134.5260,136.5840,133.6720,135.4970,59594200,4.278402
2019-03-18,sh600036,135.9630,138.9530,135.1860,138.1760,59313000,4.269963
2019-03-19,sh600036,138.3320,139.1860,136.5070,136.8950,48675000,4.273962
2019-03-20,sh600036,136.3130,138.6040,135.6140,137.8270,46537900,4.271057
2019-03-21,sh600036,137.2830,138.3320,136.4680,136.7010,38622300,4.274578
2019-03-22,sh600036,137.0890,138.2540,135.6520,138.1380,43026800,4.270108
2019-03-25,sh600036,136.7790,137.1670,133.2840,133.5560,63921000,4.284761
2019-03-26,sh600036,135.1860,135.4190,133.7110,134.7980,40336100,4.280661
2019-03-27,sh600036,135.5750,138.8750,134.6430,138.3320,59415400,4.269506
2019-03-28,sh600036,137.4390,139.3030,136.5840,138.7980,38742200,4.268081
2019-03-29,sh600036,138.7980,145.7870,138.3710,144.2340,116415200,4.252182
2019-04-01,sh600036,145.3210,148.6220,144.1560,144.8550,104639600,4.250440
2019-04-02,sh600036,144.9330,146.8360,144.8940,146.4470,69428600,4.246071
2019-04-03,sh600036,146.0980,148.2340,145.7480,147.8840,58160600,4.242226
2019-04-04,sh600036,148.0390,152.5050,148.0390,150.7190,82285200,4.234869
2019-04-08,sh600036,151.1460,153.3590,150.9520,152.0390,81066200,4.231534
2019-04-09,sh600036,151.9230,151.9610,148.6610,149.3210,51123600,4.238462
2019-04-10,sh600036,148.6220,150.0970,146.5640,148.7000,67454100,4.240091
2019-04-11,sh600036,149.1660,150.9520,147.3400,148.2720,57251600,4.241190
2019-04-12,sh600036,147.8840,148.4280,146.8750,147.6510,36335800,4.242845
2019-04-15,sh600036,150.0590,153.1650,147.7290,147.7290,92492000,4.242648
2019-04-16,sh600036,147.2630,152.6990,146.8750,152.3110,84081500,4.230861
2019-04-17,sh600036,151.8840,154.1750,150.8740,151.6510,49478900,4.232515
2019-04-18,sh600036,151.5340,151.5340,148.9330,150.3690,32274000,4.235746
2019-04-19,sh600036,150.7580,154.0580,150.6800,152.3110,41174800,4.230861
2019-04-22,sh600036,151.5340,152.8930,146.0980,147.6510,71582900,4.242845
2019-04-23,sh600036,147.2630,150.7190,147.1460,149.3210,49569200,4.238462
2019-04-24,sh600036,150.4860,151.9230,147.7290,151.5340,54009800,4.232793
2019-04-25,sh600036,149.7870,151.7670,149.5150,150.0970,43378800,4.236438
2019-04-26,sh600036,149.0490,149.2040,145.8650,145.9430,51734400,4.247468
2019-04-29,sh600036,146.7580,151.2620,146.1760,149.7090,55033100,4.237447
2019-04-30,sh600036,146.7580,148.0390,143.9620,146.2920,95371100,4.246502
2019-05-06,sh600036,141.4380,144.7390,140.1960,144.1950,113367800,4.252285
2019-05-07,sh600036,145.2440,145.2440,142.0600,143.4190,61747600,4.254494
2019-05-08,sh600036,141.8270,142.9140,140.6620,141.1660,48174500,4.260972
2019-05-09,sh600036,140.6620,141.6320,136.8560,138.4090,58110300,4.269247
2019-05-10,sh600036,140.1180,143.7680,140.1180,143.0300,65477500,4.255579
2019-05-13,sh600036,140.8560,141.7880,139.2250,139.8850,34340800,4.264787
2019-05-14,sh600036,137.9430,141.4380,137.9050,138.9530,48864200,4.267598
2019-05-15,sh600036,140.6620,143.9620,139.8460,143.1080,44059100,4.255367
2019-05-16,sh600036,143.1080,144.3120,142.2540,143.2630,33464200,4.254915
2019-05-17,sh600036,143.3800,143.7680,140.5450,141.8650,35925600,4.258931
2019-05-20,sh600036,141.8270,143.7290,139.9630,141.7490,41830400,4.259285
2019-05-21,sh600036,141.7880,144.9330,141.2050,143.1080,50344400,4.255367
2019-05-22,sh600036,143.1080,143.9620,141.8270,142.7200,34508000,4.256487
2019-05-23,sh600036,141.8650,142.9910,140.4670,142.0210,38386000,4.258501
2019-05-24,sh600036,142.9140,145.0490,142.1760,142.9910,42990800,4.255685
2019-05-27,sh600036,142.5250,144.3510,139.8850,143.6900,47725900,4.253700
2019-05-28,sh600036,143.5740,146.8750,143.0690,146.0200,69457000,4.247237
2019-05-29,sh600036,144.1950,147.2240,143.9620,145.5150,37682800,4.248613
2019-05-30,sh600036,146.1370,146.5250,144.0010,145.7100,29730700,4.248105
2019-05-31,sh600036,145.3210,147.2630,144.5840,145.3600,30522300,4.249050
2019-06-03,sh600036,145.5150,147.0690,144.0790,146.0980,39481400,4.247035
2019-06-04,sh600036,146.0980,146.1370,143.6130,144.6610,32789100,4.250984
2019-06-05,sh600036,145.8260,146.3310,144.2340,144.3510,26927400,4.251870
2019-06-06,sh600036,145.0490,145.0490,142.1370,144.1560,30232500,4.252389
2019-06-10,sh600036,144.6610,148.0390,144.5840,147.4180,49305500,4.243466
2019-06-11,sh600036,147.4180,150.5250,147.4180,150.0590,52369700,4.236561
2019-06-12,sh600036,149.9420,150.4080,148.6220,149.7090,27091500,4.237447
2019-06-13,sh600036,149.7090,150.3690,147.9620,149.3990,25623200,4.238270
2019-06-14,sh600036,149.7090,150.6410,149.1270,149.7870,34183600,4.237256
2019-06-17,sh600036,149.5930,152.2330,149.4370,150.7580,26237600,4.234775
2019-06-18,sh600036,151.1460,152.3880,150.4080,152.3880,30228400,4.230650
2019-06-19,sh600036,156.1550,157.3590,154.5240,155.4170,65238800,4.223288
2019-06-20,sh600036,155.6500,161.9410,155.6500,161.5530,74229800,4.209302
2019-06-21,sh600036,161.5530,162.0180,158.1350,158.8730,59617600,4.215256
2019-06-24,sh600036,158.2130,160.0380,158.0580,159.9220,30881600,4.212908
2019-06-25,sh600036,158.1740,158.1740,147.4570,152.8160,243512100,4.229615
2019-06-26,sh600036,148.7000,152.0390,148.5050,150.2530,104997800,4.236059
2019-06-27,sh600036,151.8450,154.4850,151.3400,154.0580,92805600,4.226557
2019-06-28,sh600036,153.6700,154.3690,151.6900,152.2330,53062300,4.231045
2019-07-01,sh600036,155.2230,157.0870,155.0290,155.8060,81245400,4.222385
2019-07-02,sh600036,155.8830,155.8830,153.4760,154.3300,61223300,4.225904
2019-07-03,sh600036,153.8250,154.2140,152.5440,152.8930,47928400,4.229405
2019-07-04,sh600036,153.7480,154.0190,152.3500,152.6210,37917300,4.230072
2019-07-05,sh600036,153.0870,154.7570,152.3110,154.1360,36451500,4.226378
2019-07-08,sh600036,152.6210,153.0870,149.8260,150.6020,50610500,4.235152
2019-07-09,sh600036,150.6800,151.1460,149.2040,149.5540,28106000,4.237858
2019-07-10,sh600036,150.7580,150.9520,148.3500,148.8940,44487000,4.239579
2019-07-11,sh600036,150.2140,152.5440,149.6310,151.9230,59828900,4.231838
2019-07-12,sh600036,152.7770,154.4080,152.1550,153.6310,49746600,4.339859
2019-07-15,sh600036,152.1170,154.7180,150.1360,153.2430,42271700,4.341161
2019-07-16,sh600036,153.5150,154.0190,152.6600,153.2820,27014500,4.341037
2019-07-17,sh600036,152.5050,153.7090,152.1170,152.8930,22637600,4.342318
2019-07-18,sh600036,153.2430,154.3300,152.3500,153.3200,33890000,4.340883
2019-07-19,sh600036,154.7180,157.8640,154.3300,157.3980,49864200,4.327688
2019-07-22,sh600036,157.3590,158.9510,156.3100,157.3980,33732900,4.327688
2019-07-23,sh600036,157.3980,157.9020,156.0000,156.7760,25079500,4.329633
2019-07-24,sh600036,157.6690,159.6890,156.8930,157.6310,34263400,4.326956
2019-07-25,sh600036,158.8730,161.7080,158.8730,160.8540,50994300,4.317069
2019-07-26,sh600036,160.0380,161.2810,159.9600,160.6980,23391800,4.317517
2019-07-29,sh600036,160.6210,160.6210,158.2910,159.1840,31750300,4.322129
2019-07-30,sh600036,159.0670,160.5040,158.6790,158.9510,26183700,4.322845
2019-07-31,sh600036,157.9020,159.0670,157.7080,158.1350,27306700,4.325356
2019-08-01,sh600036,157.5140,158.2520,155.6110,156.7380,32231500,4.329779
2019-08-02,sh600036,154.2140,155.8060,153.6310,154.9900,48948000,4.335385
2019-08-05,sh600036,154.0970,154.7570,152.4270,152.8930,45212700,4.342318
2019-08-06,sh600036,150.1360,152.3500,149.7480,151.6120,58569500,4.346674
2019-08-07,sh600036,151.6900,152.0000,149.9030,150.2530,55056600,4.351376
2019-08-08,sh600036,151.3010,153.9810,151.3010,153.4760,45625700,4.340385
2019-08-09,sh600036,153.8640,154.0190,151.7280,152.0390,33614100,4.345213
2019-08-12,sh600036,152.0390,153.8640,151.3010,153.6700,39225800,4.339735
2019-08-13,sh600036,152.8160,153.0490,151.3010,151.4950,29736500,4.347059
2019-08-14,sh600036,152.9320,153.6310,151.3010,151.5340,37749300,4.346931
2019-08-15,sh600036,148.9710,151.8450,148.5830,151.5730,30054800,4.346802
2019-08-16,sh600036,151.6510,153.6310,150.2140,152.6990,40844400,4.342975
2019-08-19,sh600036,151.9610,153.2430,149.9030,153.2430,71493300,4.341161
2019-08-20,sh600036,152.0780,154.2520,151.6900,153.3590,38036900,4.340759
2019-08-21,sh600036,153.0100,154.4080,152.6990,153.8250,29982500,4.339210
2019-08-22,sh600036,154.3690,154.5630,152.6210,153.3980,22862400,4.340634
2019-08-23,sh600036,152.9320,158.0580,152.9320,157.0090,70609800,4.328894
2019-08-26,sh600036,154.0190,155.1840,151.1850,152.0780,86736200,4.345086
2019-08-27,sh600036,153.5530,154.4850,151.1070,151.1070,81751100,4.348403
2019-08-28,sh600036,152.0780,152.3880,149.7870,150.1360,51476200,4.351768
2019-08-29,sh600036,150.1360,150.3300,147.0300,147.9230,71161700,4.359652
2019-08-30,sh600036,149.3210,149.7090,148.0010,149.2820,59657900,4.354784
2019-09-02,sh600036,149.2820,150.7580,149.1660,149.5150,50798200,4.353960
2019-09-03,sh600036,149.6310,149.9810,148.2340,148.7770,40716900,4.356574
2019-09-04,sh600036,148.6220,152.3110,148.2340,151.6510,63463600,4.346546
2019-09-05,sh600036,152.1940,155.5730,152.1940,154.0970,72370200,4.338316
2019-09-06,sh600036,155.5730,155.9220,154.2140,155.5340,47316200,4.333631
2019-09-09,sh600036,156.3100,157.6690,153.3980,154.0190,75615100,4.338563
2019-09-10,sh600036,154.8350,154.9510,151.1070,152.0780,67533000,4.345086
2019-09-11,sh600036,152.8160,153.0100,150.9520,152.2720,60908900,4.344422
2019-09-12,sh600036,153.6310,153.7480,151.9610,153.2040,52582100,4.341286
2019-09-16,sh600036,154.0190,154.1750,151.3790,152.0780,46166800,4.345086
2019-09-17,sh600036,152.3500,152.7770,150.6020,151.2620,44307000,4.347859
2019-09-18,sh600036,151.3010,151.8450,150.9520,151.3010,35374800,4.347730
2019-09-19,sh600036,151.8450,151.9230,149.5930,150.1750,53845300,4.351637
2019-09-20,sh600036,150.9520,151.1460,149.6700,150.1750,69494400,4.351637
2019-09-23,sh600036,149.7480,149.7480,147.7290,148.3500,61025400,4.358108
2019-09-24,sh600036,149.1660,149.1660,148.0780,148.5050,36571800,4.357541
2019-09-25,sh600036,148.3890,150.0200,147.6900,149.5540,46779300,4.353828
2019-09-26,sh600036,149.9420,154.4850,149.2820,152.9320,108440800,4.342192
2019-09-27,sh600036,152.6600,154.7570,151.3790,152.8540,67267700,4.342443
2019-09-30,sh600036,151.2620,153.3590,150.9130,151.1070,39120300,4.348403
2019-10-08,sh600036,150.9130,152.4660,150.1360,151.3400,64588600,4.347601
2019-10-09,sh600036,150.2140,154.6790,150.1360,152.7770,82161300,4.342723
2019-10-10,sh600036,152.8930,153.5530,152.1550,152.5050,37870000,4.343634
2019-10-11,sh600036,153.2430,157.3980,153.2430,157.0870,104387300,4.328658
2019-10-14,sh600036,158.2910,161.5530,158.2910,159.1840,87433400,4.322129
2019-10-15,sh600036,160.6980,160.6980,157.7860,158.4460,45810400,4.324400
2019-10-16,sh600036,159.7270,161.5910,157.5140,159.1060,51489700,4.322358
2019-10-17,sh600036,159.1060,160.4260,158.0580,159.8440,34258700,4.320108
2019-10-18,sh600036,160.2320,160.9310,156.3490,156.6600,45434900,4.330017
2019-10-21,sh600036,156.3490,157.9020,155.0680,156.8150,35942500,4.329514
2019-10-22,sh600036,157.7860,157.8250,154.6790,156.4660,33207300,4.330639
2019-10-23,sh600036,156.1550,157.1260,155.2620,155.9610,31347000,4.332250
2019-10-24,sh600036,156.6600,158.8730,155.8060,157.9020,43122000,4.326082
2019-10-25,sh600036,158.5630,158.5630,156.1160,157.5140,24614200,4.327308
2019-10-28,sh600036,157.8250,159.5720,156.3490,156.7380,32808300,4.329779
2019-10-29,sh600036,157.0090,157.3980,155.6110,156.5430,26610000,4.330373
2019-10-30,sh600036,156.3880,156.8540,153.2820,153.6700,48326200,4.339735
2019-10-31,sh600036,154.7960,155.4560,153.1650,154.0190,50704200,4.338563
2019-11-01,sh600036,154.2910,158.9120,153.5530,158.2910,66855500,4.324891
2019-11-04,sh600036,159.7270,160.9310,158.6400,160.5430,59640200,4.317994
2019-11-05,sh600036,160.5820,164.3090,159.7660,162.4070,72333000,4.312454
2019-11-06,sh600036,162.4070,165.5910,161.9020,164.3090,70844800,4.306920
2019-11-07,sh600036,164.2320,165.2030,163.0280,164.3480,35055100,4.306813
2019-11-08,sh600036,165.5910,165.8630,162.1740,162.7560,45708200,4.311417
2019-11-11,sh600036,161.9020,162.5230,160.5040,161.0480,39293900,4.316484
2019-11-12,sh600036,161.0480,161.7470,159.4940,160.6210,36383100,4.317769
2019-11-13,sh600036,160.0380,161.3200,159.4560,159.8440,39293400,4.320108
2019-11-14,sh600036,160.5820,160.8150,158.4850,158.8340,29291200,4.323190
2019-11-15,sh600036,159.7660,160.0770,158.2910,159.1840,31500800,4.322129
2019-11-18,sh600036,159.1840,163.3000,158.7960,161.7850,57445500,4.314267
2019-11-19,sh600036,161.5910,162.9500,161.0480,161.8630,39018400,4.314046
2019-11-20,sh600036,160.7760,161.2810,157.8640,158.2130,48277400,4.325123
2019-11-21,sh600036,157.3590,158.6400,156.2330,157.6690,29743600,4.326811
2019-11-22,sh600036,158.6790,159.2620,156.2720,156.8540,32273800,4.329396
2019-11-25,sh600036,157.5140,158.7570,157.2030,158.2130,26416200,4.325123
2019-11-26,sh600036,159.0290,159.0670,155.9610,155.9610,44859500,4.332250
2019-11-27,sh600036,156.6990,159.3780,156.1940,158.4850,35069500,4.324284
2019-11-28,sh600036,158.1350,159.3780,157.6690,158.4070,20852000,4.324515
2019-11-29,sh600036,157.8250,158.6400,155.6500,156.0770,33478800,4.331862
2019-12-02,sh600036,156.3490,157.4360,155.8440,156.3880,19733900,4.330878
2019-12-03,sh600036,155.6500,158.2910,154.9120,157.7470,27680500,4.326577
2019-12-04,sh600036,156.2330,157.5920,156.1160,157.0480,23090600,4.328776
2019-12-05,sh600036,157.8250,158.2910,156.4270,157.4360,26477900,4.327543
2019-12-06,sh600036,157.7860,158.2130,156.6600,157.5530,25584600,4.327190
2019-12-09,sh600036,157.4360,157.6690,156.0770,157.0090,25078700,4.328894
2019-12-10,sh600036,156.2330,157.3590,156.1550,156.4270,22735500,4.330759
2019-12-11,sh600036,157.0870,157.7080,156.3880,157.5140,28077900,4.327308
2019-12-12,sh600036,157.9020,158.2130,156.8930,157.5140,25011300,4.327308
2019-12-13,sh600036,158.7960,161.7850,158.6400,161.7850,65495600,4.314267
2019-12-16,sh600036,160.8150,161.7080,160.2320,160.9310,35287600,4.316819
2019-12-17,sh600036,160.8150,163.1450,159.4560,161.7850,56312700,4.314267
2019-12-18,sh600036,161.9800,164.3090,161.9800,163.6880,54132200,4.308713
2019-12-19,sh600036,163.7270,164.6980,162.6790,162.8340,30188400,4.311199
2019-12-20,sh600036,163.0280,163.8440,161.3970,161.9410,28800700,4.313825
2019-12-23,sh600036,162.9120,163.7270,160.8150,161.3970,35874600,4.315428
2019-12-24,sh600036,161.5910,164.3090,161.5910,163.7660,34185600,4.308498
2019-12-25,sh600036,163.7660,164.6200,162.2510,162.9120,23502700,4.310982
2019-12-26,sh600036,162.8730,164.1150,162.5230,164.1150,19223900,4.307480
2019-12-27,sh600036,164.1150,165.6690,162.9500,163.1830,35953500,4.310169
2019-12-30,sh600036,162.1740,163.4160,160.2710,163.0670,44496200,4.310521
2019-12-31,sh600036,163.1450,163.2610,161.0480,162.0960,37680500,4.313358
2020-01-02,sh600036,163.8440,168.0760,163.8050,167.1440,82624400,4.298971
2020-01-03,sh600036,167.4160,170.0180,167.2990,169.1630,52010600,4.293477
2020-01-06,sh600036,168.3480,172.1140,167.2220,168.5420,54887700,4.295158
2020-01-07,sh600036,169.7460,171.2600,167.9980,168.1930,34767100,4.296117
2020-01-08,sh600036,167.4160,167.4160,165.3190,165.3190,36323400,4.304061
2020-01-09,sh600036,166.9890,167.6100,165.9790,167.2220,30335900,4.298766
2020-01-10,sh600036,167.2220,168.6970,166.6390,167.7650,28593100,4.297259
2020-01-13,sh600036,168.6970,168.6970,166.6390,167.9980,32780800,4.296624
2020-01-14,sh600036,168.1540,170.0560,166.4450,166.8720,33564600,4.299717
2020-01-15,sh600036,166.9890,167.1830,163.8050,164.1930,48859800,4.307267
2020-01-16,sh600036,164.5810,165.0860,162.7950,163.5720,45384800,4.309062
2020-01-17,sh600036,163.9600,164.3870,162.4840,163.4550,42135700,4.309386
2020-01-20,sh600036,164.5810,166.2510,163.7270,164.9310,58580800,4.305168
2020-01-21,sh600036,163.5330,164.3090,162.5620,162.9120,41720100,4.310982
2020-01-22,sh600036,162.5620,164.1150,160.4260,163.0280,53125400,4.310629
2020-01-23,sh600036,161.9020,162.5620,157.7080,159.1060,78750200,4.322358
2020-02-03,sh600036,147.4180,154.0190,147.4180,152.1940,113106200,4.344676
2020-02-04,sh600036,152.2330,153.9420,150.8350,153.4370,122967600,4.340509
2020-02-05,sh600036,153.3980,154.0580,151.4180,153.4760,80257100,4.340385
2020-02-06,sh600036,154.0190,155.3010,152.5830,154.9900,73070100,4.335385
2020-02-07,sh600036,152.4660,153.8640,152.1170,153.7090,67552400,4.339610
2020-02-10,sh600036,152.5830,153.0100,151.8840,152.4660,57504100,4.343761
2020-02-11,sh600036,153.2430,155.3780,152.6600,154.2910,55743600,4.337672
2020-02-12,sh600036,154.0190,154.6410,153.0100,154.4080,40538900,4.337303
2020-02-13,sh600036,154.1360,154.2140,152.8540,153.1260,42235000,4.341537
2020-02-14,sh600036,152.8930,154.8350,152.8930,154.5630,40339600,4.336785
2020-02-17,sh600036,154.5240,156.6210,153.5530,156.6210,66942500,4.330135
2020-02-18,sh600036,155.9610,155.9610,154.4080,154.7960,51639600,4.336022
2020-02-19,sh600036,154.4080,155.5340,153.8640,154.1360,41952100,4.338193
2020-02-20,sh600036,154.6410,156.1550,152.8540,155.8830,74600500,4.332490
2020-02-21,sh600036,155.5730,155.6890,153.9030,154.5630,73031400,4.336785
2020-02-24,sh600036,153.9810,154.7570,152.1940,152.2720,79856400,4.344422
2020-02-25,sh600036,151.3400,152.3880,150.1360,150.6410,87373400,4.350014
2020-02-26,sh600036,149.7870,152.0390,149.1660,151.4180,77970400,4.347344
2020-02-27,sh600036,151.2620,153.4370,150.9130,152.9320,68937800,4.342192
2020-02-28,sh600036,151.4950,152.7770,148.9710,148.9710,83534000,4.355877
2020-03-02,sh600036,149.1270,151.6120,148.5830,151.1070,70429000,4.348403
2020-03-03,sh600036,151.8060,152.4660,149.8260,150.6020,68607300,4.350144
2020-03-04,sh600036,150.8350,151.3010,149.9030,151.2240,56088600,4.348016
2020-03-05,sh600036,152.0390,157.2030,151.3010,156.8540,135541300,4.329396
2020-03-06,sh600036,155.3400,156.0390,153.6700,153.6700,67067300,4.339735
2020-03-09,sh600036,151.6120,151.6120,148.8940,148.8940,96659100,4.356173
2020-03-10,sh600036,148.9330,151.8450,148.5050,150.8350,66829800,4.349337
2020-03-11,sh600036,151.1460,152.0390,149.7870,149.9420,56655100,4.352453
2020-03-12,sh600036,149.6310,150.4860,148.2720,148.8160,61918000,4.356440
2020-03-13,sh600036,143.5350,146.4860,141.9820,145.9040,114095800,4.367076
2020-03-16,sh600036,145.8260,145.8260,139.0310,139.1470,106602700,4.393653
2020-03-17,sh600036,139.0700,142.7970,136.9730,139.3800,84344100,4.392688
2020-03-18,sh600036,139.9630,141.5160,135.6140,135.8470,82431700,4.407755
2020-03-19,sh600036,134.5260,134.5260,127.6530,129.9830,155945700,4.434766
2020-03-20,sh600036,131.8860,136.9730,131.8860,136.7010,134315300,4.404027
2020-03-23,sh600036,132.7010,134.6430,132.1970,133.2840,92897100,4.419231
2020-03-24,sh600036,137.1280,139.0700,135.8080,138.5260,82535900,4.396255
2020-03-25,sh600036,141.3220,143.0690,141.0890,142.3310,80952700,4.380763
2020-03-26,sh600036,140.8170,145.9430,140.6620,143.2240,69463600,4.377262
2020-03-27,sh600036,144.7780,145.5930,142.2930,143.2240,58177500,4.377262
2020-03-30,sh600036,141.1280,143.2240,139.6520,142.9530,47749400,4.378346
2020-03-31,sh600036,144.0010,144.2340,141.0500,141.5160,37754000,4.384015
2020-04-01,sh600036,140.8950,142.9530,140.4290,140.9330,35814300,4.386337
2020-04-02,sh600036,139.4580,141.7490,139.3030,141.7490,28960100,4.383086
2020-04-03,sh600036,140.4290,141.6710,140.3900,141.0110,25161800,4.386034
2020-04-07,sh600036,143.6900,143.8460,141.9820,142.4480,43184400,4.380320
2020-04-08,sh600036,142.3700,142.3700,140.8950,141.2830,31813400,4.384947
2020-04-09,sh600036,141.5550,141.7880,140.8560,141.5940,28664600,4.383715
2020-04-10,sh600036,142.0210,142.6030,140.0790,140.8170,43743200,4.386822
2020-04-13,sh600036,140.1180,141.2050,139.7300,140.1570,23055500,4.389508
2020-04-14,sh600036,141.1280,143.1860,140.7390,143.1860,42707900,4.377438
2020-04-15,sh600036,142.7200,142.8750,141.6710,142.0600,23783800,4.381863
2020-04-16,sh600036,141.2050,142.0210,140.2730,140.8170,29500000,4.386822
2020-04-17,sh600036,142.1760,145.0880,141.7490,143.7680,69795200,4.375167
2020-04-20,sh600036,143.8850,144.6220,142.5640,143.9230,33602400,4.374559
2020-04-21,sh600036,143.9230,144.4670,142.6810,142.9530,32871500,4.378346
2020-04-22,sh600036,142.1760,143.3410,141.7100,143.2630,27943500,4.377116
2020-04-23,sh600036,143.6130,144.1560,142.9530,143.1080,24614600,4.377730
2020-04-24,sh600036,143.2240,143.2240,142.0210,142.4090,22259800,4.380468
2020-04-27,sh600036,143.3410,148.1170,143.2240,146.5640,65341500,4.364622
2020-04-28,sh600036,146.6420,147.8060,145.4770,147.6510,36651100,4.360632
2020-04-29,sh600036,147.8060,152.4660,147.7680,152.1550,65876600,4.344803
2020-04-30,sh600036,152.6600,156.1550,152.2720,152.4270,71533200,4.343887
2020-05-06,sh600036,150.2530,151.2240,148.8940,150.6410,50173600,4.350014
2020-05-07,sh600036,150.5250,150.6020,148.3890,149.9420,29948500,4.352453
2020-05-08,sh600036,151.1850,152.7770,150.3300,151.9610,39215500,4.345468
2020-05-11,sh600036,152.0000,153.9420,151.6120,151.9230,29584800,4.345624
2020-05-12,sh600036,152.0390,152.2330,149.9030,150.4860,34963400,4.350564
2020-05-13,sh600036,149.7480,150.8350,148.5830,150.2920,27983500,4.351245
2020-05-14,sh600036,149.7090,149.8260,147.4180,147.9230,42063000,4.359652
2020-05-15,sh600036,148.9330,149.2040,147.0300,147.6120,36192800,4.360768
2020-05-18,sh600036,146.7190,149.3600,146.2920,147.4180,36370100,4.361479
2020-05-19,sh600036,149.7480,150.0590,148.4280,149.2430,26430400,4.354917
2020-05-20,sh600036,149.2430,152.1940,148.5830,150.8350,38051800,4.349337
2020-05-21,sh600036,151.7280,152.7770,150.7580,151.0290,36252700,4.348661
2020-05-22,sh600036,150.0970,150.8740,146.6800,146.7580,42396400,4.363901
2020-05-25,sh600036,147.8840,147.9620,143.9230,144.6610,43264900,4.371744
2020-05-26,sh600036,145.4770,146.2140,144.6610,145.9810,32246100,4.366766
2020-05-27,sh600036,146.5250,148.1170,145.2440,145.9810,32083300,4.366766
2020-05-28,sh600036,146.5640,150.9130,145.9810,149.0490,69362300,4.355611
2020-05-29,sh600036,147.6510,148.7000,147.0300,147.4960,37237500,4.361206
2020-06-01,sh600036,148.7770,151.9610,148.5830,151.3790,48823700,4.347473
2020-06-02,sh600036,150.3300,153.0870,150.2920,152.2330,49295700,4.344549
2020-06-03,sh600036,153.8250,155.9610,152.1550,152.9320,61018700,4.342192
2020-06-04,sh600036,154.0190,154.2140,152.3500,152.6600,25756100,4.343101
2020-06-05,sh600036,153.2430,153.9030,151.3400,153.0100,32717300,4.341941
2020-06-08,sh600036,154.2140,156.6990,154.0190,154.6790,50181000,4.336389
2020-06-09,sh600036,154.4470,154.7570,153.0870,154.1360,30093100,4.338193
2020-06-10,sh600036,154.5630,154.6020,152.7770,153.3980,27273100,4.340634
2020-06-11,sh600036,152.8930,153.3200,149.3990,150.0200,58892700,4.352190
2020-06-12,sh600036,148.1560,150.1360,147.0300,150.1360,54661600,4.351768
2020-06-15,sh600036,148.3500,148.8940,146.0980,146.5250,65434300,4.364760
2020-06-16,sh600036,148.1950,148.8940,147.4570,148.7380,38163100,4.356708
2020-06-17,sh600036,148.1950,149.3990,147.5350,148.9710,30627800,4.355877
2020-06-18,sh600036,147.7290,148.4280,144.3890,147.7680,92293900,4.360224
2020-06-19,sh600036,147.4180,149.5150,146.6420,147.6510,67949600,4.360632
2020-06-22,sh600036,146.8750,147.6120,145.5930,146.2530,59581500,4.365761
2020-06-23,sh600036,145.4770,146.4090,144.7390,145.6710,45252900,4.367946
2020-06-24,sh600036,146.3310,148.0390,146.2920,147.8060,47989100,4.360059
2020-06-29,sh600036,148.8550,149.3600,146.2140,146.7970,56729700,4.363763
2020-06-30,sh600036,147.6120,148.0390,146.7970,147.1080,39156800,4.362633
2020-07-01,sh600036,147.3790,151.3010,146.6800,151.2620,79909600,4.347859
2020-07-02,sh600036,150.7190,153.9030,149.3600,153.2430,124517800,4.341161
2020-07-03,sh600036,153.6310,158.9120,153.4370,158.8340,153570400,4.323190
2020-07-06,sh600036,160.5430,173.0850,160.5430,173.0850,187492900,4.283222
2020-07-07,sh600036,178.4830,184.3070,173.4350,175.6090,201633800,4.276887
2020-07-08,sh600036,174.9880,178.7550,171.3770,173.4350,182703900,4.282346
2020-07-09,sh600036,173.4740,173.9010,169.6680,171.1440,169323600,4.288249
2020-07-10,sh600036,171.1440,172.2700,164.6980,165.4740,152815900,4.442255
2020-07-13,sh600036,164.5420,168.3870,163.2220,165.6690,163406400,4.441528
2020-07-14,sh600036,164.7750,166.1350,161.5140,162.6010,131086600,4.453602
2020-07-15,sh600036,164.4650,164.5810,159.4560,160.0770,134114200,4.463943
2020-07-16,sh600036,160.8150,162.8730,159.0290,159.0670,142952300,4.468174
2020-07-17,sh600036,160.1160,161.3970,157.9410,160.9310,116991800,4.460394
2020-07-20,sh600036,161.0090,166.2510,160.0380,165.5520,159415700,4.441964
2020-07-21,sh600036,165.5520,166.2120,162.6400,163.8820,83162100,4.448480
2020-07-22,sh600036,163.6490,164.8920,161.6300,162.3290,99881200,4.454693
2020-07-23,sh600036,161.3200,162.2130,157.7080,159.0670,119707600,4.468174
2020-07-24,sh600036,158.6790,159.8440,153.3590,155.1840,130419400,4.485087
2020-07-27,sh600036,156.5050,156.6210,152.8930,153.8250,89346900,4.491241
2020-07-28,sh600036,155.4170,156.2720,153.6700,155.1070,78035100,4.485454
2020-07-29,sh600036,154.7960,158.0970,153.7480,157.0090,96913100,4.477017
2020-07-30,sh600036,156.9320,157.3980,154.7180,155.0290,79887900,4.485793
2020-07-31,sh600036,155.1840,158.0970,154.7570,155.9610,98989500,4.481638
2020-08-03,sh600036,157.5140,158.2520,155.8830,156.7380,102185800,4.478229
2020-08-04,sh600036,157.2810,165.0860,156.7380,163.2610,235440400,4.450954
2020-08-05,sh600036,162.1740,163.1830,159.8830,161.7850,106066000,4.456887
2020-08-06,sh600036,162.2900,165.7850,161.9410,164.5810,125242900,4.445732
2020-08-07,sh600036,164.0380,164.0380,161.3970,162.9890,89795400,4.452035
2020-08-10,sh600036,163.3390,166.0960,160.1930,164.5040,122448100,4.446054
2020-08-11,sh600036,165.0860,171.4930,165.0860,166.6010,173638300,4.437960
2020-08-12,sh600036,167.5320,169.3960,164.6200,167.5710,93003700,4.434268
2020-08-13,sh600036,167.8040,169.0470,165.7460,165.7850,64048700,4.441066
2020-08-14,sh600036,165.7850,168.6970,165.5130,168.3870,67065700,4.431237
2020-08-17,sh600036,168.6200,174.3280,168.6200,172.4640,148309000,4.416492
2020-08-18,sh600036,172.2700,172.8910,170.4450,171.6870,57366100,4.419228
2020-08-19,sh600036,171.6480,172.5800,169.7460,169.7460,56393700,4.426232
2020-08-20,sh600036,169.2020,169.2800,165.0080,166.5230,73440800,4.438246
2020-08-21,sh600036,168.3870,168.4260,166.2900,167.4940,56125400,4.434578
2020-08-24,sh600036,168.6970,169.5900,165.9400,166.4450,62098900,4.438533
2020-08-25,sh600036,167.6100,169.1630,166.1350,166.7560,54524600,4.437360
2020-08-26,sh600036,167.2220,167.9600,164.5420,165.3970,62700000,4.442573
2020-08-27,sh600036,165.3970,165.6300,162.2130,164.1150,57481500,4.447561
2020-08-28,sh600036,163.9210,170.1340,162.9500,170.1340,118294200,4.424811
2020-08-31,sh600036,170.3280,172.2700,166.6390,167.1830,119031400,4.435739
2020-09-01,sh600036,166.2900,167.2220,164.5420,166.1350,71275900,4.439738
2020-09-02,sh600036,166.4060,166.7560,163.7270,165.2800,79722100,4.443011
2020-09-03,sh600036,164.9700,166.1730,163.5720,164.4260,64048000,4.446349
2020-09-04,sh600036,163.0670,164.0770,161.9800,163.7270,48543700,4.449103
2020-09-07,sh600036,163.7270,166.7560,163.3000,163.6880,61613900,4.449253
2020-09-08,sh600036,165.2030,166.9110,164.5810,166.7950,68354500,4.437217
2020-09-09,sh600036,165.5520,168.1930,165.1250,166.8330,60543300,4.437048
2020-09-10,sh600036,167.9210,168.0370,165.9400,167.2220,55014600,4.435597
2020-09-11,sh600036,167.8820,167.9210,164.5810,165.4360,55310500,4.442427
2020-09-14,sh600036,166.0570,166.7560,164.7750,165.8630,46024000,4.440776
2020-09-15,sh600036,165.5130,168.7360,165.3970,167.9980,53080500,4.432665
2020-09-16,sh600036,168.2310,169.5520,167.5320,168.6200,47887500,4.430373
2020-09-17,sh600036,168.7750,170.2120,167.8040,167.8820,55771400,4.433113
2020-09-18,sh600036,167.8040,172.2310,167.6100,172.2310,108169200,4.417312
2020-09-21,sh600036,172.2700,172.7750,170.7170,170.7170,50152100,4.422720
2020-09-22,sh600036,170.3280,170.7170,167.3770,167.9210,58311700,4.432973
2020-09-23,sh600036,167.6880,168.5810,166.0570,166.4450,43076000,4.438533
2020-09-24,sh600036,165.8630,165.8630,164.1150,164.7370,54028000,4.445143
2020-09-25,sh600036,164.8920,166.0570,164.8140,165.2030,35225200,4.443330
2020-09-28,sh600036,165.2800,167.0280,164.6980,165.4740,35324500,4.442255
2020-09-29,sh600036,165.8630,166.2510,161.6690,161.8240,79668900,4.456734
2020-09-30,sh600036,161.7850,162.8340,159.8440,160.6210,65466100,4.461694
2020-10-09,sh600036,162.1740,163.7270,161.1250,161.3200,49472400,4.458817
2020-10-12,sh600036,162.1740,167.0280,161.7850,166.6780,99864600,4.437646
2020-10-13,sh600036,166.3680,168.4260,165.0080,167.5710,51141600,4.434268
2020-10-14,sh600036,167.6100,168.7750,166.0180,168.5810,64294000,4.430512
2020-10-15,sh600036,168.9300,173.1630,168.5810,172.3090,119665700,4.417047
2020-10-16,sh600036,171.9200,176.9290,171.8040,175.2990,110589600,4.406712
2020-10-19,sh600036,177.2790,182.1720,175.7260,176.1140,98154700,4.403951
2020-10-20,sh600036,176.1530,177.3570,174.9880,176.0360,42436800,4.404203
2020-10-21,sh600036,176.3860,179.5310,176.1140,179.2590,54185600,4.393603
2020-10-22,sh600036,180.0360,183.9190,177.4340,180.7740,64497500,4.388784
2020-10-23,sh600036,179.6860,184.3070,179.4920,180.8900,55183400,4.388404
2020-10-26,sh600036,182.5990,182.5990,176.4630,178.5600,50454000,4.395864
2020-10-27,sh600036,178.5600,181.0070,177.4340,177.9000,45883200,4.398022
2020-10-28,sh600036,178.5990,180.3470,174.6380,176.5410,69355700,4.402519
2020-10-29,sh600036,175.1820,179.4920,174.8710,176.8910,52307000,4.401368
2020-10-30,sh600036,178.0940,180.6180,174.5220,175.4150,43842300,4.406305
2020-11-02,sh600036,178.0560,178.8710,172.9690,177.1240,51692800,4.400596
2020-11-03,sh600036,178.8710,184.3070,178.8710,180.9680,87069000,4.388167
2020-11-04,sh600036,184.3850,188.1520,181.5110,187.5300,88450100,4.368274
2020-11-05,sh600036,188.1900,190.5590,185.3950,186.9870,68048700,4.369876
2020-11-06,sh600036,187.0250,187.2200,184.2680,185.7830,46364500,4.373423
2020-11-09,sh600036,187.7630,189.6270,186.2490,187.9190,49714200,4.367162
2020-11-10,sh600036,190.7920,193.1610,189.3550,190.5980,56207900,4.359515
2020-11-11,sh600036,191.6850,193.0440,189.7820,193.0440,52697000,4.352740
2020-11-12,sh600036,191.6850,193.3940,189.1610,190.0540,47159400,4.361037
2020-11-13,sh600036,188.5790,188.5790,183.1810,186.1710,54486300,4.372264
2020-11-16,sh600036,187.6080,188.1900,186.4430,187.8020,38943200,4.367488
2020-11-17,sh600036,187.8020,191.6850,187.0250,191.0640,47285600,4.358212
2020-11-18,sh600036,190.1320,195.5680,189.3940,194.5970,62820200,4.348536
2020-11-19,sh600036,193.7430,195.5680,191.6460,195.0630,47734200,4.347292
2020-11-20,sh600036,194.6360,196.7330,193.6650,195.7620,31468800,4.345438
2020-11-23,sh600036,195.7620,197.8200,194.8690,197.1210,58462100,4.341872
2020-11-24,sh600036,195.5680,196.7330,193.7430,195.0630,39946700,4.347292
2020-11-25,sh600036,197.5870,197.7820,192.3450,193.3550,37807200,4.351902
2020-11-26,sh600036,193.5100,197.0440,193.5100,195.9180,35153400,4.345043
2020-11-27,sh600036,197.1210,199.3350,194.4030,198.8690,44607800,4.337383
2020-11-30,sh600036,198.8690,206.3240,191.8020,192.4620,115360200,4.354344
2020-12-01,sh600036,193.2380,201.5870,193.2000,200.2280,78072800,4.333939
2020-12-02,sh600036,199.4510,203.4510,196.5780,202.5580,61994400,4.328162
2020-12-03,sh600036,202.3640,203.7230,197.5100,201.3540,50237600,4.331125
2020-12-04,sh600036,201.2760,201.7810,195.9950,198.5970,46115500,4.338073
2020-12-07,sh600036,198.2860,198.4800,192.0730,193.3160,70482500,4.352004
2020-12-08,sh600036,193.2000,194.6360,191.6850,192.6950,37716700,4.353705
2020-12-09,sh600036,193.1220,195.2960,192.5390,192.6170,37519500,4.353910
2020-12-10,sh600036,191.8400,194.1310,190.9090,192.7720,36887400,4.353478
2020-12-11,sh600036,192.6560,192.7340,186.5590,186.5590,77143500,4.371111
2020-12-14,sh600036,189.0450,194.2480,189.0450,193.1220,60742700,4.352535
2020-12-15,sh600036,193.4320,195.3350,189.5110,193.0440,43879200,4.352740
2020-12-16,sh600036,194.7530,194.9860,191.2190,191.9180,36790200,4.355833
2020-12-17,sh600036,191.2970,192.3450,189.1610,191.8790,50232900,4.355936
2020-12-18,sh600036,192.0350,193.2000,187.0250,188.1900,76060000,4.366357
2020-12-21,sh600036,187.9570,188.3850,185.1230,187.3750,62385100,4.368734
2020-12-22,sh600036,187.7630,187.8020,183.4140,183.5700,78468600,4.380100
2020-12-23,sh600036,182.7930,185.5110,182.7930,185.1620,71182000,4.375284
2020-12-24,sh600036,185.2780,188.1900,185.1620,186.1320,48211000,4.372375
2020-12-25,sh600036,186.0550,187.4140,183.8410,186.7150,47673200,4.370669
2020-12-28,sh600036,186.8310,189.0450,184.8120,187.9570,84140900,4.367031
2020-12-29,sh600036,188.8120,188.9280,186.4430,187.1420,72714800,4.369414
2020-12-30,sh600036,187.2970,187.9960,183.5310,187.9960,93349600,4.366922
2020-12-31,sh600036,187.9960,193.0440,187.2200,191.4910,89119900,4.357019
2021-01-04,sh600036,188.6950,190.8310,183.9970,188.4620,154952300,4.365578
2021-01-05,sh600036,186.8700,187.0250,181.7440,184.6180,138717700,4.376908
2021-01-06,sh600036,184.3070,192.4620,183.9190,192.2680,120064600,4.354881
2021-01-07,sh600036,192.8110,199.3350,192.6950,199.0630,107832200,4.336885
2021-01-08,sh600036,200.5770,203.4120,198.7130,201.7810,129959500,4.330064
2021-01-11,sh600036,201.7030,211.7610,201.3540,208.8480,144523400,4.313259
2021-01-12,sh600036,209.3530,215.1780,205.5090,213.8190,104448600,4.302193
2021-01-13,sh600036,212.3040,214.9060,210.6340,212.6540,64911000,4.304737
2021-01-14,sh600036,212.6540,215.2940,209.3920,211.2950,70377100,4.307747
2021-01-15,sh600036,216.9250,230.0890,216.8470,219.4100,177574500,4.290379
2021-01-18,sh600036,220.8080,226.9430,219.6430,222.4390,123764200,4.284264
2021-01-19,sh600036,223.9150,227.5260,220.7690,222.1670,90188000,4.284802
2021-01-20,sh600036,223.1380,227.0990,218.8280,221.6620,79228100,4.285808
2021-01-21,sh600036,226.5160,228.5740,223.3320,225.2350,73671500,4.278780
2021-01-22,sh600036,226.0500,226.0500,218.8670,221.3520,87000100,4.286445
2021-01-25,sh600036,219.2550,224.5360,215.3720,223.1770,86536200,4.282806
2021-01-26,sh600036,222.7500,227.0210,218.8670,220.4200,60117500,4.288327
2021-01-27,sh600036,221.2350,226.2440,221.2350,222.7500,60923200,4.283654
2021-01-28,sh600036,218.8670,221.7790,218.0900,221.2350,52387000,4.286669
2021-01-29,sh600036,223.4490,224.5360,218.1290,219.2550,62148900,4.290705
2021-02-01,sh600036,218.8670,225.7780,216.8470,224.3030,79662600,4.280592
2021-02-02,sh600036,224.1090,225.8560,221.1960,222.6330,72030600,4.283875
2021-02-03,sh600036,223.0210,230.5160,220.7690,226.8270,76587600,4.275721
2021-02-04,sh600036,226.1280,235.1750,225.1180,228.5740,96911000,4.272411
2021-02-05,sh600036,230.7490,238.0490,229.3510,233.3890,115157800,4.263592
2021-02-08,sh600036,235.1370,236.7290,229.3120,235.4080,81637800,4.260007
2021-02-09,sh600036,235.8740,235.8740,231.4870,235.4080,61900500,4.260007
2021-02-10,sh600036,239.4470,239.8350,230.3220,232.6510,75350800,4.264913
2021-02-18,sh600036,236.9230,244.4950,235.1370,237.0780,107091300,4.257102
2021-02-19,sh600036,236.9230,241.0390,233.9330,235.1750,71018200,4.260417
2021-02-22,sh600036,235.4470,237.2720,228.0310,231.2920,80151100,4.267380
2021-02-23,sh600036,231.6420,241.1170,231.2920,236.5350,95299100,4.258056
2021-02-24,sh600036,237.6990,237.6990,226.0500,228.9630,84432200,4.271698
2021-02-25,sh600036,232.4570,236.3400,230.1660,232.2630,88618700,4.265620
2021-02-26,sh600036,228.9630,232.2630,218.3230,219.2550,132728900,4.290705
2021-03-01,sh600036,219.2940,220.0320,215.1000,216.4980,89418400,4.296448
2021-03-02,sh600036,218.3230,218.4780,211.1390,213.2360,100778600,4.303451
2021-03-03,sh600036,214.9840,226.5550,213.4300,225.7400,131593300,4.277809
2021-03-04,sh600036,223.4870,230.0500,222.7500,224.3030,83303900,4.280592
2021-03-05,sh600036,222.3610,224.2640,215.4110,220.4200,73519600,4.288327
2021-03-08,sh600036,221.1580,222.6720,213.8190,214.7120,69813800,4.300260
2021-03-09,sh600036,215.0610,218.7890,207.9160,209.1590,98322200,4.312557
2021-03-10,sh600036,211.1390,214.9840,209.3530,212.0710,67591000,4.306010
2021-03-11,sh600036,214.9840,223.7200,214.9840,222.6330,90421000,4.283875
2021-03-12,sh600036,224.1090,228.1470,223.2540,227.8750,85580800,4.273725
2021-03-15,sh600036,226.5550,233.5830,225.2350,227.0600,93931900,4.275278
2021-03-16,sh600036,230.1270,235.3700,228.5740,231.7580,69716300,4.266532
2021-03-17,sh600036,230.3220,231.7580,227.7980,228.1860,53231500,4.273146
2021-03-18,sh600036,227.7980,231.6810,226.2440,231.4480,48279300,4.267109
2021-03-19,sh600036,230.5930,232.3020,220.9630,221.8180,77628400,4.285510
2021-03-22,sh600036,223.5260,233.3120,223.1380,229.6620,79169500,4.270398
2021-03-23,sh600036,230.0890,232.2630,225.9340,228.4970,59592300,4.272569
2021-03-24,sh600036,230.3600,230.5160,221.2740,223.5260,57501300,4.282107
2021-03-25,sh600036,225.3120,226.2060,217.1580,218.9050,78453800,4.291413
2021-03-26,sh600036,220.6140,222.0510,217.8180,221.1960,70947500,4.286744
2021-03-29,sh600036,221.5850,221.9730,217.1190,218.6340,77980400,4.291991
2021-03-30,sh600036,219.2550,221.0410,216.6530,221.0410,56940200,4.287064
2021-03-31,sh600036,220.8080,220.8080,215.5270,219.2550,52165000,4.290705
2021-04-01,sh600036,219.2160,219.9540,217.7020,219.0610,33719500,4.291107
2021-04-02,sh600036,219.5660,219.8370,217.5080,218.6720,41153400,4.291894
2021-04-06,sh600036,219.2550,222.0900,218.0900,218.8280,44400200,4.291587
2021-04-07,sh600036,219.4490,219.4490,215.0610,216.6530,50061000,4.296113
2021-04-08,sh600036,215.7600,217.4300,215.1780,216.9250,29501100,4.295545
2021-04-09,sh600036,217.7790,217.7790,214.4400,215.9540,31506800,4.297592
2021-04-12,sh600036,216.1100,217.5080,213.7800,216.7700,41474200,4.295878
2021-04-13,sh600036,216.9250,219.6430,214.7510,216.2260,49039900,4.297019
2021-04-14,sh600036,217.2360,217.3130,212.1880,213.8190,55438400,4.302193
2021-04-15,sh600036,213.8960,214.9060,208.3050,212.8090,57296500,4.304389
2021-04-16,sh600036,213.8960,214.4010,211.4500,213.9740,31558300,4.301850
2021-04-19,sh600036,214.5950,221.8950,213.0420,221.8570,67932100,4.285436
2021-04-20,sh600036,218.9050,223.4870,218.9050,222.7110,35574400,4.283728
2021-04-21,sh600036,222.9830,227.3710,222.8660,226.2060,52446400,4.276914
2021-04-22,sh600036,226.2060,227.7980,223.4100,225.1180,42927100,4.278996
2021-04-23,sh600036,225.4680,228.5740,223.9530,227.7980,47104900,4.273884
2021-04-26,sh600036,230.5160,232.4570,221.5850,223.0210,91625700,4.283100
2021-04-27,sh600036,222.5550,224.4190,221.1190,223.0210,36329900,4.283100
2021-04-28,sh600036,223.5260,224.2250,220.7300,221.8180,38985500,4.285510
2021-04-29,sh600036,222.7500,227.9920,219.9930,227.7200,55274500,4.274024
2021-04-30,sh600036,225.8560,227.3320,222.0120,225.4680,45068800,4.278330
2021-05-06,sh600036,225.4680,231.9910,224.6140,229.2340,63835300,4.271176
2021-05-07,sh600036,230.0500,235.1750,227.8360,231.2150,72368400,4.267534
2021-05-10,sh600036,231.2920,231.4870,226.6720,230.1270,49224000,4.269518
2021-05-11,sh600036,228.3800,231.0980,227.7200,229.8940,32853300,4.269948
2021-05-12,sh600036,229.9330,233.0400,226.9050,229.3120,31749700,4.271037
2021-05-13,sh600036,228.5350,232.2630,226.0110,227.4090,39120600,4.274605
2021-05-14,sh600036,228.5350,234.3990,225.8560,234.3210,57881400,4.261932
2021-05-17,sh600036,234.3990,240.1850,233.0400,236.9230,52668400,4.257376
2021-05-18,sh600036,238.2040,239.7960,237.1170,238.0880,29335100,4.255371
2021-05-19,sh600036,238.2820,238.5930,232.4960,233.6220,35729300,4.263175
2021-05-20,sh600036,234.7870,236.4180,231.7580,236.2240,34210500,4.258590
2021-05-21,sh600036,237.7770,237.8940,229.7390,230.9430,51486500,4.268028
2021-05-24,sh600036,231.2920,233.2340,229.6230,230.8260,44539900,4.268232
2021-05-25,sh600036,231.2540,244.5720,230.2440,244.3010,96850200,4.245022
2021-05-26,sh600036,244.6890,248.2230,244.5340,247.9900,61306200,4.239145
2021-05-27,sh600036,246.0480,249.0770,241.4270,245.8540,51903700,4.242519
2021-05-28,sh600036,246.0480,249.3490,244.5340,247.9900,41014100,4.239145
2021-05-31,sh600036,246.8630,247.4460,242.1650,246.7860,36165700,4.241038
2021-06-01,sh600036,244.8830,245.1160,241.7770,243.5630,47426800,4.246217
2021-06-02,sh600036,243.1360,244.8440,241.6990,244.4170,40582000,4.244825
2021-06-03,sh600036,244.1070,247.3290,239.0200,239.3690,49067300,4.253181
2021-06-04,sh600036,238.4760,249.6200,238.3600,244.2230,60832900,4.245142
2021-06-07,sh600036,242.9800,243.1360,240.2230,242.1650,32489700,4.248509
2021-06-08,sh600036,241.9710,245.8150,238.3210,241.0000,47616600,4.250441
2021-06-09,sh600036,241.0000,243.5630,239.3690,240.1070,39141000,4.251939
2021-06-10,sh600036,240.1850,243.9510,239.2920,239.6410,48113500,4.252724
2021-06-11,sh600036,239.8740,241.1940,234.7090,239.5630,68208900,4.252849
2021-06-15,sh600036,237.6220,237.6220,230.9820,233.6220,52924100,4.263175
2021-06-16,sh600036,233.6220,239.6800,232.4570,236.7290,51877200,4.257716
2021-06-17,sh600036,236.4180,238.2820,233.8550,234.8650,31901900,4.260976
2021-06-18,sh600036,233.4280,237.1170,230.7880,233.1950,42711700,4.263942
2021-06-21,sh600036,231.6810,233.5830,227.0990,229.3120,57971600,4.271037
2021-06-22,sh600036,229.9720,236.6510,229.9720,236.1850,64359200,4.258655
2021-06-23,sh600036,235.8740,236.2240,232.3800,233.7000,40872000,4.263043
2021-06-24,sh600036,233.7000,234.7870,231.0210,234.3990,36360400,4.261800
2021-06-25,sh600036,234.3990,240.4180,233.5450,239.8350,46956000,4.252394
2021-06-28,sh600036,239.0590,239.4080,230.6320,233.2340,69882500,4.263876
2021-06-29,sh600036,231.2920,233.8160,229.3510,229.7390,53244900,4.270242
2021-06-30,sh600036,230.1270,232.2240,229.9720,231.2540,35730400,4.267466
2021-07-01,sh600036,231.3310,238.2820,229.7390,238.2820,65298700,4.255036
2021-07-02,sh600036,234.3990,235.1750,225.4680,226.8270,92981900,4.275721
2021-07-05,sh600036,226.4000,226.9820,220.8080,226.4000,56860900,4.276539
2021-07-06,sh600036,226.6330,228.7300,224.3420,228.7300,45250700,4.272133
2021-07-07,sh600036,227.7980,230.1660,226.6720,228.3020,36597800,4.272918
2021-07-08,sh600036,229.5840,229.5840,214.9840,216.3430,155418900,4.296783
2021-07-09,sh600036,216.3430,218.5170,213.0810,214.5950,82701900,4.300501
2021-07-12,sh600036,217.3130,219.4100,214.2070,216.5370,83956400,4.296369
2021-07-13,sh600036,217.9070,222.9550,214.8400,219.7330,59445000,4.397298
2021-07-14,sh600036,219.0720,219.3830,211.7720,215.7720,88551400,4.408008
2021-07-15,sh600036,215.9660,225.5180,215.8490,223.9260,87727300,4.386405
2021-07-16,sh600036,222.8000,226.0620,221.4800,223.7320,46210400,4.386902
2021-07-19,sh600036,223.7320,224.5090,217.5580,223.0720,46963100,4.388589
2021-07-20,sh600036,221.5960,225.6350,218.3350,219.5000,44688900,4.397916
2021-07-21,sh600036,219.9270,222.0620,216.9370,218.6840,50631900,4.400080
2021-07-22,sh600036,218.6450,224.1200,217.4410,220.8200,59235600,4.394428
2021-07-23,sh600036,221.1300,222.3730,217.9070,220.0430,42035300,4.396464
2021-07-26,sh600036,218.3730,218.4900,210.3350,210.9180,74993000,4.421761
2021-07-27,sh600036,210.7240,211.8110,203.5400,204.9770,74949500,4.439614
2021-07-28,sh600036,205.5200,213.4030,205.5200,210.0250,84731000,4.424373
2021-07-29,sh600036,212.8590,213.2480,210.1410,211.8890,64274500,4.418957
2021-07-30,sh600036,211.1120,211.3060,204.7440,206.2580,59195900,4.435656
2021-08-02,sh600036,207.4230,212.9370,201.2490,210.9570,83614700,4.421652
2021-08-03,sh600036,210.5300,212.4710,208.0060,210.4910,51875800,4.423009
2021-08-04,sh600036,210.4520,211.8890,207.4230,208.2000,51150000,4.429787
2021-08-05,sh600036,206.9570,209.3650,204.6660,207.2290,44230300,4.432706
2021-08-06,sh600036,206.1420,211.3060,204.7050,210.4910,50755800,4.423009
2021-08-09,sh600036,210.4520,219.8490,210.4520,216.1990,73043000,4.406828
2021-08-10,sh600036,216.2770,221.9070,214.2570,220.6640,66357500,4.394822
2021-08-11,sh600036,220.6640,226.7220,219.8490,223.3440,56855500,4.387898
2021-08-12,sh600036,222.5670,225.6740,221.4410,222.4890,39718200,4.390075
2021-08-13,sh600036,222.6060,225.0910,221.0530,224.4310,46740500,4.385131
2021-08-16,sh600036,224.5090,224.6640,217.9070,223.2270,74414000,4.388186
2021-08-17,sh600036,223.2270,225.2850,217.9850,218.3730,60323200,4.400907
2021-08-18,sh600036,219.8100,233.7120,219.5380,232.0420,123124200,4.366616
2021-08-19,sh600036,230.7220,231.8870,225.1300,225.9840,67630100,4.381233
2021-08-20,sh600036,226.6060,229.8280,219.4610,223.8490,69376500,4.386616
2021-08-23,sh600036,225.5960,230.9930,224.5480,227.1880,53901700,4.378262
2021-08-24,sh600036,227.6930,230.9160,223.7710,228.3920,52827700,4.375326
2021-08-25,sh600036,229.8670,230.3720,224.5480,225.4020,40738100,4.382695
2021-08-26,sh600036,227.3430,227.3430,217.8300,218.2960,76303500,4.401129
2021-08-27,sh600036,218.6840,223.0330,217.9070,221.2080,38614200,4.393406
2021-08-30,sh600036,221.2080,221.2080,210.5680,213.8300,107968200,4.413416
2021-08-31,sh600036,213.8300,217.7130,211.5000,215.8110,71044000,4.407904
2021-09-01,sh600036,215.5000,223.5380,214.4130,222.9170,82605500,4.388994
2021-09-02,sh600036,222.5280,227.1490,221.0140,226.0620,72620100,4.381047
2021-09-03,sh600036,226.4500,228.8970,221.4410,227.6150,64257300,4.377212
2021-09-06,sh600036,225.7120,230.5270,224.4310,224.5090,54742800,4.384941
2021-09-07,sh600036,224.8580,231.8090,221.5960,230.7600,77232000,4.369627
2021-09-08,sh600036,230.4110,233.6340,228.6250,229.2070,55390700,4.373345
2021-09-09,sh600036,228.0030,230.2560,226.3730,228.0030,35780000,4.376257
2021-09-10,sh600036,227.6150,237.4000,226.6440,235.8470,107097800,4.357853
2021-09-13,sh600036,234.1000,237.3230,233.4400,235.0710,59283000,4.359625
2021-09-14,sh600036,236.5460,238.8370,226.8390,228.0030,63116600,4.376257
2021-09-15,sh600036,227.6150,229.5180,222.9550,225.2850,54233800,4.382977
2021-09-16,sh600036,224.6250,226.9550,220.6640,222.5670,62989600,4.389882
2021-09-17,sh600036,222.8780,225.8290,221.7910,224.7030,42016500,4.384449
2021-09-22,sh600036,214.7230,219.7710,212.4710,217.5580,112259600,4.403117
2021-09-23,sh600036,217.9070,221.9070,214.4520,215.3450,86102500,4.409193
2021-09-24,sh600036,213.8300,217.2470,213.6360,215.0730,53203900,4.409945
2021-09-27,sh600036,213.2090,219.0720,212.8980,216.3150,66790500,4.406498
2021-09-28,sh600036,216.3540,223.6540,216.3150,221.4800,70992500,4.392701
2021-09-29,sh600036,219.6550,228.2750,218.3350,225.9070,90461000,4.381439
2021-09-30,sh600036,225.2850,225.4020,220.2370,221.5960,58611800,4.392389
2021-10-08,sh600036,219.9270,224.0430,219.9270,223.4600,64555300,4.387591
2021-10-11,sh600036,225.4410,236.0800,225.4410,231.4980,97177900,4.367887
2021-10-12,sh600036,230.3330,234.5660,228.7800,231.8480,58937300,4.367075
2021-10-13,sh600036,231.3040,233.0510,227.8090,231.6150,44255700,4.367622
2021-10-14,sh600036,231.4590,232.4690,228.3920,229.0130,28899600,4.373816
2021-10-15,sh600036,229.3630,233.2070,228.9740,232.7020,42035800,4.365072
2021-10-18,sh600036,232.7020,232.8570,225.8680,227.0720,57794500,4.378558
2021-10-19,sh600036,228.5860,232.7410,227.6150,231.0320,48169300,4.368986
2021-10-20,sh600036,232.3140,233.9830,228.7020,229.1680,30571000,4.373435
2021-10-21,sh600036,230.9160,235.3810,229.9450,234.4110,57658700,4.361135
2021-10-22,sh600036,235.7310,238.4880,234.3330,236.5070,54715100,4.356364
2021-10-25,sh600036,234.7210,238.9930,231.8870,237.6720,62334100,4.353764
2021-10-26,sh600036,237.6720,244.0410,236.5460,240.4290,71542400,4.347722
2021-10-27,sh600036,240.0410,240.0410,234.7210,237.4000,42039400,4.354365
2021-10-28,sh600036,236.5460,239.2640,234.7990,236.2360,34623200,4.356990
2021-10-29,sh600036,236.2360,238.2940,234.2160,235.2650,40543900,4.359181
2021-11-01,sh600036,235.3810,238.8760,232.6630,235.8470,42501800,4.357853
2021-11-02,sh600036,236.7400,237.2840,226.3340,228.5860,75220600,4.374852
2021-11-03,sh600036,228.9740,229.5180,226.3340,226.4500,44437200,4.380077
2021-11-04,sh600036,227.6150,228.0030,224.8190,226.6440,48291500,4.379594
2021-11-05,sh600036,226.5280,228.0420,225.3630,225.9070,36197400,4.381439
2021-11-08,sh600036,224.9750,227.2270,222.9550,224.8970,38674900,4.383957
2021-11-09,sh600036,225.2850,226.4500,222.1790,223.9650,38788400,4.386310
2021-11-10,sh600036,223.9650,224.3150,220.0040,222.2950,55807100,4.390579
2021-11-11,sh600036,221.9850,230.9930,221.6350,230.7990,84973200,4.369538
2021-11-12,sh600036,230.7990,232.1970,228.5860,229.1680,34359700,4.373435
2021-11-15,sh600036,230.6830,233.8670,229.0520,231.2260,36695000,4.368524
2021-11-16,sh600036,231.1100,232.9740,228.2360,229.5570,32231500,4.372514
2021-11-17,sh600036,228.4690,230.8380,226.8770,226.9940,33938600,4.378742
2021-11-18,sh600036,226.8390,227.6150,223.7320,225.3240,34244300,4.382883
2021-11-19,sh600036,225.5960,230.4890,224.1590,228.8970,46466800,4.374107
2021-11-22,sh600036,228.0030,228.9350,226.0230,226.4110,37653800,4.380170
2021-11-23,sh600036,226.6440,228.7800,225.4410,226.6440,38914900,4.379594
2021-11-24,sh600036,226.0230,227.2270,224.3920,226.6060,31504000,4.379706
2021-11-25,sh600036,226.4500,226.4500,224.6640,225.3630,21566000,4.382789
2021-11-26,sh600036,224.5090,225.4790,219.3830,220.2370,82335700,4.395948
2021-11-29,sh600036,218.9950,220.2370,215.2670,219.1500,82724700,4.398836
2021-11-30,sh600036,217.8300,219.2670,215.6160,217.8690,61004300,4.402283
2021-12-01,sh600036,217.8300,220.6260,217.0530,219.8100,50036100,4.397079
2021-12-02,sh600036,219.8880,223.7320,217.8690,223.3050,55607000,4.387994
2021-12-03,sh600036,224.0040,224.8190,221.6740,224.7030,49407600,4.384449
2021-12-06,sh600036,225.6350,229.1680,225.0130,226.9160,60471600,4.378927
2021-12-07,sh600036,228.7410,229.8670,224.1200,226.9940,54077400,4.378742
2021-12-08,sh600036,227.5370,228.7020,225.2850,227.7700,49097500,4.376826
2021-12-09,sh600036,228.5860,234.7600,226.8390,232.0030,84055700,4.366704
2021-12-10,sh600036,231.1100,233.4010,230.2560,233.4010,56426300,4.363451
2021-12-13,sh600036,233.6730,236.1580,229.2070,229.2460,64554600,4.373254
2021-12-14,sh600036,228.8580,229.5570,223.1500,224.3150,81062900,4.385435
2021-12-15,sh600036,223.7320,225.0520,222.8780,223.7320,37849300,4.386902
2021-12-16,sh600036,223.3830,224.8970,222.2180,224.5090,38365300,4.384941
2021-12-17,sh600036,224.0820,225.2850,222.4120,222.8390,47644900,4.389187
2021-12-20,sh600036,222.5670,224.8970,221.3630,222.5280,47082600,4.389978
2021-12-21,sh600036,222.3730,223.6930,221.0140,222.2950,35694400,4.390579
2021-12-22,sh600036,222.2950,222.7610,219.3830,219.8880,43682800,4.396881
2021-12-23,sh600036,220.2760,220.8590,218.6060,220.7030,42370900,4.394723
2021-12-24,sh600036,220.7030,220.7030,219.2280,219.3050,34465100,4.398416
2021-12-27,sh600036,219.3440,220.0820,215.9660,217.2470,73594300,4.403953
2021-12-28,sh600036,217.2470,219.0720,216.7430,218.4120,65322100,4.400806
2021-12-29,sh600036,218.5680,218.7620,210.5680,210.6070,143890300,4.422659
2021-12-30,sh600036,211.6560,215.1120,210.7630,214.0240,96791700,4.412866
2021-12-31,sh600036,214.1800,215.5000,213.3640,214.8400,49293500,4.410593
2022-01-04,sh600036,214.8400,214.8400,210.1800,213.4420,71960600,4.414519
2022-01-05,sh600036,213.9860,218.6060,213.6360,216.1600,83717400,4.406932
2022-01-06,sh600036,215.2670,217.4800,212.4710,212.6650,68186700,4.416719
2022-01-07,sh600036,212.6260,216.5100,212.2380,216.1600,66073700,4.406932
2022-01-10,sh600036,217.7910,219.8490,215.6160,216.8590,57093600,4.405017
2022-01-11,sh600036,217.8690,220.2370,215.5390,219.2670,71561700,4.398536
2022-01-12,sh600036,219.3440,220.2370,216.7040,218.9170,51841100,4.399457
2022-01-13,sh600036,219.2670,220.0430,216.4320,217.2860,40140800,4.403851
2022-01-14,sh600036,217.7910,217.7910,212.0830,212.1610,66657100,4.418180
2022-01-17,sh600036,213.5200,215.3830,211.6560,214.3350,53180800,4.412001
2022-01-18,sh600036,214.6070,217.2860,213.1700,216.0050,57907700,4.407366
2022-01-19,sh600036,217.7910,219.7710,216.3930,218.6840,62028000,4.400080
2022-01-20,sh600036,219.3830,227.1880,219.3830,225.1690,138624900,4.383278
2022-01-21,sh600036,225.2460,227.6150,224.5480,226.9160,85808100,4.378927
2022-01-24,sh600036,227.4210,227.6150,223.8490,227.0330,63815500,4.378650
2022-01-25,sh600036,225.8680,226.8000,222.5670,223.3440,58351300,4.387898
2022-01-26,sh600036,224.7030,225.6350,222.1790,223.7320,43669600,4.386902
2022-01-27,sh600036,223.3440,224.4310,220.3150,222.8390,52940100,4.389187
2022-01-28,sh600036,223.9260,224.5090,216.5480,216.7810,71514400,4.405223
2022-02-07,sh600036,221.0140,225.6740,220.3540,225.0910,73234900,4.383466
2022-02-08,sh600036,225.8680,227.6150,223.6930,226.4890,52824200,4.379985
2022-02-09,sh600036,227.2270,228.9350,224.8190,226.1400,51220700,4.380860
2022-02-10,sh600036,227.2270,227.2270,223.7320,226.4890,33554200,4.379985
2022-02-11,sh600036,226.9160,231.4980,226.2560,230.5660,80993300,4.370091
2022-02-14,sh600036,231.4590,231.4590,223.7320,224.5090,59405200,4.384941
2022-02-15,sh600036,223.5380,225.2080,219.6550,220.7030,56617900,4.394723
2022-02-16,sh600036,222.0240,225.1300,220.7420,224.0040,40495600,4.386215
2022-02-17,sh600036,224.7800,227.5370,223.4210,225.5180,44157000,4.382394
2022-02-18,sh600036,224.7030,228.0420,224.7030,227.8480,35439000,4.376642
2022-02-21,sh600036,226.9550,227.1880,223.7710,226.6830,31345100,4.379502
2022-02-22,sh600036,224.0430,225.0910,222.7220,224.5860,36984000,4.384733
2022-02-23,sh600036,225.5180,225.5180,222.3730,223.0720,37500000,4.388589
2022-02-24,sh600036,221.9850,222.1010,219.2670,219.9270,48238100,4.396781
2022-02-25,sh600036,220.0040,221.7910,218.1020,219.1110,45184100,4.398936
2022-02-28,sh600036,218.2570,219.6160,217.1700,219.0720,33529000,4.399036
2022-03-01,sh600036,219.8490,221.7910,217.3640,220.7810,40645400,4.394526
2022-03-02,sh600036,219.0720,220.7420,217.6740,217.7910,39707600,4.402486
2022-03-03,sh600036,218.2180,219.7330,217.7130,218.8010,31129000,4.399779
2022-03-04,sh600036,216.9370,217.4800,214.0240,214.8010,57789700,4.410698
2022-03-07,sh600036,212.1220,213.0920,206.2580,207.2680,101435400,4.432592
2022-03-08,sh600036,206.4910,207.3070,201.2100,202.2980,83466500,4.448065
2022-03-09,sh600036,202.7640,203.2680,192.7060,198.0650,90043100,4.461928
2022-03-10,sh600036,202.7640,203.1520,198.9970,199.2690,67149600,4.457919
2022-03-11,sh600036,198.4920,199.6180,193.0560,198.2980,74052500,4.461147
2022-03-14,sh600036,194.6090,196.4730,189.1730,189.3670,108046600,4.492693
2022-03-15,sh600036,187.2700,187.2700,177.8340,178.8830,131309200,4.534423
2022-03-17,sh600036,197.1330,201.0940,195.2690,198.5310,131964800,4.460368
2022-03-18,sh600036,198.8800,204.9770,196.6280,204.9770,92358500,4.439614
2022-03-21,sh600036,203.8900,203.8900,198.8800,199.6960,79103200,4.456505
2022-03-22,sh600036,200.5890,203.7730,199.7350,202.4920,54903800,4.447441
2022-03-23,sh600036,203.1130,204.2000,201.5990,203.3850,46996000,4.444602
2022-03-24,sh600036,202.7640,204.6660,201.8320,203.4240,38033200,4.444483
2022-03-25,sh600036,203.1910,204.1230,200.4340,201.1330,31825900,4.451815
2022-03-28,sh600036,199.8120,202.3750,197.5210,200.6280,38645900,4.453452
2022-03-29,sh600036,201.0160,202.5690,200.0840,200.4720,34962100,4.453944
2022-03-30,sh600036,201.8320,205.4820,201.7930,205.2100,52072300,4.438892
2022-03-31,sh600036,204.2780,208.6660,203.6180,207.4230,61588500,4.432115
2022-04-01,sh600036,206.2190,210.0250,205.4040,208.5880,47613900,4.428620
2022-04-06,sh600036,205.8700,211.0340,205.7920,209.7140,47826900,4.425280
2022-04-07,sh600036,209.5590,210.4910,206.5690,207.6560,37720100,4.431413
2022-04-08,sh600036,207.0350,208.8990,206.6470,208.8990,36423500,4.427702
2022-04-11,sh600036,207.0740,207.6950,202.7250,203.9280,49261200,4.442876
2022-04-12,sh600036,205.0930,206.1030,200.8610,203.1520,58884000,4.445339
2022-04-13,sh600036,203.1520,204.7050,201.6370,203.3460,44822300,4.444721
2022-04-14,sh600036,204.3560,205.9860,203.3460,203.3850,32661300,4.444602
2022-04-15,sh600036,203.1520,208.2000,202.3360,207.5400,42315900,4.431775
2022-04-18,sh600036,204.1610,204.1610,191.8130,194.1820,236677500,4.475271
2022-04-19,sh600036,188.7840,191.6970,186.4550,189.1730,250477000,4.493420
2022-04-20,sh600036,188.0080,188.7070,184.5130,185.2900,131826900,4.508273
2022-04-21,sh600036,183.7360,189.1730,183.3480,185.9890,114350100,4.505547
2022-04-22,sh600036,183.5810,192.5510,183.5420,190.7260,119534000,4.487671
2022-04-25,sh600036,182.4940,184.7070,176.0480,176.4750,236874500,4.544811
2022-04-26,sh600036,176.5920,177.7570,171.6990,174.8440,145471900,4.552044
2022-04-27,sh600036,172.5920,175.6990,171.7380,173.4080,154620800,4.558570
2022-04-28,sh600036,173.4850,181.3290,173.0580,179.5430,156452300,4.531625
2022-04-29,sh600036,177.5240,181.8340,176.0480,180.7470,123692900,4.526597
2022-05-05,sh600036,179.6980,181.7170,177.2130,178.1450,94425100,4.537570
2022-05-06,sh600036,175.9700,176.1640,172.8640,172.9030,88945500,4.560881
2022-05-09,sh600036,172.4760,172.5530,166.0690,167.3110,125240600,4.587634
2022-05-10,sh600036,165.4080,169.9900,162.6130,169.2910,121763700,4.577907
2022-05-11,sh600036,168.7090,171.5440,167.8160,170.1850,87239900,4.573636
2022-05-12,sh600036,168.5930,169.6020,167.1560,167.8550,63002300,4.584949
2022-05-13,sh600036,169.2910,171.6990,168.9810,169.9520,70130100,4.574751
2022-05-16,sh600036,169.8740,169.8740,167.1950,168.9420,64474200,4.579615
2022-05-17,sh600036,170.7670,175.6990,170.7670,175.5820,118395400,4.548756
2022-05-18,sh600036,177.1350,177.4460,172.8640,175.1940,88775500,4.550494
2022-05-19,sh600036,172.8250,174.2230,171.3880,173.3690,54201100,4.558743
2022-05-20,sh600036,176.1640,181.7170,176.1640,180.8630,133887200,4.526101
2022-05-23,sh600036,180.9020,181.2120,178.8830,179.0380,61808800,4.533755
2022-05-24,sh600036,179.4650,180.3580,176.5140,176.7470,68743000,4.543625
2022-05-25,sh600036,177.0580,177.5240,175.7370,176.2810,48902500,4.545668
2022-05-26,sh600036,177.1350,177.1350,173.5630,174.9220,61543000,4.551704
2022-05-27,sh600036,176.7470,178.7270,176.0870,177.6010,60839600,4.539903
2022-05-30,sh600036,179.0770,179.0770,176.3200,177.4070,47153700,4.540747
2022-05-31,sh600036,177.3290,180.0480,176.3590,179.8150,64540400,4.530486
2022-06-01,sh600036,179.8530,179.8530,178.1840,179.8150,43383400,4.530486
2022-06-02,sh600036,178.3000,178.8050,176.1260,176.8250,54728100,4.543294
2022-06-06,sh600036,176.5530,177.2520,173.6410,177.0190,69870300,4.542443
2022-06-07,sh600036,176.9800,179.0770,175.8540,178.4940,62272600,4.536061
2022-06-08,sh600036,178.5330,179.4650,177.2130,179.1930,59693100,4.533089
2022-06-09,sh600036,179.0770,183.3480,178.7270,182.1440,90860700,4.520824
2022-06-10,sh600036,180.6690,181.6400,179.0770,181.4840,79539400,4.523529
2022-06-13,sh600036,179.3100,179.3100,174.5720,175.4660,97131200,4.549287
2022-06-14,sh600036,174.0290,178.3000,173.6790,178.0670,59836200,4.537895
2022-06-15,sh600036,177.8730,185.2900,177.8730,182.8820,139489500,4.517836
2022-06-16,sh600036,184.4350,184.8240,180.8630,180.8630,63688300,4.526101
2022-06-17,sh600036,180.3970,181.6780,178.1840,180.4360,55073100,4.527880
2022-06-20,sh600036,180.5910,181.4070,178.6880,179.8530,61420600,4.530302
2022-06-21,sh600036,180.0090,183.5420,178.8830,182.3000,58391400,4.520208
2022-06-22,sh600036,182.5720,182.8430,178.3000,178.3390,73071200,4.536734
2022-06-23,sh600036,178.3780,181.8340,178.3780,181.5620,61603000,4.523219
2022-06-24,sh600036,182.0670,183.3090,179.6980,181.7950,63995000,4.522264
2022-06-27,sh600036,182.3000,186.2990,181.6010,185.8720,89340800,4.505988
2022-06-28,sh600036,185.2900,186.5320,184.5130,185.9890,49916400,4.505547
2022-06-29,sh600036,185.9500,187.6580,184.8630,184.9400,62280400,4.509632
2022-06-30,sh600036,185.0570,191.5030,184.7460,189.5610,83262800,4.491967
2022-07-01,sh600036,190.2600,190.2600,185.7170,186.3770,69574800,4.504036
2022-07-04,sh600036,185.9890,186.3380,184.1250,185.0960,48691800,4.509038
2022-07-05,sh600036,186.6880,187.5030,183.9690,184.8240,53453800,4.510102
2022-07-06,sh600036,184.7460,185.2510,179.4650,180.2420,88526600,4.528693
2022-07-07,sh600036,180.2420,181.6780,179.2710,180.0480,50812900,4.529509
2022-07-08,sh600036,181.7950,181.8730,179.5820,180.2810,48036100,4.528536
2022-07-11,sh600036,179.3870,179.8150,177.9120,178.8440,40375500,4.534584
2022-07-12,sh600036,178.5330,180.2420,177.2520,178.3000,58063000,4.536896
2022-07-13,sh600036,177.4070,178.1060,172.0480,172.8640,141083100,4.561055
2022-07-14,sh600036,170.0290,170.1070,163.5450,167.3500,232523400,4.587445
2022-07-15,sh600036,167.9010,171.2410,166.9690,167.0080,138245200,4.789447
2022-07-18,sh600036,168.0950,170.7750,167.5520,169.9590,90308000,4.770109
2022-07-19,sh600036,169.4550,170.8140,168.2900,170.2700,53781400,4.768132
2022-07-20,sh600036,171.1630,171.8620,170.2700,170.8140,46968900,4.764686
2022-07-21,sh600036,169.6100,170.7360,168.9500,169.2990,46624100,4.774365
2022-07-22,sh600036,169.6490,171.5900,168.4840,169.8040,51033300,4.771115
2022-07-25,sh600036,168.9890,171.3180,168.3670,170.8140,40464900,4.764686
2022-07-26,sh600036,170.8140,172.7550,170.5810,172.6780,45628500,4.753042
2022-07-27,sh600036,172.2890,172.7550,171.0470,171.5900,44247100,4.759778
2022-07-28,sh600036,171.7840,172.7550,170.4250,170.5420,57066800,4.766406
2022-07-29,sh600036,170.7360,172.0950,167.5520,167.7850,64970600,4.784289
2022-08-01,sh600036,167.4740,167.5520,165.3770,165.6490,70588300,4.798638
2022-08-02,sh600036,164.4070,164.4450,161.0280,163.2800,81160800,4.815099
2022-08-03,sh600036,163.2420,165.5330,159.5530,159.9800,100320600,4.839080
2022-08-04,sh600036,161.0280,162.4650,160.6400,162.3100,59307300,4.822044
2022-08-05,sh600036,162.8920,164.9500,162.1540,164.7950,48871900,4.804519
2022-08-08,sh600036,164.3680,165.5330,162.1540,163.2800,57211200,4.815099
2022-08-09,sh600036,163.4360,163.4360,161.3000,162.0770,49867100,4.823720
2022-08-10,sh600036,161.9210,162.4650,159.8630,160.3290,52960500,4.836471
2022-08-11,sh600036,161.5330,165.1830,160.4460,165.0280,82668800,4.802910
2022-08-12,sh600036,164.2510,165.3390,163.7460,165.0670,40200100,4.802648
2022-08-15,sh600036,164.0180,164.9110,161.8050,162.5820,45918100,4.820101
2022-08-16,sh600036,163.0860,165.0670,162.6590,163.2800,47915500,4.815099
2022-08-17,sh600036,163.6300,164.9110,161.8440,164.5620,45395500,4.806133
2022-08-18,sh600036,164.1350,164.2900,161.4550,162.5430,50734400,4.820374
2022-08-19,sh600036,161.6110,164.2120,161.5330,163.0470,42845000,4.816750
2022-08-22,sh600036,161.8440,164.0960,161.6880,162.1540,52563500,4.823141
2022-08-23,sh600036,162.0380,162.0770,159.8250,160.1350,53965700,4.837915
2022-08-24,sh600036,160.2910,161.4550,158.9700,159.1260,58965900,4.845493
2022-08-25,sh600036,159.3590,162.7370,158.1550,162.4260,65073900,4.821193
2022-08-26,sh600036,162.4650,163.7850,161.0280,162.4650,54968300,4.820920
2022-08-29,sh600036,160.9510,162.9310,160.1740,160.8340,38901400,4.832752
2022-08-30,sh600036,160.1740,163.1250,160.0580,162.8150,59087700,4.818437
2022-08-31,sh600036,161.8440,168.4450,161.5720,167.7070,166545100,4.784793
2022-09-01,sh600036,166.9690,167.6680,165.5330,165.5710,60742100,4.799159
2022-09-02,sh600036,165.9600,167.1250,164.0960,164.8730,47663500,4.803992
2022-09-05,sh600036,164.6010,165.1440,161.9210,164.5230,46737200,4.806398
2022-09-06,sh600036,164.8730,166.5420,161.6880,162.1540,87756100,4.823141
2022-09-07,sh600036,161.1060,161.6110,159.9800,161.2220,62522000,4.829898
2022-09-08,sh600036,161.1840,161.8050,160.7180,160.9120,41667200,4.832192
2022-09-09,sh600036,161.4940,166.5810,161.2220,165.5710,135166600,4.799159
2022-09-13,sh600036,165.3770,170.0370,164.7560,168.8720,143861100,4.777143
2022-09-14,sh600036,167.1250,168.6780,166.3870,166.9690,56078600,4.789702
2022-09-15,sh600036,168.0950,171.6290,168.0950,171.4350,134095000,4.760761
2022-09-16,sh600036,170.1920,171.3960,167.2020,167.3190,86516100,4.787382
2022-09-19,sh600036,167.0860,168.7560,166.5420,167.8620,44998100,4.783756
2022-09-20,sh600036,167.9010,168.2510,164.9890,165.7270,50434600,4.798118
2022-09-21,sh600036,165.3770,167.0470,163.0860,165.2220,53038900,4.801569
2022-09-22,sh600036,163.6300,164.6010,163.2800,164.2900,38514600,4.808019
2022-09-23,sh600036,163.6300,166.1930,163.6300,165.0280,36643700,4.802910
2022-09-26,sh600036,163.7080,165.6490,163.0090,163.4360,52549100,4.814021
2022-09-27,sh600036,163.2030,163.8240,161.4550,163.2420,47541400,4.815398
2022-09-28,sh600036,162.8150,163.6300,161.3780,162.3490,48729900,4.821770
2022-09-29,sh600036,163.5910,164.8730,159.7470,160.3290,61785900,4.836471
2022-09-30,sh600036,160.7560,163.4360,160.2130,162.2710,53971700,4.822318
2022-10-10,sh600036,159.7080,160.0960,152.9520,155.0870,127799100,4.876950
2022-10-11,sh600036,155.0480,156.1360,153.1850,153.5340,61866400,4.889618
2022-10-12,sh600036,152.9520,153.1460,148.2920,151.7870,117370000,4.904265
2022-10-13,sh600036,149.9230,150.2720,146.9330,147.6710,135038100,4.940482
2022-10-14,sh600036,149.2630,152.8350,148.4860,152.2910,126919700,4.899968
2022-10-17,sh600036,150.8160,152.6800,150.1950,152.0580,64631000,4.901934
2022-10-18,sh600036,153.1460,153.4560,150.8160,151.2040,56281400,4.909221
2022-10-19,sh600036,150.8930,152.2530,148.9130,149.1070,52827500,4.927528
2022-10-20,sh600036,148.0980,149.8450,147.6320,148.3700,55115400,4.934154
2022-10-21,sh600036,148.6800,149.1460,146.1560,146.4670,72871100,4.951555
2022-10-24,sh600036,145.7290,146.1170,140.3320,140.4090,145145800,5.011028
2022-10-25,sh600036,140.4090,142.1570,139.5940,141.0690,86028200,5.004221
2022-10-26,sh600036,140.2540,141.5740,139.4000,140.0600,75402200,5.014680
2022-10-27,sh600036,141.1080,142.0400,139.9430,140.0990,76286600,5.014281
2022-10-28,sh600036,138.7780,140.3320,136.4100,137.1470,94946400,5.045879
2022-10-31,sh600036,136.0600,136.9530,133.7300,135.7500,95303300,5.061521
2022-11-02,sh600036,140.9530,143.0500,139.7490,141.9620,72836100,4.995144
2022-11-03,sh600036,141.6910,141.8070,139.8660,140.5260,50172200,5.009840
2022-11-04,sh600036,140.5260,145.1850,140.2930,144.5250,92683000,4.969911
2022-11-07,sh600036,143.4380,145.8840,142.7390,144.8360,54538000,4.966941
2022-11-08,sh600036,144.9910,145.6900,143.9820,144.7970,43978200,4.967307
2022-11-09,sh600036,144.7970,146.3500,144.2150,144.9140,46306000,4.966210
2022-11-10,sh600036,144.2150,145.3800,143.3220,144.9520,40004600,4.965810
2022-11-15,sh600036,160.3290,162.9700,158.7760,160.8340,91330500,4.832752
2022-11-16,sh600036,160.7560,161.6110,159.2030,161.2220,61459400,4.829898
2022-11-17,sh600036,160.9120,160.9120,155.8640,157.0680,103715200,4.861281
2022-11-18,sh600036,156.9900,158.5040,155.2040,156.1360,56273200,4.868600
2022-11-21,sh600036,154.3110,155.7470,152.1750,155.3590,47910400,4.874773
2022-11-22,sh600036,156.1360,159.2810,155.0870,157.6110,65416700,4.857042
2022-11-23,sh600036,157.1450,159.5530,156.4460,156.7180,57764400,4.863998
2022-11-24,sh600036,158.1940,159.2420,156.1740,156.7180,40630100,4.863998
2022-11-25,sh600036,156.6790,160.6010,156.5630,159.8250,83012200,4.840248
2022-11-28,sh600036,156.2520,156.2910,153.7280,155.7080,80937700,4.871965
2022-11-30,sh600036,164.9110,169.2220,164.4070,167.3580,87332500,4.787128
2022-12-01,sh600036,171.0080,173.3380,166.9310,167.5130,83139700,4.786086
2022-12-02,sh600036,167.5130,167.5130,164.2510,165.1440,59846200,4.802094
2022-12-05,sh600036,167.3970,171.7840,165.9990,171.7840,105060400,4.758560
2022-12-06,sh600036,171.0470,171.3180,169.1440,170.8140,65110400,4.764686
2022-12-07,sh600036,170.6190,171.2020,168.6780,168.7560,56460600,4.777916
2022-12-08,sh600036,168.4840,170.5030,168.1340,169.2600,44355200,4.774612
2022-12-09,sh600036,170.6190,175.0070,169.9590,174.3080,95816300,4.743075
2022-12-12,sh600036,172.9880,173.7260,170.1540,170.5810,60626200,4.766164
2022-12-13,sh600036,170.3480,172.4060,169.8820,171.9400,38290400,4.757609
2022-12-14,sh600036,171.9400,175.4340,171.4740,174.9300,64436200,4.739366
2022-12-15,sh600036,173.8040,175.1240,172.2500,172.6780,40340300,4.753042
2022-12-16,sh600036,172.5610,176.0560,172.5610,175.6290,60782000,4.735212
2022-12-19,sh600036,175.6670,176.5990,172.3670,173.3380,54784300,4.748986
2022-12-20,sh600036,172.3280,173.5320,168.6780,170.3090,70291100,4.767889
2022-12-21,sh600036,171.3570,172.2890,170.2700,171.2020,33049800,4.762225
2022-12-22,sh600036,173.4540,174.6970,172.3670,173.3380,35971500,4.748986
2022-12-23,sh600036,172.5220,174.5030,171.9790,172.8330,33058400,4.752076
2022-12-26,sh600036,172.7550,174.5030,170.9690,171.2020,36047400,4.762225
2022-12-27,sh600036,173.1430,175.2010,172.6780,173.9980,36790700,4.744969
2022-12-28,sh600036,173.9980,177.2980,173.6480,176.5610,52886000,4.729735
2022-12-29,sh600036,174.8910,176.5220,173.9200,176.1720,51362900,4.731990
2022-12-30,sh600036,176.5990,177.7250,176.0170,176.2890,52322800,4.731320
2023-01-03,sh600036,175.5900,178.3080,173.4540,177.5310,60626600,4.724082
2023-01-04,sh600036,178.3080,182.3850,177.3370,181.6860,83645400,4.700802
2023-01-05,sh600036,183.0060,184.0940,180.7150,181.1040,61908500,4.704000
2023-01-06,sh600036,181.7250,182.7730,178.7350,180.6380,59000700,4.706566
2023-01-09,sh600036,180.7540,183.4340,180.7540,182.2690,49914900,4.697655
2023-01-10,sh600036,182.1910,182.2690,179.7840,180.1330,54197200,4.709359
2023-01-11,sh600036,180.6380,183.7440,179.7060,182.7350,54170700,4.695144
2023-01-12,sh600036,183.4720,183.6280,181.9970,183.2390,30434900,4.692420
2023-01-13,sh600036,183.3170,185.6080,182.9290,185.6080,46376700,4.679980
2023-01-16,sh600036,186.9280,191.3550,186.1520,188.7530,88046900,4.664023
2023-01-17,sh600036,188.6760,190.5780,188.0160,189.5690,43204700,4.660005
2023-01-18,sh600036,189.4520,190.6170,187.8210,188.4040,29467500,4.665775
2023-01-19,sh600036,187.7050,190.0350,186.6180,189.4520,47249000,4.660566
2023-01-20,sh600036,190.7340,191.2000,189.5690,191.0060,41340300,4.653009
2023-01-30,sh600036,196.8300,197.1410,194.1120,194.8110,100700700,4.635046
2023-01-31,sh600036,196.0540,196.0540,191.6270,191.6270,64231200,4.650012
2023-02-01,sh600036,193.2970,193.4910,186.7340,189.0250,91679100,4.662679
2023-02-02,sh600036,189.6470,189.8410,185.1810,187.0450,72723300,4.672621
2023-02-03,sh600036,186.1130,186.1130,183.0840,184.2100,63816400,4.687277
2023-02-06,sh600036,181.9580,182.0360,178.6960,180.5210,73100100,4.707197
2023-02-07,sh600036,181.1040,182.8120,179.7840,180.7540,42657100,4.705910
2023-02-08,sh600036,181.1040,182.7350,180.5600,181.0650,31706500,4.704209
2023-02-09,sh600036,180.7930,182.6180,180.4050,181.0650,49817500,4.704209
2023-02-10,sh600036,180.3270,180.6770,178.7740,179.7840,41102600,4.711321
2023-02-13,sh600036,178.7740,179.0850,175.5510,178.0750,82518100,4.720970
2023-02-14,sh600036,178.3080,179.3950,177.2600,179.1620,48607700,4.714789
2023-02-15,sh600036,179.1620,179.5120,175.2790,175.9390,77104800,4.733360
2023-02-16,sh600036,176.0560,178.5800,175.3570,176.3280,65415200,4.731097
2023-02-17,sh600036,175.8620,176.7550,174.0370,174.1530,57581300,4.744021
2023-02-20,sh600036,174.5800,181.1430,174.5800,181.0650,108022800,4.704209
2023-02-21,sh600036,180.8320,182.3460,179.6670,181.8420,53046500,4.699974
2023-02-22,sh600036,180.9480,181.4920,179.7060,179.7840,38309100,4.711321
2023-02-23,sh600036,179.7840,182.1520,179.7840,180.2110,37063800,4.708937
2023-02-24,sh600036,179.8220,180.1330,176.8320,177.0650,53369000,4.726775
2023-02-27,sh600036,176.3280,177.5310,175.6290,175.9000,44933400,4.733584
2023-02-28,sh600036,175.9390,177.1430,174.6970,176.4830,37822600,4.730180
2023-03-01,sh600036,176.2500,180.4820,176.0560,180.1330,57119400,4.709359
2023-03-02,sh600036,179.3180,181.1040,178.2690,180.1330,34907000,4.709359
2023-03-03,sh600036,181.1040,182.1520,178.7740,180.1330,35711400,4.709359
2023-03-06,sh600036,179.2400,180.0550,174.9300,175.2790,81051900,4.737270
2023-03-07,sh600036,174.8520,177.1430,172.9880,173.5710,73741100,4.747566
2023-03-08,sh600036,172.3670,172.6390,170.6190,171.3960,61658400,4.761000
2023-03-09,sh600036,171.3960,171.7070,169.4550,169.7650,53999600,4.771360
2023-03-10,sh600036,167.7070,170.0760,167.3190,167.6300,55845400,4.785327
2023-03-13,sh600036,167.2020,168.9890,166.3870,167.7070,58420500,4.784793
2023-03-14,sh600036,166.2700,167.2410,164.9500,165.8820,62666800,4.797050
2023-03-15,sh600036,168.0950,170.2700,167.0470,167.0470,67638400,4.789192
2023-03-16,sh600036,165.5710,168.0950,164.4450,166.1540,40389500,4.795209
2023-03-17,sh600036,167.5910,168.9500,163.7080,165.0280,83271600,4.802910
2023-03-20,sh600036,165.3390,167.1640,163.7080,164.0960,52072500,4.809379
2023-03-21,sh600036,164.4450,165.5710,163.6690,164.5230,36747500,4.806398
2023-03-22,sh600036,165.6490,166.4650,164.7170,165.7270,45986700,4.798118
2023-03-23,sh600036,165.1830,168.8330,164.8730,168.2900,54214600,4.780966
2023-03-24,sh600036,167.4350,167.4350,164.5230,165.3000,67871800,4.801046
2023-03-27,sh600036,165.9600,165.9600,163.8240,164.4450,44983600,4.806928
2023-03-28,sh600036,165.2220,166.4260,164.3290,165.1830,53323400,4.801831
2023-03-29,sh600036,165.9990,166.3480,164.0180,164.0960,41863000,4.809379
2023-03-30,sh600036,164.2120,165.1440,162.5040,164.9890,56229000,4.803173
2023-03-31,sh600036,165.0280,166.8140,164.1740,164.6780,57779400,4.805311
2023-04-03,sh600036,164.8340,165.3770,163.5520,165.0670,50467500,4.802648
2023-04-04,sh600036,165.1060,165.2610,163.8630,164.7170,48782100,4.805047
2023-04-06,sh600036,164.2900,164.2900,162.5820,162.8530,48679600,4.818136
2023-04-07,sh600036,163.0470,164.6400,162.6590,164.1740,39414100,4.808846
2023-04-10,sh600036,164.2120,164.7950,163.5130,164.5620,33015900,4.806133
2023-04-11,sh600036,164.5620,164.9500,162.1930,162.5820,73399200,4.820101
2023-04-12,sh600036,163.2030,163.4360,162.3100,162.6200,41612800,4.819798
2023-04-13,sh600036,162.2710,164.5620,160.7180,163.6690,63430500,4.812379
2023-04-14,sh600036,164.4070,166.6980,163.7080,165.1440,69392300,4.802094
2023-04-17,sh600036,164.8730,168.2900,164.0180,168.2900,89373000,4.780966
2023-04-18,sh600036,168.3280,172.7550,167.9790,170.1540,94271500,4.768890
2023-04-19,sh600036,170.7750,170.7750,168.6780,169.4550,51088600,4.773380
2023-04-20,sh600036,169.8430,170.3860,166.9690,167.4740,68091500,4.786339
2023-04-21,sh600036,167.4740,168.2120,165.3000,165.5710,53159100,4.799159
2023-04-24,sh600036,165.6490,166.3090,161.7270,162.0770,72987400,4.823720
2023-04-25,sh600036,162.1160,164.1740,161.7270,163.7460,51221300,4.811813
2023-04-26,sh600036,162.8530,163.4750,161.1060,162.9310,49650100,4.817593
2023-04-27,sh600036,159.6300,159.7080,156.4070,158.3100,155927900,4.851670
2023-04-28,sh600036,157.6500,162.6590,157.4560,162.0770,94021300,4.823720
2023-05-04,sh600036,160.8730,165.1830,159.0870,164.1350,72543300,4.809112
2023-05-05,sh600036,164.3290,167.7460,164.2120,166.3090,80089000,4.794148
2023-05-08,sh600036,166.9690,171.2020,166.1150,169.8430,106426600,4.770871
2023-05-09,sh600036,170.1540,171.7840,167.3580,167.4740,98553000,4.786339
2023-05-10,sh600036,167.1250,167.9790,164.7560,165.1830,63837400,4.801831
2023-05-11,sh600036,165.9600,168.7940,165.1830,165.3770,44580300,4.800493
2023-05-12,sh600036,165.4550,165.7660,163.6300,163.7850,45936600,4.811545
2023-05-15,sh600036,163.9790,166.9310,162.5040,166.3480,52809500,4.793890
2023-05-16,sh600036,167.3190,168.2900,165.8430,166.8140,38524800,4.790752
2023-05-17,sh600036,166.7750,168.0180,165.3000,165.5710,39637600,4.799159
2023-05-18,sh600036,166.4650,166.8920,164.4450,165.3770,32901200,4.800493
2023-05-19,sh600036,164.9890,165.3770,163.3970,163.4360,39299000,4.814021
2023-05-22,sh600036,163.5520,164.9500,163.5520,164.4070,29693400,4.807222
2023-05-23,sh600036,164.4450,165.1060,162.0770,162.0770,34692100,4.823720
2023-05-24,sh600036,162.0380,162.0380,159.4750,159.4750,46399900,4.842848
2023-05-25,sh600036,158.8150,158.8150,156.4850,157.4950,70605100,4.857958
2023-05-26,sh600036,157.5720,159.2030,156.7180,158.7370,29462400,4.848412
2023-05-29,sh600036,159.5530,159.5530,157.5720,158.5430,38730100,4.849893
2023-05-30,sh600036,158.5430,159.3590,157.2620,158.3490,34007200,4.851379
2023-05-31,sh600036,158.1940,158.9700,156.7960,157.0290,52541400,4.861579
2023-06-01,sh600036,157.0680,157.8050,155.9410,156.0970,47239900,4.868902
2023-06-02,sh600036,156.7180,160.1350,156.6400,160.0190,55885600,4.838796
2023-06-05,sh600036,160.0190,160.7950,159.1260,159.9020,31273000,4.839649
2023-06-06,sh600036,159.9020,162.8530,159.6690,160.0190,38663400,4.838796
2023-06-07,sh600036,160.7180,162.1160,160.3680,160.9120,33890600,4.832192
2023-06-08,sh600036,160.9890,164.4840,160.6010,163.9410,54961500,4.810475
2023-06-09,sh600036,163.8240,164.6010,162.6200,162.6200,41510900,4.819798
2023-06-12,sh600036,162.5820,163.3190,161.2220,162.5820,40677400,4.820101
2023-06-13,sh600036,161.9210,163.3970,161.6880,162.5820,23124600,4.820101
2023-06-14,sh600036,163.3580,163.7850,161.2610,161.2610,38263300,4.829620
2023-06-15,sh600036,161.6880,162.8150,160.9510,162.5430,36953700,4.820374
2023-06-16,sh600036,163.0860,163.7850,162.6590,163.3580,42680600,4.814559
2023-06-19,sh600036,163.2800,163.2800,161.9210,161.9990,27896100,4.824270
2023-06-20,sh600036,161.6880,161.9210,160.1350,160.4850,30764900,4.835342
2023-06-21,sh600036,159.9800,162.2320,159.7470,160.4070,42786600,4.835906
2023-06-26,sh600036,159.4750,160.1350,157.4950,158.2320,43210300,4.852254
2023-06-27,sh600036,158.3100,159.7860,157.5720,159.0480,34571500,4.846069
2023-06-28,sh600036,159.0090,160.4460,158.6600,159.9410,33381800,4.839365
2023-06-29,sh600036,159.9410,160.4460,158.4650,158.5040,25854800,4.850184
2023-06-30,sh600036,158.6980,159.7470,158.3490,158.8150,29361300,4.847833
2023-07-03,sh600036,159.3590,162.6980,158.9700,162.5430,45366800,4.820374
2023-07-04,sh600036,162.0770,162.0770,161.1450,161.7270,22408700,4.826231
2023-07-05,sh600036,161.6880,161.6880,159.1260,159.8630,41307200,4.839933
2023-07-06,sh600036,159.8630,160.2130,157.8440,158.1160,40784200,4.853161
2023-07-07,sh600036,157.8050,158.1160,156.9900,157.0680,47279400,4.861281
2023-07-10,sh600036,157.8830,158.5430,157.1450,157.6110,27207700,4.857042
2023-07-11,sh600036,158.6980,158.9700,157.6890,158.6210,32916700,4.849312
2023-07-12,sh600036,158.6600,161.4550,158.6600,160.5240,63204900,4.835060
2023-07-13,sh600036,162.5740,162.6130,160.4770,162.0300,56385000,5.087284
2023-07-14,sh600036,162.3800,163.3500,161.7580,162.3410,34752100,5.084278
2023-07-17,sh600036,161.7190,161.7580,160.3990,161.2540,26200300,5.094913
2023-07-18,sh600036,161.2540,161.7190,160.2440,160.5160,31638900,5.102225
2023-07-19,sh600036,159.8560,161.2150,159.7390,160.9820,24029600,5.097593
2023-07-20,sh600036,161.7190,163.0010,161.0590,161.4090,27239400,5.093373
2023-07-21,sh600036,161.8360,162.5350,161.0980,161.8360,31566900,5.089182
2023-07-24,sh600036,160.5160,161.5640,160.2830,160.4770,23912200,5.102607
2023-07-26,sh600036,167.5440,169.3300,166.7670,167.8550,50175100,5.033133
2023-07-27,sh600036,168.4370,169.6800,167.2720,169.0580,54848900,5.022519
2023-07-28,sh600036,168.3980,175.3880,168.0880,174.6500,125628800,4.975783
2023-07-31,sh600036,176.2810,178.3000,174.3010,176.4360,116275600,4.961642
2023-08-01,sh600036,176.3200,176.5140,173.3690,174.2230,66009600,4.979223
2023-08-02,sh600036,171.0000,173.5630,169.4860,170.4950,91535800,5.010138
2023-08-03,sh600036,170.4560,173.4080,169.8740,173.0190,50929400,4.989014
2023-08-04,sh600036,174.5720,176.2030,173.1750,173.7960,81264200,4.982683
2023-08-07,sh600036,173.2910,173.4080,171.4660,172.3200,34467200,4.994783
2023-08-08,sh600036,171.6600,172.9030,169.6410,170.9610,50228300,5.006179
2023-08-09,sh600036,170.4560,171.5820,170.1850,170.4560,38683300,5.010464
2023-08-10,sh600036,169.9900,171.3490,169.6020,170.9220,28772500,5.006503
2023-08-11,sh600036,171.0000,172.2040,167.0780,167.0780,60624000,5.040060
2023-08-14,sh600036,165.7190,165.8360,163.5830,164.3990,66707300,5.064664
2023-08-15,sh600036,164.3990,165.0980,163.1950,164.0100,58295900,5.068294
2023-08-16,sh600036,163.1950,163.5830,162.1470,162.4960,58015200,5.082765
2023-08-17,sh600036,161.7580,162.1080,160.6320,161.7970,64607600,5.089556
2023-08-18,sh600036,161.6420,165.0590,161.6420,162.1470,67459500,5.086167
2023-08-21,sh600036,161.8750,161.9910,159.2340,159.2340,80957500,5.115130
2023-08-22,sh600036,159.5450,160.5550,158.7300,159.9720,60107000,5.107663
2023-08-23,sh600036,159.5060,160.4380,158.1470,158.1470,56074400,5.126321
2023-08-24,sh600036,158.7300,159.3120,157.9530,158.9630,41225600,5.117933
2023-08-25,sh600036,158.7300,162.0300,158.3410,160.9040,64747100,5.098352
2023-08-28,sh600036,167.6610,170.1070,162.7290,163.6220,140509400,5.071978
2023-08-29,sh600036,163.6220,164.3210,161.7190,162.7680,72117000,5.080150
2023-08-30,sh600036,163.3500,163.3500,160.8650,161.2920,63980200,5.094504
2023-08-31,sh600036,161.8360,162.9230,160.6320,160.8650,50322000,5.098732
2023-09-01,sh600036,162.4180,165.0590,162.1470,163.6610,69752600,5.071615
2023-09-04,sh600036,164.8650,168.8640,164.4380,168.5540,110429900,5.026961
2023-09-05,sh600036,167.6610,168.2040,166.3790,166.9230,44732300,5.041468
2023-09-06,sh600036,166.8840,168.2820,165.6030,167.8940,54674000,5.032794
2023-09-07,sh600036,167.6990,167.6990,166.5340,167.0390,35870200,5.040404
2023-09-08,sh600036,166.4960,167.5050,166.3020,167.1560,29850100,5.039373
2023-09-11,sh600036,167.0000,167.6220,166.1460,166.1460,63287400,5.048496
2023-09-12,sh600036,166.1070,166.6900,165.7970,166.0300,27759100,5.049574
2023-09-13,sh600036,166.3020,166.8060,165.1750,165.5250,29891500,5.054198
2023-09-14,sh600036,166.3020,167.2330,165.9130,166.7670,43734400,5.042849
2023-09-15,sh600036,167.6610,168.1270,165.7190,166.3400,43960200,5.046723
2023-09-18,sh600036,165.9910,166.6900,165.3310,166.5730,36040200,5.044609
2023-09-19,sh600036,166.4960,166.4960,165.4080,166.3400,38465300,5.046723
2023-09-20,sh600036,165.9520,165.9520,165.0590,165.4470,30931800,5.054904
2023-09-21,sh600036,165.5250,165.7580,164.0490,164.0490,39031900,5.067933
2023-09-22,sh600036,164.9040,167.9320,163.8550,167.8160,71283300,5.033473
2023-09-25,sh600036,167.5830,167.5830,166.1070,166.4960,45651500,5.045333
2023-09-26,sh600036,166.2240,166.8060,165.5250,165.7190,32202400,5.052409
2023-09-27,sh600036,166.1070,166.8450,165.5250,165.7970,35246700,5.051706
2023-09-28,sh600036,166.5730,167.0390,165.5250,166.3790,38856500,5.046375
2023-10-09,sh600036,165.3310,165.3310,164.0880,164.8650,36134300,5.060313
2023-10-10,sh600036,166.9620,167.0000,164.9040,164.9040,34263700,5.059957
2023-10-11,sh600036,165.8740,165.9130,164.1660,164.3600,37609100,5.065023
2023-10-12,sh600036,166.4570,167.7770,165.6410,166.7670,61746000,5.042849
2023-10-13,sh600036,165.6410,166.0300,164.5930,164.9810,41037200,5.059215
2023-10-16,sh600036,164.8650,165.1750,163.5450,163.8160,28677400,5.070133
2023-10-17,sh600036,164.1270,164.9420,163.4670,164.6320,28622900,5.062485
2023-10-18,sh600036,164.5150,165.0980,164.2050,164.5150,24931700,5.063558
2023-10-19,sh600036,164.1660,164.1660,160.7490,160.9430,60429300,5.097973
2023-10-20,sh600036,160.6320,161.8750,160.2830,161.2540,37258900,5.094913
2023-10-23,sh600036,161.0210,161.2540,158.7300,159.6230,39380200,5.111207
2023-10-24,sh600036,160.2050,160.3220,158.8850,159.8940,36552700,5.108435
2023-10-25,sh600036,161.0590,161.6420,159.5060,160.3600,37569300,5.103756
2023-10-26,sh600036,160.1270,161.6420,159.7390,160.6710,28703000,5.100667
2023-10-27,sh600036,160.4770,161.2540,159.3120,160.7880,39145300,5.099524
2023-10-30,sh600036,158.7680,159.2340,156.9820,158.3410,83850100,5.124304
2023-10-31,sh600036,157.7200,158.6910,157.2150,157.7980,52801600,5.129974
2023-11-01,sh600036,157.9530,158.2640,156.5160,156.5940,52989700,5.142660
2023-11-02,sh600036,157.1760,157.9920,156.8270,157.4870,36466800,5.133214
2023-11-03,sh600036,157.4870,158.8850,157.1760,158.6910,43956900,5.120716
2023-11-06,sh600036,159.3120,160.0890,158.5740,159.2730,51982400,5.114740
2023-11-07,sh600036,159.2730,159.2730,157.3700,157.9530,51624100,5.128344
2023-11-08,sh600036,157.7200,157.8750,156.7880,157.1760,44518300,5.136471
2023-11-09,sh600036,156.9820,157.8750,156.8660,157.4090,32765000,5.134018
2023-11-10,sh600036,156.7880,157.0210,155.2350,155.4680,51696500,5.154775
2023-11-13,sh600036,155.5070,155.8950,153.3320,154.1480,63424300,5.169282
2023-11-14,sh600036,154.3420,155.6230,154.3030,155.6230,44834300,5.153079
2023-11-15,sh600036,156.5940,157.8360,156.3610,157.3320,60194000,5.134856
2023-11-16,sh600036,157.4480,157.8360,156.2830,156.9430,31572000,5.138933
2023-11-17,sh600036,156.6330,156.8660,155.2350,156.1280,43245300,5.147643
2023-11-20,sh600036,156.1670,157.1370,155.3900,157.0990,36922700,5.137312
2023-11-21,sh600036,157.7590,158.2250,156.2830,156.5160,48854500,5.143477
2023-11-22,sh600036,156.0110,156.4390,155.4290,155.4680,27370500,5.154775
2023-11-23,sh600036,154.9240,155.6620,154.6520,155.3900,29979400,5.155607
2023-11-24,sh600036,155.0790,155.2350,154.5750,154.8460,29116300,5.161533
2023-11-27,sh600036,154.8460,154.9630,152.0890,152.5170,58102000,5.187653
2023-11-28,sh600036,152.5550,152.8660,151.1190,151.5850,47516500,5.198388
2023-11-29,sh600036,151.7400,151.8950,149.7210,150.1870,62063800,5.214826
2023-11-30,sh600036,150.1870,150.8860,149.4100,150.1480,55156000,5.215283
2023-12-01,sh600036,149.8760,149.9540,147.3520,148.0900,88273600,5.240269
2023-12-04,sh600036,148.1290,148.8670,147.1580,147.3910,55787800,5.248967
2023-12-05,sh600036,147.3130,147.3520,145.1390,145.1780,61890200,5.277281
2023-12-06,sh600036,145.3720,146.9250,144.9450,146.1480,61125900,5.264697
2023-12-07,sh600036,146.1870,146.8470,144.3230,146.3430,59496700,5.262244
2023-12-08,sh600036,145.9150,146.8860,145.1390,145.1390,53349800,5.277782
2023-12-11,sh600036,144.1680,146.4980,142.8090,146.1480,75808600,5.264697
2023-12-12,sh600036,145.9150,147.3520,145.5660,147.2740,50420100,5.250410
2023-12-13,sh600036,146.7700,146.7700,143.9740,144.0520,67123900,5.292138
2023-12-14,sh600036,144.9060,145.6820,143.3140,143.3140,44526800,5.302035
2023-12-15,sh600036,145.0220,147.2740,143.9740,144.0900,98068700,5.291590
2023-12-18,sh600036,143.1970,144.6730,142.8090,144.2850,47716400,5.289040
2023-12-19,sh600036,143.9740,144.5560,143.2750,144.3230,37657400,5.288494
2023-12-20,sh600036,144.4010,144.7890,143.4300,143.4300,53112800,5.300443
2023-12-21,sh600036,143.1200,146.1100,142.8870,145.9540,75910500,5.267196
2023-12-22,sh600036,146.2260,146.4980,144.7890,145.5660,62364400,5.272220
2023-12-25,sh600036,145.5270,145.9930,144.8280,145.2550,41903400,5.276244
2023-12-26,sh600036,145.1000,145.1000,143.8190,144.2460,36525700,5.289549
2023-12-27,sh600036,144.4790,144.6340,143.3910,144.3620,41063700,5.287985
2023-12-28,sh600036,144.1680,147.5850,144.1680,147.0410,106106300,5.253340
2023-12-29,sh600036,146.6920,147.2740,146.1870,146.3810,65577300,5.261718
2024-01-02,sh600036,146.8860,146.9250,145.3720,145.4490,54219500,5.273713
2024-01-03,sh600036,145.4490,146.4590,145.2160,146.1870,43395600,5.264206
2024-01-04,sh600036,146.1480,146.4200,144.5950,146.3430,63710200,5.262244
2024-01-05,sh600036,146.1100,150.1090,145.6050,148.2060,119063300,5.238812
2024-01-08,sh600036,147.7400,149.3710,146.8860,147.5850,81682100,5.246534
2024-01-09,sh600036,147.5460,148.1680,146.6920,147.7400,55866300,5.244586
2024-01-10,sh600036,147.1580,148.4390,147.1580,147.2740,45364000,5.250410
2024-01-11,sh600036,147.0800,149.2940,146.4980,148.5560,73531800,5.234531
2024-01-12,sh600036,148.0900,150.1090,148.0900,149.1770,57783200,5.226945
2024-01-15,sh600036,149.0220,150.7300,148.5170,150.0700,48245200,5.216197
2024-01-16,sh600036,149.5270,151.4680,149.4100,151.4680,85344000,5.199725
2024-01-17,sh600036,151.4290,153.2160,151.0800,151.7010,130860100,5.197020
2024-01-18,sh600036,150.7300,153.6040,149.4100,153.2160,129512600,5.179716
2024-01-19,sh600036,152.4000,154.4580,151.5070,153.7980,96861600,5.173158
2024-01-22,sh600036,153.9150,156.7880,153.6820,155.8170,154970300,5.150975
2024-01-23,sh600036,154.8850,156.2060,154.0700,154.8080,88605600,5.161987
2024-01-24,sh600036,155.4290,155.9730,152.4390,155.1960,97489200,5.157727
2024-01-25,sh600036,156.0500,158.7300,155.5450,158.3410,123450900,5.124304
2024-01-26,sh600036,158.4190,160.0890,157.4090,159.1950,100991600,5.115521
2024-01-29,sh600036,159.5060,161.0590,159.3900,160.0890,83882400,5.106507
2024-01-30,sh600036,159.5060,160.6710,157.8750,158.7300,74399900,5.120323
2024-01-31,sh600036,158.4190,159.4670,157.1370,157.6030,80894900,5.131977
2024-02-01,sh600036,157.4480,158.1080,155.6230,156.4770,85970000,5.143886
2024-02-02,sh600036,156.5940,157.4090,153.4490,155.7400,98729200,5.151836
2024-02-05,sh600036,155.7400,158.5350,155.0790,157.6030,106397900,5.131977
2024-02-06,sh600036,157.6030,160.0890,157.1760,160.0110,106215800,5.107277
2024-02-07,sh600036,160.3600,160.5930,157.9920,159.9330,111051100,5.108049
2024-02-08,sh600036,159.9330,160.4770,158.8070,160.2830,87300400,5.104554
2024-02-19,sh600036,162.5740,162.5740,160.3220,161.1370,87549000,5.096047
2024-02-20,sh600036,161.1370,161.1370,159.8560,160.2830,60640500,5.104554
2024-02-22,sh600036,165.7580,166.3020,164.1270,165.7190,75276000,5.052409
2024-02-23,sh600036,165.7580,168.0490,165.0200,166.3020,63984900,5.047102
2024-02-26,sh600036,165.9520,166.7290,162.9230,163.5830,66639000,5.072341
2024-02-27,sh600036,163.5450,164.1660,162.5740,163.3120,54349200,5.074953
2024-02-28,sh600036,163.7390,163.7390,161.0590,162.6900,68370800,5.080887
2024-02-29,sh600036,162.1850,163.3890,162.0300,162.7680,49892800,5.080150
2024-03-01,sh600036,162.3020,162.9230,161.6420,162.3800,42717400,5.083907
2024-03-04,sh600036,161.6810,162.1080,160.5550,160.7490,59135000,5.099905
2024-03-05,sh600036,160.3600,163.4280,159.9330,163.3120,89402900,5.074953
2024-03-06,sh600036,163.1560,163.6220,162.1080,162.1080,51610200,5.086539
2024-03-07,sh600036,162.1080,163.1170,161.7580,162.6130,51949200,5.081656
2024-03-08,sh600036,162.1850,162.6510,160.8650,161.3310,44107100,5.094127
2024-03-11,sh600036,160.8650,161.6420,159.5060,160.5930,73853800,5.101429
2024-03-12,sh600036,160.3600,163.1950,159.8170,162.4180,76925400,5.083505
2024-03-13,sh600036,162.4570,162.5740,160.3990,160.7490,46938700,5.099905
2024-03-14,sh600036,160.5160,161.5250,159.3510,159.7000,50817500,5.110400
2024-03-15,sh600036,159.6610,160.3600,158.7300,159.4280,52078100,5.113149
2024-03-18,sh600036,159.3120,160.0500,158.7300,159.2340,46189800,5.115130
2024-03-19,sh600036,159.1180,159.1570,157.6810,157.9530,54702500,5.128344
2024-03-20,sh600036,157.9530,159.5060,157.4090,159.4280,49827200,5.113149
2024-03-21,sh600036,159.3900,161.6810,158.9240,160.8650,64676100,5.098732
2024-03-22,sh600036,160.7880,160.8650,158.3410,159.5060,55287900,5.112372
2024-03-25,sh600036,159.1570,160.7100,158.4190,160.0890,48375900,5.106507
2024-03-26,sh600036,161.8360,165.1750,161.5640,164.1660,124430800,5.066852
2024-03-27,sh600036,163.7390,165.1370,163.4280,163.7780,78208500,5.070526
2024-03-28,sh600036,163.9330,164.5540,162.8840,163.3120,69474500,5.074953
2024-03-29,sh600036,163.0010,165.0980,162.8840,163.3890,51400100,5.074193
2024-04-01,sh600036,163.3120,165.9130,163.3120,165.0980,57015200,5.058150
2024-04-02,sh600036,165.3310,166.1850,164.3210,164.7480,53661900,5.061382
2024-04-03,sh600036,164.7090,165.0590,163.5060,163.5060,49808200,5.073100
2024-04-08,sh600036,163.5450,164.7870,162.7290,164.1660,47729100,5.066852
2024-04-09,sh600036,164.5540,165.0590,163.8160,163.8160,38477200,5.070133
2024-04-10,sh600036,163.3500,165.2530,163.3500,164.5150,50401400,5.063558
2024-04-11,sh600036,163.8160,164.2430,163.1170,163.7780,44374800,5.070526
2024-04-12,sh600036,163.7000,164.4380,162.8460,163.0790,47820400,5.077179
2024-04-15,sh600036,163.0010,166.4960,162.9620,165.8360,76464500,5.051355
2024-04-16,sh600036,165.3700,166.3790,164.3600,165.5250,74155600,5.054198
2024-04-17,sh600036,165.2920,168.3980,164.4380,167.6610,94821200,5.034865
2024-04-18,sh600036,167.5050,170.7670,167.2330,169.0200,100657400,5.022883
2024-04-19,sh600036,168.6700,169.7570,168.1270,168.9030,54038400,5.023885
2024-04-22,sh600036,169.5240,171.1170,166.6900,167.8160,60753500,5.033473
2024-04-23,sh600036,167.6610,169.6800,167.3890,167.9710,51245200,5.032085
2024-04-24,sh600036,167.9710,168.6310,166.8840,168.2820,44338400,5.029348
2024-04-25,sh600036,168.2040,171.9320,167.9710,171.9320,91948200,4.998023
2024-04-26,sh600036,171.9320,173.7570,171.2330,172.2430,95489900,4.995447
2024-04-29,sh600036,171.9320,174.8830,171.1550,173.7960,81806400,4.982683
2024-04-30,sh600036,171.9320,172.6310,170.5730,171.5820,86804200,5.000933
2024-05-06,sh600036,174.6500,175.6600,173.1750,173.7960,100070500,4.982683
2024-05-07,sh600036,173.7960,174.0680,172.8250,173.7570,47384900,4.982994
2024-05-08,sh600036,173.5630,174.1060,172.5140,172.5920,41286200,4.992537
2024-05-09,sh600036,172.7090,173.9900,172.7090,173.6410,51239100,4.983955
2024-05-10,sh600036,173.6410,177.5620,173.4850,176.6690,94036600,4.959826
2024-05-13,sh600036,175.9700,178.4170,175.5430,177.7950,74780000,4.951128
2024-05-14,sh600036,177.7180,178.6500,175.0380,175.5820,68777900,4.968364
2024-05-15,sh600036,175.5430,175.9700,173.0580,174.4560,67494400,4.977347
2024-05-16,sh600036,174.5720,179.8920,174.2620,179.1160,129147600,4.941131
2024-05-17,sh600036,179.3100,181.6400,178.3780,181.4450,91687900,4.923881
2024-05-20,sh600036,181.4450,182.0280,178.4940,179.6200,91425000,4.937328
2024-05-21,sh600036,179.5430,180.1640,178.6500,179.0770,44599900,4.941418
2024-05-22,sh600036,178.9990,179.6200,177.2130,178.3780,66447700,4.946700
2024-05-23,sh600036,177.7570,178.1840,175.5040,176.2030,92458500,4.963465
2024-05-24,sh600036,175.4270,176.1260,172.9420,173.2520,87044000,4.987104
2024-05-27,sh600036,173.6790,175.0770,173.2910,174.8050,57093800,4.974530
2024-05-28,sh600036,174.6500,175.5430,173.1750,173.6020,47619100,4.984266
2024-05-29,sh600036,173.2910,174.4950,172.1650,172.5920,49104100,4.992537
2024-05-30,sh600036,172.1260,173.8730,171.0780,171.6990,55924500,4.999971
2024-05-31,sh600036,172.4370,172.7090,171.4660,171.4660,50893200,5.001925
2024-06-03,sh600036,171.2330,171.8540,170.0680,170.9610,60811100,5.006179
2024-06-04,sh600036,170.9610,173.0190,170.7670,172.4760,53378800,4.993515
2024-06-05,sh600036,173.0190,173.0970,169.9520,170.3400,69104100,5.011474
2024-06-06,sh600036,170.7280,171.1550,169.5240,170.3790,67724100,5.011147
2024-06-07,sh600036,170.5730,171.3490,169.0200,170.3400,67826600,5.011474
2024-06-11,sh600036,169.5240,170.2620,166.9620,167.8940,69044800,5.032794
2024-06-12,sh600036,167.8550,167.8940,166.3020,166.8450,51138100,5.042158
2024-06-13,sh600036,167.2720,167.3500,165.4080,165.7970,55018400,5.051706
2024-06-14,sh600036,165.7970,170.4560,165.7970,169.6410,99167400,5.017480
2024-06-17,sh600036,168.8260,169.6020,168.0100,169.3300,45768200,5.020160
2024-06-18,sh600036,169.8350,171.5440,168.9030,169.2530,45367500,5.020854
2024-06-19,sh600036,169.2530,171.9320,169.0580,170.9610,58593700,5.006179
2024-06-20,sh600036,171.0000,171.2720,169.9900,170.4180,39246700,5.010820
2024-06-21,sh600036,169.9130,170.6890,168.3980,169.2140,52396300,5.021187
2024-06-24,sh600036,169.5630,171.2330,168.3980,170.6510,69259000,5.008835
2024-06-25,sh600036,170.6510,172.2040,170.2620,171.5440,63816000,5.001283
2024-06-26,sh600036,171.0780,171.7770,170.1850,170.6120,45263800,5.009160
2024-06-27,sh600036,170.2230,171.6990,169.7190,171.3880,55517300,5.002569
2024-06-28,sh600036,171.1550,172.2430,170.5340,171.1170,52574900,5.004884
2024-07-01,sh600036,171.1170,171.9320,170.1850,171.7770,47223900,4.999331
2024-07-02,sh600036,171.8540,175.2330,171.7770,174.5720,86877100,4.976397
2024-07-03,sh600036,174.3010,174.6110,171.5820,172.1650,69137300,4.996082
2024-07-04,sh600036,172.4760,174.4170,172.2430,173.1360,69691900,4.988073
2024-07-05,sh600036,173.1360,173.6020,169.0580,169.9130,96778300,5.015142
2024-07-08,sh600036,169.7960,171.2720,169.2530,170.3400,54573000,5.011474
2024-07-09,sh600036,170.3400,172.5140,169.2910,172.2040,62103700,4.995764
2024-07-10,sh600036,172.2040,174.2620,172.1260,173.0190,72631400,4.989014
2024-07-11,sh600036,174.4640,174.6580,173.3380,173.7650,73238900,5.281611
2024-07-12,sh600036,174.1920,178.3470,174.1920,178.0360,94490400,5.236353
2024-07-15,sh600036,178.0360,178.2300,176.9490,177.1820,47460400,5.245175
2024-07-16,sh600036,177.1040,177.6090,175.9390,177.2210,45579300,5.244777
2024-07-17,sh600036,176.8710,178.7740,176.6770,178.3080,57795400,5.233578
2024-07-18,sh600036,178.3080,179.0070,177.1040,178.3860,59862700,5.232796
2024-07-19,sh600036,178.0360,179.2010,176.4440,179.0070,81007200,5.226482
2024-07-22,sh600036,178.6960,178.6960,174.5030,175.4730,80820600,5.263137
2024-07-23,sh600036,175.4730,176.9100,175.0460,175.4730,53875500,5.263137
2024-07-24,sh600036,175.9000,176.4050,174.2700,174.8520,48245300,5.269801
2024-07-25,sh600036,175.0070,175.3960,171.7070,173.4930,76207900,5.284587
2024-07-26,sh600036,173.3760,174.3080,170.6970,171.7070,60146200,5.304510
2024-07-29,sh600036,171.7460,172.7940,171.0470,172.0170,41347500,5.300986
2024-07-30,sh600036,171.8230,172.5610,170.8520,171.9010,39078200,5.302313
2024-07-31,sh600036,171.9010,174.1530,171.2410,173.1050,59537000,5.288879
2024-08-01,sh600036,173.1050,173.5710,171.3180,173.0270,40913900,5.289728
2024-08-02,sh600036,171.9010,172.6000,171.1630,171.3570,38613000,5.308457
2024-08-05,sh600036,171.0470,172.2890,170.4640,170.6580,58442000,5.316449
2024-08-06,sh600036,171.6680,171.7840,168.3670,169.1050,51438900,5.334543
2024-08-07,sh600036,169.2220,169.8820,168.5230,168.6390,39073200,5.340057
2024-08-08,sh600036,168.7560,170.1920,167.8620,169.9980,39460000,5.324084
2024-08-09,sh600036,170.1540,172.5220,169.5320,171.5510,48274800,5.306248
2024-08-12,sh600036,171.4350,171.5900,169.9980,170.7360,31894300,5.315567
2024-08-13,sh600036,170.6580,171.1630,169.3380,170.0370,28237800,5.323638
2024-08-14,sh600036,169.8820,170.8140,169.5320,169.7260,28244600,5.327244
2024-08-15,sh600036,169.6880,173.8420,168.9110,173.2210,73979000,5.287576
2024-08-16,sh600036,173.1820,175.1240,173.0660,174.7360,41850300,5.271071
2024-08-19,sh600036,175.1240,176.0950,174.2700,175.7840,42284300,5.259844
2024-08-20,sh600036,175.9000,176.4830,174.7740,176.0170,42372900,5.257378
2024-08-21,sh600036,175.3180,175.8230,173.4540,175.0850,37810100,5.267298
2024-08-22,sh600036,175.2400,176.2890,174.8520,175.3180,38286400,5.264805
2024-08-23,sh600036,175.2010,177.4540,174.4250,176.8710,46558700,5.248398
2024-08-26,sh600036,176.8710,177.4150,175.9780,177.1430,35117500,5.245573
2024-08-27,sh600036,177.1430,177.8030,176.2110,176.8710,38720900,5.248398
2024-08-28,sh600036,177.3760,177.9580,175.8620,176.7940,41523200,5.249228
2024-08-29,sh600036,176.4440,177.1430,173.7650,173.8810,51638800,5.280322
2024-08-30,sh600036,173.3760,174.5800,170.7360,170.8520,111223000,5.314215
2024-09-02,sh600036,170.2700,171.7460,169.6490,169.9980,55802100,5.324084
2024-09-03,sh600036,170.3090,170.5810,167.9400,168.7940,50575200,5.338204
2024-09-04,sh600036,168.4450,169.9980,167.7460,167.7850,38052600,5.350287
2024-09-05,sh600036,167.7850,168.0950,165.9990,167.1640,54206300,5.357821
2024-09-06,sh600036,167.3580,169.2600,167.1640,167.3580,38318200,5.355456
2024-09-09,sh600036,166.3090,166.3480,162.6590,163.4360,87107300,5.404630
2024-09-10,sh600036,163.4750,164.1740,162.2710,163.2420,47602400,5.407155
2024-09-11,sh600036,163.0470,163.2800,162.2320,162.8150,41579400,5.412733
2024-09-12,sh600036,162.8920,164.4450,162.2710,163.3970,41026700,5.405127
2024-09-13,sh600036,163.5910,165.9990,162.5040,164.8340,49597400,5.386732
2024-09-18,sh600036,164.8730,167.1640,164.8730,166.8140,41854000,5.362070
2024-09-19,sh600036,167.1640,167.2800,164.9500,165.6880,45119100,5.375990
2024-09-20,sh600036,165.6880,166.8140,165.0670,166.1540,48741800,5.370200
2024-09-23,sh600036,165.8040,168.2900,165.7660,167.9010,34460900,5.348869
2024-09-25,sh600036,177.4540,179.9390,176.8710,178.6190,185624300,5.230425
2024-09-26,sh600036,178.6570,183.3950,177.6870,183.3950,174533000,5.183578
2024-09-27,sh600036,186.2290,187.7440,181.5700,184.3660,74545800,5.174460
2024-10-09,sh600036,200.1700,200.2470,189.7240,189.7240,185593200,5.126290
2024-10-11,sh600036,196.4030,198.3060,193.6850,195.2380,90347600,5.080354
2024-10-14,sh600036,197.4900,200.5580,196.2480,198.7330,129293800,5.052962
2024-10-15,sh600036,198.1120,201.2960,195.5100,195.5100,95597700,5.078182
2024-10-16,sh600036,194.1510,199.3930,194.0730,199.3930,101254800,5.047924
2024-10-17,sh600036,199.5090,200.5190,195.4710,195.4710,84892200,5.078488
2024-10-18,sh600036,195.5490,199.1210,194.3840,197.6460,92819400,5.061357
2024-10-21,sh600036,198.0340,198.0340,195.5100,196.8690,71753900,5.067413
2024-10-22,sh600036,196.8300,199.7810,196.4810,198.1120,60052600,5.057748
2024-10-23,sh600036,197.6840,201.1020,197.5290,200.0140,62710000,5.043217
2024-10-24,sh600036,199.5870,200.0920,197.9950,198.6550,33631200,5.053549
2024-10-25,sh600036,198.4220,199.3540,197.6840,197.8400,44793100,5.059847
2024-10-28,sh600036,197.4900,197.8400,194.6560,195.5880,66464100,5.077570
2024-10-29,sh600036,195.8980,197.8400,195.1600,195.8980,51468200,5.075078
2024-10-30,sh600036,195.5490,197.0630,192.0540,193.1020,70340800,5.097730
2024-10-31,sh600036,192.7920,193.5300,189.3360,191.0830,85039300,5.114641
2024-11-01,sh600036,191.3940,194.7330,191.1610,193.6070,70310200,5.093581
2024-11-04,sh600036,193.9570,196.4810,191.2770,196.4810,64661200,5.070477
2024-11-05,sh600036,195.2380,197.8400,195.1220,197.7620,62874500,5.060440
2024-11-06,sh600036,197.4510,197.7620,194.1510,195.7430,64833600,5.076323
2024-11-07,sh600036,195.1990,199.7040,195.0440,199.6650,74347200,5.045868
2024-11-08,sh600036,200.0920,200.7520,196.4810,196.6750,74536800,5.068943
2024-11-11,sh600036,194.7330,196.2870,193.1410,194.8500,70314600,5.083486
2024-11-12,sh600036,194.3060,196.8300,191.6660,191.9760,89328900,5.107103
2024-11-13,sh600036,191.9760,193.4910,191.6660,192.8690,48530400,5.099656
2024-11-14,sh600036,192.2480,195.4320,191.7430,193.8010,67644000,5.091986
2024-11-15,sh600036,193.8790,195.7820,192.8310,192.8690,69927700,5.099656
2024-11-18,sh600036,193.7630,196.1310,192.7920,193.1800,76344800,5.097098
2024-11-19,sh600036,193.2190,194.2670,191.4330,192.4810,52124900,5.102890
2024-11-20,sh600036,192.7920,192.9860,191.2390,191.5490,45129100,5.110699
2024-11-21,sh600036,191.5490,192.2480,190.7340,191.3550,35033600,5.112343
2024-11-22,sh600036,191.3550,191.8210,187.2000,187.5500,69049100,5.145405
2024-11-25,sh600036,188.5200,189.1420,186.2680,186.6570,53409500,5.153424
2024-11-26,sh600036,185.9190,188.0540,185.1810,187.3170,45942100,5.147486
2024-11-27,sh600036,187.3170,188.4430,186.2290,188.1320,39207700,5.140219
2024-11-28,sh600036,188.1320,189.1030,186.5010,187.6270,45193900,5.144694
2024-11-29,sh600036,188.0930,189.6850,187.0060,187.1230,66438000,5.149229
2024-12-02,sh600036,187.5500,188.4430,186.5790,187.7830,42465200,5.143331
2024-12-03,sh600036,188.3260,190.5400,187.2780,190.1510,72198600,5.122602
2024-12-04,sh600036,190.0350,190.0350,187.8600,188.9480,62051100,5.133062
2024-12-05,sh600036,188.3650,191.0830,188.1710,189.3360,56894900,5.129667
2024-12-06,sh600036,189.7240,192.8690,189.7240,192.4030,87723600,5.103528
2024-12-09,sh600036,191.9760,193.5300,191.0440,192.4030,49299500,5.103528
2024-12-10,sh600036,196.6750,197.4130,195.1220,195.8980,103895300,5.075078
2024-12-11,sh600036,195.6650,196.6360,194.4620,194.7330,51770900,5.084413
2024-12-12,sh600036,194.6940,196.7910,194.3840,196.6750,58688900,5.068943
2024-12-13,sh600036,195.3160,195.8980,190.7730,190.8500,111798300,5.116622
2024-12-16,sh600036,191.0440,192.7140,190.9280,192.5590,64031600,5.102252
2024-12-17,sh600036,191.7820,194.1900,191.7820,192.9860,60310400,5.098705
2024-12-18,sh600036,193.6460,196.1310,193.0250,195.5880,80585500,5.077570
2024-12-19,sh600036,195.0440,195.6260,193.5680,193.6460,61119600,5.093267
2024-12-20,sh600036,193.7630,194.6560,193.0250,193.2190,54215000,5.096782
2024-12-23,sh600036,193.5300,196.2870,193.4910,194.9270,90269200,5.082842
2024-12-24,sh600036,194.9270,198.5780,194.8110,198.3060,99342800,5.056247
2024-12-25,sh600036,198.3450,199.6260,197.4130,199.0050,75591300,5.050888
2024-12-26,sh600036,199.0050,199.5480,197.4900,199.3150,53925200,5.048506
2024-12-27,sh600036,199.3150,199.9370,196.5970,198.7720,70032000,5.052669
2024-12-30,sh600036,198.7720,200.5580,198.4220,199.8590,67884500,5.044397
2024-12-31,sh600036,199.6260,200.9460,198.6160,198.6160,64371700,5.053842
2025-01-02,sh600036,198.8110,199.3930,194.8890,195.5490,64200100,5.077876
2025-01-03,sh600036,195.8980,197.6070,195.6650,196.1310,68258300,5.073228
2025-01-06,sh600036,197.0630,197.8400,194.0730,197.6460,61715900,5.061357
2025-01-07,sh600036,197.3350,198.0340,195.9370,197.0630,49275200,5.065887
2025-01-08,sh600036,196.7910,199.5870,196.7530,198.5390,75148100,5.054455
2025-01-09,sh600036,199.0050,199.1210,196.7910,197.4510,44708300,5.062846
2025-01-10,sh600036,198.7720,199.1990,196.7140,197.3740,48142500,5.063468
2025-01-13,sh600036,197.1800,198.0340,195.6650,197.7230,60632300,5.060737
2025-01-14,sh600036,197.8010,201.2180,197.0630,200.7520,70801200,5.037691
2025-01-15,sh600036,201.2960,205.2180,200.9070,203.8200,79670100,5.015256
2025-01-16,sh600036,203.8590,205.8000,203.3930,205.1790,59259400,5.005587
2025-01-17,sh600036,205.0620,205.8390,201.8390,204.0920,47590100,5.013314
2025-01-20,sh600036,205.1400,205.4890,201.7620,201.8010,54257500,5.029935
2025-01-21,sh600036,202.5770,203.3150,201.3730,201.8780,40068500,5.029347
2025-01-22,sh600036,201.8780,201.9560,198.6940,199.1990,58891200,5.049404
2025-01-23,sh600036,200.0530,202.2280,199.4710,200.6740,60661800,5.038263
2025-01-24,sh600036,200.0140,203.4700,199.2380,202.3440,57465200,5.025931
2025-01-27,sh600036,203.5870,205.1010,203.4700,203.8590,52606000,5.014982
2025-02-05,sh600036,204.6350,204.8290,200.9460,201.3350,50478900,5.033375
2025-02-06,sh600036,201.3350,202.8100,200.2860,202.1110,46608800,5.027637
2025-02-07,sh600036,201.7230,202.8880,201.1790,202.1110,52106600,5.027637
2025-02-10,sh600036,202.1110,204.9070,201.1790,203.6640,58180600,5.016355
2025-02-11,sh600036,204.2470,205.3730,203.8200,205.1400,45777100,5.005857
2025-02-12,sh600036,205.0620,207.7800,203.5090,207.6250,60359100,4.988587
2025-02-13,sh600036,207.7420,208.9070,206.5380,207.9750,46220700,4.986214
2025-02-14,sh600036,207.8970,209.2170,207.2370,209.2170,49873700,4.977802
2025-02-17,sh600036,209.0620,209.0620,206.6160,208.0130,53612600,4.985930
2025-02-18,sh600036,207.1980,210.9650,207.1980,209.2950,54666500,4.977289
2025-02-19,sh600036,209.1010,209.6830,208.1690,209.0230,37470200,4.979109
2025-02-20,sh600036,209.1010,209.4500,207.8580,208.5180,40767500,4.982509
2025-02-21,sh600036,208.9450,209.0620,206.0720,206.7710,59525600,4.994469
2025-02-24,sh600036,206.7320,208.1300,205.6060,206.2660,57110700,4.997965
2025-02-25,sh600036,205.8000,206.9260,204.8680,205.3340,50732100,5.004485
2025-02-26,sh600036,205.7220,207.9360,205.4120,207.0810,47644700,4.992310
2025-02-27,sh600036,207.5470,210.6540,206.3050,210.5760,62259700,4.968759
2025-02-28,sh600036,210.5760,211.6630,209.2950,209.2950,70542400,4.977289
2025-03-03,sh600036,209.5670,211.5080,208.9070,209.2950,47014900,4.977289
2025-03-04,sh600036,208.7510,209.4890,208.2080,208.3240,31724500,4.983828
2025-03-05,sh600036,208.9450,212.6340,208.1300,212.5570,63203700,4.955864
2025-03-06,sh600036,212.5570,213.3720,210.8480,212.8280,57205300,4.954097
2025-03-07,sh600036,212.5950,216.0900,212.4010,215.1970,60541300,4.939109
2025-03-10,sh600036,214.8860,215.2360,212.2850,213.2560,50875000,4.951381
2025-03-11,sh600036,212.0910,215.4690,211.8580,214.9640,56574100,4.940565
2025-03-12,sh600036,214.9250,216.3230,213.9550,215.0810,41825800,4.939848
2025-03-13,sh600036,215.3140,218.3420,214.9250,216.2460,58553900,4.932619
2025-03-14,sh600036,216.8670,222.5750,216.6340,221.3710,91127500,4.901926
2025-03-17,sh600036,221.9920,222.6910,220.6720,220.9050,65421000,4.904640
2025-03-18,sh600036,221.8760,222.2250,220.0510,221.2940,42822000,4.902393
2025-03-19,sh600036,221.8370,225.0210,221.1380,224.7110,67070600,4.882899
2025-03-20,sh600036,224.3220,224.3220,219.8960,221.6820,67865600,4.900133
2025-03-21,sh600036,221.2160,222.0700,218.8860,219.5850,67541200,4.912416
2025-03-24,sh600036,219.0020,221.4880,219.0020,220.9440,44957600,4.904417
2025-03-25,sh600036,220.7500,222.6910,220.5560,221.0990,35687200,4.903504
2025-03-26,sh600036,218.8080,219.1580,211.4690,211.6630,157832600,4.961627
2025-03-27,sh600036,212.0130,215.8570,211.9740,213.9930,82795100,4.946671
2025-03-28,sh600036,214.1490,214.7310,213.2170,213.8380,38618400,4.947663
2025-03-31,sh600036,213.7990,216.0130,211.4690,214.1100,53956900,4.945946
2025-04-01,sh600036,214.0710,214.1100,212.0130,212.4790,38936000,4.956356
2025-04-02,sh600036,212.4790,213.5660,211.7410,211.9350,33120200,4.959864
2025-04-03,sh600036,209.1780,212.4010,209.1780,211.6250,46416600,4.961899
2025-04-07,sh600036,204.9850,209.1010,198.9660,204.5570,181563300,5.009968
2025-04-08,sh600036,204.3630,205.9940,203.0430,205.8000,161047700,5.001215
2025-04-09,sh600036,203.6640,205.2950,202.4990,203.1210,97396900,5.020292
2025-04-10,sh600036,205.1790,206.9650,203.4700,205.6060,74378900,5.002579
2025-04-11,sh600036,205.6450,207.8970,204.4800,207.1980,58305700,4.991520
2025-04-14,sh600036,207.8580,208.7510,206.8100,207.0810,48216000,4.992310
2025-04-15,sh600036,207.1200,210.2270,206.9650,209.4890,61456400,4.975986
2025-04-16,sh600036,209.0230,211.3530,208.4020,210.0710,57629400,4.972095
2025-04-17,sh600036,209.5670,210.4990,208.5180,209.5670,40579300,4.975475
2025-04-18,sh600036,209.6050,212.1680,209.2950,212.0130,43500100,4.959368
2025-04-21,sh600036,211.6630,213.2940,210.1880,210.1880,41646600,4.971334
2025-04-22,sh600036,210.3040,211.1980,209.1400,209.1400,43378800,4.978338
2025-04-23,sh600036,210.2660,210.2660,208.2080,209.0620,46774400,4.978852
2025-04-24,sh600036,209.1010,210.5760,208.9070,209.9160,41365200,4.973134
2025-04-25,sh600036,210.2270,211.2360,209.2560,209.4110,42435000,4.976497
2025-04-28,sh600036,209.6830,211.2750,209.2170,210.4600,38697300,4.969540
2025-04-29,sh600036,210.4600,211.6250,209.1010,209.1010,45769900,4.978595
2025-04-30,sh600036,207.7030,207.7030,203.3150,204.2080,117268200,5.012469
2025-05-06,sh600036,204.8290,206.8100,203.3150,206.6540,66641000,4.995262
2025-05-07,sh600036,208.2850,209.9940,206.4210,209.1780,71291400,4.978058
2025-05-08,sh600036,209.1400,214.6150,209.1010,212.2070,83381000,4.958107
2025-05-09,sh600036,212.2070,215.3140,212.2070,214.8480,66815500,4.941306
2025-05-12,sh600036,214.7310,218.4200,213.4110,216.0900,84897400,4.933562
2025-05-13,sh600036,217.2160,219.3910,216.2840,219.0410,69912400,4.915642
2025-05-14,sh600036,219.0020,221.9150,218.1090,220.0120,71279000,4.909886
2025-05-15,sh600036,220.0900,222.2250,219.3910,220.4390,68460000,4.907369
2025-05-16,sh600036,219.7790,220.6720,216.9830,217.9150,61965500,4.922408
2025-05-19,sh600036,217.6430,218.6530,215.8960,216.2460,50281700,4.932619
2025-05-20,sh600036,216.9830,219.2350,216.3620,216.4780,50053500,4.931162
2025-05-21,sh600036,216.6730,218.3040,216.2460,216.4780,49920000,4.931162
2025-05-22,sh600036,216.4780,219.0410,215.8960,218.8470,56565600,4.916805
2025-05-23,sh600036,218.8470,219.5070,216.4780,217.0610,54146000,4.927605
2025-05-26,sh600036,216.4400,217.5270,215.4300,216.0900,45610000,4.933562
2025-05-27,sh600036,216.0900,217.4490,215.5850,215.8570,36375000,4.935002
2025-05-28,sh600036,216.0130,217.0610,215.3140,215.6240,30035500,4.936447
2025-05-29,sh600036,215.7020,216.6730,214.7310,214.8090,49299000,4.941546
2025-05-30,sh600036,215.1190,216.4010,214.3430,214.6530,57139100,4.942505
2025-06-03,sh600036,214.9250,218.5370,214.9250,216.7500,50368500,4.929497
2025-06-04,sh600036,217.0610,217.9150,216.4780,217.1000,37341700,4.927372
2025-06-05,sh600036,217.1000,218.4980,216.8670,218.3040,42131700,4.920081
2025-06-06,sh600036,218.6140,219.6240,218.0320,218.6920,37349900,4.917742
2025-06-09,sh600036,219.1970,219.5070,217.6820,219.1970,47477400,4.914731
2025-06-10,sh600036,219.0800,220.9440,218.6140,219.4680,52834900,4.913096
2025-06-11,sh600036,219.6630,223.3900,219.6630,221.9540,77676100,4.898565
2025-06-12,sh600036,222.3030,223.2740,221.1380,221.6430,45239100,4.900354
2025-06-13,sh600036,221.6820,222.1090,220.5560,221.4490,47408100,4.901483
2025-06-16,sh600036,221.0610,223.8950,220.5560,223.7790,41447400,4.888139
2025-06-17,sh600036,224.1670,224.8270,223.5070,224.5550,47420900,4.883754
2025-06-18,sh600036,224.3220,224.9050,223.2740,224.0500,42642900,4.886587
2025-06-19,sh600036,224.0120,224.8660,222.1870,223.1960,51345400,4.891431
2025-06-20,sh600036,223.5850,225.3320,222.8860,224.5940,44815700,4.883540
2025-06-23,sh600036,224.2450,225.9530,222.4200,225.6040,53893100,4.877924
2025-06-24,sh600036,225.8370,228.5160,225.3320,227.5450,65581500,4.867273
2025-06-25,sh600036,227.5450,230.4580,226.9240,230.4580,60768000,4.851747
2025-06-26,sh600036,230.4190,231.9330,228.7100,231.9330,59020100,4.844048
2025-06-27,sh600036,231.8170,231.8940,224.7880,225.4870,95414300,4.878559
2025-06-30,sh600036,225.1380,225.7590,223.7400,224.4390,62461400,4.884418
2025-07-01,sh600036,224.4780,227.2350,224.3220,226.3800,45061300,4.873628
2025-07-02,sh600036,227.3510,229.1370,226.3800,228.1280,51856300,4.864136
2025-07-03,sh600036,228.1280,228.3220,225.9530,227.0020,55622600,4.870242
2025-07-04,sh600036,226.9630,230.4580,226.1860,228.7880,67894800,4.860591
2025-07-07,sh600036,228.7880,229.6810,227.3510,229.2930,56742700,4.857903
2025-07-08,sh600036,229.6030,231.1180,228.9040,230.9240,63742100,4.849307
2025-07-09,sh600036,230.4580,231.5060,229.0210,229.0210,61456600,4.859346
2025-07-10,sh600036,228.9040,234.5350,228.9040,233.3310,121978400,4.836878
2025-07-11,sh600036,233.4860,234.3410,230.9240,231.0010,118444300,5.061372
2025-07-14,sh600036,231.0400,232.7490,230.2250,230.7290,64848400,5.063178
2025-07-15,sh600036,231.5060,232.0880,227.7390,229.3700,66620600,5.072313
2025-07-16,sh600036,229.5260,230.6130,228.0500,228.9430,46818600,5.075216
2025-07-17,sh600036,228.9040,229.7970,228.1670,228.5160,41689500,5.078133
2025-07-18,sh600036,228.7100,229.1370,227.5060,228.7100,54343100,5.076804
2025-07-21,sh600036,228.7100,229.4090,227.8560,227.9340,56641200,5.082140
2025-07-22,sh600036,227.9340,228.4380,225.4480,228.2830,92231900,5.079729
2025-07-23,sh600036,228.4000,231.2340,228.3610,228.9820,85324900,5.074956
2025-07-24,sh600036,229.3310,229.9140,227.7390,228.0500,82662000,5.081328
2025-07-25,sh600036,227.8950,229.1760,227.5450,227.8560,69626400,5.082668
2025-07-28,sh600036,227.7390,229.1370,226.2250,226.3410,63512700,5.093182
2025-07-29,sh600036,226.3410,227.7390,225.1770,225.1770,78581300,5.101427
2025-07-30,sh600036,225.2930,227.5450,224.3610,226.2640,72546100,5.093742
2025-07-31,sh600036,226.1860,226.8070,224.0500,226.4970,73319500,5.092109
2025-08-01,sh600036,226.5740,228.4000,225.9920,226.2640,59462100,5.093742
2025-08-04,sh600036,225.8370,228.4000,225.8370,228.1280,49800800,5.080802
2025-08-05,sh600036,227.6620,230.0690,227.1180,229.4870,55525800,5.071536
2025-08-06,sh600036,229.6420,231.3510,228.9430,228.9820,43029600,5.074956
2025-08-07,sh600036,228.9820,230.8460,228.3610,229.0980,44064300,5.074153
2025-08-08,sh600036,229.2930,229.6030,226.6910,226.6910,45642200,5.090748
2025-08-11,sh600036,226.6910,227.0790,225.0210,225.0210,53672400,5.102517
2025-08-12,sh600036,225.1380,226.4970,224.6330,224.6330,56225200,5.105295
2025-08-13,sh600036,225.1770,225.6040,222.6530,222.8470,87673700,5.118213
2025-08-14,sh600036,222.8860,224.4000,222.6910,223.7790,67635200,5.111444
2025-08-15,sh600036,223.3130,223.6230,221.9150,221.9150,93295700,5.125058
2025-08-18,sh600036,221.1380,223.3520,220.3230,222.7300,92639700,5.119053
2025-08-19,sh600036,222.4970,223.4680,221.8760,222.3030,57411900,5.122189
2025-08-20,sh600036,221.9150,223.1960,221.3320,222.4970,54724000,5.120759
2025-08-21,sh600036,222.6910,223.0410,221.6430,222.5750,57854000,5.120198
2025-08-22,sh600036,222.5750,222.6140,220.9050,221.7590,79449600,5.126190
2025-08-25,sh600036,221.9920,224.1280,221.1770,224.1280,90739000,5.108913
2025-08-26,sh600036,224.2060,224.7110,222.3810,222.7690,75572200,5.118773
2025-08-27,sh600036,222.6910,223.3130,220.7500,220.7500,75814100,5.133721
2025-08-28,sh600036,220.8280,221.9150,219.1970,220.6720,82242600,5.134295
2025-08-29,sh600036,220.6720,224.5940,220.3230,220.3230,136087900,5.136932
2025-09-01,sh600036,219.2740,219.3520,216.4010,216.7890,127633300,5.164102
2025-09-02,sh600036,216.3230,222.6910,216.3230,222.4580,145214100,5.121041
2025-09-03,sh600036,222.4580,222.9630,219.5850,220.3620,81840600,5.136643
2025-09-04,sh600036,220.0120,221.9920,217.4100,220.9440,93536300,5.132265
2025-09-05,sh600036,220.7500,220.8280,218.9250,219.8180,57232800,5.140739
2025-09-08,sh600036,219.5850,221.1380,218.3040,218.5370,85168200,5.150530
2025-09-09,sh600036,218.4980,220.2840,218.4200,220.0900,58952700,5.138688
2025-09-10,sh600036,219.9730,221.3320,219.0410,220.7500,47138700,5.133721
2025-09-11,sh600036,221.2550,222.0310,219.8960,221.9150,65073100,5.125058
2025-09-12,sh600036,222.2250,222.5750,218.4980,218.9640,82314000,5.147250
2025-09-15,sh600036,218.7310,219.9340,217.2940,217.7210,69949100,5.156821
2025-09-16,sh600036,218.1090,218.5370,215.5470,215.8960,85905100,5.171162
2025-09-17,sh600036,215.9350,217.6050,215.7020,215.9350,57236300,5.170857
2025-09-18,sh600036,216.0130,216.2460,212.2070,212.3240,100352200,5.200196
2025-09-19,sh600036,212.2070,215.0420,211.2360,212.9840,83656300,5.194732
2025-09-22,sh600036,213.5660,214.4200,212.2070,212.6730,65611000,5.197287
2025-09-23,sh600036,212.9060,215.8960,211.5470,215.1190,93885100,5.177353
2025-09-24,sh600036,214.9250,216.4400,214.1100,214.2260,64390000,5.184560
2025-09-25,sh600036,214.2260,214.3820,212.2460,212.2850,66694900,5.200514
2025-09-26,sh600036,212.2460,212.9840,210.2660,212.2070,68276700,5.201152
2025-09-29,sh600036,212.0910,214.1100,210.4990,211.7410,83555100,5.205039
2025-09-30,sh600036,211.6250,212.1680,210.6930,210.6930,70002500,5.213883
2025-10-09,sh600036,209.9160,210.8090,208.4020,210.3820,97232000,5.216514
2025-10-10,sh600036,210.2660,211.6250,209.6050,209.8000,95505000,5.221503
2025-10-13,sh600036,208.1690,210.2660,207.9360,209.5280,106593600,5.223834
2025-10-14,sh600036,209.4500,214.8860,208.4410,213.9930,173382700,5.186452
2025-10-15,sh600036,213.9550,215.1970,213.0230,214.9250,106276700,5.178916
2025-10-16,sh600036,214.9250,216.8280,213.4890,216.5950,106248800,5.165633
2025-10-17,sh600036,216.4010,217.7210,214.4590,215.2750,82982700,5.176124
2025-10-20,sh600036,215.3520,216.0510,213.3720,214.6150,64947700,5.181434
2025-10-21,sh600036,214.8860,217.2550,214.8860,216.7890,75993100,5.164102
2025-10-22,sh600036,216.7890,217.6430,215.8180,216.6730,55133400,5.165030
2025-10-23,sh600036,216.6730,218.7700,216.0130,217.7990,71317400,5.156226
2025-10-24,sh600036,218.2260,218.6140,216.2840,216.6730,69883200,5.165030
2025-10-27,sh600036,216.4780,216.7500,214.6150,215.2750,98894900,5.176124
2025-10-28,sh600036,215.3910,215.7800,213.8770,215.3140,70595100,5.175817
2025-10-29,sh600036,215.0420,215.0420,211.7800,212.0910,91098800,5.202134
2025-10-30,sh600036,212.2070,214.3820,211.9350,213.7600,113153800,5.188350
2025-10-31,sh600036,213.9930,214.1490,212.3620,212.5570,70260700,5.198264
2025-11-03,sh600036,213.5270,216.7500,213.2170,216.0510,92198100,5.169921
2025-11-04,sh600036,216.2460,221.1770,216.1290,220.7890,134003600,5.133434
2025-11-05,sh600036,221.1380,222.5750,219.7790,219.9730,73171400,5.139556
2025-11-06,sh600036,219.3910,220.3230,218.0710,218.1870,87197300,5.153212
2025-11-07,sh600036,218.4200,219.6630,217.9540,218.8470,59319100,5.148130
2025-11-10,sh600036,218.6140,220.2840,217.9540,219.6630,53236900,5.141924
2025-11-11,sh600036,219.5460,220.9050,218.8860,220.5950,54467100,5.134893
2025-11-12,sh600036,221.2160,222.1480,220.4780,220.4780,58792900,5.135756
2025-11-13,sh600036,220.6330,221.9150,219.7400,221.5650,58798000,5.127632
2025-11-14,sh600036,221.6820,223.0410,221.4490,221.7210,51821000,5.126497
2025-11-17,sh600036,221.1380,221.5260,218.8080,219.3910,61067400,5.143986
2025-11-18,sh600036,219.0410,220.4000,218.5750,220.2840,51743900,5.137220
2025-11-19,sh600036,220.2840,222.6910,219.9730,221.6040,51169600,5.127348
2025-11-20,sh600036,221.6040,223.8170,220.9440,221.6430,58585200,5.127065
2025-11-21,sh600036,221.6820,222.8860,219.8180,220.7500,79126400,5.133721
2025-11-24,sh600036,221.1380,221.5650,218.8470,219.3130,67854900,5.144570
2025-11-25,sh600036,219.4300,221.9150,218.5750,221.7210,66640900,5.126497
2025-11-26,sh600036,222.0700,223.1960,220.6330,221.7210,45107200,5.126497
2025-11-27,sh600036,221.4490,222.2640,219.1970,221.4880,62143400,5.128224
2025-11-28,sh600036,221.1380,221.2160,220.0510,220.5560,49465800,5.135180
2025-12-01,sh600036,221.0610,222.5750,220.4780,222.4580,56791900,5.121041
2025-12-02,sh600036,222.4580,223.2740,221.6040,222.2250,40673500,5.122752
2025-12-03,sh600036,221.7980,223.0020,220.7500,220.7890,46896000,5.133434
2025-12-04,sh600036,220.9440,222.3810,220.7890,221.6040,36120700,5.127348
2025-12-05,sh600036,221.7210,222.8860,220.4000,222.4970,54890600,5.120759
2025-12-08,sh600036,222.4580,223.2350,221.0220,221.4490,58003900,5.128509
2025-12-09,sh600036,221.4490,221.9150,220.0900,220.9050,46593900,5.132551
2025-12-10,sh600036,221.0610,221.0610,215.1190,215.7020,108315700,5.172710
2025-12-11,sh600036,216.3230,217.0610,214.5760,215.6240,84623100,5.173321
2025-12-12,sh600036,215.8960,216.2070,214.8480,215.8570,71762500,5.171466
2025-12-15,sh600036,215.8570,217.9540,215.4300,216.0900,56266600,5.169617
2025-12-16,sh600036,216.0130,217.3720,214.6530,215.7020,56617600,5.172710
2025-12-17,sh600036,215.3140,216.2840,213.8770,215.0030,63126700,5.178300
2025-12-18,sh600036,215.0810,218.4980,214.5370,218.3040,76811900,5.152325
2025-12-19,sh600036,218.3040,218.7310,216.5170,216.8280,57382300,5.163801
2025-12-22,sh600036,217.1770,217.3720,215.7410,215.9740,52474000,5.170553
2025-12-23,sh600036,215.8570,217.0220,215.5470,216.5170,60651000,5.166237
2025-12-24,sh600036,216.5950,216.8280,215.1190,216.2070,53630500,5.168707
2025-12-25,sh600036,216.5950,217.1770,215.7020,216.0130,49921400,5.170249
2025-12-26,sh600036,216.0510,216.4010,215.3910,215.7020,50881000,5.172710
2025-12-29,sh600036,215.5470,216.5950,214.6150,216.3620,68255100,5.167471
2025-12-30,sh600036,216.4780,218.7310,216.0130,217.9540,83478300,5.155014
2025-12-31,sh600036,217.7990,218.1480,216.5560,217.2550,55414200,5.160451
2026-01-05,sh600036,218.7310,219.9730,217.9150,218.2260,84083000,5.152916
2026-01-06,sh600036,218.6140,219.9340,217.2160,219.7010,92371500,5.141610
2026-01-07,sh600036,219.7790,220.8280,217.4100,217.4490,88056000,5.158932
2026-01-08,sh600036,217.6430,217.8380,214.1490,215.2360,111572700,5.176431
2026-01-09,sh600036,215.0810,215.9350,213.4500,214.1490,98547100,5.185206
2026-01-12,sh600036,214.1490,214.6530,212.9840,213.4500,118664100,5.190905
2026-01-13,sh600036,213.7600,214.4590,213.1000,213.4890,115936500,5.190591
2026-01-14,sh600036,213.4890,213.6440,209.3340,209.3720,191774400,5.225156
2026-01-15,sh600036,209.5280,210.7320,209.1010,209.5280,121727100,5.223834
2026-01-16,sh600036,211.0540,211.0930,207.7920,208.0640,152524500,5.373554
2026-01-19,sh600036,208.1030,208.8410,207.2100,207.4040,98870300,5.380130
2026-01-20,sh600036,207.4810,209.6560,207.2480,208.1030,111387300,5.373173
2026-01-21,sh600036,208.8410,208.9180,205.9670,206.2000,121500000,5.392259
2026-01-22,sh600036,206.3170,207.5200,204.4910,204.6860,187754600,5.407820
2026-01-23,sh600036,204.6860,205.9280,202.8610,203.3270,189211300,5.422053
2026-01-26,sh600036,203.3270,206.4330,202.5890,205.3460,216679400,5.400999
2026-01-27,sh600036,205.5010,207.2480,204.7630,205.6560,157240600,5.397795
2026-01-28,sh600036,205.7340,206.9770,204.1030,204.4910,204166700,5.409815
2026-01-29,sh600036,204.8020,207.7920,203.5210,207.3260,199998200,5.380898
2026-01-30,sh600036,207.3260,209.8110,207.3260,207.8700,166084300,5.375485
2026-02-02,sh600036,208.6850,210.3160,206.8600,207.0150,138497900,5.384005
2026-02-03,sh600036,207.8700,207.8700,205.8120,206.4330,84279200,5.389896
2026-02-04,sh600036,206.4330,209.2290,206.2780,209.1900,102131600,5.362471
2026-02-05,sh600036,208.9180,212.7240,208.8020,211.9080,121889500,5.336389
2026-02-06,sh600036,211.8690,212.8400,210.3550,211.4810,80298000,5.340429
2026-02-09,sh600036,211.4810,212.0250,210.4330,211.0150,65894900,5.344858
2026-02-10,sh600036,211.0540,211.3260,210.3550,210.4710,49596500,5.350051
2026-02-11,sh600036,210.5490,210.8990,209.9280,210.7040,52881700,5.347817
2026-02-12,sh600036,210.7040,210.7820,208.1030,209.1120,77752600,5.363221
2026-02-13,sh600036,208.9570,209.5010,207.7140,208.0250,70537000,5.373934
2026-02-24,sh600036,209.9280,210.7430,208.4520,208.9180,75467400,5.365126
2026-02-25,sh600036,208.7630,209.7340,208.0640,208.2970,72397100,5.371248
2026-02-26,sh600036,208.3750,209.2290,207.2100,207.9860,59332500,5.374315
2026-02-27,sh600036,208.1800,208.9570,207.7530,208.1800,63703500,5.372387
2026-03-02,sh600036,207.5980,208.6460,206.8990,207.8700,68547300,5.375485
2026-03-03,sh600036,207.8310,211.2870,207.4430,209.8500,138465600,5.356049
2026-03-04,sh600036,209.1900,209.2680,205.3070,207.5980,115193900,5.378187
2026-03-05,sh600036,207.8310,210.0830,207.7140,209.7340,78337000,5.357190
2026-03-06,sh600036,209.5390,210.3940,208.9570,209.9280,46595700,5.355306
2026-03-09,sh600036,208.7630,209.8500,208.1800,208.3360,76677500,5.370869
2026-03-10,sh600036,208.9180,210.0830,208.3750,210.0050,61371700,5.354539
2026-03-11,sh600036,210.3160,211.0930,208.9570,211.0930,68940700,5.344127
2026-03-12,sh600036,210.8990,211.4030,210.4330,211.0930,52772300,5.344127
2026-03-13,sh600036,210.9370,213.2280,210.5100,212.1020,76527700,5.334557
2026-03-16,sh600036,212.1410,213.1900,211.6360,212.6850,61094500,5.329116
2026-03-17,sh600036,212.6070,214.4320,212.3740,213.5000,65622900,5.321535
2026-03-18,sh600036,213.5390,214.2770,212.2190,212.7240,70583100,5.328758
2026-03-19,sh600036,212.5680,213.1900,211.8690,212.1410,65024700,5.334197
2026-03-20,sh600036,212.4520,213.3450,211.7140,212.0630,61580300,5.334918
2026-03-23,sh600036,211.4030,211.8690,207.4040,207.9090,95773800,5.375103
2026-03-24,sh600036,208.3750,210.3940,208.1030,210.1220,61633600,5.353427
2026-03-25,sh600036,210.4330,210.7040,208.9180,210.1610,65381700,5.353057
2026-03-26,sh600036,209.7340,211.8300,209.6950,211.3260,61679000,5.341911
2026-03-27,sh600036,211.0930,211.8690,210.1220,210.8600,46800700,5.346349
2026-03-30,sh600036,210.0830,211.3640,209.6560,211.0150,64605400,5.344858
2026-03-31,sh600036,211.2480,211.9860,210.2380,210.3940,66309700,5.350814
2026-04-01,sh600036,211.3260,213.1900,210.7820,212.3350,88152600,5.332371
2026-04-02,sh600036,212.4910,212.7240,211.4030,212.1020,53463000,5.334557
2026-04-03,sh600036,212.1020,212.3350,210.5490,210.7040,46448500,5.347817
2026-04-07,sh600036,210.6660,211.4810,208.9960,209.1120,52836700,5.363221
2026-04-08,sh600036,211.0930,211.6360,209.8890,211.5590,66949800,5.339702
2026-04-09,sh600036,211.0150,211.1700,209.6170,210.1610,53585400,5.353057
2026-04-10,sh600036,210.3940,210.6270,209.6560,209.9670,54320200,5.354935
2026-04-13,sh600036,209.6560,209.7720,208.8410,209.0730,52514500,5.363597
2026-04-14,sh600036,209.1510,209.8500,208.9570,209.6560,50399900,5.357935
2026-04-15,sh600036,210.1220,212.7240,210.0050,212.6460,105210400,5.329474
2026-04-16,sh600036,212.6460,213.6170,212.0630,212.6850,61725800,5.329116
2026-04-17,sh600036,212.4520,212.6460,211.0930,211.1700,58792500,5.343370
2026-04-20,sh600036,211.0930,212.6460,210.4330,212.5290,58877600,5.330549
2026-04-21,sh600036,212.6850,213.6170,212.4910,212.5290,54594900,5.330549
2026-04-22,sh600036,212.5290,213.1510,211.5590,212.0250,50759500,5.335304
2026-04-23,sh600036,211.9470,212.4910,211.1700,212.2960,56948900,5.332730
2026-04-24,sh600036,212.0250,212.2580,210.5490,210.6270,62941400,5.348578
2026-04-27,sh600036,211.1700,212.9950,210.3940,210.6270,92616800,5.348578
2026-04-28,sh600036,210.6270,211.5970,210.1610,211.4810,66930500,5.340429
2026-04-29,sh600036,208.8020,209.2290,206.5880,207.2100,253311700,5.382078
2026-04-30,sh600036,206.8210,207.2480,205.7340,206.3170,116957400,5.391090
2026-05-06,sh600036,206.3940,206.6270,204.5690,205.2680,143177100,5.401789
2026-05-07,sh600036,205.4620,205.8890,205.0350,205.0740,79009000,5.403794
2026-05-08,sh600036,205.3850,205.9670,204.8800,205.0350,86953900,5.404191
2026-05-11,sh600036,205.0740,205.1900,204.1030,205.1520,92548900,5.403002
2026-05-12,sh600036,205.1900,205.8120,204.7240,204.8800,96729900,5.405805
2026-05-13,sh600036,205.1130,205.6180,204.6860,204.8020,71830400,5.406600
2026-05-14,sh600036,204.5300,205.3460,204.2200,204.5300,86786800,5.409415
2026-05-15,sh600036,204.5300,205.1520,203.7540,203.9090,82173800,5.415910
2026-05-18,sh600036,203.9090,203.9480,202.7440,203.2100,70768400,5.423272
2026-05-19,sh600036,203.2490,204.2580,202.7050,202.8220,71991000,5.427402
2026-05-20,sh600036,202.8220,203.0940,202.0450,202.0450,69318400,5.435701
2026-05-21,sh600036,202.0840,202.7050,201.8120,201.9670,72520000,5.436528
2026-05-22,sh600036,201.7730,202.6660,201.2690,201.4630,79761700,5.442004
2026-05-25,sh600036,201.4240,202.3950,200.9970,201.1520,71066800,5.445371
2026-05-26,sh600036,201.1520,202.5110,200.9970,201.3850,70620300,5.442838
2026-05-27,sh600036,201.4240,202.1230,200.5310,201.3850,84514600,5.442838
2026-05-28,sh600036,201.5790,203.0550,201.2690,201.8510,99579100,5.437796
2026-05-29,sh600036,201.7730,205.4230,201.1130,205.3070,153138400,5.401394
2026-06-01,sh600036,205.2680,206.0450,204.4910,206.0450,96137900,5.393848
2026-06-02,sh600036,205.8890,208.6850,205.4620,208.3750,125697000,5.370490
2026-06-03,sh600036,208.4130,208.4130,206.2390,207.2100,88127500,5.382078
2026-06-04,sh600036,206.8210,207.7920,205.2290,205.6560,73884100,5.397795
2026-06-05,sh600036,205.9670,207.9860,205.6950,207.5200,77870900,5.378953
2026-06-08,sh600036,206.8210,208.2190,206.6660,207.2100,76947800,5.382078
2026-06-09,sh600036,207.2100,207.7530,206.8210,207.1710,66450000,5.382463
2026-06-10,sh600036,207.0150,209.4620,206.7440,208.7630,93586100,5.366658
2026-06-11,sh600036,208.8790,209.5010,207.4810,208.1030,59445400,5.373173
2026-06-12,sh600036,207.5590,210.5100,206.5880,210.4710,111983400,5.350051
2026-06-15,sh600036,209.9670,210.5880,208.1030,208.9570,97740400,5.364750
2026-06-16,sh600036,208.4130,208.7240,206.8600,207.4810,78966900,5.379336
2026-06-17,sh600036,207.9090,208.5690,205.8120,206.1610,66045200,5.392650
2026-06-18,sh600036,205.8510,206.0450,202.3950,202.3950,100346100,5.431965
2026-06-22,sh600036,201.4240,204.8800,201.1910,203.9090,110076800,5.415910
2026-06-23,sh600036,203.9090,206.0060,202.7440,202.9380,100800700,5.426150
2026-06-24,sh600036,203.2880,203.6370,200.4140,200.4530,123616600,5.453020
2026-06-25,sh600036,200.3370,201.3460,198.2790,198.3950,118116200,5.475987
2026-06-26,sh600036,198.9780,199.3270,197.0360,197.5020,105541000,5.486167
2026-06-29,sh600036,197.1140,200.2980,195.1720,199.1330,108073500,5.467683
2026-06-30,sh600036,198.9390,199.0160,194.9780,195.5600,109903800,5.508732
2026-07-01,sh600036,195.6380,197.9680,194.7060,197.1520,89122100,5.490170
2026-07-02,sh600036,198.5890,200.6080,198.0070,199.8320,94461400,5.459891
2026-07-03,sh600036,200.1040,201.6180,198.8610,200.7250,85312400,5.450041
2026-07-06,sh600036,200.2200,204.3360,199.5210,204.2200,97154400,5.412669
2026-07-07,sh600036,204.1810,204.7240,202.5500,203.5210,65258700,5.420000
2026-07-08,sh600036,202.7830,205.1520,201.9670,205.0350,76713500,5.404191
2026-07-09,sh600036,204.1030,204.5300,202.8220,203.5210,76564600,5.420000
2026-07-10,sh600036,203.7650,204.9690,202.6780,204.8140,79377200,5.553525
2026-07-13,sh600036,204.5420,206.8330,204.1540,206.2500,93308500,5.536913
2026-07-14,sh600036,205.6680,206.2120,204.5810,205.9790,80415400,5.540048
2026-07-15,sh600036,205.2800,209.0070,204.3090,208.2310,115462600,5.514592
2026-07-16,sh600036,207.9980,209.6290,207.2210,207.8810,76689900,5.518476
2026-07-17,sh600036,208.2310,209.9390,207.9200,209.2400,115858400,5.503419
2026-07-20,sh600036,208.9690,212.6960,208.7360,212.6960,143361000,5.466358
2026-07-21,sh600036,213.7450,214.5990,208.7740,209.1240,156012700,5.504712
2026-07-22,sh600036,208.5800,211.9200,207.7260,211.9200,108454600,5.474554
2026-07-23,sh600036,211.8030,213.0070,210.9100,212.6960,79493800,5.466358
2026-07-24,sh600036,213.7450,214.0170,212.6580,213.8220,98296000,5.454643
2026-07-27,sh600036,213.5120,213.9780,211.8420,213.0460,71584600,5.462718
2026-07-28,sh600036,213.7060,215.3370,212.8520,215.3370,105018700,5.439177
2026-07-29,sh600036,216.8510,217.2010,214.9490,215.6090,114871200,5.436435
2026-07-30,sh600036,215.6090,219.0650,215.1820,219.0650,137458000,5.402343
2026-07-31,sh600036,216.3460,217.5890,213.2010,215.4530,149155000,5.437986
2026-08-03,sh600036,216.4630,218.5600,216.1520,218.3270,121749300,5.409490
2026-08-04,sh600036,217.5500,217.5500,213.8610,214.1330,110499900,5.451451
2026-08-05,sh600036,213.7450,214.9100,211.9590,212.8130,96045400,5.465152
2026-08-06,sh600036,213.0460,213.6280,210.9880,212.9290,85375500,5.463921
2026-08-07,sh600036,212.6580,213.4340,211.0270,212.2690,77964700,5.470851
2026-08-10,sh600036,212.2300,214.0940,211.8810,212.6960,65175800,5.466358
2026-08-11,sh600036,213.0460,213.8220,212.1530,212.8520,50077000,5.464750
2026-08-12,sh600036,212.8520,212.9290,211.3370,211.8810,55748900,5.474961
2026-08-13,sh600036,211.4540,212.3080,211.1040,212.1530,50198500,5.472092
2026-08-14,sh600036,211.6870,212.0750,210.9490,210.9490,48680200,5.484893
2026-08-17,sh600036,210.5220,210.9490,209.3960,209.9390,65674400,5.495785
2026-08-18,sh600036,209.7450,210.5610,209.2790,210.2890,60136100,5.492008
2026-08-19,sh600036,211.2980,213.6280,210.7160,213.6280,124893900,5.456654
2026-08-20,sh600036,212.2690,213.3180,210.9880,212.5020,74785700,5.468399
2026-08-21,sh600036,212.2690,213.4340,212.1140,212.6580,51421900,5.466787
2026-08-24,sh600036,212.5410,215.7640,212.1530,215.2980,104578300,5.439565
2026-08-25,sh600036,215.7640,216.6180,214.6770,214.9870,63418300,5.442709
2026-08-26,sh600036,214.6380,216.8510,214.5210,216.1520,64645500,5.430955
2026-08-27,sh600036,215.4920,216.6960,214.2880,215.2980,61459200,5.439565
2026-08-28,sh600036,214.8320,215.1820,213.9390,214.4050,48103300,5.448666
2026-08-31,sh600036,215.0260,218.0160,214.9870,217.3950,113625100,5.418619
2026-09-01,sh600036,217.0840,220.3460,216.5410,220.2680,114766100,5.390798
2026-09-02,sh600036,220.4240,220.8120,219.3750,220.3070,64861100,5.390433
2026-09-03,sh600036,219.8800,222.2100,218.9480,221.0840,76871600,5.383102
2026-09-04,sh600036,221.0060,223.8410,220.6180,223.4910,84522900,5.360782
2026-09-07,sh600036,223.3360,223.7630,220.9280,221.0840,73868300,5.383102
2026-09-08,sh600036,220.8510,222.2880,220.0740,220.4240,49310200,5.389340
2026-09-09,sh600036,220.2300,221.6660,219.8410,220.8120,43207400,5.385659
2026-09-10,sh600036,220.8120,223.4140,220.0350,223.0250,66000300,5.365047
2026-09-11,sh600036,223.7240,223.7240,221.0060,222.1710,73798300,5.372938
2026-09-14,sh600036,222.1320,224.0350,221.4330,224.0350,74606700,5.355845
2026-09-15,sh600036,223.8410,223.8410,220.8510,221.2000,56779400,5.381995
2026-09-16,sh600036,221.3940,222.4040,218.9480,220.5010,53801900,5.388587
2026-09-17,sh600036,220.4240,220.6180,218.6760,219.2590,55479800,5.400468
2026-09-18,sh600036,218.9870,220.5010,218.5990,219.2200,48520400,5.400838
2026-09-21,sh600036,219.4530,221.2780,218.3270,220.9670,54037400,5.384186
2026-09-22,sh600036,220.6960,220.8900,219.3360,220.1130,43342100,5.392283
2026-09-23,sh600036,220.1520,221.4720,219.0260,219.2590,41834500,5.400468
2026-09-24,sh600036,219.2590,221.3560,219.1810,219.6080,50352400,5.397100
2026-09-28,sh600036,219.5310,221.1230,218.4040,219.4140,54391800,5.398967
2026-09-29,sh600036,218.8320,219.9580,217.7830,218.9090,44934600,5.403826
2026-09-30,sh600036,219.2200,222.2880,218.9480,221.8220,69987100,5.376200
2026-10-08,sh600036,221.8220,224.0350,220.8120,223.5690,64242400,5.360082
