date,symbol,open,high,low,close,volume,factor
2001-08-27,sh600519,34.5100,37.7800,32.8500,35.5500,40631800,1.000000
2001-08-28,sh600519,34.9900,37.0000,34.6100,36.8600,12964779,1.000000
2001-08-29,sh600519,36.9800,37.0000,36.1000,36.3800,5325275,1.000000
2001-08-30,sh600519,36.2800,37.5100,36.0000,37.1000,4801306,1.000000
2001-08-31,sh600519,37.1500,37.6200,36.8000,37.0100,2323148,1.000000
2001-09-03,sh600519,37.2000,37.5700,36.8500,36.9900,2211209,1.000000
2001-09-04,sh600519,37.0100,38.0800,36.8800,37.4600,3700677,1.000000
2001-09-05,sh600519,37.6100,37.9200,37.2100,37.4400,2606695,1.000000
2001-09-06,sh600519,37.3500,37.4700,36.5100,36.7000,2899703,1.000000
2001-09-07,sh600519,36.5000,36.9500,35.6500,35.6800,3155225,1.000000
2001-09-10,sh600519,35.4000,36.8500,35.0100,36.7000,1887889,1.000000
2001-09-11,sh600519,36.8000,36.9500,36.2000,36.2900,1139081,1.000000
2001-09-12,sh600519,35.3300,36.2000,35.3000,35.9800,2504519,1.000000
2001-09-13,sh600519,36.0100,36.3000,35.7000,35.8900,1098668,1.000000
2001-09-14,sh600519,36.0100,36.5000,35.8000,36.3000,767283,1.000000
2001-09-17,sh600519,36.0800,36.2900,35.5000,35.8400,898397,1.000000
2001-09-18,sh600519,35.8800,36.5500,35.8500,36.2500,1077326,1.000000
2001-09-19,sh600519,36.3000,36.9200,36.0600,36.9200,865053,1.000000
2001-09-20,sh600519,36.9000,37.0500,36.5000,36.6100,1117335,1.000000
2001-09-21,sh600519,36.2800,36.6000,36.0000,36.0600,787972,1.000000
2001-09-24,sh600519,36.0600,36.3900,36.0000,36.0500,406860,1.000000
2001-09-25,sh600519,36.2800,36.5400,36.0500,36.2300,348845,1.000000
2001-09-26,sh600519,36.1100,36.4800,36.0000,36.0800,495626,1.000000
2001-09-27,sh600519,36.0800,36.9800,36.0000,36.7000,877804,1.000000
2001-09-28,sh600519,36.9000,37.2000,36.5000,37.0900,1708847,1.000000
2001-10-08,sh600519,37.0000,37.1800,36.2500,36.5800,655217,1.000000
2001-10-09,sh600519,36.6000,37.5000,36.6000,37.3000,955852,1.000000
2001-10-10,sh600519,37.3000,37.4300,36.0300,36.1000,1754869,1.000000
2001-10-11,sh600519,36.0100,36.5000,35.6500,35.7500,1230684,1.000000
2001-10-12,sh600519,35.9000,36.6500,34.0500,36.0000,2001070,1.000000
2001-10-15,sh600519,35.9000,36.0000,34.9000,35.3000,975531,1.000000
2001-10-16,sh600519,35.1300,35.8000,34.7500,34.8000,831991,1.000000
2001-10-17,sh600519,34.7900,34.8100,33.9000,34.2000,1250768,1.000000
2001-10-18,sh600519,34.2000,34.6600,33.9100,34.0400,498346,1.000000
2001-10-19,sh600519,34.0000,34.1500,33.0100,33.5000,1568754,1.000000
2001-10-22,sh600519,33.3000,33.7000,32.7000,32.7900,976065,1.000000
2001-10-23,sh600519,36.0000,36.0700,35.0100,36.0700,4059824,1.000000
2001-10-24,sh600519,36.7800,36.8000,35.1100,35.8600,4068239,1.000000
2001-10-25,sh600519,35.7000,35.8000,34.8600,34.8800,1603686,1.000000
2001-10-26,sh600519,34.7000,35.1000,34.4200,35.0000,900220,1.000000
2001-10-29,sh600519,34.8800,35.6300,34.8800,35.3000,458786,1.000000
2001-10-30,sh600519,35.2500,35.4900,34.9200,35.0000,348417,1.000000
2001-10-31,sh600519,35.0000,35.0900,34.8000,35.0500,476247,1.000000
2001-11-01,sh600519,35.0500,35.6400,34.9500,35.5700,664303,1.000000
2001-11-02,sh600519,35.2800,35.7200,35.1600,35.3600,343520,1.000000
2001-11-05,sh600519,35.0000,35.2600,34.7000,34.9000,369076,1.000000
2001-11-06,sh600519,34.8000,35.3000,34.7200,35.1500,260931,1.000000
2001-11-07,sh600519,35.0000,35.0000,33.8000,33.8500,932538,1.000000
2001-11-08,sh600519,33.3500,33.8900,32.9800,33.7000,740216,1.000000
2001-11-09,sh600519,33.7000,34.4800,33.3400,34.1500,376076,1.000000
2001-11-12,sh600519,34.4000,34.4000,33.5200,33.6000,268333,1.000000
2001-11-13,sh600519,33.2800,33.7000,33.2100,33.6400,267381,1.000000
2001-11-14,sh600519,33.6400,34.0000,33.6400,33.6500,76900,1.000000
2001-11-15,sh600519,33.6500,33.8000,33.5000,33.6800,219345,1.000000
2001-11-16,sh600519,36.2000,36.2000,33.9900,34.0900,995470,1.000000
2001-11-19,sh600519,34.1500,35.0800,34.1000,35.0500,373461,1.000000
2001-11-20,sh600519,35.2000,35.5300,34.9000,35.3800,806908,1.000000
2001-11-21,sh600519,35.4800,35.5000,34.9000,35.1800,511442,1.000000
2001-11-22,sh600519,35.2200,35.3000,34.9100,35.1200,419879,1.000000
2001-11-23,sh600519,35.0100,35.2500,34.7800,34.9800,396090,1.000000
2001-11-26,sh600519,35.0000,35.0000,34.5000,34.6100,310099,1.000000
2001-11-27,sh600519,34.5800,35.0700,34.5800,35.0000,256948,1.000000
2001-11-28,sh600519,35.0500,35.3900,34.9000,35.0500,377362,1.000000
2001-11-29,sh600519,35.0100,35.2000,34.8100,34.8300,304618,1.000000
2001-11-30,sh600519,34.8300,35.4500,34.8000,35.3400,407097,1.000000
2001-12-03,sh600519,35.3500,36.2700,35.3400,36.1700,1603705,1.000000
2001-12-04,sh600519,36.2500,36.2700,35.8100,36.2100,689499,1.000000
2001-12-05,sh600519,37.0000,37.0000,35.9600,36.0000,1502835,1.000000
2001-12-06,sh600519,35.9000,36.3000,35.8000,36.0600,637222,1.000000
2001-12-07,sh600519,36.1000,36.2000,35.8000,35.8600,390820,1.000000
2001-12-10,sh600519,36.0000,36.0800,35.7100,35.9900,416156,1.000000
2001-12-11,sh600519,36.0000,36.0000,35.6100,35.6400,358002,1.000000
2001-12-12,sh600519,35.6000,36.1000,35.6000,35.7700,463267,1.000000
2001-12-13,sh600519,35.6100,35.9700,35.2000,35.2600,354045,1.000000
2001-12-14,sh600519,35.0200,35.5000,35.0200,35.2000,284125,1.000000
2001-12-17,sh600519,35.1100,35.6100,35.0500,35.3600,441389,1.000000
2001-12-18,sh600519,35.4800,35.9600,35.1000,35.9000,482120,1.000000
2001-12-19,sh600519,35.9000,36.4900,35.6300,35.9600,962001,1.000000
2001-12-20,sh600519,35.9000,35.9000,34.6500,34.7600,1136223,1.000000
2001-12-21,sh600519,34.7000,35.9700,34.7000,35.8700,813504,1.000000
2001-12-24,sh600519,35.9900,37.2500,35.8100,36.4200,2725079,1.000000
2001-12-25,sh600519,36.4500,36.7200,35.9500,36.5000,1218260,1.000000
2001-12-26,sh600519,36.5400,37.2500,36.1000,37.1900,1680952,1.000000
2001-12-27,sh600519,37.2200,37.8400,36.9200,37.3200,2328478,1.000000
2001-12-28,sh600519,37.3000,37.6000,36.8800,37.3000,1227932,1.000000
2001-12-31,sh600519,37.6700,39.3000,37.4600,38.5500,5219541,1.000000
2002-01-04,sh600519,38.7200,38.8000,37.4500,37.5500,2910962,1.000000
2002-01-07,sh600519,37.1500,37.5000,36.6800,37.3500,1894295,1.000000
2002-01-08,sh600519,37.0000,37.5900,36.4800,36.5900,1328664,1.000000
2002-01-09,sh600519,36.5000,37.1800,36.3500,36.8700,1060682,1.000000
2002-01-10,sh600519,36.9800,37.3900,36.3500,37.2400,1881555,1.000000
2002-01-11,sh600519,37.0100,37.1400,36.0000,36.0500,1183475,1.000000
2002-01-14,sh600519,35.7000,36.4000,35.4300,36.1000,1871851,1.000000
2002-01-15,sh600519,35.9800,37.0500,35.9100,36.5400,1824741,1.000000
2002-01-16,sh600519,36.4800,36.9700,35.4000,36.3500,1397433,1.000000
2002-01-17,sh600519,36.2000,36.4900,34.7000,35.0600,2418031,1.000000
2002-01-18,sh600519,34.8000,36.8800,34.7000,36.6500,3226208,1.000000
2002-01-21,sh600519,36.3000,36.6000,35.5800,35.8700,1575593,1.000000
2002-01-22,sh600519,35.8000,36.9500,35.8000,36.4400,1348567,1.000000
2002-01-23,sh600519,36.6500,37.6500,36.2000,37.6200,2333648,1.000000
2002-01-24,sh600519,37.3600,37.8700,36.8000,37.2900,2661580,1.000000
2002-01-25,sh600519,37.2400,37.5700,36.8000,37.1000,1394112,1.000000
2002-01-28,sh600519,37.0000,37.2900,35.3000,35.4900,2166782,1.000000
2002-01-29,sh600519,35.2000,36.2000,34.9800,35.6600,1187200,1.000000
2002-01-30,sh600519,35.6000,36.2800,35.2000,35.5800,841922,1.000000
2002-01-31,sh600519,36.0000,38.0000,36.0000,37.6000,4082830,1.000000
2002-02-01,sh600519,37.5000,37.9800,36.9000,37.0600,1734503,1.000000
2002-02-04,sh600519,37.1800,38.1500,37.0000,37.9200,1651019,1.000000
2002-02-05,sh600519,37.9300,38.6800,37.6300,37.9000,1119573,1.000000
2002-02-06,sh600519,37.8600,38.1100,37.0900,37.1800,966854,1.000000
2002-02-07,sh600519,37.1800,37.9200,37.1200,37.4100,668817,1.000000
2002-02-08,sh600519,37.6000,38.2000,37.5800,37.6500,1256931,1.000000
2002-02-26,sh600519,37.9900,38.5000,37.4500,37.7700,1481599,1.000000
2002-02-27,sh600519,37.8500,38.1000,37.5000,37.9300,829081,1.000000
2002-02-28,sh600519,38.0000,38.4600,37.7800,38.0000,1250698,1.000000
2002-03-01,sh600519,37.9500,38.1500,37.2000,37.3900,742145,1.000000
2002-03-04,sh600519,37.3500,38.0800,37.1200,38.0400,522485,1.000000
2002-03-05,sh600519,38.0600,39.1000,37.8600,38.5900,2218887,1.000000
2002-03-06,sh600519,38.8000,39.0800,38.0200,38.3600,1862014,1.000000
2002-03-07,sh600519,38.2000,38.6000,38.0500,38.5000,1361602,1.000000
2002-03-08,sh600519,38.5500,39.7800,38.5500,39.6300,3532681,1.000000
2002-03-11,sh600519,39.6900,39.6900,39.0700,39.4500,1760600,1.000000
2002-03-12,sh600519,39.4500,39.4500,38.5000,38.5000,1725185,1.000000
2002-03-13,sh600519,38.3100,38.8000,38.1900,38.2400,779399,1.000000
2002-03-14,sh600519,38.1100,38.7000,38.0500,38.6200,638774,1.000000
2002-03-15,sh600519,38.0200,38.9000,37.8500,37.9200,1189288,1.000000
2002-03-18,sh600519,38.1200,38.8000,37.9000,38.0000,607027,1.000000
2002-03-19,sh600519,38.1000,38.8800,38.0200,38.7500,677404,1.000000
2002-03-20,sh600519,38.8000,39.5000,38.7000,38.9700,1503133,1.000000
2002-03-21,sh600519,39.3000,39.5600,38.6600,38.9200,1503721,1.000000
2002-03-22,sh600519,38.9200,39.0000,38.4200,38.5400,797276,1.000000
2002-03-25,sh600519,38.4900,38.9000,38.3000,38.7800,431507,1.000000
2002-03-26,sh600519,38.7000,38.8000,38.1200,38.2000,623909,1.000000
2002-03-27,sh600519,38.1500,38.4600,37.9100,38.1000,499101,1.000000
2002-03-28,sh600519,38.0100,38.2800,38.0000,38.0100,529157,1.000000
2002-03-29,sh600519,38.0000,38.0500,37.1000,37.2600,1062547,1.000000
2002-04-01,sh600519,37.1600,37.7900,37.1200,37.6000,276605,1.000000
2002-04-02,sh600519,37.6100,37.7600,36.8100,37.0200,732933,1.000000
2002-04-03,sh600519,37.0200,37.3000,36.8200,36.9800,601945,1.000000
2002-04-04,sh600519,36.9700,37.6000,36.5100,37.5800,516143,1.000000
2002-04-05,sh600519,37.7800,37.9400,37.1000,37.2800,304685,1.000000
2002-04-08,sh600519,37.3000,37.4000,36.9500,37.0000,230046,1.000000
2002-04-09,sh600519,37.0000,37.5000,36.8800,37.4300,329157,1.000000
2002-04-10,sh600519,37.4300,37.7700,37.2000,37.4800,342383,1.000000
2002-04-11,sh600519,37.4900,37.8800,37.4100,37.4900,679799,1.000000
2002-04-12,sh600519,37.6200,38.2200,37.5200,38.0000,451928,1.000000
2002-04-15,sh600519,38.4600,38.5000,37.6000,37.8900,292594,1.000000
2002-04-16,sh600519,37.8800,38.3000,37.8800,38.2600,603615,1.000000
2002-04-17,sh600519,38.5000,38.5000,36.8500,36.9800,1321928,1.000000
2002-04-18,sh600519,37.0000,37.1900,36.3800,36.3900,853815,1.000000
2002-04-19,sh600519,36.3900,36.4500,35.8900,36.2200,885432,1.000000
2002-04-22,sh600519,36.0000,36.4000,35.9000,36.1900,411365,1.000000
2002-04-23,sh600519,36.1900,36.1900,35.5100,35.5200,408822,1.000000
2002-04-24,sh600519,35.5000,35.8800,35.1600,35.2400,505088,1.000000
2002-04-25,sh600519,35.1000,35.6800,35.1000,35.5100,259676,1.000000
2002-04-26,sh600519,35.5000,36.0800,35.4000,36.0200,238123,1.000000
2002-04-29,sh600519,36.2000,37.0000,36.2000,36.3500,466521,1.000000
2002-04-30,sh600519,36.4800,36.6000,35.9500,36.2000,597847,1.000000
2002-05-08,sh600519,36.3100,36.5000,36.0200,36.2500,170049,1.000000
2002-05-09,sh600519,36.0000,36.4500,36.0000,36.0300,171221,1.000000
2002-05-10,sh600519,36.0500,36.1300,35.6500,35.6600,268850,1.000000
2002-05-13,sh600519,35.5700,35.7000,35.3800,35.4000,283074,1.000000
2002-05-14,sh600519,35.4000,36.4800,35.2100,35.4800,507003,1.000000
2002-05-15,sh600519,35.6800,35.6900,35.2000,35.3400,224430,1.000000
2002-05-16,sh600519,35.2500,35.3600,34.9100,34.9600,554983,1.000000
2002-05-17,sh600519,34.8900,35.5900,34.7500,35.0400,385968,1.000000
2002-05-20,sh600519,34.9900,34.9900,34.5000,34.5100,335369,1.000000
2002-05-21,sh600519,35.5400,35.5400,34.9000,35.0300,570700,1.000000
2002-05-22,sh600519,35.1000,35.4800,34.9500,35.0200,297406,1.000000
2002-05-23,sh600519,35.8800,35.8800,35.1000,35.2000,161990,1.000000
2002-05-24,sh600519,35.0100,35.2000,34.6800,34.8900,240735,1.000000
2002-05-27,sh600519,35.0000,35.3400,34.8900,35.1100,165326,1.000000
2002-05-28,sh600519,35.2000,35.5500,35.1000,35.1600,261490,1.000000
2002-05-29,sh600519,35.2100,35.3800,34.6600,34.7700,268474,1.000000
2002-05-30,sh600519,34.8800,35.0600,34.6000,34.8600,196225,1.000000
2002-05-31,sh600519,35.0000,35.1600,34.8000,34.9500,180610,1.000000
2002-06-03,sh600519,34.9000,35.0100,34.5100,34.9300,229022,1.000000
2002-06-04,sh600519,34.9000,35.0000,34.0000,34.5000,197600,1.000000
2002-06-05,sh600519,34.5000,34.5000,34.1000,34.3500,222475,1.000000
2002-06-06,sh600519,34.3800,35.4700,34.1000,34.9900,575740,1.000000
2002-06-07,sh600519,34.8000,35.1600,34.6100,34.9200,362216,1.000000
2002-06-10,sh600519,35.0000,35.0500,34.5100,34.6400,183253,1.000000
2002-06-11,sh600519,34.7500,35.0200,34.6500,34.8200,153920,1.000000
2002-06-12,sh600519,34.8000,35.1200,34.5500,35.1100,208220,1.000000
2002-06-13,sh600519,35.1000,35.3000,34.8800,34.9000,162300,1.000000
2002-06-14,sh600519,34.9000,35.2000,34.6000,34.6500,94711,1.000000
2002-06-17,sh600519,34.5500,34.6600,34.3000,34.6500,135810,1.000000
2002-06-18,sh600519,34.7000,35.0800,34.6900,34.9700,163699,1.000000
2002-06-19,sh600519,34.9000,35.0000,34.7000,34.7300,83350,1.000000
2002-06-20,sh600519,34.9800,35.0500,34.7600,34.8800,131920,1.000000
2002-06-21,sh600519,35.0000,35.7000,34.8800,35.4900,426651,1.000000
2002-06-24,sh600519,39.0400,39.0400,37.0000,38.1800,6125441,1.000000
2002-06-26,sh600519,37.2800,37.4000,36.5600,36.8500,1542300,1.000000
2002-06-27,sh600519,36.9000,37.1800,36.6000,36.7800,558178,1.000000
2002-06-28,sh600519,36.7000,37.3800,36.7000,37.0300,1076373,1.000000
2002-07-01,sh600519,37.0800,37.4900,36.7800,36.8000,432000,1.000000
2002-07-02,sh600519,36.8000,36.8000,36.5800,36.7500,393507,1.000000
2002-07-03,sh600519,36.7500,36.8500,36.5000,36.6600,533312,1.000000
2002-07-04,sh600519,36.6800,36.7000,36.0000,36.0700,666987,1.000000
2002-07-05,sh600519,36.0600,36.1800,36.0000,36.1600,681567,1.000000
2002-07-08,sh600519,36.1800,36.4600,36.1000,36.1700,319272,1.000000
2002-07-09,sh600519,36.1800,36.2400,36.0300,36.1200,352323,1.000000
2002-07-10,sh600519,36.1200,36.2400,35.6500,35.7200,462279,1.000000
2002-07-11,sh600519,35.6300,36.2500,35.6300,35.9300,235761,1.000000
2002-07-12,sh600519,35.9900,36.1800,35.8000,36.0300,158849,1.000000
2002-07-15,sh600519,36.0100,36.1600,35.9000,35.9100,130858,1.000000
2002-07-16,sh600519,35.6800,36.1300,35.6800,35.9000,231649,1.000000
2002-07-17,sh600519,35.9500,36.0000,35.6500,35.9000,134219,1.000000
2002-07-18,sh600519,36.0500,36.4900,36.0000,36.2400,589389,1.000000
2002-07-19,sh600519,36.3700,36.4600,36.2600,36.3900,251689,1.000000
2002-07-22,sh600519,36.6800,36.7000,36.3300,36.4000,610357,1.000000
2002-07-23,sh600519,36.4500,36.4500,36.0100,36.2500,290158,1.000000
2002-07-24,sh600519,36.3000,36.4900,36.1000,36.4000,466387,1.000000
2002-07-25,sh600519,32.6100,32.8100,32.1100,36.1410,170042,1.118570
2002-07-26,sh600519,32.5000,32.5000,32.0700,35.9430,155824,1.118674
2002-07-29,sh600519,32.2000,32.2800,31.5800,35.4590,255748,1.118933
2002-07-30,sh600519,31.6800,31.7500,31.4800,35.2720,344596,1.119036
2002-07-31,sh600519,31.5200,31.7000,31.2500,35.0520,257985,1.119157
2002-08-01,sh600519,31.2800,31.4900,31.1500,34.9640,200089,1.119206
2002-08-02,sh600519,31.3000,31.7800,31.0500,35.1730,125388,1.119090
2002-08-05,sh600519,31.4400,31.5000,31.2500,35.0520,107812,1.119157
2002-08-06,sh600519,31.3200,31.5800,31.2200,35.1620,209237,1.119096
2002-08-07,sh600519,31.4300,31.5000,31.3500,35.1620,135579,1.119096
2002-08-08,sh600519,31.4200,31.5700,31.2000,35.0190,126460,1.119175
2002-08-09,sh600519,31.2100,31.3500,30.9400,34.6780,249020,1.119367
2002-08-12,sh600519,30.8000,30.8800,30.6000,34.2600,225050,1.119608
2002-08-13,sh600519,30.7000,30.7000,30.4000,34.2600,170413,1.119608
2002-08-14,sh600519,30.9800,30.9800,30.6000,34.6780,247246,1.119367
2002-08-15,sh600519,30.9800,30.9800,30.7500,34.4360,125955,1.119506
2002-08-16,sh600519,30.5000,30.8700,30.3000,34.4800,224098,1.119481
2002-08-19,sh600519,30.7900,30.9000,30.6100,34.3260,110896,1.119569
2002-08-20,sh600519,30.5900,30.9900,30.5900,34.5900,237211,1.119417
2002-08-21,sh600519,31.0000,31.0000,30.7700,34.5900,169451,1.119417
2002-08-22,sh600519,31.0000,31.3700,30.9000,34.8980,422034,1.119243
2002-08-23,sh600519,31.1500,31.3500,31.1500,34.9530,243141,1.119212
2002-08-26,sh600519,31.1500,31.1500,30.6900,34.4030,263149,1.119525
2002-08-27,sh600519,30.7300,30.9000,30.6000,34.5350,258441,1.119449
2002-08-28,sh600519,30.8900,31.1200,30.5000,34.2160,376582,1.119634
2002-08-29,sh600519,30.5500,30.6800,30.4500,34.1390,289937,1.119679
2002-08-30,sh600519,30.5600,30.5600,30.4200,34.1170,188668,1.119691
2002-09-02,sh600519,30.4500,30.5000,30.3500,34.0400,234130,1.119737
2002-09-03,sh600519,30.4000,30.8800,30.4000,34.2930,227701,1.119589
2002-09-04,sh600519,30.6300,30.7900,30.4200,34.2490,178869,1.119614
2002-09-05,sh600519,30.5200,30.5200,30.3000,33.9300,289369,1.119802
2002-09-06,sh600519,30.3500,30.4600,30.2000,33.9850,185962,1.119769
2002-09-09,sh600519,30.3000,30.3500,30.0200,33.6770,261390,1.119953
2002-09-10,sh600519,30.0000,30.1000,29.4800,33.1600,805712,1.120270
2002-09-11,sh600519,29.4600,29.6000,28.6000,32.6100,984529,1.120619
2002-09-12,sh600519,29.0000,29.2500,28.7700,32.5770,171659,1.120640
2002-09-13,sh600519,29.0100,29.1800,28.9200,32.6760,107173,1.120576
2002-09-16,sh600519,29.1100,29.1700,28.6900,32.1700,392351,1.120906
2002-09-17,sh600519,28.7500,29.0800,28.6200,32.3900,261349,1.120761
2002-09-18,sh600519,28.9900,28.9900,28.7300,32.3570,161606,1.120783
2002-09-19,sh600519,28.8000,29.1500,28.5700,32.5000,365015,1.120690
2002-09-20,sh600519,28.9700,28.9700,28.6700,32.2030,137298,1.120884
2002-09-23,sh600519,28.6800,28.7300,28.4000,31.8730,212110,1.121104
2002-09-24,sh600519,28.4000,28.4300,27.9000,31.3780,714854,1.121444
2002-09-25,sh600519,27.9800,28.5500,27.9800,31.7300,355709,1.121201
2002-09-26,sh600519,28.3600,28.3600,28.0100,31.4330,216807,1.121406
2002-09-27,sh600519,28.1200,28.3500,27.9800,31.5980,150545,1.121292
2002-10-08,sh600519,28.1500,28.1500,27.9300,31.4880,358977,1.121368
2002-10-09,sh600519,28.0000,28.0500,27.5800,31.1030,245871,1.121637
2002-10-10,sh600519,27.7000,28.0300,27.6500,31.1580,108767,1.121598
2002-10-11,sh600519,27.6800,27.9000,27.5000,30.9380,121705,1.121755
2002-10-14,sh600519,27.9000,27.9000,27.5200,30.9820,109529,1.121723
2002-10-15,sh600519,27.6000,27.7900,27.5500,31.1580,206594,1.121598
2002-10-16,sh600519,27.7800,28.1900,27.7700,31.3010,226133,1.121498
2002-10-17,sh600519,27.9100,28.0000,27.5000,30.9490,156480,1.121747
2002-10-18,sh600519,27.5000,27.6800,26.5500,30.0910,463533,1.122380
2002-10-21,sh600519,26.7900,27.2800,26.5500,30.1350,164605,1.122346
2002-10-22,sh600519,26.9700,27.5500,26.9000,30.7180,210571,1.121914
2002-10-23,sh600519,27.4500,27.4500,27.0300,30.4430,108078,1.122116
2002-10-24,sh600519,27.1000,27.3800,27.1000,30.4210,97060,1.122132
2002-10-25,sh600519,27.1100,27.1200,26.6000,29.9150,236812,1.122514
2002-10-28,sh600519,26.6000,26.6000,25.9000,29.1560,447153,1.123112
2002-10-29,sh600519,26.5000,26.5000,25.6100,29.4310,319869,1.122892
2002-10-30,sh600519,26.2500,26.3000,25.9600,29.2330,203557,1.123050
2002-10-31,sh600519,26.0300,26.4800,26.0000,29.2990,281730,1.122997
2002-11-01,sh600519,26.0800,26.2700,25.9600,29.4420,147119,1.122883
2002-11-04,sh600519,26.2200,26.6600,26.2200,29.9260,199503,1.122506
2002-11-05,sh600519,26.7000,27.2000,26.5100,30.2010,348538,1.122297
2002-11-06,sh600519,26.9500,26.9800,26.7000,29.9920,162265,1.122455
2002-11-07,sh600519,26.7500,26.8500,26.5200,29.8930,241652,1.122531
2002-11-08,sh600519,27.2000,27.2000,25.9600,29.2880,271756,1.123006
2002-11-11,sh600519,26.1300,26.3500,25.8100,29.2110,188282,1.123068
2002-11-12,sh600519,26.0500,26.2800,25.7500,28.9800,239589,1.123256
2002-11-13,sh600519,25.7800,25.9900,25.6700,29.1670,195368,1.123104
2002-11-14,sh600519,25.9800,26.1300,25.8000,29.0130,168832,1.123229
2002-11-15,sh600519,25.8000,26.0400,25.6500,29.0020,234901,1.123238
2002-11-18,sh600519,25.8000,26.0600,25.8000,29.2000,194719,1.123077
2002-11-19,sh600519,26.0000,26.5500,25.9200,29.6730,321819,1.122701
2002-11-20,sh600519,26.4800,26.7000,25.9000,29.5740,957938,1.122779
2002-11-21,sh600519,26.2400,26.4000,25.8500,29.0460,401953,1.123202
2002-11-22,sh600519,26.0000,26.2600,25.5800,29.1010,242925,1.123157
2002-11-25,sh600519,25.9200,26.2800,25.6000,29.3980,398796,1.122918
2002-11-26,sh600519,26.3000,26.4000,25.7000,28.8810,205454,1.123337
2002-11-27,sh600519,25.6000,25.9800,25.4200,28.7930,332091,1.123410
2002-11-28,sh600519,25.6900,26.4000,25.6200,29.5080,249203,1.122831
2002-12-02,sh600519,26.5000,26.7000,25.9200,29.1890,585087,1.123086
2002-12-03,sh600519,25.9200,26.4200,25.7000,29.6290,310385,1.122736
2002-12-04,sh600519,26.0700,26.8000,26.0700,29.6950,415100,1.122684
2002-12-05,sh600519,26.3800,27.3800,26.3000,30.4100,1302018,1.122140
2002-12-06,sh600519,27.0000,27.2000,26.8200,30.3110,374154,1.122214
2002-12-09,sh600519,27.0000,27.1000,26.7000,30.0470,290258,1.122413
2002-12-10,sh600519,26.8200,26.9000,26.4000,29.7060,261198,1.122676
2002-12-11,sh600519,26.3500,26.4500,26.1000,29.5520,254680,1.122796
2002-12-12,sh600519,26.3200,26.6000,26.1300,29.8270,398933,1.122582
2002-12-13,sh600519,25.8000,26.7300,25.8000,29.7390,222310,1.122650
2002-12-16,sh600519,26.4900,26.9800,26.3700,30.2010,797694,1.122297
2002-12-17,sh600519,26.9100,27.1000,26.7200,30.2120,292615,1.122288
2002-12-18,sh600519,26.8800,26.9800,26.7200,30.0360,202853,1.122422
2002-12-19,sh600519,26.7600,26.7900,26.5100,29.8820,231004,1.122539
2002-12-20,sh600519,26.6200,26.9600,26.6200,30.1130,162474,1.122363
2002-12-23,sh600519,27.0800,27.1000,26.7000,30.0800,198455,1.122388
2002-12-24,sh600519,26.8100,26.9600,26.4800,30.0360,84816,1.122422
2002-12-25,sh600519,26.7900,26.8000,26.4600,29.7170,148138,1.122667
2002-12-26,sh600519,26.4500,26.5000,25.6100,28.8700,514561,1.123346
2002-12-27,sh600519,25.6900,25.9700,25.5100,29.0240,339021,1.123220
2002-12-30,sh600519,25.8200,25.8200,25.4500,28.7050,300220,1.123483
2002-12-31,sh600519,25.6000,25.7800,25.4500,28.6060,164478,1.123566
2003-01-02,sh600519,25.5000,25.5000,24.7000,27.7920,356530,1.124272
2003-01-03,sh600519,24.6800,24.9400,24.5000,27.7480,174368,1.124311
2003-01-06,sh600519,24.5800,24.9000,24.5100,27.9460,98636,1.124135
2003-01-07,sh600519,24.8500,24.9600,24.6100,27.6930,145050,1.124361
2003-01-08,sh600519,25.0100,25.3000,24.6800,28.4300,176802,1.123715
2003-01-09,sh600519,25.2700,25.6800,25.0200,28.6720,260257,1.123511
2003-01-10,sh600519,25.5000,25.9000,25.2800,28.5510,234638,1.123613
2003-01-13,sh600519,25.2000,25.5000,25.2000,28.5070,140380,1.123650
2003-01-14,sh600519,25.3500,26.7200,25.1800,29.6290,958825,1.122736
2003-01-15,sh600519,26.4900,27.1800,26.3900,29.9700,1145168,1.122472
2003-01-16,sh600519,26.8100,27.1500,26.6600,30.4210,735908,1.122132
2003-01-17,sh600519,27.1800,27.1800,26.6700,29.9480,379518,1.122489
2003-01-20,sh600519,26.6000,26.6000,26.2600,29.7940,207090,1.122607
2003-01-21,sh600519,26.5500,27.0000,26.5000,29.8050,478744,1.122599
2003-01-22,sh600519,26.5000,26.5000,26.3000,29.5740,163310,1.122779
2003-01-23,sh600519,26.3000,26.5000,26.3000,29.5850,216749,1.122770
2003-01-24,sh600519,26.3000,26.4800,26.3000,29.6400,244119,1.122727
2003-01-27,sh600519,26.3100,26.9000,26.3100,30.0910,395568,1.122380
2003-01-28,sh600519,26.8000,27.0000,26.6800,30.1240,349496,1.122355
2003-01-29,sh600519,26.8400,27.0000,26.7500,30.1680,330219,1.122321
2003-02-10,sh600519,26.8600,26.8600,26.5000,29.8600,169378,1.122556
2003-02-11,sh600519,26.3800,26.6800,26.3800,29.9260,82150,1.122506
2003-02-12,sh600519,26.7000,26.9500,26.5000,30.1680,147730,1.122321
2003-02-13,sh600519,26.8600,26.9700,26.6500,29.9150,271832,1.122514
2003-02-14,sh600519,26.6000,26.9900,26.6000,30.1680,190475,1.122321
2003-02-17,sh600519,26.7000,26.9200,26.5200,29.8050,156776,1.122599
2003-02-18,sh600519,26.5200,26.6000,26.4000,29.7500,104819,1.122642
2003-02-19,sh600519,26.5000,26.6100,26.4500,29.8380,102970,1.122573
2003-02-20,sh600519,26.6100,26.8000,26.5500,29.9590,85120,1.122480
2003-02-21,sh600519,26.5300,26.6000,26.2000,29.6180,226893,1.122745
2003-02-24,sh600519,26.4900,26.4900,26.2100,29.5410,61566,1.122805
2003-02-25,sh600519,26.3000,26.9000,26.2800,30.1790,187859,1.122313
2003-02-26,sh600519,26.9500,27.0500,26.6800,29.9700,108215,1.122472
2003-02-27,sh600519,26.7500,26.9800,26.5700,30.0140,169761,1.122438
2003-02-28,sh600519,26.8800,26.8800,26.6000,30.0800,136045,1.122388
2003-03-03,sh600519,26.8800,27.4700,26.8800,30.7400,600093,1.121898
2003-03-04,sh600519,27.4000,27.4400,27.0600,30.5970,190950,1.122002
2003-03-05,sh600519,27.2700,27.9800,27.1100,31.2130,940501,1.121559
2003-03-06,sh600519,27.9000,27.9000,27.3300,30.8500,450769,1.121818
2003-03-07,sh600519,27.5200,27.5900,27.2000,30.6410,247545,1.121970
2003-03-10,sh600519,27.3500,27.4100,26.8800,30.1900,310340,1.122305
2003-03-11,sh600519,26.8500,26.9000,26.5500,30.0800,196449,1.122388
2003-03-12,sh600519,26.7900,26.9000,26.6000,30.1460,117717,1.122338
2003-03-13,sh600519,26.8800,27.2600,26.8500,30.2340,199758,1.122272
2003-03-14,sh600519,26.8800,26.9400,26.7200,30.1020,275642,1.122371
2003-03-17,sh600519,26.7800,26.7800,26.4900,29.8820,469292,1.122539
2003-03-18,sh600519,26.6000,26.7000,26.1300,29.5190,314790,1.122822
2003-03-19,sh600519,26.0100,26.3000,25.8600,29.1010,339792,1.123157
2003-03-20,sh600519,26.0000,26.4300,25.9000,29.1890,196840,1.123086
2003-03-21,sh600519,26.0000,26.4600,26.0000,29.6730,202107,1.122701
2003-03-24,sh600519,26.4200,26.5000,26.2000,29.5410,171870,1.122805
2003-03-25,sh600519,26.2300,26.3100,25.9000,29.2000,206238,1.123077
2003-03-26,sh600519,26.0000,26.4500,25.5000,28.8700,358951,1.123346
2003-03-27,sh600519,25.6800,26.2700,25.4100,29.3430,210565,1.122962
2003-03-28,sh600519,26.2000,26.2500,26.0100,29.2440,381070,1.123041
2003-03-31,sh600519,25.9900,26.1500,25.9800,29.2550,304730,1.123033
2003-04-01,sh600519,26.0600,26.2500,25.9800,29.4420,372984,1.122883
2003-04-02,sh600519,26.2000,26.4600,26.1300,29.5850,371320,1.122770
2003-04-03,sh600519,26.4000,26.5000,26.2300,29.5300,519367,1.122814
2003-04-04,sh600519,26.2900,26.3000,25.9500,29.2330,498473,1.123050
2003-04-07,sh600519,26.0000,26.0300,25.6000,28.8590,446211,1.123355
2003-04-08,sh600519,25.6900,25.7000,25.3500,28.7600,611287,1.123438
2003-04-09,sh600519,25.5900,26.0500,25.3500,29.2000,1012377,1.123077
2003-04-10,sh600519,26.0000,26.1000,25.6200,29.1120,1078913,1.123148
2003-04-11,sh600519,25.8800,26.5000,25.8500,29.7060,2996684,1.122676
2003-04-14,sh600519,26.6100,27.1800,26.6000,30.3770,1261241,1.122165
2003-04-15,sh600519,27.1000,27.1800,26.6100,30.2560,779783,1.122255
2003-04-16,sh600519,26.9600,27.4000,26.4200,29.7390,1701715,1.122650
2003-04-17,sh600519,26.5500,26.6900,26.2500,29.5080,759887,1.122831
2003-04-18,sh600519,26.3500,26.7800,26.3500,29.6180,533932,1.122745
2003-04-21,sh600519,26.3400,26.4000,25.5000,28.7270,1130153,1.123465
2003-04-22,sh600519,25.5500,25.8000,25.4500,28.6170,513114,1.123557
2003-04-23,sh600519,25.4800,25.5400,25.0100,28.1440,581664,1.123962
2003-04-24,sh600519,25.0400,25.1500,24.7000,27.7810,974938,1.124282
2003-04-25,sh600519,24.8800,25.3500,24.8000,28.0450,700841,1.124048
2003-04-28,sh600519,24.9500,25.1800,24.5000,28.2540,784532,1.123866
2003-04-29,sh600519,25.3500,25.3700,24.5000,27.8580,984093,1.124213
2003-04-30,sh600519,24.8000,25.4600,24.7200,28.3090,1349930,1.123819
2003-05-12,sh600519,25.2000,25.3800,24.9500,28.0670,735120,1.124029
2003-05-13,sh600519,25.0000,25.0100,23.6500,26.6260,1523540,1.125359
2003-05-14,sh600519,23.7500,24.0000,23.6000,26.7800,934222,1.125210
2003-05-15,sh600519,23.9000,24.6000,23.8000,27.6050,1041706,1.124440
2003-05-16,sh600519,24.6000,24.6700,24.1000,27.4290,965805,1.124600
2003-05-19,sh600519,24.5000,25.3000,24.5000,28.1550,1289908,1.123952
2003-05-20,sh600519,25.0200,25.0500,24.6500,27.8250,514816,1.124242
2003-05-21,sh600519,24.7500,25.0800,24.7000,27.7700,316358,1.124291
2003-05-22,sh600519,24.6100,24.9900,24.6000,27.9900,309946,1.124096
2003-05-23,sh600519,24.9000,24.9100,24.5000,27.8030,688996,1.124262
2003-05-26,sh600519,24.7000,25.0800,24.6800,27.9130,998501,1.124164
2003-05-27,sh600519,24.8500,24.9800,24.6500,27.9680,362268,1.124116
2003-05-28,sh600519,25.0000,25.7700,24.9000,28.2650,961797,1.123857
2003-05-29,sh600519,25.1000,25.6000,25.0200,28.5290,515602,1.123631
2003-05-30,sh600519,25.7300,26.2700,25.4400,29.3540,1818094,1.122953
2003-06-02,sh600519,26.2200,26.2500,25.8100,29.2440,625851,1.123041
2003-06-03,sh600519,26.0400,26.1500,25.6600,28.8590,553665,1.123355
2003-06-04,sh600519,25.6500,25.7700,25.3100,28.6940,399590,1.123493
2003-06-05,sh600519,25.5300,25.9800,25.4500,28.7160,679898,1.123474
2003-06-06,sh600519,25.5600,25.5800,25.2000,28.5070,359633,1.123650
2003-06-09,sh600519,25.3500,25.4500,25.2100,28.4520,243618,1.123697
2003-06-10,sh600519,25.3500,25.6500,25.3400,28.6060,162842,1.123566
2003-06-11,sh600519,25.4600,25.6500,25.4600,28.7710,301825,1.123428
2003-06-13,sh600519,25.6000,25.8800,25.5500,28.8150,320027,1.123392
2003-06-16,sh600519,25.6500,25.6500,25.2900,28.4740,201265,1.123678
2003-06-17,sh600519,25.3600,25.4000,25.0100,28.2650,299430,1.123857
2003-06-18,sh600519,25.1500,25.4500,24.9500,28.1220,318483,1.123981
2003-06-19,sh600519,25.0400,25.2500,24.7500,27.9900,326009,1.124096
2003-06-20,sh600519,24.9500,25.2000,24.8500,28.1000,167090,1.124000
2003-06-23,sh600519,25.0000,25.7500,24.9500,28.5620,781120,1.123603
2003-06-24,sh600519,25.4200,25.5800,25.3000,28.6280,169436,1.123548
2003-06-25,sh600519,25.4800,25.9000,25.3600,28.5950,420470,1.123576
2003-06-26,sh600519,25.4500,25.6500,24.8300,28.3090,447705,1.123819
2003-06-27,sh600519,25.2000,25.4000,24.9000,28.0670,271970,1.124029
2003-06-30,sh600519,25.0000,25.1000,24.9500,28.0560,352014,1.124038
2003-07-01,sh600519,24.9000,25.3000,24.9000,28.3640,488577,1.123772
2003-07-02,sh600519,25.2000,25.2000,25.0000,28.2100,133689,1.123904
2003-07-03,sh600519,25.1200,25.2500,24.8900,28.1440,287867,1.123962
2003-07-04,sh600519,25.0000,25.1300,24.9500,28.0890,219720,1.124010
2003-07-07,sh600519,25.0100,25.0900,24.8000,27.9570,166992,1.124125
2003-07-08,sh600519,24.9500,25.1800,24.9100,28.2870,227232,1.123838
2003-07-09,sh600519,25.1600,25.1900,24.9800,28.1550,148399,1.123952
2003-07-10,sh600519,25.1900,25.7400,25.0300,28.7930,628810,1.123410
2003-07-11,sh600519,25.6800,25.8800,25.5900,28.8700,576371,1.123346
2003-07-14,sh600519,23.4500,24.0000,23.2000,29.5940,867430,1.244491
2003-07-15,sh600519,23.7000,24.1900,23.5800,29.7270,666082,1.244328
2003-07-16,sh600519,23.9000,24.2000,23.8600,29.8960,779619,1.244112
2003-07-17,sh600519,24.0500,24.5000,24.0000,30.1020,997825,1.243884
2003-07-18,sh600519,24.2000,24.3000,23.5100,29.3880,962967,1.244727
2003-07-21,sh600519,23.5000,23.7800,23.3600,29.4970,711248,1.244599
2003-07-22,sh600519,23.6100,23.9500,23.6100,29.6420,310943,1.244416
2003-07-23,sh600519,23.8200,23.9500,23.6000,29.6540,559227,1.244398
2003-07-24,sh600519,23.8300,23.8300,23.6000,29.4370,145051,1.244693
2003-07-25,sh600519,23.6500,23.7000,23.1200,29.0130,287594,1.245193
2003-07-28,sh600519,23.3500,23.4000,23.2000,28.9280,188548,1.245286
2003-07-29,sh600519,23.3500,23.4900,23.2000,29.1340,130378,1.245043
2003-07-30,sh600519,23.5800,23.5800,23.1800,29.0740,273090,1.245139
2003-07-31,sh600519,23.3500,23.3500,22.9200,28.8320,224938,1.245443
2003-08-01,sh600519,23.0000,23.1300,22.7500,28.5170,325583,1.245828
2003-08-04,sh600519,22.8000,22.9000,22.6000,28.5170,270968,1.245828
2003-08-05,sh600519,22.8900,23.0900,22.7500,28.7470,193039,1.245537
2003-08-06,sh600519,23.0800,23.2200,22.9100,28.8920,228444,1.245345
2003-08-07,sh600519,23.0000,23.1000,22.9300,28.6740,75057,1.245613
2003-08-08,sh600519,22.9100,23.0500,22.7100,28.3840,186507,1.246005
2003-08-11,sh600519,22.6100,22.7800,22.6100,28.3230,99632,1.246062
2003-08-12,sh600519,22.7500,23.1000,22.7500,28.6380,75207,1.245672
2003-08-13,sh600519,22.9000,23.0100,22.9000,28.6140,180270,1.245712
2003-08-14,sh600519,22.8100,22.9900,22.7700,28.4080,190650,1.245965
2003-08-15,sh600519,22.7800,22.8900,22.7600,28.4200,92840,1.245945
2003-08-18,sh600519,22.8100,22.8600,22.7300,28.3480,89030,1.246066
2003-08-19,sh600519,22.7400,22.8800,22.6800,28.3840,114097,1.246005
2003-08-20,sh600519,22.8000,22.8000,22.6000,28.2510,86875,1.246184
2003-08-21,sh600519,22.6500,22.8000,21.0000,27.6820,455128,1.246937
2003-08-22,sh600519,22.2000,22.4400,21.7100,27.1740,386467,1.247658
2003-08-25,sh600519,21.6000,21.6500,21.3000,26.6540,234532,1.248431
2003-08-26,sh600519,21.3500,21.5000,21.3000,26.6660,100100,1.248408
2003-08-27,sh600519,21.3600,22.9700,21.3600,27.2830,424621,1.247508
2003-08-28,sh600519,21.6100,21.9600,21.5300,27.0770,144678,1.247788
2003-08-29,sh600519,21.7500,21.8000,21.3000,26.8470,275200,1.248117
2003-09-01,sh600519,21.6900,21.8800,21.3600,27.2710,495174,1.247530
2003-09-02,sh600519,21.8200,22.5000,21.8200,27.5490,720637,1.247125
2003-09-03,sh600519,22.1000,22.2700,21.8800,27.5250,116140,1.247168
2003-09-04,sh600519,22.0800,22.2500,21.8600,27.3070,124451,1.247465
2003-09-05,sh600519,21.8900,21.8900,21.0000,26.8350,581204,1.248140
2003-09-08,sh600519,21.3200,21.5000,21.1800,26.7140,181364,1.248318
2003-09-09,sh600519,21.4000,21.4800,21.0000,26.6780,356254,1.248386
2003-09-10,sh600519,21.3700,21.8600,21.1100,26.7140,204150,1.248318
2003-09-11,sh600519,21.4100,21.4900,21.3000,26.6170,100995,1.248452
2003-09-12,sh600519,21.3200,21.3200,21.1400,26.4960,280319,1.248633
2003-09-15,sh600519,21.2100,21.3600,21.0000,26.3510,264887,1.248863
2003-09-16,sh600519,21.1000,21.3000,20.8200,26.3750,181172,1.248816
2003-09-17,sh600519,21.2800,21.3500,21.0000,26.2300,678865,1.249048
2003-09-18,sh600519,20.9000,21.0800,20.9000,26.2300,119568,1.249048
2003-09-19,sh600519,20.9500,21.1000,20.9100,26.2180,383015,1.249071
2003-09-22,sh600519,21.1000,21.1000,20.8100,26.0850,118686,1.249282
2003-09-23,sh600519,20.9000,21.0000,20.7100,26.0850,95552,1.249282
2003-09-24,sh600519,21.1600,21.2200,20.9000,26.4720,228521,1.248679
2003-09-25,sh600519,21.2000,21.2000,20.9500,26.4720,213830,1.248679
2003-09-26,sh600519,21.1700,21.4000,21.0100,26.4960,265450,1.248633
2003-09-29,sh600519,21.1000,21.1900,21.0700,26.3630,188806,1.248839
2003-09-30,sh600519,21.1200,21.3900,21.1200,26.5200,144327,1.248588
2003-10-08,sh600519,21.1200,21.2900,21.0000,26.5330,85201,1.248612
2003-10-09,sh600519,21.2000,21.3000,21.1100,26.4720,113520,1.248679
2003-10-10,sh600519,21.1300,21.6500,21.0900,26.9560,133710,1.247963
2003-10-13,sh600519,21.6000,21.7000,21.4000,27.0170,161982,1.247898
2003-10-14,sh600519,21.5800,21.7200,21.4300,27.0530,179218,1.247832
2003-10-15,sh600519,21.7500,21.8500,21.6200,27.0290,116127,1.247876
2003-10-16,sh600519,21.6600,21.7500,21.3800,26.7990,149039,1.248207
2003-10-17,sh600519,21.4600,21.4700,21.3000,26.6660,82288,1.248408
2003-10-20,sh600519,21.3800,21.5000,21.3100,26.6660,92842,1.248408
2003-10-21,sh600519,21.3900,21.5500,21.3600,26.7140,66391,1.248318
2003-10-22,sh600519,21.4500,21.8800,21.4500,27.2100,216321,1.247593
2003-10-23,sh600519,21.8100,21.9000,21.6600,27.0290,225161,1.247876
2003-10-24,sh600519,21.6000,21.6500,21.5000,26.8350,97100,1.248140
2003-10-27,sh600519,21.4800,21.5000,21.1200,26.4840,365566,1.248656
2003-10-28,sh600519,21.2000,21.6500,21.2000,26.6290,298328,1.248429
2003-10-29,sh600519,21.3300,22.0200,21.3300,27.4280,708496,1.247294
2003-10-30,sh600519,22.1000,22.3000,21.8100,27.5370,930982,1.247147
2003-10-31,sh600519,22.5000,22.5000,22.0300,27.9120,578462,1.246628
2003-11-03,sh600519,22.6800,22.8200,22.3300,28.3480,487826,1.246066
2003-11-04,sh600519,22.7600,23.6000,22.7500,29.0370,1538786,1.245154
2003-11-05,sh600519,23.2400,23.8500,23.1500,29.3520,1731226,1.244784
2003-11-06,sh600519,23.6700,23.7000,23.3000,29.1700,627370,1.244985
2003-11-07,sh600519,23.3000,23.4000,22.7000,28.5410,749701,1.245788
2003-11-10,sh600519,23.0000,23.1900,22.7800,28.7110,276093,1.245597
2003-11-11,sh600519,23.0500,23.3500,22.9500,28.9530,260167,1.245290
2003-11-12,sh600519,23.0000,23.3000,23.0000,28.6500,296058,1.245652
2003-11-13,sh600519,22.9900,23.1200,22.7000,28.4560,210393,1.245884
2003-11-14,sh600519,22.8000,23.0800,22.6500,28.6500,227357,1.245652
2003-11-17,sh600519,23.0800,23.1200,22.8800,28.5290,171102,1.245808
2003-11-18,sh600519,23.0000,23.0000,22.7000,28.3480,244993,1.246066
2003-11-19,sh600519,22.7500,22.9900,22.6100,28.5900,314682,1.245752
2003-11-20,sh600519,22.8500,23.1700,22.8000,28.7110,498785,1.245597
2003-11-21,sh600519,23.3800,23.4000,22.9100,28.6260,182592,1.245692
2003-11-24,sh600519,23.0800,23.3000,22.8000,28.9650,249784,1.245271
2003-11-25,sh600519,23.3000,23.3000,22.9500,28.8800,334901,1.245364
2003-11-26,sh600519,23.0000,23.2500,22.9000,28.8920,340195,1.245345
2003-11-27,sh600519,23.0900,23.4900,22.9300,28.7110,584705,1.245597
2003-11-28,sh600519,23.0900,23.0900,22.8500,28.6260,310480,1.245692
2003-12-01,sh600519,23.3000,23.3000,22.8500,28.6620,876473,1.245632
2003-12-02,sh600519,23.1900,23.2600,23.0000,28.8680,694387,1.245384
2003-12-03,sh600519,23.2500,23.8000,23.1800,29.2790,1357229,1.244855
2003-12-04,sh600519,23.5600,23.6800,23.3100,29.1580,816032,1.245004
2003-12-05,sh600519,23.4000,23.9000,23.3100,29.7030,2033561,1.244365
2003-12-08,sh600519,23.9000,23.9100,23.5800,29.4850,353292,1.244618
2003-12-09,sh600519,23.6800,23.7600,23.4500,29.3160,379646,1.244841
2003-12-10,sh600519,23.7800,23.7800,23.5200,29.5210,536001,1.244562
2003-12-11,sh600519,23.7500,23.8400,23.5100,29.2910,464016,1.244836
2003-12-12,sh600519,23.5300,23.5900,23.4600,29.2790,193225,1.244855
2003-12-15,sh600519,23.5200,23.6900,23.4200,29.3760,186242,1.244746
2003-12-16,sh600519,23.5900,23.7000,23.2000,29.3030,333216,1.244817
2003-12-17,sh600519,23.5800,24.3000,23.5800,29.8840,828265,1.244130
2003-12-18,sh600519,24.0000,24.2700,23.8000,30.1260,570803,1.243848
2003-12-19,sh600519,24.2700,24.2700,23.8100,29.8600,582724,1.244167
2003-12-22,sh600519,24.0000,24.4800,23.7000,30.4050,625396,1.243558
2003-12-23,sh600519,24.4500,24.8600,24.2600,30.6220,1033364,1.243281
2003-12-24,sh600519,24.6800,25.2700,24.5200,31.3360,704315,1.242506
2003-12-25,sh600519,25.2200,25.3000,25.0100,31.1310,743141,1.242754
2003-12-26,sh600519,25.0000,25.4500,24.9000,31.4090,515311,1.242445
2003-12-30,sh600519,25.1800,25.6800,24.8100,31.6750,413823,1.242157
2003-12-31,sh600519,25.5000,25.5000,25.2300,31.5540,551077,1.242283
2004-01-02,sh600519,25.0100,25.4800,25.0000,31.3000,651376,1.242557
2004-01-05,sh600519,25.1000,26.4500,25.1000,32.7640,853975,1.241061
2004-01-06,sh600519,26.5000,27.1800,26.5000,33.4420,946736,1.240430
2004-01-07,sh600519,26.8700,27.1800,26.3300,33.4300,1133619,1.240445
2004-01-08,sh600519,27.0000,27.4800,26.8800,33.9980,860742,1.239898
2004-01-09,sh600519,27.5000,27.5000,26.0500,32.5340,882159,1.241282
2004-01-12,sh600519,26.0000,26.6000,25.8300,32.9210,649072,1.240897
2004-01-13,sh600519,26.8000,27.6800,26.8000,34.2160,1342121,1.239710
2004-01-14,sh600519,27.6000,29.1500,27.3700,35.7530,2509574,1.238414
2004-01-15,sh600519,28.5000,28.9100,28.0100,35.0390,1017093,1.239003
2004-01-16,sh600519,28.1200,28.8500,28.0000,35.2930,740755,1.238786
2004-01-29,sh600519,28.0000,29.0200,28.0000,35.8620,535372,1.238329
2004-01-30,sh600519,28.9400,29.0500,28.1000,34.8450,778523,1.239154
2004-02-02,sh600519,28.5000,29.3500,28.3000,35.8130,3130494,1.238347
2004-02-03,sh600519,29.0000,29.1600,28.7200,35.9100,812768,1.238276
2004-02-04,sh600519,29.0000,29.1500,28.8000,35.8980,864639,1.238289
2004-02-05,sh600519,28.8800,28.9900,28.1000,34.9300,925663,1.239092
2004-02-06,sh600519,28.0000,28.6000,27.6600,34.4940,1292587,1.239454
2004-02-09,sh600519,27.8800,28.3900,27.6800,34.8690,577836,1.239126
2004-02-10,sh600519,28.1800,28.2900,27.7200,34.4220,289139,1.239539
2004-02-11,sh600519,28.0000,28.0000,27.4000,34.2400,448803,1.239681
2004-02-12,sh600519,27.6900,28.2000,27.5000,34.2640,223103,1.239653
2004-02-13,sh600519,27.7000,28.1000,27.5600,34.5670,253139,1.239405
2004-02-16,sh600519,27.8900,28.7000,27.8900,35.4870,408151,1.238639
2004-02-17,sh600519,28.7500,28.7500,28.5100,35.3530,723631,1.238718
2004-02-18,sh600519,28.5400,29.4500,28.2400,36.0190,970385,1.238192
2004-02-19,sh600519,29.1000,29.1500,28.6800,35.6680,615535,1.238472
2004-02-20,sh600519,28.6100,28.8800,28.4200,35.5830,325602,1.238531
2004-02-23,sh600519,28.9500,28.9800,27.9200,34.7000,423426,1.239286
2004-02-24,sh600519,27.8800,28.3900,27.5600,34.9780,824540,1.239036
2004-02-25,sh600519,28.2500,28.7500,27.3000,33.8770,559568,1.240007
2004-02-26,sh600519,27.4000,28.2800,27.2000,35.0030,1031348,1.239044
2004-02-27,sh600519,28.2800,28.4200,27.7500,35.1840,443137,1.238873
2004-03-01,sh600519,28.3500,28.5800,28.0100,35.3410,293833,1.238731
2004-03-02,sh600519,28.2000,31.3800,28.2000,38.4870,2518762,1.236332
2004-03-03,sh600519,31.1800,31.6000,30.3900,37.9550,2466123,1.236722
2004-03-04,sh600519,30.5800,30.8000,30.2600,37.7490,571829,1.236861
2004-03-05,sh600519,30.6000,31.2000,30.3000,37.8700,411731,1.236773
2004-03-08,sh600519,30.6000,31.0000,29.7000,37.2290,632755,1.237255
2004-03-09,sh600519,30.1000,30.3000,29.7500,36.9990,449214,1.237425
2004-03-10,sh600519,29.7200,30.4000,29.7200,37.5310,311677,1.237014
2004-03-11,sh600519,30.0000,30.9000,30.0000,38.1970,696695,1.236549
2004-03-12,sh600519,31.9900,33.3000,31.5500,40.3870,3785209,1.235076
2004-03-15,sh600519,32.6500,33.5000,32.4000,41.2580,1898572,1.234530
2004-03-16,sh600519,33.4200,35.4400,33.1100,43.0610,3095761,1.233486
2004-03-17,sh600519,34.8000,35.2500,34.3100,43.0610,1341120,1.233486
2004-03-18,sh600519,34.9100,35.3000,34.7000,43.1340,1570380,1.233457
2004-03-19,sh600519,34.9100,35.3200,34.6000,43.0130,1474395,1.233525
2004-03-22,sh600519,35.0000,35.1800,34.5000,42.5890,1020625,1.233749
2004-03-23,sh600519,34.3300,34.5000,33.5400,41.7300,1390974,1.234250
2004-03-24,sh600519,33.7000,35.2000,33.5800,43.2310,1329574,1.233409
2004-03-25,sh600519,34.8500,35.2000,33.9000,42.0330,1493138,1.234087
2004-03-26,sh600519,34.5000,34.8700,33.1500,42.8430,1741546,1.233602
2004-03-29,sh600519,34.7300,35.5500,34.2000,42.2990,1128175,1.233926
2004-03-30,sh600519,34.2000,34.8000,34.0500,42.8430,587654,1.233602
2004-03-31,sh600519,34.7000,35.2000,34.5800,43.2180,731013,1.233390
2004-04-01,sh600519,34.7900,35.5000,34.7900,43.6420,850421,1.233173
2004-04-02,sh600519,35.3500,36.5000,35.3500,44.7310,1881821,1.232599
2004-04-05,sh600519,36.3000,37.4000,36.3000,45.8930,1863134,1.232027
2004-04-06,sh600519,37.4000,37.4000,36.9000,45.8680,713567,1.232017
2004-04-07,sh600519,37.2600,39.0500,37.2600,47.8530,1869220,1.231104
2004-04-08,sh600519,38.9000,40.5200,38.7200,49.8010,1591324,1.230262
2004-04-09,sh600519,40.4500,40.4500,39.1800,48.2520,3432280,1.230918
2004-04-12,sh600519,38.9000,39.5000,38.3000,47.7200,1027224,1.231166
2004-04-13,sh600519,38.9000,39.4000,38.6000,48.1920,1552441,1.230958
2004-04-14,sh600519,38.8500,38.9900,37.6000,46.9820,1554383,1.231507
2004-04-15,sh600519,38.0000,38.6000,37.8000,46.7520,595863,1.231612
2004-04-16,sh600519,37.8200,38.4800,37.4000,46.7880,449778,1.231587
2004-04-19,sh600519,38.0000,38.0000,36.8000,45.4090,589701,1.232266
2004-04-20,sh600519,36.8000,37.4800,36.3100,45.8320,770592,1.232043
2004-04-21,sh600519,37.3900,37.5000,36.2000,45.1420,399419,1.232378
2004-04-22,sh600519,36.5000,36.8000,36.2000,45.1060,825244,1.232404
2004-04-23,sh600519,36.4000,36.7800,36.2000,45.3120,806507,1.232309
2004-04-26,sh600519,36.5400,37.3700,36.4000,45.8560,660339,1.232026
2004-04-27,sh600519,37.2500,39.0000,37.2500,46.6910,2059748,1.231628
2004-04-28,sh600519,37.9000,37.9000,37.1000,46.2560,559678,1.231851
2004-04-29,sh600519,38.4800,38.8000,35.5000,45.1790,1738326,1.232379
2004-04-30,sh600519,36.2900,37.5000,36.0100,46.1100,1296166,1.231900
2004-05-10,sh600519,37.3000,37.4000,35.5800,44.6580,800364,1.232625
2004-05-11,sh600519,35.7500,36.8000,35.7500,44.4280,673423,1.232741
2004-05-12,sh600519,36.0200,36.8500,36.0100,45.3600,868446,1.232274
2004-05-13,sh600519,36.5000,37.8000,36.5000,46.5460,1472022,1.231702
2004-05-14,sh600519,37.8800,37.9900,36.8000,46.1350,602882,1.231909
2004-05-17,sh600519,37.2700,37.2700,36.3200,45.2510,338903,1.232326
2004-05-18,sh600519,36.7500,37.2000,35.0000,44.6340,1938338,1.232643
2004-05-19,sh600519,36.5000,37.1000,36.0500,45.0940,480010,1.232413
2004-05-20,sh600519,36.4000,36.6600,36.1600,44.9610,249530,1.232484
2004-05-21,sh600519,36.4800,36.7000,35.8100,44.8640,129100,1.232527
2004-05-24,sh600519,36.3600,36.5000,35.9500,44.3800,156303,1.232778
2004-05-25,sh600519,35.9300,36.5000,35.8000,44.1990,514661,1.232887
2004-05-26,sh600519,35.8600,36.1400,35.6200,44.4280,277641,1.232741
2004-05-27,sh600519,36.6000,36.9800,36.0000,44.9850,375869,1.232466
2004-05-28,sh600519,36.4000,36.9700,36.3000,45.4450,195159,1.232240
2004-06-01,sh600519,36.8800,37.4500,36.8700,46.0740,363771,1.231925
2004-06-02,sh600519,37.4000,37.4000,36.8000,45.3960,238130,1.232248
2004-06-03,sh600519,36.9000,37.2700,36.5000,45.3480,78244,1.232283
2004-06-04,sh600519,36.2100,36.8800,36.0900,44.7190,207044,1.232607
2004-06-07,sh600519,36.0300,36.4800,35.9500,44.8160,245352,1.232563
2004-06-08,sh600519,36.0100,36.4700,35.9000,44.7550,335716,1.232581
2004-06-09,sh600519,36.0100,36.3800,35.8000,44.3680,472471,1.232787
2004-06-10,sh600519,36.0000,36.3000,34.0500,42.3230,2441416,1.233907
2004-06-11,sh600519,34.0600,35.1000,34.0600,42.5770,923677,1.233758
2004-06-14,sh600519,34.3000,34.3600,33.2000,41.2340,1193222,1.234551
2004-06-15,sh600519,33.3300,33.6800,32.4000,41.4280,2148447,1.234446
2004-06-16,sh600519,33.5000,34.6400,33.3000,42.4920,662343,1.233798
2004-06-17,sh600519,34.4400,34.4400,32.8200,40.9070,1481615,1.234742
2004-06-18,sh600519,33.0000,33.4000,32.2000,41.1250,1167068,1.234614
2004-06-21,sh600519,32.8100,33.5800,32.7100,41.3550,103422,1.234478
2004-06-22,sh600519,33.6000,34.0000,33.5000,41.9600,125447,1.234118
2004-06-23,sh600519,33.9500,33.9500,33.0000,41.0160,59593,1.234678
2004-06-24,sh600519,33.2200,33.7900,33.1800,41.0280,124164,1.234667
2004-06-25,sh600519,33.4300,34.7000,33.0800,41.7180,369681,1.234260
2004-06-28,sh600519,33.5000,34.4000,33.5000,42.1050,308020,1.234027
2004-06-29,sh600519,34.1200,34.2500,33.8000,42.0690,689080,1.234057
2004-06-30,sh600519,34.0900,34.1900,33.0000,41.7790,410281,1.234239
2004-07-01,sh600519,25.0200,26.8000,25.0100,43.2290,278162,1.617247
2004-07-02,sh600519,26.8000,27.3000,26.3800,44.0630,287337,1.616398
2004-07-05,sh600519,27.0000,28.3800,27.0000,45.7460,520229,1.614755
2004-07-06,sh600519,28.4800,29.3800,28.2000,45.5730,1635940,1.614918
2004-07-07,sh600519,28.1800,29.0200,27.7000,46.5330,1324498,1.614048
2004-07-08,sh600519,28.9500,29.0000,28.5100,46.1550,235799,1.614376
2004-07-09,sh600519,28.4300,28.8800,28.4300,46.0140,163563,1.614526
2004-07-12,sh600519,28.5000,28.8600,28.1000,46.2650,432808,1.614271
2004-07-13,sh600519,28.5000,29.5000,28.5000,47.4760,641932,1.613184
2004-07-14,sh600519,29.3800,29.5800,29.0000,47.6810,447865,1.613024
2004-07-15,sh600519,29.5600,30.6600,29.5600,49.3330,2818618,1.611663
2004-07-16,sh600519,30.6200,30.8500,30.0000,49.2850,587664,1.611674
2004-07-19,sh600519,30.5900,30.7900,29.9300,49.2380,850801,1.611718
2004-07-20,sh600519,30.4500,30.5500,30.0200,49.1600,786877,1.611803
2004-07-21,sh600519,30.5000,30.9000,30.1800,49.7100,753375,1.611345
2004-07-22,sh600519,30.8000,31.8600,30.6000,49.5840,2793623,1.611440
2004-07-23,sh600519,30.5000,31.5000,30.4000,50.6700,1055181,1.610617
2004-07-26,sh600519,31.6000,31.6000,30.2800,49.6630,661689,1.611389
2004-07-27,sh600519,30.9000,30.9000,29.7700,48.0900,1111274,1.612676
2004-07-28,sh600519,30.6600,30.6600,28.8200,47.5550,884660,1.613128
2004-07-29,sh600519,29.3000,29.6800,29.0300,47.7910,341364,1.612926
2004-07-30,sh600519,29.5000,30.3600,29.5000,48.4830,249072,1.612338
2004-08-02,sh600519,30.0500,30.3000,29.5000,47.9800,732758,1.612773
2004-08-03,sh600519,29.5000,29.9500,29.3100,47.4140,776010,1.613270
2004-08-04,sh600519,29.1800,30.0000,29.1200,48.2000,474149,1.612579
2004-08-05,sh600519,29.8000,29.8000,29.3000,47.6650,216903,1.613029
2004-08-06,sh600519,29.4000,29.9000,29.1100,48.0430,265717,1.612722
2004-08-09,sh600519,29.5100,29.9600,29.5100,48.2940,245738,1.612487
2004-08-10,sh600519,29.7100,30.2000,29.6500,48.6250,260996,1.612235
2004-08-11,sh600519,30.0000,30.1000,29.8000,48.2940,104278,1.612487
2004-08-12,sh600519,29.5200,30.1000,29.5200,48.5150,281838,1.612330
2004-08-13,sh600519,29.8900,30.1800,29.7000,48.5460,371948,1.612288
2004-08-16,sh600519,29.8800,30.1100,29.8500,48.1530,178329,1.612626
2004-08-17,sh600519,29.8100,30.1000,29.5700,48.3730,197053,1.612433
2004-08-18,sh600519,30.2000,30.3100,29.9000,48.5620,551093,1.612284
2004-08-19,sh600519,30.0000,30.2000,29.8100,48.2470,588962,1.612533
2004-08-20,sh600519,29.9200,30.2000,29.8000,48.2940,563068,1.612487
2004-08-23,sh600519,29.8000,29.8000,29.1500,47.1300,573309,1.613489
2004-08-24,sh600519,29.0000,29.4000,29.0000,47.3510,285989,1.613322
2004-08-25,sh600519,29.5000,29.5100,29.1000,47.5240,163089,1.613170
2004-08-26,sh600519,29.2000,29.6000,29.2000,47.6340,216110,1.613071
2004-08-27,sh600519,29.4900,29.6500,29.3000,47.5240,132490,1.613170
2004-08-30,sh600519,29.2000,29.3900,28.8000,46.7530,349173,1.613842
2004-08-31,sh600519,29.2900,29.9000,28.9000,47.0670,241383,1.613541
2004-09-01,sh600519,29.0500,29.0500,28.6000,46.2020,379803,1.614326
2004-09-02,sh600519,28.4700,28.7000,27.9100,46.3120,439983,1.614221
2004-09-03,sh600519,28.5000,28.7100,28.1000,46.2810,272964,1.614266
2004-09-06,sh600519,28.3300,28.8000,28.3300,46.3440,232713,1.614211
2004-09-07,sh600519,28.9700,29.1200,28.8000,46.8000,263540,1.613793
2004-09-08,sh600519,29.0700,29.6000,29.0200,47.6490,469634,1.613033
2004-09-09,sh600519,29.5500,30.0000,29.3500,47.8380,1020881,1.612879
2004-09-10,sh600519,29.6000,29.8000,29.3000,47.8700,220635,1.612871
2004-09-13,sh600519,29.6800,29.6800,29.0000,47.4290,324288,1.613231
2004-09-14,sh600519,29.4000,30.0000,29.0000,48.1210,612594,1.612634
2004-09-15,sh600519,29.7800,31.1900,29.6200,50.1820,1140958,1.610979
2004-09-16,sh600519,31.1000,32.0000,31.0000,50.9370,1147161,1.610402
2004-09-17,sh600519,31.7700,32.4100,31.1100,51.9910,1319689,1.609628
2004-09-20,sh600519,32.5500,33.0000,32.2100,52.6040,1202166,1.609177
2004-09-21,sh600519,32.0900,32.9800,32.0900,51.9910,837413,1.609628
2004-09-22,sh600519,32.0300,32.4900,32.0300,51.7710,434812,1.609795
2004-09-23,sh600519,32.1100,33.5200,32.1100,53.7530,1766748,1.608408
2004-09-24,sh600519,33.6000,35.8900,33.6000,55.4360,3098137,1.607306
2004-09-27,sh600519,34.9500,35.9800,34.5000,56.1280,606663,1.606871
2004-09-28,sh600519,34.8900,35.9700,34.8000,57.4960,674055,1.606034
2004-09-29,sh600519,35.8000,36.1800,35.4000,57.0870,1362842,1.606275
2004-09-30,sh600519,35.5000,36.0800,34.5500,57.7640,736647,1.605894
2004-10-08,sh600519,35.4900,36.5500,35.0100,58.6130,966784,1.605396
2004-10-11,sh600519,36.5500,38.1200,36.5500,59.6510,1019776,1.604816
2004-10-12,sh600519,36.9000,36.9000,35.6000,57.8580,745222,1.605828
2004-10-13,sh600519,35.7300,35.9500,35.1100,57.3230,664517,1.606136
2004-10-14,sh600519,35.7000,36.8800,35.1800,56.8200,647914,1.606446
2004-10-15,sh600519,35.0000,36.0000,34.6600,56.7890,512154,1.606478
2004-10-18,sh600519,35.2900,35.3200,34.6500,56.0180,233687,1.606942
2004-10-19,sh600519,34.8000,36.2000,34.7000,57.7800,1058364,1.605892
2004-10-20,sh600519,36.0000,37.5100,35.8100,58.8810,1593384,1.605262
2004-10-21,sh600519,36.5500,37.5000,35.8000,59.4940,599603,1.604910
2004-10-22,sh600519,37.0300,39.4100,37.0000,62.7660,1816145,1.603218
2004-10-25,sh600519,39.5000,40.3000,39.1200,63.2540,1560178,1.602990
2004-10-26,sh600519,39.1800,39.8800,38.7000,63.7880,497347,1.602714
2004-10-27,sh600519,39.8400,40.6000,39.3200,63.1590,1187804,1.603020
2004-10-28,sh600519,39.1000,39.6600,38.6200,62.5300,933820,1.603333
2004-10-29,sh600519,38.0100,39.3000,38.0100,62.4670,1436314,1.603362
2004-11-01,sh600519,38.5800,39.5700,38.5200,63.1280,367318,1.603047
2004-11-02,sh600519,39.0000,39.1000,38.1000,62.6720,335602,1.603274
2004-11-03,sh600519,39.0000,39.2000,38.4000,62.4200,761586,1.603391
2004-11-04,sh600519,38.6000,39.0000,38.1600,61.4450,678567,1.603889
2004-11-05,sh600519,38.0500,38.0500,35.9900,58.6290,2599409,1.605394
2004-11-08,sh600519,36.5000,37.0000,36.0200,59.3370,358553,1.605004
2004-11-09,sh600519,37.3000,38.3000,36.9500,61.4130,731479,1.603891
2004-11-10,sh600519,38.0000,39.8300,38.0000,63.2380,1128862,1.602991
2004-11-11,sh600519,39.4000,39.8000,38.8000,62.2150,833013,1.603479
2004-11-12,sh600519,38.6800,39.1000,38.2700,61.7440,566794,1.603740
2004-11-15,sh600519,38.5100,38.8000,37.6000,62.1530,894776,1.603535
2004-11-16,sh600519,38.5000,38.7600,38.0000,60.9570,329847,1.604132
2004-11-17,sh600519,38.0000,38.2100,37.7000,60.9570,803272,1.604132
2004-11-18,sh600519,37.9800,38.2500,37.5500,60.9260,262416,1.604160
2004-11-19,sh600519,38.0100,38.0100,37.7000,60.8150,319634,1.604194
2004-11-22,sh600519,37.8100,37.9000,37.1000,60.0130,642908,1.604626
2004-11-23,sh600519,37.2500,37.5900,36.8000,59.1800,615590,1.605099
2004-11-24,sh600519,36.7900,37.2000,36.5000,58.6760,429206,1.605363
2004-11-25,sh600519,36.4100,38.0800,36.4100,60.3750,592414,1.604438
2004-11-26,sh600519,37.6200,37.9600,37.3000,60.3440,197401,1.604467
2004-11-29,sh600519,37.6500,38.5600,37.6000,61.0990,544253,1.604069
2004-11-30,sh600519,37.3300,38.0000,37.0000,59.4630,161830,1.604939
2004-12-01,sh600519,37.5100,37.5100,36.8000,59.3680,78490,1.604974
2004-12-02,sh600519,37.2000,37.2000,36.5000,59.3840,398528,1.604973
2004-12-03,sh600519,36.8000,37.0900,36.6000,58.9750,62624,1.605199
2004-12-06,sh600519,37.0000,37.0000,36.5100,58.8960,111117,1.605233
2004-12-07,sh600519,36.5200,37.1000,36.5100,59.0380,189908,1.605166
2004-12-08,sh600519,37.0000,37.1700,36.5000,59.0850,1029083,1.605134
2004-12-09,sh600519,36.8100,37.5000,36.5800,58.7390,1134904,1.605329
2004-12-10,sh600519,36.6600,37.0100,36.6300,59.3840,89703,1.604973
2004-12-13,sh600519,36.6000,37.2000,36.6000,59.5410,220832,1.604879
2004-12-14,sh600519,37.0000,37.1000,36.7800,59.0380,124544,1.605166
2004-12-15,sh600519,36.5800,37.0800,36.5000,58.6130,1096973,1.605396
2004-12-16,sh600519,36.5000,36.8800,36.3000,59.0070,1150003,1.605196
2004-12-17,sh600519,36.5000,36.5500,36.0700,58.1260,104903,1.605691
2004-12-20,sh600519,36.0000,36.5000,34.8200,56.0810,245930,1.606905
2004-12-21,sh600519,35.0000,35.4000,34.6600,55.8130,219868,1.607054
2004-12-22,sh600519,34.6700,35.3500,34.1800,56.7100,316854,1.606516
2004-12-23,sh600519,35.3000,35.7700,35.2000,56.5530,688348,1.606619
2004-12-24,sh600519,35.0000,35.8500,35.0000,57.0250,446959,1.606338
2004-12-27,sh600519,35.5000,36.0700,35.5000,57.8110,157084,1.605861
2004-12-28,sh600519,35.5000,36.9300,35.5000,58.8650,292412,1.605263
2004-12-29,sh600519,36.9900,37.4800,36.6700,59.8240,565478,1.604721
2004-12-30,sh600519,36.9000,37.2500,36.3300,59.0850,334500,1.605134
2004-12-31,sh600519,36.7000,37.7000,36.0800,58.8180,586990,1.605295
2005-01-04,sh600519,36.4000,36.8000,36.0000,58.5190,234881,1.605460
2005-01-05,sh600519,36.4000,37.2800,36.2300,59.7620,613933,1.604780
2005-01-06,sh600519,37.0000,37.1000,36.5000,58.7550,552372,1.605328
2005-01-07,sh600519,36.5000,37.2000,36.5000,59.2270,300274,1.605068
2005-01-10,sh600519,36.9000,38.3000,36.9000,61.3500,1071811,1.603922
2005-01-11,sh600519,38.2600,38.6000,38.2000,61.4290,500356,1.603890
2005-01-12,sh600519,38.2800,38.4500,37.8800,61.5860,338903,1.603802
2005-01-13,sh600519,38.1000,38.8500,38.1000,61.9320,288383,1.603625
2005-01-14,sh600519,38.4500,38.7000,37.7000,60.8310,333847,1.604193
2005-01-17,sh600519,37.4500,38.1800,37.1100,60.8000,181239,1.604222
2005-01-18,sh600519,37.9000,38.5000,37.7000,61.7440,263820,1.603740
2005-01-19,sh600519,38.0000,38.8800,37.9000,60.8310,265200,1.604193
2005-01-20,sh600519,37.8400,37.9900,37.5000,60.8150,97405,1.604194
2005-01-21,sh600519,37.6000,38.0000,36.5000,60.8000,317736,1.604222
2005-01-24,sh600519,37.9500,38.5900,37.6800,61.3660,417340,1.603921
2005-01-25,sh600519,38.5000,39.5000,38.1500,63.1440,581665,1.603046
2005-01-26,sh600519,39.4500,39.8000,38.9800,63.1440,373498,1.603046
2005-01-27,sh600519,39.0900,39.4500,39.0900,62.8760,102162,1.603162
2005-01-28,sh600519,39.2200,39.2200,38.6100,62.6720,134123,1.603274
2005-01-31,sh600519,38.6000,39.4000,38.6000,63.0960,116507,1.603049
2005-02-01,sh600519,39.0000,39.3000,38.6700,62.5300,400260,1.603333
2005-02-02,sh600519,38.9100,39.9800,38.9100,63.8670,537817,1.602685
2005-02-03,sh600519,39.8500,39.8500,39.0000,63.0810,444264,1.603075
2005-02-04,sh600519,39.3900,39.8500,39.0000,63.5680,400838,1.602824
2005-02-16,sh600519,39.9800,40.0000,39.6000,63.8200,444063,1.602712
2005-02-17,sh600519,39.9500,39.9500,38.8000,62.5620,1159168,1.603332
2005-02-18,sh600519,38.8600,39.3000,38.8600,62.9390,959549,1.603133
2005-02-21,sh600519,39.2800,40.5000,39.2700,64.5750,1062998,1.602357
2005-02-22,sh600519,40.3000,40.5000,40.0000,64.7170,562902,1.602303
2005-02-23,sh600519,40.4800,41.5000,40.1600,66.3370,564706,1.601569
2005-02-24,sh600519,41.3000,43.1500,41.0100,68.8220,944726,1.600512
2005-02-25,sh600519,43.2500,43.2500,42.5300,68.7910,599053,1.600535
2005-02-28,sh600519,42.9800,44.2600,42.6800,69.6090,448344,1.600207
2005-03-01,sh600519,43.9000,43.9000,42.8000,69.5610,550609,1.600207
2005-03-02,sh600519,42.8800,43.3900,42.5000,68.0510,1139674,1.600823
2005-03-03,sh600519,42.2800,42.9800,42.2000,68.4760,342985,1.600655
2005-03-04,sh600519,42.4300,43.4000,42.4300,69.1370,436496,1.600394
2005-03-07,sh600519,43.2500,45.0000,43.2500,71.4180,1022284,1.599507
2005-03-08,sh600519,45.0000,45.3800,44.3100,72.3770,658554,1.599138
2005-03-09,sh600519,45.6000,46.7800,45.3000,73.6670,471303,1.598676
2005-03-10,sh600519,47.0000,47.0000,44.3000,72.9430,472621,1.598926
2005-03-11,sh600519,45.6000,46.7800,44.7000,74.1390,936231,1.598512
2005-03-14,sh600519,45.8000,48.9000,45.6000,75.6170,1037897,1.597992
2005-03-15,sh600519,47.3000,47.5500,46.6000,74.9250,578303,1.598230
2005-03-16,sh600519,46.5000,47.0000,45.9500,74.9250,682964,1.598230
2005-03-17,sh600519,46.7000,48.2900,46.2000,75.8850,501569,1.597915
2005-03-18,sh600519,47.4900,47.6000,46.5000,75.3340,240549,1.598091
2005-03-21,sh600519,47.0000,47.4500,46.0000,75.1140,270126,1.598170
2005-03-22,sh600519,47.0000,49.3800,46.8000,77.9140,1225920,1.597253
2005-03-23,sh600519,48.9000,50.2000,48.7400,78.3070,1255123,1.597124
2005-03-24,sh600519,49.0000,49.1500,46.5000,75.1460,916267,1.598171
2005-03-25,sh600519,47.0000,47.9000,46.2200,75.5540,232946,1.598012
2005-03-28,sh600519,47.3000,49.3800,47.0000,78.4020,242851,1.597107
2005-03-29,sh600519,49.0900,49.9000,48.0000,76.8600,244856,1.597589
2005-03-30,sh600519,48.0000,48.0000,47.1000,75.6960,248040,1.597973
2005-03-31,sh600519,47.0200,48.2000,46.8000,76.8600,150718,1.597589
2005-04-01,sh600519,48.0800,50.1000,48.0000,78.2130,341085,1.597162
2005-04-04,sh600519,48.9700,50.0900,48.4500,79.7390,542751,1.596696
2005-04-05,sh600519,50.2000,50.9900,49.7000,79.7540,490233,1.596677
2005-04-06,sh600519,50.1700,51.2900,49.5900,81.6580,567488,1.596130
2005-04-07,sh600519,51.2000,52.4900,50.0000,79.9590,1243752,1.596625
2005-04-08,sh600519,50.0800,50.0800,48.3100,79.6760,450513,1.596713
2005-04-11,sh600519,49.8000,49.8000,47.7000,77.0020,912619,1.597552
2005-04-12,sh600519,48.2200,48.3000,47.3500,76.0110,199491,1.597877
2005-04-13,sh600519,48.3000,49.3900,48.0000,78.0870,868912,1.597198
2005-04-14,sh600519,48.9000,49.1800,48.1000,78.2440,191460,1.597142
2005-04-15,sh600519,49.5000,49.5000,48.5000,77.9450,163559,1.597234
2005-04-18,sh600519,48.6800,48.7000,47.5200,75.9950,295745,1.597876
2005-04-19,sh600519,47.5000,47.7800,46.4000,74.3280,780795,1.598452
2005-04-20,sh600519,46.4800,46.9900,46.3200,74.8620,535762,1.598249
2005-04-21,sh600519,46.6000,48.5000,46.5000,77.1120,280896,1.597514
2005-04-22,sh600519,48.3300,48.7400,47.9000,76.8760,352043,1.597589
2005-04-25,sh600519,49.1000,52.5000,48.6100,82.9790,1270437,1.595750
2005-04-26,sh600519,51.9900,53.5300,51.8000,83.4040,1360923,1.595638
2005-04-27,sh600519,51.8800,53.1200,51.8100,84.2690,747270,1.595399
2005-04-28,sh600519,52.8200,53.5000,52.2300,84.5520,852121,1.595321
2005-04-29,sh600519,52.3000,53.1500,52.0100,84.5520,682503,1.595321
2005-05-09,sh600519,52.5000,52.9500,51.3100,82.2240,765575,1.595963
2005-05-10,sh600519,51.0000,51.3000,49.8000,80.8710,644694,1.596348
2005-05-11,sh600519,50.7000,50.7000,49.2000,78.8110,678491,1.596981
2005-05-12,sh600519,48.5000,50.4700,48.0500,78.1030,1425051,1.597198
2005-05-13,sh600519,48.5100,49.8900,47.9900,77.8200,1507669,1.597291
2005-05-16,sh600519,48.4800,49.3000,48.1800,78.1030,259641,1.597198
2005-05-17,sh600519,49.0000,50.1000,48.9000,79.2820,772452,1.596818
2005-05-18,sh600519,49.8900,49.9000,46.5200,76.6870,967809,1.597646
2005-05-19,sh600519,48.0000,49.6500,47.0500,78.5270,512332,1.597051
2005-05-20,sh600519,49.0100,50.1400,49.0100,78.4960,584502,1.597070
2005-05-23,sh600519,49.0100,49.8900,48.0000,77.3010,261457,1.597458
2005-05-24,sh600519,48.3900,48.6500,48.0600,76.9390,137917,1.597571
2005-05-25,sh600519,48.0600,48.1000,47.6000,76.3720,320833,1.597741
2005-05-26,sh600519,47.9000,48.0100,45.8000,73.6200,1063427,1.598697
2005-05-27,sh600519,45.5000,45.9000,44.1500,71.6530,1594979,1.599397
2005-05-30,sh600519,44.0000,45.2000,43.3100,71.4960,903473,1.599463
2005-05-31,sh600519,44.6500,45.2000,44.2800,71.2920,1187976,1.599551
2005-06-01,sh600519,44.6000,45.0000,43.5500,71.4960,865843,1.599463
2005-06-02,sh600519,44.5000,44.5000,40.5000,65.8330,2529774,1.601776
2005-06-03,sh600519,40.5000,42.5000,39.6200,67.5480,714669,1.601043
2005-06-06,sh600519,41.8300,44.8000,41.3300,71.4020,421356,1.599507
2005-06-07,sh600519,44.9500,46.2000,44.6600,72.3460,598946,1.599160
2005-06-08,sh600519,44.8000,49.7400,44.8000,78.9050,1103910,1.596944
2005-06-09,sh600519,49.3000,50.1800,48.0000,77.2060,777000,1.597476
2005-06-10,sh600519,48.1200,48.8700,46.6000,75.1460,416509,1.598171
2005-06-13,sh600519,47.1500,48.0000,46.5500,75.4760,706973,1.598052
2005-06-14,sh600519,47.0000,48.4700,47.0000,76.1680,727149,1.597818
2005-06-15,sh600519,47.1100,48.0000,47.1000,76.1050,159677,1.597837
2005-06-16,sh600519,47.7000,48.5100,47.5000,77.4580,593153,1.597402
2005-06-17,sh600519,48.5000,49.0000,47.6200,77.4740,326299,1.597402
2005-06-20,sh600519,49.0000,53.1000,48.5000,82.6640,1236889,1.595830
2005-06-21,sh600519,51.4900,51.9900,50.5600,81.1230,259792,1.596281
2005-06-22,sh600519,50.8000,52.5000,50.7900,83.4670,612174,1.595622
2005-06-23,sh600519,52.2800,52.5700,51.6900,83.1210,527645,1.595719
2005-06-24,sh600519,51.6600,52.6000,49.1000,83.7810,615049,1.595525
2005-06-27,sh600519,52.8000,54.9400,52.4000,87.4620,1082423,1.594567
2005-06-28,sh600519,54.0000,54.4900,53.0200,85.1810,376636,1.595150
2005-06-30,sh600519,53.0000,54.3500,53.0000,85.5740,1277817,1.595042
2005-07-01,sh600519,54.9900,54.9900,51.2100,83.5450,610431,1.595588
2005-07-04,sh600519,52.0000,52.8000,51.5200,83.4350,301851,1.595621
2005-07-05,sh600519,52.0000,52.0000,51.5600,82.9320,224838,1.595767
2005-07-06,sh600519,51.7500,52.0000,50.0000,80.3210,631676,1.596522
2005-07-07,sh600519,50.0000,50.9600,49.6600,80.6350,578532,1.596417
2005-07-08,sh600519,50.1600,52.2000,50.1600,82.8220,693076,1.595800
2005-07-11,sh600519,52.0000,53.1000,51.7600,82.9160,656277,1.595766
2005-07-12,sh600519,51.8700,53.7000,51.2400,85.3390,571243,1.595121
2005-07-13,sh600519,53.3900,53.4800,50.5000,83.7660,385796,1.595543
2005-07-14,sh600519,52.0000,52.9800,51.9700,84.3950,201266,1.595369
2005-07-15,sh600519,52.5100,53.2800,52.5100,84.5360,100290,1.595320
2005-07-18,sh600519,52.9500,53.2000,52.5600,84.0800,156407,1.595446
2005-07-19,sh600519,52.6800,53.3700,52.6000,84.4730,132540,1.595335
2005-07-20,sh600519,52.9400,52.9700,51.9200,83.1520,301229,1.595701
2005-07-21,sh600519,52.1100,52.5600,51.3000,82.9480,253682,1.595768
2005-07-22,sh600519,52.0000,52.8700,51.5800,83.0890,609596,1.595717
2005-07-25,sh600519,52.0100,52.2800,51.0800,81.9720,696189,1.596028
2005-07-26,sh600519,51.0000,52.0800,51.0000,82.6490,800824,1.595849
2005-07-27,sh600519,52.2800,53.2000,52.0000,84.3480,536982,1.595385
2005-07-28,sh600519,52.8800,53.4800,52.5300,85.0240,859252,1.595197
2005-07-29,sh600519,53.0200,53.5000,53.0000,84.8040,242518,1.595260
2005-08-01,sh600519,53.2400,53.8000,53.0000,85.4640,384030,1.595073
2005-08-02,sh600519,53.5300,53.7000,52.7500,85.1500,426287,1.595167
2005-08-03,sh600519,53.2000,53.7000,53.0000,85.4800,818421,1.595074
2005-08-04,sh600519,53.6900,55.8000,53.6900,88.5000,1056044,1.594307
2005-08-05,sh600519,46.6600,47.4600,46.0000,90.0260,636516,1.929818
2005-08-08,sh600519,46.7000,46.9800,44.8000,89.0070,854555,1.930319
2005-08-09,sh600519,46.0000,46.0000,45.1100,87.7420,584198,1.930942
2005-08-10,sh600519,45.1200,46.5000,45.1200,89.1200,580027,1.930258
2005-08-11,sh600519,46.0100,47.4000,46.0100,91.3850,1359360,1.929175
2005-08-12,sh600519,47.3700,47.4000,46.3700,90.7250,471545,1.929498
2005-08-15,sh600519,46.8900,48.5900,46.0000,92.5550,702040,1.928631
2005-08-16,sh600519,47.9900,47.9900,46.9400,91.5930,575151,1.929086
2005-08-17,sh600519,49.6900,52.2300,46.5000,94.1220,1250674,1.927939
2005-08-18,sh600519,49.5000,49.8000,47.0000,90.8570,1098909,1.929433
2005-08-19,sh600519,46.8800,47.4400,46.6800,90.8570,497271,1.929433
2005-08-22,sh600519,46.9800,47.8100,46.5000,91.6310,692987,1.929074
2005-08-23,sh600519,47.2000,48.0600,47.2000,92.5930,478600,1.928619
2005-08-24,sh600519,48.0000,48.2000,47.5600,92.4800,321412,1.928676
2005-08-25,sh600519,47.9600,48.0800,47.6000,92.4800,354008,1.928676
2005-08-26,sh600519,47.7100,48.7500,47.7100,93.3670,458241,1.928273
2005-08-29,sh600519,48.5000,48.8800,48.4000,93.8770,512830,1.928055
2005-08-30,sh600519,48.6000,48.8500,48.1000,93.2920,245326,1.928317
2005-08-31,sh600519,48.1000,48.9800,48.0100,94.1980,239434,1.927916
2005-09-01,sh600519,48.7600,50.3200,48.7600,96.3500,548726,1.927000
2005-09-02,sh600519,49.8000,51.1500,49.8000,97.4070,499816,1.926562
2005-09-05,sh600519,50.5000,51.5800,50.5000,98.1430,391058,1.926261
2005-09-06,sh600519,50.9600,51.2900,50.0000,96.5380,319483,1.926906
2005-09-07,sh600519,50.0900,50.6600,50.0100,97.3690,518627,1.926573
2005-09-08,sh600519,50.5400,50.5400,49.7100,96.4060,630752,1.926964
2005-09-09,sh600519,50.0300,50.0500,49.0000,95.9720,425447,1.927149
2005-09-12,sh600519,49.8000,49.8000,48.8300,95.6130,159547,1.927293
2005-09-13,sh600519,49.3000,50.8000,49.3000,97.8410,490115,1.926383
2005-09-14,sh600519,50.7000,51.2000,50.1000,97.9730,329947,1.926327
2005-09-15,sh600519,50.7600,51.3400,50.3600,97.7460,174066,1.926409
2005-09-16,sh600519,50.6300,51.1800,50.6300,98.1810,321733,1.926251
2005-09-19,sh600519,50.6000,51.3800,50.3800,97.2560,204025,1.926624
2005-09-20,sh600519,50.5500,50.5500,50.2000,97.2180,179522,1.926635
2005-09-21,sh600519,50.0800,50.6000,49.4900,95.7640,294927,1.927229
2005-09-22,sh600519,49.3800,49.9800,48.1800,94.5560,335826,1.927747
2005-09-23,sh600519,48.8900,49.4900,48.3500,94.3110,306446,1.927862
2005-09-26,sh600519,48.9500,49.3500,48.5000,93.6690,176660,1.928139
2005-09-27,sh600519,48.5500,48.7500,48.1500,93.0460,170921,1.928415
2005-09-28,sh600519,48.0200,48.9900,48.0200,94.0280,233695,1.927989
2005-09-29,sh600519,48.9500,49.8000,48.8100,95.7830,208496,1.927223
2005-09-30,sh600519,49.7000,49.7000,48.5000,95.3300,332415,1.927416
2005-10-10,sh600519,49.0800,49.7000,48.6000,93.7820,264795,1.928084
2005-10-11,sh600519,48.5000,48.9600,48.2200,94.1600,135909,1.927928
2005-10-12,sh600519,49.0000,49.0000,47.4200,91.6490,832795,1.929047
2005-10-13,sh600519,47.5500,47.9100,46.7200,90.8570,1090753,1.929433
2005-10-14,sh600519,46.9800,47.4500,45.3000,87.9310,494258,1.930852
2005-10-17,sh600519,45.1500,46.5000,44.8900,88.2520,946838,1.930694
2005-10-18,sh600519,45.7000,46.9000,45.7000,90.4980,964218,1.929595
2005-10-19,sh600519,47.0900,47.4500,46.4700,90.4980,792451,1.929595
2005-10-20,sh600519,46.7200,47.1000,46.0500,89.2330,572162,1.930197
2005-10-21,sh600519,46.1000,46.4500,46.0000,89.3650,339538,1.930130
2005-10-24,sh600519,46.2000,47.1500,46.2000,90.7810,444467,1.929458
2005-10-25,sh600519,47.3300,47.8000,47.3000,91.8950,1159486,1.928946
2005-10-26,sh600519,47.6200,47.7400,47.3000,91.7820,963579,1.929004
2005-10-27,sh600519,47.5400,47.5400,46.5500,90.6300,974815,1.929529
2005-10-28,sh600519,46.9800,48.1000,46.9800,91.7440,698231,1.929016
2005-10-31,sh600519,47.4900,48.8000,47.1100,92.9330,668572,1.928471
2005-11-01,sh600519,48.3900,48.5500,47.8200,93.1410,854288,1.928385
2005-11-02,sh600519,48.0000,48.5500,47.5800,92.8760,276609,1.928488
2005-11-03,sh600519,48.3900,48.4500,47.2000,91.0830,253970,1.929316
2005-11-04,sh600519,47.2200,47.6000,46.3900,91.1590,489562,1.929291
2005-11-07,sh600519,46.5100,47.0000,46.4000,90.5550,247517,1.929576
2005-11-08,sh600519,46.9200,47.0300,46.8600,90.5550,607730,1.929576
2005-11-09,sh600519,47.1800,47.5000,46.5100,90.1580,602073,1.929752
2005-11-10,sh600519,46.9000,46.9000,46.1600,89.9880,395013,1.929831
2005-11-11,sh600519,46.2200,46.6400,45.9900,89.5160,292691,1.930056
2005-11-14,sh600519,46.0600,46.3000,45.5500,88.0440,216289,1.930789
2005-11-15,sh600519,45.7500,45.8800,45.4000,87.6670,776760,1.930991
2005-11-16,sh600519,45.3800,45.9600,45.0000,88.5920,724856,1.930530
2005-11-17,sh600519,45.8000,45.8600,43.1900,86.8360,1100802,1.931406
2005-11-18,sh600519,45.0000,45.8000,44.0100,87.4780,694123,1.931082
2005-11-21,sh600519,45.0000,45.7500,44.8000,88.1380,457517,1.930734
2005-11-22,sh600519,45.4500,46.5800,44.5000,89.0630,353881,1.930277
2005-11-23,sh600519,45.7200,46.4000,45.6000,89.2900,137141,1.930177
2005-11-24,sh600519,46.0000,46.0000,45.0000,87.6100,1088295,1.931012
2005-11-25,sh600519,45.1000,45.6000,44.8800,87.9120,391387,1.930859
2005-11-28,sh600519,45.4700,45.6800,44.5000,87.7800,152378,1.930928
2005-11-29,sh600519,45.4500,45.6800,43.0000,85.7600,248880,1.931967
2005-11-30,sh600519,44.0000,44.1600,42.9000,84.5330,650820,1.932625
2005-12-01,sh600519,43.4900,43.8500,43.2100,83.7030,535424,1.933095
2005-12-02,sh600519,43.3000,44.8000,43.3000,86.0060,963383,1.931851
2005-12-05,sh600519,44.5200,44.6500,43.6400,85.3450,275743,1.932194
2005-12-06,sh600519,43.7000,44.1300,43.5000,84.5710,1491667,1.932610
2005-12-07,sh600519,43.5000,44.1300,43.5000,84.5330,430998,1.932625
2005-12-08,sh600519,43.5400,44.0000,43.5300,84.2690,365778,1.932775
2005-12-09,sh600519,43.7000,43.7000,42.8000,82.9100,1546206,1.933535
2005-12-12,sh600519,42.8000,42.8000,41.6500,80.6070,1510220,1.934878
2005-12-13,sh600519,41.7000,41.9500,40.5000,80.0600,2041441,1.935219
2005-12-14,sh600519,41.0500,42.8000,41.0300,82.1550,1797593,1.933969
2005-12-15,sh600519,42.5300,42.9000,42.0100,82.8720,593465,1.933551
2005-12-16,sh600519,42.8000,43.6600,42.5000,84.0240,667061,1.932919
2005-12-19,sh600519,43.5000,44.0800,43.2500,84.7410,470267,1.932520
2005-12-20,sh600519,44.0400,44.0500,43.0000,83.8540,454042,1.933011
2005-12-21,sh600519,43.1000,43.6000,42.7200,83.0610,495917,1.933450
2005-12-22,sh600519,42.6600,43.6000,42.5100,83.5700,334067,1.933148
2005-12-23,sh600519,42.9100,44.2000,42.9000,85.1750,629183,1.932282
2005-12-26,sh600519,44.2000,44.5000,43.8000,85.4200,699235,1.932142
2005-12-27,sh600519,44.3000,44.9900,44.1300,86.7610,729017,1.931456
2005-12-28,sh600519,44.9900,45.5000,44.7600,87.7990,625035,1.930921
2005-12-29,sh600519,45.5000,46.8000,45.5000,90.2530,1567435,1.929720
2005-12-30,sh600519,46.5000,46.5200,44.9000,88.0820,3664756,1.930776
2006-01-04,sh600519,45.4000,45.4000,44.1100,85.5520,3550713,1.932069
2006-01-05,sh600519,44.2000,45.3000,44.1200,86.4590,1699230,1.931613
2006-01-06,sh600519,44.8000,45.4500,44.3500,87.3460,1716230,1.931152
2006-01-09,sh600519,45.3500,47.3000,45.3000,90.2900,2077080,1.929686
2006-01-10,sh600519,47.0000,47.5800,46.5300,90.6300,1745682,1.929529
2006-01-11,sh600519,46.9500,47.6000,46.5100,89.8560,831515,1.929897
2006-01-12,sh600519,46.4000,47.0600,46.1000,90.6870,998972,1.929511
2006-01-13,sh600519,47.0000,48.3000,46.5000,91.5930,993688,1.929086
2006-01-16,sh600519,47.7800,47.9000,46.5100,89.8370,773084,1.929903
2006-01-17,sh600519,46.0000,46.6200,45.8000,88.8940,1382470,1.930380
2006-01-18,sh600519,46.0000,46.9600,46.0000,89.1010,970685,1.930264
2006-01-19,sh600519,46.7800,46.8000,45.7700,88.9500,728303,1.930339
2006-01-20,sh600519,46.1000,46.3500,45.3600,88.7610,1421637,1.930426
2006-01-23,sh600519,46.0000,46.0000,44.9000,86.9120,1328642,1.931378
2006-01-24,sh600519,45.0100,46.2800,45.0000,87.8740,1145289,1.930872
2006-01-25,sh600519,45.6200,47.5000,45.3200,91.1400,1573073,1.929297
2006-02-06,sh600519,47.5500,47.7000,46.5000,91.4420,1569141,1.929156
2006-02-07,sh600519,47.4000,50.0100,47.1500,96.3500,2866581,1.927000
2006-02-08,sh600519,49.6700,50.0900,48.8800,96.0480,2226437,1.927127
2006-02-09,sh600519,49.7500,50.0000,48.3000,93.4800,777030,1.928218
2006-02-10,sh600519,48.4000,53.0000,48.0800,101.1250,3187395,1.925090
2006-02-13,sh600519,57.7800,57.7800,57.7800,111.0350,1696600,1.921686
2006-02-15,sh600519,59.5000,59.5000,56.8000,111.6200,2899655,1.921501
2006-02-16,sh600519,57.6500,59.9900,57.3000,112.7150,1897750,1.921169
2006-02-17,sh600519,58.6600,58.8800,58.1200,111.9410,890782,1.921404
2006-02-20,sh600519,57.7800,58.1000,56.1800,110.2990,1084398,1.921920
2006-02-21,sh600519,56.8800,58.5500,56.8800,112.4700,1023900,1.921250
2006-02-22,sh600519,58.3500,59.0000,58.0000,112.7720,1033510,1.921158
2006-02-23,sh600519,58.7100,62.5000,58.2900,119.5100,1173027,1.919223
2006-04-17,sh600519,68.5000,68.5000,68.5000,131.2700,23810,1.916350
2006-04-18,sh600519,75.3500,75.3500,75.3500,144.2000,32444,1.913736
2006-04-19,sh600519,82.8900,82.8900,82.0800,158.4330,4396751,1.911364
2006-04-20,sh600519,89.9800,89.9800,80.0500,160.5850,5561501,1.911044
2006-04-21,sh600519,83.7700,90.5000,83.0100,169.8340,3188609,1.909749
2006-04-24,sh600519,89.5000,91.7900,87.3000,170.2110,3624898,1.909694
2006-04-25,sh600519,89.0000,93.2000,87.6100,174.5150,3970465,1.909146
2006-05-25,sh600519,45.0000,47.0000,38.1000,177.7310,19811697,4.489290
2006-05-26,sh600519,39.4900,40.0200,37.6800,179.4220,9180196,4.486672
2006-05-29,sh600519,40.0000,43.9900,40.0000,196.3350,8068362,4.463173
2006-05-30,sh600519,47.1000,48.3900,45.6100,214.9390,13875854,4.441806
2006-05-31,sh600519,48.4500,51.9000,46.8800,213.3750,15173103,4.443461
2006-06-01,sh600519,48.0200,50.1000,46.9800,219.6320,9033167,4.437010
2006-06-02,sh600519,49.5000,49.5000,46.6000,209.5270,7310473,4.447612
2006-06-05,sh600519,46.6000,46.6000,43.8000,200.0560,6874756,4.458569
2006-06-06,sh600519,44.2300,44.2300,43.0000,192.3600,5664197,4.468293
2006-06-07,sh600519,42.5700,43.9900,41.7000,188.0480,7100113,4.474138
2006-06-08,sh600519,41.8300,43.0900,41.0100,190.9650,5845435,4.470154
2006-06-09,sh600519,42.7200,43.2000,41.5000,190.4580,5841082,4.470845
2006-06-12,sh600519,42.0000,45.1900,41.5000,200.9440,7134449,4.457498
2006-06-13,sh600519,45.0800,47.1700,45.0800,204.5800,7482948,4.453200
2006-06-14,sh600519,45.5000,47.2000,43.5000,208.2160,6223384,4.449060
2006-06-15,sh600519,46.7900,48.2000,45.9000,206.5250,5131147,4.450970
2006-06-16,sh600519,46.3900,47.3000,46.2000,207.9630,4008029,4.449358
2006-06-19,sh600519,46.5000,49.5800,45.7000,215.5310,7630589,4.441191
2006-06-20,sh600519,48.1500,48.8600,47.7100,214.7700,3760892,4.441986
2006-06-21,sh600519,48.3500,48.5000,46.7500,210.4570,3632394,4.446588
2006-06-22,sh600519,47.0000,47.4800,46.7000,208.0890,2365379,4.449198
2006-06-23,sh600519,46.5000,47.3000,46.3000,207.7090,2792408,4.449636
2006-06-26,sh600519,46.7000,48.3500,46.7000,212.1060,4786959,4.444803
2006-06-27,sh600519,47.8700,49.6000,47.8200,217.3490,5146617,4.439318
2006-06-28,sh600519,48.8600,48.8600,47.6000,212.6560,2680057,4.444222
2006-06-29,sh600519,47.9000,48.4900,47.6000,213.7130,3719105,4.443098
2006-06-30,sh600519,48.2500,48.7500,46.8000,210.9220,3903278,4.446079
2006-07-03,sh600519,47.4200,47.4200,46.3800,208.2160,4828774,4.449060
2006-07-04,sh600519,46.5000,47.0500,45.6500,209.0620,5250666,4.448128
2006-07-05,sh600519,47.2000,47.2000,46.2000,207.1590,1557263,4.450247
2006-07-06,sh600519,46.5000,47.1000,46.1000,207.7090,2205560,4.449636
2006-07-07,sh600519,46.7200,46.9900,45.9100,204.7910,2802363,4.452946
2006-07-10,sh600519,45.8800,45.8800,44.8500,200.7320,2769775,4.457739
2006-07-11,sh600519,45.0000,45.4600,44.6000,199.5480,2721409,4.459173
2006-07-12,sh600519,44.7000,44.7500,43.5500,196.3350,3312513,4.463173
2006-07-13,sh600519,43.7500,45.4000,43.2800,199.2100,3942420,4.459593
2006-07-14,sh600519,44.2000,44.7500,43.6200,198.7870,1834374,4.460108
2006-07-17,sh600519,44.3000,45.5500,43.8500,200.0140,2568418,4.458627
2006-07-18,sh600519,44.8200,44.8600,44.0300,197.7300,1539232,4.461417
2006-07-19,sh600519,44.2000,44.4000,42.9000,194.1360,3132698,4.465977
2006-07-20,sh600519,43.4300,44.3900,42.8800,197.6030,1937201,4.461571
2006-07-21,sh600519,44.2500,44.5000,44.0100,198.1950,1075971,4.460837
2006-07-24,sh600519,44.1000,46.8700,43.8000,205.7220,4052541,4.451894
2006-07-25,sh600519,46.2100,47.0000,45.7000,208.3010,3254213,4.448975
2006-07-26,sh600519,46.8200,47.0000,45.8500,206.9480,1740430,4.450495
2006-07-27,sh600519,46.4000,46.7900,45.8000,205.5950,2451514,4.452036
2006-07-28,sh600519,46.0000,46.0900,45.2500,202.7200,2288646,4.455385
2006-07-31,sh600519,45.3800,45.4000,44.0000,196.3770,1594807,4.463114
2006-08-01,sh600519,44.0000,45.0000,43.9000,199.5060,1316838,4.459231
2006-08-02,sh600519,44.7000,45.0000,43.8800,196.7160,886022,4.462704
2006-08-03,sh600519,44.1000,44.5500,42.7000,192.0640,1665548,4.468683
2006-08-04,sh600519,43.0000,43.3800,42.0000,190.8380,1479341,4.470321
2006-08-07,sh600519,42.2500,43.3900,41.0800,189.4430,1414235,4.472214
2006-08-08,sh600519,42.0000,43.2400,42.0000,193.0370,777176,4.467415
2006-08-09,sh600519,43.2500,44.3000,43.0000,195.7430,1028841,4.463922
2006-08-10,sh600519,43.8500,44.3800,43.8500,196.4200,1310561,4.463077
2006-08-11,sh600519,44.0800,44.5000,44.0500,196.7160,724713,4.462704
2006-08-14,sh600519,44.0800,44.2800,43.2000,195.5740,1117366,4.464141
2006-08-15,sh600519,43.5500,44.1800,43.5000,196.8850,639825,4.462489
2006-08-16,sh600519,44.1000,45.0900,44.0000,200.5630,899888,4.457946
2006-08-17,sh600519,45.0900,45.0900,43.3900,197.4340,1092965,4.461785
2006-08-18,sh600519,43.9000,44.4600,43.5600,196.9270,338123,4.462429
2006-08-21,sh600519,42.9800,44.2000,42.8500,197.0960,729321,4.462214
2006-08-22,sh600519,44.0000,45.3500,44.0000,201.4090,1110875,4.456937
2006-08-23,sh600519,43.8000,44.6900,43.8000,198.1530,2105623,4.460896
2006-08-24,sh600519,44.0000,44.4000,43.8800,196.8420,1257407,4.462526
2006-08-25,sh600519,44.1100,44.5900,43.8000,196.5460,747487,4.462897
2006-08-28,sh600519,43.9100,44.1900,43.4000,195.7430,2557259,4.463922
2006-08-29,sh600519,43.9700,46.2100,43.9600,203.3960,3785440,4.454577
2006-08-30,sh600519,45.2500,45.8000,44.8000,200.5210,969292,4.458004
2006-08-31,sh600519,45.0000,45.4700,44.8000,201.5780,1235848,4.456732
2006-09-01,sh600519,45.3500,45.3700,44.8800,200.9010,1087394,4.457533
2006-09-04,sh600519,44.7800,45.2700,44.7800,201.1550,590376,4.457235
2006-09-05,sh600519,45.0100,45.2300,44.8200,200.3520,1235476,4.458211
2006-09-06,sh600519,44.9000,45.4500,44.8000,201.1130,1138069,4.457292
2006-09-07,sh600519,44.9800,45.1500,44.3900,200.5630,1051862,4.457946
2006-09-08,sh600519,44.5000,44.9000,44.1600,198.3220,589062,4.460684
2006-09-11,sh600519,44.2000,44.4100,43.8900,196.9270,830299,4.462429
2006-09-12,sh600519,44.1300,44.1300,43.7000,195.5320,1939305,4.464201
2006-09-13,sh600519,43.8200,44.2600,43.8200,195.8700,1842146,4.463765
2006-09-14,sh600519,44.0000,46.1400,43.2000,205.2570,6336687,4.452430
2006-09-15,sh600519,46.1000,46.7800,45.1000,204.1570,2924397,4.453687
2006-09-18,sh600519,45.8800,46.1000,45.2800,204.1150,3408476,4.453742
2006-09-19,sh600519,45.6600,46.7400,45.4500,206.5670,2999252,4.450916
2006-09-20,sh600519,46.2900,47.3200,46.0800,209.0200,2244246,4.448180
2006-09-21,sh600519,47.0000,47.1500,46.8000,208.2160,1631283,4.449060
2006-09-22,sh600519,46.7600,47.0000,46.1000,208.2590,1242597,4.449028
2006-09-25,sh600519,46.3500,47.1500,46.3500,207.8780,1047525,4.449443
2006-09-26,sh600519,46.6700,46.6800,45.9600,204.7490,1178972,4.453001
2006-09-27,sh600519,45.8900,46.3500,45.6600,205.3410,805218,4.452320
2006-09-28,sh600519,46.0000,46.9500,45.7200,208.2590,1677920,4.449028
2006-09-29,sh600519,46.8000,47.8800,46.5000,210.8800,2275622,4.446131
2006-10-09,sh600519,48.0100,51.3000,48.0100,225.4250,3797012,4.431394
2006-10-10,sh600519,51.5000,52.5000,50.5000,224.8330,2412448,4.431953
2006-10-11,sh600519,50.6700,51.0000,49.5000,220.6470,1211797,4.436007
2006-10-12,sh600519,49.7400,50.2600,49.0800,220.1820,1428689,4.436470
2006-10-13,sh600519,49.6300,49.8000,48.7100,217.5610,1489803,4.439114
2006-10-16,sh600519,49.0000,49.0000,46.8000,210.7530,3807675,4.446266
2006-10-17,sh600519,47.4000,48.4000,46.8500,213.8820,1537044,4.442916
2006-10-18,sh600519,48.0000,50.2100,47.5000,220.9430,2387883,4.435716
2006-10-19,sh600519,49.6500,50.5000,49.0200,221.7470,1661115,4.434940
2006-10-20,sh600519,49.9600,50.1500,49.5700,220.0550,1209540,4.436593
2006-10-23,sh600519,49.2000,51.3500,49.2000,225.9750,3899875,4.430882
2006-10-24,sh600519,51.0500,52.5800,50.8000,230.8800,2670912,4.426380
2006-10-25,sh600519,52.7000,55.8800,52.2000,243.6490,4747608,4.415531
2006-10-26,sh600519,55.0000,55.3600,54.0000,242.8880,2042850,4.416145
2006-10-27,sh600519,54.9900,54.9900,53.9000,238.7440,1479145,4.419548
2006-10-30,sh600519,54.0000,54.3500,53.3000,238.8290,1236943,4.419486
2006-10-31,sh600519,54.0400,55.3000,53.4100,238.6170,1126683,4.419652
2006-11-01,sh600519,53.6000,54.0000,52.9800,235.2770,1276204,4.422500
2006-11-02,sh600519,53.1100,54.7900,52.3600,241.9150,2331900,4.416925
2006-11-03,sh600519,54.9900,55.4900,53.7000,241.9150,1387640,4.416925
2006-11-06,sh600519,54.0500,57.2000,54.0000,247.4960,2674004,4.412480
2006-11-07,sh600519,56.1000,56.9000,55.5000,246.2700,2132645,4.413441
2006-11-08,sh600519,55.5000,57.5000,55.0000,250.5410,2534830,4.410157
2006-11-09,sh600519,56.5500,57.2000,56.1200,252.0630,1596243,4.409008
2006-11-10,sh600519,56.9500,58.9000,56.6000,253.8810,3315329,4.407656
2006-11-13,sh600519,57.5000,57.5000,55.9000,250.9640,2831549,4.409840
2006-11-14,sh600519,56.6500,60.1500,56.6500,263.6060,3130677,4.400768
2006-11-15,sh600519,60.4800,63.0000,59.6000,271.8090,3403376,4.395359
2006-11-16,sh600519,61.8700,66.9800,61.8500,283.8170,4862857,4.388018
2006-11-17,sh600519,64.9800,65.5000,63.0000,283.3100,3834146,4.388321
2006-11-20,sh600519,63.5300,65.8000,63.5300,283.4790,2706049,4.388220
2006-11-21,sh600519,64.6600,64.7200,62.0000,277.2630,3024121,4.391937
2006-11-22,sh600519,63.1000,64.1900,61.8600,278.5740,2890047,4.391141
2006-11-23,sh600519,63.0100,64.5000,63.0100,278.6580,1254785,4.391081
2006-11-24,sh600519,63.4100,64.2900,62.4000,280.5190,2349589,4.389969
2006-11-27,sh600519,63.9000,65.6600,63.7900,282.2100,1649849,4.388958
2006-11-28,sh600519,64.1900,64.9900,62.8000,275.9100,2832241,4.392772
2006-11-29,sh600519,62.0000,66.1500,60.9300,282.6750,2675401,4.388682
2006-11-30,sh600519,64.7300,69.1800,64.7300,296.7980,2101203,4.380782
2006-12-01,sh600519,67.7500,71.7000,67.7500,302.0830,4041469,4.378014
2006-12-04,sh600519,69.2600,70.9300,67.8000,302.5060,2688658,4.377800
2006-12-05,sh600519,68.9000,71.2800,68.8000,306.6490,3811783,4.375699
2006-12-06,sh600519,70.0000,70.0000,66.9000,302.2100,3749300,4.377952
2006-12-07,sh600519,68.5100,70.1000,68.5100,304.3660,2185538,4.376848
2006-12-08,sh600519,69.0000,69.9000,68.0000,302.2940,2206889,4.377900
2006-12-11,sh600519,68.1000,72.5000,68.1000,316.0360,2675430,4.371176
2006-12-12,sh600519,72.8800,73.4800,71.4000,314.0060,1176703,4.372125
2006-12-13,sh600519,72.2800,72.4400,70.6600,311.8080,3341653,4.373184
2006-12-14,sh600519,71.8000,77.3800,71.3000,336.0780,3762824,4.362383
2006-12-15,sh600519,77.0000,79.9600,76.0300,344.9150,2369730,4.358840
2006-12-18,sh600519,78.9800,86.6600,78.9800,375.6540,3523829,4.347847
2006-12-19,sh600519,86.4000,88.8000,83.8800,367.5780,3803816,4.350550
2006-12-20,sh600519,83.9800,85.9000,83.5100,366.7750,2519590,4.350830
2006-12-21,sh600519,84.3000,85.5000,82.5000,361.1930,3030146,4.352772
2006-12-22,sh600519,82.5000,83.7000,79.9800,352.1030,3043946,4.356093
2006-12-25,sh600519,81.0600,84.1800,81.0600,362.1660,2495441,4.352434
2006-12-27,sh600519,84.2100,86.4000,84.2000,371.7640,1985302,4.349134
2006-12-28,sh600519,85.8000,86.0000,83.5000,371.7640,2928105,4.349134
2006-12-29,sh600519,85.4900,92.1000,84.5600,381.7000,8297549,4.345895
2007-01-04,sh600519,90.0100,90.1800,85.5000,373.2860,4466467,4.348625
2007-01-05,sh600519,84.7900,86.6900,83.3000,375.1040,2780501,4.348024
2007-01-08,sh600519,86.3000,86.6000,83.8800,369.1420,4892359,4.350012
2007-01-09,sh600519,84.8900,89.9900,84.6000,385.7590,2830001,4.344622
2007-01-10,sh600519,89.0000,90.4900,87.6000,386.5200,2823940,4.344386
2007-01-11,sh600519,89.0000,93.1800,88.5000,399.2900,3748280,4.340580
2007-01-12,sh600519,91.9000,97.2000,90.0000,420.3040,3640208,4.334818
2007-01-15,sh600519,97.0500,102.0000,97.0500,431.5090,3067052,4.331985
2007-01-16,sh600519,99.3600,100.7800,96.2800,423.5600,3503970,4.333981
2007-01-17,sh600519,97.5900,103.0000,96.0200,425.2090,2591604,4.333561
2007-01-18,sh600519,98.0000,105.4900,97.0000,455.2290,3064535,4.326449
2007-01-19,sh600519,105.2200,111.8900,105.2200,472.6920,2225551,4.322743
2007-01-22,sh600519,110.1000,116.0000,110.0000,488.9700,2552122,4.319523
2007-01-23,sh600519,113.8000,114.8000,104.1000,455.4830,4178280,4.326396
2007-01-24,sh600519,105.5000,113.0000,105.5000,474.5100,1940422,4.322372
2007-01-25,sh600519,107.5000,110.9500,106.3000,468.5480,4484815,4.323595
2007-01-26,sh600519,107.0000,109.9500,98.0000,470.7470,3584570,4.323143
2007-01-29,sh600519,107.8000,113.0000,106.1000,464.8270,1856036,4.324374
2007-01-30,sh600519,106.7300,111.1000,106.4800,474.3830,2656109,4.322396
2007-01-31,sh600519,107.8000,110.0000,102.0000,446.8150,3326784,4.328344
2007-02-01,sh600519,99.9900,105.9700,99.5000,454.2990,2590975,4.326657
2007-02-02,sh600519,103.9700,104.8000,100.0000,437.3860,1498880,4.330554
2007-02-05,sh600519,100.9900,101.0000,96.7200,420.4730,1983799,4.334773
2007-02-06,sh600519,95.0100,96.9000,89.5000,415.1880,3952256,4.336167
2007-02-07,sh600519,95.1800,99.9800,95.0100,422.4600,1797622,4.334257
2007-02-08,sh600519,96.9000,98.9800,93.5000,416.0760,1837314,4.335932
2007-02-09,sh600519,95.1800,96.5800,93.0000,408.5070,1226217,4.337974
2007-02-12,sh600519,93.8000,98.7500,93.2000,420.4730,1251133,4.334773
2007-02-13,sh600519,97.8800,99.8400,97.0000,432.3120,1876710,4.331784
2007-02-14,sh600519,100.5800,101.9900,98.0000,431.2970,1561447,4.332031
2007-02-15,sh600519,100.6500,104.9800,100.0100,446.7300,1680518,4.328360
2007-02-16,sh600519,104.7700,105.0000,99.5600,433.8770,2507162,4.331407
2007-02-26,sh600519,99.8000,99.8000,96.0100,420.5580,1532146,4.334756
2007-02-27,sh600519,96.5000,96.5000,87.3200,380.8970,3186695,4.346155
2007-03-01,sh600519,96.4000,96.4000,92.8800,417.9360,4458245,4.335436
2007-03-02,sh600519,97.0000,100.9900,95.9600,423.8130,3477066,4.333909
2007-03-05,sh600519,97.9100,97.9100,94.8000,411.5940,2180501,4.337134
2007-03-06,sh600519,94.0000,101.1500,93.0000,433.5810,2435058,4.331479
2007-03-07,sh600519,101.3000,103.4500,100.0100,439.3310,2642534,4.330091
2007-03-08,sh600519,100.9000,102.0000,99.1000,439.2890,1380763,4.330103
2007-03-09,sh600519,100.1000,102.4800,99.1000,433.2000,1618595,4.331567
2007-03-12,sh600519,99.8000,100.0100,98.6300,432.3120,1944399,4.331784
2007-03-13,sh600519,98.9600,99.8000,96.0200,426.4350,1908052,4.333249
2007-03-14,sh600519,97.0000,98.0000,95.3000,416.3290,2160027,4.335857
2007-03-15,sh600519,95.0000,98.0000,95.0000,422.2490,2097319,4.334315
2007-03-16,sh600519,97.8000,98.0000,95.1000,423.0520,1463493,4.334105
2007-03-19,sh600519,95.0100,98.2200,94.8000,422.0800,2595161,4.334360
2007-03-20,sh600519,97.3400,97.5000,94.4500,410.3680,2118752,4.337470
2007-03-21,sh600519,94.6500,96.3000,91.6200,407.7880,2828956,4.338170
2007-03-22,sh600519,94.2100,94.8800,92.0000,409.8600,3139702,4.337602
2007-03-23,sh600519,93.5100,95.1000,92.2000,411.9740,3027938,4.337025
2007-03-26,sh600519,94.8000,94.9000,93.7000,407.8730,2265620,4.338151
2007-03-27,sh600519,93.7700,94.0000,91.8500,402.6720,3719764,4.339606
2007-03-28,sh600519,92.8700,93.8500,91.0000,403.9410,3492636,4.339252
2007-03-29,sh600519,93.1800,96.4900,92.2800,417.8090,4941537,4.335467
2007-03-30,sh600519,96.5800,96.6500,93.2000,409.9030,3098507,4.337598
2007-04-02,sh600519,95.0000,95.0100,91.9000,407.3230,2825719,4.338300
2007-04-03,sh600519,93.8900,95.6000,92.1100,411.5090,4280091,4.337152
2007-04-04,sh600519,94.9900,97.9900,94.9900,421.9110,4080726,4.334405
2007-04-05,sh600519,96.8800,96.8800,94.7200,413.4540,3746014,4.336627
2007-04-06,sh600519,94.6000,95.0100,93.5000,407.7880,2761536,4.338170
2007-04-09,sh600519,94.5500,96.6000,92.9000,412.0170,6283418,4.337021
2007-04-10,sh600519,95.2200,95.7900,94.1000,409.4370,6304682,4.337716
2007-04-11,sh600519,94.9500,94.9500,92.9000,407.2810,5382825,4.338315
2007-04-12,sh600519,93.7000,100.1000,92.9800,428.2530,7645857,4.332790
2007-04-13,sh600519,99.0000,105.3800,97.0000,445.6310,8478318,4.328616
2007-04-16,sh600519,101.9000,103.9500,100.5000,440.4730,3781242,4.329824
2007-04-17,sh600519,102.0000,103.4400,97.0000,427.6190,4461885,4.332952
2007-04-18,sh600519,98.6900,98.6900,95.5000,418.7400,4878084,4.335231
2007-04-19,sh600519,95.7000,96.0000,91.4000,402.7150,3988171,4.339601
2007-04-20,sh600519,93.0000,95.5000,92.9000,410.1990,4151694,4.337517
2007-04-23,sh600519,94.5800,95.8100,93.0000,414.4690,4748675,4.336357
2007-04-24,sh600519,95.9200,95.9800,93.5100,409.8180,3947857,4.337616
2007-04-25,sh600519,94.4900,96.8000,93.6000,416.2030,3782234,4.335900
2007-04-26,sh600519,96.0800,98.4800,95.0000,421.9110,3369828,4.334405
2007-04-27,sh600519,97.2800,97.3100,93.6200,406.8580,2647491,4.338430
2007-04-30,sh600519,93.0000,97.3700,92.5500,413.7930,4355729,4.336544
2007-05-08,sh600519,96.6000,97.9000,95.5300,418.3590,4602697,4.335326
2007-05-09,sh600519,96.5000,96.5100,89.9000,399.3320,15177660,4.340565
2007-05-14,sh600519,93.6000,100.7800,92.1800,409.4370,13187045,4.337716
2007-05-15,sh600519,94.4800,94.4800,90.8600,394.8080,7103792,4.341889
2007-05-16,sh600519,90.9000,94.6000,90.7000,406.0130,5043288,4.338673
2007-05-17,sh600519,93.3500,100.0500,93.3300,429.0140,9518160,4.332599
2007-05-18,sh600519,98.3000,101.1000,97.0000,426.5190,5183691,4.333222
2007-05-21,sh600519,95.3100,99.1800,94.1300,418.9090,4150822,4.335186
2007-05-22,sh600519,96.1100,96.5000,94.1900,411.3400,5990195,4.337199
2007-05-23,sh600519,94.6500,99.0000,94.6400,420.3460,4033890,4.334805
2007-05-24,sh600519,97.4700,99.6100,96.6400,430.4940,5579895,4.332233
2007-05-25,sh600519,100.0300,109.3100,100.0300,460.1760,8310533,4.325369
2007-05-28,sh600519,106.5000,111.2500,106.4800,476.7510,5551105,4.321920
2007-05-29,sh600519,110.5000,115.4000,108.3000,472.1420,4294511,4.322853
2007-05-30,sh600519,104.0000,108.9900,99.8000,441.4870,7290654,4.329577
2007-06-01,sh600519,109.0100,112.1700,108.2000,477.3000,6966650,4.321804
2007-06-04,sh600519,110.6800,115.2000,103.5000,456.9630,5694906,4.326072
2007-06-05,sh600519,103.0000,106.9900,95.0700,458.8230,5294878,4.325662
2007-06-06,sh600519,105.0000,109.0000,102.0300,456.4550,3138434,4.326178
2007-06-07,sh600519,105.5200,107.5000,104.1800,457.0900,5337084,4.326046
2007-06-08,sh600519,106.7900,107.4900,105.0000,462.3750,3581908,4.324899
2007-06-11,sh600519,107.6000,117.6000,106.9600,507.5750,5409546,4.316114
2007-06-12,sh600519,119.9900,122.5000,115.0600,519.5400,4419028,4.314041
2007-06-13,sh600519,119.4900,123.4500,118.0000,517.1730,3868378,4.314449
2007-06-14,sh600519,118.8000,130.0000,118.2900,539.5400,3488110,4.310802
2007-06-15,sh600519,123.9700,126.2000,123.8000,542.5840,1489786,4.310327
2007-06-18,sh600519,126.4800,131.4400,125.1100,547.1510,2172221,4.309633
2007-06-19,sh600519,125.5800,127.0000,122.0000,532.0980,2794684,4.311977
2007-06-20,sh600519,122.5200,126.9800,121.2000,532.2250,1917026,4.311958
2007-06-21,sh600519,121.6000,124.7800,121.0000,533.9160,1940141,4.311685
2007-06-22,sh600519,123.8700,125.4000,119.0000,521.2320,1785337,4.313763
2007-06-25,sh600519,120.1000,124.5100,118.5000,513.8750,3275657,4.315014
2007-06-26,sh600519,118.8900,121.0000,115.5700,518.6520,1227169,4.314191
2007-06-27,sh600519,121.2100,124.6200,119.2000,536.7070,2376647,4.311246
2007-06-28,sh600519,124.9000,125.5000,121.5300,525.6710,2621217,4.313021
2007-06-29,sh600519,119.5000,123.4500,118.1500,516.3690,1549939,4.314581
2007-07-02,sh600519,119.0000,120.0000,115.0000,513.7900,1960022,4.315025
2007-07-03,sh600519,119.2000,119.5000,116.0000,510.1960,1100903,4.315649
2007-07-04,sh600519,118.2200,119.4000,116.2100,505.5450,1155694,4.316470
2007-07-05,sh600519,116.0000,118.0000,113.1100,492.4800,1704363,4.318863
2007-07-06,sh600519,113.6000,118.0500,113.6000,508.7580,1559604,4.315898
2007-07-09,sh600519,118.2000,120.7000,117.5000,518.3570,1164344,4.314249
2007-07-10,sh600519,120.0000,120.0000,117.0000,509.2660,979370,4.315814
2007-07-11,sh600519,117.0000,117.0000,114.8000,500.1330,1212996,4.317446
2007-07-12,sh600519,116.0000,116.4700,113.8900,493.9170,1473914,4.318589
2007-07-13,sh600519,114.0300,115.4800,113.9200,497.3850,916686,4.344353
2007-07-16,sh600519,114.9800,114.9800,111.2300,483.8120,1074733,4.347699
2007-07-17,sh600519,111.2000,115.2000,109.3000,500.0910,1506588,4.343707
2007-07-18,sh600519,113.8300,117.0100,112.0000,504.1070,1135686,4.342755
2007-07-19,sh600519,115.0900,119.0800,115.0000,515.3970,1474677,4.340185
2007-07-20,sh600519,117.9000,120.5000,117.0000,520.4280,1429446,4.339070
2007-07-23,sh600519,120.8000,126.6600,119.0600,543.7260,1909284,4.334205
2007-07-24,sh600519,125.6000,126.0000,122.9000,535.3120,1310379,4.335914
2007-07-25,sh600519,122.5000,124.0000,121.5000,529.0960,1524167,4.337208
2007-07-26,sh600519,122.8800,125.0000,122.2000,533.5360,1305304,4.336281
2007-07-27,sh600519,120.5500,122.4900,119.0100,518.5680,1631215,4.339481
2007-07-30,sh600519,119.5000,125.6000,119.2100,539.2440,2787699,4.335107
2007-07-31,sh600519,123.8800,130.0000,123.2200,559.0320,2716592,4.331231
2007-08-01,sh600519,129.0000,130.0000,125.0100,546.1780,1996605,4.333714
2007-08-02,sh600519,126.5000,131.5000,126.5000,562.5840,2052129,4.330567
2007-08-03,sh600519,129.8800,139.0900,129.6600,597.1710,3410698,4.324506
2007-08-06,sh600519,138.1300,139.9900,136.0200,597.0860,1746992,4.324517
2007-08-07,sh600519,138.0500,138.9800,136.4600,598.9890,2387426,4.324206
2007-08-08,sh600519,138.5200,145.9800,135.7500,600.3840,1294506,4.323976
2007-08-09,sh600519,142.6000,146.3600,140.0000,624.6540,1547505,4.320174
2007-08-10,sh600519,144.1600,145.5000,139.0000,605.0770,2384176,4.323214
2007-08-13,sh600519,139.9800,139.9800,133.3600,595.6480,1914059,4.324751
2007-08-14,sh600519,136.0000,138.0000,134.2200,592.2660,1614446,4.325320
2007-08-15,sh600519,136.9100,140.5000,134.5000,588.3340,2351953,4.325985
2007-08-16,sh600519,134.5100,138.0000,131.5000,584.1480,2130630,4.326702
2007-08-17,sh600519,136.1800,141.1800,134.5100,584.7820,2416437,4.326591
2007-08-20,sh600519,137.1000,144.8000,137.1000,620.0030,1875135,4.320880
2007-08-21,sh600519,143.5200,150.0000,143.5200,639.2410,1881098,4.318029
2007-08-22,sh600519,146.0000,156.8000,145.5000,669.6420,2619515,4.313870
2007-08-23,sh600519,155.2200,161.2000,154.0000,689.6000,1926367,4.311347
2007-08-24,sh600519,159.8900,161.9900,156.0000,677.7610,2063017,4.312829
2007-08-27,sh600519,157.0000,159.9800,155.0000,668.9240,2082282,4.313969
2007-08-28,sh600519,154.0100,156.0000,153.1000,663.5540,1720550,4.314676
2007-08-29,sh600519,152.7800,157.4600,152.0000,662.7500,1199701,4.314779
2007-08-30,sh600519,153.9000,155.7900,153.4500,668.6280,919487,4.314007
2007-08-31,sh600519,155.0000,160.1000,154.0000,689.5150,1000740,4.311355
2007-09-03,sh600519,160.9000,163.4000,159.5000,689.0500,1874914,4.311413
2007-09-05,sh600519,152.9200,154.9500,148.5800,655.1820,2287969,4.315803
2007-09-06,sh600519,152.0000,152.0000,148.9000,647.4860,2752558,4.316861
2007-09-07,sh600519,149.9900,149.9900,143.9000,624.1040,3301169,4.320255
2007-09-10,sh600519,140.2500,144.3100,140.2500,614.1680,4080208,4.321779
2007-09-11,sh600519,142.0000,146.4800,142.0000,621.3140,2586608,4.320682
2007-09-12,sh600519,143.0000,146.0000,140.3300,620.9760,1219184,4.320735
2007-09-13,sh600519,144.0000,144.5000,141.0000,621.4830,2116570,4.320655
2007-09-14,sh600519,144.0000,150.0000,141.7300,640.7210,3662580,4.317818
2007-09-17,sh600519,148.0000,152.9800,145.7600,655.8580,3881924,4.315707
2007-09-18,sh600519,152.2000,152.2000,144.8800,632.6030,1483666,4.318994
2007-09-19,sh600519,145.1000,145.5000,139.7700,611.5890,2901321,4.322184
2007-09-20,sh600519,141.7200,145.8500,141.7200,626.5140,1290305,4.319892
2007-09-21,sh600519,145.0600,145.4900,141.8000,625.7530,1278793,4.320007
2007-09-24,sh600519,144.0000,145.8000,140.5100,611.5890,3170462,4.322184
2007-09-25,sh600519,141.4600,143.3000,138.5800,609.0940,3024982,4.322575
2007-09-26,sh600519,139.0100,147.5000,139.0100,629.2630,3095959,4.319488
2007-09-27,sh600519,145.6700,147.5000,142.5500,630.9960,1271470,4.319228
2007-09-28,sh600519,145.9800,152.6000,145.5200,649.5160,2693713,4.316581
2007-10-08,sh600519,151.5300,154.8100,147.0000,635.4780,2339280,4.318573
2007-10-09,sh600519,146.5000,161.0000,146.5000,684.5680,3771099,4.311968
2007-10-10,sh600519,160.7100,168.4000,157.0000,708.7110,2265111,4.309059
2007-10-11,sh600519,164.8400,177.0000,164.5000,745.9200,3055829,4.304958
2007-10-12,sh600519,175.1000,180.4100,168.0000,769.3440,2600908,4.302578
2007-10-15,sh600519,176.1000,194.0000,176.1000,810.6540,2090812,4.298727
2007-10-16,sh600519,188.9900,188.9900,181.1200,795.6430,2109353,4.300076
2007-10-17,sh600519,184.0000,184.0000,181.0000,782.8320,1470772,4.301275
2007-10-18,sh600519,178.6800,182.0000,174.0000,760.8030,1995408,4.303428
2007-10-19,sh600519,176.5000,186.0000,176.5000,775.0520,1772868,4.302020
2007-10-22,sh600519,178.0000,182.0000,175.5000,769.7670,779737,4.302538
2007-10-23,sh600519,183.5000,193.0000,183.3000,808.2010,2229093,4.298941
2007-10-24,sh600519,188.0500,199.0000,169.2000,825.0720,2546944,4.297474
2007-10-25,sh600519,189.0000,198.0000,186.0000,832.5140,2035328,4.296846
2007-10-26,sh600519,190.7400,196.0000,185.1200,837.9680,2001033,4.296390
2007-10-29,sh600519,193.0100,197.5000,188.8800,819.7870,1107361,4.297929
2007-10-30,sh600519,192.0200,193.9800,183.3300,805.6640,1256486,4.299168
2007-10-31,sh600519,187.8100,192.4000,187.8100,820.9280,1081422,4.297827
2007-11-01,sh600519,192.5000,192.5000,183.9000,794.7560,962049,4.300162
2007-11-02,sh600519,183.0000,184.7900,178.0000,791.5840,1383580,4.300451
2007-11-05,sh600519,184.0000,186.0000,180.0000,782.8740,527930,4.301269
2007-11-06,sh600519,180.0800,185.6200,180.0800,782.5360,245919,4.301303
2007-11-07,sh600519,182.5000,185.0000,177.4000,768.7940,908571,4.302630
2007-11-08,sh600519,178.7200,179.9900,172.0100,749.0910,572311,4.304626
2007-11-09,sh600519,172.0200,177.3000,170.5000,738.5200,512665,4.305737
2007-11-12,sh600519,171.6100,172.6000,167.5000,733.4460,1522422,4.306282
2007-11-13,sh600519,172.0000,182.9500,172.0000,764.9890,2391144,4.303009
2007-11-14,sh600519,177.7800,187.3500,177.7800,803.8460,1116403,4.299331
2007-11-15,sh600519,187.0700,187.0700,183.2000,791.2880,1055782,4.300478
2007-11-16,sh600519,183.5000,183.5000,179.3200,774.3330,371566,4.302089
2007-11-19,sh600519,180.0000,186.0000,177.6000,784.9460,539734,4.301074
2007-11-20,sh600519,182.5000,186.0000,182.0000,797.7150,947292,4.299887
2007-11-21,sh600519,186.0000,187.3000,182.4800,793.6980,1241100,4.300255
2007-11-22,sh600519,182.0000,184.0000,177.7700,767.0180,772689,4.302805
2007-11-23,sh600519,178.0000,181.0000,172.5000,749.0060,769224,4.304632
2007-11-26,sh600519,177.5000,179.9800,175.0000,771.5000,865649,4.302364
2007-11-27,sh600519,178.9000,184.0000,176.5000,783.3390,1103638,4.301224
2007-11-28,sh600519,180.2000,182.2000,172.0000,760.1260,1140600,4.303493
2007-11-29,sh600519,175.0200,178.9900,172.4800,755.3060,1846321,4.303983
2007-11-30,sh600519,177.8000,177.8000,173.0000,746.8500,1427292,4.304859
2007-12-03,sh600519,172.5300,175.0000,172.5000,749.5140,851564,4.304583
2007-12-04,sh600519,174.5000,178.5000,174.5000,759.5770,900989,4.303552
2007-12-05,sh600519,176.6000,185.0000,176.6000,787.1020,992985,4.300869
2007-12-06,sh600519,184.9700,184.9700,181.5000,792.8950,527399,4.300331
2007-12-07,sh600519,184.8900,194.0000,184.8900,829.5120,1161519,4.297099
2007-12-11,sh600519,199.0000,206.2000,198.5000,866.2120,2970227,4.294130
2007-12-12,sh600519,201.4000,206.2000,199.9600,866.5510,2528187,4.294108
2007-12-13,sh600519,200.0000,203.5000,197.0000,861.0120,1743749,4.294538
2007-12-14,sh600519,199.0000,217.8800,197.0300,926.5920,1600346,4.289778
2007-12-17,sh600519,215.1000,225.0000,207.0000,905.4500,1745132,4.291232
2007-12-18,sh600519,207.1000,207.1100,198.0100,863.1260,1850765,4.294373
2007-12-19,sh600519,203.8000,205.9000,196.9900,871.4130,1393365,4.293732
2007-12-20,sh600519,205.8000,206.2400,200.0500,874.9230,690341,4.293468
2007-12-21,sh600519,204.0000,212.4000,204.0000,905.5770,951587,4.291224
2007-12-24,sh600519,215.8800,215.9500,208.9800,898.6010,2120379,4.291723
2007-12-25,sh600519,209.3800,218.3800,209.3800,928.7060,1715678,4.289635
2007-12-26,sh600519,215.9800,223.5000,215.0500,952.0030,1459384,4.288109
2007-12-27,sh600519,222.0000,225.3000,217.2000,964.0110,2190698,4.287352
2007-12-28,sh600519,221.6000,230.1000,217.7700,985.7870,2662799,4.286030
2008-01-02,sh600519,227.0000,228.9400,221.0000,952.0450,1908575,4.288105
2008-01-03,sh600519,222.3000,227.0000,211.7800,918.7690,2979946,4.290306
2008-01-04,sh600519,212.0000,216.0800,208.0000,923.3780,3330368,4.289993
2008-01-07,sh600519,215.4900,219.0000,209.9600,911.0740,3040917,4.290840
2008-01-08,sh600519,211.0000,217.5900,208.6000,922.4900,3221828,4.290053
2008-01-09,sh600519,211.8800,216.9600,211.8800,922.5320,1200960,4.290048
2008-01-10,sh600519,216.0000,219.5600,213.4000,931.1580,2082664,4.289469
2008-01-11,sh600519,218.0000,219.8500,212.0000,926.6760,1981108,4.289769
2008-01-14,sh600519,225.0000,228.6000,218.5000,960.9250,4292507,4.287547
2008-01-15,sh600519,224.4000,230.5500,224.4000,978.8520,2130322,4.286442
2008-01-16,sh600519,226.8000,227.0000,222.0000,955.5130,2241908,4.287888
2008-01-17,sh600519,223.4900,223.5000,216.0000,935.0480,3161352,4.289211
2008-01-18,sh600519,218.0600,219.5000,213.0000,922.2360,2041694,4.290068
2008-01-21,sh600519,215.4500,217.2800,207.0000,905.4930,2498681,4.291233
2008-01-22,sh600519,206.9800,219.9500,201.0000,903.4630,4490866,4.291374
2008-01-23,sh600519,214.1000,220.3000,212.6400,944.0120,2314633,4.288624
2008-01-24,sh600519,222.0000,224.3000,217.0000,951.9610,1848556,4.288113
2008-01-25,sh600519,221.9000,225.5000,216.0000,938.8110,1799311,4.288962
2008-01-28,sh600519,215.5000,220.0000,208.9000,921.4750,1417041,4.290121
2008-01-29,sh600519,214.8500,218.0000,213.0000,924.3080,1010703,4.289929
2008-01-30,sh600519,217.0000,217.0000,206.2000,921.3490,2933197,4.290133
2008-01-31,sh600519,210.9900,213.0000,206.0000,884.4360,1390499,4.292753
2008-02-01,sh600519,204.9900,204.9900,198.9000,869.5530,2146695,4.293877
2008-02-04,sh600519,204.6100,214.6500,204.0000,909.5940,2954633,4.290943
2008-02-05,sh600519,212.0000,212.0000,208.0000,898.6010,847830,4.291723
2008-02-13,sh600519,208.0000,208.0000,202.0000,871.6250,497172,4.293719
2008-02-14,sh600519,205.0000,205.9000,202.1000,872.0900,755616,4.293683
2008-02-15,sh600519,202.9700,203.0000,198.0000,863.5060,1281110,4.294341
2008-02-18,sh600519,201.8000,207.1000,201.8000,888.3680,1257682,4.292462
2008-02-19,sh600519,206.9500,208.0000,203.0000,888.4950,728733,4.292454
2008-02-20,sh600519,207.0000,209.9000,205.1500,884.7320,970139,4.292732
2008-02-21,sh600519,208.5000,208.8900,204.8000,881.9410,1220408,4.292937
2008-02-22,sh600519,205.0100,206.4700,197.0000,861.4770,1942193,4.294501
2008-02-25,sh600519,199.9000,200.0000,196.0000,845.6630,1121779,4.295758
2008-02-26,sh600519,198.0000,200.3500,185.9000,807.3560,3514323,4.299020
2008-02-27,sh600519,187.0000,195.0000,183.2000,825.8750,1211616,4.297403
2008-02-28,sh600519,192.1900,194.0000,188.0200,816.6580,722637,4.298200
2008-02-29,sh600519,190.5000,195.9800,188.1000,837.7990,711440,4.296405
2008-03-03,sh600519,204.1000,214.5000,204.1000,920.2490,1778317,4.290205
2008-03-04,sh600519,225.8200,228.9000,217.0500,947.4370,3789826,4.288404
2008-03-05,sh600519,220.9100,226.1000,217.5000,946.3370,1403869,4.288471
2008-03-06,sh600519,220.6800,224.0000,216.8000,930.9040,819736,4.289485
2008-03-07,sh600519,216.2500,216.5100,209.1000,914.6260,1489627,4.290594
2008-03-10,sh600519,210.0000,215.0200,207.2000,899.4890,1067285,4.291660
2008-03-11,sh600519,207.5000,216.5000,206.0500,921.4330,1137728,4.290125
2008-03-12,sh600519,217.9900,218.7800,208.3600,910.7360,611960,4.290865
2008-03-13,sh600519,198.1100,215.0000,191.0400,912.6380,1669009,4.290729
2008-03-14,sh600519,209.8000,209.8000,203.9900,880.2500,1185808,4.293065
2008-03-17,sh600519,200.0300,203.9800,198.5000,861.9420,1718918,4.294465
2008-03-18,sh600519,196.8400,200.0000,186.0000,814.7130,3022486,4.298370
2008-03-19,sh600519,189.0100,195.0000,188.1100,821.2240,1857929,4.297802
2008-03-20,sh600519,189.9000,196.0000,179.5000,829.0890,1475599,4.297134
2008-03-21,sh600519,194.3000,197.0000,191.2000,832.2180,399904,4.296871
2008-03-24,sh600519,194.0000,196.3600,189.6000,826.4250,935677,4.297358
2008-03-25,sh600519,188.0000,191.9800,186.0000,803.8040,1128782,4.299337
2008-03-26,sh600519,187.5000,190.0000,183.0000,797.5880,447511,4.299898
2008-03-27,sh600519,181.0000,187.9800,180.9000,778.8570,1892465,4.301651
2008-03-28,sh600519,181.5000,187.6000,180.0000,802.1970,671620,4.299480
2008-03-31,sh600519,185.8000,189.5000,183.0000,806.9750,1502108,4.299052
2008-04-01,sh600519,189.5000,189.5000,182.0000,794.0370,1367900,4.300227
2008-04-02,sh600519,184.0000,189.0000,172.0100,785.2840,1643103,4.301041
2008-04-03,sh600519,179.0000,182.0000,175.0000,765.9610,1341976,4.302910
2008-04-07,sh600519,177.0000,185.5000,175.0000,794.5860,2196869,4.300173
2008-04-08,sh600519,184.5000,193.0000,182.0000,823.1270,1305819,4.297640
2008-04-09,sh600519,188.7000,190.0000,182.8500,788.9630,1250713,4.300698
2008-04-10,sh600519,182.0000,183.0000,175.9000,767.5680,2040977,4.302752
2008-04-11,sh600519,178.5000,179.0000,175.0000,755.9830,2395773,4.303917
2008-04-14,sh600519,174.9800,174.9800,167.6800,724.0170,2168437,4.307318
2008-04-15,sh600519,167.0000,168.5000,161.5000,725.2440,2014840,4.307186
2008-04-16,sh600519,168.0000,173.0000,164.0600,728.3720,1563877,4.306835
2008-04-17,sh600519,170.5000,174.0000,166.1000,728.3720,1040105,4.306835
2008-04-18,sh600519,166.6500,172.5000,164.0000,732.3470,1376797,4.306404
2008-04-21,sh600519,180.0000,183.0000,166.0200,738.6050,1452256,4.305730
2008-04-22,sh600519,166.0000,172.0000,155.0000,711.7980,2212942,4.308705
2008-04-23,sh600519,161.4000,173.0000,157.0000,736.4060,1266988,4.305964
2008-04-24,sh600519,183.0000,188.1200,177.0000,799.6180,3932187,4.299715
2008-04-25,sh600519,184.0000,184.0000,177.8000,765.1580,2384507,4.302992
2008-04-28,sh600519,175.9900,177.4700,170.1700,760.0000,1277232,4.303511
2008-04-29,sh600519,172.0100,177.7700,172.0100,759.8730,614926,4.303523
2008-04-30,sh600519,176.6600,184.9000,176.6600,787.6100,1188327,4.300825
2008-05-05,sh600519,183.4000,185.5800,181.8800,789.8510,808973,4.300615
2008-05-06,sh600519,183.0000,183.0000,178.0800,773.4450,848761,4.302175
2008-05-07,sh600519,178.0000,181.6000,175.4800,755.5180,735375,4.303965
2008-05-08,sh600519,174.9900,179.8000,171.0000,770.2740,886066,4.302486
2008-05-09,sh600519,179.9900,179.9900,175.5100,764.8200,577401,4.303027
2008-05-12,sh600519,174.4900,182.5500,172.8000,778.6040,920633,4.301680
2008-05-13,sh600519,176.4800,182.9000,175.2000,769.9780,514506,4.302515
2008-05-14,sh600519,177.3000,181.3000,177.1200,777.5890,600844,4.301776
2008-05-15,sh600519,182.0000,187.5000,179.0000,789.5130,1469044,4.300648
2008-05-16,sh600519,183.0000,186.0000,182.0500,786.8060,467332,4.300896
2008-05-19,sh600519,182.9400,182.9400,179.0600,774.4180,382832,4.302083
2008-05-20,sh600519,178.1000,181.2000,173.0000,745.1580,992735,4.305032
2008-05-21,sh600519,171.6000,177.0000,170.0000,747.4840,1954296,4.304792
2008-05-22,sh600519,173.3400,175.0000,168.4400,744.1010,753639,4.305143
2008-05-23,sh600519,170.0100,173.0000,170.0000,740.5500,1289114,4.305523
2008-05-26,sh600519,170.0000,173.0000,170.0000,744.1010,735452,4.305143
2008-05-27,sh600519,170.9800,174.0000,169.6000,731.2900,1545589,4.306519
2008-05-29,sh600519,169.8800,172.0000,167.2500,731.4170,943131,4.306506
2008-05-30,sh600519,169.7000,170.5000,167.0100,724.2290,520308,4.307297
2008-06-02,sh600519,168.8000,172.0000,164.0000,737.0830,842312,4.305894
2008-06-03,sh600519,170.0000,172.0000,169.5100,735.4340,657703,4.306072
2008-06-04,sh600519,168.0400,170.0000,167.6900,724.3980,677030,4.307278
2008-06-05,sh600519,168.0000,170.8800,164.7000,710.9100,392205,4.308807
2008-06-06,sh600519,164.9900,165.0100,161.0100,705.9630,781469,4.309382
2008-06-10,sh600519,159.0600,160.9900,156.1100,680.6360,1271558,4.312463
2008-06-11,sh600519,156.8300,158.0000,154.0000,679.1980,912631,4.312642
2008-06-12,sh600519,157.4800,157.4800,147.4000,652.6450,1378990,4.316150
2008-06-13,sh600519,148.1100,151.4000,148.1100,645.3720,618634,4.317158
2008-06-16,sh600519,147.7000,148.0000,144.4400,627.8080,1021954,4.344692
2008-06-17,sh600519,143.5100,143.5100,140.1100,617.1110,1747415,4.346770
2008-06-18,sh600519,140.3200,145.0000,139.5800,626.9200,1759240,4.344861
2008-06-19,sh600519,144.8000,144.8000,140.0000,610.7690,697038,4.348039
2008-06-20,sh600519,140.0000,145.3800,139.1900,625.3140,1417752,4.345174
2008-06-23,sh600519,142.0000,142.0000,134.0100,587.2170,1540615,4.352980
2008-06-24,sh600519,130.1100,137.5000,128.0000,594.5320,2205273,4.351402
2008-06-25,sh600519,135.2000,145.0000,134.0100,627.8510,1278254,4.344689
2008-06-26,sh600519,146.5000,148.0000,142.5000,632.2480,775352,4.343854
2008-06-27,sh600519,142.3900,143.6500,139.0100,609.8810,1626046,4.348218
2008-06-30,sh600519,138.0000,142.0000,137.1100,602.7770,849792,4.349668
2008-07-01,sh600519,138.5800,138.5800,136.0000,594.8280,767765,4.351339
2008-07-02,sh600519,136.5000,137.9900,135.0100,592.3340,604580,4.351877
2008-07-03,sh600519,134.7300,143.0000,134.4200,613.1360,789510,4.347557
2008-07-04,sh600519,141.0300,142.2500,139.0300,614.1930,398205,4.347346
2008-07-07,sh600519,141.2800,146.5000,140.0000,634.1930,1251457,4.343490
2008-07-08,sh600519,145.8700,147.7000,143.2500,624.8060,1364836,4.345267
2008-07-09,sh600519,144.5100,148.0000,144.5100,633.3050,1018303,4.343656
2008-07-10,sh600519,145.0000,147.3300,144.3000,634.3620,717003,4.343458
2008-07-11,sh600519,145.0100,146.7800,144.0000,627.8510,301677,4.344689
2008-07-14,sh600519,144.9800,147.5000,143.8000,638.8020,525811,4.342638
2008-07-15,sh600519,147.1100,148.1800,144.8100,631.3180,573525,4.344031
2008-07-16,sh600519,144.8000,148.2400,143.0000,641.0850,901048,4.342218
2008-07-17,sh600519,147.7000,157.8000,147.7000,673.0080,1801551,4.336671
2008-07-18,sh600519,153.0000,158.4900,152.5000,684.7200,921966,4.334768
2008-07-21,sh600519,156.7800,162.0000,156.0000,699.7300,819227,4.332425
2008-07-22,sh600519,161.5100,164.9900,158.0000,688.9910,427627,4.334094
2008-07-23,sh600519,158.1100,159.5200,155.0200,679.4770,452493,4.335611
2008-07-24,sh600519,157.3000,161.5000,157.3000,699.0120,444681,4.332540
2008-07-25,sh600519,160.0800,163.0000,158.6200,699.6880,527951,4.332433
2008-07-28,sh600519,162.3600,163.5000,161.5000,701.8020,256285,4.332111
2008-07-29,sh600519,161.9900,162.9800,158.5100,700.8720,359419,4.332254
2008-07-30,sh600519,162.0100,162.3000,159.0000,697.4050,349929,4.332785
2008-07-31,sh600519,160.1900,160.9600,158.5200,692.8810,475142,4.333486
2008-08-01,sh600519,158.8100,161.0000,156.6800,689.2870,323571,4.334048
2008-08-04,sh600519,157.2100,159.9500,156.8000,681.2950,285052,4.335317
2008-08-05,sh600519,156.6900,158.1000,156.0000,678.0820,236338,4.335840
2008-08-06,sh600519,157.3800,158.3000,155.5500,682.6060,330257,4.335107
2008-08-07,sh600519,156.5500,157.9900,152.5000,665.9890,427944,4.337843
2008-08-08,sh600519,153.2000,154.2800,150.8000,661.7190,611698,4.338572
2008-08-11,sh600519,149.0000,153.0000,146.0000,634.4470,799941,4.343445
2008-08-12,sh600519,144.9000,149.0000,143.1100,641.0850,453050,4.342218
2008-08-13,sh600519,146.9900,148.5800,146.3000,642.4380,637325,4.341971
2008-08-14,sh600519,147.9900,152.6000,146.6700,646.8780,1297055,4.341172
2008-08-15,sh600519,149.0000,153.0000,148.1000,658.5900,554096,4.339109
2008-08-18,sh600519,151.7800,152.9000,146.2000,635.9690,333925,4.343161
2008-08-19,sh600519,142.0900,146.8100,142.0900,625.7790,627008,4.345084
2008-08-20,sh600519,143.0800,153.0000,143.0800,656.3910,725041,4.339488
2008-08-21,sh600519,149.5200,153.0000,145.0100,642.0570,514322,4.342037
2008-08-22,sh600519,147.9700,148.8800,144.1600,631.0640,291123,4.344077
2008-08-25,sh600519,145.1700,145.9000,142.5200,626.5820,477613,4.344928
2008-08-26,sh600519,144.2200,144.2200,138.8000,608.8240,470471,4.348432
2008-08-27,sh600519,138.1300,142.4900,134.9700,588.2740,453888,4.352749
2008-08-28,sh600519,139.9800,142.0000,136.0000,593.9830,963350,4.351524
2008-08-29,sh600519,136.9800,141.0000,136.0000,608.7390,917211,4.348446
2008-09-01,sh600519,139.7000,140.3000,135.5100,590.3890,1385644,4.352296
2008-09-02,sh600519,135.6600,135.6600,127.8400,566.4570,2662945,4.357697
2008-09-03,sh600519,128.5100,128.8000,125.6900,554.4490,3545636,4.360590
2008-09-04,sh600519,127.1600,130.0000,126.6100,564.1310,805584,4.358243
2008-09-05,sh600519,127.7500,131.8000,126.1000,571.7840,860680,4.356450
2008-09-08,sh600519,131.3800,132.5500,128.9100,568.8670,804867,4.357131
2008-09-09,sh600519,129.0400,133.4500,129.0400,578.3380,414508,4.354955
2008-09-10,sh600519,131.5000,136.0000,131.5000,578.2110,660379,4.354982
2008-09-11,sh600519,133.8800,133.8800,132.0000,576.5200,465700,4.355368
2008-09-12,sh600519,132.3100,134.3400,132.3100,579.1840,620163,4.354767
2008-09-16,sh600519,132.7800,132.8100,129.0200,571.7000,1375774,4.356473
2008-09-17,sh600519,131.3300,132.8000,127.8000,558.8040,852372,4.359526
2008-09-18,sh600519,127.5000,128.0000,118.1800,527.6840,3058171,4.367522
2008-09-19,sh600519,132.9000,132.9000,130.0000,578.7610,4674712,4.354861
2008-09-22,sh600519,137.9000,144.0000,132.7300,578.5070,5648653,4.354916
2008-09-23,sh600519,130.0800,130.0800,120.0500,525.5280,3495594,4.368116
2008-09-24,sh600519,119.0000,126.7800,115.1800,551.6160,1419794,4.361290
2008-09-25,sh600519,126.5000,131.5000,126.5000,563.0740,1506991,4.358495
2008-09-26,sh600519,129.9100,133.8800,129.9100,574.4900,1368966,4.355827
2008-10-06,sh600519,130.8000,131.9000,125.0000,554.5750,610171,4.360552
2008-10-07,sh600519,125.0100,126.0000,121.0300,541.3410,995724,4.363894
2008-10-08,sh600519,121.9000,123.0000,120.1300,525.4850,1034410,4.368121
2008-10-09,sh600519,122.2000,122.3000,117.5000,513.8580,876721,4.371399
2008-10-10,sh600519,114.0000,114.8000,110.1100,487.8540,1354716,4.379300
2008-10-13,sh600519,111.0000,111.5900,102.2000,488.1500,2209322,4.379205
2008-10-14,sh600519,116.1700,117.4500,106.4600,467.5590,1184398,4.386107
2008-10-15,sh600519,103.7800,106.9900,102.5000,457.4950,884236,4.389704
2008-10-16,sh600519,100.5000,104.1000,99.0000,442.1050,1506136,4.395556
2008-10-17,sh600519,100.0300,100.9900,94.6000,430.7310,2881243,4.400153
2008-10-20,sh600519,95.7700,97.8000,93.5000,425.8680,3044762,4.402191
2008-10-21,sh600519,96.6800,99.9800,94.5000,416.9470,1308180,4.406076
2008-10-22,sh600519,93.7700,97.0000,92.8800,424.3460,1900644,4.402843
2008-10-23,sh600519,94.0000,99.2000,94.0000,436.0160,1465493,4.397983
2008-10-24,sh600519,100.0000,100.3500,95.0000,432.3800,897561,4.399471
2008-10-27,sh600519,95.0100,97.5000,90.1000,402.6550,2774307,4.412658
2008-10-28,sh600519,89.9200,94.3000,88.0100,415.4670,1399519,4.406735
2008-10-29,sh600519,94.0000,96.0500,92.0500,419.2720,1222683,4.405043
2008-10-30,sh600519,95.9900,96.5000,93.4100,419.7800,1015716,4.404827
2008-10-31,sh600519,94.3000,95.1000,92.0600,406.6720,870573,4.410759
2008-11-03,sh600519,91.0200,93.5000,91.0200,404.5580,630617,4.411756
2008-11-04,sh600519,91.8000,92.1200,89.6500,396.6090,1107660,4.415598
2008-11-05,sh600519,90.6000,94.6000,89.9900,414.3250,1165566,4.407244
2008-11-06,sh600519,91.9900,92.9900,90.1000,398.8920,599739,4.414475
2008-11-07,sh600519,88.5900,89.5000,84.2000,379.5270,3506714,4.424423
2008-11-10,sh600519,86.4800,91.5800,86.0000,400.0340,4070807,4.413925
2008-11-11,sh600519,89.4000,89.4000,87.3800,387.2650,2710401,4.420329
2008-11-12,sh600519,85.8500,88.1800,84.6000,388.8710,1840088,4.419491
2008-11-13,sh600519,87.0000,90.0100,85.0100,395.8060,3513508,4.415999
2008-11-14,sh600519,90.0600,98.5900,90.0600,433.6910,4730806,4.398935
2008-11-17,sh600519,100.0000,102.5100,98.0000,446.3750,2590585,4.393887
2008-11-18,sh600519,101.0000,101.0000,94.1000,425.3610,3008889,4.402412
2008-11-19,sh600519,96.6200,103.0300,95.7000,449.9270,1698748,4.392531
2008-11-20,sh600519,100.0000,103.2000,98.3300,440.2020,1567803,4.396305
2008-11-21,sh600519,97.9700,103.5000,95.6600,441.8930,2391762,4.395633
2008-11-24,sh600519,100.8800,102.0000,99.5000,438.4260,940207,4.397011
2008-11-25,sh600519,100.0000,102.0000,97.6600,436.1010,987335,4.397953
2008-11-26,sh600519,99.0600,100.3800,98.6300,436.0160,734047,4.397983
2008-11-27,sh600519,104.0700,107.0000,101.5500,453.9010,2677180,4.391032
2008-11-28,sh600519,102.1900,102.9600,100.2500,447.2630,1221804,4.393546
2008-12-01,sh600519,101.4000,103.3000,100.0400,453.2250,788328,4.391290
2008-12-02,sh600519,101.0500,105.1200,101.0500,460.5400,1488514,4.388603
2008-12-03,sh600519,105.0000,108.2200,105.0000,472.6320,1436995,4.384341
2008-12-04,sh600519,109.5000,115.2900,109.5000,494.4920,2633055,4.377197
2008-12-05,sh600519,111.5100,118.0900,111.4600,504.9780,1838462,4.373997
2008-12-08,sh600519,118.3000,120.8000,115.1500,519.9460,1742992,4.369661
2008-12-09,sh600519,119.0600,119.5800,114.8000,507.4310,1301335,4.373274
2008-12-10,sh600519,115.0000,116.9000,114.8300,508.1500,1349502,4.373064
2008-12-11,sh600519,116.5500,120.6000,116.0000,515.4640,2015809,4.370932
2008-12-12,sh600519,116.6600,118.8000,110.8500,486.1630,1631445,4.379847
2008-12-15,sh600519,112.0000,117.0600,111.9900,499.9890,1400771,4.375505
2008-12-16,sh600519,113.5500,116.3000,110.8400,499.5660,1236738,4.375633
2008-12-17,sh600519,114.2000,117.5000,114.2000,505.6550,1001362,4.373800
2008-12-18,sh600519,115.6100,118.6600,115.6100,515.6760,1177063,4.370876
2008-12-19,sh600519,118.4000,119.5000,116.0000,514.1960,1062197,4.371300
2008-12-22,sh600519,118.7100,118.7100,115.3000,508.8260,902842,4.372860
2008-12-23,sh600519,115.7800,116.3600,110.9100,490.0100,1827166,4.378608
2008-12-24,sh600519,111.0000,113.0000,109.8000,487.6430,787763,4.379371
2008-12-25,sh600519,111.9900,111.9900,109.0000,482.0610,902853,4.381178
2008-12-26,sh600519,109.2000,111.4900,109.2000,482.1880,894460,4.381138
2008-12-29,sh600519,109.4400,110.5000,105.1600,476.6490,3002856,4.382979
2008-12-30,sh600519,108.6500,109.0000,107.0000,476.1840,2182996,4.383137
2008-12-31,sh600519,108.2000,109.4900,107.5000,476.4380,1831313,4.383054
2009-01-05,sh600519,109.5000,111.0800,107.0000,475.0850,1350550,4.383512
2009-01-06,sh600519,107.5000,109.2000,105.2800,476.4800,3815408,4.383037
2009-01-07,sh600519,108.9200,109.0000,106.7000,468.3620,1523802,4.385823
2009-01-08,sh600519,105.2500,108.5700,104.2000,475.7190,1863467,4.383295
2009-01-09,sh600519,107.5800,108.5500,107.0000,470.4760,1180016,4.385087
2009-01-12,sh600519,106.9900,107.7800,105.6600,464.6410,1666790,4.387131
2009-01-13,sh600519,104.9800,105.9900,101.5200,447.5170,1809911,4.393452
2009-01-14,sh600519,101.2500,103.9900,99.5800,448.1090,3200370,4.393225
2009-01-15,sh600519,101.8000,101.8000,99.8000,439.5250,2982065,4.396569
2009-01-16,sh600519,99.9900,104.3900,99.8800,446.0370,9459955,4.394020
2009-01-19,sh600519,102.4100,103.8000,101.7000,449.6310,4856293,4.392644
2009-01-20,sh600519,102.3000,102.3000,99.9600,446.4180,4910405,4.393878
2009-01-21,sh600519,100.0000,100.9700,99.0000,438.4680,6052648,4.396992
2009-01-22,sh600519,100.0000,101.2000,99.9000,443.0350,2129344,4.395188
2009-01-23,sh600519,100.5000,104.3100,100.5000,453.1830,3274252,4.391308
2009-02-02,sh600519,104.4900,104.4900,100.0000,445.2340,3088726,4.394335
2009-02-03,sh600519,101.3900,104.4900,100.0700,456.9880,4812665,4.389894
2009-02-04,sh600519,104.2000,107.2800,104.2000,466.2060,4287890,4.386583
2009-02-05,sh600519,106.6500,110.6000,106.0000,469.4190,3823158,4.385454
2009-02-06,sh600519,107.0200,111.9900,107.0200,487.0510,3966141,4.379561
2009-02-09,sh600519,112.4900,117.0000,112.4900,510.6870,4543559,4.372320
2009-02-10,sh600519,116.5000,116.5000,114.0000,507.1770,2761349,4.373347
2009-02-11,sh600519,114.9800,125.5500,114.0000,524.5970,4038656,4.368365
2009-02-12,sh600519,120.0000,121.5000,118.5100,526.4580,5447034,4.367859
2009-02-13,sh600519,120.1000,123.0000,120.0100,534.4490,2492019,4.365700
2009-02-16,sh600519,123.4500,125.3000,121.1000,535.6330,2725648,4.365387
2009-02-17,sh600519,123.8000,129.9400,123.8000,550.0510,5652541,4.361676
2009-02-18,sh600519,124.0000,126.0000,120.8800,529.9670,4558128,4.366900
2009-02-19,sh600519,120.5000,123.9000,120.5000,532.1660,2467779,4.366311
2009-02-20,sh600519,121.9900,127.2800,121.9900,545.6960,3392422,4.362776
2009-02-23,sh600519,125.1600,128.1000,123.4500,557.1120,1944278,4.359931
2009-02-24,sh600519,127.5000,132.0000,126.6500,561.3830,3693633,4.358902
2009-02-25,sh600519,129.9900,130.0000,123.0000,555.9290,2691796,4.360227
2009-02-26,sh600519,126.5000,129.9000,121.5000,534.4910,2711209,4.365687
2009-02-27,sh600519,119.5400,123.0000,117.7300,517.5790,4117059,4.370337
2009-03-02,sh600519,117.0000,118.4300,114.8700,511.6590,2717285,4.372033
2009-03-03,sh600519,115.2000,116.8000,113.8000,502.7370,1878013,4.374669
2009-03-04,sh600519,115.5000,126.3000,114.9200,544.5970,4224525,4.363059
2009-03-05,sh600519,124.9000,126.5000,120.0100,532.6730,2353230,4.366172
2009-03-06,sh600519,120.0000,120.8000,117.6800,516.6910,2066413,4.370589
2009-03-09,sh600519,118.2400,119.5000,114.8800,502.6530,2315203,4.374700
2009-03-10,sh600519,113.9000,119.2000,113.6000,516.3100,1578292,4.370693
2009-03-11,sh600519,120.0000,120.8800,116.0000,513.5620,881494,4.371485
2009-03-12,sh600519,116.0800,117.7900,114.1300,507.0500,1129627,4.373383
2009-03-13,sh600519,116.8000,117.5000,113.7800,498.0860,2003820,4.376085
2009-03-16,sh600519,113.8500,114.8900,112.0000,500.4540,1339542,4.375363
2009-03-17,sh600519,114.4500,118.9900,114.0000,512.9700,1834473,4.371655
2009-03-18,sh600519,117.9200,118.9000,115.9600,507.6420,1776703,4.373208
2009-03-19,sh600519,116.5000,119.2800,116.1000,519.0580,1889193,4.369911
2009-03-20,sh600519,119.8000,119.9700,117.2000,515.2530,1539612,4.370996
2009-03-23,sh600519,117.9900,119.1800,117.4100,518.6780,3246311,4.370023
2009-03-24,sh600519,120.5000,123.5900,118.3600,518.6780,3529464,4.370023
2009-03-25,sh600519,116.0000,116.0000,112.6500,498.9320,8621716,4.375829
2009-03-26,sh600519,114.0200,114.1000,110.7800,492.5050,5929248,4.377822
2009-03-27,sh600519,113.4600,115.0000,112.8000,498.7630,4207572,4.375882
2009-03-30,sh600519,114.0000,115.0000,112.1000,499.1010,2426944,4.375776
2009-03-31,sh600519,113.3300,114.9000,113.0000,501.9760,2642862,4.374900
2009-04-01,sh600519,114.9800,116.6500,114.9000,508.4030,4038757,4.372983
2009-04-02,sh600519,116.5600,119.4000,116.5600,515.7600,3743051,4.370847
2009-04-03,sh600519,119.1000,120.5500,116.4000,509.7140,4144100,4.372600
2009-04-07,sh600519,116.5700,118.1800,116.4000,515.7600,2141919,4.370847
2009-04-08,sh600519,118.0000,118.3000,115.8800,511.7860,2565313,4.371997
2009-04-09,sh600519,116.8800,117.9900,116.2100,514.9570,1835185,4.371081
2009-04-10,sh600519,118.8100,120.5000,117.7800,521.8070,4063061,4.369145
2009-04-13,sh600519,120.5900,123.2000,120.5900,532.9270,3668776,4.366107
2009-04-14,sh600519,122.0700,122.1500,118.8100,526.3730,3802377,4.367878
2009-04-15,sh600519,119.9600,121.2800,117.5000,526.8810,3836163,4.367744
2009-04-16,sh600519,120.0100,120.8000,118.2500,523.1600,3863241,4.368768
2009-04-17,sh600519,119.3300,123.3500,118.3000,529.1220,3830956,4.367134
2009-04-20,sh600519,122.1900,127.3000,121.1600,554.4060,3241949,4.360595
2009-04-21,sh600519,125.2300,127.6000,125.1100,555.9710,3892770,4.360215
2009-04-22,sh600519,128.1800,130.7100,123.5000,540.3690,3970610,4.364150
2009-04-23,sh600519,122.5000,123.8900,120.0000,530.8130,2249701,4.366675
2009-04-24,sh600519,121.9900,124.8800,121.9800,533.1810,2271987,4.366042
2009-04-27,sh600519,121.5000,121.5400,117.4000,517.8320,2867031,4.370259
2009-04-28,sh600519,116.8800,118.5800,113.9000,504.2600,3430733,4.374219
2009-04-29,sh600519,115.2900,117.3000,115.2500,510.5600,3107715,4.372356
2009-04-30,sh600519,117.2000,117.2100,115.0000,508.7840,2051448,4.372875
2009-05-04,sh600519,116.8900,119.3700,116.3500,520.9190,2355551,4.369393
2009-05-05,sh600519,120.0000,120.8000,118.3800,520.1580,2269054,4.369607
2009-05-06,sh600519,118.6100,119.0000,116.9000,512.6310,3806462,4.371747
2009-05-07,sh600519,117.8000,118.9100,115.6600,511.5740,3472362,4.372054
2009-05-08,sh600519,116.5000,117.6000,115.4000,513.6890,3100720,4.371449
2009-05-11,sh600519,117.5000,118.5800,116.2500,509.0800,3277361,4.372788
2009-05-12,sh600519,115.5100,117.5500,115.3100,509.3760,2598890,4.372702
2009-05-13,sh600519,117.0000,117.1000,115.2200,505.9510,3579244,4.373712
2009-05-14,sh600519,115.0000,116.6000,114.8000,508.7840,2150481,4.372875
2009-05-15,sh600519,116.7600,116.9800,115.6100,507.3460,1679862,4.373295
2009-05-18,sh600519,115.9000,118.7000,115.7100,517.6210,3507236,4.370323
2009-05-19,sh600519,118.6400,119.0500,116.5000,512.7160,2655401,4.371726
2009-05-20,sh600519,117.0600,117.9400,115.9800,507.6000,1471127,4.373223
2009-05-21,sh600519,115.8000,116.9900,114.2000,500.6230,2578840,4.375310
2009-05-25,sh600519,112.8200,113.5300,112.0600,496.1410,3367628,4.376685
2009-05-26,sh600519,113.3600,114.5700,112.9100,494.4080,1680681,4.377229
2009-05-27,sh600519,113.1300,115.5200,112.9500,502.1030,2763000,4.374863
2009-06-01,sh600519,115.0100,118.1000,114.7100,514.7460,4592011,4.371145
2009-06-02,sh600519,117.0200,120.9600,117.0200,523.7090,5016813,4.368610
2009-06-03,sh600519,119.8800,120.1900,117.8200,523.0330,2924590,4.368802
2009-06-04,sh600519,119.8000,120.0200,117.9000,521.0880,4653332,4.369344
2009-06-05,sh600519,118.6600,129.7000,118.6500,549.8400,7774093,4.361733
2009-06-08,sh600519,127.2000,129.0500,125.0000,556.3510,3688621,4.360118
2009-06-09,sh600519,127.6000,135.0000,127.2000,571.7420,7330385,4.356461
2009-06-10,sh600519,131.6900,133.0300,130.0100,571.9960,2647692,4.356405
2009-06-11,sh600519,131.2800,136.5000,131.2800,580.4100,3973846,4.354490
2009-06-12,sh600519,133.6700,135.8000,129.2000,569.0780,2703533,4.357078
2009-06-15,sh600519,130.0500,136.6000,130.0500,592.8830,4408128,4.351754
2009-06-16,sh600519,135.8000,137.1500,134.0000,590.5580,2003920,4.352259
2009-06-17,sh600519,135.3500,138.5000,135.2000,598.8450,2258367,4.350490
2009-06-18,sh600519,137.0000,138.5000,135.5000,599.7750,4119002,4.350294
2009-06-19,sh600519,136.9800,138.6900,135.6000,595.7580,1853345,4.351139
2009-06-22,sh600519,137.5000,138.2000,132.8800,579.0570,2118112,4.354794
2009-06-23,sh600519,131.8000,134.5000,129.5600,580.7480,2758804,4.354413
2009-06-24,sh600519,133.3000,134.0000,131.0100,574.9130,2093623,4.355731
2009-06-25,sh600519,132.9900,136.2000,132.0100,591.4030,2183414,4.352072
2009-06-26,sh600519,136.0000,138.0000,136.0000,596.0970,1826249,4.351073
2009-06-29,sh600519,138.0100,149.0100,137.3000,641.4230,3801548,4.342154
2009-06-30,sh600519,148.5000,150.3000,144.8000,642.6490,2455349,4.341930
2009-07-01,sh600519,146.6000,148.0000,144.9800,637.5590,1935675,4.377336
2009-07-02,sh600519,145.6000,150.9600,143.7000,647.2840,2699019,4.375019
2009-07-03,sh600519,147.0000,149.0000,145.4000,638.7000,2573876,4.377056
2009-07-06,sh600519,145.0000,145.9800,142.8000,630.2440,2949182,4.379127
2009-07-07,sh600519,143.9400,148.0100,143.0100,637.0930,2740569,4.377443
2009-07-08,sh600519,143.5000,145.1500,141.5000,630.2860,2651579,4.379115
2009-07-09,sh600519,143.2100,148.4900,143.2100,644.1550,3448175,4.375756
2009-07-10,sh600519,147.6000,153.5000,147.3700,665.1270,2977018,4.370947
2009-07-13,sh600519,152.3500,154.0000,149.3300,669.7780,3976567,4.369922
2009-07-14,sh600519,153.1900,154.3500,152.0000,669.9050,2664455,4.369896
2009-07-15,sh600519,153.3000,154.2800,149.9700,656.0780,3159841,4.372979
2009-07-16,sh600519,150.5100,151.0000,147.9500,649.3980,3643057,4.374523
2009-07-17,sh600519,148.7300,150.4900,147.7000,647.1140,1410005,4.375052
2009-07-20,sh600519,148.0000,149.6000,146.9800,647.9600,3873799,4.374857
2009-07-21,sh600519,148.9000,150.2000,146.9700,644.6200,4222026,4.375645
2009-07-22,sh600519,147.0000,148.3900,145.7000,645.0000,2503621,4.375551
2009-07-23,sh600519,147.8500,147.9900,146.0100,640.2220,1724952,4.376689
2009-07-24,sh600519,146.5800,150.7900,146.2800,643.2670,4537056,4.375966
2009-07-27,sh600519,147.4900,153.5000,147.4900,669.1010,6453123,4.370067
2009-07-28,sh600519,153.1000,158.9700,152.6000,669.4820,3622961,4.369987
2009-07-29,sh600519,153.3000,156.1500,144.0000,647.5370,3695563,4.374954
2009-07-30,sh600519,151.7000,151.7000,146.5100,655.2330,2755049,4.373176
2009-07-31,sh600519,150.9900,150.9900,148.6500,656.0360,3299219,4.372990
2009-08-03,sh600519,152.0000,158.5800,152.0000,680.0950,4445840,4.367703
2009-08-04,sh600519,157.0200,157.0200,152.6000,673.4140,2143538,4.369130
2009-08-05,sh600519,154.7000,163.8900,154.7000,714.1740,5544896,4.360835
2009-08-06,sh600519,161.0100,166.5000,160.1000,719.6710,3944209,4.359793
2009-08-07,sh600519,166.8000,170.0000,161.5600,714.6390,5786746,4.360746
2009-08-10,sh600519,164.0100,165.0000,158.8800,713.0320,2929893,4.361052
2009-08-11,sh600519,163.8800,172.5000,161.6600,740.5160,3630736,4.355976
2009-08-12,sh600519,169.9000,175.5000,162.0000,724.7020,4140439,4.358848
2009-08-13,sh600519,162.8800,166.2500,159.8000,710.6650,3376867,4.361513
2009-08-14,sh600519,162.9900,162.9900,156.0000,688.8470,2470694,4.365870
2009-08-17,sh600519,155.1000,157.4600,147.8800,654.0060,2975040,4.373452
2009-08-18,sh600519,148.5000,152.1600,148.0100,656.5860,2983979,4.372867
2009-08-19,sh600519,151.9700,155.1000,148.0000,654.3020,3357636,4.373384
2009-08-20,sh600519,149.0000,152.5000,148.0000,664.3660,3459953,4.371117
2009-08-21,sh600519,152.0100,157.0000,151.0100,683.4770,2474337,4.366986
2009-08-24,sh600519,156.9900,158.9900,156.5500,691.5110,1341758,4.365324
2009-08-25,sh600519,157.9000,157.9000,152.1000,680.9400,2450125,4.367520
2009-08-26,sh600519,153.5300,160.5000,153.5300,694.8090,2235461,4.364652
2009-08-27,sh600519,158.8800,162.6800,158.0000,703.8990,2216114,4.362830
2009-08-28,sh600519,161.0000,162.7000,159.0000,695.1470,2404913,4.364582
2009-08-31,sh600519,158.0000,158.0100,149.5000,655.9090,3733394,4.373018
2009-09-01,sh600519,150.0000,155.3000,149.9700,662.5050,2063249,4.371528
2009-09-02,sh600519,150.9800,151.9500,149.5600,659.4190,1615629,4.372225
2009-09-03,sh600519,150.0500,155.5000,150.0200,677.5580,1915657,4.368242
2009-09-04,sh600519,154.9900,156.0000,153.0000,678.6570,2155402,4.368005
2009-09-07,sh600519,156.4200,165.5000,156.2800,706.2250,3884516,4.362376
2009-09-08,sh600519,161.9000,168.2000,159.1200,725.5060,3449008,4.358702
2009-09-09,sh600519,166.4500,168.9900,162.0000,716.5840,3120277,4.360375
2009-09-10,sh600519,164.3000,166.1000,162.5000,723.3920,1325477,4.359096
2009-09-11,sh600519,165.9000,168.0000,163.9000,726.8590,1347190,4.358452
2009-09-14,sh600519,168.0500,169.0000,166.8000,728.1690,1555148,4.358206
2009-09-15,sh600519,167.2000,168.8100,164.2300,721.7000,1781601,4.359408
2009-09-16,sh600519,165.0300,166.9000,162.8800,718.3600,1343134,4.360039
2009-09-17,sh600519,164.8000,165.7500,164.4100,718.4020,1669416,4.360029
2009-09-18,sh600519,164.8000,164.8500,162.0000,709.9880,1841155,4.361641
2009-09-21,sh600519,161.3300,165.6000,159.2000,721.1510,2612924,4.359515
2009-09-22,sh600519,165.1100,171.6900,164.4800,738.7820,4097482,4.356283
2009-09-23,sh600519,169.6900,170.9000,165.0000,720.1780,2121493,4.359695
2009-09-24,sh600519,165.0000,165.0000,159.7600,705.0830,1878660,4.362597
2009-09-25,sh600519,162.0000,166.6600,162.0000,717.2180,1852804,4.360253
2009-09-28,sh600519,164.6000,166.5100,164.0000,715.5690,1345344,4.360567
2009-09-29,sh600519,164.0000,165.0000,161.5000,707.7050,1542377,4.362087
2009-09-30,sh600519,163.9900,166.7800,163.0000,718.7830,1288249,4.359960
2009-10-09,sh600519,166.8000,168.9900,166.7000,733.5820,1250608,4.357223
2009-10-12,sh600519,169.0000,169.9900,166.9000,727.9160,876204,4.358256
2009-10-13,sh600519,166.0100,168.4900,164.5000,723.1380,1023723,4.359142
2009-10-14,sh600519,166.4600,166.4900,163.1100,716.3300,3729999,4.360421
2009-10-15,sh600519,164.8700,164.8700,160.4100,703.0540,2811233,4.363001
2009-10-16,sh600519,161.1200,162.0000,159.1600,698.1490,2798654,4.363977
2009-10-19,sh600519,160.2100,162.5000,158.9500,708.7620,4363978,4.361881
2009-10-20,sh600519,162.7000,165.6000,161.0100,721.1930,4078812,4.359506
2009-10-21,sh600519,165.0000,165.0000,160.8000,701.9970,3808393,4.363211
2009-10-22,sh600519,160.1000,161.9700,157.9800,693.6670,3681739,4.364882
2009-10-23,sh600519,158.9200,160.2000,158.3000,695.3160,4651561,4.364547
2009-10-26,sh600519,159.9700,159.9800,156.2600,683.8150,4564431,4.366914
2009-10-27,sh600519,156.5900,157.0000,155.5000,681.2780,2542841,4.367447
2009-10-28,sh600519,156.1000,157.8500,155.8000,687.3670,1914190,4.366175
2009-10-29,sh600519,156.4000,158.3800,155.6000,682.8430,2056523,4.367121
2009-10-30,sh600519,157.5000,157.8900,156.3000,688.1280,2750385,4.366017
2009-11-02,sh600519,156.0000,160.1000,155.4800,698.2760,3202027,4.363952
2009-11-03,sh600519,160.0000,161.4000,159.0600,697.7260,2011889,4.364061
2009-11-04,sh600519,159.8700,163.0100,159.0000,708.9310,3361238,4.361847
2009-11-05,sh600519,162.4900,163.3500,161.5100,708.0850,2002860,4.362009
2009-11-06,sh600519,163.1100,163.1900,160.3100,702.6310,2642166,4.363084
2009-11-09,sh600519,161.0400,161.8000,159.3000,697.7690,1847589,4.364057
2009-11-10,sh600519,160.4300,161.6100,159.0000,699.7130,3287833,4.363661
2009-11-11,sh600519,160.1500,165.8000,160.1500,712.6940,4275738,4.361119
2009-11-12,sh600519,163.4500,167.6100,163.2000,725.7170,4201880,4.358137
2009-11-13,sh600519,166.6000,170.3000,165.2300,734.4690,5010775,4.357056
2009-11-16,sh600519,168.8800,175.5300,168.8800,756.9210,4148038,4.353123
2009-11-17,sh600519,174.0000,175.0000,168.8000,757.4290,2939921,4.353040
2009-11-18,sh600519,172.8200,174.4000,170.8500,744.5750,1644019,4.355259
2009-11-19,sh600519,171.0800,172.7900,169.2000,740.9810,1710850,4.355893
2009-11-20,sh600519,170.0300,170.5000,168.4600,735.6960,2313306,4.356840
2009-11-23,sh600519,169.1000,172.0000,168.8300,748.0420,3533050,4.354651
2009-11-24,sh600519,172.8900,177.1100,169.6000,739.8390,4337935,4.356094
2009-11-25,sh600519,169.9000,174.8800,169.9000,757.6820,3223322,4.352993
2009-11-26,sh600519,174.8900,174.8900,168.4000,734.1310,2650131,4.357119
2009-11-27,sh600519,168.3200,168.6000,165.0600,720.2630,2466989,4.359682
2009-11-30,sh600519,166.9800,174.4400,165.4000,757.0480,4374659,4.353102
2009-12-01,sh600519,172.7500,178.2000,172.0200,771.1280,3957941,4.350756
2009-12-02,sh600519,177.2400,177.4400,173.8800,766.4770,2059622,4.351522
2009-12-03,sh600519,175.9900,176.0200,171.6500,757.0060,2500586,4.353111
2009-12-04,sh600519,173.9000,173.9000,169.0100,744.3210,3103525,4.355301
2009-12-07,sh600519,180.0000,181.0600,174.8000,768.1260,4568280,4.351249
2009-12-08,sh600519,176.5700,178.0000,173.5000,759.7970,2614410,4.352641
2009-12-09,sh600519,174.0000,174.4400,171.8000,752.3970,1782365,4.353897
2009-12-10,sh600519,174.0200,174.5500,172.3800,759.2050,1640437,4.352741
2009-12-11,sh600519,175.0100,175.9700,173.5000,761.2760,1659376,4.352387
2009-12-14,sh600519,175.5000,175.5000,172.8600,759.0350,2118208,4.352764
2009-12-15,sh600519,174.5000,175.0000,171.8500,752.8620,2079146,4.353817
2009-12-16,sh600519,172.9000,172.9100,168.7900,737.9790,3265028,4.356429
2009-12-17,sh600519,170.1100,170.1100,166.1000,725.0410,2795703,4.358789
2009-12-18,sh600519,166.0000,166.0900,163.5000,720.4740,1830917,4.359639
2009-12-21,sh600519,166.0000,169.2300,166.0000,731.0870,1812323,4.357674
2009-12-22,sh600519,168.1900,168.5000,165.5000,727.2820,1626432,4.358375
2009-12-23,sh600519,166.8400,168.1000,166.0300,730.7060,2091885,4.357741
2009-12-24,sh600519,167.0000,173.9300,166.8100,750.8750,3820366,4.354161
2009-12-25,sh600519,172.4500,173.0000,169.1900,742.3760,3184660,4.355644
2009-12-28,sh600519,170.2000,171.9600,169.5000,742.2070,2790543,4.355675
2009-12-29,sh600519,171.4900,171.7400,169.8000,745.5900,2152713,4.355082
2009-12-30,sh600519,171.4900,171.4900,168.0000,736.6260,4825415,4.356671
2009-12-31,sh600519,169.2300,170.0500,168.8000,739.7550,2993429,4.356112
2010-01-04,sh600519,172.0000,172.0000,169.3100,740.2620,4430488,4.356020
2010-01-05,sh600519,170.9900,171.5000,169.0000,738.1480,3151318,4.356398
2010-01-06,sh600519,168.9900,169.5000,166.3100,726.8160,3988903,4.358455
2010-01-07,sh600519,166.7600,167.1900,161.8800,713.9630,4882555,4.360878
2010-01-08,sh600519,164.0000,164.0000,160.1000,706.6900,3670209,4.362284
2010-01-11,sh600519,163.6000,164.9000,160.5000,703.6880,2446103,4.362874
2010-01-12,sh600519,161.4500,166.1700,160.6100,722.1230,3106340,4.359330
2010-01-13,sh600519,163.9900,165.1500,161.0000,704.3220,3792444,4.362748
2010-01-14,sh600519,162.0000,169.2000,162.0000,734.3430,4645464,4.357084
2010-01-15,sh600519,168.5100,173.3800,168.5100,739.9660,4593850,4.356072
2010-01-18,sh600519,170.0000,172.2600,169.9000,744.6600,2146153,4.355246
2010-01-19,sh600519,170.9900,171.5000,169.5000,739.5430,1781891,4.356147
2010-01-20,sh600519,169.9100,170.1500,165.8000,723.2650,2097295,4.359119
2010-01-21,sh600519,165.8600,168.3800,165.5000,726.6900,1725748,4.358484
2010-01-22,sh600519,166.6000,167.2900,161.8900,715.6960,2543294,4.360543
2010-01-25,sh600519,163.8500,167.3000,162.5100,723.7720,2323915,4.359022
2010-01-26,sh600519,168.2700,170.1700,164.6000,726.5630,3288916,4.358506
2010-01-27,sh600519,166.0300,167.7800,163.6000,715.0620,1931657,4.360666
2010-01-28,sh600519,163.8600,170.3500,163.5000,737.1330,3026752,4.356578
2010-01-29,sh600519,169.9500,170.2000,167.6800,734.3430,3717282,4.357084
2010-02-01,sh600519,168.8800,169.5800,167.0100,735.8230,2965594,4.356818
2010-02-02,sh600519,168.0000,170.0000,166.2900,725.8020,1549353,4.358648
2010-02-03,sh600519,166.2100,168.1000,164.2000,723.3070,2303465,4.359109
2010-02-04,sh600519,165.9000,169.2500,165.1300,734.5960,2247533,4.357034
2010-02-05,sh600519,167.6100,171.8800,167.0000,745.8010,2623430,4.355042
2010-02-08,sh600519,171.2500,175.6000,170.5200,745.7170,3149610,4.355060
2010-02-09,sh600519,172.0000,173.3300,170.5300,745.2090,1415124,4.355146
2010-02-10,sh600519,172.0000,172.5900,170.7000,748.2540,639814,4.354618
2010-02-11,sh600519,171.8000,174.4400,171.6000,754.8070,1494505,4.353484
2010-02-12,sh600519,173.9700,174.2000,172.2000,753.5810,934640,4.353695
2010-02-22,sh600519,173.0000,173.1000,169.0700,736.6260,1217808,4.356671
2010-02-23,sh600519,169.2500,170.5000,164.7000,726.7740,2356213,4.358465
2010-02-24,sh600519,166.7600,168.6000,165.5000,731.7210,990427,4.357557
2010-02-25,sh600519,166.9000,170.0000,166.9000,733.1160,1531396,4.357302
2010-02-26,sh600519,168.9800,168.9800,166.6000,727.1550,1033858,4.358397
2010-03-01,sh600519,166.4500,167.4500,165.9900,724.6180,2173474,4.358867
2010-03-02,sh600519,166.6100,166.7900,164.9000,721.9120,1718223,4.359372
2010-03-03,sh600519,165.9900,166.2400,164.9300,722.1650,1423286,4.359320
2010-03-04,sh600519,166.0200,166.8500,164.0000,719.9670,1416897,4.359737
2010-03-05,sh600519,165.1500,165.4500,164.2800,716.8800,977055,4.360319
2010-03-08,sh600519,164.4800,164.9800,162.8000,711.6790,2325944,4.361313
2010-03-09,sh600519,163.2000,163.7000,162.7000,711.6370,1234097,4.361323
2010-03-10,sh600519,163.2700,163.7000,162.9000,713.7090,1181406,4.360925
2010-03-11,sh600519,163.8600,164.4500,162.5800,710.9610,1351856,4.361456
2010-03-12,sh600519,163.0200,163.6700,161.5900,706.3520,1219227,4.362352
2010-03-15,sh600519,161.9100,161.9100,157.9000,692.7370,1580851,4.365072
2010-03-16,sh600519,158.7000,159.6500,157.9000,693.7520,776413,4.364867
2010-03-17,sh600519,158.9800,160.5800,158.9000,700.3900,1871093,4.363529
2010-03-18,sh600519,160.5800,161.3700,157.7500,691.5110,1472662,4.365324
2010-03-19,sh600519,158.8800,159.3400,158.0000,692.9910,1336163,4.365023
2010-03-22,sh600519,159.2400,159.6000,157.6800,689.7770,2300846,4.365677
2010-03-23,sh600519,157.8100,158.4800,156.9200,686.7330,1832990,4.366308
2010-03-24,sh600519,157.5800,159.7800,157.5500,694.6400,2017566,4.364687
2010-03-25,sh600519,158.9000,158.9000,157.8000,689.3540,981360,4.365763
2010-03-26,sh600519,158.1700,160.8800,158.0800,696.7960,2052737,4.364249
2010-03-29,sh600519,159.7000,161.9700,159.0100,705.5060,3147543,4.362515
2010-03-30,sh600519,161.7600,161.9600,159.5000,698.2760,1901210,4.363952
2010-03-31,sh600519,159.9700,161.6200,158.5000,692.9910,1490516,4.365023
2010-04-01,sh600519,158.7800,160.5000,158.7600,698.4870,2398083,4.363907
2010-04-02,sh600519,158.0000,158.0000,151.6000,667.0720,15428170,4.370517
2010-04-06,sh600519,151.9000,152.9900,151.3000,663.7310,5312291,4.371253
2010-04-07,sh600519,151.8700,152.8500,151.2200,664.9570,4106108,4.370979
2010-04-08,sh600519,152.1600,152.1700,150.0000,658.1080,3292119,4.372520
2010-04-09,sh600519,150.0100,150.6000,147.7900,652.3150,5441818,4.373843
2010-04-12,sh600519,149.2000,149.7800,146.7800,644.4930,3851423,4.375674
2010-04-13,sh600519,147.4000,150.9900,146.9000,655.4440,5430527,4.373125
2010-04-14,sh600519,150.8700,150.8700,148.2600,658.1500,4636844,4.372509
2010-04-15,sh600519,150.6500,150.6500,147.0000,645.2960,4061730,4.375481
2010-04-16,sh600519,147.4700,149.5100,146.8000,647.4100,2939556,4.374983
2010-04-19,sh600519,148.0100,149.5500,145.8500,639.7150,4133219,4.376813
2010-04-20,sh600519,146.0000,146.0000,140.1200,628.5520,4938723,4.379543
2010-04-21,sh600519,143.5000,148.2100,141.7100,647.5790,6336587,4.374943
2010-04-22,sh600519,147.3500,149.2500,146.0300,649.8630,3706395,4.374414
2010-04-23,sh600519,148.0000,149.6000,143.1000,629.8630,6668694,4.379219
2010-04-26,sh600519,139.0000,139.5800,136.9000,600.6880,10703613,4.386825
2010-04-27,sh600519,136.8900,136.8900,132.7000,583.8600,5823448,4.391576
2010-04-28,sh600519,132.0000,133.4000,131.0000,580.3930,2628743,4.392591
2010-04-29,sh600519,132.5600,135.2600,132.5600,589.3570,3450120,4.389996
2010-04-30,sh600519,131.4300,131.4300,127.7500,567.2860,8556670,4.396543
2010-05-04,sh600519,127.9900,129.5600,126.8900,565.6370,2397516,4.397054
2010-05-05,sh600519,127.8000,131.2400,127.3000,574.7270,3383878,4.394273
2010-05-06,sh600519,131.0000,131.0000,127.3000,560.1820,2824034,4.398759
2010-05-07,sh600519,126.0000,130.3700,125.5000,571.4290,3125476,4.395270
2010-05-10,sh600519,132.0000,136.0000,132.0000,586.3550,6619258,4.390857
2010-05-11,sh600519,135.5900,136.0000,132.8300,586.8620,3363241,4.390708
2010-05-12,sh600519,133.2900,134.0000,130.0000,584.8330,2164319,4.391297
2010-05-13,sh600519,133.2300,135.7000,133.2300,591.9780,2704954,4.389249
2010-05-14,sh600519,134.8800,136.1100,134.0000,592.3170,1812616,4.389159
2010-05-17,sh600519,134.7000,134.7000,129.6000,570.5410,1764359,4.395539
2010-05-18,sh600519,130.0000,130.9700,126.1800,571.8520,2603747,4.395143
2010-05-19,sh600519,130.5000,131.2000,128.0200,570.6680,1079897,4.395502
2010-05-20,sh600519,129.4500,133.3300,129.0100,577.6450,2274045,4.393406
2010-05-21,sh600519,129.4000,134.6000,128.4700,589.1880,2734138,4.390045
2010-05-24,sh600519,134.9900,136.5000,134.3000,596.6290,2978347,4.387946
2010-05-25,sh600519,135.6000,135.6000,130.7500,576.6720,2205077,4.393691
2010-05-26,sh600519,131.5000,132.6600,130.1600,579.5900,1102531,4.392830
2010-05-31,sh600519,133.5000,135.2200,131.8800,579.3360,2354988,4.392903
2010-06-01,sh600519,131.7500,133.4600,130.5000,582.5070,2352557,4.391970
2010-06-02,sh600519,132.5600,134.4000,131.6500,588.9760,2188944,4.390101
2010-06-03,sh600519,134.9900,136.5000,133.4000,592.6550,2494942,4.389062
2010-06-04,sh600519,134.9300,138.4000,134.2100,605.7200,3003643,4.385462
2010-06-07,sh600519,137.0000,142.2700,136.0000,618.1510,3812507,4.382185
2010-06-08,sh600519,141.0600,141.8800,139.0000,614.1770,1439478,4.383222
2010-06-09,sh600519,140.2200,142.6000,140.0800,619.6730,1805393,4.381792
2010-06-10,sh600519,141.4000,142.6000,140.5300,619.3770,1178127,4.381868
2010-06-11,sh600519,141.5700,142.5000,138.5600,608.2150,1957275,4.384796
2010-06-17,sh600519,139.2000,139.4900,136.3100,598.7860,1252371,4.387353
2010-06-18,sh600519,136.0100,136.8000,131.0100,580.9430,2010229,4.392432
2010-06-21,sh600519,132.4000,134.5000,131.2000,590.1600,1895401,4.389765
2010-06-22,sh600519,133.2600,133.9400,131.4000,580.6470,2077910,4.392518
2010-06-23,sh600519,132.0000,132.8800,131.4200,578.5750,1281276,4.393128
2010-06-24,sh600519,131.9100,132.4700,129.6800,571.2600,2434403,4.395322
2010-06-25,sh600519,129.8000,131.0000,128.8300,573.5860,1901135,4.394622
2010-06-28,sh600519,130.2000,130.2200,127.8100,562.9730,1481698,4.397883
2010-06-29,sh600519,128.5100,129.3900,125.5100,555.6160,2778266,4.400222
2010-06-30,sh600519,126.0000,127.5000,125.6500,560.2240,1782412,4.398744
2010-07-01,sh600519,127.8500,127.8500,126.5000,558.7870,744969,4.399205
2010-07-02,sh600519,126.5500,129.1000,126.5500,561.5770,1645270,4.398316
2010-07-05,sh600519,126.5000,126.8000,124.5600,558.6810,1404074,4.440672
2010-07-06,sh600519,125.9000,128.1600,125.0000,566.2500,1530643,4.437696
2010-07-07,sh600519,127.6000,128.5000,126.5000,565.0660,878828,4.438156
2010-07-08,sh600519,127.1100,128.5000,127.1100,569.2940,851641,4.436518
2010-07-09,sh600519,128.5800,132.2000,127.7100,580.8790,2737851,4.432161
2010-07-12,sh600519,130.8000,133.3000,130.5500,579.3990,1783400,4.432706
2010-07-13,sh600519,130.7400,130.7400,128.5100,574.4950,743911,4.434543
2010-07-14,sh600519,129.4000,131.1600,129.0300,577.4120,964266,4.433446
2010-07-15,sh600519,130.5000,133.2000,130.3500,584.1350,1883333,4.430972
2010-07-16,sh600519,130.9000,134.3400,130.5800,592.5070,3294951,4.427972
2010-07-19,sh600519,133.0500,136.2000,132.9100,600.9210,1941232,4.425044
2010-07-20,sh600519,135.9800,137.2900,134.6800,603.9230,2688619,4.424020
2010-07-21,sh600519,136.5100,140.4000,136.5100,609.7160,2436302,4.422077
2010-07-22,sh600519,138.8000,138.8000,136.8000,610.0540,1622166,4.421963
2010-07-23,sh600519,138.1800,141.0200,138.1800,621.6820,3846600,4.418179
2010-07-26,sh600519,140.7100,142.7800,140.2500,622.7390,2201691,4.417842
2010-07-27,sh600519,140.1000,142.1800,140.1000,627.1360,2522904,4.416451
2010-07-28,sh600519,142.6000,143.0300,141.5000,631.1110,2774035,4.415216
2010-07-29,sh600519,142.9300,143.1000,139.1600,616.2270,4537287,4.419933
2010-07-30,sh600519,139.2800,139.2800,137.5000,613.0560,2943877,4.420971
2010-08-02,sh600519,138.6300,145.2600,138.6300,633.6900,4296573,4.414420
2010-08-03,sh600519,143.0000,144.8000,142.0100,628.2350,1757323,4.416104
2010-08-04,sh600519,142.0000,144.2000,141.7200,635.6770,1735013,4.413811
2010-08-05,sh600519,144.0800,149.3500,144.0800,653.1820,4196613,4.408626
2010-08-06,sh600519,147.8000,148.8000,147.2000,653.3510,2184053,4.408576
2010-08-09,sh600519,148.2500,152.2200,148.2500,667.7690,3870300,4.404518
2010-08-10,sh600519,151.6100,153.5900,146.5000,647.2620,2873994,4.410343
2010-08-11,sh600519,146.0000,149.0000,146.0000,651.8710,1519063,4.409002
2010-08-12,sh600519,147.8000,151.9000,146.2100,656.3950,3102587,4.407702
2010-08-13,sh600519,148.8800,151.4600,148.3200,662.6110,1577559,4.405951
2010-08-16,sh600519,150.4100,153.2900,150.4100,673.2240,2591045,4.403035
2010-08-17,sh600519,152.8000,156.2500,152.5000,682.4830,3574757,4.400561
2010-08-18,sh600519,154.9800,156.4200,152.3000,672.9700,3017378,4.403101
2010-08-19,sh600519,152.8800,153.9000,150.5000,666.2890,3543714,4.404925
2010-08-20,sh600519,151.1900,151.1900,148.4800,656.2680,2084159,4.407737
2010-08-23,sh600519,148.2500,150.9000,148.0000,664.0060,1321493,4.405560
2010-08-24,sh600519,150.3200,152.9900,149.1000,666.9660,1083825,4.404742
2010-08-25,sh600519,150.5000,151.9200,149.6300,660.0740,1650788,4.406663
2010-08-26,sh600519,149.9000,150.5500,148.5000,662.5260,1223200,4.405972
2010-08-27,sh600519,150.0000,151.2300,149.2000,665.4440,879900,4.405164
2010-08-30,sh600519,151.6800,160.0000,151.6800,702.4830,5378400,4.395464
2010-08-31,sh600519,158.5300,160.9900,157.8800,699.9880,3139900,4.396081
2010-09-01,sh600519,158.8000,161.2000,155.9000,690.0520,2558900,4.398598
2010-09-02,sh600519,158.0000,162.0800,157.8700,703.2020,2482100,4.395287
2010-09-03,sh600519,159.8000,165.3800,159.8000,714.3220,2776100,4.392584
2010-09-06,sh600519,164.0000,168.6000,164.0000,731.6580,2900800,4.388544
2010-09-07,sh600519,167.0500,169.1000,164.8000,725.5270,2237300,4.389950
2010-09-08,sh600519,165.0000,167.5000,165.0000,730.6430,1501000,4.388773
2010-09-09,sh600519,167.0000,169.1000,166.0000,732.3770,2150300,4.388382
2010-09-10,sh600519,167.5000,169.9000,166.5000,743.3700,1986700,4.385922
2010-09-13,sh600519,169.0000,173.4500,167.9500,740.3680,2806300,4.386586
2010-09-14,sh600519,168.7500,170.2200,165.6000,734.0680,2638300,4.387997
2010-09-15,sh600519,167.0000,167.2900,161.7000,713.6030,2103200,4.392755
2010-09-16,sh600519,162.1000,164.0500,156.8900,700.4530,2049700,4.395965
2010-09-17,sh600519,159.2200,164.4400,157.5100,710.8970,1797500,4.393406
2010-09-20,sh600519,162.8600,166.0000,162.0000,722.9050,1257600,4.390556
2010-09-21,sh600519,166.5000,166.8800,164.0100,728.9520,1494000,4.389162
2010-09-27,sh600519,166.1000,169.0000,165.3000,740.5790,1854800,4.386537
2010-09-28,sh600519,168.5900,171.1900,168.0000,748.8240,2258500,4.384729
2010-09-29,sh600519,170.4000,171.5500,167.0100,733.5180,1327200,4.388119
2010-09-30,sh600519,166.5600,169.2000,166.0000,740.1560,1457800,4.386630
2010-10-08,sh600519,169.0000,175.5000,169.0000,760.4520,3160800,4.382251
2010-10-11,sh600519,174.0000,176.4300,166.0000,736.2240,4374200,4.387509
2010-10-12,sh600519,167.8100,169.9800,164.2900,731.1500,2854300,4.388655
2010-10-13,sh600519,166.0000,166.5300,159.8500,707.4720,6028700,4.394236
2010-10-14,sh600519,161.0200,161.3000,156.8100,696.6480,5324300,4.396920
2010-10-15,sh600519,158.5200,163.0000,158.3100,703.1590,7209900,4.395293
2010-10-18,sh600519,160.0000,165.1600,154.8000,713.4760,9656400,4.392784
2010-10-19,sh600519,161.4200,164.9000,160.0000,717.0700,5344800,4.391927
2010-10-20,sh600519,160.1000,168.9000,160.0900,734.5750,4737200,4.387880
2010-10-21,sh600519,167.6000,170.0500,165.8000,734.8290,3762100,4.387825
2010-10-22,sh600519,167.4800,171.6000,166.6600,737.5350,4104600,4.387217
2010-10-25,sh600519,169.0000,173.8000,168.1300,758.2110,3619500,4.382723
2010-10-26,sh600519,172.8000,172.8800,168.0100,741.3400,2859000,4.386368
2010-10-27,sh600519,168.7500,169.4000,166.5000,737.7040,2891200,4.387178
2010-10-28,sh600519,167.9000,168.3000,166.7300,733.0110,1944000,4.388236
2010-10-29,sh600519,164.7400,165.0700,160.5000,716.5630,6546500,4.392050
2010-11-01,sh600519,163.2000,164.9000,162.2000,719.1420,4965800,4.391439
2010-11-02,sh600519,164.5200,164.5200,161.5900,714.5330,6229200,4.392531
2010-11-03,sh600519,163.0000,165.6500,161.5000,717.4090,4225300,4.391852
2010-11-04,sh600519,163.9500,165.5400,162.7800,724.5970,4462900,4.390167
2010-11-05,sh600519,165.3000,166.0000,163.3000,720.0720,3465400,4.391218
2010-11-08,sh600519,163.9900,164.0000,161.2500,718.0010,5689400,4.391712
2010-11-09,sh600519,163.6000,166.5900,162.7200,728.0210,6073700,4.389371
2010-11-10,sh600519,166.6000,182.4500,166.5000,786.6670,15000500,4.376938
2010-11-11,sh600519,181.9900,181.9900,174.1100,770.5570,7421700,4.380156
2010-11-12,sh600519,175.5500,188.0800,175.5200,777.3650,12650000,4.378781
2010-11-15,sh600519,181.9900,188.0000,181.9900,803.4110,7903800,4.373733
2010-11-16,sh600519,185.9900,186.0000,174.5000,775.9270,7229100,4.379068
2010-11-17,sh600519,175.9000,175.9000,163.8000,724.3850,8050900,4.390212
2010-11-18,sh600519,166.5500,170.9700,166.0000,743.3700,4028600,4.385922
2010-11-19,sh600519,171.1000,176.0000,170.2100,767.3440,4895400,4.380818
2010-11-22,sh600519,174.8800,182.3800,173.8000,781.5080,4794000,4.377951
2010-11-23,sh600519,178.3800,189.2000,176.2000,826.0320,10846900,4.369615
2010-11-24,sh600519,192.0000,206.6000,192.0000,872.0350,11079900,4.361920
2010-11-25,sh600519,200.5300,203.6200,197.0000,884.9310,4557900,4.359910
2010-11-26,sh600519,202.9700,212.6700,200.6100,902.9850,6379900,4.357195
2010-11-29,sh600519,205.2500,222.0000,205.2500,941.8430,6749900,4.351721
2010-11-30,sh600519,216.3700,216.3700,200.3300,892.7110,6566500,4.358728
2010-12-01,sh600519,203.0000,208.0000,200.0200,882.5210,3801600,4.360282
2010-12-02,sh600519,204.2000,206.0000,197.9100,864.6350,4294000,4.363097
2010-12-03,sh600519,198.0000,203.4900,197.7000,871.4850,4303700,4.362005
2010-12-06,sh600519,199.8500,202.0000,190.1100,842.8600,4328100,4.366698
2010-12-07,sh600519,191.8900,198.8000,189.8600,862.0560,3180400,4.363515
2010-12-08,sh600519,197.5000,201.8000,196.0100,856.2210,2833400,4.364466
2010-12-09,sh600519,195.9900,196.7800,192.3000,852.3310,2446100,4.365108
2010-12-10,sh600519,193.3500,198.8800,191.0000,862.7330,3958700,4.363408
2010-12-13,sh600519,197.5000,197.5000,193.5000,859.6460,5859200,4.363907
2010-12-14,sh600519,197.3100,201.5000,196.8000,863.5360,6154200,4.363276
2010-12-15,sh600519,198.0000,203.3300,198.0000,875.3330,4742300,4.361400
2010-12-16,sh600519,211.9900,212.5000,206.5000,901.8860,6681700,4.357358
2010-12-17,sh600519,208.0000,209.2000,203.8100,891.0620,5176900,4.358977
2010-12-20,sh600519,205.9800,206.6600,194.0000,861.2950,6855700,4.363639
2010-12-21,sh600519,197.3500,197.6100,193.0100,847.0040,5935900,4.366000
2010-12-22,sh600519,194.0700,194.4900,190.0000,834.1080,4415100,4.368201
2010-12-23,sh600519,190.8500,192.7000,190.0000,833.0930,3274300,4.368376
2010-12-24,sh600519,190.7100,190.9100,187.0000,824.6790,2940800,4.369855
2010-12-27,sh600519,189.0000,189.9900,182.3100,800.4510,4524600,4.374288
2010-12-28,sh600519,183.0000,186.6000,177.4000,801.5930,4817600,4.374075
2010-12-29,sh600519,183.1000,186.0700,182.0000,813.1780,3096700,4.371925
2010-12-30,sh600519,186.5000,186.5000,180.2000,795.9690,4177400,4.375139
2010-12-31,sh600519,181.8000,184.2800,181.0500,804.3830,4608400,4.373548
2011-01-04,sh600519,186.9000,187.9000,182.6000,811.0640,6046200,4.372313
2011-01-05,sh600519,184.9000,185.4000,180.5000,792.3750,5819800,4.375828
2011-01-06,sh600519,181.2100,183.6000,178.4400,788.8230,3758400,4.376515
2011-01-07,sh600519,180.1800,181.6900,178.5000,786.6250,3053300,4.376947
2011-01-10,sh600519,179.6200,180.5100,174.1400,763.7500,3878400,4.381562
2011-01-11,sh600519,173.6800,175.5000,171.2100,760.5790,4532200,4.382225
2011-01-12,sh600519,174.1000,176.0000,172.4100,764.4260,3132300,4.381418
2011-01-13,sh600519,175.5000,181.0000,174.4900,785.6520,4134100,4.377135
2011-01-14,sh600519,178.9500,181.2100,177.3000,788.6120,2577200,4.376558
2011-01-17,sh600519,179.7000,182.2000,175.0200,769.1620,3747500,4.380443
2011-01-18,sh600519,175.1000,182.6100,173.9900,798.6330,4096200,4.374633
2011-01-19,sh600519,182.5600,183.5700,181.1100,799.7740,2619800,4.374413
2011-01-20,sh600519,182.3000,183.9900,178.2500,788.1050,2452300,4.376659
2011-01-21,sh600519,179.8000,181.5000,175.6600,770.4310,2686700,4.380186
2011-01-24,sh600519,175.8700,177.4800,170.0100,751.9530,3477500,4.384054
2011-01-25,sh600519,170.9800,172.4000,170.0000,748.4860,1723800,4.384804
2011-01-26,sh600519,171.0100,173.9900,171.0100,754.5750,1432500,4.383496
2011-01-27,sh600519,171.9600,175.2800,169.5800,758.4650,2944400,4.382671
2011-01-28,sh600519,173.0100,174.1300,172.3800,759.6490,1959100,4.382422
2011-01-31,sh600519,173.5000,180.9200,173.0100,779.3100,3244200,4.378392
2011-02-01,sh600519,178.0000,181.8500,177.5000,788.9920,1775800,4.376481
2011-02-09,sh600519,179.9900,180.8100,177.0000,779.1830,1767500,4.378416
2011-02-10,sh600519,177.3500,185.9900,177.3000,809.0770,3600800,4.372680
2011-02-11,sh600519,184.7400,188.4500,184.2900,808.6540,3400100,4.372757
2011-02-14,sh600519,184.9300,188.0000,183.9000,817.8710,3663900,4.371070
2011-02-15,sh600519,187.1100,188.8000,184.8000,809.9640,2971600,4.372511
2011-02-16,sh600519,185.0100,185.9900,181.7000,803.3680,3644000,4.373737
2011-02-17,sh600519,183.0000,183.7000,180.8300,793.1360,3636300,4.375681
2011-02-18,sh600519,180.8000,185.4500,180.3000,796.1800,3682800,4.375096
2011-02-21,sh600519,182.0000,184.8000,181.2000,802.5230,2728900,4.373899
2011-02-22,sh600519,183.4800,185.2500,181.0000,795.7580,3829300,4.375181
2011-02-23,sh600519,181.1100,183.4700,181.1100,799.4780,1942200,4.374469
2011-02-24,sh600519,182.5800,183.4700,181.1200,796.8990,2047600,4.374960
2011-02-25,sh600519,182.8800,182.8800,179.2000,786.2020,2941300,4.377029
2011-02-28,sh600519,179.3000,179.4600,176.0000,782.2270,3909300,4.377809
2011-03-01,sh600519,178.7100,179.9300,177.8000,782.0580,2305900,4.377844
2011-03-02,sh600519,178.2000,179.0000,176.0100,776.0120,3209500,4.379053
2011-03-03,sh600519,177.2700,178.6900,174.7500,766.6670,3773500,4.380954
2011-03-04,sh600519,175.0000,176.7800,174.5000,770.6000,3335100,4.380151
2011-03-07,sh600519,175.8400,177.5300,175.8400,776.7310,3355300,4.378910
2011-03-08,sh600519,177.4300,177.6000,174.8000,773.9400,3186900,4.379470
2011-03-09,sh600519,177.4900,178.2000,176.0500,779.3100,2297100,4.378392
2011-03-10,sh600519,177.9700,184.2000,177.3800,796.2650,5449200,4.375082
2011-03-11,sh600519,181.6000,183.4000,179.8900,787.9780,2334500,4.376683
2011-03-14,sh600519,179.5200,184.0000,179.1100,799.9860,2237200,4.374377
2011-03-15,sh600519,181.6400,183.2200,177.0300,784.7220,3089800,4.377319
2011-03-16,sh600519,179.6000,182.9700,179.3100,795.5880,2417600,4.375209
2011-03-17,sh600519,180.9000,189.5300,180.1800,825.9890,8852200,4.369619
2011-03-18,sh600519,189.5500,194.1000,187.1300,834.9530,6148400,4.368051
2011-03-21,sh600519,189.8000,190.9800,184.5500,817.9560,4865100,4.371058
2011-03-22,sh600519,188.3800,189.9800,185.2000,812.1210,2788700,4.372118
2011-03-23,sh600519,186.0100,186.6900,183.5000,815.4610,4288100,4.371507
2011-03-24,sh600519,186.3000,186.5500,183.5000,802.8190,2135300,4.373844
2011-03-25,sh600519,183.0000,185.5800,183.0000,802.3110,2790500,4.373936
2011-03-28,sh600519,183.5500,184.4000,180.4900,791.6560,4029500,4.375966
2011-03-29,sh600519,181.0000,181.3000,178.5000,783.3690,2652300,4.377586
2011-03-30,sh600519,178.9400,180.2600,178.3000,782.3540,2060200,4.377785
2011-03-31,sh600519,178.7100,182.8000,178.5000,787.1740,1752500,4.376836
2011-04-01,sh600519,179.9800,181.3500,178.5500,785.5250,1822700,4.377159
2011-04-06,sh600519,179.4000,179.9000,176.7100,775.0390,2877400,4.379246
2011-04-07,sh600519,176.2000,177.0000,174.7800,766.4140,4683000,4.381011
2011-04-08,sh600519,174.9600,176.5000,174.8000,769.4580,2182300,4.380383
2011-04-11,sh600519,175.4500,178.6500,175.1100,777.1960,2617300,4.378816
2011-04-12,sh600519,177.5000,179.3400,176.7000,776.9000,3494500,4.378875
2011-04-13,sh600519,177.3000,179.0000,177.0200,780.7470,2938900,4.378102
2011-04-14,sh600519,178.3000,178.5000,175.4800,769.7960,3662100,4.380312
2011-04-15,sh600519,175.9700,176.9900,170.7700,755.5890,5332700,4.383275
2011-04-18,sh600519,172.1800,173.3900,171.2100,758.4650,1960800,4.382671
2011-04-19,sh600519,173.0600,174.6400,171.4900,759.8180,2288000,4.382386
2011-04-20,sh600519,173.3800,175.1800,173.0000,765.8220,2250900,4.381133
2011-04-21,sh600519,175.0000,177.5900,174.7100,766.0750,2868400,4.381076
2011-04-22,sh600519,175.5000,176.4000,174.5300,771.5300,1450000,4.379960
2011-04-25,sh600519,180.0000,185.0800,179.5000,800.7470,7022500,4.374232
2011-04-26,sh600519,183.0000,183.5000,180.8800,792.7560,3109500,4.375758
2011-04-27,sh600519,181.6000,185.0000,181.0000,792.6710,2774800,4.375771
2011-04-28,sh600519,182.1000,182.5800,177.8000,781.1280,2535700,4.378029
2011-04-29,sh600519,178.4000,183.0900,177.6800,797.5760,2208300,4.374834
2011-05-03,sh600519,183.0000,186.8000,182.0000,812.5860,4127000,4.372033
2011-05-04,sh600519,184.4900,188.0800,183.4400,802.6070,3252100,4.373880
2011-05-05,sh600519,183.5100,187.5000,183.0100,808.7380,2669300,4.372739
2011-05-06,sh600519,184.0000,187.0000,183.0100,812.3750,2396000,4.372074
2011-05-09,sh600519,186.5800,187.4900,183.9000,805.3980,1217500,4.373360
2011-05-10,sh600519,184.0700,184.5000,182.7800,802.9880,1591800,4.373811
2011-05-11,sh600519,183.0200,186.3000,183.0200,810.0910,1289600,4.372489
2011-05-12,sh600519,185.0000,189.5000,184.6000,818.7590,2502700,4.370911
2011-05-13,sh600519,187.3500,188.9900,185.5000,820.1970,1225300,4.370654
2011-05-16,sh600519,187.5000,188.9800,186.5000,820.2390,1150500,4.370645
2011-05-17,sh600519,187.0200,190.3000,186.0000,820.0700,2086600,4.370676
2011-05-18,sh600519,187.3000,197.4400,187.3000,851.0200,6216500,4.365324
2011-05-19,sh600519,196.0000,201.6500,196.0000,871.8660,8573800,4.361947
2011-05-20,sh600519,200.7000,201.6600,198.8100,875.8820,4004300,4.361311
2011-05-23,sh600519,200.0000,202.7500,197.0000,859.8150,3942000,4.363879
2011-05-24,sh600519,195.5100,197.5000,194.5000,849.5830,2399700,4.365567
2011-05-26,sh600519,194.8000,202.7900,194.8000,866.8340,3897000,4.362746
2011-05-27,sh600519,199.8800,200.7800,193.2100,845.9040,3172900,4.366181
2011-05-30,sh600519,192.1800,202.5800,191.7700,883.0700,4728600,4.360194
2011-05-31,sh600519,202.6500,203.9800,201.3000,888.4400,3385400,4.359372
2011-06-01,sh600519,204.1000,209.9800,203.0200,914.1900,3909300,4.355567
2011-06-02,sh600519,208.5000,209.6600,203.6000,900.2370,3958500,4.357602
2011-06-03,sh600519,206.0200,212.7000,206.0200,921.4630,2948300,4.354534
2011-06-07,sh600519,211.9800,211.9900,206.2800,905.6490,2687600,4.356805
2011-06-08,sh600519,207.5500,209.7000,203.5800,909.3280,2507000,4.356271
2011-06-09,sh600519,208.0500,208.3000,201.7600,880.0680,3617900,4.360658
2011-06-10,sh600519,201.5000,204.4900,199.8000,883.1970,3427900,4.360175
2011-06-13,sh600519,202.5000,203.9000,198.8000,878.6730,2800400,4.360876
2011-06-14,sh600519,201.4700,204.9800,200.5000,891.2310,3748700,4.358950
2011-06-15,sh600519,204.0200,204.4700,202.1900,885.9460,1640800,4.359756
2011-06-16,sh600519,202.2000,205.2900,200.2200,885.1420,1773100,4.359876
2011-06-17,sh600519,203.5000,209.9900,202.6500,908.8630,3341100,4.356339
2011-06-20,sh600519,208.1000,208.2800,201.0000,887.0030,2990900,4.359594
2011-06-21,sh600519,202.0300,204.8400,202.0300,886.3260,1273800,4.359695
2011-06-22,sh600519,203.2000,207.4800,203.2000,897.4460,1618800,4.358015
2011-06-23,sh600519,205.3000,209.2000,205.0000,906.1570,2028000,4.356733
2011-06-24,sh600519,207.8500,210.1500,205.3500,899.6030,3706800,4.357697
2011-06-27,sh600519,207.2000,208.9600,205.7800,907.3400,2319000,4.356556
2011-06-28,sh600519,209.0000,211.8700,207.2200,916.5580,2554000,4.355229
2011-06-29,sh600519,210.8800,212.8800,207.9000,918.6300,1959600,4.354935
2011-06-30,sh600519,210.0200,213.3000,210.0200,925.7750,3270100,4.353925
2011-07-01,sh600519,192.5000,192.5000,189.9000,927.7330,1581000,4.841272
2011-07-04,sh600519,191.2100,193.3300,190.8000,934.1980,4633800,4.839903
2011-07-05,sh600519,193.0000,193.0200,189.8000,926.8030,2705700,4.841472
2011-07-06,sh600519,190.9800,192.0000,190.1100,925.1280,1975300,4.841828
2011-07-07,sh600519,191.0000,196.0800,191.0000,939.2680,4095600,4.838844
2011-07-08,sh600519,194.3500,195.4800,192.9500,939.1280,1718300,4.838871
2011-07-11,sh600519,194.0600,198.0700,193.4500,951.9190,2561500,4.836250
2011-07-12,sh600519,196.3200,196.8300,193.6400,937.5470,2848800,4.839202
2011-07-13,sh600519,194.0900,195.4900,193.3600,941.5000,2210900,4.838378
2011-07-14,sh600519,194.5900,194.8000,192.8000,935.2680,2482200,4.839679
2011-07-15,sh600519,192.5900,195.7900,192.5900,944.1050,1776300,4.837843
2011-07-18,sh600519,195.2000,200.4400,195.2000,961.8250,2852300,4.834263
2011-07-19,sh600519,198.9000,200.0300,197.2000,961.2670,2027600,4.834374
2011-07-20,sh600519,199.9900,200.4800,198.5000,966.1510,1896700,4.833413
2011-07-21,sh600519,200.1700,205.5000,200.0000,982.6150,4767600,4.830236
2011-07-22,sh600519,203.1600,208.8800,203.1600,995.8710,4986000,4.827763
2011-07-25,sh600519,207.0000,207.6800,202.5100,983.6390,3526000,4.830047
2011-07-26,sh600519,203.5000,203.9900,202.0000,983.2200,2479100,4.830124
2011-07-27,sh600519,203.8900,207.5000,202.6600,986.7550,3067600,4.829459
2011-07-28,sh600519,203.8900,207.9000,202.0000,1002.7080,2292300,4.826513
2011-07-29,sh600519,207.5000,207.5000,205.3000,997.7780,1910400,4.827413
2011-08-01,sh600519,207.3300,207.3300,202.8000,982.3830,1857200,4.830283
2011-08-02,sh600519,202.2000,202.7500,198.5500,971.8250,2784900,4.832306
2011-08-03,sh600519,199.2100,202.8000,199.0000,974.9880,1706100,4.831696
2011-08-04,sh600519,202.5000,205.6900,201.8000,989.8250,1777300,4.828886
2011-08-05,sh600519,200.0800,205.6000,200.0800,981.2200,2131900,4.830503
2011-08-08,sh600519,201.0100,205.1000,198.0000,965.0810,3688400,4.833622
2011-08-09,sh600519,196.4400,203.0000,193.0000,971.7780,3692400,4.832312
2011-08-10,sh600519,202.4000,206.4900,199.7500,993.1730,3843600,4.828260
2011-08-11,sh600519,204.0000,215.6000,204.0000,1035.0330,6194900,4.820834
2011-08-12,sh600519,215.0000,217.6000,213.0000,1044.6600,3946600,4.819209
2011-08-15,sh600519,217.2000,218.7900,211.9200,1028.5210,2945000,4.821946
2011-08-16,sh600519,213.6500,215.2800,208.2700,1011.7310,3749100,4.824889
2011-08-17,sh600519,210.0000,211.4900,208.7200,1012.4750,1355300,4.824756
2011-08-18,sh600519,209.3100,209.8500,206.3600,1004.8010,2934100,4.826134
2011-08-19,sh600519,206.9000,210.1500,206.5500,1012.7080,3748800,4.824717
2011-08-22,sh600519,210.1000,210.9000,203.6000,986.7080,2816400,4.829465
2011-08-23,sh600519,203.9900,206.2000,203.4000,989.5920,2357900,4.828927
2011-08-24,sh600519,205.0000,207.9900,204.0900,993.6380,1795700,4.828173
2011-08-25,sh600519,207.5000,208.5000,205.0100,1001.1730,3008300,4.826791
2011-08-26,sh600519,207.3800,212.9900,206.8500,1026.5680,2274800,4.822285
2011-08-29,sh600519,212.0000,215.9800,209.5000,1037.6840,2608200,4.820384
2011-08-30,sh600519,215.5000,217.4300,213.0100,1035.5910,2881600,4.820738
2011-08-31,sh600519,218.8000,219.5000,214.5000,1035.3580,5001400,4.820776
2011-09-01,sh600519,214.7000,215.4800,210.5000,1020.0560,2568900,4.823416
2011-09-02,sh600519,210.8600,212.2000,209.9000,1021.8240,1383200,4.823110
2011-09-05,sh600519,211.1900,211.3800,206.5000,1000.4750,2734400,4.826917
2011-09-06,sh600519,206.0000,208.3000,202.2800,980.6620,3209400,4.830609
2011-09-07,sh600519,203.6000,207.8800,203.5000,1001.9640,2008700,4.826649
2011-09-08,sh600519,208.0000,208.9900,205.6200,993.9640,1318200,4.828115
2011-09-09,sh600519,206.5600,209.6800,203.9900,999.5920,1422700,4.827081
2011-09-13,sh600519,204.5900,206.0000,201.0800,974.2440,1894900,4.831840
2011-09-14,sh600519,203.0000,203.2800,194.1700,957.1280,4762500,4.835201
2011-09-15,sh600519,198.0000,200.2000,197.7700,959.6390,1912200,4.834697
2011-09-16,sh600519,199.4900,203.1300,198.0000,980.2430,1802900,4.830687
2011-09-19,sh600519,203.7000,204.5000,201.9200,979.3130,1535200,4.830865
2011-09-20,sh600519,202.7000,202.7000,199.5000,970.5690,1278400,4.832548
2011-09-21,sh600519,200.8200,205.0300,200.5000,986.9410,2464000,4.829424
2011-09-22,sh600519,203.0000,203.8800,197.3000,955.7790,2433600,4.835470
2011-09-23,sh600519,194.1000,196.0000,189.8900,938.9890,7653700,4.838902
2011-09-26,sh600519,191.8600,194.2500,188.0000,911.4080,4221100,4.844822
2011-09-27,sh600519,189.9700,191.6400,187.6700,917.6400,2474900,4.843450
2011-09-28,sh600519,190.8000,190.8000,186.2300,906.7570,3238900,4.845858
2011-09-29,sh600519,184.9000,191.0000,184.9000,906.6170,3003000,4.845887
2011-09-30,sh600519,187.1600,191.1000,187.1600,922.8960,1826900,4.842311
2011-10-10,sh600519,190.8800,191.8000,187.6300,910.8500,1428300,4.844947
2011-10-11,sh600519,191.9900,191.9900,183.0000,906.0590,2058600,4.846013
2011-10-12,sh600519,186.5000,192.6000,184.4300,929.6400,2977800,4.840866
2011-10-13,sh600519,192.0400,194.8400,190.0000,929.7800,2396100,4.840839
2011-10-14,sh600519,191.0500,192.7800,189.8000,926.8490,1246800,4.841459
2011-10-17,sh600519,192.1700,197.5100,191.6000,953.3600,2600800,4.835954
2011-10-18,sh600519,195.3400,199.3700,195.0100,950.0120,2278500,4.836636
2011-10-19,sh600519,197.4200,201.5000,197.0000,957.9180,2265700,4.835039
2011-10-20,sh600519,197.0000,198.5600,190.6000,925.2680,2931200,4.841800
2011-10-21,sh600519,190.6600,195.0000,190.6600,940.5700,1711600,4.838572
2011-10-24,sh600519,195.8000,201.1100,194.4000,969.2200,3239000,4.832810
2011-10-25,sh600519,199.2000,203.3300,199.2000,969.5460,3204100,4.832748
2011-10-26,sh600519,199.8800,202.0800,198.7100,975.3130,2949200,4.831631
2011-10-27,sh600519,202.0500,204.3600,201.5400,975.9640,2010400,4.831505
2011-10-28,sh600519,203.5100,206.8000,203.5100,989.9640,2605600,4.828857
2011-10-31,sh600519,205.3000,206.1800,202.6800,986.2430,2812100,4.829553
2011-11-01,sh600519,203.1800,207.5000,202.5100,1000.1030,2714700,4.826985
2011-11-02,sh600519,204.9500,209.6500,204.6000,1011.1730,2664700,4.824989
2011-11-03,sh600519,211.0700,211.5000,207.1700,1000.5220,3046500,4.826910
2011-11-04,sh600519,207.8800,210.0000,206.3300,1002.7540,1854600,4.826502
2011-11-07,sh600519,208.2000,208.7000,206.5600,998.2890,1657300,4.827316
2011-11-08,sh600519,207.6600,207.9300,203.9800,988.7550,2554600,4.829084
2011-11-09,sh600519,204.9000,206.6600,202.5000,985.8250,2469600,4.829635
2011-11-10,sh600519,203.2900,205.6000,203.1300,989.9640,1461700,4.828857
2011-11-11,sh600519,205.0100,205.1500,203.0300,985.1270,1169200,4.829764
2011-11-14,sh600519,205.4900,208.1500,204.2000,1000.4290,1798600,4.826928
2011-11-15,sh600519,207.6000,207.9500,203.0000,984.9410,1778200,4.829799
2011-11-16,sh600519,203.9500,203.9500,199.9000,970.2440,2954500,4.832614
2011-11-17,sh600519,200.8500,203.6000,200.3100,975.2200,1558900,4.831649
2011-11-18,sh600519,201.8800,202.8800,199.7000,969.3130,1990700,4.832792
2011-11-21,sh600519,200.7000,203.4000,200.1100,970.7090,1838900,4.832524
2011-11-22,sh600519,200.8900,206.8900,200.6000,994.8940,3565200,4.827942
2011-11-23,sh600519,205.6200,209.3000,205.6200,1009.0330,3153700,4.825369
2011-11-24,sh600519,208.6000,209.1800,207.5000,1002.4290,2655800,4.826564
2011-11-25,sh600519,207.7500,213.3400,207.0000,1013.0800,4023500,4.824650
2011-11-28,sh600519,210.3100,214.7700,209.3100,1031.1720,5337900,4.821490
2011-11-29,sh600519,213.8000,216.0900,211.8000,1025.0790,4135500,4.822540
2011-11-30,sh600519,212.8800,214.7800,208.8000,1013.4520,4026300,4.824583
2011-12-01,sh600519,213.2000,215.1900,210.2700,1026.3820,3378500,4.822317
2011-12-02,sh600519,212.0000,216.2000,212.0000,1031.9170,2696200,4.835147
2011-12-05,sh600519,214.4500,214.4500,206.4000,997.9170,3896200,4.825751
2011-12-06,sh600519,206.5100,206.5500,201.7000,983.7320,3715200,4.830029
2011-12-07,sh600519,203.7000,206.5000,203.7000,993.1730,2733300,4.828260
2011-12-08,sh600519,205.9000,208.6000,202.8800,980.6150,2466100,4.830616
2011-12-09,sh600519,202.8500,203.8500,199.7000,965.8250,3674500,4.833475
2011-12-12,sh600519,199.8200,200.9000,196.8900,955.2210,2952600,4.835583
2011-12-13,sh600519,196.9200,197.9800,196.6000,949.2210,1553900,4.807399
2011-12-14,sh600519,196.2500,200.0000,196.2500,956.6160,1834100,4.826275
2011-12-15,sh600519,196.8700,198.8800,195.1000,952.6160,1494500,4.863015
2011-12-16,sh600519,198.0000,201.9800,197.9900,974.9410,3064900,4.831703
2011-12-19,sh600519,200.9700,201.3900,199.3000,971.3130,2545600,4.832403
2011-12-20,sh600519,201.0000,202.8000,198.5000,967.7790,1710600,4.833095
2011-12-21,sh600519,201.1800,201.4800,196.9800,953.7790,2196200,4.835872
2011-12-22,sh600519,197.5000,200.9200,195.8000,965.1270,1744300,4.833610
2011-12-23,sh600519,199.9000,201.4000,199.0000,970.1970,1760900,4.832621
2011-12-26,sh600519,200.6100,200.6200,192.3000,934.6630,4699500,4.839804
2011-12-27,sh600519,193.0000,193.0000,188.3200,915.6400,3131400,4.843887
2011-12-28,sh600519,188.3000,190.5000,186.4900,921.2220,2773800,4.842675
2011-12-29,sh600519,189.1000,192.8900,189.1000,930.4310,2006200,4.840700
2011-12-30,sh600519,192.7000,194.8800,190.0000,935.5000,2946000,4.839628
2012-01-04,sh600519,191.5000,192.7700,185.0000,898.1520,3387800,4.847801
2012-01-05,sh600519,184.0000,185.2000,182.3600,888.2920,3012200,4.850079
2012-01-06,sh600519,183.1000,188.0500,181.6500,904.5240,2519000,4.846357
2012-01-09,sh600519,186.0000,188.0900,181.7700,910.8960,2616000,4.844934
2012-01-10,sh600519,187.0000,194.6600,186.1100,940.9890,3923500,4.838487
2012-01-11,sh600519,192.9500,193.8900,189.3000,918.6640,3989100,4.843231
2012-01-12,sh600519,188.5800,191.5600,188.5800,921.7800,2744000,4.842553
2012-01-13,sh600519,190.7000,191.2000,187.5200,914.0590,2054200,4.844237
2012-01-16,sh600519,187.3800,187.3800,175.6600,861.5950,5165500,4.856519
2012-01-17,sh600519,177.9000,181.9800,170.9000,875.6880,6122700,4.853070
2012-01-18,sh600519,181.4200,185.1800,176.6600,861.4560,4729400,4.856557
2012-01-19,sh600519,177.8900,181.6000,175.5100,876.8970,2432900,4.852778
2012-01-20,sh600519,182.0000,186.2000,182.0000,901.4080,2968300,4.847061
2012-01-30,sh600519,185.9900,186.9900,183.0600,891.3150,3055000,4.849374
2012-01-31,sh600519,184.4200,186.6000,184.3500,903.4550,1585400,4.846602
2012-02-01,sh600519,186.2000,188.5200,184.8800,902.2450,2482400,4.846871
2012-02-02,sh600519,186.1500,187.0000,184.2800,903.5480,2037500,4.846580
2012-02-03,sh600519,186.4600,186.6000,183.4900,903.7800,2651700,4.846525
2012-02-06,sh600519,186.6100,188.7600,185.8000,913.3610,2974700,4.844388
2012-02-07,sh600519,187.3000,188.4500,185.4000,900.8970,1794200,4.847181
2012-02-08,sh600519,185.8600,189.0000,185.0800,912.1990,2308200,4.844649
2012-02-09,sh600519,188.0000,191.1500,187.6600,923.6400,3138400,4.842149
2012-02-10,sh600519,189.5300,192.4000,189.1000,922.5240,2227600,4.842391
2012-02-13,sh600519,189.5000,195.1700,188.6600,936.0580,2163900,4.839510
2012-02-14,sh600519,192.6900,194.6600,191.8000,937.9190,1514200,4.839124
2012-02-15,sh600519,192.7300,195.9000,192.7300,942.4770,2471400,4.838178
2012-02-16,sh600519,193.5200,194.8000,190.6000,928.1520,2201600,4.841185
2012-02-17,sh600519,193.8800,193.8800,190.3700,926.8490,1228700,4.841459
2012-02-20,sh600519,192.9600,193.6700,190.8000,924.1520,1853000,4.842041
2012-02-21,sh600519,191.7900,192.5800,190.4000,929.2210,1378900,4.840953
2012-02-22,sh600519,192.7600,193.5000,190.9800,932.9890,2235200,4.840159
2012-02-23,sh600519,192.5200,195.0400,192.5200,940.1980,3343300,4.838650
2012-02-24,sh600519,194.1800,198.2100,194.1500,957.7320,2394400,4.835077
2012-02-27,sh600519,198.7800,200.0200,197.5000,959.6860,2656200,4.834690
2012-02-28,sh600519,199.4300,200.9500,198.5600,970.1040,2569800,4.832639
2012-02-29,sh600519,201.0000,205.0000,200.5000,987.4060,3943200,4.829336
2012-03-01,sh600519,203.5200,205.4700,202.3900,978.6620,1692000,4.830990
2012-03-02,sh600519,202.6300,203.7000,199.5100,970.8480,3521600,4.832494
2012-03-05,sh600519,200.8500,200.8800,198.6000,965.9180,3055300,4.833457
2012-03-06,sh600519,199.0000,199.8400,196.0000,948.2910,3147400,4.836985
2012-03-07,sh600519,194.7200,195.5900,192.9800,934.7100,2919800,4.839797
2012-03-08,sh600519,193.2100,196.1100,192.9800,940.8030,2357400,4.838526
2012-03-09,sh600519,194.6900,200.1200,194.2000,966.3370,2923900,4.833377
2012-03-12,sh600519,200.1200,201.6100,199.0300,969.1740,2568100,4.832821
2012-03-13,sh600519,200.1000,203.3000,200.1000,974.3830,1831600,4.831811
2012-03-14,sh600519,201.5900,204.0500,198.0000,960.4760,4069900,4.834530
2012-03-15,sh600519,199.0400,202.4000,198.6000,961.6860,2809400,4.834293
2012-03-16,sh600519,200.7900,208.0000,200.3000,1001.9640,5158300,4.826649
2012-03-19,sh600519,207.8000,211.5700,205.5700,1002.1960,4563500,4.826604
2012-03-20,sh600519,207.5500,209.1000,206.1100,1002.7080,2340000,4.826513
2012-03-21,sh600519,207.8000,209.0000,203.8600,990.3830,2952700,4.828781
2012-03-22,sh600519,204.3200,206.9000,204.2900,991.5450,833100,4.828561
2012-03-23,sh600519,207.5000,212.5500,207.5000,1022.5680,5487300,4.822979
2012-03-26,sh600519,211.1200,215.9000,211.1000,1037.3580,3765300,4.820437
2012-03-27,sh600519,210.2200,210.9900,201.0000,973.6390,7910600,4.831955
2012-03-28,sh600519,199.0000,205.0000,198.3100,973.1740,5546100,4.832046
2012-03-29,sh600519,200.8000,205.5000,200.0000,972.0110,3698200,4.832269
2012-03-30,sh600519,201.1600,202.9900,195.0000,952.5230,3795900,4.836124
2012-04-05,sh600519,196.1000,206.4000,196.1000,994.5690,4096000,4.828005
2012-04-06,sh600519,205.6200,208.0800,205.5300,1003.7310,2672900,4.826326
2012-04-09,sh600519,207.5500,209.9200,205.6000,1009.7310,1447400,4.825246
2012-04-10,sh600519,209.2800,209.7800,205.1100,1004.3820,1664000,4.826207
2012-04-11,sh600519,205.0000,211.5000,203.5100,1007.8240,3146000,4.825588
2012-04-12,sh600519,208.8500,212.5200,206.6800,1024.4280,2842200,4.822653
2012-04-13,sh600519,212.5000,214.0500,211.4000,1027.2650,2052700,4.822161
2012-04-16,sh600519,212.5000,215.4000,211.5900,1026.3350,2089300,4.822323
2012-04-17,sh600519,212.8400,213.0100,210.0000,1014.0100,1787200,4.824484
2012-04-18,sh600519,210.4100,214.8000,210.0000,1031.1260,2281500,4.821500
2012-04-19,sh600519,213.7800,214.3700,207.8100,1010.7540,2182300,4.825062
2012-04-20,sh600519,208.3000,213.3500,208.3000,1024.8000,1704600,4.822588
2012-04-23,sh600519,211.7200,214.2700,209.8600,1021.7310,1328100,4.823126
2012-04-24,sh600519,212.1900,213.0100,209.9400,1020.2420,2178200,4.823383
2012-04-25,sh600519,212.4500,213.2600,210.0000,1026.7540,1552900,4.822252
2012-04-26,sh600519,214.2500,217.0000,213.5000,1044.2880,3501900,4.819272
2012-04-27,sh600519,216.6900,225.4800,216.6900,1080.8920,4272800,4.813377
2012-05-02,sh600519,226.0000,226.5700,222.0000,1087.4970,3533900,4.812360
2012-05-03,sh600519,225.9800,227.3000,223.6100,1090.7990,2565400,4.811853
2012-05-04,sh600519,226.5000,234.8800,226.5000,1124.7980,3187900,4.806829
2012-05-07,sh600519,234.8000,237.7600,233.2800,1127.1700,3424400,4.806490
2012-05-08,sh600519,234.4500,234.8500,229.3800,1125.3100,3666400,4.806758
2012-05-09,sh600519,231.1200,232.6500,227.2000,1110.0540,3290900,4.808968
2012-05-10,sh600519,231.0000,231.0000,226.9500,1095.4960,3057400,4.811137
2012-05-11,sh600519,228.0000,228.5000,225.9000,1095.4500,2326000,4.811147
2012-05-14,sh600519,228.0000,228.0000,220.6100,1069.8230,3879700,4.815118
2012-05-15,sh600519,221.1000,223.6600,220.1000,1074.1480,1616800,4.814432
2012-05-16,sh600519,222.9500,223.4000,218.0000,1059.7760,2813900,4.816726
2012-05-17,sh600519,220.1200,221.4000,218.6100,1059.2650,3417200,4.816811
2012-05-18,sh600519,218.6700,219.9700,215.9000,1050.0090,2627700,4.818323
2012-05-21,sh600519,217.5800,224.5200,217.5800,1074.5200,2884300,4.814373
2012-05-22,sh600519,225.0100,231.5000,225.0100,1102.8450,4145800,4.810036
2012-05-23,sh600519,229.2500,232.1000,228.0000,1108.3800,2472200,4.809216
2012-05-24,sh600519,229.8000,232.7700,217.8800,1060.8000,5374300,4.816564
2012-05-25,sh600519,220.2400,220.8700,216.0000,1053.0790,3056900,4.817820
2012-05-28,sh600519,218.0100,225.9000,217.8100,1085.2170,2783300,4.812706
2012-05-30,sh600519,227.5100,229.9800,227.0000,1099.9610,2570000,4.810465
2012-05-31,sh600519,228.2000,237.8000,228.0000,1137.2630,3736700,4.805066
2012-06-01,sh600519,238.0000,243.0000,236.7100,1154.4250,3850400,4.802700
2012-06-04,sh600519,238.0000,242.9900,236.4700,1136.5650,2432700,4.805162
2012-06-05,sh600519,237.4800,241.8000,237.2100,1156.4250,2456100,4.802429
2012-06-06,sh600519,241.0000,242.0000,236.4100,1136.7980,1872800,4.805131
2012-06-07,sh600519,238.3900,240.6600,236.8000,1143.3090,1967700,4.804223
2012-06-08,sh600519,239.0000,240.1800,236.0000,1147.9600,1728600,4.803582
2012-06-11,sh600519,238.9000,240.2300,233.4000,1132.0070,3306100,4.805803
2012-06-12,sh600519,234.2100,236.4900,232.1300,1124.1000,1637200,4.806928
2012-06-13,sh600519,234.5000,239.1800,233.1000,1148.0070,2046300,4.803578
2012-06-14,sh600519,238.0000,245.7900,237.2200,1174.0520,2870400,4.800082
2012-06-15,sh600519,245.0200,246.4100,239.7700,1168.4250,1985900,4.800826
2012-06-18,sh600519,243.4100,248.3100,243.4100,1182.7500,1953800,4.798953
2012-06-19,sh600519,245.1100,248.1700,241.9600,1169.9130,1729900,4.800628
2012-06-20,sh600519,243.8300,244.3900,242.0000,1169.2620,1139300,4.800714
2012-06-21,sh600519,243.5600,243.6000,238.8000,1151.6810,1703400,4.803074
2012-06-25,sh600519,238.1000,241.9600,237.5000,1141.5420,1843400,4.804470
2012-06-26,sh600519,237.2000,238.8800,232.6200,1142.7040,2612200,4.804305
2012-06-27,sh600519,238.0000,242.3100,238.0000,1161.5410,2325700,4.801740
2012-06-28,sh600519,241.8800,242.0000,235.9900,1134.7510,2221300,4.805416
2012-06-29,sh600519,235.3700,241.0000,235.3700,1148.7510,2322400,4.803475
2012-07-02,sh600519,240.0000,244.9400,236.0200,1161.3090,2573100,4.801774
2012-07-03,sh600519,241.3000,255.0000,241.0100,1222.1910,5015800,4.794034
2012-07-04,sh600519,257.0000,259.9000,252.0000,1239.4930,4503500,4.791978
2012-07-05,sh600519,251.6000,253.9900,249.1600,1225.5260,2274900,4.869769
2012-07-06,sh600519,251.9500,261.9800,250.2000,1264.2690,3915800,4.862760
2012-07-09,sh600519,259.8800,263.0000,254.6300,1239.8040,2852700,4.867130
2012-07-10,sh600519,254.5000,257.1900,249.8700,1219.6650,2698700,4.870867
2012-07-11,sh600519,250.9200,258.3300,248.3800,1255.0600,3200900,4.864385
2012-07-12,sh600519,258.1100,265.0100,255.0000,1245.9900,3727300,4.866008
2012-07-13,sh600519,255.6700,264.0000,255.3000,1276.8730,2954800,4.860575
2012-07-16,sh600519,262.1000,266.0800,261.9000,1274.7800,2953300,4.860934
2012-07-17,sh600519,260.0000,260.9900,253.3100,1235.2930,3603000,4.867958
2012-07-18,sh600519,253.6000,255.9000,239.9000,1194.3640,7404600,4.875751
2012-07-19,sh600519,243.9900,248.5500,243.0500,1200.1770,2658000,4.874607
2012-07-20,sh600519,245.4900,250.7400,242.8900,1185.6200,2605400,4.877489
2012-07-23,sh600519,239.8800,243.4600,239.0000,1183.2940,1981100,4.877954
2012-07-24,sh600519,240.6100,254.1800,240.6100,1214.9210,3437200,4.871766
2012-07-25,sh600519,250.0000,255.8000,249.5100,1243.6180,2617000,4.866437
2012-07-26,sh600519,254.9000,259.5000,249.7000,1219.8510,2341800,4.870831
2012-07-27,sh600519,250.8800,252.0000,246.8000,1215.2470,1842100,4.871706
2012-07-30,sh600519,249.2500,252.6000,247.5500,1217.0610,1749500,4.871362
2012-07-31,sh600519,249.5000,254.0000,246.0500,1201.2470,1946500,4.874399
2012-08-01,sh600519,246.1800,248.6300,241.8900,1185.4800,2671500,4.877515
2012-08-02,sh600519,243.1100,245.4900,241.1500,1181.3410,1705400,4.878349
2012-08-03,sh600519,242.5000,247.0000,242.1700,1203.6660,1647200,4.873931
2012-08-06,sh600519,246.6400,249.6000,245.2000,1212.3630,1732000,4.872254
2012-08-07,sh600519,248.8200,252.7700,248.1200,1226.6420,1811900,4.869559
2012-08-08,sh600519,252.4600,254.0000,249.0000,1230.8280,1489300,4.868782
2012-08-09,sh600519,251.8000,261.6500,251.2000,1268.5940,3067200,4.862004
2012-08-10,sh600519,251.0000,254.7000,244.0200,1209.4790,9122500,4.872805
2012-08-13,sh600519,248.4800,249.6800,246.8000,1208.5030,2303700,4.872996
2012-08-14,sh600519,248.0000,249.9900,245.0000,1206.1770,1878600,4.873442
2012-08-15,sh600519,246.9800,247.4000,243.5000,1190.5030,2272300,4.876513
2012-08-16,sh600519,244.2600,245.5000,239.0700,1167.9460,3148200,4.881085
2012-08-17,sh600519,238.4200,238.4200,228.5000,1123.0170,5907100,4.890763
2012-08-20,sh600519,229.6100,232.6800,225.9800,1137.1090,2405200,4.887638
2012-08-21,sh600519,232.6700,239.9000,232.6700,1151.7140,2632300,4.884490
2012-08-22,sh600519,236.9200,236.9200,230.0000,1134.9230,2042300,4.888117
2012-08-23,sh600519,231.9000,231.9000,226.0700,1116.7380,2795600,4.892180
2012-08-24,sh600519,227.2100,232.9100,227.0500,1133.5280,2167600,4.888425
2012-08-27,sh600519,230.5000,230.6300,227.1500,1117.8070,2089900,4.891934
2012-08-28,sh600519,229.0000,230.5800,225.0100,1103.9940,2029400,4.895109
2012-08-29,sh600519,225.0000,225.0000,218.7700,1074.3670,3042500,4.902204
2012-08-30,sh600519,216.9900,219.1900,213.5000,1068.4130,4834800,4.903676
2012-08-31,sh600519,218.0000,222.0000,217.2000,1077.1570,2248400,4.901515
2012-09-04,sh600519,237.0000,238.0000,231.0000,1140.7370,11150800,4.886848
2012-09-05,sh600519,232.5000,234.9700,232.0000,1143.6670,2749000,4.886213
2012-09-06,sh600519,234.2500,234.5000,229.1000,1132.9230,2079400,4.888557
2012-09-07,sh600519,233.2000,243.0000,233.2000,1178.7360,4281200,4.878874
2012-09-10,sh600519,241.7100,246.0000,239.2800,1179.1080,2816900,4.878798
2012-09-11,sh600519,240.3000,240.3000,237.9800,1170.0390,1613500,4.880653
2012-09-12,sh600519,241.5000,246.5000,238.9000,1172.5040,2902300,4.880147
2012-09-13,sh600519,240.4500,241.5400,238.3000,1171.2010,1429400,4.880411
2012-09-14,sh600519,241.0000,245.1500,239.1100,1193.4330,2458600,4.875932
2012-09-17,sh600519,245.0000,246.6800,241.2000,1177.3410,2001400,4.879159
2012-09-18,sh600519,240.7900,243.1000,239.5000,1172.8290,1827700,4.880077
2012-09-19,sh600519,239.5400,241.0000,230.1500,1132.0400,4099100,4.888755
2012-09-20,sh600519,230.9000,232.7900,228.8900,1120.3190,2151700,4.891368
2012-09-21,sh600519,228.3100,233.0000,228.1200,1127.5280,1567900,4.889752
2012-09-24,sh600519,229.0000,232.9800,228.0800,1135.7600,1763400,4.887933
2012-09-25,sh600519,232.4700,238.5800,231.5000,1164.3640,2623000,4.881825
2012-09-26,sh600519,238.0000,240.5600,233.7000,1152.0860,2036200,4.884411
2012-09-27,sh600519,235.0000,241.5800,234.5300,1174.5040,2714000,4.879737
2012-09-28,sh600519,239.0200,245.9500,239.0000,1198.2700,3128300,4.874980
2012-10-08,sh600519,245.3000,245.3000,237.4800,1171.0150,2360800,4.880449
2012-10-09,sh600519,240.9800,245.0500,240.0400,1190.5960,2341000,4.876494
2012-10-10,sh600519,243.0000,244.8300,240.7500,1189.0610,1345600,4.876798
2012-10-11,sh600519,242.3500,243.7500,241.1300,1180.2710,1062500,4.878564
2012-10-12,sh600519,242.6200,244.7900,241.7300,1187.6200,1174200,4.877089
2012-10-15,sh600519,244.7700,247.2400,244.7700,1197.8520,1888300,4.875064
2012-10-16,sh600519,245.1100,251.0800,245.1100,1216.9210,2773700,4.871386
2012-10-17,sh600519,249.8100,250.5000,247.9000,1212.1310,1598000,4.872301
2012-10-18,sh600519,249.2500,254.5000,249.0000,1223.4790,2227800,4.870150
2012-10-19,sh600519,251.2500,254.9600,251.2500,1231.7580,1862900,4.868609
2012-10-22,sh600519,252.6800,253.5300,247.8000,1220.3160,1911700,4.870743
2012-10-23,sh600519,250.8000,250.8000,244.6000,1193.1540,1870200,4.875987
2012-10-24,sh600519,244.6000,247.1200,244.1000,1200.5030,1097200,4.874545
2012-10-25,sh600519,247.0000,248.0000,244.3000,1199.5260,915900,4.874735
2012-10-26,sh600519,248.7200,248.9800,240.0700,1176.3640,2455900,4.879356
2012-10-29,sh600519,241.5900,243.6000,239.0500,1179.7590,1449000,4.878666
2012-10-30,sh600519,241.8000,245.4900,241.2100,1192.5960,1561000,4.876098
2012-10-31,sh600519,244.5200,247.9400,243.6500,1205.4330,1584500,4.873587
2012-11-01,sh600519,248.2100,250.8500,246.3500,1215.0140,1819100,4.871748
2012-11-02,sh600519,249.2000,250.5000,246.2800,1210.1770,1697400,4.872673
2012-11-05,sh600519,246.9900,246.9900,241.2000,1184.8750,2266500,4.877635
2012-11-06,sh600519,242.4100,242.4100,235.5000,1152.3650,4171300,4.884351
2012-11-07,sh600519,235.0000,238.0300,235.0000,1159.5270,1621700,4.882836
2012-11-08,sh600519,235.9900,236.9500,233.8500,1143.8530,1626100,4.886173
2012-11-09,sh600519,234.0900,235.8000,233.6600,1147.1550,1167000,4.885461
2012-11-12,sh600519,235.0000,235.7800,228.8900,1131.5740,2046400,4.888853
2012-11-13,sh600519,231.0000,231.0000,225.7000,1115.7610,2044700,4.892401
2012-11-14,sh600519,228.3800,231.0000,226.5000,1127.8070,1223800,4.889690
2012-11-15,sh600519,229.0000,229.0000,226.3300,1111.9940,1140000,4.893263
2012-11-16,sh600519,226.8000,226.9500,222.5000,1098.7380,1967700,4.896337
2012-11-19,sh600519,224.4000,224.4000,208.9000,1050.6000,7048400,4.908199
2012-11-20,sh600519,212.8500,218.3400,212.5000,1059.4830,3807800,4.905922
2012-11-21,sh600519,215.8500,219.8000,211.7900,1071.9950,3333400,4.902790
2012-11-22,sh600519,207.5000,217.4600,206.8000,1065.6690,5152000,4.904363
2012-11-23,sh600519,215.0200,223.0000,215.0100,1088.6450,2984400,4.898731
2012-11-26,sh600519,221.4100,221.8000,215.5000,1064.5530,2195400,4.904644
2012-11-27,sh600519,217.0500,221.0900,216.1800,1077.1570,2045800,4.901515
2012-11-28,sh600519,219.2500,219.2500,217.0000,1070.7850,1501700,4.903086
2012-11-29,sh600519,218.4000,220.1200,218.1400,1074.9250,1567500,4.902066
2012-11-30,sh600519,219.2000,219.2000,213.2100,1059.7160,2137100,4.905865
2012-12-03,sh600519,213.0000,213.0000,199.0500,986.1360,7937200,4.926000
2012-12-04,sh600519,195.0100,199.9800,190.8000,971.0670,7870500,4.930526
2012-12-05,sh600519,194.3000,200.5200,188.6300,969.6250,11170300,4.930965
2012-12-06,sh600519,196.2000,197.0000,184.0000,958.3230,11756100,4.934468
2012-12-07,sh600519,196.9900,202.6900,196.5800,979.6250,9950100,4.927939
2012-12-11,sh600519,198.5000,208.0000,198.5000,995.9960,9223200,4.923118
2012-12-12,sh600519,205.0000,211.9900,202.5000,1040.4140,6432500,4.910856
2012-12-13,sh600519,209.8900,214.9800,205.1000,1011.7640,6199600,4.918639
2012-12-14,sh600519,203.0000,209.5000,198.5000,1022.0890,7892600,4.915780
2012-12-17,sh600519,206.0000,213.6600,202.0000,1036.8330,7136100,4.911805
2012-12-18,sh600519,211.2100,216.7800,211.1700,1052.8320,4694500,4.907621
2012-12-19,sh600519,213.1300,221.0000,213.0100,1075.7150,4756900,4.901868
2012-12-20,sh600519,218.5000,220.4000,215.5900,1070.8320,3443400,4.903077
2012-12-21,sh600519,217.6900,219.0000,215.8300,1062.4600,2509200,4.905171
2012-12-24,sh600519,212.0100,212.0100,200.0000,1006.5540,10005000,4.920100
2012-12-25,sh600519,202.9000,206.8700,201.2200,1007.2060,5953300,4.919920
2012-12-26,sh600519,203.7800,206.8000,202.7100,1009.6710,4486600,4.919225
2012-12-27,sh600519,205.3000,209.5000,203.7400,1020.5070,6092600,4.916211
2012-12-28,sh600519,207.6000,215.5800,207.6000,1042.4600,5658900,4.910316
2012-12-31,sh600519,213.3100,214.8000,206.3500,1027.2050,5191400,4.914386
2013-01-04,sh600519,212.0000,212.0000,205.0000,1017.5310,5837000,4.917034
2013-01-07,sh600519,205.8800,205.8800,202.5000,1005.2060,4127100,4.920486
2013-01-08,sh600519,203.1800,210.8500,203.1800,1035.6700,6528600,4.912113
2013-01-09,sh600519,211.5000,217.6500,211.5000,1061.7620,5374900,4.905345
2013-01-10,sh600519,215.5800,217.0000,213.0000,1052.6930,3052700,4.907660
2013-01-11,sh600519,213.7200,215.1500,209.8800,1037.6230,3700900,4.911592
2013-01-14,sh600519,208.5000,210.3000,202.8100,1029.0650,6818300,4.913881
2013-01-15,sh600519,208.7900,212.1000,206.8200,1035.7160,5263500,4.912099
2013-01-16,sh600519,205.0000,206.8000,203.6800,1013.1590,6950100,4.918248
2013-01-17,sh600519,204.9900,207.6800,204.5200,1009.1120,3620100,4.919378
2013-01-18,sh600519,206.1500,206.4800,200.1100,1002.7400,5531800,4.921182
2013-01-21,sh600519,202.8000,202.8000,196.3000,972.7410,7477900,4.930014
2013-01-22,sh600519,195.8100,199.7300,189.0000,979.8110,7381500,4.927883
2013-01-23,sh600519,196.0000,199.5100,193.8000,980.5080,5101300,4.927671
2013-01-24,sh600519,197.9000,200.1000,194.8000,966.4620,5947400,4.931935
2013-01-25,sh600519,189.0000,191.8000,186.1000,934.3240,8000700,4.942206
2013-01-28,sh600519,186.0000,187.8000,178.0000,885.2550,15829000,4.959412
2013-01-29,sh600519,176.0000,179.9900,172.0000,883.6740,11544700,4.960002
2013-01-30,sh600519,177.0500,182.4900,176.6800,892.7900,7137600,4.956640
2013-01-31,sh600519,181.2000,181.8000,177.7700,887.1150,3781600,4.958720
2013-02-01,sh600519,178.8800,181.7700,178.0300,887.4880,4526500,4.958588
2013-02-04,sh600519,180.0000,180.9500,174.0000,869.5810,6496400,4.965346
2013-02-05,sh600519,174.9500,184.5000,173.8000,912.8360,8782500,4.949498
2013-02-06,sh600519,184.9800,185.0700,182.0000,910.5100,4619500,4.950307
2013-02-07,sh600519,183.0000,186.5500,181.3200,916.2780,4856700,4.948307
2013-02-08,sh600519,185.1500,188.4000,184.3000,928.7890,4157200,4.944049
2013-02-18,sh600519,188.3000,188.3000,179.0000,890.7900,5656900,4.957371
2013-02-19,sh600519,178.9800,180.5900,176.8000,882.5570,3773700,4.960415
2013-02-20,sh600519,177.0000,179.9800,175.0200,882.4640,3658200,4.960450
2013-02-21,sh600519,175.2300,185.2000,175.0500,892.3250,5383200,4.956810
2013-02-22,sh600519,181.0000,186.6000,181.0000,918.2310,6286400,4.947632
2013-02-25,sh600519,184.0000,185.3500,180.2600,897.3010,3454900,4.955000
2013-02-26,sh600519,180.7000,184.0000,177.3300,879.9990,4375400,4.961375
2013-02-27,sh600519,176.6100,178.7000,175.5600,877.2090,3415800,4.962431
2013-02-28,sh600519,177.8000,177.8000,172.0000,868.9760,5678600,4.965577
2013-03-01,sh600519,174.3000,175.9600,172.9900,863.4880,3800300,4.967714
2013-03-04,sh600519,173.7200,176.6200,173.7200,867.6740,5207200,4.966083
2013-03-05,sh600519,175.4200,176.4600,173.8600,868.9760,3697400,4.965577
2013-03-06,sh600519,176.0000,177.3000,173.6500,879.3020,4922700,4.961641
2013-03-07,sh600519,179.3800,188.6000,179.3200,910.1850,8519000,4.950424
2013-03-08,sh600519,186.0100,187.5000,183.6700,911.4400,3595900,4.949981
2013-03-11,sh600519,183.8000,185.5000,181.8100,916.4170,3496500,4.948256
2013-03-12,sh600519,186.0000,186.1000,180.0000,902.3710,2539300,4.953184
2013-03-13,sh600519,182.4000,186.0200,182.4000,910.0450,3076900,4.950471
2013-03-14,sh600519,182.5000,184.7700,178.6600,887.3020,3512400,4.958657
2013-03-15,sh600519,177.5200,180.7000,175.1000,878.1390,3596100,4.962078
2013-03-18,sh600519,176.9000,176.9000,168.1900,843.1630,7823100,4.975881
2013-03-19,sh600519,168.2000,169.8200,164.5100,823.3030,6341400,4.984278
2013-03-20,sh600519,165.2600,170.5900,164.1000,845.3030,7189400,4.975004
2013-03-21,sh600519,169.5000,169.5000,165.8000,830.7450,6539200,4.981083
2013-03-22,sh600519,166.4800,169.9000,165.7100,841.3030,4557800,4.976652
2013-03-25,sh600519,169.0000,170.7700,168.1000,841.2100,3196600,4.976691
2013-03-26,sh600519,169.1000,171.2100,168.4100,845.1630,3248000,4.975059
2013-03-27,sh600519,170.0100,170.4000,165.4000,830.7910,4766200,4.981060
2013-03-28,sh600519,166.0800,168.1800,162.3100,830.9310,4149000,4.981003
2013-03-29,sh600519,167.2500,169.5700,166.0200,840.4190,4771700,4.977016
2013-04-01,sh600519,168.0900,168.4600,164.5800,822.2330,2912800,4.984741
2013-04-02,sh600519,165.1000,165.9700,163.2700,816.4660,3252400,4.987270
2013-04-03,sh600519,163.6800,165.0000,163.1800,817.1170,2199000,4.986982
2013-04-08,sh600519,162.1400,165.0000,160.4500,819.3030,3773200,4.986021
2013-04-09,sh600519,163.8900,164.9000,162.7000,815.9540,2419400,4.987494
2013-04-10,sh600519,164.0000,171.1100,162.7000,845.5350,7085800,4.974906
2013-04-11,sh600519,170.0000,171.0000,168.3000,840.6980,2972900,4.976900
2013-04-12,sh600519,168.9200,174.4000,168.5000,856.0930,5980000,4.970638
2013-04-15,sh600519,172.2700,173.6600,170.0200,858.4650,2833600,4.969694
2013-04-16,sh600519,170.0000,175.2000,169.6000,860.4180,3913700,4.968919
2013-04-17,sh600519,173.6000,178.7700,173.5500,885.2090,4297400,4.959432
2013-04-18,sh600519,177.2000,180.0000,176.0100,888.2780,4195600,4.958292
2013-04-19,sh600519,179.4000,179.8800,176.8900,888.6500,3923800,4.958154
2013-04-22,sh600519,178.9000,178.9000,173.5000,862.9770,4274500,4.967918
2013-04-23,sh600519,173.5000,174.9800,171.7000,854.1400,3095200,4.971422
2013-04-24,sh600519,172.2200,175.0000,170.3000,868.3720,3040200,4.965815
2013-04-25,sh600519,174.0200,177.5600,173.2200,876.8830,2535900,4.962552
2013-04-26,sh600519,177.4100,178.0000,173.0100,864.2790,1630700,4.967406
2013-05-02,sh600519,173.0000,173.0500,169.0300,850.8840,2858600,4.972731
2013-05-03,sh600519,171.8000,174.0200,170.6000,857.1160,2146000,4.970229
2013-05-06,sh600519,173.0000,177.9800,171.9800,881.9990,3019600,4.960624
2013-05-07,sh600519,179.0200,188.3400,179.0200,927.9980,7102000,4.944312
2013-05-08,sh600519,187.8000,190.0000,186.1300,933.5790,4241600,4.942448
2013-05-09,sh600519,189.2600,197.2000,189.2600,972.1370,7013400,4.930201
2013-05-10,sh600519,197.0100,200.9200,196.0100,971.8110,4877600,4.930298
2013-05-13,sh600519,197.1100,201.6000,193.7700,974.4620,3257900,4.929492
2013-05-14,sh600519,196.1000,197.1000,190.0100,944.2770,3643100,4.938946
2013-05-15,sh600519,190.8800,196.6600,190.7200,960.4160,2326400,4.933813
2013-05-16,sh600519,194.0100,200.5100,192.0000,961.3000,4546200,4.933539
2013-05-17,sh600519,194.0800,196.4500,193.0000,966.2300,3355600,4.932010
2013-05-20,sh600519,196.8000,198.4800,194.4500,961.9970,3094400,4.933318
2013-05-21,sh600519,194.8800,195.7600,193.5100,962.0900,2310200,4.933289
2013-05-22,sh600519,195.6500,200.6000,195.1000,982.7880,4614900,4.926997
2013-05-23,sh600519,199.6000,206.4900,199.6000,996.6010,6224700,4.922945
2013-05-24,sh600519,204.0000,207.1700,200.0000,989.5780,4507300,4.924989
2013-05-27,sh600519,201.9700,202.1000,198.0000,992.8340,2677800,4.924039
2013-05-28,sh600519,201.8800,203.3100,199.5500,995.2060,2367600,4.923350
2013-05-29,sh600519,203.0000,206.8700,201.3500,992.1830,3234000,4.924229
2013-05-30,sh600519,200.8000,202.8200,199.0100,986.4150,2501900,4.925918
2013-05-31,sh600519,200.9700,201.4000,197.0000,971.7650,2459000,4.930315
2013-06-03,sh600519,198.1000,202.5500,197.1800,994.9270,4025600,4.923431
2013-06-04,sh600519,202.3000,205.3000,201.6500,993.1590,4235600,4.923941
2013-06-05,sh600519,201.9900,202.5000,199.5800,990.6940,2372400,4.924661
2013-06-06,sh600519,201.2100,204.8000,201.2100,992.9730,3387700,4.923996
2013-06-07,sh600519,195.1100,200.0000,193.5100,997.7130,2547800,5.083629
2013-06-13,sh600519,195.1200,198.4800,192.0100,990.5040,4499800,5.087073
2013-06-14,sh600519,194.3500,195.0000,189.5800,987.2940,3251800,5.088620
2013-06-17,sh600519,194.2700,194.9800,189.2100,966.1790,2968900,5.099108
2013-06-18,sh600519,189.1600,191.8000,186.5200,976.2710,2737700,5.094031
2013-06-19,sh600519,190.8800,195.5000,188.2000,991.0620,2890900,5.086804
2013-06-20,sh600519,194.4600,195.4800,190.6100,976.6900,2558600,5.093825
2013-06-21,sh600519,190.0400,195.8800,187.5000,974.0390,3965400,5.095146
2013-06-24,sh600519,191.6100,192.0000,185.1800,948.2260,4080700,5.108426
2013-06-25,sh600519,185.5600,190.3000,176.0300,967.8530,5135200,5.098256
2013-06-26,sh600519,188.4900,189.8200,184.7800,962.6440,3290300,5.100911
2013-06-27,sh600519,188.7200,192.3500,188.0900,966.6440,3413500,5.098871
2013-06-28,sh600519,188.8500,193.4600,188.8500,979.6200,2807000,5.092374
2013-07-01,sh600519,192.0300,194.9700,191.0200,988.5500,2582800,5.088013
2013-07-02,sh600519,194.2700,198.9900,192.6200,1005.5730,3345300,5.079934
2013-07-03,sh600519,198.9000,199.8000,196.1300,1005.6660,3542400,5.079891
2013-07-04,sh600519,197.0700,199.8600,196.5800,999.3870,2421400,5.082835
2013-07-05,sh600519,196.9000,199.3700,196.9000,1001.7130,1777900,5.081742
2013-07-08,sh600519,196.8800,197.8900,193.0000,992.5970,2411300,5.086068
2013-07-09,sh600519,196.3000,196.3000,190.7100,978.1320,2023300,5.093111
2013-07-10,sh600519,191.2100,194.1000,188.8900,986.4570,3324400,5.089027
2013-07-11,sh600519,194.5500,196.5000,192.0300,996.3640,4605600,5.084268
2013-07-12,sh600519,195.1100,196.7700,188.7000,963.0620,4299100,5.100694
2013-07-15,sh600519,189.3800,190.1000,184.9300,959.0630,3660700,5.102756
2013-07-16,sh600519,188.1600,191.2800,185.5000,973.0160,3701100,5.095659
2013-07-17,sh600519,190.5000,190.7900,186.8100,954.2720,2738800,5.105243
2013-07-18,sh600519,187.0000,187.4500,183.7000,945.6680,2569900,5.109785
2013-07-19,sh600519,185.0100,185.0100,174.5300,903.5290,7331900,5.133396
2013-07-22,sh600519,175.6600,177.0900,173.0500,898.2730,2706200,5.136511
2013-07-23,sh600519,175.9300,180.2900,174.9800,920.1800,2875600,5.123782
2013-07-24,sh600519,179.4000,179.4000,173.1000,897.0640,4406700,5.137235
2013-07-25,sh600519,175.4000,179.8000,174.3000,916.2260,3954000,5.126027
2013-07-26,sh600519,177.0000,177.8000,174.9000,898.6920,1904500,5.136263
2013-07-29,sh600519,174.2800,174.2800,171.0000,881.7160,2688300,5.146603
2013-07-30,sh600519,170.3000,171.2800,165.5900,868.2740,4211300,5.155103
2013-07-31,sh600519,169.6800,171.2000,167.7000,868.6000,1459000,5.154896
2013-08-01,sh600519,169.9800,172.5000,169.0600,884.3670,2485200,5.144959
2013-08-02,sh600519,172.7900,178.1600,172.6900,903.6220,2924000,5.133341
2013-08-05,sh600519,176.0300,176.7700,173.9000,901.1570,1806500,5.134798
2013-08-06,sh600519,173.9300,175.5000,172.7000,899.9010,2656200,5.135542
2013-08-07,sh600519,174.8000,178.6600,173.7300,905.2500,2837700,5.132385
2013-08-08,sh600519,176.4200,177.3600,174.4000,899.5760,1607600,5.135739
2013-08-09,sh600519,175.4500,176.0900,170.9400,888.7390,2288900,5.142273
2013-08-12,sh600519,172.8000,178.4300,172.5100,914.2260,3939000,5.127172
2013-08-13,sh600519,178.0100,180.5000,176.5000,921.8540,2543500,5.122834
2013-08-14,sh600519,179.8900,182.3400,178.4000,915.9940,2172100,5.126163
2013-08-15,sh600519,178.8600,181.2000,177.3900,910.2730,1536500,5.129455
2013-08-16,sh600519,177.5300,181.0000,174.0500,896.0410,3497300,5.137850
2013-08-19,sh600519,175.4000,175.9100,173.0000,899.6220,1935700,5.135708
2013-08-20,sh600519,174.1500,175.0000,172.7000,892.3670,3125000,5.140067
2013-08-21,sh600519,175.0100,175.1500,172.4000,897.3900,2310300,5.137043
2013-08-22,sh600519,174.6000,176.6800,174.0200,899.2040,1550100,5.135961
2013-08-23,sh600519,175.9700,175.9800,171.5000,889.4830,1952900,5.141817
2013-08-26,sh600519,173.1100,175.0000,172.0000,893.9010,1688500,5.139134
2013-08-27,sh600519,173.7700,173.7700,172.0000,890.2270,2443600,5.141363
2013-08-28,sh600519,172.1700,172.1700,169.5700,875.1110,3060300,5.150742
2013-08-29,sh600519,170.0000,170.3400,168.1100,868.5070,2180400,5.154956
2013-08-30,sh600519,168.4800,169.0000,167.5500,869.9020,2586100,5.154059
2013-09-02,sh600519,160.8000,160.8000,151.9000,791.4850,22497000,5.209880
2013-09-03,sh600519,151.0000,152.8000,149.0000,790.2760,12321100,5.210840
2013-09-04,sh600519,152.0000,153.5500,151.6000,792.3230,7678900,5.209224
2013-09-05,sh600519,151.8600,152.8000,149.3000,783.8110,7128300,5.216018
2013-09-06,sh600519,150.1000,150.9000,149.7700,783.8580,3778300,5.215983
2013-09-09,sh600519,151.0000,151.5200,149.8800,786.9740,6927000,5.213475
2013-09-10,sh600519,150.8000,151.8800,150.0800,790.0900,5409300,5.210988
2013-09-11,sh600519,151.7500,152.7800,150.0000,794.5090,6901200,5.207505
2013-09-12,sh600519,152.6300,153.2000,151.2100,790.6020,4772300,5.210585
2013-09-13,sh600519,151.6900,154.4800,151.6500,791.9500,6825400,5.209512
2013-09-16,sh600519,152.6200,152.6200,149.5900,780.9270,5887700,5.218356
2013-09-17,sh600519,149.0000,149.2000,140.5100,742.0910,10905700,5.251883
2013-09-18,sh600519,141.0000,142.3800,139.5000,744.8820,6731700,5.249345
2013-09-23,sh600519,141.9900,142.0000,140.0500,739.8120,6540900,5.253973
2013-09-24,sh600519,141.0000,142.2600,136.7000,721.1620,9881900,5.271652
2013-09-25,sh600519,136.5500,137.5000,133.0200,713.5340,6978900,5.279180
2013-09-26,sh600519,134.0000,136.2200,134.0000,714.7430,4722700,5.277972
2013-09-27,sh600519,135.4900,136.1600,133.7900,708.4180,3463900,5.284335
2013-09-30,sh600519,133.9300,136.3100,133.5200,717.1620,5046000,5.275577
2013-10-08,sh600519,135.7600,137.4000,134.1900,720.5570,5686700,5.272240
2013-10-09,sh600519,136.6000,137.4000,135.8000,722.0450,4081500,5.270786
2013-10-10,sh600519,137.0000,137.3800,136.2500,722.2780,2904500,5.270563
2013-10-11,sh600519,135.3000,137.8300,135.3000,724.5100,3645500,5.268397
2013-10-14,sh600519,137.9500,139.7300,137.3200,734.4170,5527400,5.258983
2013-10-15,sh600519,139.7400,144.8000,139.0800,755.8120,6927700,5.239598
2013-10-16,sh600519,146.3000,147.7000,142.1000,755.7650,9481300,5.239635
2013-10-17,sh600519,144.5900,145.8000,143.5000,755.5330,4862100,5.239843
2013-10-18,sh600519,144.4900,144.9100,142.0000,749.9050,3557400,5.244824
2013-10-21,sh600519,143.5100,145.3000,142.2000,759.7190,4702200,5.236191
2013-10-22,sh600519,144.8000,144.8000,142.7500,751.9510,2458100,5.243000
2013-10-23,sh600519,143.2600,144.6800,142.2100,753.2070,2621500,5.241889
2013-10-24,sh600519,143.3000,143.9700,142.7000,753.3000,2625500,5.241806
2013-10-25,sh600519,143.0100,143.0100,135.6000,720.8360,5858400,5.271967
2013-10-28,sh600519,135.7800,136.7700,133.2600,707.9990,3214100,5.284758
2013-10-29,sh600519,134.1500,134.6600,131.5000,702.5570,3518200,5.290339
2013-10-30,sh600519,132.9800,133.3000,131.9600,701.5810,2534300,5.291357
2013-10-31,sh600519,132.6500,136.5100,132.5000,713.3010,3489300,5.279409
2013-11-01,sh600519,134.3300,135.8400,133.8000,713.6270,2215400,5.279087
2013-11-04,sh600519,135.4500,136.9700,135.2700,719.0220,1943600,5.273742
2013-11-05,sh600519,135.8000,138.3900,134.7000,727.2540,2784300,5.265759
2013-11-06,sh600519,138.2800,141.0100,137.5000,734.4170,4444900,5.258983
2013-11-07,sh600519,139.3600,139.8800,136.7000,731.2540,2135800,5.261956
2013-11-08,sh600519,138.6000,139.9900,136.0100,718.0920,2153700,5.274658
2013-11-11,sh600519,138.0000,141.6800,136.1800,733.9520,5232800,5.259420
2013-11-12,sh600519,139.4200,145.3500,139.0500,758.5560,6947800,5.237200
2013-11-13,sh600519,144.0900,146.4500,143.1000,757.9980,3188100,5.237687
2013-11-14,sh600519,145.0000,145.0000,141.6900,754.9750,2404200,5.240335
2013-11-15,sh600519,143.7400,144.6200,142.1000,752.0440,3359700,5.242917
2013-11-18,sh600519,144.0000,144.8600,142.8000,752.2770,4157100,5.242714
2013-11-19,sh600519,143.5000,144.2000,141.3000,749.1610,4116600,5.245491
2013-11-20,sh600519,142.7400,142.9200,141.4000,745.6260,2551700,5.248670
2013-11-21,sh600519,141.6800,142.2900,138.5500,729.8120,3299100,5.263320
2013-11-22,sh600519,138.6600,139.3500,137.9800,728.9290,2811000,5.264166
2013-11-25,sh600519,137.7800,141.8600,137.5200,740.3700,2618100,5.253459
2013-11-26,sh600519,140.9900,141.8400,139.7800,735.9520,1640600,5.257551
2013-11-27,sh600519,139.9900,141.1900,138.6000,735.8120,1567900,5.257678
2013-11-28,sh600519,139.9800,142.6500,139.9800,744.5560,2224000,5.249637
2013-11-29,sh600519,141.0000,141.6500,139.9200,742.7420,2042300,5.251287
2013-12-02,sh600519,140.0100,140.2700,136.5000,721.0690,4289200,5.271743
2013-12-03,sh600519,136.5500,137.9200,135.3400,724.7890,3288200,5.268128
2013-12-04,sh600519,137.4600,139.0200,136.5700,728.9750,3351000,5.264118
2013-12-05,sh600519,138.4400,138.4400,136.9500,722.0450,1932600,5.270786
2013-12-06,sh600519,136.7700,139.1000,136.0000,730.2310,2915000,5.262926
2013-12-09,sh600519,138.6000,138.7000,136.0000,726.4640,2537100,5.266522
2013-12-10,sh600519,137.5100,137.9000,136.2000,721.8590,2539200,5.270968
2013-12-11,sh600519,136.8600,137.6000,136.1700,719.2550,1986800,5.273517
2013-12-12,sh600519,136.3300,137.3400,136.2000,719.3010,1830600,5.273468
2013-12-13,sh600519,136.2300,137.3900,136.2200,719.3010,1926700,5.273468
2013-12-16,sh600519,136.0100,136.4200,132.8700,703.3480,3286900,5.289524
2013-12-17,sh600519,132.9500,134.7300,132.4000,704.4640,1564100,5.288372
2013-12-18,sh600519,132.9900,133.5000,132.3100,701.1160,2010500,5.291841
2013-12-19,sh600519,133.2900,133.4000,131.1000,694.8830,1781300,5.298384
2013-12-20,sh600519,131.2500,131.7500,126.0000,673.9530,3855600,5.321382
2013-12-23,sh600519,126.4300,127.6400,126.1200,673.3020,1922200,5.322125
2013-12-24,sh600519,127.0000,127.7000,126.3800,673.7670,2789700,5.321594
2013-12-25,sh600519,127.0000,127.3700,125.8900,672.1390,1843900,5.323452
2013-12-26,sh600519,126.0000,126.2300,124.1400,665.0700,3415600,5.331650
2013-12-27,sh600519,125.2000,127.2300,124.7400,671.8600,2545500,5.323772
2013-12-30,sh600519,126.4500,126.9800,123.9900,663.7680,3216600,5.333183
2013-12-31,sh600519,124.0000,129.3100,122.5000,682.0000,5754600,5.312354
2014-01-02,sh600519,127.9900,127.9900,125.6000,670.8370,2197600,5.324948
2014-01-03,sh600519,125.2500,125.8000,123.2300,661.5350,2334100,5.335820
2014-01-06,sh600519,122.8800,124.9000,120.7000,646.4190,3022900,5.354253
2014-01-07,sh600519,120.1100,121.3500,119.2000,645.6290,1803900,5.355250
2014-01-08,sh600519,120.4900,121.1800,118.0100,640.2330,3198900,5.362085
2014-01-09,sh600519,119.0000,121.8000,118.6000,639.9540,4788600,5.362443
2014-01-10,sh600519,119.0100,120.4300,118.0500,639.6290,2112600,5.362866
2014-01-13,sh600519,119.3000,122.3200,119.0800,642.5120,3764600,5.359179
2014-01-14,sh600519,120.2000,121.7900,118.9000,649.1170,2347400,5.350894
2014-01-15,sh600519,120.5100,121.1500,118.0500,637.2570,1972000,5.365923
2014-01-16,sh600519,118.8500,122.4500,118.7400,652.2800,3911900,5.346996
2014-01-17,sh600519,121.8000,122.6500,120.1200,644.4190,3236300,5.356766
2014-01-20,sh600519,121.9000,127.3000,121.0200,674.6050,6009000,5.320648
2014-01-21,sh600519,126.0000,128.7100,125.3500,675.5350,3540400,5.319592
2014-01-22,sh600519,126.9800,134.8100,126.3000,708.9290,7366700,5.283812
2014-01-23,sh600519,134.1800,135.4000,131.7600,708.5570,4025800,5.284190
2014-01-24,sh600519,133.5000,135.6900,132.5100,715.1150,3578000,5.277601
2014-01-27,sh600519,134.8900,143.7800,134.6600,739.5330,8351000,5.254231
2014-01-28,sh600519,140.5100,142.0000,137.5000,732.4170,3640100,5.260861
2014-01-29,sh600519,139.7800,141.0600,136.4900,722.1380,3152000,5.270696
2014-01-30,sh600519,136.5000,136.9500,131.0000,699.7670,3722300,5.293245
2014-02-07,sh600519,132.0600,134.6200,131.0600,707.6270,2386500,5.285137
2014-02-10,sh600519,134.0000,134.4000,130.8600,702.8360,3625100,5.290050
2014-02-11,sh600519,132.8000,135.5800,132.1000,708.3250,4300600,5.284430
2014-02-12,sh600519,134.2000,134.9700,133.3100,708.8360,1928300,5.283906
2014-02-13,sh600519,134.0300,138.3900,134.0100,715.9060,3856700,5.276819
2014-02-14,sh600519,135.3900,143.0000,135.3900,749.5330,6741000,5.245157
2014-02-17,sh600519,144.1000,150.9900,144.1000,782.4620,8746500,5.217109
2014-02-18,sh600519,149.4400,149.4400,146.1200,768.6490,3364000,5.228549
2014-02-19,sh600519,147.0500,151.9800,147.0500,780.3690,3148200,5.218812
2014-02-20,sh600519,149.5000,151.5800,148.0000,777.8580,2318800,5.220874
2014-02-21,sh600519,148.0000,150.1500,147.7800,778.2760,3412500,5.220526
2014-02-24,sh600519,149.1000,151.0800,145.6100,771.4860,3117800,5.226162
2014-02-25,sh600519,148.0000,148.4000,141.0000,747.0680,4627900,5.247370
2014-02-26,sh600519,140.5600,144.9800,139.0500,745.4860,2651300,5.248793
2014-02-27,sh600519,142.1500,145.7900,140.0200,759.0680,2564600,5.236758
2014-02-28,sh600519,145.0000,150.8000,144.9500,782.6480,4192600,5.216958
2014-03-03,sh600519,150.0000,154.9900,148.3300,805.4850,4881600,5.199025
2014-03-04,sh600519,152.1200,159.2900,152.0000,798.3690,5086600,5.204492
2014-03-05,sh600519,154.0300,159.9900,152.0000,828.3220,4721100,5.182195
2014-03-06,sh600519,160.2100,162.3000,157.0000,838.3680,4274100,5.175111
2014-03-07,sh600519,162.0000,167.2000,160.0400,854.6000,5811000,5.164058
2014-03-10,sh600519,164.8000,165.8000,154.0300,814.8340,4998500,5.192010
2014-03-11,sh600519,156.0000,163.6000,155.1000,839.2050,3856100,5.174528
2014-03-12,sh600519,161.0800,163.6000,155.7800,822.2290,3676300,5.186583
2014-03-13,sh600519,157.6000,165.1000,157.1100,851.7160,4263700,5.165985
2014-03-14,sh600519,164.0600,166.0000,161.8000,847.0650,2493300,5.169128
2014-03-17,sh600519,165.0000,166.6600,162.0100,859.1580,3219800,5.161038
2014-03-18,sh600519,168.3000,176.2000,168.3000,881.7160,5947300,5.146603
2014-03-19,sh600519,169.9000,175.0000,169.0000,895.9010,3536500,5.137931
2014-03-20,sh600519,174.3000,174.5000,169.0000,871.7620,3389500,5.152867
2014-03-21,sh600519,168.4400,171.9800,165.5000,882.0880,4031800,5.146371
2014-03-24,sh600519,171.0000,175.7300,169.9000,881.5760,2632000,5.146687
2014-03-25,sh600519,168.4000,168.4000,155.5900,860.7390,6240300,5.159996
2014-03-26,sh600519,165.1000,166.1100,158.3600,822.0430,5737600,5.186718
2014-03-27,sh600519,157.6600,160.8000,156.4000,818.1820,3804400,5.189534
2014-03-28,sh600519,157.8200,158.9900,151.0100,794.8340,4827200,5.207246
2014-03-31,sh600519,152.0100,157.3800,152.0000,804.4150,3058300,5.199838
2014-04-01,sh600519,154.7100,162.5500,154.4000,840.6470,3404600,5.173531
2014-04-02,sh600519,162.7400,169.6600,161.0300,855.2980,4669800,5.163596
2014-04-03,sh600519,167.5600,167.6900,163.5000,853.7630,2691800,5.164618
2014-04-04,sh600519,164.6500,165.3000,161.0000,847.9490,2320600,5.168530
2014-04-08,sh600519,163.9200,165.4200,161.0100,850.1820,2592700,5.167023
2014-04-09,sh600519,165.0200,166.6300,162.1300,844.6470,2161800,5.170781
2014-04-10,sh600519,163.2700,171.0200,159.5000,873.2970,5417700,5.151891
2014-04-11,sh600519,172.0000,179.6000,172.0000,903.8550,9022500,5.133206
2014-04-14,sh600519,174.7000,177.3100,173.0000,895.8550,2682400,5.137962
2014-04-15,sh600519,173.2000,175.8700,173.2000,896.4590,2588000,5.137595
2014-04-16,sh600519,173.7000,174.5600,170.1900,880.3200,2204000,5.147468
2014-04-17,sh600519,170.8000,176.0000,170.2100,899.7620,2974400,5.135628
2014-04-18,sh600519,175.0000,177.7700,173.3000,900.2730,1960100,5.135320
2014-04-21,sh600519,174.0100,175.9800,172.0000,885.1110,1833300,5.144499
2014-04-22,sh600519,172.0000,175.1300,171.5200,885.4830,2234400,5.144269
2014-04-23,sh600519,172.0800,176.4900,172.0300,903.7620,3248200,5.133261
2014-04-24,sh600519,176.1500,176.7100,173.7000,902.3660,1258100,5.134081
2014-04-25,sh600519,167.9800,168.0000,161.7900,850.8790,9587700,5.166549
2014-04-28,sh600519,162.0800,164.5600,159.8100,842.0420,3302800,5.172566
2014-04-29,sh600519,162.8000,165.4800,162.4700,845.7630,2799600,5.170017
2014-04-30,sh600519,163.9500,164.2900,162.5300,847.1120,1922000,5.169099
2014-05-05,sh600519,163.5000,163.5000,157.0800,830.2290,3674300,5.180836
2014-05-06,sh600519,160.0000,162.7000,160.0000,832.7400,1362200,5.179053
2014-05-07,sh600519,161.6100,161.6100,159.6000,832.1350,1196000,5.179478
2014-05-08,sh600519,160.8000,162.4900,160.4200,832.1820,1469700,5.179449
2014-05-09,sh600519,160.6600,162.3000,160.3000,831.9490,1672100,5.179610
2014-05-12,sh600519,162.2900,162.3000,159.5000,833.2980,2619400,5.178659
2014-05-13,sh600519,160.7700,161.6100,159.5600,832.5080,1593900,5.179221
2014-05-14,sh600519,159.9900,160.9300,154.0100,807.0660,3401600,5.197823
2014-05-15,sh600519,154.9800,157.0800,154.5000,811.1590,1698300,5.194742
2014-05-16,sh600519,156.1500,157.1000,154.6700,806.5550,1846700,5.198215
2014-05-19,sh600519,152.5000,153.0000,147.9400,773.1600,5625000,5.224760
2014-05-20,sh600519,148.1000,149.4400,143.6000,759.2070,4688500,5.236633
2014-05-21,sh600519,144.1000,151.6600,143.9500,787.2060,3873700,5.213285
2014-05-22,sh600519,150.9000,153.6000,149.6500,782.7880,1867800,5.216848
2014-05-23,sh600519,150.0000,152.7800,149.9800,793.2530,1400900,5.208490
2014-05-26,sh600519,154.9000,154.9000,152.8500,799.1600,891000,5.203881
2014-05-27,sh600519,153.0000,155.7500,152.8600,797.4390,1303500,5.205215
2014-05-28,sh600519,152.8900,155.0000,152.8000,800.8800,1250100,5.202546
2014-05-29,sh600519,153.7300,155.9300,153.4600,802.5080,1010600,5.201296
2014-05-30,sh600519,154.2500,155.2800,153.0200,797.5320,921700,5.205143
2014-06-03,sh600519,153.0000,154.5000,152.2500,795.4390,1304800,5.206775
2014-06-04,sh600519,152.9900,153.3800,150.0200,787.9040,1049400,5.212729
2014-06-05,sh600519,151.1200,155.0000,149.3300,804.7410,2067800,5.199593
2014-06-06,sh600519,154.6800,155.6500,152.2900,799.2530,947700,5.203809
2014-06-09,sh600519,152.3000,154.4000,152.3000,797.5780,1003400,5.205103
2014-06-10,sh600519,153.2500,155.2900,153.2500,804.8800,1930500,5.199483
2014-06-11,sh600519,154.7500,155.3800,153.2100,800.8800,1078100,5.202546
2014-06-12,sh600519,154.0700,154.0700,152.1200,794.7880,1149900,5.207286
2014-06-13,sh600519,152.6900,153.8300,151.1600,795.6250,1697000,5.206629
2014-06-16,sh600519,152.9000,154.7800,152.4000,803.1130,1623700,5.200835
2014-06-17,sh600519,154.3000,154.3000,152.2000,797.3920,1636400,5.205248
2014-06-18,sh600519,153.8000,154.4500,153.4000,799.2060,1402400,5.203842
2014-06-19,sh600519,153.5600,154.2000,152.5000,795.2530,1155100,5.206921
2014-06-20,sh600519,152.7000,153.6000,152.3200,797.3460,1201900,5.205288
2014-06-23,sh600519,153.5000,156.3800,153.3600,811.9030,2898300,5.194185
2014-06-24,sh600519,156.6200,163.8000,156.5500,845.6700,3853200,5.170080
2014-06-25,sh600519,145.3300,145.3300,141.5000,832.9120,3817100,5.856092
2014-06-26,sh600519,142.2300,142.9800,141.4100,829.8940,3634800,5.859178
2014-06-27,sh600519,141.4200,141.4200,139.2200,823.4470,2647700,5.865843
2014-06-30,sh600519,141.1800,142.8900,140.4000,831.6330,2439900,5.857395
2014-07-01,sh600519,142.5900,142.5900,140.8000,830.5590,1194600,5.858496
2014-07-02,sh600519,142.0300,142.3500,141.0000,832.1450,1206800,5.856876
2014-07-03,sh600519,142.2100,143.4000,141.4000,838.1820,1933100,5.850775
2014-07-04,sh600519,143.4000,144.1800,142.7200,838.4890,1540200,5.850467
2014-07-07,sh600519,142.8000,144.2800,142.2100,842.7860,2287900,5.846185
2014-07-08,sh600519,144.1000,144.1700,141.0200,832.6560,2109100,5.856351
2014-07-09,sh600519,142.0000,142.8700,141.0200,827.8470,1432800,5.861279
2014-07-10,sh600519,141.1200,141.8300,140.6000,826.8240,1215900,5.862337
2014-07-11,sh600519,141.4700,143.0900,141.1200,831.0700,1843200,5.857969
2014-07-14,sh600519,141.8700,150.8900,141.5000,871.4880,4653400,5.818842
2014-07-15,sh600519,149.1100,158.0000,149.1100,892.1570,5878700,5.800384
2014-07-16,sh600519,153.8500,156.7800,153.8500,896.0460,2445900,5.797024
2014-07-17,sh600519,154.0900,155.5500,152.0000,891.8500,2019100,5.800650
2014-07-18,sh600519,153.5900,165.0000,152.7000,928.8400,7489600,5.769909
2014-07-21,sh600519,160.3900,162.8800,158.5900,928.8400,3014300,5.769909
2014-07-22,sh600519,159.6000,164.0000,159.6000,940.1980,2982000,5.761017
2014-07-23,sh600519,162.0000,165.0000,161.6000,943.7280,2783600,5.758301
2014-07-24,sh600519,163.7600,169.1000,162.3000,941.8860,3568200,5.759714
2014-07-25,sh600519,164.0000,166.0500,161.0600,943.6770,2783300,5.758341
2014-07-28,sh600519,164.2300,167.9900,162.9200,945.5700,4296800,5.756895
2014-07-29,sh600519,164.3000,164.3000,160.2600,929.2490,3601700,5.769583
2014-07-30,sh600519,160.7400,160.7400,156.5000,916.2030,5487600,5.780096
2014-07-31,sh600519,158.2900,160.3800,156.9600,925.2080,2520600,5.772808
2014-08-01,sh600519,160.1700,164.3000,159.6200,939.0720,4325900,5.761885
2014-08-04,sh600519,163.0000,165.6200,162.2900,946.3370,3884800,5.756308
2014-08-05,sh600519,164.0000,166.6600,161.6700,955.8020,3835700,5.749185
2014-08-06,sh600519,164.8000,165.7800,162.0000,940.8120,2031700,5.760544
2014-08-07,sh600519,163.1000,164.3900,160.5000,926.8960,2539600,5.771457
2014-08-08,sh600519,161.9600,163.3300,159.8000,934.7750,2381900,5.765234
2014-08-11,sh600519,162.4800,163.2000,161.5100,939.5330,2007000,5.761532
2014-08-12,sh600519,161.8100,162.7500,160.1500,934.2630,1960400,5.765632
2014-08-13,sh600519,162.0400,164.7800,160.8000,936.5650,3445400,5.763832
2014-08-14,sh600519,162.0200,163.4400,161.2800,931.2960,2295800,5.767967
2014-08-15,sh600519,162.2000,162.4900,161.1300,931.7050,2180200,5.767643
2014-08-18,sh600519,162.0000,162.3000,159.1000,922.5470,4169800,5.774942
2014-08-19,sh600519,159.7500,159.7500,158.4500,917.0730,3209500,5.779386
2014-08-20,sh600519,158.7400,162.0600,158.5000,934.0590,3708400,5.765796
2014-08-21,sh600519,162.0000,162.3200,159.0000,923.6730,1887200,5.774039
2014-08-22,sh600519,160.0000,160.3900,158.7500,920.0910,1863600,5.776926
2014-08-25,sh600519,159.2700,160.1500,158.3000,917.4310,1537600,5.779093
2014-08-26,sh600519,158.5000,159.4200,156.9600,912.1610,1658900,5.783420
2014-08-27,sh600519,157.7200,157.7800,156.1800,905.2550,1382800,5.789186
2014-08-28,sh600519,156.0000,158.3600,156.0000,903.4640,1761800,5.790694
2014-08-29,sh600519,156.0000,158.5900,155.0000,914.7710,2383800,5.781274
2014-09-01,sh600519,158.2000,159.5000,157.7100,915.8960,1645000,5.780347
2014-09-02,sh600519,158.8100,162.6400,158.0300,936.9240,4124600,5.763558
2014-09-03,sh600519,162.5800,167.4200,162.5600,948.4860,4204200,5.754678
2014-09-04,sh600519,164.7000,165.9400,163.6800,949.7140,2397500,5.753750
2014-09-05,sh600519,165.7000,168.1600,165.2100,962.2490,3473100,5.744427
2014-09-09,sh600519,167.6500,167.9700,164.0000,944.7000,2056200,5.757557
2014-09-10,sh600519,163.7000,165.0000,163.0100,943.8300,1786700,5.758221
2014-09-11,sh600519,163.8700,164.8200,161.4800,933.9560,3187500,5.765872
2014-09-12,sh600519,161.4900,162.6500,160.3200,936.3610,1735600,5.763995
2014-09-15,sh600519,161.9000,161.9100,158.8000,920.8080,3254300,5.776350
2014-09-16,sh600519,160.5000,160.6000,157.0200,910.8310,3482300,5.784523
2014-09-17,sh600519,158.4700,159.5400,157.3400,914.7710,2584100,5.781274
2014-09-18,sh600519,158.0200,159.3800,157.0800,919.9890,2648200,5.777011
2014-09-19,sh600519,159.2500,160.9800,158.5000,928.1750,2266500,5.770438
2014-09-22,sh600519,160.7100,160.7100,156.8400,908.1710,3719100,5.786740
2014-09-23,sh600519,156.7000,157.5000,156.3600,910.9340,3454600,5.784442
2014-09-24,sh600519,156.4900,160.5000,155.6000,924.7980,4344800,5.773132
2014-09-25,sh600519,160.9200,163.9800,160.9000,935.0310,5685100,5.765035
2014-09-26,sh600519,161.5000,163.1200,159.2000,935.6450,2271600,5.764555
2014-09-29,sh600519,162.3300,163.2000,161.3900,936.4630,2348800,5.763913
2014-09-30,sh600519,162.7400,162.9900,161.2000,934.7240,2157400,5.765275
2014-10-08,sh600519,161.0000,161.1000,157.8000,927.5610,4565200,5.770926
2014-10-09,sh600519,159.8700,160.2500,158.5800,923.8770,3624400,5.773870
2014-10-10,sh600519,159.0200,159.8000,157.7000,918.8120,4314700,5.777965
2014-10-13,sh600519,157.8100,157.8800,153.6800,903.8730,5317600,5.790346
2014-10-14,sh600519,155.0000,156.9900,154.4400,897.7850,2889500,5.795526
2014-10-15,sh600519,154.7500,157.5800,154.7100,910.1150,2223800,5.785120
2014-10-16,sh600519,156.1000,158.1900,156.1000,910.1150,2394900,5.785120
2014-10-17,sh600519,158.0000,159.0500,156.9000,915.5380,3097600,5.780641
2014-10-20,sh600519,158.3800,158.5000,156.4000,908.0690,3291000,5.786828
2014-10-21,sh600519,157.0000,159.3400,156.6000,915.9470,3991100,5.780304
2014-10-22,sh600519,158.4400,159.4600,157.5000,919.1190,2283600,5.777716
2014-10-23,sh600519,158.5700,160.2800,157.8900,918.9660,3191700,5.777843
2014-10-24,sh600519,158.9500,159.8900,157.6900,918.0960,1998000,5.778550
2014-10-27,sh600519,156.9700,159.1000,154.8900,911.0360,2797000,5.784356
2014-10-28,sh600519,157.3200,159.1000,157.1800,917.3800,2054800,5.779136
2014-10-29,sh600519,158.8000,159.5600,157.4800,915.1290,2142300,5.780979
2014-10-30,sh600519,158.0000,158.0000,155.1000,900.3940,4908700,5.793296
2014-10-31,sh600519,155.4700,156.9000,154.3500,906.8410,3642100,5.787854
2014-11-03,sh600519,156.7500,156.8800,155.4500,901.2130,2467000,5.792602
2014-11-04,sh600519,155.4900,155.4900,151.0000,879.7760,5594300,5.811322
2014-11-05,sh600519,151.0500,151.0500,145.5000,852.9680,7671900,5.836250
2014-11-06,sh600519,146.1500,147.4900,146.0100,858.0840,3636200,5.831356
2014-11-07,sh600519,147.1700,148.3000,147.1100,862.6370,4150700,5.827053
2014-11-10,sh600519,150.0000,153.7800,149.0000,891.9530,6232500,5.800566
2014-11-11,sh600519,154.3000,155.2000,152.0100,889.8040,4770600,5.802439
2014-11-12,sh600519,152.9800,153.5900,150.2000,887.4500,3082300,5.804500
2014-11-13,sh600519,152.7200,152.7300,149.6800,880.7480,4915500,5.810450
2014-11-14,sh600519,151.5600,157.6300,150.9100,909.9610,7522500,5.785244
2014-11-17,sh600519,168.0000,168.0000,160.0000,924.0820,15041600,5.773708
2014-11-18,sh600519,161.0000,161.8200,155.0000,901.5710,6349700,5.792297
2014-11-19,sh600519,155.5700,155.6500,152.6100,888.3710,4629000,5.803691
2014-11-20,sh600519,152.8800,152.9200,150.4900,876.1440,4625800,5.814600
2014-11-21,sh600519,150.5600,153.2000,150.2000,888.6780,4199000,5.803422
2014-11-24,sh600519,153.8800,155.0000,152.0000,892.8740,5387800,5.799766
2014-11-25,sh600519,153.4200,154.8500,152.8000,896.4040,5323100,5.796715
2014-11-26,sh600519,154.6000,156.3600,153.8900,903.1060,6385800,5.790997
2014-11-27,sh600519,155.0000,157.2200,154.0000,906.8410,9655100,5.787854
2014-11-28,sh600519,156.5700,156.5700,153.1700,902.5430,8828800,5.791472
2014-12-01,sh600519,156.5700,161.0000,156.0000,924.1330,12174000,5.773666
2014-12-02,sh600519,159.0500,161.2000,158.2500,929.6590,9926800,5.769263
2014-12-03,sh600519,162.4400,168.3000,162.3600,948.5370,11732200,5.754638
2014-12-04,sh600519,166.5000,174.5000,166.5000,996.1170,11778100,5.720536
2014-12-05,sh600519,177.9900,178.9600,168.6000,979.6950,11290100,5.731892
2014-12-08,sh600519,168.8400,176.4900,167.2000,990.1830,10089400,5.724594
2014-12-09,sh600519,172.0000,186.6200,171.5000,989.6200,15189000,5.724980
2014-12-10,sh600519,175.0000,183.5000,175.0000,1025.7400,10665600,5.701089
2014-12-11,sh600519,180.0000,181.9400,175.2900,1005.1220,5488200,5.714492
2014-12-12,sh600519,176.7800,180.9900,176.0000,1008.7030,5105500,5.712118
2014-12-15,sh600519,176.6000,184.1000,175.4300,1046.8190,7096400,5.687997
2014-12-16,sh600519,183.7000,183.7000,178.1100,1029.3720,5112900,5.698788
2014-12-17,sh600519,179.9900,181.4500,177.8000,1021.3910,6002000,5.703864
2014-12-18,sh600519,179.6900,182.2000,179.0000,1022.7730,3856700,5.702983
2014-12-19,sh600519,179.0600,181.9800,178.0000,1030.3450,4963100,5.698181
2014-12-22,sh600519,179.6500,184.2900,175.8800,1047.1260,7362300,5.687811
2014-12-23,sh600519,183.7800,193.4900,182.0100,1071.4780,8565000,5.673398
2014-12-24,sh600519,188.0000,191.8000,180.6800,1041.8050,6355400,5.691058
2014-12-25,sh600519,183.1500,186.0000,181.0100,1055.9760,4407100,5.682484
2014-12-26,sh600519,185.0900,189.0000,183.0000,1064.8790,4267700,5.677235
2014-12-29,sh600519,188.1000,190.0000,182.0000,1043.9530,8983800,5.689737
2014-12-30,sh600519,183.0000,187.9800,182.4800,1061.1440,5617100,5.679426
2014-12-31,sh600519,185.6000,190.0000,185.0000,1075.3670,4626900,5.671169
2015-01-05,sh600519,189.6200,204.2400,188.6900,1141.3650,9451500,5.635814
2015-01-06,sh600519,200.0000,202.5600,196.0200,1117.3700,5502000,5.648132
2015-01-07,sh600519,196.0400,199.5000,189.9900,1092.3520,5479700,5.661615
2015-01-08,sh600519,194.0000,194.5200,190.1400,1086.3150,4052500,5.664972
2015-01-09,sh600519,190.4000,195.7700,190.1100,1078.8970,5398200,5.669156
2015-01-12,sh600519,190.0000,192.5900,184.4600,1059.0460,4991400,5.680663
2015-01-13,sh600519,187.0000,188.5400,184.6000,1051.1160,3670800,5.685396
2015-01-14,sh600519,185.0000,186.5000,180.8800,1042.4190,5240300,5.690681
2015-01-15,sh600519,183.8900,186.4000,182.4800,1057.2040,4858500,5.681754
2015-01-16,sh600519,186.2000,188.0000,185.9800,1057.4090,3997800,5.681635
2015-01-19,sh600519,181.0000,183.2000,171.4700,1003.0240,6467900,5.715888
2015-01-20,sh600519,176.0200,180.5000,173.0000,1016.3260,6102200,5.707132
2015-01-21,sh600519,178.2700,182.9000,177.2000,1038.2230,5267400,5.693261
2015-01-22,sh600519,182.3700,184.3600,180.0000,1032.4420,3825400,5.696860
2015-01-23,sh600519,180.1200,183.2800,180.1100,1031.3680,3308400,5.697536
2015-01-26,sh600519,181.7000,183.5000,181.0500,1040.4750,3564900,5.691876
2015-01-27,sh600519,182.8200,182.8200,178.0000,1026.7120,4188300,5.700472
2015-01-28,sh600519,179.0000,180.4000,177.3000,1013.2050,3068000,5.709162
2015-01-29,sh600519,176.2000,178.0000,175.0000,1006.4520,3249200,5.713608
2015-01-30,sh600519,176.9900,181.0000,176.5000,1011.7220,4750800,5.710137
2015-02-02,sh600519,175.5100,176.4000,173.5000,999.6480,3398300,5.718156
2015-02-03,sh600519,177.4800,178.6500,176.2000,1017.8100,2779200,5.706173
2015-02-04,sh600519,179.1500,182.0800,177.0000,1012.0800,3529300,5.709901
2015-02-05,sh600519,178.9700,180.9000,174.0000,995.7080,4123900,5.720816
2015-02-06,sh600519,174.6400,176.5000,173.6000,998.5220,3710200,5.718912
2015-02-09,sh600519,175.7700,185.1000,175.0000,1048.1490,8729300,5.687189
2015-02-10,sh600519,184.8000,185.2000,181.4500,1040.8840,5363800,5.691623
2015-02-11,sh600519,182.4000,184.2500,182.0800,1042.2650,2289400,5.690773
2015-02-12,sh600519,183.9900,184.4900,182.0100,1044.4140,2505000,5.689459
2015-02-13,sh600519,184.1100,184.5000,181.4000,1038.8890,4012700,5.692854
2015-02-16,sh600519,182.5400,183.6300,181.2200,1043.0840,3952100,5.690273
2015-02-17,sh600519,183.5500,183.8900,181.9100,1037.5070,3417200,5.693705
2015-02-25,sh600519,183.0000,185.7000,181.1100,1046.4090,5993500,5.688242
2015-02-26,sh600519,183.8000,188.3900,183.5500,1060.1210,6229700,5.680031
2015-02-27,sh600519,186.9000,194.5000,186.8000,1082.6830,6337000,5.667014
2015-03-02,sh600519,190.8000,193.8000,189.0000,1081.0460,3109800,5.667939
2015-03-03,sh600519,189.3000,192.0000,185.1600,1056.5900,4299900,5.682119
2015-03-04,sh600519,186.9900,188.0100,184.6000,1062.9340,4066200,5.678370
2015-03-05,sh600519,185.0100,187.0300,184.0500,1054.3900,3620600,5.683430
2015-03-06,sh600519,185.3500,186.4800,183.2700,1044.6700,2547000,5.689304
2015-03-09,sh600519,185.8000,192.9900,183.8000,1085.2920,4348600,5.665546
2015-03-10,sh600519,190.9400,191.5000,187.2800,1066.2090,2963700,5.676457
2015-03-11,sh600519,187.8300,193.0000,187.8000,1087.4410,4058300,5.664345
2015-03-12,sh600519,193.0000,195.9900,191.4000,1091.3800,3849600,5.662153
2015-03-13,sh600519,192.7000,193.9000,188.5800,1076.8500,2547900,5.670318
2015-03-16,sh600519,190.0600,194.5000,187.0100,1096.5480,3116000,5.659310
2015-03-17,sh600519,194.9900,198.6900,194.8900,1111.9470,4590400,5.650999
2015-03-18,sh600519,196.8000,199.9900,195.5200,1125.6580,3930400,5.643810
2015-03-19,sh600519,198.5400,198.9900,194.0600,1104.3240,3353900,5.655080
2015-03-20,sh600519,194.2000,194.9900,190.8800,1093.4270,5137300,5.661025
2015-03-23,sh600519,194.6700,196.7500,193.2000,1103.3010,4097900,5.655634
2015-03-24,sh600519,195.3000,197.4400,192.1000,1106.4220,6007900,5.653953
2015-03-25,sh600519,193.0000,195.1000,192.0600,1091.5340,4224000,5.662071
2015-03-26,sh600519,193.5500,199.9000,192.0000,1121.1050,6710500,5.646177
2015-03-27,sh600519,198.0000,198.5600,192.9500,1100.5890,4014459,5.657101
2015-03-30,sh600519,194.6800,198.9500,193.1000,1111.9470,6345100,5.650999
2015-03-31,sh600519,196.6800,200.7700,194.0200,1107.8030,8813000,5.653210
2015-04-01,sh600519,196.0300,197.5600,194.4800,1104.6310,7687500,5.654915
2015-04-02,sh600519,195.9600,197.6000,192.8800,1100.7430,6298100,5.657020
2015-04-03,sh600519,194.0000,197.0100,192.7800,1112.1520,5121000,5.650892
2015-04-07,sh600519,196.8500,201.0800,195.8000,1131.9000,5982400,5.640604
2015-04-08,sh600519,202.5000,210.6800,201.5900,1151.4950,13585700,5.630782
2015-04-09,sh600519,204.4800,205.8800,199.0500,1128.4720,6239900,5.642360
2015-04-10,sh600519,199.9900,202.9900,199.6100,1129.5980,10201900,5.641784
2015-04-13,sh600519,201.5500,204.4900,198.9400,1148.4250,9135600,5.632295
2015-04-14,sh600519,204.0000,209.2800,203.9600,1159.1690,8190300,5.627034
2015-04-15,sh600519,209.1000,209.7800,204.1600,1157.6340,5500500,5.627778
2015-04-16,sh600519,208.5500,226.2700,207.8300,1262.8740,8601400,5.581270
2015-04-17,sh600519,238.9000,248.7000,228.2800,1295.0540,19209400,5.568688
2015-04-20,sh600519,230.0000,245.7000,229.0000,1302.5750,13058800,5.565846
2015-04-21,sh600519,240.0000,257.4300,240.0000,1422.2930,12240100,5.524970
2015-04-22,sh600519,268.8000,269.0000,257.1100,1455.3430,13463500,5.514961
2015-04-23,sh600519,264.0000,264.1700,252.9800,1415.1810,8603000,5.527187
2015-04-24,sh600519,251.8800,259.6800,245.0100,1427.7160,10053100,5.523293
2015-04-27,sh600519,257.5800,267.8000,252.9900,1413.9020,7897300,5.527589
2015-04-28,sh600519,254.0000,258.6000,247.0500,1373.4850,8729100,5.540704
2015-04-29,sh600519,246.1000,253.0000,246.1000,1383.1540,5930000,5.537489
2015-04-30,sh600519,251.1500,254.9000,247.7500,1395.6890,6406400,5.533398
2015-05-04,sh600519,252.6600,259.0000,250.0200,1409.7070,5473900,5.528913
2015-05-05,sh600519,252.0000,252.0000,239.8800,1337.9790,7370000,5.552932
2015-05-06,sh600519,243.9800,246.9900,240.0100,1346.8300,6032400,5.549819
2015-05-07,sh600519,245.0000,251.8800,242.5600,1358.3410,6810200,5.545834
2015-05-08,sh600519,246.1200,254.8800,245.9000,1405.6140,5780500,5.530212
2015-05-11,sh600519,251.5000,257.9900,250.0000,1422.3440,6134500,5.524953
2015-05-12,sh600519,257.2000,257.2000,252.0000,1406.8930,4703100,5.529805
2015-05-13,sh600519,253.8000,262.9700,252.5000,1417.0230,5891300,5.526611
2015-05-14,sh600519,256.2500,259.5000,251.2200,1391.4940,4185300,5.534760
2015-05-15,sh600519,251.4100,253.4900,241.6100,1359.5690,5418500,5.545413
2015-05-18,sh600519,245.0000,245.0000,240.1000,1338.9510,3536300,5.552588
2015-05-19,sh600519,241.0500,250.2200,240.2000,1384.4850,4763700,5.537054
2015-05-20,sh600519,252.0000,260.0000,249.3000,1404.4890,6377100,5.530573
2015-05-21,sh600519,256.0000,261.3000,254.0100,1428.2280,4766900,5.523137
2015-05-22,sh600519,259.6800,276.8000,259.5900,1516.5840,6664900,5.497658
2015-05-25,sh600519,270.0000,288.4900,269.0000,1572.7080,6747300,5.483067
2015-05-26,sh600519,286.6000,290.0000,283.9600,1566.1080,6091400,5.484724
2015-05-27,sh600519,285.5200,289.3200,273.0000,1521.9040,4693400,5.496222
2015-05-28,sh600519,275.2500,281.0000,260.1000,1441.1200,6088400,5.519206
2015-05-29,sh600519,260.0100,269.0000,259.8900,1455.0360,5778300,5.515051
2015-06-01,sh600519,263.9400,272.9800,259.8000,1494.0720,6581600,5.503839
2015-06-02,sh600519,270.5000,270.5000,260.6600,1469.3100,6463500,5.510877
2015-06-03,sh600519,265.1800,266.6200,260.0100,1449.7150,4642400,5.516629
2015-06-04,sh600519,262.9800,265.0000,240.0000,1426.2830,9236200,5.523733
2015-06-05,sh600519,258.1100,262.1000,246.0000,1403.9260,8573800,5.530752
2015-06-08,sh600519,251.5100,267.5400,249.8000,1459.1800,9600700,5.513830
2015-06-09,sh600519,265.0000,269.8000,256.5000,1430.4790,7785100,5.522445
2015-06-10,sh600519,255.6400,266.8800,253.8000,1440.8130,8046200,5.519299
2015-06-11,sh600519,260.0000,264.5000,257.7700,1435.7480,5295400,5.520834
2015-06-12,sh600519,262.1200,273.0000,261.0000,1466.1380,9090900,5.511797
2015-06-15,sh600519,266.9800,272.0000,260.0800,1439.9950,10001400,5.519548
2015-06-16,sh600519,259.0000,265.8000,252.5000,1404.4890,6930300,5.530573
2015-06-17,sh600519,253.9600,257.7600,249.0000,1410.3210,5838800,5.528719
2015-06-18,sh600519,253.0200,254.8000,240.6000,1353.4290,6150600,5.547522
2015-06-19,sh600519,245.8700,248.4900,234.0200,1309.1240,6760800,5.563401
2015-06-23,sh600519,239.8000,255.8500,234.1300,1395.7910,8124700,5.533364
2015-06-24,sh600519,250.0000,265.2000,247.6500,1441.6320,9570600,5.519054
2015-06-25,sh600519,261.5000,262.0300,250.2100,1393.4380,6652100,5.534128
2015-06-26,sh600519,250.0200,255.7500,235.3000,1345.6530,9933200,5.550229
2015-06-29,sh600519,248.3700,256.5000,227.8000,1367.0900,16507100,5.542856
2015-06-30,sh600519,246.6400,259.8200,246.0000,1423.4180,12629800,5.524619
2015-07-01,sh600519,255.0000,268.5000,250.9800,1422.6000,10332600,5.524875
2015-07-02,sh600519,255.3000,282.6000,245.0100,1436.9760,11845900,5.520461
2015-07-03,sh600519,255.0000,260.5000,242.2000,1383.3080,10960500,5.537440
2015-07-06,sh600519,267.9500,267.9900,239.5000,1404.9490,27279900,5.530424
2015-07-07,sh600519,250.0000,256.5800,239.5000,1354.5040,16756200,5.547154
2015-07-08,sh600519,229.0000,244.9900,219.7600,1317.0540,28914000,5.560475
2015-07-09,sh600519,236.8600,260.4100,233.0000,1424.9020,13820300,5.524161
2015-07-10,sh600519,257.0000,283.0000,251.9600,1464.0410,25614900,5.512410
2015-07-13,sh600519,258.0000,265.5800,251.0000,1423.9300,14892600,5.524462
2015-07-14,sh600519,255.0000,255.1800,247.2000,1379.4200,9676800,5.538727
2015-07-15,sh600519,247.5000,252.7000,243.2800,1390.7260,10407700,5.535008
2015-07-16,sh600519,251.2600,254.1800,248.2600,1392.4150,7281400,5.534461
2015-07-17,sh600519,229.0000,229.9900,224.7400,1412.3830,5641800,6.186793
2015-07-20,sh600519,227.1500,227.9000,222.5000,1394.4870,6793300,6.194691
2015-07-21,sh600519,221.7500,224.2000,220.0000,1375.0710,5178900,6.203514
2015-07-22,sh600519,220.0000,222.0000,216.5800,1349.5770,7085500,6.215525
2015-07-23,sh600519,217.9900,220.6000,215.7700,1363.1400,6474800,6.209074
2015-07-24,sh600519,220.5000,223.6900,218.7500,1361.2830,5739000,6.209949
2015-07-27,sh600519,217.0000,221.3000,201.0000,1261.7280,7694400,6.261056
2015-07-28,sh600519,199.8600,209.4400,197.4800,1285.9830,8670300,6.247792
2015-07-29,sh600519,207.7800,210.0000,202.1300,1296.7320,6650700,6.242091
2015-07-30,sh600519,208.8300,208.8300,205.1000,1286.7150,4113400,6.247402
2015-07-31,sh600519,206.7000,206.9300,203.0000,1291.6110,4073600,6.244795
2015-08-03,sh600519,205.0000,209.9900,203.0000,1306.9750,5455300,6.236758
2015-08-04,sh600519,209.2600,213.9800,209.2600,1320.5380,5953300,6.229834
2015-08-05,sh600519,212.9300,213.8500,206.9400,1293.6370,4314300,6.243723
2015-08-06,sh600519,206.2300,207.5000,203.0000,1281.0870,3924900,6.250424
2015-08-07,sh600519,207.4900,208.6000,205.6000,1292.1740,3952100,6.244498
2015-08-10,sh600519,207.0100,213.0000,205.1300,1322.3950,5649600,6.228898
2015-08-11,sh600519,212.3000,212.4100,210.0100,1313.6720,5089700,6.233319
2015-08-12,sh600519,209.9900,214.2900,208.7500,1306.4680,4582400,6.237017
2015-08-13,sh600519,211.5000,211.5000,206.0000,1306.6930,3518000,6.236900
2015-08-14,sh600519,210.5000,211.4000,209.2500,1309.3380,3066600,6.235537
2015-08-17,sh600519,208.0200,208.8200,204.0000,1288.1780,5385800,6.246620
2015-08-18,sh600519,206.9800,207.5000,200.3500,1259.1390,5128500,6.262504
2015-08-19,sh600519,199.7500,202.1600,198.1800,1262.2900,5026100,6.260738
2015-08-20,sh600519,200.8300,201.0000,194.9000,1225.4280,3964500,6.281991
2015-08-21,sh600519,191.5200,194.8600,186.1200,1176.2420,7562000,6.312682
2015-08-24,sh600519,181.0000,181.5000,168.2000,1082.3140,8981200,6.380064
2015-08-25,sh600519,167.4600,182.5100,166.2000,1121.4270,12308000,6.350456
2015-08-26,sh600519,176.7600,188.5000,175.0000,1162.4540,9157200,6.321808
2015-08-27,sh600519,190.0000,199.9000,184.8900,1236.6840,8705200,6.275354
2015-08-28,sh600519,195.0000,195.2900,187.1300,1211.8090,8992500,6.290210
2015-08-31,sh600519,189.3400,195.5000,185.1800,1227.1170,6273000,6.280990
2015-09-01,sh600519,191.8200,195.0000,188.0000,1221.4890,8743200,6.284349
2015-09-02,sh600519,190.1100,195.0000,189.2000,1222.8400,10694500,6.283541
2015-09-07,sh600519,192.6000,194.0000,188.6500,1189.6360,3221600,6.304043
2015-09-08,sh600519,188.4600,190.4700,185.0000,1193.0690,3309800,6.301865
2015-09-09,sh600519,190.1400,193.8700,190.1400,1207.3630,3521500,6.292938
2015-09-10,sh600519,190.3800,193.3000,189.1400,1214.9610,2685200,6.288293
2015-09-11,sh600519,191.8800,194.1000,191.0500,1213.2720,1693200,6.289316
2015-09-14,sh600519,192.4300,202.8000,187.9000,1267.4120,8617500,6.257898
2015-09-15,sh600519,198.0100,202.0200,195.1200,1264.4290,5188400,6.259550
2015-09-16,sh600519,200.0100,209.5400,197.7300,1278.7800,3719800,6.251674
2015-09-17,sh600519,202.6000,205.8000,197.6100,1241.9180,2642300,6.272313
2015-09-18,sh600519,198.6000,200.8900,198.0000,1249.9660,1564200,6.267693
2015-09-21,sh600519,198.0100,200.7000,198.0000,1249.2340,1652700,6.268108
2015-09-22,sh600519,200.7700,201.1800,198.9800,1249.0650,1645700,6.268204
2015-09-23,sh600519,197.1500,198.9900,194.1000,1223.4590,2234400,6.283171
2015-09-24,sh600519,195.8000,196.2800,192.8000,1219.4070,1388600,6.285603
2015-09-25,sh600519,193.9900,194.9000,189.5000,1216.3680,2445500,6.287439
2015-09-28,sh600519,191.4800,192.3000,189.2300,1204.6620,1234100,6.294608
2015-09-29,sh600519,189.5500,191.3700,188.3000,1197.8520,1840900,6.298848
2015-09-30,sh600519,190.2300,191.4800,190.1700,1198.6400,1163400,6.298355
2015-10-08,sh600519,198.7800,201.5800,197.0000,1239.2160,3439100,6.273876
2015-10-09,sh600519,198.7800,198.9000,196.5000,1236.0090,1572100,6.275750
2015-10-12,sh600519,199.0000,204.4900,197.8500,1242.4240,4903000,6.272018
2015-10-13,sh600519,198.0900,200.0900,198.0900,1246.0820,1575100,6.269910
2015-10-14,sh600519,198.9800,199.5000,197.0100,1240.9610,1521300,6.272866
2015-10-15,sh600519,198.1600,200.3700,197.5600,1253.1170,1655000,6.265898
2015-10-16,sh600519,201.2200,202.4000,199.4100,1257.3380,1923800,6.263515
2015-10-19,sh600519,204.9400,204.9400,201.9000,1268.4810,2612100,6.257306
2015-10-20,sh600519,202.0200,202.8800,201.1800,1264.2600,1478400,6.259643
2015-10-21,sh600519,202.0800,202.5500,197.0100,1254.9180,2234900,6.264879
2015-10-22,sh600519,200.2400,202.7300,199.4300,1267.4120,2372000,6.257898
2015-10-23,sh600519,205.8000,217.6000,205.5500,1314.9660,5627700,6.232657
2015-10-26,sh600519,212.0000,218.3000,208.0000,1352.9540,4334600,6.213907
2015-10-27,sh600519,217.1000,217.6800,212.5800,1338.9970,2257200,6.220660
2015-10-28,sh600519,214.9900,214.9900,211.9000,1323.1830,1655900,6.228502
2015-10-29,sh600519,212.0000,214.7900,212.0000,1326.3340,1345400,6.226920
2015-10-30,sh600519,212.9500,215.8000,212.1200,1331.1740,1225700,6.224511
2015-11-02,sh600519,214.6000,215.8600,212.5000,1323.8580,1529800,6.228161
2015-11-03,sh600519,212.9200,215.7600,208.4000,1307.8190,2317300,6.236322
2015-11-04,sh600519,210.5800,216.0000,210.1100,1337.4770,3080900,6.221402
2015-11-05,sh600519,214.6000,223.2800,213.5000,1346.3690,4998200,6.217071
2015-11-06,sh600519,217.3500,218.6000,215.5600,1356.8370,2169500,6.212055
2015-11-09,sh600519,222.0000,224.6600,219.0000,1370.4000,4052700,6.205679
2015-11-10,sh600519,220.0000,224.1200,219.1600,1379.1230,2872900,6.201650
2015-11-11,sh600519,222.0100,223.0000,218.6000,1366.5730,2381500,6.207463
2015-11-12,sh600519,220.2300,223.0000,219.3800,1365.7850,1618000,6.207831
2015-11-13,sh600519,218.1000,219.5000,214.8300,1338.2090,2839700,6.221045
2015-11-16,sh600519,212.5000,216.5000,212.0000,1330.7240,2391600,6.224736
2015-11-17,sh600519,214.7200,217.5000,213.1400,1333.9880,2198600,6.223120
2015-11-18,sh600519,213.5900,216.0000,213.5900,1335.6760,1972500,6.222286
2015-11-19,sh600519,214.0000,216.0000,213.9000,1337.7590,1526200,6.221267
2015-11-20,sh600519,215.1400,215.7800,213.1000,1330.3860,2227400,6.224902
2015-11-23,sh600519,213.0000,213.8400,212.5100,1324.1960,2099400,6.227994
2015-11-24,sh600519,212.3900,213.2800,210.0000,1318.9620,2046900,6.230630
2015-11-25,sh600519,211.7000,213.0000,210.4000,1326.2220,2424900,6.226979
2015-11-26,sh600519,213.4900,213.7900,211.8300,1325.4340,1880400,6.227373
2015-11-27,sh600519,212.4900,212.5400,206.6300,1296.7320,1622000,6.242091
2015-11-30,sh600519,208.0400,214.7800,207.7900,1333.7070,3344000,6.223261
2015-12-01,sh600519,213.0000,213.9500,211.0000,1330.8370,1887700,6.224682
2015-12-02,sh600519,214.4800,227.0000,212.0000,1374.6210,4789100,6.203723
2015-12-03,sh600519,219.0000,221.4000,216.7000,1366.8540,2238600,6.207330
2015-12-04,sh600519,219.9600,219.9600,215.0100,1339.3340,2084800,6.220491
2015-12-07,sh600519,215.0000,216.9800,213.2000,1334.8320,1925500,6.222703
2015-12-08,sh600519,214.5500,214.5500,211.4600,1320.3690,1739300,6.229919
2015-12-09,sh600519,211.5800,215.0500,211.5000,1334.6070,1411900,6.222814
2015-12-10,sh600519,215.0000,216.2000,211.9900,1326.1090,1378600,6.227033
2015-12-11,sh600519,212.5000,212.5000,210.5000,1317.3860,1303500,6.231427
2015-12-14,sh600519,210.1900,214.8800,209.0000,1332.5250,2070100,6.223844
2015-12-15,sh600519,213.8000,214.5900,212.0800,1334.8320,1508800,6.222703
2015-12-16,sh600519,214.4100,214.6400,212.5900,1331.4560,2014400,6.224375
2015-12-17,sh600519,214.3900,216.8800,214.0000,1342.4300,2425300,6.218985
2015-12-18,sh600519,215.5000,219.1500,215.1100,1348.1700,2846000,6.216203
2015-12-21,sh600519,218.0000,229.1800,218.0000,1405.2920,5939100,6.189896
2015-12-22,sh600519,226.8000,226.8000,223.2800,1394.0360,2840200,6.194890
2015-12-23,sh600519,225.4500,226.6900,222.7000,1382.6120,2237400,6.200054
2015-12-24,sh600519,223.9800,225.6800,223.2000,1392.6290,1557700,6.195520
2015-12-25,sh600519,225.0000,225.6600,222.8800,1391.0540,1154200,6.196232
2015-12-28,sh600519,225.4800,226.0000,219.0000,1360.7760,2559400,6.210186
2015-12-29,sh600519,218.6200,220.4400,218.5100,1364.7720,1577400,6.208306
2015-12-30,sh600519,220.1800,220.6600,217.5200,1359.3130,2014700,6.210879
2015-12-31,sh600519,218.2200,219.5000,217.8200,1355.5420,1967300,6.212668
2016-01-04,sh600519,218.0000,218.0000,209.9900,1309.5640,1734900,6.236019
2016-01-05,sh600519,210.0000,213.9700,207.5100,1325.3210,3190800,6.227427
2016-01-06,sh600519,212.7800,213.6600,209.3000,1321.7200,2376000,6.229239
2016-01-07,sh600519,208.9900,208.9900,200.0300,1265.7230,814800,6.258829
2016-01-08,sh600519,204.1700,208.0000,200.0000,1279.2300,4451000,6.251429
2016-01-11,sh600519,203.1600,203.7900,199.4000,1252.3850,2970200,6.266311
2016-01-12,sh600519,201.1000,202.1000,196.0000,1235.1080,4028700,6.276274
2016-01-13,sh600519,199.1000,206.0000,198.6000,1251.9350,2920100,6.266568
2016-01-14,sh600519,197.1100,205.9800,195.5100,1280.2990,3477600,6.250850
2016-01-15,sh600519,204.7500,206.1800,198.0000,1247.5460,2668100,6.269075
2016-01-18,sh600519,198.0000,202.4000,197.2000,1249.9660,2737100,6.267693
2016-01-19,sh600519,201.0000,210.3300,200.0100,1310.8020,5911000,6.234789
2016-01-20,sh600519,207.0000,210.1600,201.0100,1266.2300,4096800,6.258551
2016-01-21,sh600519,201.2600,204.5900,199.9000,1254.6370,2183200,6.265040
2016-01-22,sh600519,203.1100,203.4000,198.8100,1268.5930,2273300,6.257241
2016-01-25,sh600519,203.0000,203.4900,201.5000,1268.7620,1375000,6.257148
2016-01-26,sh600519,200.9900,204.4700,198.5000,1247.6020,2228000,6.269042
2016-01-27,sh600519,199.9800,200.8900,195.7000,1252.7790,2984000,6.266088
2016-01-28,sh600519,199.7500,199.7500,195.6200,1234.2640,1790300,6.276770
2016-01-29,sh600519,197.4800,202.5000,197.0000,1256.8310,2309000,6.263798
2016-02-01,sh600519,202.1000,202.8000,199.8900,1260.4330,1917800,6.261777
2016-02-02,sh600519,202.0000,204.8000,200.6400,1278.7800,1784200,6.251674
2016-02-03,sh600519,202.5800,204.5600,201.5000,1273.7710,1515600,6.254399
2016-02-04,sh600519,204.8000,205.8800,203.5400,1281.2560,1662400,6.250334
2016-02-05,sh600519,204.9900,205.1800,202.5300,1274.9530,1422700,6.253755
2016-02-15,sh600519,200.0000,203.0000,199.6000,1255.4810,1947000,6.264563
2016-02-16,sh600519,200.5600,208.0000,200.5600,1275.2340,1922300,6.253599
2016-02-17,sh600519,203.7400,204.9200,200.5100,1266.1170,2034900,6.258611
2016-02-18,sh600519,203.2000,203.6000,201.1000,1262.7970,1889200,6.260458
2016-02-19,sh600519,201.6200,203.1800,201.1300,1270.6760,1423800,6.256098
2016-02-22,sh600519,206.0000,208.3200,206.0000,1297.0700,2775900,6.241915
2016-02-23,sh600519,207.7700,214.9800,207.0200,1323.0140,3746000,6.228586
2016-02-24,sh600519,212.2000,218.0300,211.0100,1353.0100,3312900,6.213879
2016-02-25,sh600519,218.8000,220.4800,212.1300,1323.0140,3948000,6.228586
2016-02-26,sh600519,213.1000,219.2500,211.2600,1347.9450,2833200,6.216312
2016-02-29,sh600519,218.9900,220.8800,206.8000,1337.0830,4771200,6.221595
2016-03-01,sh600519,215.9600,220.3000,210.4000,1356.8370,3400400,6.212055
2016-03-02,sh600519,219.0000,225.5000,218.6700,1389.4780,4794200,6.196941
2016-03-03,sh600519,225.0000,231.9800,221.6600,1409.6820,4019300,6.187972
2016-03-04,sh600519,226.8800,240.1600,225.0100,1471.4180,8583800,6.162233
2016-03-07,sh600519,238.1100,240.0000,231.0500,1442.4910,3934500,6.173990
2016-03-08,sh600519,233.3000,233.3000,227.0000,1417.5600,2614700,6.184547
2016-03-09,sh600519,227.0000,232.6500,226.1000,1407.5990,1640200,6.188881
2016-03-10,sh600519,228.9900,233.7000,228.0000,1411.0880,2572700,6.187354
2016-03-11,sh600519,226.5400,231.8800,225.5000,1411.0320,1632000,6.187380
2016-03-14,sh600519,230.7600,233.5000,222.2000,1391.4480,4527700,6.196055
2016-03-15,sh600519,224.8000,234.3900,224.3400,1432.8120,3635600,6.178044
2016-03-16,sh600519,230.2200,232.5000,225.0000,1414.1840,2425000,6.186011
2016-03-17,sh600519,230.0000,234.1000,228.3000,1419.5300,2882000,6.183699
2016-03-18,sh600519,232.0000,232.2600,225.7800,1399.4950,7056800,6.192456
2016-03-21,sh600519,226.6600,232.0200,226.6500,1433.1490,3854700,6.177899
2016-03-22,sh600519,232.2600,238.1800,231.5000,1447.2750,4176600,6.172012
2016-03-23,sh600519,235.2000,237.0000,232.6800,1449.9760,2141200,6.170898
2016-03-24,sh600519,235.0000,245.4000,231.3000,1493.2540,6206800,6.153688
2016-03-25,sh600519,242.5000,249.7900,241.0200,1506.3100,4475600,6.148706
2016-03-28,sh600519,244.9800,253.3800,244.9800,1532.1980,4833700,6.139106
2016-03-29,sh600519,249.6000,251.0000,244.4400,1523.9250,3668800,6.142135
2016-03-30,sh600519,249.0000,250.4000,245.4800,1527.0200,2778200,6.140996
2016-03-31,sh600519,249.8400,250.3000,246.9900,1521.2800,1945700,6.143111
2016-04-01,sh600519,248.9500,250.4900,244.5400,1506.9290,2514600,6.148472
2016-04-05,sh600519,243.0000,247.5000,243.0000,1509.3490,2504700,6.147560
2016-04-06,sh600519,245.8000,257.6000,245.8000,1575.1380,4842400,6.123938
2016-04-07,sh600519,256.8900,257.4800,252.6200,1557.6920,2553600,6.129991
2016-04-08,sh600519,252.0000,255.8900,248.2000,1533.7740,2315600,6.138534
2016-04-11,sh600519,250.5000,255.1800,243.5000,1499.2190,11928400,6.151399
2016-04-12,sh600519,243.7000,245.0000,242.1000,1505.9730,2333900,6.148836
2016-04-13,sh600519,245.4000,248.6300,241.7000,1490.8900,5427400,6.154599
2016-04-14,sh600519,242.3800,244.8300,241.0000,1493.8170,2866400,6.153473
2016-04-15,sh600519,242.6400,244.9800,241.2000,1505.8600,1902900,6.148877
2016-04-18,sh600519,242.8000,246.0000,242.5000,1498.9940,1859300,6.151486
2016-04-19,sh600519,244.5900,245.1900,241.4500,1496.1800,1423600,6.152562
2016-04-20,sh600519,243.1900,244.4000,235.8000,1469.5050,3370800,6.162997
2016-04-21,sh600519,240.5000,242.3000,238.3000,1480.3660,2967200,6.158697
2016-04-22,sh600519,241.0000,247.8800,240.3700,1519.9290,3545900,6.143610
2016-04-25,sh600519,247.1200,248.1000,243.3000,1503.7210,2499000,6.149685
2016-04-26,sh600519,244.9500,246.8800,243.0000,1500.0070,1515600,6.151099
2016-04-27,sh600519,244.5000,245.4800,243.4900,1505.7470,1391500,6.148918
2016-04-28,sh600519,245.8300,246.7400,244.0000,1514.5270,1715600,6.145622
2016-04-29,sh600519,247.3900,252.4300,247.3900,1541.3150,4607900,6.135808
2016-05-03,sh600519,250.5500,262.2800,250.5500,1590.8390,5647400,6.118612
2016-05-04,sh600519,260.0000,262.3900,255.9900,1569.5100,2863600,6.125873
2016-05-05,sh600519,256.5000,258.1500,255.5000,1578.2890,1351700,6.122858
2016-05-06,sh600519,257.3100,258.5200,251.1200,1547.0550,2717300,6.133752
2016-05-09,sh600519,250.1300,252.8000,249.0100,1539.1760,2779900,6.136576
2016-05-10,sh600519,249.5000,254.0000,249.1100,1546.2670,3350500,6.134033
2016-05-11,sh600519,252.3500,260.4800,252.3500,1573.2240,4927700,6.124592
2016-05-12,sh600519,254.0200,256.5600,252.0000,1568.1030,1889400,6.126360
2016-05-13,sh600519,255.9800,258.9000,250.5000,1539.9640,2814500,6.136293
2016-05-16,sh600519,250.8600,251.8000,247.3000,1543.7350,2220200,6.134940
2016-05-17,sh600519,251.0100,252.4000,249.8300,1534.7300,1178500,6.138183
2016-05-18,sh600519,249.0800,251.8500,243.1000,1503.2710,2838000,6.149857
2016-05-19,sh600519,245.1600,248.5000,244.5000,1510.7560,2088900,6.147032
2016-05-20,sh600519,246.8400,252.1800,244.3200,1541.6530,2550100,6.135688
2016-05-23,sh600519,249.7200,254.9900,249.7200,1558.1980,1870600,6.129811
2016-05-24,sh600519,254.4100,255.2100,250.1000,1545.4800,1167400,6.134318
2016-05-25,sh600519,254.4800,254.9400,251.0100,1545.0290,1778500,6.134476
2016-05-26,sh600519,251.9900,253.8000,249.2000,1549.8130,1812000,6.132773
2016-05-27,sh600519,252.7200,254.6900,251.3800,1548.2930,1323000,6.133311
2016-05-30,sh600519,251.5000,256.5000,250.0000,1569.0600,2980600,6.126030
2016-05-31,sh600519,256.0000,266.6200,255.2000,1615.9950,5394900,6.110315
2016-06-01,sh600519,265.4000,265.5000,263.0000,1612.1690,2187600,6.111562
2016-06-02,sh600519,263.0100,268.6800,263.0100,1634.3980,2476000,6.104422
2016-06-03,sh600519,267.0000,286.7400,266.4000,1725.2870,6479800,6.077308
2016-06-06,sh600519,282.0000,283.0000,275.0000,1681.1650,3726100,6.090074
2016-06-07,sh600519,276.5000,278.4900,275.0100,1691.2950,1875300,6.087079
2016-06-08,sh600519,276.4000,277.8600,273.5000,1671.2040,2388200,6.093058
2016-06-13,sh600519,273.3500,276.6600,266.2500,1630.5710,3777500,6.105635
2016-06-14,sh600519,267.7100,273.8000,267.7100,1662.5930,2558700,6.095666
2016-06-15,sh600519,270.7100,277.8000,270.2100,1683.6410,2732200,6.089338
2016-06-16,sh600519,274.8600,277.8000,273.7800,1669.7410,1964300,6.093500
2016-06-17,sh600519,273.6000,282.4900,273.6000,1693.6020,2470500,6.086401
2016-06-20,sh600519,279.7700,279.8600,274.0000,1681.5030,1901900,6.089975
2016-06-21,sh600519,277.0400,277.9400,273.0000,1668.5590,1674900,6.093857
2016-06-22,sh600519,273.7700,279.3600,272.7700,1694.6150,2088400,6.086105
2016-06-23,sh600519,279.9700,279.9700,274.8800,1683.3600,1398400,6.089423
2016-06-24,sh600519,275.2800,277.0000,267.2000,1668.3340,2012900,6.093926
2016-06-27,sh600519,275.0000,292.3000,275.0000,1746.6160,6364200,6.071385
2016-06-28,sh600519,287.0200,289.6600,286.3200,1749.5990,2428200,6.070570
2016-06-29,sh600519,287.5500,289.4500,284.2000,1749.4300,2814700,6.070616
2016-06-30,sh600519,290.0200,298.2000,290.0200,1770.4780,3802200,6.064942
2016-07-01,sh600519,287.2000,291.8800,284.0000,1772.8470,2601400,6.195083
2016-07-04,sh600519,287.0000,295.4000,286.0000,1816.3500,2948800,6.180163
2016-07-05,sh600519,295.0300,303.1000,295.0300,1853.9430,4170700,6.167885
2016-07-06,sh600519,299.8000,318.0000,299.0100,1947.4200,4734700,6.139601
2016-07-07,sh600519,315.8000,326.8000,312.0800,1945.8440,5072500,6.140052
2016-07-08,sh600519,313.5300,315.5000,306.1600,1906.4500,4554500,6.151625
2016-07-11,sh600519,309.0300,324.0000,309.0300,1935.8830,5748100,6.142930
2016-07-12,sh600519,315.7600,326.6000,315.0000,1989.8540,5311900,6.127718
2016-07-13,sh600519,323.0300,324.7300,315.0500,1947.4200,5344800,6.139601
2016-07-14,sh600519,316.0900,320.8000,315.2000,1946.8570,2923000,6.139762
2016-07-15,sh600519,317.1200,318.0300,315.0600,1949.2770,2681100,6.139068
2016-07-18,sh600519,317.5000,319.5000,315.6600,1941.9050,2335200,6.141188
2016-07-19,sh600519,315.5000,316.3000,305.5500,1896.3200,4143100,6.154685
2016-07-20,sh600519,308.6200,310.8700,307.5000,1898.8530,1773300,6.153918
2016-07-21,sh600519,310.1500,317.6000,309.0000,1931.6060,3300900,6.144176
2016-07-22,sh600519,312.9000,315.2000,307.3800,1895.2510,2887100,6.155011
2016-07-25,sh600519,307.6000,314.1900,307.0000,1914.0480,2362300,6.149354
2016-07-26,sh600519,309.0100,319.5000,308.5000,1957.8320,3555500,6.136635
2016-07-27,sh600519,319.8500,320.6000,308.3000,1929.5240,3922800,6.144785
2016-07-28,sh600519,312.0000,319.3000,311.5000,1941.0050,3964300,6.141449
2016-07-29,sh600519,315.0800,318.8800,313.0000,1924.6840,2900700,6.146205
2016-08-01,sh600519,313.0000,313.9500,305.0000,1889.8480,3170100,6.156659
2016-08-02,sh600519,307.2500,310.5000,302.8500,1885.6270,2654100,6.157954
2016-08-03,sh600519,307.0000,307.9000,304.1500,1889.0600,2403900,6.156900
2016-08-04,sh600519,306.8500,308.3300,304.2200,1886.1340,2179300,6.157800
2016-08-05,sh600519,306.4900,308.3700,305.0300,1884.0520,2030800,6.158441
2016-08-08,sh600519,306.1500,308.3000,303.0600,1896.2640,2200700,6.154703
2016-08-09,sh600519,308.1700,317.6700,306.4200,1939.3160,3928900,6.141935
2016-08-10,sh600519,315.0500,316.5000,313.3300,1928.3980,2094400,6.145113
2016-08-11,sh600519,314.3800,321.5700,314.0100,1945.0570,3193900,6.140282
2016-08-12,sh600519,317.4000,317.4000,314.0100,1946.1820,2335200,6.139956
2016-08-15,sh600519,315.8000,321.6900,314.1500,1956.3680,3411000,6.137047
2016-08-16,sh600519,322.0000,322.4800,308.0000,1904.2550,8837800,6.152284
2016-08-17,sh600519,309.6000,310.9700,306.5000,1896.6010,4375400,6.154598
2016-08-18,sh600519,307.9500,309.6500,305.1300,1886.8650,3100500,6.157573
2016-08-19,sh600519,305.8000,307.4500,304.8000,1887.1470,1914000,6.157488
2016-08-22,sh600519,306.1300,309.5800,306.0000,1891.8740,2081200,6.156039
2016-08-23,sh600519,307.3300,309.0400,305.8000,1889.3980,1991400,6.156797
2016-08-24,sh600519,307.0200,307.4900,303.8300,1880.3940,2277900,6.159572
2016-08-25,sh600519,305.2000,305.3800,300.0700,1867.6180,2536200,6.163552
2016-08-26,sh600519,303.1400,304.5500,300.4000,1858.8390,2143600,6.166326
2016-08-29,sh600519,308.0000,308.8000,305.2000,1893.0560,3805500,6.155679
2016-08-30,sh600519,307.0000,308.5000,304.6700,1883.6580,2117000,6.158563
2016-08-31,sh600519,306.7000,310.7600,305.5400,1908.0260,4040100,6.151153
2016-09-01,sh600519,309.7000,312.0000,308.2500,1899.6970,1718500,6.153662
2016-09-02,sh600519,308.0000,309.4500,304.8800,1883.2070,1857200,6.158699
2016-09-05,sh600519,306.2000,309.0000,305.8100,1898.5150,1913800,6.154019
2016-09-06,sh600519,308.5000,310.3600,308.3500,1906.6190,2062500,6.151574
2016-09-07,sh600519,309.6800,309.6800,305.5000,1887.8220,2964500,6.157280
2016-09-08,sh600519,305.2100,306.5000,304.4100,1883.4320,1670500,6.158629
2016-09-09,sh600519,306.6500,306.8600,304.0000,1876.7350,1622200,6.160703
2016-09-12,sh600519,302.0000,304.0000,297.7700,1839.7610,3823800,6.172452
2016-09-13,sh600519,299.9500,300.9700,299.3000,1853.0990,1625500,6.168156
2016-09-14,sh600519,300.1000,302.2000,298.0100,1848.2590,1852700,6.169707
2016-09-19,sh600519,300.0500,301.5700,299.8800,1851.4110,1285200,6.168697
2016-09-20,sh600519,300.7800,300.8000,294.0000,1822.3150,3489200,6.178177
2016-09-21,sh600519,295.0600,295.3900,289.1100,1817.1940,3903700,6.179881
2016-09-22,sh600519,294.3000,299.9800,294.0100,1833.6830,2960600,6.174433
2016-09-23,sh600519,297.0200,298.9500,295.4000,1837.6220,1267100,6.173146
2016-09-26,sh600519,297.0000,297.0100,288.5500,1787.2540,3717600,6.190053
2016-09-27,sh600519,288.8800,291.9800,288.7600,1800.9860,1791500,6.185342
2016-09-28,sh600519,291.7900,291.7900,287.5600,1785.4530,2236000,6.190676
2016-09-29,sh600519,287.8500,293.0000,287.8500,1799.9160,2370500,6.185703
2016-09-30,sh600519,290.0000,299.6300,290.0000,1838.9170,2960300,6.172727
2016-10-10,sh600519,298.5100,303.8600,298.5100,1867.3370,2110300,6.163642
2016-10-11,sh600519,304.0000,309.0000,303.0000,1900.8790,4173600,6.153305
2016-10-12,sh600519,308.5000,308.5000,304.9000,1883.4320,1928600,6.158629
2016-10-13,sh600519,306.8000,306.9400,303.5100,1872.5710,1614300,6.162003
2016-10-14,sh600519,303.4700,306.0000,303.2000,1882.1940,1269000,6.159012
2016-10-17,sh600519,305.4500,305.5000,301.5000,1864.4670,1895700,6.164546
2016-10-18,sh600519,302.5000,308.5000,302.0000,1890.9740,3038900,6.156316
2016-10-19,sh600519,308.5000,308.7500,305.1000,1886.9780,1412300,6.157540
2016-10-20,sh600519,307.3900,307.3900,304.8000,1881.5190,1407900,6.159222
2016-10-21,sh600519,305.0800,305.4800,302.5900,1874.2590,1148300,6.161475
2016-10-24,sh600519,302.6000,307.0000,302.6000,1889.6790,2624600,6.156710
2016-10-25,sh600519,307.3900,313.0000,307.3900,1923.5020,4376200,6.146552
2016-10-26,sh600519,313.0000,318.3100,311.6500,1927.6670,4681300,6.145330
2016-10-27,sh600519,312.9900,318.2200,311.0100,1945.6190,3295100,6.140117
2016-10-28,sh600519,317.5000,318.4300,314.0000,1946.6320,2013700,6.139827
2016-10-31,sh600519,319.0000,322.8000,316.8000,1951.6970,4359600,6.138377
2016-11-01,sh600519,317.9500,319.0000,315.5500,1944.5500,1951200,6.140426
2016-11-02,sh600519,316.0900,317.1600,313.6800,1936.1080,2063600,6.142864
2016-11-03,sh600519,315.0000,316.4600,314.1500,1939.9350,1869000,6.141756
2016-11-04,sh600519,315.9900,318.2500,313.9800,1934.0820,2061900,6.143453
2016-11-07,sh600519,315.0000,317.0000,313.2000,1936.9530,1604700,6.142622
2016-11-08,sh600519,316.5000,322.1800,315.6800,1963.2340,3419300,6.135106
2016-11-09,sh600519,320.0000,321.9700,313.8000,1945.2820,3000400,6.140217
2016-11-10,sh600519,319.1000,321.0000,317.7300,1958.3380,1780400,6.136490
2016-11-11,sh600519,317.9900,318.3000,314.8000,1935.5460,3590200,6.143030
2016-11-14,sh600519,315.5500,315.8700,309.9900,1912.5280,3992000,6.149805
2016-11-15,sh600519,310.0300,315.6500,310.0300,1929.5240,2447000,6.144785
2016-11-16,sh600519,313.8100,315.4000,312.0000,1924.6840,1339900,6.146205
2016-11-17,sh600519,312.0800,313.0000,310.5300,1912.8090,1833700,6.149720
2016-11-18,sh600519,311.1600,311.8000,309.8800,1906.9570,1937700,6.151474
2016-11-21,sh600519,311.0200,311.6600,308.3700,1904.1430,2608300,6.152320
2016-11-22,sh600519,310.3000,310.4500,308.3700,1900.5970,2642400,6.153388
2016-11-23,sh600519,311.0000,313.0000,309.1100,1923.5580,3401500,6.146535
2016-11-24,sh600519,313.2000,317.0000,311.4200,1945.9570,3907800,6.140021
2016-11-25,sh600519,317.0400,318.0000,313.4200,1945.7320,2236900,6.140086
2016-11-28,sh600519,317.5500,320.1800,316.6000,1960.4200,4925300,6.135900
2016-11-29,sh600519,320.7000,330.4500,319.4100,1985.5200,5883000,6.128905
2016-11-30,sh600519,321.2200,323.3000,318.4500,1958.0570,2675200,6.136571
2016-12-01,sh600519,320.0000,324.5900,318.6800,1968.9750,2794100,6.133496
2016-12-02,sh600519,321.0000,323.2000,319.0000,1973.1950,3062800,6.132315
2016-12-05,sh600519,319.2000,324.5400,315.8200,1940.3290,4206000,6.141642
2016-12-06,sh600519,316.2300,326.5800,316.2300,1999.3640,3892300,6.125127
2016-12-07,sh600519,327.1200,328.5000,323.9700,2005.1610,2527100,6.123564
2016-12-08,sh600519,328.0100,340.0000,327.0000,2062.9020,5447500,6.108501
2016-12-09,sh600519,337.2000,339.4200,334.0200,2063.1830,3449500,6.108429
2016-12-12,sh600519,337.7000,340.0000,325.7000,2001.8410,5033200,6.124460
2016-12-13,sh600519,326.8400,335.0000,325.5000,2036.4510,4178000,6.115285
2016-12-14,sh600519,333.0000,334.0700,328.5000,2032.2870,3202900,6.116372
2016-12-15,sh600519,332.4600,332.9900,325.5800,2008.5380,3920200,6.122658
2016-12-16,sh600519,327.0000,329.8800,323.5800,2005.8930,2505100,6.123368
2016-12-19,sh600519,326.0000,334.3700,325.6100,1996.7760,3047100,6.125831
2016-12-20,sh600519,326.0400,327.0000,321.8100,1999.7020,3083100,6.125037
2016-12-21,sh600519,326.9000,329.2900,323.5600,2011.9710,2471100,6.121740
2016-12-22,sh600519,328.0000,328.4600,324.8800,1992.4990,1467800,6.126996
2016-12-23,sh600519,323.5500,324.5000,319.1300,1963.4030,3109500,6.135059
2016-12-26,sh600519,319.0300,324.9900,316.2000,1988.4470,2600100,6.128103
2016-12-27,sh600519,324.5100,328.8000,323.5000,1997.9010,2006200,6.125524
2016-12-28,sh600519,326.9900,328.0000,323.3300,1984.1700,1787800,6.129278
2016-12-29,sh600519,324.0000,327.8700,323.0000,2004.3730,2122500,6.123776
2016-12-30,sh600519,326.6100,335.2900,326.6100,2042.8670,3468700,6.113623
2017-01-03,sh600519,334.2800,337.0000,332.8100,2045.1740,2076300,6.113026
2017-01-04,sh600519,334.6200,352.1700,334.6000,2142.8160,6525700,6.089102
2017-01-05,sh600519,350.0000,351.4500,345.4400,2113.7210,4170400,6.095983
2017-01-06,sh600519,346.6400,359.7800,346.1000,2136.3440,6809500,6.090615
2017-01-09,sh600519,347.8000,352.8800,346.5400,2123.6820,3540500,6.093604
2017-01-10,sh600519,348.4500,352.0000,346.6000,2126.4390,3172700,6.092948
2017-01-11,sh600519,348.0000,348.0000,343.5000,2106.4610,2359800,6.097730
2017-01-12,sh600519,346.5500,347.4000,344.5100,2115.4650,1777900,6.095563
2017-01-13,sh600519,346.9800,347.3900,343.8800,2103.1970,1828200,6.098521
2017-01-16,sh600519,344.1300,344.8000,338.8000,2084.0620,3685500,6.103207
2017-01-17,sh600519,342.6000,351.5000,342.0000,2127.1710,3518800,6.092776
2017-01-18,sh600519,348.8800,356.7700,347.2100,2160.6560,4600500,6.084984
2017-01-19,sh600519,355.0000,358.4800,351.7000,2158.6300,2852300,6.085448
2017-01-20,sh600519,354.9000,357.4000,353.0300,2160.1500,2134400,6.085101
2017-01-23,sh600519,356.8800,359.8000,349.4600,2138.9330,3258100,6.090009
2017-01-24,sh600519,351.2700,352.8000,346.7500,2133.8120,2691400,6.091211
2017-01-25,sh600519,349.9800,349.9800,346.2000,2118.7290,2299000,6.094782
2017-01-26,sh600519,348.1400,348.8000,341.3000,2100.6640,3782600,6.099135
2017-02-03,sh600519,346.0000,349.1800,345.0000,2114.3400,2093600,6.095834
2017-02-06,sh600519,348.4900,348.8900,344.9600,2114.3400,1568000,6.095834
2017-02-07,sh600519,346.8400,347.4000,343.1400,2095.9370,2051900,6.100288
2017-02-08,sh600519,343.7600,345.5000,342.6700,2099.4820,1908800,6.099422
2017-02-09,sh600519,345.0000,348.7900,344.6100,2118.6170,2332400,6.094810
2017-02-10,sh600519,348.6200,349.8200,345.0000,2104.3790,2405600,6.098235
2017-02-13,sh600519,344.0000,351.9000,341.9200,2130.6600,5358700,6.091951
2017-02-14,sh600519,349.5400,352.6000,349.1000,2133.2490,2655800,6.091342
2017-02-15,sh600519,351.5000,352.4400,347.2000,2123.7940,2625600,6.093576
2017-02-16,sh600519,348.5000,348.6200,345.5100,2121.3180,1764200,6.094165
2017-02-17,sh600519,348.9000,354.4400,347.5000,2135.2190,2910200,6.090880
2017-02-20,sh600519,350.4100,362.3200,350.0100,2195.6050,6185300,6.077126
2017-02-21,sh600519,361.8800,362.4300,357.1800,2181.2540,2770500,6.080320
2017-02-22,sh600519,360.6100,366.5200,360.0000,2198.9810,3713000,6.076380
2017-02-23,sh600519,360.9700,365.4800,359.7600,2197.9120,2332800,6.076616
2017-02-24,sh600519,362.0000,362.8900,360.0500,2203.0900,1769200,6.075478
2017-02-27,sh600519,362.4900,362.8500,356.8000,2172.5870,2540000,6.082270
2017-02-28,sh600519,357.0000,359.2000,353.5800,2158.2930,2747300,6.085527
2017-03-01,sh600519,355.1000,358.2000,355.0000,2169.2670,2194400,6.083023
2017-03-02,sh600519,356.7100,357.0000,354.5300,2170.4490,2210300,6.082756
2017-03-03,sh600519,355.0000,358.2200,355.0000,2168.8730,1415300,6.083113
2017-03-06,sh600519,357.6600,359.5400,356.5500,2182.4920,2281800,6.080042
2017-03-07,sh600519,358.0300,368.8800,358.0300,2228.8650,4628600,6.069894
2017-03-08,sh600519,367.1800,368.4900,365.5000,2229.3150,1603700,6.069797
2017-03-09,sh600519,367.0000,369.9800,365.5600,2244.0600,2340600,6.066667
2017-03-10,sh600519,369.9200,377.0000,368.3600,2243.7780,4095100,6.066724
2017-03-13,sh600519,370.0500,374.3300,367.5300,2253.3460,2767400,6.064718
2017-03-14,sh600519,371.5500,373.8500,368.3400,2241.8090,2041600,6.067142
2017-03-15,sh600519,369.5000,375.1500,369.0100,2270.9600,2515500,6.061065
2017-03-16,sh600519,376.5600,378.3000,372.8000,2271.4670,2502200,6.060963
2017-03-17,sh600519,373.1000,384.4500,373.1000,2292.3460,3470000,6.056716
2017-03-20,sh600519,380.5000,386.7100,378.8800,2336.9740,3154500,6.047913
2017-03-21,sh600519,386.5500,396.5000,386.5000,2379.7450,4846000,6.039809
2017-03-22,sh600519,390.5300,394.6000,385.0000,2382.3900,4553200,6.039318
2017-03-23,sh600519,392.0300,393.9900,386.6000,2355.9960,3450400,6.044270
2017-03-24,sh600519,392.3200,393.2200,385.0000,2339.2820,3328700,6.047469
2017-03-27,sh600519,386.0300,389.2600,378.3900,2294.2590,5369000,6.056330
2017-03-28,sh600519,379.9500,381.1500,376.6600,2302.3630,4118700,6.054707
2017-03-29,sh600519,381.0100,385.8000,379.9000,2321.4420,3729900,6.050937
2017-03-30,sh600519,383.0000,386.8900,382.6000,2335.4550,3161200,6.048208
2017-03-31,sh600519,386.2000,388.0000,384.1800,2336.6930,2447400,6.047968
2017-04-05,sh600519,385.6600,394.9900,385.0000,2355.2640,4078900,6.044408
2017-04-06,sh600519,389.0100,393.0000,386.6300,2367.9270,2885700,6.042017
2017-04-07,sh600519,392.9900,394.0000,389.6000,2373.3300,2409700,6.041006
2017-04-10,sh600519,394.0000,394.0000,388.0000,2352.6760,2886900,6.044902
2017-04-11,sh600519,388.0500,390.7000,380.6000,2330.6710,4353000,6.049134
2017-04-12,sh600519,385.2900,391.0000,384.8000,2358.4720,2700200,6.043800
2017-04-13,sh600519,390.7800,398.5900,390.5100,2404.3950,4564800,6.035279
2017-04-14,sh600519,399.4300,399.8800,395.0000,2387.8490,2364600,6.038308
2017-04-17,sh600519,391.0000,398.2800,388.5500,2389.7630,2879300,6.037957
2017-04-18,sh600519,394.6000,406.5500,394.6000,2439.6250,4958100,6.028976
2017-04-19,sh600519,403.0000,409.1000,402.8600,2445.7590,3755000,6.027897
2017-04-20,sh600519,406.0900,420.4300,406.0900,2499.6170,5045700,6.018678
2017-04-21,sh600519,415.0000,415.6000,400.0000,2416.4380,4933200,6.033101
2017-04-24,sh600519,400.6200,405.0000,389.0000,2405.2950,5003700,6.035115
2017-04-25,sh600519,404.8000,420.1700,404.8000,2519.7640,7619200,6.015336
2017-04-26,sh600519,418.8500,428.6800,413.0100,2514.5300,5662400,6.016198
2017-04-27,sh600519,415.5300,421.9700,410.4300,2534.1150,2824000,6.012991
2017-04-28,sh600519,421.9900,423.0000,409.9000,2489.3180,4950500,6.020407
2017-05-02,sh600519,411.6000,415.0000,409.1800,2481.4390,2329100,6.021741
2017-05-03,sh600519,411.0000,417.6600,411.0000,2512.5600,2026700,6.016523
2017-05-04,sh600519,414.6300,418.4800,414.6300,2503.5000,2670900,6.018029
2017-05-05,sh600519,416.2000,422.7800,415.1000,2504.5690,3743700,6.017850
2017-05-08,sh600519,416.1800,417.0000,404.7200,2444.2960,4072100,6.028154
2017-05-09,sh600519,404.4400,409.8800,398.0000,2462.7550,5280100,6.024941
2017-05-10,sh600519,408.4000,414.4400,407.0200,2470.2400,2603900,6.023653
2017-05-11,sh600519,408.4000,414.7000,406.5100,2481.8890,3046700,6.021664
2017-05-12,sh600519,413.5900,415.3000,410.0100,2489.2620,2233700,6.020417
2017-05-15,sh600519,413.1200,420.3500,413.1200,2523.4780,3344700,6.014725
2017-05-16,sh600519,419.6000,431.2200,418.2600,2582.9640,5016400,6.005217
2017-05-17,sh600519,429.0000,430.1900,424.8800,2563.1540,2751500,6.008331
2017-05-18,sh600519,425.0500,430.7000,425.0100,2579.7000,2430000,6.005727
2017-05-19,sh600519,429.5700,441.8000,429.5700,2643.1810,3831000,5.996055
2017-05-22,sh600519,439.0400,446.0100,436.2000,2648.5840,3532100,5.995256
2017-05-23,sh600519,442.2500,454.4700,442.2500,2718.4800,4845400,5.985205
2017-05-24,sh600519,452.9000,456.4800,446.0000,2696.6450,4022600,5.988286
2017-05-25,sh600519,448.7100,452.9600,447.5000,2698.2200,2889800,5.988060
2017-05-26,sh600519,450.8200,455.6000,448.0000,2705.6490,2738600,5.987009
2017-05-31,sh600519,450.0000,450.5000,440.1100,2655.1120,4431200,5.994293
2017-06-01,sh600519,442.5000,449.9500,441.0100,2690.7920,4060400,5.989120
2017-06-02,sh600519,450.0000,450.9500,445.6000,2679.7050,2178500,5.990711
2017-06-05,sh600519,448.0400,449.0000,442.3500,2663.3850,1924100,5.993081
2017-06-06,sh600519,444.9700,449.0000,444.2000,2688.2030,2040200,5.989490
2017-06-07,sh600519,449.1200,460.0000,449.1200,2747.5760,3883400,5.981183
2017-06-08,sh600519,461.3200,464.4000,458.5000,2775.3770,2895100,5.977422
2017-06-09,sh600519,464.2400,470.8000,463.0000,2783.4250,3143000,5.976349
2017-06-12,sh600519,467.0000,475.4400,465.0000,2823.6070,3510900,5.971086
2017-06-13,sh600519,473.0500,474.5000,467.0000,2824.5080,2423700,5.970971
2017-06-14,sh600519,472.7900,477.5000,470.4800,2832.1050,3376800,5.969993
2017-06-15,sh600519,475.0000,475.4800,464.0000,2775.3210,5020200,5.977431
2017-06-16,sh600519,461.5000,467.4900,461.2600,2765.9220,3333100,5.978691
2017-06-19,sh600519,461.9600,470.3900,461.9600,2808.3560,3853600,5.973065
2017-06-20,sh600519,473.0000,474.8800,465.6600,2786.5760,3450500,5.975930
2017-06-21,sh600519,469.5500,473.0000,466.0300,2822.6500,4203800,5.971209
2017-06-22,sh600519,473.0200,477.9300,471.2000,2822.8750,3824200,5.971179
2017-06-23,sh600519,472.8600,474.8800,468.3300,2822.7630,3130300,5.971195
2017-06-26,sh600519,473.0100,485.0000,472.0000,2890.0150,5293200,5.962728
2017-06-27,sh600519,482.8200,485.0000,480.8500,2886.7510,2798000,5.963130
2017-06-28,sh600519,484.0900,484.0900,473.0000,2837.2260,3772800,5.969337
2017-06-29,sh600519,476.3000,477.3500,470.0000,2824.3390,3509200,5.970992
2017-06-30,sh600519,471.5100,474.1600,467.8000,2817.8100,2242700,5.971834
2017-07-03,sh600519,474.2000,474.2000,457.9000,2753.2040,4962800,5.980416
2017-07-04,sh600519,458.9600,460.0000,449.0000,2705.6490,5648800,5.987009
2017-07-05,sh600519,453.0100,460.3300,453.0100,2751.8530,3754000,5.980599
2017-07-06,sh600519,458.1100,460.2000,450.6000,2728.4980,4204400,5.983811
2017-07-07,sh600519,451.0500,451.1000,441.2000,2710.3600,3779600,6.077449
2017-07-10,sh600519,446.8800,454.9000,442.9700,2758.1960,3662400,6.069039
2017-07-11,sh600519,454.5000,464.5800,454.0000,2806.9320,4460100,6.060786
2017-07-12,sh600519,465.8000,465.9900,455.0000,2775.0790,2895000,6.066144
2017-07-13,sh600519,455.3500,461.9100,453.6800,2767.7060,2595100,6.067402
2017-07-14,sh600519,456.2500,458.7600,453.0500,2769.1130,1772600,6.067161
2017-07-17,sh600519,457.0400,458.0400,446.2800,2733.4330,3526300,6.073351
2017-07-18,sh600519,451.9900,453.9900,448.0000,2747.3900,3068400,6.070909
2017-07-19,sh600519,454.0000,463.6200,452.8000,2771.6460,5625900,6.066729
2017-07-20,sh600519,455.8600,466.8900,455.8600,2825.7290,4663400,6.057686
2017-07-21,sh600519,466.9600,475.0100,463.6600,2863.6040,4679200,6.051572
2017-07-24,sh600519,474.8800,485.3500,474.8800,2889.4910,4271600,6.047491
2017-07-25,sh600519,482.2000,482.8000,476.1000,2890.3920,2192900,6.047351
2017-07-26,sh600519,478.0500,481.6300,466.5600,2854.7680,3147000,6.052982
2017-07-27,sh600519,471.6300,475.8500,471.1000,2867.3740,1959500,6.050972
2017-07-28,sh600519,471.0000,484.0700,467.7100,2923.9330,4661800,6.042183
2017-07-31,sh600519,484.0000,487.9600,481.0000,2908.7380,3841200,6.044508
2017-08-01,sh600519,481.0000,483.0000,477.4000,2903.2230,2750100,6.045359
2017-08-02,sh600519,480.0400,484.8800,478.5100,2917.8550,2677400,6.043110
2017-08-03,sh600519,483.6800,486.8500,475.6300,2886.2270,3176800,6.048001
2017-08-04,sh600519,477.0000,478.9800,472.6000,2866.0800,1868100,6.051178
2017-08-07,sh600519,472.5000,482.4000,471.1300,2910.6520,2309900,6.044215
2017-08-08,sh600519,482.0000,484.2200,479.5000,2916.3920,1605100,6.043334
2017-08-09,sh600519,484.8400,492.9800,482.0300,2962.9340,4179400,6.036333
2017-08-10,sh600519,491.0900,499.6000,489.0000,2967.3230,3536400,6.035683
2017-08-11,sh600519,489.0000,496.5500,483.4800,2924.7210,3657200,6.042063
2017-08-14,sh600519,485.2100,500.1000,485.2100,3013.4710,3933100,6.028992
2017-08-15,sh600519,500.1100,501.1000,495.0100,2991.7480,2716300,6.032115
2017-08-16,sh600519,498.0000,498.8000,493.0000,2994.6740,1858700,6.031690
2017-08-17,sh600519,497.6000,497.6000,489.8000,2973.2890,2584600,6.034807
2017-08-18,sh600519,492.8000,494.4400,488.0000,2956.1800,2385700,6.037333
2017-08-21,sh600519,488.0000,494.4000,486.9400,2956.6310,2354600,6.037267
2017-08-22,sh600519,487.4000,489.4800,476.0000,2942.5050,4245700,6.039376
2017-08-23,sh600519,485.4500,494.6300,484.3200,2980.7170,2721400,6.033718
2017-08-24,sh600519,493.9900,496.4000,492.0200,2973.9640,1815600,6.034707
2017-08-25,sh600519,493.4500,494.2500,489.3200,2974.9770,1729700,6.034559
2017-08-28,sh600519,493.0000,497.2900,491.0300,2969.6310,2902100,6.035345
2017-08-29,sh600519,493.0200,494.8800,488.0100,2954.9990,2517600,6.037510
2017-08-30,sh600519,489.7000,493.7500,489.1600,2974.8650,1850300,6.034576
2017-08-31,sh600519,494.0400,494.8800,489.8000,2964.6220,1873600,6.036083
2017-09-01,sh600519,490.2000,496.2800,490.0300,2987.3020,3145100,6.032760
2017-09-04,sh600519,495.1800,496.6600,491.2700,2971.7690,1893100,6.035029
2017-09-05,sh600519,492.8800,493.9900,489.5000,2958.0940,2262200,6.037050
2017-09-06,sh600519,490.0000,492.7700,484.8400,2929.8990,3300600,6.041278
2017-09-07,sh600519,485.3100,486.9000,480.0600,2909.0200,3332000,6.044466
2017-09-08,sh600519,478.2500,480.5000,474.0000,2870.1880,4117300,6.050526
2017-09-11,sh600519,471.0900,482.2200,469.9800,2892.4180,4537400,6.047035
2017-09-12,sh600519,479.5000,486.0000,478.4000,2929.5050,3434100,6.041338
2017-09-13,sh600519,485.0000,492.2000,481.3800,2967.3230,3307500,6.035683
2017-09-14,sh600519,492.9900,494.0300,488.9900,2962.1460,1939900,6.036449
2017-09-15,sh600519,492.5000,492.5000,488.0000,2957.2500,1603900,6.037175
2017-09-18,sh600519,490.1400,500.5000,490.1400,3008.6310,4220600,6.029683
2017-09-19,sh600519,500.3000,502.5000,496.0100,2997.2630,2305400,6.031317
2017-09-20,sh600519,496.9000,500.0200,496.0000,2993.0420,1731800,6.031927
2017-09-21,sh600519,495.9400,500.5800,492.8800,3007.5060,1940200,6.029845
2017-09-22,sh600519,496.9000,500.1800,495.8000,3014.0340,1634300,6.028912
2017-09-25,sh600519,500.3100,508.2000,500.3000,3055.1730,3269700,6.023131
2017-09-26,sh600519,506.6900,510.0000,503.6000,3066.7100,2547000,6.021540
2017-09-27,sh600519,508.9200,511.0300,506.0700,3060.6320,1667100,6.022377
2017-09-28,sh600519,507.2000,520.2000,507.1500,3118.3160,2596900,6.014574
2017-09-29,sh600519,516.0000,525.8800,515.5000,3113.7020,2243600,6.015188
2017-10-09,sh600519,524.5400,535.5500,520.1000,3170.7110,3489100,6.007751
2017-10-10,sh600519,527.0500,540.4900,527.0100,3239.8760,3100600,5.999104
2017-10-11,sh600519,538.1000,551.2500,538.1000,3270.7160,3340600,5.995373
2017-10-12,sh600519,545.0000,547.5000,540.1800,3262.5560,1964600,5.996354
2017-10-13,sh600519,545.0000,556.6000,542.0100,3330.4270,2785800,5.988361
2017-10-16,sh600519,559.9900,566.6600,555.8700,3355.9770,2990900,5.985441
2017-10-17,sh600519,560.9700,560.9700,554.0000,3333.6910,2097700,5.987985
2017-10-18,sh600519,554.2000,562.5900,554.2000,3356.1460,1917800,5.985422
2017-10-19,sh600519,561.0000,585.1500,560.7200,3479.2810,4065800,5.971989
2017-10-20,sh600519,581.0000,581.0000,571.7600,3432.7400,3153400,5.976947
2017-10-23,sh600519,574.9200,580.5000,568.0000,3427.5620,2377100,5.977506
2017-10-24,sh600519,572.0000,573.8000,563.6100,3393.3450,3127400,5.981254
2017-10-25,sh600519,569.7500,571.6800,562.0600,3384.0030,2507600,5.982292
2017-10-26,sh600519,605.0000,613.0000,591.9100,3605.8500,11543400,5.959196
2017-10-27,sh600519,602.1100,655.0000,600.0300,3856.5100,8438300,5.936472
2017-10-30,sh600519,643.0500,644.0000,621.0000,3701.4650,8100700,5.950143
2017-10-31,sh600519,622.0100,627.6000,611.8800,3678.6730,5187500,5.952256
2017-11-01,sh600519,620.8800,631.5400,619.2200,3706.6990,4343500,5.949662
2017-11-02,sh600519,626.9500,629.7800,621.0000,3728.7040,3424900,5.947655
2017-11-03,sh600519,628.6500,643.4400,628.6500,3797.6440,4818800,5.941524
2017-11-06,sh600519,641.5000,657.6200,640.2000,3875.8140,4851300,5.934851
2017-11-07,sh600519,650.5800,657.1500,638.1800,3813.9640,5556400,5.940106
2017-11-08,sh600519,642.3300,654.5000,642.3300,3860.7310,4395100,5.936116
2017-11-09,sh600519,648.0000,654.1500,644.6100,3858.9870,3364100,5.936264
2017-11-10,sh600519,650.4300,683.4000,650.4300,4015.8890,7407800,5.923577
2017-11-13,sh600519,680.0000,692.7800,675.8000,4071.7720,4986900,5.919306
2017-11-14,sh600519,687.1400,687.2200,677.3500,4020.3910,4636600,5.923228
2017-11-15,sh600519,678.7500,689.9900,674.0000,4072.8980,4503600,5.919222
2017-11-16,sh600519,686.0100,719.9600,686.0100,4247.5280,6071600,5.906646
2017-11-17,sh600519,696.0000,709.0000,677.7700,4085.1100,12386100,5.918305
2017-11-20,sh600519,676.8000,685.6000,660.0000,4022.6420,8830500,5.923054
2017-11-21,sh600519,669.0000,688.8000,662.0200,4011.9490,9601600,5.923882
2017-11-22,sh600519,677.0000,688.0000,650.0000,3861.5190,12849800,5.936050
2017-11-23,sh600519,642.0000,646.0000,630.2200,3767.0290,10959900,5.944218
2017-11-24,sh600519,635.9000,642.5000,622.2300,3746.2620,7654100,5.946070
2017-11-27,sh600519,634.0000,636.3300,613.0100,3697.0190,6354800,5.950553
2017-11-28,sh600519,625.0600,648.8800,624.0000,3848.6320,7029100,5.937140
2017-11-29,sh600519,649.9400,651.9700,634.0100,3791.7350,4676300,5.942041
2017-11-30,sh600519,635.5100,648.4800,626.0000,3751.6650,3801900,5.945586
2017-12-01,sh600519,638.0100,638.9900,620.1300,3702.9850,4719200,5.950004
2017-12-04,sh600519,623.9500,644.1000,616.7200,3789.8780,5426700,5.942204
2017-12-05,sh600519,634.0000,647.4000,630.1300,3762.6960,4746500,5.944603
2017-12-06,sh600519,631.5000,644.1000,620.0000,3717.9550,5817400,5.948633
2017-12-07,sh600519,624.9500,624.9900,615.2600,3671.1320,5103200,5.952962
2017-12-08,sh600519,615.4200,628.8500,615.4200,3730.7300,4550300,5.947472
2017-12-11,sh600519,631.0000,651.9500,631.0000,3864.1640,7284900,5.935827
2017-12-12,sh600519,658.7000,658.7700,651.0200,3866.0210,4788900,5.935671
2017-12-13,sh600519,654.9900,670.0000,650.7200,3961.0740,4850200,5.927888
2017-12-14,sh600519,669.9800,671.3000,660.5000,3940.4770,3196700,5.929542
2017-12-15,sh600519,664.0000,667.9500,650.7800,3879.9220,3225500,5.934508
2017-12-18,sh600519,660.0000,669.8000,658.5800,3947.3430,3916200,5.928989
2017-12-19,sh600519,663.0000,672.4400,661.0000,3954.7710,4407200,5.928392
2017-12-20,sh600519,669.9000,686.8600,664.0300,4055.0580,6360100,5.920571
2017-12-21,sh600519,683.0000,687.4200,675.5000,4037.2180,4668000,5.921932
2017-12-22,sh600519,680.0000,685.9000,677.0100,4043.8590,2831700,5.921424
2017-12-25,sh600519,686.0000,696.3000,683.7200,4073.1230,3621400,5.919204
2017-12-26,sh600519,688.1800,692.9900,676.5000,4031.9840,3186700,5.922334
2017-12-27,sh600519,684.8600,684.8600,662.5000,3938.3940,3772200,5.929709
2017-12-28,sh600519,687.0000,719.9000,671.3200,4245.1640,12414100,5.906808
2017-12-29,sh600519,718.0000,726.5000,691.6000,4125.8550,7603800,5.915289
2018-01-02,sh600519,700.0000,710.1600,689.8900,4161.6480,4961200,5.912692
2018-01-03,sh600519,701.5000,721.4000,699.7400,4229.2370,5201900,5.907911
2018-01-04,sh600519,721.4000,743.5000,719.3300,4348.6020,7220500,5.899849
2018-01-05,sh600519,741.0000,746.0300,728.2200,4355.8620,3998900,5.899374
2018-01-08,sh600519,735.0200,756.5000,735.0200,4433.3560,5220400,5.894401
2018-01-09,sh600519,752.2100,783.0000,752.2100,4604.3840,6459100,5.884046
2018-01-10,sh600519,785.0000,788.8800,773.4800,4622.3370,4771400,5.883006
2018-01-11,sh600519,787.0000,788.0000,772.0000,4560.9940,5065600,5.886597
2018-01-12,sh600519,773.7700,788.8000,767.0200,4637.5880,4598800,5.882129
2018-01-15,sh600519,793.4600,799.0600,779.0200,4620.4230,5247300,5.883116
2018-01-16,sh600519,780.4800,788.6100,768.0000,4550.4700,6542800,5.887223
2018-01-17,sh600519,770.0000,774.0000,738.5100,4409.7200,9070900,5.895899
2018-01-18,sh600519,747.9300,765.0000,744.0900,4425.5340,5897800,5.894896
2018-01-19,sh600519,752.9000,758.9000,739.0200,4422.3820,5092500,5.895095
2018-01-22,sh600519,751.8100,774.0000,751.8100,4554.4100,6712600,5.886989
2018-01-23,sh600519,777.8100,780.0000,768.6000,4555.1980,4954900,5.886942
2018-01-24,sh600519,776.4400,776.4600,758.6000,4502.7470,4329800,5.890102
2018-01-25,sh600519,761.0000,776.0000,751.0000,4529.1970,5004000,5.888498
2018-01-26,sh600519,767.2400,777.4000,764.0000,4574.5570,4397800,5.885794
2018-01-29,sh600519,778.7600,779.6700,735.0000,4344.3810,7453500,5.900126
2018-01-30,sh600519,736.0000,748.7700,730.0200,4376.7970,5191100,5.898012
2018-01-31,sh600519,739.0000,771.7100,739.0000,4503.1970,6040200,5.890074
2018-02-01,sh600519,767.0000,767.3000,752.9200,4464.8720,5058200,5.892431
2018-02-02,sh600519,752.2200,753.2300,725.0000,4367.3430,7542000,5.898626
2018-02-05,sh600519,727.2200,729.9600,705.6000,4242.5750,9899500,5.906987
2018-02-06,sh600519,703.0000,722.6000,703.0000,4189.8430,8816800,5.910678
2018-02-07,sh600519,720.0000,723.8800,682.0100,4046.7290,8828900,5.921205
2018-02-08,sh600519,682.2000,718.0000,682.2000,4145.5520,8340900,5.913853
2018-02-09,sh600519,680.0000,689.8900,658.0000,4046.7290,10557800,5.921205
2018-02-12,sh600519,691.0000,705.5000,685.2000,4125.7990,6417900,5.915294
2018-02-13,sh600519,705.0200,714.8200,704.5000,4207.4020,5338900,5.909438
2018-02-14,sh600519,720.0000,720.0000,712.2200,4243.8130,3065200,5.906901
2018-02-22,sh600519,727.3000,744.0000,723.2400,4378.8800,5076400,5.897879
2018-02-23,sh600519,747.0000,756.5600,737.0000,4379.0480,3815800,5.897867
2018-02-26,sh600519,746.8800,752.0500,733.0200,4384.8450,4365800,5.897493
2018-02-27,sh600519,749.0000,756.0000,737.2200,4353.7230,4260100,5.899514
2018-02-28,sh600519,732.0000,742.3000,719.0000,4284.1640,4833000,5.904143
2018-03-01,sh600519,728.0000,746.8500,723.7700,4376.1780,4479400,5.898052
2018-03-02,sh600519,738.0000,743.5600,730.0000,4344.8880,2599100,5.900094
2018-03-05,sh600519,738.1800,742.0000,717.0300,4253.1550,3723400,5.906257
2018-03-06,sh600519,725.0000,727.6000,697.1300,4242.7440,6457000,5.906975
2018-03-07,sh600519,715.0000,724.0000,708.9900,4196.4840,3459500,5.910208
2018-03-08,sh600519,714.0000,724.0000,708.0000,4268.0690,3534900,5.905237
2018-03-09,sh600519,727.5500,732.5700,723.5000,4298.6840,3017100,5.903164
2018-03-12,sh600519,729.5500,733.9200,722.7700,4274.7660,3988800,5.904781
2018-03-13,sh600519,723.0000,726.6000,710.0000,4198.2280,3857700,5.910084
2018-03-14,sh600519,709.6700,728.0800,707.2200,4291.2550,3735500,5.903664
2018-03-15,sh600519,728.0200,747.0000,728.0200,4401.5030,5614800,5.896423
2018-03-16,sh600519,747.6000,753.9800,738.8800,4364.2470,3585500,5.898827
2018-03-19,sh600519,743.9700,753.9900,739.0000,4440.9540,3866600,5.893924
2018-03-20,sh600519,750.0000,752.0000,740.0000,4408.5940,2887700,5.895970
2018-03-21,sh600519,750.1100,753.1100,740.0000,4376.3470,2674200,5.898042
2018-03-22,sh600519,744.0000,748.0000,724.0100,4286.7530,3748600,5.903968
2018-03-23,sh600519,701.0000,723.4900,700.0800,4202.2240,5254600,5.909802
2018-03-26,sh600519,708.0000,715.0600,701.8800,4215.9000,4625600,5.908842
2018-03-27,sh600519,723.0000,725.8800,704.0000,4222.9340,4754800,5.908350
2018-03-28,sh600519,699.9700,703.0000,669.0000,4038.9630,11353900,5.921799
2018-03-29,sh600519,682.2000,697.8500,658.4100,4078.6380,7908100,5.918790
2018-03-30,sh600519,686.0000,693.5000,679.8800,4047.7980,3654000,5.921123
2018-04-02,sh600519,680.0000,691.0000,674.1100,4027.7630,3203900,5.922658
2018-04-03,sh600519,678.0000,687.0000,675.3900,4015.6640,4023500,5.923595
2018-04-04,sh600519,682.0000,700.4300,680.3800,4106.2710,5689100,5.916732
2018-04-09,sh600519,697.1000,705.4300,690.1500,4130.4140,3083300,5.914956
2018-04-10,sh600519,704.8000,708.5000,698.4600,4185.1160,3204300,5.911014
2018-04-11,sh600519,710.0000,714.7800,703.0200,4170.1460,2572300,5.912082
2018-04-12,sh600519,704.0000,706.8800,692.2200,4107.3400,3071300,5.916652
2018-04-13,sh600519,698.5000,701.0000,685.0800,4066.0320,2754900,5.919739
2018-04-16,sh600519,680.5800,686.8500,677.0000,4035.1920,3293900,5.922088
2018-04-17,sh600519,685.0000,685.3800,665.6000,3949.7620,3517200,5.928793
2018-04-18,sh600519,671.0000,671.0000,645.0000,3890.3330,6261600,5.933642
2018-04-19,sh600519,659.8500,680.0000,656.6600,4027.2010,4420700,5.922703
2018-04-20,sh600519,681.0000,694.0000,668.2300,3972.6110,4151100,5.926970
2018-04-23,sh600519,666.0100,680.3300,666.0100,3993.7150,3265900,5.925305
2018-04-24,sh600519,676.0000,693.5000,675.0000,4083.0280,4728200,5.918461
2018-04-25,sh600519,689.0000,692.0000,683.0200,4089.1620,2525200,5.918002
2018-04-26,sh600519,692.0000,692.2800,673.0000,4017.4640,3504700,5.923454
2018-04-27,sh600519,685.2500,688.3600,655.0000,3929.1090,5791500,5.930462
2018-05-02,sh600519,660.0000,668.9900,645.0600,3958.9360,7025900,5.928060
2018-05-03,sh600519,666.0000,673.6800,658.0000,3976.1000,3632600,5.926693
2018-05-04,sh600519,670.9800,674.8300,660.5700,3931.0220,3737500,5.930306
2018-05-07,sh600519,659.9500,701.8800,657.7700,4129.6820,8559100,5.915009
2018-05-08,sh600519,698.0300,712.1300,698.0300,4189.6740,6249700,5.910689
2018-05-09,sh600519,709.0800,712.3000,697.1200,4150.9550,3233100,5.913462
2018-05-10,sh600519,703.5000,716.0000,703.5000,4219.8390,3929300,5.908566
2018-05-11,sh600519,718.6900,730.5000,715.7000,4241.3930,3914100,5.907068
2018-05-14,sh600519,724.0000,743.0000,724.0000,4378.6550,5101400,5.897893
2018-05-15,sh600519,746.0000,746.4400,734.0000,4382.3130,3805500,5.897657
2018-05-16,sh600519,740.0000,745.6600,733.2800,4334.2510,3079500,5.900794
2018-05-17,sh600519,735.1200,737.5000,724.0000,4294.0690,2851700,5.903474
2018-05-18,sh600519,723.9900,741.0000,721.1900,4361.2650,2925500,5.899022
2018-05-21,sh600519,744.0000,747.3000,732.4800,4335.9400,2905900,5.900683
2018-05-22,sh600519,735.2200,739.8400,730.0200,4362.6720,1699800,5.898930
2018-05-23,sh600519,740.0000,740.0000,723.5800,4273.8090,2826800,5.904845
2018-05-24,sh600519,720.0000,728.6600,713.0000,4226.6490,3041600,5.908092
2018-05-25,sh600519,712.0000,727.0000,712.0000,4234.8650,2651100,5.907520
2018-05-28,sh600519,718.0000,740.6600,715.1200,4367.3430,4280500,5.898626
2018-05-29,sh600519,738.8000,750.0000,731.2800,4316.8620,4082000,5.901948
2018-05-30,sh600519,727.2200,737.3000,720.0500,4285.5710,3714700,5.904048
2018-05-31,sh600519,730.2500,751.6200,730.2400,4427.7290,7185200,5.894757
2018-06-01,sh600519,751.1300,754.9800,738.7600,4393.8490,3617700,5.896913
2018-06-04,sh600519,752.3500,782.9000,745.8800,4601.2890,7380500,5.884227
2018-06-05,sh600519,786.5000,794.7000,777.2300,4635.5060,5262900,5.882249
2018-06-06,sh600519,788.0000,800.9500,782.3000,4622.5620,4896900,5.882993
2018-06-07,sh600519,789.9800,795.5500,778.9000,4595.6610,3916700,5.884555
2018-06-08,sh600519,780.0000,785.9000,770.0000,4578.6650,3495800,5.885552
2018-06-11,sh600519,776.0500,786.0000,768.3300,4566.1720,3654700,5.886290
2018-06-12,sh600519,778.0000,803.5000,776.5000,4698.1990,5528700,5.878701
2018-06-13,sh600519,800.0000,802.6200,788.8800,4648.3370,3524400,5.881514
2018-06-14,sh600519,790.0000,793.8000,775.1800,4624.7000,3615900,5.882869
2018-06-15,sh600519,773.2000,778.5800,769.1000,4614.5650,3170700,5.967136
2018-06-19,sh600519,769.0000,769.0000,737.0000,4415.7360,6019500,5.983382
2018-06-20,sh600519,741.0000,765.0000,741.0000,4559.7500,4583800,5.971464
2018-06-21,sh600519,765.2200,778.8900,758.7700,4535.7200,3918200,5.973397
2018-06-22,sh600519,754.0000,767.0000,750.0000,4576.2960,2885400,5.970146
2018-06-25,sh600519,766.0000,778.9700,764.9000,4570.8370,3293400,5.970580
2018-06-26,sh600519,765.3100,769.8800,747.0000,4510.2820,4657700,5.975466
2018-06-27,sh600519,752.0000,757.0000,721.0000,4328.1680,5729800,5.991041
2018-06-28,sh600519,714.0000,719.0000,697.0000,4263.3920,5083300,5.996922
2018-06-29,sh600519,712.3000,732.3000,705.0000,4378.9300,3292900,5.986561
2018-07-02,sh600519,734.5200,739.3300,703.0000,4266.8810,3755800,5.996600
2018-07-03,sh600519,709.7600,715.7800,678.2300,4173.2920,8283700,6.005428
2018-07-04,sh600519,692.0000,700.0000,688.0000,4150.7240,3799000,6.007619
2018-07-05,sh600519,700.0000,716.2000,700.0000,4215.3310,4712300,6.001411
2018-07-06,sh600519,707.0000,720.9300,699.2600,4281.3450,4415600,5.995274
2018-07-09,sh600519,720.0300,729.8600,719.7300,4355.1810,4057200,5.988643
2018-07-10,sh600519,729.0000,731.5000,713.3300,4346.8520,2901000,5.989379
2018-07-11,sh600519,710.0000,724.0000,702.2200,4312.0720,2427800,5.992485
2018-07-12,sh600519,718.0000,741.1700,718.0000,4413.1470,4017000,5.983604
2018-07-13,sh600519,742.3000,748.1000,735.1200,4466.3290,2890700,5.979101
2018-07-16,sh600519,752.3000,764.1100,751.0300,4509.6070,3247400,5.975522
2018-07-17,sh600519,757.0000,757.0000,736.0200,4440.6670,2780600,5.981260
2018-07-18,sh600519,742.4300,749.6900,735.0000,4412.5840,2452100,5.983652
2018-07-19,sh600519,739.0000,743.9500,735.0200,4432.3380,1807800,5.981966
2018-07-20,sh600519,741.5000,743.1300,728.0000,4433.3510,3054800,5.981880
2018-07-23,sh600519,736.0000,741.1500,720.0100,4382.3630,3596900,5.986262
2018-07-24,sh600519,732.6800,747.3000,723.0000,4457.3810,4180800,5.979851
2018-07-25,sh600519,746.9500,749.8800,740.0100,4448.4330,2174300,5.980604
2018-07-26,sh600519,748.9000,748.9000,734.2300,4402.3420,2306700,5.984533
2018-07-27,sh600519,736.0000,744.3000,730.0000,4418.8870,2091300,5.983112
2018-07-30,sh600519,738.9000,740.6600,715.0000,4309.9900,4217100,5.992673
2018-07-31,sh600519,720.3000,727.8800,719.2100,4350.6790,2068300,5.989041
2018-08-01,sh600519,731.4000,732.3000,714.1100,4285.9600,2523700,5.994853
2018-08-02,sh600519,715.9700,715.9700,687.8800,4178.4690,5500100,6.004928
2018-08-03,sh600519,695.0000,695.0000,676.2000,4083.6410,4733600,6.014287
2018-08-06,sh600519,677.0000,684.0000,662.2500,4031.2470,4524800,6.019662
2018-08-07,sh600519,672.3000,687.8300,662.0200,4124.6680,3908500,6.010182
2018-08-08,sh600519,687.0200,689.0000,671.8700,4068.0520,2968500,6.015871
2018-08-09,sh600519,671.0000,694.5000,670.1200,4156.1830,3448500,6.007086
2018-08-10,sh600519,691.8800,694.7700,684.2000,4129.7330,2381700,6.009682
2018-08-13,sh600519,683.0000,683.0000,666.6800,4084.9360,3457000,6.014157
2018-08-14,sh600519,679.2200,684.5000,673.5100,4090.0570,2169600,6.013640
2018-08-15,sh600519,679.8000,680.0000,661.0000,3992.5280,3499700,6.023730
2018-08-16,sh600519,652.0000,668.5000,640.0000,3911.7130,5993900,6.032498
2018-08-17,sh600519,657.5000,657.5000,630.0100,3835.2880,4657400,6.041156
2018-08-20,sh600519,632.4500,645.5500,616.8600,3891.1720,4885200,6.034790
2018-08-21,sh600519,647.0000,672.3000,647.0000,4041.4330,5224900,6.018605
2018-08-22,sh600519,671.0000,673.2000,663.0000,4020.1040,2067500,6.020824
2018-08-23,sh600519,671.7000,678.5000,665.1800,4034.2300,2735700,6.019352
2018-08-24,sh600519,669.0000,669.0000,656.4600,3978.4580,2609000,6.025228
2018-08-27,sh600519,662.0000,687.3000,662.0000,4130.4080,4801600,6.009614
2018-08-28,sh600519,693.0000,693.7800,678.5500,4094.9530,3248800,6.013147
2018-08-29,sh600519,682.0000,688.8800,679.1000,4122.2480,2740400,6.010422
2018-08-30,sh600519,688.2100,692.6000,679.0100,4091.5770,3378800,6.013488
2018-08-31,sh600519,676.2500,677.0000,656.5000,3972.2120,5898000,6.025898
2018-09-03,sh600519,652.0000,667.6700,650.8000,4011.7190,3017900,6.021703
2018-09-04,sh600519,666.8000,676.0000,661.6000,4061.4120,2154000,6.016550
2018-09-05,sh600519,675.0000,676.9900,657.0000,3964.3330,2898300,6.026746
2018-09-06,sh600519,652.0000,659.2600,640.0000,3886.7260,4237000,6.035289
2018-09-07,sh600519,645.5000,658.0300,645.1400,3925.9510,2924000,6.030925
2018-09-10,sh600519,652.2000,653.8100,640.7000,3891.2280,2120200,6.034783
2018-09-11,sh600519,645.5700,650.9700,640.6300,3897.9810,1949600,6.034026
2018-09-12,sh600519,643.0000,644.8700,628.0100,3807.9370,4115700,6.044344
2018-09-13,sh600519,638.0000,642.0000,620.0000,3819.0800,4771300,6.043039
2018-09-14,sh600519,633.9800,649.7800,628.5300,3880.5350,4090000,6.035985
2018-09-17,sh600519,645.0000,652.9600,641.0600,3896.9120,2911200,6.034146
2018-09-18,sh600519,643.0000,668.0000,642.2200,4014.4760,3785800,6.021413
2018-09-19,sh600519,666.5800,686.0000,666.0000,4097.3170,4822100,6.012910
2018-09-20,sh600519,685.2000,686.9000,677.3600,4081.1650,2751900,6.014538
2018-09-21,sh600519,682.0000,700.0100,680.0100,4201.9370,4261700,6.002681
2018-09-25,sh600519,695.0000,705.7700,693.2600,4185.1100,3063900,6.004290
2018-09-26,sh600519,702.1000,732.6800,701.9900,4342.1810,7228700,5.989793
2018-09-27,sh600519,727.5000,728.0000,715.4000,4336.9470,4050800,5.990258
2018-09-28,sh600519,726.7000,733.2000,718.8800,4370.7140,3508900,5.987279
2018-10-08,sh600519,715.4100,719.0000,686.1500,4123.9360,8274500,6.010254
2018-10-09,sh600519,686.9000,698.7100,685.9000,4173.7420,4022200,6.005384
2018-10-10,sh600519,697.2600,698.0000,669.6900,4038.2250,6309800,6.018937
2018-10-11,sh600519,635.0100,668.9400,635.0100,3892.2970,9158100,6.034663
2018-10-12,sh600519,651.0000,672.6800,650.5800,4021.7920,5447200,6.020647
2018-10-15,sh600519,669.4900,671.9500,660.0300,4015.6020,3560700,6.021296
2018-10-16,sh600519,665.9800,679.5300,662.0100,4016.9520,2639300,6.021153
2018-10-17,sh600519,675.0000,677.3000,649.9000,4008.9610,4307700,6.021993
2018-10-18,sh600519,660.0000,660.0000,644.9700,3897.6440,5215600,6.034065
2018-10-19,sh600519,638.0000,675.0000,635.0800,4033.0480,7619900,6.019475
2018-10-22,sh600519,675.0000,702.0200,675.0000,4162.4860,7310800,6.006473
2018-10-23,sh600519,689.0000,689.0000,635.0000,3874.0070,12311200,6.036724
2018-10-24,sh600519,628.1100,650.0000,620.0000,3847.2750,7611200,6.039773
2018-10-25,sh600519,620.0000,622.5000,608.5800,3746.0320,7556800,6.051748
2018-10-26,sh600519,619.0000,625.0000,607.9800,3695.9450,5532700,6.057933
2018-10-29,sh600519,549.0900,549.0900,549.0900,3352.5950,4907600,6.105729
2018-10-30,sh600519,510.0000,543.0000,509.0200,3211.3940,20439600,6.128615
2018-10-31,sh600519,527.0000,555.0000,522.0000,3351.5250,9688400,6.105894
2018-11-01,sh600519,555.0000,585.5000,551.2500,3430.8770,9810600,6.093920
2018-11-02,sh600519,585.0000,600.0000,572.2400,3638.5410,8915600,6.065246
2018-11-05,sh600519,593.0000,593.0000,571.7700,3502.9120,7551700,6.083557
2018-11-06,sh600519,574.0000,574.1600,558.0100,3447.7600,4556600,6.091449
2018-11-07,sh600519,569.0000,574.9500,562.0100,3450.0110,3810700,6.091121
2018-11-08,sh600519,574.0000,577.0000,568.0000,3472.1850,3376300,6.087921
2018-11-09,sh600519,567.2200,569.0000,562.0000,3425.2490,2433600,6.094749
2018-11-12,sh600519,553.0000,554.2000,536.8000,3368.9710,6782400,6.103208
2018-11-13,sh600519,546.1200,570.0000,543.0000,3470.2710,6642900,6.088195
2018-11-14,sh600519,569.9600,569.9600,552.5500,3386.4170,4176600,6.100553
2018-11-15,sh600519,558.8000,564.8000,555.5000,3412.3050,3083300,6.096668
2018-11-16,sh600519,561.0000,566.0000,558.0300,3413.9940,2893800,6.096418
2018-11-19,sh600519,560.3000,572.0000,559.1100,3464.7560,3617900,6.088988
2018-11-20,sh600519,565.0000,568.0000,560.0000,3422.9980,2694300,6.095082
2018-11-21,sh600519,554.0000,568.9000,553.6800,3440.4440,2710700,6.092516
2018-11-22,sh600519,565.1500,567.3300,558.0000,3439.3180,2121300,6.092680
2018-11-23,sh600519,564.0000,567.3000,556.9000,3396.5470,2012600,6.099025
2018-11-26,sh600519,558.0000,560.2000,552.0000,3369.5900,1912000,6.103114
2018-11-27,sh600519,552.0000,554.9900,546.5000,3347.0230,2023300,6.106592
2018-11-28,sh600519,550.8500,559.1900,545.5000,3397.1100,2773700,6.098941
2018-11-29,sh600519,566.0300,569.8000,549.0100,3366.7200,4506900,6.103553
2018-11-30,sh600519,557.0000,568.8900,553.0000,3442.1320,4901000,6.092269
2018-12-03,sh600519,589.0000,605.0000,584.7700,3645.8570,8341400,6.064300
2018-12-04,sh600519,602.9900,604.2600,595.0000,3651.6540,3147300,6.063554
2018-12-05,sh600519,597.5000,616.5000,595.0000,3695.9450,4158800,6.057933
2018-12-06,sh600519,600.0000,605.9800,590.3600,3592.9560,3775800,6.071234
2018-12-07,sh600519,595.6000,598.8600,584.7000,3565.9430,2684100,6.074860
2018-12-10,sh600519,576.0000,587.5000,574.1800,3510.9600,2464000,6.082428
2018-12-11,sh600519,577.0000,586.5500,577.0000,3543.3760,1631600,6.077936
2018-12-12,sh600519,588.7900,589.2000,582.8000,3577.1990,1992100,6.073343
2018-12-13,sh600519,590.0000,606.8800,589.6000,3648.9530,4039900,6.063902
2018-12-14,sh600519,598.0100,599.8000,592.0000,3599.4850,2455400,6.070367
2018-12-17,sh600519,592.5700,595.9700,585.0100,3585.7530,2489500,6.072196
2018-12-18,sh600519,585.8800,591.5400,585.0000,3588.1170,1922200,6.071880
2018-12-19,sh600519,589.0000,590.9900,576.0300,3514.1680,2571500,6.081980
2018-12-20,sh600519,576.2200,581.5000,568.8900,3495.5960,2694000,6.084588
2018-12-21,sh600519,571.0000,573.4500,562.2100,3455.6950,3064000,6.090296
2018-12-24,sh600519,563.5000,570.9100,558.0000,3459.0160,1910900,6.089817
2018-12-25,sh600519,562.2200,567.5000,553.6100,3446.5780,2659200,6.091621
2018-12-26,sh600519,563.8100,568.4000,558.0000,3414.4440,1786600,6.096351
2018-12-27,sh600519,570.0000,571.8500,562.2200,3430.8770,2949300,6.093920
2018-12-28,sh600519,563.3000,596.4000,560.0000,3582.8830,6367800,6.072580
2019-01-02,sh600519,609.9800,612.0000,595.0100,3633.3640,6228600,6.065919
2019-01-03,sh600519,599.9700,601.6600,585.8000,3582.8260,3097700,6.072586
2019-01-04,sh600519,587.2800,607.6700,582.0200,3650.3600,3768300,6.063721
2019-01-07,sh600519,608.0000,612.0000,602.2200,3670.0010,3475000,6.061208
2019-01-08,sh600519,605.5000,612.0000,600.2800,3666.0610,2883800,6.061709
2019-01-09,sh600519,609.9900,626.1600,609.0400,3729.8240,4989200,6.053730
2019-01-10,sh600519,617.1300,624.8800,610.2500,3744.7370,2904300,6.051905
2019-01-11,sh600519,625.0000,637.0000,618.7500,3841.0280,3888400,6.040492
2019-01-14,sh600519,633.0000,635.8900,621.5500,3777.5470,2564800,6.047946
2019-01-15,sh600519,627.8600,661.5000,625.0000,3976.6580,5576400,6.025422
2019-01-16,sh600519,658.0000,665.6500,653.6000,3982.9610,4208300,6.024748
2019-01-17,sh600519,663.0000,669.7000,655.8000,3972.5490,3028400,6.025861
2019-01-18,sh600519,665.0000,690.2000,661.5000,4109.6420,6860900,6.011676
2019-01-21,sh600519,690.0000,698.8800,681.8800,4128.6070,4705100,6.009792
2019-01-22,sh600519,686.0000,686.0000,665.2200,4038.6760,4212200,6.018891
2019-01-23,sh600519,667.2200,674.5000,663.1300,4008.6230,3362400,6.022028
2019-01-24,sh600519,670.3000,677.8300,664.6800,4047.1170,2915500,6.018018
2019-01-25,sh600519,675.8800,684.9000,669.9300,4087.6370,2898600,6.013884
2019-01-28,sh600519,684.0000,693.9800,676.0300,4072.4420,3610200,6.015424
2019-01-29,sh600519,677.5000,688.0000,668.0000,4117.4640,3034200,6.010896
2019-01-30,sh600519,684.9900,686.2200,676.0000,4066.8140,2269900,6.015997
2019-01-31,sh600519,680.0000,689.6000,677.5600,4143.3520,3669600,6.008341
2019-02-01,sh600519,697.0400,699.0000,689.6100,4160.6290,3052000,6.006654
2019-02-11,sh600519,695.0000,729.5000,688.1800,4344.2630,5814000,5.989608
2019-02-12,sh600519,723.0000,725.4900,715.2000,4302.7300,3509100,5.993328
2019-02-13,sh600519,723.0000,736.1600,717.2200,4400.2590,3567700,5.984711
2019-02-14,sh600519,731.2000,743.6600,730.1400,4411.0090,3225800,5.983788
2019-02-15,sh600519,734.8800,734.8800,723.0200,4341.3370,2323700,5.989869
2019-02-18,sh600519,731.0000,744.9500,731.0000,4426.9910,3774500,5.982420
2019-02-19,sh600519,740.9600,742.5000,726.6600,4374.9910,2950100,5.986905
2019-02-20,sh600519,735.0000,735.0000,716.0600,4325.6920,3788200,5.991263
2019-02-21,sh600519,720.0000,730.4800,717.0000,4315.8430,2985000,5.992146
2019-02-22,sh600519,717.0000,728.4900,714.1000,4348.2590,2590800,5.989255
2019-02-25,sh600519,730.7500,744.4400,717.9900,4440.1040,8262200,5.981308
2019-02-26,sh600519,747.8000,749.1800,726.0000,4355.8000,5796400,5.988589
2019-02-27,sh600519,733.0000,758.0200,731.0000,4430.9310,6594200,5.982086
2019-02-28,sh600519,737.9000,763.4200,736.9500,4511.4640,5698600,5.975370
2019-03-01,sh600519,761.5000,790.0000,761.0000,4704.4400,6384000,5.960269
2019-03-04,sh600519,795.0000,798.3300,777.2200,4662.5700,8458500,5.963433
2019-03-05,sh600519,785.0000,789.5500,775.8800,4650.8640,4483000,5.964328
2019-03-06,sh600519,775.0000,779.5000,765.8800,4584.5690,4673100,5.969491
2019-03-07,sh600519,762.2200,762.2200,745.5600,4475.3900,6018000,5.978346
2019-03-08,sh600519,737.9000,746.8300,733.6500,4412.9220,5227500,5.983623
2019-03-11,sh600519,740.0400,766.9500,740.0400,4531.3300,5305700,5.973752
2019-03-12,sh600519,763.8200,763.8300,739.0000,4455.1860,5251000,5.980035
2019-03-13,sh600519,745.5000,760.7500,745.5000,4505.7800,4056100,5.975836
2019-03-14,sh600519,757.0000,785.0000,754.0000,4640.8460,6217200,5.965098
2019-03-15,sh600519,776.0000,787.5000,764.8500,4636.9070,5240000,5.965402
2019-03-18,sh600519,778.8000,814.5300,777.0000,4821.4420,8131800,5.951736
2019-03-19,sh600519,803.0000,807.9200,792.3000,4723.0680,4063400,5.958880
2019-03-20,sh600519,790.0000,802.3000,785.0000,4724.1370,3111700,5.958800
2019-03-21,sh600519,788.0000,792.8000,781.5000,4684.4620,3257300,5.961772
2019-03-22,sh600519,788.2200,799.9800,785.0000,4730.8910,3051700,5.958301
2019-03-25,sh600519,786.0000,788.0000,773.3000,4627.3400,3727000,5.966142
2019-03-26,sh600519,780.0000,785.9400,764.1000,4612.7080,3759500,5.967281
2019-03-27,sh600519,781.0000,793.8800,775.0000,4699.9380,4280700,5.960606
2019-03-28,sh600519,793.4300,814.4800,785.6800,4802.9260,5756600,5.953057
2019-03-29,sh600519,835.0000,866.6800,830.1700,5068.5000,9093300,5.935081
2019-04-01,sh600519,860.0000,868.9500,851.0000,5096.6960,6093400,5.933290
2019-04-02,sh600519,859.9900,859.9900,836.0600,5046.0460,5322700,5.936525
2019-04-03,sh600519,840.1200,851.7400,834.2100,5015.0930,4305600,5.938535
2019-04-04,sh600519,840.0000,865.8000,836.2000,5130.4620,5577200,5.931170
2019-04-08,sh600519,900.0000,908.0000,890.1200,5328.5600,6625100,5.919307
2019-04-09,sh600519,903.0000,908.2000,892.5100,5355.5730,4798900,5.917760
2019-04-10,sh600519,903.0000,951.9000,900.0000,5597.5100,6781400,5.904609
2019-04-11,sh600519,948.0000,950.0000,905.5500,5469.2540,6110200,5.911429
2019-04-12,sh600519,909.0000,919.9900,900.0100,5406.2230,4861200,5.914905
2019-04-15,sh600519,931.0000,939.0000,907.0000,5366.8280,4552200,5.917120
2019-04-16,sh600519,904.9000,939.9000,901.2200,5551.9820,4642300,5.906992
2019-04-17,sh600519,938.0000,955.5100,925.0000,5620.0780,4076100,5.903443
2019-04-18,sh600519,945.4100,954.6800,936.2200,5583.4970,1959800,5.905338
2019-04-19,sh600519,943.9600,960.9500,931.3100,5623.2290,3237900,5.903281
2019-04-22,sh600519,959.5000,978.8900,940.6100,5604.3200,4062700,5.904256
2019-04-23,sh600519,951.0000,981.2200,949.2000,5749.2350,4885200,5.896954
2019-04-24,sh600519,979.8800,990.0000,951.2200,5721.3780,4522700,5.898328
2019-04-25,sh600519,968.7900,973.9900,951.2200,5622.1600,3980100,5.903336
2019-04-26,sh600519,946.3000,959.8800,945.0000,5580.6830,4327700,5.905485
2019-04-29,sh600519,945.0000,989.0000,935.0000,5732.4640,5257200,5.897779
2019-04-30,sh600519,968.0000,984.9600,963.1100,5743.8890,3594300,5.897217
2019-05-06,sh600519,925.5000,935.0000,893.0000,5361.2010,13509900,5.917440
2019-05-07,sh600519,893.2800,913.9400,870.2200,5271.1560,10083700,5.922647
2019-05-08,sh600519,860.0000,901.8000,860.0000,5239.6410,8188200,5.924515
2019-05-09,sh600519,875.0000,879.8700,842.5000,5095.6260,9154500,5.933357
2019-05-10,sh600519,875.6600,910.7800,868.1900,5367.5040,7990700,5.917083
2019-05-13,sh600519,898.8600,910.9800,884.0000,5282.4120,4663700,5.921987
2019-05-14,sh600519,885.0000,906.0000,873.0000,5251.8530,5998300,5.923788
2019-05-15,sh600519,890.2400,933.0000,890.2400,5479.3840,6312400,5.910878
2019-05-16,sh600519,919.0000,932.0000,905.0000,5495.7600,4454000,5.909991
2019-05-17,sh600519,927.0200,932.3000,900.1000,5365.6460,4984100,5.917187
2019-05-20,sh600519,900.0000,900.0000,871.0000,5242.7920,4440700,5.924327
2019-05-21,sh600519,885.0000,910.0000,872.0200,5299.2950,4238500,5.921000
2019-05-22,sh600519,894.9800,904.0000,880.0000,5259.9010,3204100,5.923312
2019-05-23,sh600519,881.0000,883.9800,856.2200,5107.9510,5805800,5.932580
2019-05-24,sh600519,865.0000,885.0000,864.4400,5206.4370,4403400,5.926508
2019-05-27,sh600519,879.1000,882.9900,860.0500,5209.2510,3916100,5.926338
2019-05-28,sh600519,877.9900,907.4900,875.0200,5259.9010,7477200,5.923312
2019-05-29,sh600519,888.0100,924.9500,888.0100,5394.4610,6564600,5.915563
2019-05-30,sh600519,910.0000,919.9900,891.2200,5357.2610,4024700,5.917664
2019-05-31,sh600519,900.5300,906.9900,890.0000,5271.1560,3579300,5.922647
2019-06-03,sh600519,892.0000,901.3500,886.2800,5282.4120,3447900,5.921987
2019-06-04,sh600519,895.0000,895.4300,871.0000,5188.4280,3968900,5.927600
2019-06-05,sh600519,884.0000,886.2600,870.0000,5167.6050,3406700,5.928872
2019-06-06,sh600519,875.6200,875.7700,858.0000,5114.3100,3478600,5.932180
2019-06-10,sh600519,857.9800,878.9500,840.0000,5164.6790,5550200,5.929052
2019-06-11,sh600519,876.0000,915.6100,875.0000,5388.7200,8010600,5.915884
2019-06-12,sh600519,906.2200,910.9900,894.0000,5365.1400,3774700,5.917216
2019-06-13,sh600519,910.0000,912.3000,897.0000,5383.7120,3291700,5.916167
2019-06-14,sh600519,911.0000,932.3000,910.0200,5400.5950,4245500,5.915219
2019-06-17,sh600519,907.0000,926.9400,906.0200,5392.7160,3276900,5.915660
2019-06-18,sh600519,917.0000,920.0000,902.6000,5423.1060,2944100,5.913965
2019-06-19,sh600519,940.0000,946.7000,932.0100,5507.5790,5372600,5.909356
2019-06-20,sh600519,932.5000,975.5000,932.2000,5749.5160,6727100,5.896939
2019-06-21,sh600519,969.9700,984.4900,964.5000,5756.8320,4592600,5.896581
2019-06-24,sh600519,978.3000,999.6900,975.0000,5817.6120,4577900,5.893640
2019-06-25,sh600519,992.0000,999.0000,967.0000,5794.4260,5129500,5.894755
2019-06-26,sh600519,985.0000,985.0000,971.2200,5776.8670,2958800,5.895604
2019-06-27,sh600519,985.0000,1001.0000,981.1200,5869.6690,4797800,5.891172
2019-06-28,sh600519,985.9900,988.8800,971.3300,5881.9880,3108800,5.977630
2019-07-01,sh600519,1004.5200,1035.6000,1000.2200,6151.3330,5233700,5.961403
2019-07-02,sh600519,1025.0000,1029.5000,1016.0000,6112.7270,3906100,5.963636
2019-07-03,sh600519,1020.0000,1023.0000,981.5000,5903.9370,6713900,5.976250
2019-07-04,sh600519,985.8000,990.8000,971.2200,5866.2310,4621600,5.978629
2019-07-05,sh600519,986.0000,1006.0000,976.3000,5971.0200,5003200,5.972095
2019-07-08,sh600519,995.0500,997.9000,975.0000,5886.8280,3361300,5.977325
2019-07-09,sh600519,979.3000,989.0000,968.3500,5837.3040,3172300,5.980477
2019-07-10,sh600519,980.9300,990.5800,977.0000,5873.6590,2816600,5.978157
2019-07-11,sh600519,989.9600,998.3800,976.0000,5867.9190,3051400,5.978522
2019-07-12,sh600519,981.3000,991.5000,980.0100,5893.7500,2817300,5.976889
2019-07-15,sh600519,967.8000,980.1000,951.1300,5836.5720,5987000,5.980523
2019-07-16,sh600519,975.4500,982.3000,965.0000,5791.9440,3324500,5.983413
2019-07-17,sh600519,968.0000,972.9900,962.1300,5766.6190,2546800,5.985074
2019-07-18,sh600519,961.5000,963.0000,947.1800,5676.5750,3925200,5.991108
2019-07-19,sh600519,955.0000,960.8000,948.0000,5723.6790,2801400,5.987926
2019-07-22,sh600519,960.0000,964.0000,950.2500,5730.1510,2812500,5.987493
2019-07-23,sh600519,962.3000,962.5900,943.8600,5713.0430,3248300,5.988640
2019-07-24,sh600519,958.3100,959.9000,944.6900,5670.1590,4677100,5.991546
2019-07-25,sh600519,945.9700,963.3600,938.1500,5763.8050,3825500,5.985260
2019-07-26,sh600519,961.9700,971.0000,958.5500,5775.2300,2646700,5.984508
2019-07-29,sh600519,962.0300,979.5000,960.0100,5839.2740,2698100,5.980350
2019-07-30,sh600519,976.5000,983.0000,971.0000,5853.4560,1953700,5.979443
2019-07-31,sh600519,975.0000,981.7700,966.5900,5817.8320,2252600,5.981731
2019-08-01,sh600519,976.5100,977.0000,953.0200,5742.9830,3508900,5.986639
2019-08-02,sh600519,944.0000,957.9800,943.0000,5715.6880,3971900,5.988462
2019-08-05,sh600519,945.0000,954.0000,940.0000,5648.0420,3677400,5.993063
2019-08-06,sh600519,931.0000,948.0000,923.8000,5669.8220,4399100,5.991569
2019-08-07,sh600519,949.5000,955.5300,945.0000,5662.5060,2686900,5.992070
2019-08-08,sh600519,953.5000,974.0000,952.0000,5812.6540,3880800,5.982066
2019-08-09,sh600519,978.5000,980.9500,958.9900,5758.3460,2846100,5.985620
2019-08-12,sh600519,1010.3100,1020.1000,995.0100,6076.8780,8149800,5.965736
2019-08-13,sh600519,1016.1600,1026.0000,1010.6800,6073.0510,3032900,5.965962
2019-08-14,sh600519,1030.0200,1051.9000,1030.0200,6215.8840,4141000,5.957735
2019-08-15,sh600519,1028.0000,1046.4800,1028.0000,6224.7190,2723700,5.957239
2019-08-16,sh600519,1049.8400,1075.5800,1041.0000,6279.3090,3608600,5.954209
2019-08-19,sh600519,1061.0000,1069.9800,1049.0500,6286.5120,3286700,5.953813
2019-08-20,sh600519,1055.0000,1073.6800,1050.0000,6365.9760,2860200,5.949510
2019-08-21,sh600519,1070.1000,1076.9700,1061.6600,6343.4650,2506600,5.950718
2019-08-22,sh600519,1072.9900,1104.0000,1070.0000,6557.3200,3759000,5.939601
2019-08-23,sh600519,1105.0000,1133.5600,1095.6200,6704.2050,4019200,5.932400
2019-08-26,sh600519,1113.0000,1128.0000,1096.6800,6551.4110,4849700,5.939898
2019-08-27,sh600519,1117.0000,1131.3100,1109.0000,6585.4590,5216400,5.938196
2019-08-28,sh600519,1109.0000,1123.1900,1083.0100,6535.4280,4700900,5.940704
2019-08-29,sh600519,1105.0000,1118.1800,1092.5000,6608.5330,2933000,5.937052
2019-08-30,sh600519,1125.0000,1146.0000,1123.0000,6771.1750,4489000,5.929225
2019-09-02,sh600519,1139.9900,1144.9800,1129.0000,6752.9410,2823400,5.930083
2019-09-03,sh600519,1140.0000,1151.0200,1128.5600,6759.9200,2948500,5.929754
2019-09-04,sh600519,1140.8000,1142.9100,1120.1100,6675.5600,3360000,5.933778
2019-09-05,sh600519,1129.0000,1144.9000,1128.0000,6782.4310,3293000,5.928698
2019-09-06,sh600519,1144.5000,1146.1500,1131.0000,6773.9330,2617600,5.929096
2019-09-09,sh600519,1145.0000,1148.0000,1135.0000,6740.3350,2937900,5.930679
2019-09-10,sh600519,1134.3000,1135.0000,1120.0100,6669.0310,2622700,5.934094
2019-09-11,sh600519,1119.2200,1119.9700,1068.0000,6363.2750,8171600,5.949655
2019-09-12,sh600519,1066.0000,1109.9800,1066.0000,6529.1810,4121100,5.941020
2019-09-16,sh600519,1083.0000,1103.9500,1083.0000,6529.1810,3137100,5.941020
2019-09-17,sh600519,1094.0000,1106.6600,1087.0000,6501.0990,2519600,5.942449
2019-09-18,sh600519,1108.5000,1150.0000,1108.1800,6810.0070,6931400,5.927415
2019-09-19,sh600519,1148.0000,1150.0000,1137.1000,6788.0590,2447900,5.928436
2019-09-20,sh600519,1151.0000,1160.0000,1147.5900,6857.9560,3762600,5.925210
2019-09-23,sh600519,1157.0000,1157.0000,1131.0000,6810.5700,3002600,5.927389
2019-09-24,sh600519,1155.0000,1184.9000,1152.0000,7007.5420,3626900,5.918532
2019-09-25,sh600519,1180.0000,1188.8700,1170.5000,6951.2640,2402400,5.921009
2019-09-26,sh600519,1174.9400,1183.3500,1158.8100,6911.8700,2608100,5.922768
2019-09-27,sh600519,1164.0000,1183.0000,1153.0000,6955.4850,2282600,5.920821
2019-09-30,sh600519,1163.0000,1169.4300,1150.0000,6816.1980,3082500,5.927129
2019-10-08,sh600519,1153.0000,1180.0000,1152.0100,6912.4320,3104500,5.922742
2019-10-09,sh600519,1166.2000,1166.2000,1135.0500,6798.2450,3578800,5.927961
2019-10-10,sh600519,1127.0000,1158.9300,1109.0200,6844.3360,4117300,5.925832
2019-10-11,sh600519,1157.0000,1175.0000,1152.2100,6954.6410,2868900,5.920859
2019-10-14,sh600519,1186.0000,1187.6600,1170.0000,6985.0310,2718700,5.919518
2019-10-15,sh600519,1180.0000,1215.6800,1177.0300,7159.4910,4003400,5.912049
2019-10-16,sh600519,1168.0000,1187.5000,1160.0000,6928.7530,5915000,5.922011
2019-10-17,sh600519,1176.0000,1186.6600,1162.5000,7003.7710,3050800,5.918696
2019-10-18,sh600519,1179.0000,1189.9900,1171.6900,6961.3380,2829100,5.920562
2019-10-21,sh600519,1171.8600,1178.9000,1163.3000,6920.3110,2527400,5.922389
2019-10-22,sh600519,1178.0000,1181.5000,1163.8900,6933.2550,1930900,5.921810
2019-10-23,sh600519,1168.0000,1178.0000,1156.1100,6866.3410,2308000,5.924827
2019-10-24,sh600519,1164.9500,1166.0000,1147.1600,6817.7170,2617800,5.927058
2019-10-25,sh600519,1153.3000,1172.5000,1143.0300,6936.3500,2599800,5.921672
2019-10-28,sh600519,1166.0100,1181.0100,1165.0000,6975.4070,2248500,5.919941
2019-10-29,sh600519,1181.1100,1199.9600,1177.7700,7058.1910,2780300,5.916338
2019-10-30,sh600519,1190.0000,1192.7000,1176.0000,7006.4160,2125400,5.918581
2019-10-31,sh600519,1196.0000,1198.0000,1176.1500,6985.0870,2590900,5.919515
2019-11-01,sh600519,1181.0000,1191.9500,1172.5000,7013.1690,2281100,5.918286
2019-11-04,sh600519,1190.0000,1209.9900,1189.0000,7095.2780,2673700,5.914753
2019-11-05,sh600519,1199.5000,1205.0000,1192.0000,7091.9580,2225400,5.914894
2019-11-06,sh600519,1197.0000,1204.0000,1188.8800,7058.1910,1973700,5.916338
2019-11-07,sh600519,1196.5100,1201.8800,1189.0000,7105.2960,1616700,5.914328
2019-11-08,sh600519,1205.0000,1215.6500,1201.5100,7125.7250,2451200,5.913465
2019-11-11,sh600519,1201.5000,1206.2000,1193.5100,7091.9580,1734200,5.914894
2019-11-12,sh600519,1204.0000,1209.6000,1198.2100,7106.5900,1915000,5.914273
2019-11-13,sh600519,1207.0000,1227.8000,1200.0000,7232.6520,3197700,5.909029
2019-11-14,sh600519,1227.0000,1240.0000,1222.0000,7266.4190,2352100,5.907658
2019-11-15,sh600519,1230.0000,1232.9100,1221.5000,7237.7170,1634000,5.908823
2019-11-18,sh600519,1225.1200,1229.4500,1218.0000,7251.1110,1803700,5.908278
2019-11-19,sh600519,1228.0000,1241.6100,1225.0200,7279.4750,2062300,5.907130
2019-11-20,sh600519,1230.0000,1239.5100,1228.0600,7287.5230,1528000,5.906807
2019-11-21,sh600519,1231.0000,1235.5100,1221.0600,7273.7350,1918700,5.907362
2019-11-22,sh600519,1223.0000,1229.0000,1185.0000,7063.8190,4705400,5.916096
2019-11-25,sh600519,1188.0500,1194.0000,1172.0600,6996.6240,3828100,5.919009
2019-11-26,sh600519,1186.6800,1198.6000,1183.0000,7013.1690,4023900,5.918286
2019-11-27,sh600519,1192.8000,1196.6200,1184.5100,7041.0270,1984800,5.917078
2019-11-28,sh600519,1194.9700,1197.5100,1169.0200,6961.3940,2884400,5.920560
2019-11-29,sh600519,1165.5000,1165.5000,1112.8900,6698.0140,8239700,5.932696
2019-12-02,sh600519,1118.2000,1140.0200,1118.2000,6720.5260,3078400,5.931620
2019-12-03,sh600519,1133.0000,1133.0000,1117.7400,6636.1090,2734000,5.935697
2019-12-04,sh600519,1140.0000,1144.6600,1118.0000,6660.4770,3528300,5.934509
2019-12-05,sh600519,1125.0000,1132.0100,1118.0000,6702.5170,2133800,5.932481
2019-12-06,sh600519,1135.9700,1170.0000,1130.1000,6928.7530,3950600,5.922011
2019-12-09,sh600519,1175.0000,1176.0000,1156.1000,6865.1590,2182400,5.924880
2019-12-10,sh600519,1159.6000,1165.0000,1151.0000,6897.2370,1508600,5.923426
2019-12-11,sh600519,1168.0000,1170.7500,1155.5500,6866.7350,1456700,5.924809
2019-12-12,sh600519,1156.0000,1159.9400,1130.0800,6743.0370,2940900,5.930551
2019-12-13,sh600519,1146.0000,1165.0000,1146.0000,6889.3580,3000000,5.923782
2019-12-16,sh600519,1163.0000,1163.0000,1137.9400,6804.4920,3093600,5.927671
2019-12-17,sh600519,1149.7000,1173.6000,1143.0300,6928.6400,4261600,5.922016
2019-12-18,sh600519,1174.0000,1175.2000,1164.0000,6917.4970,1964000,5.922515
2019-12-19,sh600519,1163.0000,1163.0000,1152.0000,6857.8430,1955200,5.925214
2019-12-20,sh600519,1162.1800,1162.1800,1141.5000,6795.3750,2356300,5.928095
2019-12-23,sh600519,1139.0000,1162.5000,1136.0000,6812.2580,2591900,5.927311
2019-12-24,sh600519,1153.0000,1155.0000,1145.0000,6804.9420,1182300,5.927650
2019-12-25,sh600519,1143.0000,1143.0000,1130.0100,6724.4650,2430500,5.931432
2019-12-26,sh600519,1132.0000,1141.9800,1119.9900,6732.3440,2287700,5.931058
2019-12-27,sh600519,1150.0000,1172.0000,1150.0000,6889.3580,4706600,5.923782
2019-12-30,sh600519,1170.2000,1195.5000,1170.2000,7017.6720,4076000,5.918091
2019-12-31,sh600519,1183.0000,1188.0000,1176.5100,7001.9140,2258800,5.918778
2020-01-02,sh600519,1128.0000,1145.0600,1116.0000,6703.6420,14809900,5.932427
2020-01-03,sh600519,1117.0000,1117.0000,1076.9000,6414.1500,13031800,5.946957
2020-01-06,sh600519,1070.8600,1092.9000,1067.3000,6410.9420,6341400,5.947126
2020-01-07,sh600519,1077.5000,1099.0000,1076.4000,6504.0250,4785300,5.942299
2020-01-08,sh600519,1085.0500,1095.5000,1082.5800,6468.0640,2500800,5.944147
2020-01-09,sh600519,1094.0000,1105.3900,1090.0000,6550.0040,3740500,5.939969
2020-01-10,sh600519,1109.0000,1115.9900,1102.5000,6605.1560,3597500,5.937219
2020-01-13,sh600519,1112.5000,1129.2000,1112.0000,6671.3950,3851500,5.933979
2020-01-14,sh600519,1124.2000,1124.8900,1103.0000,6576.4550,3514400,5.938645
2020-01-15,sh600519,1109.0100,1121.6000,1105.0000,6603.0740,2602900,5.937322
2020-01-16,sh600519,1118.8700,1118.8700,1102.5800,6574.2040,2319100,5.938757
2020-01-17,sh600519,1110.0000,1112.7800,1101.0100,6577.0170,2347200,5.938616
2020-01-20,sh600519,1111.8600,1111.8600,1082.0000,6484.1590,3539100,5.943317
2020-01-21,sh600519,1081.0000,1087.0000,1072.3000,6395.8030,3287400,5.947924
2020-01-22,sh600519,1070.0000,1084.0000,1055.3800,6396.9850,3620000,5.947862
2020-01-23,sh600519,1076.0000,1076.0000,1037.0000,6269.1790,5346800,5.954767
2020-02-03,sh600519,985.0000,1010.6800,980.0000,5994.0930,12344200,5.970688
2020-02-04,sh600519,1015.0000,1057.0000,1011.0100,6185.9440,6262400,5.959426
2020-02-05,sh600519,1050.0000,1054.0000,1033.0300,6253.3650,4741800,5.955642
2020-02-06,sh600519,1059.4300,1075.0000,1052.0200,6371.6040,4717100,5.949210
2020-02-07,sh600519,1070.0100,1077.0000,1061.0200,6399.7430,3127800,5.947717
2020-02-10,sh600519,1062.0000,1074.6000,1057.2000,6346.2230,3053300,5.950570
2020-02-11,sh600519,1063.0000,1099.6800,1062.8000,6523.5540,4791700,5.941306
2020-02-12,sh600519,1089.0000,1098.7900,1085.8800,6519.4450,2812500,5.941514
2020-02-13,sh600519,1098.0000,1113.8900,1088.0100,6484.1590,3035700,5.943317
2020-02-14,sh600519,1090.4500,1093.5100,1083.1100,6467.2760,2328700,5.944187
2020-02-17,sh600519,1082.5000,1096.1900,1082.4000,6500.0300,2702800,5.942504
2020-02-18,sh600519,1090.0100,1096.8800,1083.0000,6444.7650,2666400,5.945355
2020-02-19,sh600519,1085.0000,1101.5000,1078.0000,6515.1120,3705100,5.941735
2020-02-20,sh600519,1096.7000,1124.0000,1095.4100,6636.1090,4680200,5.935697
2020-02-21,sh600519,1111.4600,1123.5400,1110.0100,6607.2950,2894000,5.937114
2020-02-24,sh600519,1105.5000,1110.0000,1085.5000,6462.6610,3865000,5.944426
2020-02-25,sh600519,1078.0000,1082.0900,1067.8800,6393.0460,3838500,5.948071
2020-02-26,sh600519,1062.0000,1084.0000,1055.0000,6386.7990,4356000,5.948402
2020-02-27,sh600519,1076.0000,1094.9900,1076.0000,6463.8430,3449800,5.944365
2020-02-28,sh600519,1070.3000,1082.0000,1049.9700,6292.8150,4994600,5.953467
2020-03-02,sh600519,1050.1100,1096.5500,1050.0100,6456.0770,4766300,5.944768
2020-03-03,sh600519,1098.0000,1118.8800,1098.0000,6607.9700,5025000,5.937080
2020-03-04,sh600519,1125.0000,1139.0000,1116.2400,6697.5640,5379200,5.932718
2020-03-05,sh600519,1136.3100,1174.9900,1130.5600,6934.3810,6242600,5.921760
2020-03-06,sh600519,1163.0000,1176.0000,1151.9800,6847.1500,3064100,5.925703
2020-03-09,sh600519,1135.0000,1135.0000,1111.3100,6613.6540,4340400,5.936799
2020-03-10,sh600519,1113.0000,1168.0000,1113.0000,6849.9640,5806200,5.925574
2020-03-11,sh600519,1155.5000,1169.5800,1141.0000,6864.1460,3554800,5.924927
2020-03-12,sh600519,1141.2200,1153.0000,1125.1000,6751.4780,3663100,5.930152
2020-03-13,sh600519,1090.0000,1128.9800,1080.0000,6602.5110,7588500,5.937350
2020-03-16,sh600519,1103.9800,1107.9500,1062.0000,6349.0930,5123300,5.950415
2020-03-17,sh600519,1055.0000,1078.0000,1011.1200,6225.8450,7935900,5.957176
2020-03-18,sh600519,1040.0000,1060.0000,1007.9900,6016.9980,7346000,5.969303
2020-03-19,sh600519,993.9900,1015.0000,960.1000,5949.5220,10226500,5.973416
2020-03-20,sh600519,1011.0000,1043.0000,1011.0000,6170.5800,6013900,5.960301
2020-03-23,sh600519,1000.0000,1035.2800,991.5200,6078.9600,4847200,5.965613
2020-03-24,sh600519,1043.0000,1058.8800,1035.0000,6287.1880,4665100,5.953777
2020-03-25,sh600519,1087.9800,1091.3600,1074.2000,6422.8170,3704900,5.946502
2020-03-26,sh600519,1073.3300,1091.2000,1062.0000,6337.3870,3004900,5.951045
2020-03-27,sh600519,1085.0000,1092.0000,1075.0100,6396.9290,3626100,5.947865
2020-03-30,sh600519,1060.2500,1077.0000,1057.0000,6377.2320,3068700,5.948910
2020-03-31,sh600519,1082.0000,1115.0000,1081.8000,6596.7150,4798400,5.937637
2020-04-01,sh600519,1117.0000,1129.0000,1103.0000,6551.6930,3320500,5.939885
2020-04-02,sh600519,1104.0000,1145.0000,1103.8800,6788.0590,4520600,5.928436
2020-04-03,sh600519,1139.0300,1147.9600,1131.9800,6758.7380,2761800,5.929810
2020-04-07,sh600519,1161.9500,1166.5000,1148.8900,6872.1940,4348800,5.924561
2020-04-08,sh600519,1152.0000,1166.3100,1152.0000,6871.1250,2422400,5.924609
2020-04-09,sh600519,1166.0000,1169.0000,1147.9600,6864.0340,2281700,5.924932
2020-04-10,sh600519,1157.8800,1181.5000,1153.5000,6900.6140,2780400,5.923274
2020-04-13,sh600519,1165.0000,1169.9800,1148.5000,6885.4190,1598100,5.923960
2020-04-14,sh600519,1176.0000,1191.5500,1166.0000,7013.7320,3680000,5.918262
2020-04-15,sh600519,1192.0000,1203.9900,1187.1000,7039.0570,2933200,5.917163
2020-04-16,sh600519,1192.9700,1197.1000,1184.1000,7081.2650,2172800,5.915350
2020-04-17,sh600519,1210.0000,1234.5600,1205.0100,7243.9080,3824600,5.908571
2020-04-20,sh600519,1221.0000,1231.5000,1216.8000,7251.2240,2423900,5.908273
2020-04-21,sh600519,1221.0200,1223.9900,1193.0000,7097.5860,2922400,5.914655
2020-04-22,sh600519,1206.0000,1249.5000,1202.2200,7348.0210,4403500,5.904396
2020-04-23,sh600519,1250.0000,1265.6800,1247.7700,7391.6930,2689900,5.902682
2020-04-24,sh600519,1248.0000,1259.8900,1235.1800,7382.1260,1912200,5.903056
2020-04-27,sh600519,1257.0000,1278.1700,1250.9600,7525.2960,2590400,5.897567
2020-04-28,sh600519,1285.3100,1299.9400,1271.8800,7542.9110,3466200,5.896907
2020-04-29,sh600519,1277.8000,1288.1000,1258.0000,7519.1060,2344400,5.897801
2020-04-30,sh600519,1271.0000,1285.0100,1258.8800,7467.3300,2466100,5.899763
2020-05-06,sh600519,1251.0000,1300.0000,1250.0000,7660.3620,3583500,5.892586
2020-05-07,sh600519,1299.4000,1314.9900,1293.0000,7727.8960,2793500,5.890165
2020-05-08,sh600519,1317.0000,1338.0000,1308.5100,7742.5840,2907900,5.889643
2020-05-11,sh600519,1320.0000,1335.0000,1313.6700,7789.8570,2367100,5.887980
2020-05-12,sh600519,1318.0000,1334.9900,1316.0000,7846.0790,1972200,5.886031
2020-05-13,sh600519,1333.0000,1337.9900,1322.8800,7862.6810,2201400,5.885461
2020-05-14,sh600519,1330.0000,1334.8800,1325.1100,7810.0050,1857500,5.887279
2020-05-15,sh600519,1329.0000,1333.5000,1301.8800,7733.5230,2639800,5.889964
2020-05-18,sh600519,1306.0000,1351.5000,1305.1300,7920.4220,3436200,5.883497
2020-05-19,sh600519,1364.0000,1364.0000,1338.0000,7919.8590,2478700,5.883515
2020-05-20,sh600519,1346.1100,1359.1800,1336.8100,7947.3790,2118300,5.882590
2020-05-21,sh600519,1355.0000,1371.9600,1352.8600,8032.3580,2305200,5.879773
2020-05-22,sh600519,1366.0000,1366.1000,1322.8800,7819.0650,3442700,5.886964
2020-05-25,sh600519,1330.0000,1366.5800,1321.0000,8014.3490,3156100,5.880365
2020-05-26,sh600519,1369.8800,1369.9500,1355.0000,7986.7730,2247000,5.881276
2020-05-27,sh600519,1359.0000,1360.0000,1333.0000,7874.2180,2677700,5.885066
2020-05-28,sh600519,1337.9700,1346.9400,1321.1300,7907.9840,2648600,5.883917
2020-05-29,sh600519,1332.1000,1369.9800,1332.1000,8035.1720,3044400,5.879681
2020-06-01,sh600519,1381.0000,1420.1000,1381.0000,8332.8800,3548000,5.870292
2020-06-02,sh600519,1416.0100,1427.9000,1406.6600,8283.4120,2596000,5.871804
2020-06-03,sh600519,1415.0000,1417.5000,1395.7700,8219.2000,2355700,5.873794
2020-06-04,sh600519,1396.0000,1411.0000,1396.0000,8268.1050,1803700,5.872275
2020-06-05,sh600519,1405.2500,1428.8800,1401.0800,8363.8330,1834700,5.869356
2020-06-08,sh600519,1425.0000,1435.0000,1402.0100,8257.4680,2930000,5.872604
2020-06-09,sh600519,1408.0000,1425.0000,1400.6800,8316.2790,2261200,5.870798
2020-06-10,sh600519,1425.0000,1433.3300,1417.0000,8356.2920,2270100,5.869584
2020-06-11,sh600519,1411.0100,1417.9900,1396.9900,8225.7280,3071200,5.873590
2020-06-12,sh600519,1387.1700,1416.3700,1383.3100,8315.2660,2842700,5.870829
2020-06-15,sh600519,1402.0000,1411.6000,1381.0000,8127.4670,3461500,5.876693
2020-06-16,sh600519,1398.5000,1414.0000,1393.1300,8244.9750,2920700,5.872991
2020-06-17,sh600519,1411.8600,1411.9000,1395.0200,8251.2780,1945300,5.872796
2020-06-18,sh600519,1404.9000,1413.2000,1400.1000,8296.3000,2101000,5.871408
2020-06-19,sh600519,1420.0000,1445.2000,1415.1000,8447.3490,3895800,5.866866
2020-06-22,sh600519,1435.1000,1443.8900,1433.2000,8442.6220,2324700,5.867006
2020-06-23,sh600519,1435.0000,1482.0000,1433.5200,8642.4080,3393400,5.861247
2020-06-24,sh600519,1463.6000,1465.7100,1445.0000,8656.6740,2513900,5.929188
2020-06-29,sh600519,1448.0000,1466.0000,1437.0100,8674.4580,2808100,5.928537
2020-06-30,sh600519,1463.1200,1468.9800,1455.1200,8672.8260,2244600,5.928597
2020-07-01,sh600519,1468.0000,1506.1000,1464.0200,8849.4810,3868200,5.922277
2020-07-02,sh600519,1499.0000,1550.9000,1495.0000,9129.3500,4588400,5.912791
2020-07-03,sh600519,1550.0000,1552.5000,1516.8800,9116.9130,3512600,5.913200
2020-07-06,sh600519,1538.0000,1616.0000,1531.8100,9444.5050,5182200,5.902816
2020-07-07,sh600519,1603.0900,1744.8200,1601.0000,9939.7480,6666400,5.888476
2020-07-08,sh600519,1680.0000,1719.0000,1660.0000,9902.2670,5317000,5.889509
2020-07-09,sh600519,1691.0000,1712.0000,1682.0000,10041.0480,3503300,5.885726
2020-07-10,sh600519,1689.0000,1736.6000,1688.9400,10085.2260,3710000,5.884544
2020-07-13,sh600519,1714.6800,1787.0000,1714.6800,10468.7020,6072700,5.874725
2020-07-14,sh600519,1781.9900,1782.0300,1748.4000,10356.2030,4609400,5.877527
2020-07-15,sh600519,1744.8800,1782.6000,1744.7100,10302.9080,4071300,5.878877
2020-07-16,sh600519,1729.9100,1729.9100,1600.0000,9523.2940,10224200,5.900430
2020-07-17,sh600519,1620.0000,1672.5900,1620.0000,9714.9190,6590200,5.894796
2020-07-20,sh600519,1652.5000,1663.9900,1588.8800,9652.5070,4528000,5.896605
2020-07-21,sh600519,1646.6400,1702.8000,1630.9900,9827.1930,4197000,5.891603
2020-07-22,sh600519,1658.0000,1710.0000,1658.0000,9883.9210,3920100,5.890018
2020-07-23,sh600519,1672.0000,1691.0000,1650.0000,9872.2150,3432100,5.890343
2020-07-24,sh600519,1654.8500,1666.0000,1585.0000,9418.0540,7875200,5.903626
2020-07-27,sh600519,1616.0100,1629.8000,1600.0000,9571.4110,3878800,5.898993
2020-07-28,sh600519,1630.0000,1680.0000,1630.0000,9838.4490,5491200,5.891287
2020-07-29,sh600519,1690.0000,1690.0000,1633.0000,9849.7040,5074800,5.890971
2020-07-30,sh600519,1671.2000,1700.5900,1670.5000,9894.7260,3837300,5.889718
2020-07-31,sh600519,1685.0000,1705.0000,1646.0000,9884.4840,4068500,5.890002
2020-08-03,sh600519,1686.8800,1696.5800,1660.0000,9827.1930,3466100,5.891603
2020-08-04,sh600519,1675.0000,1682.9900,1660.0000,9838.3920,3194100,5.891288
2020-08-05,sh600519,1662.0900,1673.0900,1643.3100,9827.1930,2552200,5.891603
2020-08-06,sh600519,1670.0000,1674.0300,1630.0000,9658.1350,3264900,5.896441
2020-08-07,sh600519,1644.7700,1649.6700,1598.5000,9618.9660,3424200,5.897588
2020-08-10,sh600519,1627.9700,1644.9600,1608.1100,9635.7930,2362400,5.897094
2020-08-11,sh600519,1640.0000,1666.4300,1640.0000,9683.7410,3581800,5.895697
2020-08-12,sh600519,1633.0000,1641.0000,1605.2500,9596.1730,2793400,5.898259
2020-08-13,sh600519,1630.0000,1638.8800,1609.0000,9641.4770,2054100,5.896928
2020-08-14,sh600519,1639.9000,1665.7000,1631.0000,9787.7990,3765300,5.892715
2020-08-17,sh600519,1674.0000,1704.3500,1670.0000,9951.0040,4357200,5.888168
2020-08-18,sh600519,1697.3800,1720.0000,1691.0000,10035.4200,3042300,5.885877
2020-08-19,sh600519,1700.0000,1717.0000,1682.9900,9934.1210,2691500,5.888631
2020-08-20,sh600519,1674.0000,1679.0000,1656.0000,9804.6820,2238200,5.892237
2020-08-21,sh600519,1673.0000,1698.0000,1671.0000,9872.2150,2508200,5.890343
2020-08-24,sh600519,1700.0000,1708.0000,1691.0100,9986.7400,3093300,5.887193
2020-08-25,sh600519,1704.8000,1746.7800,1698.6300,10159.2310,4187200,5.882589
2020-08-26,sh600519,1734.0000,1745.0000,1715.0200,10159.2310,2621600,5.882589
2020-08-27,sh600519,1731.9900,1733.9800,1705.0000,10181.7420,2263600,5.882000
2020-08-28,sh600519,1731.0000,1764.0000,1721.5000,10328.0640,4230000,5.878238
2020-08-31,sh600519,1770.5800,1816.0000,1770.5800,10494.0830,4781000,5.874102
2020-09-01,sh600519,1792.0000,1802.0000,1775.0100,10581.2010,3164000,5.871986
2020-09-02,sh600519,1825.0000,1828.0000,1770.0000,10541.9190,3200900,5.872935
2020-09-03,sh600519,1795.0000,1812.0000,1779.7000,10530.6640,3043700,5.873209
2020-09-04,sh600519,1766.0000,1776.9900,1746.0000,10401.2250,3085800,5.876398
2020-09-07,sh600519,1760.0000,1777.9900,1703.9700,10139.5340,3111200,5.883106
2020-09-08,sh600519,1732.0000,1737.8000,1677.0700,10071.4380,3447200,5.884912
2020-09-09,sh600519,1699.6700,1711.0000,1680.0400,9939.7480,2596400,5.888476
2020-09-10,sh600519,1703.7400,1720.0000,1700.0000,10039.9230,2477800,5.885756
2020-09-11,sh600519,1688.0000,1736.0000,1688.0000,10192.9980,3108800,5.881707
2020-09-14,sh600519,1745.0000,1769.0000,1730.5800,10378.7140,3105600,5.876961
2020-09-15,sh600519,1769.9900,1769.9900,1747.7500,10344.9480,2082100,5.877811
2020-09-16,sh600519,1760.0000,1764.8100,1719.0000,10148.5380,2251600,5.882869
2020-09-17,sh600519,1700.0000,1700.0000,1658.0000,9841.3750,6368000,5.891205
2020-09-18,sh600519,1665.0000,1695.0000,1635.0100,9979.1430,4720100,5.887400
2020-09-21,sh600519,1692.7600,1692.7600,1666.6600,9820.4400,2244400,5.891793
2020-09-22,sh600519,1650.0000,1686.9800,1650.0000,9814.1930,2326500,5.891968
2020-09-23,sh600519,1635.0000,1666.0100,1621.0200,9725.7810,3572600,5.894484
2020-09-24,sh600519,1635.9700,1658.8800,1626.8000,9609.5110,3005100,5.897866
2020-09-25,sh600519,1630.0000,1650.0000,1625.0000,9642.0960,2258300,5.896910
2020-09-28,sh600519,1635.1900,1668.5000,1635.1900,9787.7990,2423200,5.892715
2020-09-29,sh600519,1669.3300,1669.4000,1652.3000,9738.8370,1743100,5.894109
2020-09-30,sh600519,1660.0000,1691.9000,1660.0000,9830.0070,2708800,5.891524
2020-10-09,sh600519,1692.0000,1706.4200,1688.0000,9984.7700,3424000,5.887246
2020-10-12,sh600519,1700.0000,1750.6100,1700.0000,10292.1030,4372900,5.879152
2020-10-13,sh600519,1750.6200,1750.6200,1735.0000,10226.7640,2294400,5.880830
2020-10-14,sh600519,1740.0000,1746.9800,1726.0000,10170.4870,2048100,5.882294
2020-10-15,sh600519,1721.1300,1735.0000,1721.0000,10147.9760,1620400,5.882885
2020-10-16,sh600519,1725.0000,1734.5800,1703.0000,10074.8150,1737700,5.884822
2020-10-19,sh600519,1725.0000,1733.9800,1691.9000,10001.6540,1922600,5.886789
2020-10-20,sh600519,1699.9900,1734.9700,1695.0000,10198.6260,2773500,5.881561
2020-10-21,sh600519,1734.1000,1742.1500,1723.0000,10194.8550,1890100,5.881658
2020-10-22,sh600519,1730.0000,1745.0000,1715.5100,10246.4620,2248100,5.880323
2020-10-23,sh600519,1740.7800,1747.5900,1714.0000,10093.5550,1929200,5.884323
2020-10-26,sh600519,1619.0000,1662.9200,1600.0000,9686.4990,6601500,5.895617
2020-10-27,sh600519,1643.0000,1644.0000,1616.1200,9585.1990,4394400,5.898584
2020-10-28,sh600519,1626.0000,1677.0000,1625.0800,9809.2400,3463700,5.892108
2020-10-29,sh600519,1654.8400,1708.0000,1647.0000,9872.2150,3937400,5.890343
2020-10-30,sh600519,1678.0000,1696.0000,1665.0000,9838.5610,2605500,5.891283
2020-11-02,sh600519,1675.0000,1695.0000,1672.0000,9861.0160,2106600,5.890655
2020-11-03,sh600519,1684.9900,1705.9000,1675.5000,9979.1430,2349700,5.887400
2020-11-04,sh600519,1700.0000,1704.0000,1685.0000,10004.9180,1644400,5.886700
2020-11-05,sh600519,1717.0000,1732.4800,1712.1000,10130.5300,2352400,5.883344
2020-11-06,sh600519,1730.5500,1731.5900,1690.0000,10010.7710,2305200,5.886542
2020-11-09,sh600519,1701.3800,1750.6800,1700.6200,10246.8560,4147000,5.880312
2020-11-10,sh600519,1752.9200,1764.4800,1736.0000,10260.5310,3018900,5.879960
2020-11-11,sh600519,1745.0000,1777.5000,1731.0000,10183.7120,3485100,5.881949
2020-11-12,sh600519,1730.0100,1750.0000,1722.2700,10203.0720,2347300,5.881445
2020-11-13,sh600519,1724.0000,1728.8800,1691.0000,10035.4200,2815500,5.885877
2020-11-16,sh600519,1711.0000,1730.0500,1697.2600,10176.3960,3061300,5.882140
2020-11-17,sh600519,1740.0000,1742.3500,1701.0700,10096.2000,2522400,5.884252
2020-11-18,sh600519,1715.0000,1720.5300,1683.1600,9971.5450,3517900,5.887607
2020-11-19,sh600519,1684.5000,1725.0000,1680.6000,10120.9060,2781600,5.883598
2020-11-20,sh600519,1720.0000,1736.0000,1712.6500,10119.6120,2187500,5.883632
2020-11-23,sh600519,1771.0100,1809.9000,1771.0100,10514.9620,6663700,5.873591
2020-11-24,sh600519,1769.9900,1782.5000,1751.4700,10364.6450,3246500,5.877315
2020-11-25,sh600519,1761.5000,1768.8800,1724.0000,10158.5560,2822600,5.882607
2020-11-26,sh600519,1726.0000,1739.9900,1725.1800,10200.8200,2322800,5.881503
2020-11-27,sh600519,1732.6600,1740.0300,1718.0000,10220.5740,2156900,5.880991
2020-11-30,sh600519,1735.0000,1738.9000,1713.9100,10085.5640,3194000,5.884535
2020-12-01,sh600519,1726.0000,1738.9900,1720.0100,10215.5090,2819600,5.881122
2020-12-02,sh600519,1746.0000,1749.0000,1731.0000,10221.1930,2357200,5.880975
2020-12-03,sh600519,1738.0100,1755.6600,1732.1000,10283.0420,2950600,5.879384
2020-12-04,sh600519,1752.0000,1800.1000,1752.0000,10531.2830,6249100,5.873194
2020-12-07,sh600519,1802.7000,1840.3900,1800.5500,10639.8420,5833100,5.870582
2020-12-08,sh600519,1815.0000,1875.0000,1813.0000,10851.4460,6145400,5.865646
2020-12-09,sh600519,1865.9500,1866.0000,1839.0000,10795.1690,3115200,5.866940
2020-12-10,sh600519,1840.0000,1849.7700,1828.0000,10755.2120,3265400,5.867866
2020-12-11,sh600519,1834.7800,1837.3200,1804.8100,10682.6130,3077600,5.869568
2020-12-14,sh600519,1827.7700,1829.9800,1815.0000,10733.2630,3305200,5.868378
2020-12-15,sh600519,1833.5000,1837.2200,1805.0000,10660.1590,2960500,5.870099
2020-12-16,sh600519,1830.5000,1845.6700,1820.2100,10795.1690,3215000,5.866940
2020-12-17,sh600519,1845.5000,1868.0000,1840.0000,10938.7330,3603100,5.863669
2020-12-18,sh600519,1851.8100,1869.0100,1841.0800,10823.3080,2707700,5.866292
2020-12-21,sh600519,1840.0000,1851.2300,1837.6000,10809.2380,3069700,5.866615
2020-12-22,sh600519,1849.9700,1898.9900,1842.5100,11025.9070,4065100,5.861726
2020-12-23,sh600519,1897.9900,1906.2000,1821.0200,10804.4550,4770600,5.866725
2020-12-24,sh600519,1818.0000,1858.8800,1795.0200,10740.8050,3785700,5.868202
2020-12-25,sh600519,1802.9900,1847.0000,1800.0000,10738.8910,2308800,5.868246
2020-12-28,sh600519,1826.6000,1888.8000,1826.0500,10980.8850,3008000,5.862726
2020-12-29,sh600519,1873.0000,1886.8000,1855.0000,10947.1180,2286800,5.863480
2020-12-30,sh600519,1870.0000,1933.0000,1869.9900,11318.5510,3445200,5.855432
2020-12-31,sh600519,1941.0000,1998.9800,1939.0000,11684.3560,3886000,5.848026
2021-01-04,sh600519,1999.9800,2004.9900,1983.8100,11678.7280,4351400,5.848136
2021-01-05,sh600519,1990.0000,2059.4500,1982.4600,12030.1820,5211600,5.841454
2021-01-06,sh600519,2064.8000,2125.0000,2036.0300,12258.3880,4741000,5.837328
2021-01-07,sh600519,2097.0000,2140.0000,2075.0000,12483.4990,3793100,5.833411
2021-01-08,sh600519,2142.0000,2150.8800,2063.0200,12202.1100,5386200,5.838330
2021-01-11,sh600519,2090.0000,2150.5000,2058.6000,12256.8680,5108000,5.837354
2021-01-12,sh600519,2088.0000,2160.9000,2085.0000,12601.1190,4105900,5.831422
2021-01-13,sh600519,2164.0000,2173.3300,2135.0000,12618.5650,3439000,5.831130
2021-01-14,sh600519,2156.0000,2163.0000,2116.1100,12449.7320,3615200,5.833989
2021-01-15,sh600519,2115.0000,2134.3500,2029.0000,12157.0880,5950900,5.839139
2021-01-18,sh600519,2061.0600,2091.4800,2040.2700,12050.1610,3914400,5.841086
2021-01-19,sh600519,2073.1100,2096.3000,2006.8500,11748.5690,4634500,5.846775
2021-01-20,sh600519,2008.0000,2055.4900,1982.5000,11924.2670,4508200,5.843424
2021-01-21,sh600519,2048.0000,2090.0200,2041.0000,12089.5550,3831000,5.840365
2021-01-22,sh600519,2069.0000,2100.0000,2060.1000,12145.5510,2924800,5.839348
2021-01-25,sh600519,2083.0000,2179.5000,2083.0000,12680.4700,5595700,5.830101
2021-01-26,sh600519,2185.0000,2187.0000,2125.1100,12494.1350,3174700,5.833229
2021-01-27,sh600519,2141.8900,2141.8900,2085.0000,12196.4830,3712000,5.838431
2021-01-28,sh600519,2080.0000,2109.6600,2060.0200,12190.8550,3512900,5.838532
2021-01-29,sh600519,2101.1900,2149.4800,2090.2200,12349.4450,3370100,5.835725
2021-02-01,sh600519,2130.0000,2160.0000,2095.0000,12310.8390,2934100,5.836402
2021-02-02,sh600519,2112.2200,2149.9900,2102.1000,12511.6370,3458200,5.832931
2021-02-03,sh600519,2150.0000,2198.2700,2140.0000,12764.3800,3871400,5.828724
2021-02-04,sh600519,2191.0000,2330.0000,2191.0000,13501.2800,6385100,5.817386
2021-02-05,sh600519,2325.0000,2364.6000,2291.0000,13457.1020,3972900,5.818029
2021-02-08,sh600519,2337.0000,2378.8800,2313.0000,13771.1310,3578600,5.813547
2021-02-09,sh600519,2368.8000,2456.4300,2350.0000,14264.2930,3329700,5.806920
2021-02-10,sh600519,2485.0000,2601.2000,2485.0000,15077.8990,6137100,5.796962
2021-02-18,sh600519,2587.9800,2627.8800,2465.0000,14346.2890,6591200,5.805864
2021-02-19,sh600519,2451.1600,2496.6600,2381.6000,14284.3840,5938500,5.806660
2021-02-22,sh600519,2455.0000,2455.0000,2278.2200,13316.5210,7893500,5.820107
2021-02-23,sh600519,2265.1400,2344.8900,2265.0000,13423.3360,5745500,5.818524
2021-02-24,sh600519,2307.9900,2318.0000,2160.5000,12759.2590,8211600,5.828807
2021-02-25,sh600519,2209.0000,2224.5000,2121.2100,12539.7760,5972600,5.832454
2021-02-26,sh600519,2100.0000,2179.9500,2067.3000,12386.5880,6652500,5.835079
2021-03-01,sh600519,2179.0000,2179.0000,2120.0000,12584.7980,4491600,5.831695
2021-03-02,sh600519,2180.0000,2180.0000,2033.0000,12022.0220,7076500,5.841604
2021-03-03,sh600519,2040.0000,2149.7700,2033.0000,12483.4990,5421500,5.833411
2021-03-04,sh600519,2095.0000,2096.0000,2010.1000,11881.3280,6508800,5.844234
2021-03-05,sh600519,2000.0000,2095.0000,1988.0000,12033.8960,6377900,5.841385
2021-03-08,sh600519,2074.9600,2085.0000,1960.0000,11470.5010,6310000,5.852296
2021-03-09,sh600519,1955.0000,2000.0000,1900.1800,11341.0060,8226600,5.854964
2021-03-10,sh600519,1977.0000,1999.8700,1967.0000,11526.8350,5117200,5.851156
2021-03-11,sh600519,1975.0000,2079.9900,1961.4800,11965.7440,5676900,5.842648
2021-03-12,sh600519,2070.0000,2077.0000,2002.0100,11841.9330,4032300,5.844982
2021-03-15,sh600519,2050.0000,2069.8000,1951.1500,11557.4500,6248500,5.850540
2021-03-16,sh600519,1974.9300,2019.9900,1965.0000,11754.7030,3464900,5.846657
2021-03-17,sh600519,2000.0000,2050.0000,1976.0100,11866.4700,3137500,5.844515
2021-03-18,sh600519,2035.0000,2086.3600,2035.0000,12087.8670,3386500,5.840396
2021-03-19,sh600519,2035.0000,2043.0000,1992.2300,11751.8890,3578100,5.846711
2021-03-22,sh600519,2000.1000,2026.0900,1955.5500,11639.2770,3691400,5.848912
2021-03-23,sh600519,1998.8800,2008.8000,1970.0000,11673.1000,2744600,5.848246
2021-03-24,sh600519,1981.0000,2013.0000,1981.0000,11633.7060,2935700,5.849023
2021-03-25,sh600519,1970.0100,1988.8800,1946.8000,11532.4060,3157500,5.851043
2021-03-26,sh600519,1985.0000,2022.0000,1958.0000,11768.7720,5001600,5.846385
2021-03-29,sh600519,2043.2000,2096.3500,2026.1500,11887.5180,5699200,5.844117
2021-03-30,sh600519,2040.0000,2086.0000,2035.0800,12011.0480,3262700,5.841807
2021-03-31,sh600519,2045.1000,2046.0200,2000.0000,11746.2610,3715400,5.846820
2021-04-01,sh600519,2021.0000,2046.8000,2001.2200,11946.0470,2658800,5.843016
2021-04-02,sh600519,2056.0000,2165.0000,2056.0000,12607.3090,5202800,5.831318
2021-04-06,sh600519,2161.0000,2161.9800,2102.3000,12404.8790,3274200,5.834762
2021-04-07,sh600519,2104.0600,2117.3000,2050.0000,12038.9050,4020100,5.841293
2021-04-08,sh600519,2047.0300,2079.0000,2044.0000,12089.5550,2854800,5.840365
2021-04-09,sh600519,2042.0000,2054.0000,2005.0100,11808.1670,2880900,5.845627
2021-04-12,sh600519,2011.0000,2030.0000,1991.7000,11745.6420,3194300,5.846832
2021-04-13,sh600519,2020.0000,2049.8000,2009.0000,11813.7940,2899200,5.845519
2021-04-14,sh600519,2035.0000,2048.0000,2016.0000,11960.1160,2411500,5.842753
2021-04-15,sh600519,2030.9000,2046.9000,1990.0000,11783.4050,3436600,5.846103
2021-04-16,sh600519,2025.0800,2068.0000,2012.0000,12005.0260,3029400,5.841919
2021-04-19,sh600519,2055.0000,2098.3600,2033.0000,12190.8550,3175400,5.838532
2021-04-20,sh600519,2071.1000,2129.0000,2070.0000,12229.1240,2829000,5.837848
2021-04-21,sh600519,2076.0000,2097.8000,2065.1000,12145.8330,2615000,5.839343
2021-04-22,sh600519,2089.9000,2099.0000,2051.5000,12007.9520,2685000,5.841864
2021-04-23,sh600519,2055.9700,2119.8800,2052.5000,12308.7000,3346300,5.836439
2021-04-26,sh600519,2132.0000,2135.0000,2073.6000,12133.5640,3404500,5.839565
2021-04-27,sh600519,2087.0800,2095.2500,2065.0900,12227.0980,2210800,5.837884
2021-04-28,sh600519,2010.0000,2047.5000,2003.0000,11931.9780,8134300,5.843280
2021-04-29,sh600519,2047.0400,2049.9400,2014.0000,11843.9590,4128400,5.844943
2021-04-30,sh600519,2026.0000,2036.0000,2003.7100,11733.7680,3840100,5.847062
2021-05-06,sh600519,2000.0000,2006.8400,1953.0000,11464.8730,5354600,5.852411
2021-05-07,sh600519,1965.0000,1967.9800,1901.0000,11149.7180,5249300,5.859022
2021-05-10,sh600519,1900.0000,1909.0000,1866.0100,11014.8210,4600300,5.861972
2021-05-11,sh600519,1876.0000,1966.0000,1873.3000,11464.8730,4249400,5.852411
2021-05-12,sh600519,1949.0800,1999.0000,1949.0000,11605.5670,3269900,5.849580
2021-05-13,sh600519,1965.7500,1985.0500,1953.0000,11535.2200,2507800,5.850987
2021-05-14,sh600519,1982.0000,2030.5000,1976.0000,11751.0450,3561100,5.846727
2021-05-17,sh600519,2025.1000,2085.2000,2025.1000,12021.7970,4452400,5.841609
2021-05-18,sh600519,2065.0000,2077.0000,2045.0600,12029.3940,1750400,5.841468
2021-05-19,sh600519,2059.0000,2074.8100,2040.0000,11971.3720,2241000,5.842544
2021-05-20,sh600519,2074.0000,2074.1000,2045.3600,12026.9740,2185700,5.841513
2021-05-21,sh600519,2055.0800,2079.8800,2037.0200,11932.5400,2424800,5.843269
2021-05-24,sh600519,2051.0000,2080.0600,2031.0000,12096.8150,3254800,5.840232
2021-05-25,sh600519,2085.0000,2200.1000,2085.0000,12790.2120,6775700,5.828303
2021-05-26,sh600519,2207.9800,2241.8000,2193.0800,12933.7200,3860400,5.826000
2021-05-27,sh600519,2211.0200,2320.0000,2201.1000,13074.4140,4537300,5.823792
2021-05-28,sh600519,2240.9700,2250.0000,2205.5100,12989.9980,2580700,5.825111
2021-05-31,sh600519,2215.5000,2218.3500,2172.0000,12922.4640,3173900,5.826179
2021-06-01,sh600519,2222.0000,2248.9500,2206.0000,13051.6220,3061600,5.824147
2021-06-02,sh600519,2250.0000,2264.0000,2208.1800,12944.9750,2286300,5.825821
2021-06-03,sh600519,2220.0000,2260.3400,2210.0800,12946.2140,2345000,5.825802
2021-06-04,sh600519,2215.0000,2288.0000,2214.0400,13110.9950,3142200,5.823227
2021-06-07,sh600519,2265.0000,2279.0000,2240.0100,13220.7360,2546600,5.821548
2021-06-08,sh600519,2260.0000,2279.9900,2161.1500,12770.5150,4731400,5.828624
2021-06-09,sh600519,2192.0000,2214.0000,2160.1100,12818.3510,2550200,5.827848
2021-06-10,sh600519,2195.0000,2251.3700,2190.0800,13037.7210,2556700,5.824363
2021-06-11,sh600519,2239.0000,2244.0000,2178.8100,12701.9120,3397100,5.829747
2021-06-15,sh600519,2195.1000,2208.8800,2148.0000,12781.7700,2936100,5.828440
2021-06-16,sh600519,2192.0000,2195.0000,2148.0000,12584.7980,2759300,5.831695
2021-06-17,sh600519,2155.6500,2188.0000,2144.3600,12578.6640,2106800,5.831798
2021-06-18,sh600519,2147.0000,2156.5000,2065.0000,12207.4000,5402800,5.838235
2021-06-21,sh600519,2085.0000,2099.6900,2050.0000,12155.0620,3548800,5.839176
2021-06-22,sh600519,2092.0000,2098.0000,2053.8900,12117.5250,3322800,5.839856
2021-06-23,sh600519,2080.0000,2083.0000,2034.1500,11909.4660,3707900,5.843703
2021-06-24,sh600519,2040.0100,2080.0000,2021.0000,12078.5810,3147400,5.840565
2021-06-25,sh600519,2049.9600,2109.0000,2042.6000,12321.9420,3587500,5.890030
2021-06-28,sh600519,2100.0000,2118.0000,2073.0000,12383.9040,2745200,5.888657
2021-06-29,sh600519,2108.0000,2115.0000,2051.0000,12153.1090,3303100,5.893845
2021-06-30,sh600519,2065.0000,2074.0000,2046.3000,12123.2820,2191600,5.894531
2021-07-01,sh600519,2059.9700,2110.0000,2031.6000,12395.1030,3370100,5.888410
2021-07-02,sh600519,2075.0000,2075.0000,2011.5000,11877.3490,4627500,5.900322
2021-07-05,sh600519,2000.0000,2019.8800,1985.0000,11770.4210,3442100,5.902919
2021-07-06,sh600519,1995.0000,2014.0000,1960.0100,11876.7860,3528300,5.900336
2021-07-07,sh600519,2010.0000,2028.8800,1999.0100,11826.6990,2812200,5.901546
2021-07-08,sh600519,2000.1000,2004.0000,1968.0000,11719.7710,3551700,5.904167
2021-07-09,sh600519,1964.5200,1985.9100,1945.0000,11647.2290,3090800,5.905973
2021-07-12,sh600519,1975.5500,1998.7800,1940.5000,11584.7050,3901000,5.907550
2021-07-13,sh600519,1968.0000,2005.5000,1965.0000,11707.9530,2992500,5.904460
2021-07-14,sh600519,1974.0000,1974.5000,1945.0000,11590.3330,3077100,5.907407
2021-07-15,sh600519,1955.0200,2013.0000,1950.6000,11792.8760,4219000,5.902370
2021-07-16,sh600519,1980.0000,1996.6000,1950.0000,11556.0030,3540800,5.908279
2021-07-19,sh600519,1955.8900,1986.0000,1941.0000,11663.4940,3005200,5.905567
2021-07-20,sh600519,1975.0000,1988.9300,1961.4100,11691.6330,2347500,5.904865
2021-07-21,sh600519,1989.0000,2006.0000,1962.0100,11629.7270,2978000,5.906413
2021-07-22,sh600519,1960.0000,1973.9000,1938.9600,11466.5780,3909000,5.910577
2021-07-23,sh600519,1937.8200,1937.8200,1895.0900,11241.4110,4758500,5.916532
2021-07-26,sh600519,1879.0000,1879.0000,1780.0000,10701.7650,9861900,5.931881
2021-07-27,sh600519,1803.0000,1810.0000,1703.0000,10188.4000,8657700,5.948076
2021-07-28,sh600519,1703.0000,1788.2000,1682.1200,10503.6110,8536900,5.937934
2021-07-29,sh600519,1810.0100,1823.0000,1734.3400,10396.0650,6386400,5.941322
2021-07-30,sh600519,1725.0000,1725.0000,1657.7600,9997.6190,7773600,5.954544
2021-08-02,sh600519,1664.0000,1755.9800,1620.7200,10425.3850,9740100,5.940390
2021-08-03,sh600519,1730.0000,1768.9900,1688.8000,10393.3070,5437500,5.941409
2021-08-04,sh600519,1734.0600,1760.0000,1718.0000,10250.9240,3817500,5.946012
2021-08-05,sh600519,1692.8800,1745.0000,1676.3600,10110.2300,4806000,5.950695
2021-08-06,sh600519,1689.0000,1694.0100,1646.6000,9952.6530,4568600,5.956106
2021-08-09,sh600519,1651.0000,1709.0000,1650.0000,10080.9660,4769800,5.951686
2021-08-10,sh600519,1700.0000,1802.8800,1675.0000,10673.0070,8328500,5.932744
2021-08-11,sh600519,1780.0100,1785.0100,1750.0100,10400.0600,3866300,5.941194
2021-08-12,sh600519,1732.0000,1749.0000,1686.1900,10059.5800,4755100,5.952414
2021-08-13,sh600519,1690.0000,1713.0000,1679.0000,10116.0830,3790500,5.950497
2021-08-16,sh600519,1696.0000,1713.6000,1685.0800,10111.3560,2805700,5.950657
2021-08-17,sh600519,1700.0000,1700.0000,1628.8800,9750.0530,6120100,5.963335
2021-08-18,sh600519,1624.6600,1642.9900,1600.0000,9665.6370,5997000,5.966443
2021-08-19,sh600519,1622.2200,1643.2000,1600.0000,9665.4680,4129200,5.966449
2021-08-20,sh600519,1555.1700,1597.5500,1525.5000,9260.4380,11454500,5.982195
2021-08-23,sh600519,1537.8800,1599.0000,1536.7700,9385.3180,7159700,5.977186
2021-08-24,sh600519,1575.0000,1642.5500,1565.7700,9694.7890,7259400,5.965363
2021-08-25,sh600519,1647.6400,1680.8700,1643.0000,9918.9990,5423900,5.957285
2021-08-26,sh600519,1664.9900,1664.9900,1594.7200,9524.9430,5402000,5.971751
2021-08-27,sh600519,1589.0000,1625.0000,1584.1000,9530.7390,3609500,5.971529
2021-08-30,sh600519,1605.0000,1613.0000,1545.9500,9474.2930,5158800,5.973703
2021-08-31,sh600519,1589.8000,1616.3500,1555.1000,9316.7150,4367700,5.979920
2021-09-01,sh600519,1559.0000,1634.9900,1531.1000,9676.9490,7731600,5.966023
2021-09-02,sh600519,1632.9900,1643.0000,1600.8900,9658.8830,4283700,5.966693
2021-09-03,sh600519,1610.0200,1659.7900,1582.0000,9880.7300,5283500,5.958636
2021-09-06,sh600519,1649.0000,1708.1600,1626.1500,9950.7960,5533800,5.956171
2021-09-07,sh600519,1661.0300,1684.4800,1651.0000,9941.3970,3121100,5.956499
2021-09-08,sh600519,1660.0000,1671.1800,1628.0800,9739.3610,3306400,5.963726
2021-09-09,sh600519,1626.0000,1645.0000,1624.0100,9744.8760,1995000,5.963524
2021-09-10,sh600519,1634.0800,1668.8000,1633.0000,9905.2670,3338800,5.957769
2021-09-13,sh600519,1665.0000,1684.0000,1640.1000,9856.9810,2772000,5.959481
2021-09-14,sh600519,1659.0000,1683.0000,1653.0000,9873.8640,3376100,5.958880
2021-09-15,sh600519,1650.0000,1660.0000,1610.0000,9641.6620,4157000,5.967335
2021-09-16,sh600519,1603.0000,1644.0000,1585.0000,9767.3310,4596800,5.962707
2021-09-17,sh600519,1620.0000,1705.6000,1620.0000,10037.0690,5513000,5.953184
2021-09-22,sh600519,1658.8300,1688.0000,1635.0000,9765.1920,3174300,5.962784
2021-09-23,sh600519,1638.0000,1655.8800,1625.0800,9750.0530,3034200,5.963335
2021-09-24,sh600519,1628.0000,1719.9800,1628.0000,10082.0910,6953700,5.951648
2021-09-27,sh600519,1750.0000,1863.4000,1750.0000,10988.1620,12686900,5.923537
2021-09-28,sh600519,1848.0000,1860.0000,1795.0000,10802.7830,4922100,5.928884
2021-09-29,sh600519,1809.0000,1845.0100,1785.9000,10791.1900,4329100,5.929225
2021-09-30,sh600519,1818.1800,1850.2200,1803.4000,10847.4680,4053900,5.927578
2021-10-08,sh600519,1822.4200,1878.0000,1807.2300,10901.4940,4745200,5.926013
2021-10-11,sh600519,1839.5100,1889.9000,1831.0100,11056.3700,3767600,5.921617
2021-10-12,sh600519,1866.0000,1877.0000,1842.4200,11078.1500,3060600,5.921010
2021-10-13,sh600519,1870.0000,1949.9500,1862.0000,11409.6810,5014300,5.912058
2021-10-14,sh600519,1928.9300,1941.8000,1896.0000,11303.3170,2662300,5.914870
2021-10-15,sh600519,1890.1000,1929.9900,1890.1000,11336.9140,2856100,5.913976
2021-10-18,sh600519,1888.0000,1888.0000,1787.0000,10678.6350,6965200,5.932575
2021-10-19,sh600519,1800.0000,1838.8000,1799.8800,10747.1810,4031500,5.930526
2021-10-20,sh600519,1833.0000,1849.8000,1806.0100,10909.3730,2866300,5.925787
2021-10-21,sh600519,1841.1000,1860.0000,1829.0000,10926.2560,2301900,5.925302
2021-10-22,sh600519,1855.0000,1921.0100,1854.0000,11247.0390,3596300,5.916380
2021-10-25,sh600519,1880.0000,1885.0100,1858.0000,11089.6300,3246100,5.920690
2021-10-26,sh600519,1864.0300,1878.9900,1844.0000,11022.2100,2113000,5.922576
2021-10-27,sh600519,1852.3000,1858.3000,1800.1000,10785.5620,3464700,5.929391
2021-10-28,sh600519,1825.2000,1843.7800,1802.0000,10822.0860,2949100,5.928318
2021-10-29,sh600519,1825.0000,1848.0000,1813.0000,10825.4070,2877600,5.928222
2021-11-01,sh600519,1780.0000,1826.3000,1760.0000,10695.5180,4169000,5.932068
2021-11-02,sh600519,1796.7000,1844.2200,1788.0000,10704.7470,3250000,5.931791
2021-11-03,sh600519,1800.0000,1809.9800,1761.1900,10481.6630,2782900,5.938619
2021-11-04,sh600519,1777.9400,1816.0000,1769.4200,10702.2710,3113000,5.931865
2021-11-05,sh600519,1804.2100,1844.9900,1804.2100,10790.8520,2707700,5.929235
2021-11-08,sh600519,1820.0000,1830.8000,1802.0500,10791.7530,1770600,5.929209
2021-11-09,sh600519,1819.9800,1827.8700,1782.0000,10622.4130,2735200,5.934276
2021-11-10,sh600519,1790.0100,1795.0000,1735.0000,10419.7010,3534900,5.940570
2021-11-11,sh600519,1752.9300,1769.6000,1741.5000,10507.5510,2265200,5.937811
2021-11-12,sh600519,1778.0000,1785.0500,1766.6600,10531.0750,1760700,5.937081
2021-11-15,sh600519,1773.6800,1784.0000,1750.0000,10459.9400,2494700,5.939301
2021-11-16,sh600519,1768.0000,1818.0000,1765.0000,10723.6570,3352600,5.931226
2021-11-17,sh600519,1805.0000,1820.5000,1790.0100,10650.4960,2450500,5.933424
2021-11-18,sh600519,1781.2200,1807.0000,1770.0000,10633.6130,1952100,5.933936
2021-11-19,sh600519,1794.1900,1849.0000,1788.2000,10838.5190,3115600,5.927838
2021-11-22,sh600519,1849.0000,1909.0000,1848.0000,10984.0540,4257300,5.923654
2021-11-23,sh600519,1852.0000,1917.0000,1852.0000,11221.3200,4578200,5.917076
2021-11-24,sh600519,1900.0000,1966.0000,1897.0000,11472.1500,5451200,5.910433
2021-11-25,sh600519,1953.0000,1986.2000,1946.2500,11556.7350,3975300,5.908261
2021-11-26,sh600519,1964.8300,1967.0000,1925.0000,11472.2060,3265600,5.910431
2021-11-29,sh600519,1960.0000,1990.0000,1951.0800,11719.7710,4239900,5.904167
2021-11-30,sh600519,1985.4000,1989.9000,1927.5000,11414.5780,3692500,5.911930
2021-12-01,sh600519,1950.0000,1959.9500,1919.0200,11427.0710,2625400,5.911604
2021-12-02,sh600519,1940.0000,1942.1500,1919.6000,11432.7550,2042200,5.911456
2021-12-03,sh600519,1932.0000,1988.6200,1931.0500,11645.9350,3581800,5.906006
2021-12-06,sh600519,1983.0000,1990.0000,1950.0000,11620.1600,3106400,5.906654
2021-12-07,sh600519,1980.7400,1987.8700,1946.7300,11555.8350,3698000,5.908284
2021-12-08,sh600519,1964.8800,2045.0000,1950.0000,12046.1820,6104800,5.896320
2021-12-09,sh600519,2054.9400,2116.9200,2045.0000,12291.2710,6423900,5.890715
2021-12-10,sh600519,2060.0000,2095.7800,2056.0000,12310.6870,4314800,5.890281
2021-12-13,sh600519,2154.0000,2180.0000,2118.0000,12469.3900,6580700,5.886786
2021-12-14,sh600519,2118.2000,2167.9000,2100.0000,12648.3530,4044900,5.882955
2021-12-15,sh600519,2142.1500,2164.9500,2125.0200,12563.9360,3007800,5.884748
2021-12-16,sh600519,2115.0000,2144.0500,2086.2300,12473.8360,3721100,5.886689
2021-12-17,sh600519,2100.5000,2108.0000,2036.0000,12089.5160,4840300,5.895312
2021-12-20,sh600519,2050.7000,2085.6600,2041.0000,12136.0010,3225800,5.894238
2021-12-21,sh600519,2045.0000,2069.1300,2012.8300,12019.1690,2628600,5.896953
2021-12-22,sh600519,2040.0000,2063.0000,2040.0000,12074.3210,1743100,5.895665
2021-12-23,sh600519,2053.0000,2120.0000,2025.0000,12479.5200,3909900,5.886566
2021-12-24,sh600519,2148.8800,2216.9600,2148.8800,12896.4810,5613000,5.877827
2021-12-27,sh600519,2168.0000,2168.0000,2112.0000,12546.0400,3755600,5.885131
2021-12-28,sh600519,2133.0000,2155.5000,2116.6000,12581.8330,2765100,5.884366
2021-12-29,sh600519,2150.0000,2154.2500,2041.0000,12034.9260,5404900,5.896583
2021-12-30,sh600519,2041.0000,2088.9800,2028.0000,12226.2700,3526100,5.892178
2021-12-31,sh600519,2070.0000,2072.9800,2028.0000,12085.5760,2966500,5.895403
2022-01-04,sh600519,2055.0000,2068.9500,2014.0000,12092.4980,3384300,5.895242
2022-01-05,sh600519,2045.0000,2065.0000,2018.0000,11939.2540,2839600,5.898841
2022-01-06,sh600519,2022.0100,2036.0000,1938.5100,11704.1260,5179500,5.904554
2022-01-07,sh600519,1975.0000,1988.8800,1939.3200,11477.7770,2981700,5.910287
2022-01-10,sh600519,1928.0100,1977.0000,1917.5500,11612.8440,2962700,5.906838
2022-01-11,sh600519,1948.0000,1965.0000,1931.1700,11469.6170,2227700,5.910498
2022-01-12,sh600519,1948.0000,1978.8000,1948.0000,11618.4720,2747400,5.906696
2022-01-13,sh600519,1964.8200,1967.9900,1865.5600,11114.1670,5674700,5.920010
2022-01-14,sh600519,1877.3900,1893.0000,1863.0000,11055.6950,2932200,5.921636
2022-01-17,sh600519,1868.0000,1878.3000,1835.3400,11025.3610,2735400,5.922487
2022-01-18,sh600519,1861.6800,1908.8500,1852.0000,11197.9090,3121600,5.917712
2022-01-19,sh600519,1919.0000,1919.0000,1888.8800,11308.9440,2637100,5.914720
2022-01-20,sh600519,1916.0000,1979.9900,1916.0000,11632.6540,3401400,5.906340
2022-01-21,sh600519,1960.0000,1993.4900,1951.0100,11719.7150,3081300,5.904168
2022-01-24,sh600519,1955.0000,1984.0000,1931.4400,11523.9250,2398600,5.909099
2022-01-25,sh600519,1943.0000,1966.0000,1931.0000,11483.4050,2551000,5.910142
2022-01-26,sh600519,1942.0400,1969.0000,1919.0000,11550.9380,2390500,5.908408
2022-01-27,sh600519,2001.0100,2010.8200,1952.0000,11607.2160,4266500,5.906980
2022-01-28,sh600519,1955.0000,1968.0000,1880.0100,11168.2500,4102000,5.918521
2022-02-07,sh600519,1900.9900,1913.5600,1850.0000,11061.0980,3515000,5.921485
2022-02-08,sh600519,1868.8800,1872.8700,1790.0000,10898.1180,4171300,5.926111
2022-02-09,sh600519,1839.0900,1908.0000,1826.9700,11218.7880,3388500,5.917145
2022-02-10,sh600519,1900.0000,1905.9000,1857.3900,11089.4620,2303200,5.920695
2022-02-11,sh600519,1857.0000,1900.7900,1841.0000,10959.8540,3374600,5.924341
2022-02-14,sh600519,1840.0000,1877.0000,1837.3100,11065.0930,2019600,5.921373
2022-02-15,sh600519,1868.8000,1911.0000,1859.0000,11188.6230,2710600,5.917965
2022-02-16,sh600519,1900.0000,1907.0000,1888.0000,11199.4840,1458700,5.917669
2022-02-17,sh600519,1900.6100,1911.4800,1881.0000,11168.1940,1821400,5.918523
2022-02-18,sh600519,1877.6300,1907.9800,1865.6600,11280.8060,1938500,5.915472
2022-02-21,sh600519,1900.0000,1906.9000,1868.9500,11111.9160,2081600,5.920072
2022-02-22,sh600519,1860.0100,1861.0000,1800.0200,10722.9250,5229900,5.931248
2022-02-23,sh600519,1811.4100,1834.0000,1800.0800,10830.6410,2811200,5.928069
2022-02-24,sh600519,1808.0000,1813.9900,1748.1000,10476.6540,6535900,5.938776
2022-02-25,sh600519,1775.0000,1808.2800,1775.0000,10673.3450,3897900,5.932734
2022-02-28,sh600519,1787.0600,1797.0000,1767.0000,10624.6080,2892300,5.934209
2022-03-01,sh600519,1802.0000,1863.5700,1802.0000,11007.7460,4737900,5.922983
2022-03-02,sh600519,1840.0000,1850.9900,1825.0000,10931.2090,2007400,5.925160
2022-03-03,sh600519,1845.8000,1850.2500,1794.0000,10678.6350,3154700,5.932575
2022-03-04,sh600519,1772.0000,1792.8900,1755.1000,10568.8930,3104700,5.935913
2022-03-07,sh600519,1760.2000,1768.0000,1703.8000,10155.2520,4915600,5.949181
2022-03-08,sh600519,1759.9800,1786.6600,1732.0000,10415.2550,5721500,5.940711
2022-03-09,sh600519,1764.1000,1805.0000,1721.1100,10561.4650,5643400,5.936142
2022-03-10,sh600519,1808.0000,1821.0000,1791.0000,10647.2880,3646200,5.933521
2022-03-11,sh600519,1766.0000,1777.0000,1718.0800,10504.2300,4772700,5.937914
2022-03-14,sh600519,1730.0000,1750.0000,1700.0000,10115.8580,4900700,5.950505
2022-03-15,sh600519,1650.0000,1685.0000,1603.0000,9569.9650,8905600,5.970034
2022-03-16,sh600519,1634.0000,1683.9000,1593.0000,9974.8830,7759300,5.955332
2022-03-17,sh600519,1720.0000,1755.0000,1711.6600,10229.2580,6835200,5.946724
2022-03-18,sh600519,1718.0000,1745.0000,1692.2800,10159.6980,3834900,5.949032
2022-03-21,sh600519,1724.0000,1725.6500,1695.0100,10140.0570,2787700,5.949690
2022-03-22,sh600519,1723.8800,1723.8800,1686.3300,10087.7190,2105400,5.951457
2022-03-23,sh600519,1705.0000,1770.0000,1697.0000,10409.5710,5806700,5.940892
2022-03-24,sh600519,1738.0000,1740.0000,1717.3500,10233.6470,2581500,5.946579
2022-03-25,sh600519,1712.0000,1734.0000,1685.0000,10059.5800,2970900,5.952414
2022-03-28,sh600519,1625.0000,1664.8000,1604.0000,9895.2500,5754200,5.958123
2022-03-29,sh600519,1661.5000,1691.5000,1661.5000,9930.1420,2593500,5.956894
2022-03-30,sh600519,1698.0000,1730.1000,1695.0000,10285.2540,4243300,5.944890
2022-03-31,sh600519,1720.0000,1738.6000,1708.8000,10222.7860,2517400,5.946938
2022-04-01,sh600519,1729.9400,1793.0000,1721.6900,10566.1360,4486200,5.935998
2022-04-06,sh600519,1753.0000,1788.7300,1753.0000,10481.6630,2782000,5.938619
2022-04-07,sh600519,1758.0000,1785.0000,1750.1000,10481.6630,2019600,5.938619
2022-04-08,sh600519,1768.0000,1788.7000,1766.5400,10588.5900,2294100,5.935308
2022-04-11,sh600519,1770.0000,1770.0000,1706.0300,10228.4130,4386400,5.946752
2022-04-12,sh600519,1729.0000,1787.9700,1708.0000,10577.3350,4163000,5.935654
2022-04-13,sh600519,1767.0000,1795.0000,1751.0800,10504.1740,3114800,5.937916
2022-04-14,sh600519,1788.0000,1835.9000,1780.2000,10729.2850,3765000,5.931059
2022-04-15,sh600519,1802.2000,1818.0000,1795.8900,10712.3450,2104100,5.931564
2022-04-18,sh600519,1781.1300,1798.0000,1768.0000,10626.9720,1979300,5.934137
2022-04-19,sh600519,1800.0000,1832.9900,1775.5000,10624.0450,2420500,5.934226
2022-04-20,sh600519,1801.6900,1820.0000,1768.6800,10661.7510,2415600,5.933083
2022-04-21,sh600519,1790.2000,1806.0000,1770.0000,10565.9670,2895300,5.936003
2022-04-22,sh600519,1763.0000,1787.8800,1760.1800,10526.6850,2790000,5.937217
2022-04-25,sh600519,1750.0000,1776.5000,1702.0000,10160.8800,5365800,5.948993
2022-04-26,sh600519,1703.3300,1748.9800,1700.0000,10298.6480,4456400,5.944454
2022-04-27,sh600519,1767.1200,1810.0000,1767.1200,10650.0460,5740200,5.933438
2022-04-28,sh600519,1793.0000,1845.0000,1786.5000,10875.6060,4401000,5.926761
2022-04-29,sh600519,1836.0000,1849.0000,1810.9800,10838.3510,3488500,5.927844
2022-05-05,sh600519,1830.0000,1870.0000,1828.9800,10886.8620,3366100,5.926435
2022-05-06,sh600519,1814.9900,1819.0000,1781.0000,10639.2400,2859600,5.933765
2022-05-09,sh600519,1780.0000,1780.0000,1738.0000,10408.5020,3035200,5.940926
2022-05-10,sh600519,1720.0000,1784.9600,1705.0100,10488.3600,4011900,5.938410
2022-05-11,sh600519,1755.0000,1788.4800,1752.0000,10498.5460,3031300,5.938092
2022-05-12,sh600519,1753.0000,1778.0000,1750.0000,10468.5500,2203800,5.939030
2022-05-13,sh600519,1780.0000,1797.9400,1766.0000,10556.1740,2073100,5.936304
2022-05-16,sh600519,1797.0000,1797.0000,1742.6700,10442.2680,2776500,5.939857
2022-05-17,sh600519,1769.8800,1775.0000,1755.0000,10498.5460,2014500,5.938092
2022-05-18,sh600519,1773.6600,1773.9200,1743.0200,10459.1520,2485000,5.939325
2022-05-19,sh600519,1745.0000,1757.0000,1739.0000,10431.0130,1977600,5.940212
2022-05-20,sh600519,1759.9900,1801.1500,1752.0000,10678.6910,4195000,5.932573
2022-05-23,sh600519,1800.0000,1803.8900,1772.0000,10571.7070,2215700,5.935827
2022-05-24,sh600519,1786.0000,1787.0000,1755.5000,10453.5240,2734200,5.939502
2022-05-25,sh600519,1765.2700,1772.0000,1747.0000,10428.2550,2238900,5.940299
2022-05-26,sh600519,1761.0000,1761.0000,1730.0000,10356.7260,2805300,5.942579
2022-05-27,sh600519,1759.9900,1780.0000,1753.0100,10426.2860,2512000,5.940362
2022-05-30,sh600519,1766.0000,1790.5500,1766.0000,10557.1310,3446600,5.936275
2022-05-31,sh600519,1774.7700,1814.9000,1766.9800,10701.3150,4075100,5.931894
2022-06-01,sh600519,1802.0000,1814.7800,1779.0000,10612.5080,2176000,5.934577
2022-06-02,sh600519,1787.9700,1795.8000,1780.0000,10599.8460,1691500,5.934964
2022-06-06,sh600519,1790.0000,1795.0000,1758.0000,10611.1010,3674100,5.934620
2022-06-07,sh600519,1784.1400,1825.0000,1770.3100,10779.3720,3504900,5.929574
2022-06-08,sh600519,1825.0000,1882.0000,1825.0000,11047.8160,4435400,5.921857
2022-06-09,sh600519,1872.0000,1888.3500,1849.0000,10976.9060,2632900,5.923856
2022-06-10,sh600519,1845.0100,1907.0000,1835.0000,11244.7880,4734500,5.916441
2022-06-13,sh600519,1890.0000,1892.0000,1848.0800,10993.7900,3675500,5.923378
2022-06-14,sh600519,1834.0000,1875.4200,1832.0000,11078.2060,2941600,5.921008
2022-06-15,sh600519,1870.0000,1905.0000,1862.9900,11101.2800,3366400,5.920367
2022-06-16,sh600519,1894.5900,1907.6300,1875.3300,11111.9730,2688700,5.920071
2022-06-17,sh600519,1878.0900,1952.0000,1878.0900,11528.4270,5054200,5.908984
2022-06-20,sh600519,1950.0000,1970.0000,1930.0000,11477.8900,3497500,5.910284
2022-06-21,sh600519,1949.0000,1966.9900,1928.0000,11498.8250,2371700,5.909744
2022-06-22,sh600519,1955.0000,1958.0000,1932.0000,11444.0110,1964700,5.911163
2022-06-23,sh600519,1942.7000,1965.0400,1940.0000,11562.7570,2684400,5.908107
2022-06-24,sh600519,1970.0000,2020.0000,1965.0000,11854.8940,3963500,5.900864
2022-06-27,sh600519,2019.9400,2049.9400,2000.3000,11863.5610,4011500,5.900655
2022-06-28,sh600519,2019.7400,2041.0000,2001.0000,12006.7870,2524600,5.897243
2022-06-29,sh600519,2028.0000,2042.0000,2011.0100,11973.0210,3036000,5.898040
2022-06-30,sh600519,2000.0000,2077.0000,1999.9900,12179.4190,3898200,5.955706
2022-07-01,sh600519,2055.0000,2067.7700,2015.2100,12089.6560,2159600,5.958284
2022-07-04,sh600519,2020.0100,2024.2900,2001.0100,12027.4690,2507600,5.960094
2022-07-05,sh600519,2025.2800,2054.4500,2010.0000,12111.9420,2632900,5.957640
2022-07-06,sh600519,2032.0000,2039.0000,1986.0000,11937.4250,3275200,5.962750
2022-07-07,sh600519,2005.0000,2009.3500,1985.0100,11869.8920,2093200,5.964770
2022-07-08,sh600519,2005.0000,2014.8900,1996.1600,11920.5420,1564400,5.963253
2022-07-11,sh600519,1990.2000,1994.7700,1950.5000,11721.3190,2394900,5.969301
2022-07-12,sh600519,1965.0000,1972.8000,1930.0600,11635.8330,2344700,5.971963
2022-07-13,sh600519,1945.0000,1972.0000,1940.6700,11694.8120,1985400,5.970122
2022-07-14,sh600519,1960.0000,1976.8000,1941.0000,11661.6650,2052700,5.971155
2022-07-15,sh600519,1945.1100,1999.6800,1944.5100,11641.9670,3341600,5.971771
2022-07-18,sh600519,1952.3600,1959.0000,1922.0000,11654.1230,2422100,5.971390
2022-07-19,sh600519,1945.0000,1951.6500,1926.0000,11605.9500,2195600,5.972904
2022-07-20,sh600519,1958.7500,1970.0000,1945.0000,11645.3440,1870500,5.971665
2022-07-21,sh600519,1943.1000,1955.9000,1934.5100,11582.8760,1406100,5.973634
2022-07-22,sh600519,1949.2200,1962.0000,1935.0000,11627.8980,2511400,5.972213
2022-07-25,sh600519,1949.5100,1952.3000,1931.0000,11614.6730,1691200,5.972629
2022-07-26,sh600519,1952.9900,1964.9700,1947.0200,11645.9630,2068500,5.971646
2022-07-27,sh600519,1942.0000,1948.0000,1917.0000,11473.6970,2149000,5.977129
2022-07-28,sh600519,1921.1000,1938.0000,1892.6600,11352.1380,3487000,5.981105
2022-07-29,sh600519,1895.1000,1918.9900,1878.1000,11354.6140,3703200,5.981023
2022-08-01,sh600519,1890.0100,1908.0000,1881.1800,11308.8040,2103700,5.982545
2022-08-02,sh600519,1880.0000,1887.9800,1858.0100,11250.7250,2822100,5.984492
2022-08-03,sh600519,1889.9900,1904.0000,1877.0000,11278.9770,2459800,5.983542
2022-08-04,sh600519,1890.0000,1923.1000,1880.1300,11453.4940,3035700,5.977784
2022-08-05,sh600519,1927.8000,1935.0000,1904.9000,11498.2340,2008600,5.976337
2022-08-08,sh600519,1915.1500,1932.8800,1907.5100,11428.2810,1679900,5.978604
2022-08-09,sh600519,1911.5300,1918.9900,1905.0000,11419.6710,1387500,5.978885
2022-08-10,sh600519,1909.9800,1918.0000,1864.5800,11228.3270,2792700,5.985249
2022-08-11,sh600519,1886.0000,1907.0000,1878.0100,11402.2250,2606100,5.979456
2022-08-12,sh600519,1906.9000,1930.0000,1900.0000,11520.9710,2026000,5.975607
2022-08-15,sh600519,1920.4600,1939.5000,1915.5500,11475.3290,1932300,5.977076
2022-08-16,sh600519,1923.9400,1933.7900,1916.0000,11463.7920,1483600,5.977450
2022-08-17,sh600519,1930.0000,1930.0000,1895.0000,11464.6930,1836100,5.977421
2022-08-18,sh600519,1908.0000,1913.0800,1881.0700,11338.0680,2316800,5.981571
2022-08-19,sh600519,1898.0000,1908.3500,1888.0000,11335.3110,1354400,5.981663
2022-08-22,sh600519,1885.0100,1907.0000,1881.3800,11329.5140,1542700,5.981855
2022-08-23,sh600519,1898.6000,1898.6000,1867.0000,11194.6160,2375600,5.986394
2022-08-24,sh600519,1869.9900,1875.2300,1851.0000,11105.6410,1872800,5.989452
2022-08-25,sh600519,1859.0000,1888.0000,1854.2000,11278.9770,2192500,5.983542
2022-08-26,sh600519,1900.0000,1912.0000,1886.0000,11352.1380,2314200,5.981105
2022-08-29,sh600519,1883.0000,1899.9700,1874.0000,11244.1970,1357000,5.984712
2022-08-30,sh600519,1882.3500,1885.0000,1854.2000,11194.5600,1823500,5.986396
2022-08-31,sh600519,1860.1000,1925.5600,1860.0100,11498.4590,4469200,5.976330
2022-09-01,sh600519,1912.1500,1916.0000,1880.8900,11255.8460,2684500,5.984319
2022-09-02,sh600519,1889.9400,1892.9600,1866.1700,11222.6990,1939100,5.985439
2022-09-05,sh600519,1862.6400,1869.0000,1820.0000,10997.5880,3682200,5.993236
2022-09-06,sh600519,1835.3600,1848.2000,1825.0000,11053.8660,2083000,5.991255
2022-09-07,sh600519,1835.0300,1837.6600,1811.0100,10901.9730,2830600,5.996652
2022-09-08,sh600519,1820.0000,1832.0000,1815.0000,10885.0330,1659100,5.997263
2022-09-09,sh600519,1825.0000,1852.0000,1816.0000,11052.6840,2709000,5.991297
2022-09-13,sh600519,1880.0000,1888.3800,1858.2300,11245.2100,2869300,5.984678
2022-09-14,sh600519,1864.0100,1880.0000,1863.0000,11188.9320,1604200,5.986587
2022-09-15,sh600519,1870.0000,1893.1200,1869.9600,11250.8380,2081000,5.984488
2022-09-16,sh600519,1871.8000,1885.6000,1855.1100,11132.6550,2412100,5.988518
2022-09-19,sh600519,1855.0000,1888.5900,1852.8800,11203.7900,1858400,5.986082
2022-09-20,sh600519,1869.9800,1884.6000,1858.5500,11239.5820,1411600,5.984868
2022-09-21,sh600519,1876.6700,1883.0000,1848.0000,11070.7490,2099500,5.990665
2022-09-22,sh600519,1840.0000,1841.0200,1816.8500,10917.7300,2270400,5.996084
2022-09-23,sh600519,1820.8100,1855.0000,1820.8100,10994.3800,2828800,5.993349
2022-09-26,sh600519,1820.0000,1888.0000,1819.9800,11155.1660,3513500,5.987743
2022-09-27,sh600519,1868.8600,1897.0000,1851.1100,11295.8600,2882000,5.982977
2022-09-28,sh600519,1880.5000,1899.4000,1874.0100,11267.7210,2144600,5.983920
2022-09-29,sh600519,1897.9800,1902.1800,1871.1300,11252.8070,2159000,5.984422
2022-09-30,sh600519,1898.6200,1901.9900,1866.0000,11208.6300,2128900,5.985917
2022-10-10,sh600519,1890.0000,1891.0000,1780.2000,10721.8280,4858400,6.003263
2022-10-11,sh600519,1789.0000,1806.0000,1760.0000,10688.0050,3204700,6.004531
2022-10-12,sh600519,1773.6600,1779.0000,1708.0000,10575.5060,4819500,6.008810
2022-10-13,sh600519,1720.4600,1735.0000,1697.0000,10237.7840,6396900,6.022261
2022-10-14,sh600519,1710.0000,1755.0000,1701.9400,10449.5000,4652000,6.013720
2022-10-17,sh600519,1726.0000,1727.9900,1697.8000,10341.9540,3355000,6.018012
2022-10-18,sh600519,1725.0000,1730.0000,1701.0000,10270.6500,2808300,6.020911
2022-10-19,sh600519,1701.9800,1701.9800,1648.0000,9945.1960,6012100,6.034706
2022-10-20,sh600519,1621.0000,1668.4300,1611.0000,9919.8710,4277800,6.035821
2022-10-21,sh600519,1640.0000,1647.8000,1610.0000,9810.1300,3890700,6.040720
2022-10-24,sh600519,1570.0000,1589.0000,1488.0100,9119.4900,13209800,6.074476
2022-10-25,sh600519,1479.4200,1515.0000,1472.0000,8998.3240,8136200,6.080976
2022-10-26,sh600519,1488.8000,1514.9900,1460.0000,8910.1370,8178100,6.085827
2022-10-27,sh600519,1480.0000,1487.9800,1383.8500,8555.1380,10710600,6.106451
2022-10-28,sh600519,1390.7700,1406.0000,1358.7100,8324.3990,9314300,6.120882
2022-10-31,sh600519,1350.0000,1382.0100,1333.0000,8268.1220,7184700,6.124535
2022-11-01,sh600519,1359.0000,1469.4000,1359.0000,8898.4880,11876600,6.086475
2022-11-02,sh600519,1460.0000,1506.0000,1436.0000,8954.4840,7977700,6.083375
2022-11-03,sh600519,1443.5700,1462.5000,1428.1000,8771.8070,4516000,6.093648
2022-11-04,sh600519,1437.9600,1527.7700,1437.9600,9205.5390,8000800,6.069973
2022-11-07,sh600519,1494.0500,1518.4800,1486.5900,9152.3000,4269800,6.072749
2022-11-08,sh600519,1508.0000,1517.9900,1468.9600,9027.1950,3932500,6.079410
2022-11-09,sh600519,1483.9500,1488.8800,1450.0000,8886.6130,3609000,6.087138
2022-11-10,sh600519,1444.0000,1485.0000,1435.1500,8971.5930,3772000,6.082436
2022-11-11,sh600519,1528.0000,1544.4500,1494.9800,9270.7080,7394700,6.066622
2022-11-14,sh600519,1543.5000,1563.5300,1528.0000,9298.0030,5737000,6.065234
2022-11-15,sh600519,1532.0000,1598.9700,1521.0000,9607.5300,5631800,6.050082
2022-11-16,sh600519,1581.0000,1598.0000,1568.0000,9592.0540,2684800,6.050815
2022-11-17,sh600519,1590.5000,1596.3000,1552.8800,9489.3470,3058000,6.055742
2022-11-18,sh600519,1576.0000,1584.0000,1556.0000,9490.0790,2360900,6.055706
2022-11-21,sh600519,1541.3500,1541.3500,1498.5300,9224.7290,3909600,6.068981
2022-11-22,sh600519,1517.4400,1559.7400,1516.1100,9337.1160,2990100,6.063259
2022-11-23,sh600519,1528.0000,1557.0000,1521.0400,9388.0470,2217700,6.060715
2022-11-24,sh600519,1559.0000,1568.8800,1513.9800,9224.7860,2768700,6.068978
2022-11-25,sh600519,1520.5100,1532.0000,1510.0000,9236.1540,1862100,6.068392
2022-11-28,sh600519,1484.7800,1515.0000,1451.0000,9167.8890,4772300,6.071932
2022-11-29,sh600519,1569.5600,1600.0000,1551.0000,9669.4360,7342000,6.047177
2022-11-30,sh600519,1587.1200,1604.0000,1585.0000,9669.4360,3149700,6.047177
2022-12-01,sh600519,1660.0000,1680.0000,1630.7900,9848.3980,5135800,6.038998
2022-12-02,sh600519,1635.0000,1652.9900,1621.2000,9865.7320,2388400,6.038223
2022-12-05,sh600519,1668.0000,1679.0000,1649.0000,10040.3050,3612700,6.030575
2022-12-06,sh600519,1655.0000,1726.9000,1652.0000,10170.3070,4414700,6.025063
2022-12-07,sh600519,1677.8100,1720.0000,1670.0300,10147.7960,3552600,6.026007
2022-12-08,sh600519,1682.0000,1695.0000,1665.0000,10164.7910,1973000,6.025294
2022-12-09,sh600519,1692.0000,1730.0000,1682.0000,10406.6730,3921500,6.015418
2022-12-12,sh600519,1715.8600,1766.0000,1715.0000,10457.4350,3475500,6.013407
2022-12-13,sh600519,1737.0000,1760.6900,1730.0000,10519.2280,2138500,6.010987
2022-12-14,sh600519,1743.0000,1780.8000,1743.0000,10636.6800,2909800,6.006471
2022-12-15,sh600519,1805.0000,1816.0000,1780.0000,10727.3990,3063400,6.003055
2022-12-16,sh600519,1773.2500,1791.0000,1743.0000,10726.7240,3330300,6.003080
2022-12-19,sh600519,1798.8000,1798.8000,1760.1700,10648.6670,2498700,6.006016
2022-12-20,sh600519,1765.3300,1765.3300,1682.4500,10322.2560,4619800,6.018808
2022-12-21,sh600519,1724.0000,1739.0000,1717.6500,10457.3230,2281600,6.013412
2022-12-22,sh600519,1756.7000,1783.0000,1745.0000,10620.5280,2317500,6.007086
2022-12-23,sh600519,1752.4000,1782.0000,1745.0000,10637.4110,1731900,6.006443
2022-12-26,sh600519,1771.0000,1771.0000,1735.0200,10474.5440,2138400,6.012734
2022-12-27,sh600519,1738.0000,1747.1500,1725.5000,10546.8610,1790500,6.085898
2022-12-28,sh600519,1745.8800,1747.0000,1708.0100,10546.8610,2143800,6.085898
2022-12-29,sh600519,1717.0000,1726.9900,1701.0500,10468.0720,2241800,6.089629
2022-12-30,sh600519,1736.0000,1752.9900,1727.0000,10513.0940,2533300,6.087489
2023-01-03,sh600519,1731.2000,1738.4300,1706.0100,10530.0330,2603400,6.086689
2023-01-04,sh600519,1730.0000,1738.7000,1716.0000,10501.8950,2041600,6.088020
2023-01-05,sh600519,1737.0000,1801.0000,1733.0000,10929.5490,4794300,6.068600
2023-01-06,sh600519,1806.1200,1811.9000,1787.0000,10945.1380,2490400,6.067923
2023-01-09,sh600519,1835.0000,1849.9800,1807.8200,11155.7850,3097700,6.058975
2023-01-10,sh600519,1839.0600,1864.5000,1830.5000,11230.3530,2273200,6.055894
2023-01-11,sh600519,1856.0000,1860.0000,1836.8400,11176.8890,2272000,6.058099
2023-01-12,sh600519,1848.0000,1856.0000,1833.0000,11115.2650,1719300,6.060668
2023-01-13,sh600519,1844.1800,1888.0000,1840.0000,11413.5360,3194000,6.048509
2023-01-16,sh600519,1886.0000,1935.0000,1881.0000,11559.2960,3684800,6.042812
2023-01-17,sh600519,1913.1600,1923.0000,1895.0000,11531.7200,2129900,6.043878
2023-01-18,sh600519,1914.0000,1925.3000,1890.0000,11447.3030,2106300,6.047175
2023-01-19,sh600519,1892.5000,1892.5200,1866.0000,11375.3240,2343900,6.050028
2023-01-20,sh600519,1889.1900,1898.2500,1858.0000,11261.6430,2560900,6.054614
2023-01-30,sh600519,1909.0000,1909.0000,1880.0000,11419.1640,3592300,6.048286
2023-01-31,sh600519,1896.5000,1899.9500,1833.0700,11181.4470,3299100,6.057909
2023-02-01,sh600519,1854.9800,1859.0000,1811.4000,11177.0010,3397400,6.058094
2023-02-02,sh600519,1848.3800,1859.0000,1826.0000,11127.1390,2975900,6.060170
2023-02-03,sh600519,1820.0000,1826.0000,1795.6800,11025.2210,3494500,6.064478
2023-02-06,sh600519,1780.0000,1795.0000,1760.0000,10895.7820,4266100,6.070074
2023-02-07,sh600519,1808.0800,1808.8000,1787.7300,10907.0380,2432200,6.069582
2023-02-08,sh600519,1800.0100,1805.9700,1775.0000,10833.8770,1667600,6.072801
2023-02-09,sh600519,1778.0000,1829.7500,1775.0100,11025.2210,2975400,6.064478
2023-02-10,sh600519,1810.1000,1818.4900,1801.0500,10980.1980,1798500,6.066408
2023-02-13,sh600519,1810.0000,1874.5000,1810.0000,11241.0450,3814700,6.055456
2023-02-14,sh600519,1856.4600,1857.4000,1835.0000,11170.3610,1956600,6.058369
2023-02-15,sh600519,1843.7800,1855.3000,1835.8100,11154.6590,1817700,6.059022
2023-02-16,sh600519,1841.3400,1887.0000,1828.0000,11271.8290,3324600,6.054199
2023-02-17,sh600519,1850.1600,1873.0000,1820.0500,11040.8660,2644300,6.063811
2023-02-20,sh600519,1821.0000,1878.8000,1817.2000,11346.0030,2966900,6.051202
2023-02-21,sh600519,1874.0000,1874.0000,1851.0000,11300.9810,1875100,6.053016
2023-02-22,sh600519,1855.0100,1863.9000,1831.8000,11126.5200,2186900,6.060196
2023-02-23,sh600519,1840.0000,1848.8000,1805.2500,11025.2210,2188100,6.064478
2023-02-24,sh600519,1810.1100,1810.1900,1782.1800,10856.3880,2463500,6.071805
2023-02-27,sh600519,1778.5000,1815.0000,1775.0200,10982.5060,2206500,6.066309
2023-02-28,sh600519,1819.0000,1822.0100,1783.3000,11001.2460,2395200,6.065503
2023-03-01,sh600519,1813.0000,1848.0000,1803.2300,11140.7590,2445800,6.059601
2023-03-02,sh600519,1829.0000,1838.9900,1821.1000,11081.4980,1314400,6.062089
2023-03-03,sh600519,1839.7700,1841.6100,1802.4800,11025.4460,1619800,6.064468
2023-03-06,sh600519,1818.1800,1818.5000,1796.7700,10964.1030,2064600,6.067102
2023-03-07,sh600519,1805.9800,1816.6000,1788.0000,10858.0760,2278500,6.071731
2023-03-08,sh600519,1780.0200,1785.9400,1761.1200,10757.4520,2276400,6.076215
2023-03-09,sh600519,1768.0000,1785.0000,1740.0000,10755.2000,2761200,6.076316
2023-03-10,sh600519,1751.5700,1781.0000,1750.0000,10642.5330,2116100,6.081447
2023-03-13,sh600519,1751.0000,1775.0000,1749.0000,10710.0660,2056000,6.078358
2023-03-14,sh600519,1763.7800,1779.8800,1738.5000,10732.5770,2370500,6.077337
2023-03-15,sh600519,1778.3700,1784.8800,1750.1200,10647.7100,1921300,6.081209
2023-03-16,sh600519,1740.0000,1770.0000,1739.0100,10653.7320,1764600,6.080932
2023-03-17,sh600519,1770.0000,1775.8900,1736.0000,10597.5100,2702300,6.083530
2023-03-20,sh600519,1751.0000,1755.0000,1728.0000,10527.7260,2049100,6.086798
2023-03-21,sh600519,1735.0000,1785.8500,1723.9700,10783.2270,3114200,6.075057
2023-03-22,sh600519,1780.0000,1793.0000,1765.5500,10773.9410,1533000,6.075474
2023-03-23,sh600519,1766.0000,1791.1100,1765.0100,10782.4390,1735600,6.075093
2023-03-24,sh600519,1769.0800,1783.6000,1766.0000,10803.5990,1277000,6.074147
2023-03-27,sh600519,1778.6000,1778.6000,1756.0000,10742.6500,1529600,6.076881
2023-03-28,sh600519,1770.0000,1790.0000,1765.0200,10821.4950,1726100,6.073350
2023-03-29,sh600519,1799.0000,1800.0000,1785.0700,10867.6430,1539300,6.071309
2023-03-30,sh600519,1793.0000,1805.0000,1779.0000,10923.9210,1925700,6.068845
2023-03-31,sh600519,1825.0000,1848.0000,1819.0000,11036.4760,2744600,6.063998
2023-04-03,sh600519,1825.0000,1827.7700,1800.0800,10935.5700,2141700,6.068338
2023-04-04,sh600519,1812.0000,1815.1700,1787.0000,11006.0300,2006600,6.065298
2023-04-06,sh600519,1805.0000,1815.9000,1788.2200,10906.8120,1487400,6.069591
2023-04-07,sh600519,1795.0000,1806.0100,1788.3400,10873.2150,1352500,6.071064
2023-04-10,sh600519,1790.8800,1790.8800,1744.0000,10764.6550,2941800,6.075890
2023-04-11,sh600519,1793.0000,1793.0000,1744.0000,10617.2080,2920900,6.082617
2023-04-12,sh600519,1747.2600,1750.0000,1692.8200,10327.9400,5110500,6.096417
2023-04-13,sh600519,1690.0000,1723.5900,1684.0100,10490.5830,2954300,6.088557
2023-04-14,sh600519,1726.0000,1733.0000,1704.8000,10436.6690,2123200,6.091133
2023-04-17,sh600519,1740.0000,1753.0000,1728.0000,10659.4160,3046700,6.080671
2023-04-18,sh600519,1753.0000,1769.0000,1746.0200,10687.5550,1831400,6.079383
2023-04-19,sh600519,1762.0000,1765.5000,1750.0000,10693.1820,1460100,6.079126
2023-04-20,sh600519,1760.1100,1765.0000,1729.0000,10596.8350,1988500,6.083562
2023-04-21,sh600519,1746.0000,1748.0800,1721.2800,10504.4830,1851800,6.087897
2023-04-24,sh600519,1721.0000,1722.0000,1701.0000,10389.2830,2023100,6.093421
2023-04-25,sh600519,1706.0000,1735.9800,1702.0000,10532.1160,2058300,6.086591
2023-04-26,sh600519,1744.0000,1761.0000,1720.0000,10608.2590,2789200,6.083031
2023-04-27,sh600519,1748.0000,1770.0000,1730.0000,10687.1040,2560500,6.079403
2023-04-28,sh600519,1763.0100,1782.7700,1753.9700,10701.7370,2622500,6.078736
2023-05-04,sh600519,1769.0000,1777.6700,1736.0000,10641.9700,2746600,6.081473
2023-05-05,sh600519,1766.0000,1766.0000,1736.3900,10642.5330,2071400,6.081447
2023-05-08,sh600519,1768.3200,1769.0000,1717.1700,10476.6260,3317100,6.089221
2023-05-09,sh600519,1715.0000,1739.9800,1707.0700,10484.9550,2937800,6.088824
2023-05-10,sh600519,1715.1900,1736.0000,1715.0000,10501.8380,2077300,6.088022
2023-05-11,sh600519,1731.0000,1735.0000,1715.0000,10457.2100,1524600,6.090148
2023-05-12,sh600519,1715.0000,1729.8800,1705.0100,10397.1620,1946000,6.093039
2023-05-15,sh600519,1702.0000,1717.0000,1691.2000,10452.8770,2574000,6.090355
2023-05-16,sh600519,1713.9900,1719.9900,1697.0000,10379.6600,2222400,6.093889
2023-05-17,sh600519,1708.0000,1713.0000,1699.0100,10366.7720,1677700,6.094516
2023-05-18,sh600519,1704.9900,1705.4000,1690.0000,10310.4940,1921900,6.097276
2023-05-19,sh600519,1671.0000,1704.3300,1655.5500,10358.3300,2674100,6.094928
2023-05-22,sh600519,1690.0100,1752.0000,1690.0000,10620.0210,4128400,6.082486
2023-05-23,sh600519,1753.9900,1754.0000,1724.5500,10499.3060,1689400,6.088142
2023-05-24,sh600519,1732.3300,1733.5500,1710.1100,10422.4870,1847900,6.091815
2023-05-25,sh600519,1705.9900,1710.0000,1690.0000,10366.7720,2246600,6.094516
2023-05-26,sh600519,1702.0000,1705.0000,1675.0100,10308.0180,1829100,6.097398
2023-05-29,sh600519,1697.0000,1698.3500,1678.0000,10299.2390,1777100,6.097832
2023-05-30,sh600519,1689.0000,1698.8900,1658.5600,10182.6880,2645300,6.103668
2023-05-31,sh600519,1661.0100,1665.7200,1626.6700,9961.0100,3695700,6.115176
2023-06-01,sh600519,1618.0000,1674.9900,1618.0000,10000.5170,2864500,6.113084
2023-06-02,sh600519,1645.0000,1673.1500,1636.1100,10195.6880,2505800,6.103010
2023-06-05,sh600519,1666.1600,1682.8800,1663.0000,10164.1720,1620100,6.104608
2023-06-06,sh600519,1670.0000,1684.0000,1651.5500,10175.3720,1991400,6.104039
2023-06-07,sh600519,1672.9900,1678.8000,1650.0000,10084.8210,1789000,6.108681
2023-06-08,sh600519,1655.8300,1675.0000,1650.0100,10181.0560,1470300,6.103751
2023-06-09,sh600519,1671.9900,1677.9700,1666.0000,10169.8000,1758000,6.104322
2023-06-12,sh600519,1666.0200,1708.0000,1661.5200,10338.6330,2702900,6.095892
2023-06-13,sh600519,1693.8800,1704.6100,1685.0000,10355.5160,1466300,6.095065
2023-06-14,sh600519,1719.0000,1734.2400,1706.2100,10512.4190,3150600,6.087521
2023-06-15,sh600519,1730.3400,1755.6500,1723.0000,10670.6710,2522300,6.080154
2023-06-16,sh600519,1757.0000,1800.0000,1750.1000,10910.9210,3791800,6.069412
2023-06-19,sh600519,1790.0000,1797.9500,1738.0000,10608.7660,3170000,6.083008
2023-06-20,sh600519,1740.0000,1765.0000,1735.0000,10605.7270,2094700,6.083149
2023-06-21,sh600519,1740.0000,1756.6000,1735.0000,10562.7870,1772100,6.085151
2023-06-26,sh600519,1720.1100,1730.0000,1695.0000,10411.7940,2399300,6.092331
2023-06-27,sh600519,1709.9900,1719.7000,1700.0900,10423.3310,1517400,6.091775
2023-06-28,sh600519,1713.1800,1734.0000,1711.0000,10520.8600,1857400,6.087122
2023-06-29,sh600519,1731.0000,1734.9900,1713.0100,10438.3010,1423100,6.091054
2023-06-30,sh600519,1700.0000,1708.9900,1686.4800,10456.3150,2045900,6.183510
2023-07-03,sh600519,1699.0000,1725.2800,1692.0000,10642.5940,1913900,6.172840
2023-07-04,sh600519,1724.2000,1734.4400,1718.0800,10679.1750,1247200,6.170793
2023-07-05,sh600519,1730.0000,1731.9700,1700.0000,10593.5200,1474500,6.175611
2023-07-06,sh600519,1709.1600,1733.0000,1700.0000,10523.7360,1514100,6.179600
2023-07-07,sh600519,1701.0000,1708.9900,1690.0000,10450.8560,1516700,6.183829
2023-07-10,sh600519,1705.0000,1714.9600,1700.0000,10512.0300,1347700,6.180275
2023-07-11,sh600519,1710.0000,1715.1700,1702.1000,10563.2430,1258300,6.177335
2023-07-12,sh600519,1713.0400,1723.0000,1711.3300,10584.6280,1328500,6.176116
2023-07-13,sh600519,1721.9900,1745.4100,1719.0100,10723.0720,2580700,6.168357
2023-07-14,sh600519,1756.0000,1758.5000,1741.2000,10805.2370,1855000,6.163855
2023-07-17,sh600519,1751.0000,1751.0000,1726.6000,10675.6290,1433600,6.170991
2023-07-18,sh600519,1733.5800,1734.5100,1721.0000,10635.2780,1473800,6.173252
2023-07-19,sh600519,1715.0100,1728.0000,1713.8000,10636.4040,1248300,6.173189
2023-07-20,sh600519,1727.9900,1748.9800,1722.0000,10642.0320,1669300,6.172872
2023-07-21,sh600519,1731.8800,1772.5000,1726.0000,10908.2250,3937700,6.158316
2023-07-24,sh600519,1750.5200,1771.1500,1750.5200,10907.3810,1971300,6.158361
2023-07-25,sh600519,1800.0000,1828.8800,1799.9900,11230.4150,4308600,6.141705
2023-07-26,sh600519,1828.5500,1835.9900,1815.0800,11230.4150,1961100,6.141705
2023-07-27,sh600519,1836.0000,1854.7900,1828.7000,11283.7660,2034000,6.139054
2023-07-28,sh600519,1832.0000,1900.0000,1828.0100,11615.6350,3901800,6.123160
2023-07-31,sh600519,1908.0000,1935.0000,1874.0000,11523.2270,4537900,6.127486
2023-08-01,sh600519,1878.0100,1906.9500,1877.8900,11570.6130,1923100,6.125258
2023-08-02,sh600519,1883.4000,1890.0000,1866.8000,11519.9630,1850900,6.127640
2023-08-03,sh600519,1870.0000,1890.0000,1850.5000,11511.3530,2154300,6.128047
2023-08-04,sh600519,1887.8200,1906.5200,1882.0000,11595.7690,2457400,6.124084
2023-08-07,sh600519,1880.9500,1898.0000,1871.0300,11564.5910,2389200,6.125540
2023-08-08,sh600519,1880.0300,1893.7100,1864.0800,11576.2410,1773600,6.124995
2023-08-09,sh600519,1890.0000,1905.0000,1882.9600,11577.8170,1852300,6.124922
2023-08-10,sh600519,1882.0000,1889.0000,1862.3000,11491.8240,1843600,6.128973
2023-08-11,sh600519,1885.0000,1885.4000,1833.8800,11261.0860,2678600,6.140178
2023-08-14,sh600519,1810.0000,1824.9800,1796.0000,11086.6250,2373100,6.148988
2023-08-15,sh600519,1809.0000,1818.0000,1801.0100,11142.7900,1481800,6.146119
2023-08-16,sh600519,1807.5800,1823.3500,1806.0000,11182.2970,1318400,6.144119
2023-08-17,sh600519,1806.0800,1834.0000,1801.5500,11227.6010,1729000,6.141846
2023-08-18,sh600519,1831.9900,1834.9900,1802.5900,11084.3180,1702300,6.149107
2023-08-21,sh600519,1793.0000,1813.9900,1790.0700,11019.0920,1891200,6.152480
2023-08-22,sh600519,1800.9900,1802.5600,1771.0200,11002.2090,2665000,6.153361
2023-08-23,sh600519,1797.0000,1800.0000,1770.0800,10923.4200,1991200,6.157508
2023-08-24,sh600519,1779.6200,1828.0000,1775.0000,11161.4740,2605500,6.145171
2023-08-25,sh600519,1808.7900,1837.7700,1806.0100,11210.3230,1883100,6.142710
2023-08-28,sh600519,1898.5800,1898.5800,1831.8800,11266.5450,4105200,6.139907
2023-08-29,sh600519,1828.0000,1869.0800,1828.0000,11358.6150,2895000,6.135381
2023-08-30,sh600519,1867.9000,1868.0000,1843.6600,11384.8970,1981200,6.134104
2023-08-31,sh600519,1860.0000,1860.0000,1841.0100,11334.2470,1482000,6.136571
2023-09-01,sh600519,1852.8300,1865.4700,1846.0300,11357.0390,1314500,6.135458
2023-09-04,sh600519,1862.6000,1879.9400,1853.5300,11441.1740,2387100,6.131390
2023-09-05,sh600519,1868.0000,1868.0000,1856.8000,11400.0920,1565900,6.133368
2023-09-06,sh600519,1858.0000,1866.6600,1849.0100,11413.0360,1112100,6.132744
2023-09-07,sh600519,1852.6000,1856.8900,1831.1900,11283.5970,1698200,6.139063
2023-09-08,sh600519,1834.9400,1834.9400,1814.9500,11173.8560,1221200,6.144546
2023-09-11,sh600519,1808.0000,1840.0000,1808.0000,11194.5090,1592600,6.143504
2023-09-12,sh600519,1826.6000,1826.9800,1816.0200,11182.0720,1216800,6.144131
2023-09-13,sh600519,1829.9200,1829.9200,1800.0500,11181.7910,1950100,6.144145
2023-09-14,sh600519,1822.5300,1826.9800,1806.0000,11174.9250,1750500,6.144491
2023-09-15,sh600519,1819.0000,1819.7800,1781.3000,10968.3860,2843100,6.155133
2023-09-18,sh600519,1776.3100,1829.5000,1773.0000,11234.0730,3255900,6.141523
2023-09-19,sh600519,1822.2000,1829.0000,1808.0000,11221.3540,1499000,6.142158
2023-09-20,sh600519,1822.0000,1830.0000,1818.0500,11204.8080,1250200,6.142987
2023-09-21,sh600519,1818.0100,1822.0000,1798.3900,11060.6810,1948900,6.150324
2023-09-22,sh600519,1805.6300,1849.9600,1792.4100,11345.5020,3439000,6.136021
2023-09-25,sh600519,1847.5000,1848.0000,1826.5900,11251.9690,1397900,6.140631
2023-09-26,sh600519,1828.0000,1834.8800,1813.1000,11159.7860,1576200,6.145257
2023-09-27,sh600519,1815.0000,1833.5000,1802.8000,11148.5310,2088000,6.145827
2023-09-28,sh600519,1824.9800,1824.9800,1797.8000,11061.5820,2053800,6.150278
2023-10-09,sh600519,1796.9400,1796.9400,1764.9000,10940.3030,2976300,6.156614
2023-10-10,sh600519,1782.8900,1798.9800,1768.0000,10900.9090,2028400,6.158706
2023-10-11,sh600519,1784.6500,1784.6500,1768.0000,10948.7450,2194500,6.156168
2023-10-12,sh600519,1797.9000,1798.2300,1777.2000,10990.9530,1486500,6.153949
2023-10-13,sh600519,1770.8800,1778.0100,1738.1900,10793.9810,2502800,6.164467
2023-10-16,sh600519,1750.9800,1756.0000,1722.4500,10675.2350,2079000,6.171013
2023-10-17,sh600519,1739.0000,1739.4400,1716.0000,10653.2870,1494500,6.172240
2023-10-18,sh600519,1718.8000,1742.0000,1717.1800,10664.5430,2031800,6.171611
2023-10-19,sh600519,1700.0000,1700.0300,1626.0300,10113.0220,7349200,6.204308
2023-10-20,sh600519,1630.0000,1655.0000,1616.2500,10197.4380,4537600,6.199050
2023-10-23,sh600519,1629.9700,1660.0000,1621.6000,10191.6980,2523400,6.199405
2023-10-24,sh600519,1648.0000,1653.3600,1621.2100,10185.9010,2986100,6.199763
2023-10-25,sh600519,1670.1100,1698.0000,1667.0200,10380.3410,3617900,6.187983
2023-10-26,sh600519,1667.0000,1688.0000,1662.0100,10350.6820,2238600,6.189748
2023-10-27,sh600519,1664.0000,1691.8800,1660.6000,10375.8950,3426200,6.188247
2023-10-30,sh600519,1669.0000,1688.8800,1669.0000,10400.0380,2408600,6.186816
2023-10-31,sh600519,1680.0000,1690.0000,1667.8500,10420.1850,1985900,6.185628
2023-11-01,sh600519,1850.0000,1850.0000,1773.7900,10962.7580,9314300,6.155429
2023-11-02,sh600519,1795.0000,1795.0000,1776.0600,10954.3730,2790800,6.155871
2023-11-03,sh600519,1780.0000,1814.8900,1774.0000,11132.9980,3017600,6.146617
2023-11-06,sh600519,1820.0000,1823.7900,1801.1200,11137.2750,2552400,6.146399
2023-11-07,sh600519,1805.0000,1810.0000,1784.0800,11020.0490,1958200,6.152431
2023-11-08,sh600519,1784.0500,1803.8000,1782.8700,11060.4000,1454600,6.150339
2023-11-09,sh600519,1790.1100,1799.0000,1783.0000,11036.5940,1280000,6.151570
2023-11-10,sh600519,1780.5500,1788.0000,1773.1000,10933.7750,1646600,6.156960
2023-11-13,sh600519,1772.2800,1784.8800,1756.9800,10867.1420,1837000,6.160511
2023-11-14,sh600519,1764.0000,1774.9900,1760.0100,10874.2900,1281700,6.160128
2023-11-15,sh600519,1779.0000,1782.8900,1767.0000,10917.3980,1843500,6.157828
2023-11-16,sh600519,1774.0000,1776.0000,1760.0500,10844.9130,1255800,6.161707
2023-11-17,sh600519,1752.0000,1759.0000,1737.9000,10807.6010,2171400,6.163726
2023-11-20,sh600519,1755.0000,1769.5000,1736.6600,10858.7010,1860800,6.160965
2023-11-21,sh600519,1783.4200,1798.0000,1770.1000,11013.4640,3009800,6.152773
2023-11-22,sh600519,1783.3000,1794.3500,1780.5400,10965.6840,1266500,6.155275
2023-11-23,sh600519,1778.3000,1788.0000,1771.0000,10990.9530,1155000,6.153949
2023-11-24,sh600519,1789.0000,1789.0000,1775.0000,10940.3030,1308500,6.156614
2023-11-27,sh600519,1773.3000,1773.3000,1755.0000,10861.5150,1626100,6.160814
2023-11-28,sh600519,1761.0000,1773.8800,1758.0000,10895.5060,1452000,6.158994
2023-11-29,sh600519,1768.0000,1776.0000,1758.0000,10927.4160,1714900,6.157297
2023-11-30,sh600519,1776.7200,1794.7600,1771.0800,11021.9060,2135300,6.152334
2023-12-01,sh600519,1789.3100,1789.7000,1748.0000,10846.2070,3305100,6.161637
2023-12-04,sh600519,1760.2800,1761.8300,1745.2800,10792.3490,1844000,6.164556
2023-12-05,sh600519,1748.7800,1748.8800,1708.0200,10557.6150,2990300,6.177657
2023-12-06,sh600519,1702.6300,1719.4700,1701.1300,10523.8490,2385100,6.179594
2023-12-07,sh600519,1704.0000,1709.0800,1687.3000,10506.9650,2504200,6.180568
2023-12-08,sh600519,1700.0000,1708.8400,1692.2200,10534.6540,2628800,6.178973
2023-12-11,sh600519,1690.0000,1704.0000,1657.0000,10495.7100,3683100,6.181219
2023-12-12,sh600519,1687.6000,1709.9900,1684.0000,10563.1870,2101100,6.177338
2023-12-13,sh600519,1705.2200,1705.7200,1657.0800,10281.8550,3878900,6.193889
2023-12-14,sh600519,1665.9600,1669.8700,1635.0200,10146.2250,4067200,6.202228
2023-12-15,sh600519,1648.2300,1677.7700,1644.0100,10197.4380,3709300,6.199050
2023-12-18,sh600519,1640.0000,1663.3300,1635.0000,10293.1100,1989700,6.193207
2023-12-19,sh600519,1665.0000,1679.8700,1645.0900,10366.2710,2220700,6.188819
2023-12-20,sh600519,1658.0000,1660.0000,1643.0000,10331.9190,2309200,6.262566
2023-12-21,sh600519,1640.0100,1672.3200,1640.0100,10445.6560,2901200,6.254884
2023-12-22,sh600519,1669.7000,1679.1000,1658.0100,10449.3140,2166700,6.254640
2023-12-25,sh600519,1671.0000,1678.6000,1668.0000,10456.9120,1247100,6.254134
2023-12-26,sh600519,1672.5000,1674.9000,1657.5000,10445.6560,1477100,6.254884
2023-12-27,sh600519,1668.0000,1677.1500,1661.0000,10429.1110,1605600,6.255990
2023-12-28,sh600519,1670.9900,1727.9900,1667.0600,10755.1270,3833800,6.234892
2023-12-29,sh600519,1720.0000,1749.5800,1720.0000,10760.8110,2753900,6.234537
2024-01-02,sh600519,1715.0000,1718.1900,1678.1000,10530.1290,3215600,6.249298
2024-01-03,sh600519,1681.1100,1695.2200,1676.3300,10580.7230,2022900,6.245999
2024-01-04,sh600519,1693.0000,1693.0000,1662.9300,10440.0290,2155100,6.255260
2024-01-05,sh600519,1661.3300,1678.6600,1652.1100,10408.2880,2024300,6.257387
2024-01-08,sh600519,1661.0000,1662.0000,1640.0100,10299.2780,2558600,6.264806
2024-01-09,sh600519,1641.0100,1652.3200,1635.0700,10282.4510,2441200,6.265966
2024-01-10,sh600519,1641.1000,1659.4600,1638.0000,10285.2650,1735100,6.265772
2024-01-11,sh600519,1640.1000,1657.9400,1638.0600,10313.7980,1644100,6.263808
2024-01-12,sh600519,1639.9700,1651.2600,1639.4000,10294.0440,1160300,6.265166
2024-01-15,sh600519,1635.0000,1654.9700,1634.4500,10276.8230,1785400,6.266355
2024-01-16,sh600519,1638.5000,1647.0000,1624.9400,10273.6160,2590300,6.266578
2024-01-17,sh600519,1630.0000,1635.4800,1577.0000,9922.2740,5163300,6.291867
2024-01-18,sh600519,1574.0000,1612.8000,1555.5500,10112.8870,6044000,6.277904
2024-01-19,sh600519,1608.8700,1638.0100,1600.8800,10248.6850,4637800,6.268309
2024-01-22,sh600519,1629.0000,1643.0000,1618.8800,10288.0790,4694600,6.265578
2024-01-23,sh600519,1632.0100,1639.9500,1609.0000,10158.6400,3483500,6.274639
2024-01-24,sh600519,1629.0000,1633.8400,1603.5600,10198.0350,3321600,6.271854
2024-01-25,sh600519,1626.8200,1641.0000,1622.0000,10265.5680,3120600,6.267136
2024-01-26,sh600519,1630.3600,1644.1000,1623.0000,10261.7410,2695500,6.267401
2024-01-29,sh600519,1640.3000,1660.5800,1640.2900,10333.1010,3142100,6.262485
2024-01-30,sh600519,1649.9800,1649.9800,1610.0000,10124.8740,3086600,6.277045
2024-01-31,sh600519,1613.0000,1619.9700,1598.1300,10079.3450,2964900,6.280318
2024-02-01,sh600519,1605.5000,1623.8900,1601.0000,10108.1590,2648500,6.278243
2024-02-02,sh600519,1615.0000,1627.7800,1581.0000,10029.2020,3938200,6.283961
2024-02-05,sh600519,1596.0000,1637.4400,1595.2500,10220.6020,5313000,6.270270
2024-02-06,sh600519,1630.0100,1685.4800,1626.1000,10479.4230,5247200,6.252639
2024-02-07,sh600519,1681.0300,1714.5900,1661.6100,10676.3390,5260100,6.239861
2024-02-08,sh600519,1720.0100,1725.0000,1685.0000,10648.2560,4675700,6.241651
2024-02-19,sh600519,1737.8700,1737.9300,1688.0000,10588.7700,3697700,6.245478
2024-02-20,sh600519,1697.3600,1697.3600,1656.5600,10445.6560,3447000,6.254884
2024-02-21,sh600519,1666.0200,1731.0000,1662.0000,10713.8760,4615400,6.237484
2024-02-22,sh600519,1707.5000,1723.0100,1700.5300,10717.9280,2279400,6.237228
2024-02-23,sh600519,1711.1100,1724.3800,1700.0200,10693.7850,2730600,6.238754
2024-02-26,sh600519,1708.0000,1708.7400,1685.0200,10586.2380,2731800,6.245642
2024-02-27,sh600519,1683.0000,1692.9200,1678.0000,10555.3980,2208000,6.247646
2024-02-28,sh600519,1688.9200,1696.5700,1674.0100,10510.6570,3186700,6.250577
2024-02-29,sh600519,1681.5500,1696.5000,1679.2000,10586.3510,2475800,6.245635
2024-03-01,sh600519,1690.0000,1694.9700,1676.6800,10530.4110,2686800,6.249280
2024-03-04,sh600519,1679.0000,1680.9900,1670.0500,10481.1110,2648500,6.252527
2024-03-05,sh600519,1670.8100,1697.0000,1666.6800,10586.9130,3623800,6.245598
2024-03-06,sh600519,1691.0000,1695.0000,1678.0200,10505.0290,2214200,6.250947
2024-03-07,sh600519,1680.0000,1689.8000,1678.0000,10522.3630,2159900,6.249807
2024-03-08,sh600519,1680.5600,1686.6800,1670.0500,10453.7040,2215600,6.254347
2024-03-11,sh600519,1675.0000,1698.8800,1673.1800,10583.4800,2989500,6.245820
2024-03-12,sh600519,1693.9400,1749.1000,1690.5000,10867.7390,5422700,6.227931
2024-03-13,sh600519,1739.9700,1748.0000,1720.1000,10768.9720,2650000,6.234028
2024-03-14,sh600519,1719.0000,1734.8400,1711.5000,10708.0790,1940500,6.237849
2024-03-15,sh600519,1712.5000,1732.4000,1712.0000,10712.9190,1783400,6.237544
2024-03-18,sh600519,1715.0000,1719.8500,1699.0000,10660.9750,2605500,6.240839
2024-03-19,sh600519,1703.0000,1719.9400,1693.1100,10659.6240,2394800,6.240925
2024-03-20,sh600519,1703.3600,1713.6800,1700.2300,10668.5160,1524900,6.240358
2024-03-21,sh600519,1708.1000,1719.0000,1704.5000,10665.1390,1659600,6.240573
2024-03-22,sh600519,1705.0300,1708.9900,1688.0000,10622.0870,2545600,6.243329
2024-03-25,sh600519,1698.5400,1698.7700,1680.5800,10552.6400,2447300,6.247826
2024-03-26,sh600519,1687.4600,1712.8000,1687.4600,10666.7710,2806900,6.240469
2024-03-27,sh600519,1705.0000,1712.0000,1699.0000,10620.1170,1811300,6.243455
2024-03-28,sh600519,1695.0000,1718.0000,1693.2000,10623.7190,2464200,6.243224
2024-03-29,sh600519,1701.6400,1710.9900,1698.1000,10630.8100,1345700,6.242768
2024-04-01,sh600519,1709.9900,1734.0000,1708.7000,10734.5300,2713100,6.236184
2024-04-02,sh600519,1722.0000,1724.9900,1705.0500,10693.2220,2544900,6.238789
2024-04-03,sh600519,1734.0000,1739.4400,1710.0200,10699.5250,2904600,6.238390
2024-04-08,sh600519,1695.0000,1696.0000,1662.6000,10426.8600,5916700,6.256141
2024-04-09,sh600519,1660.6700,1673.0000,1658.4500,10401.8720,2559000,6.257819
2024-04-10,sh600519,1662.2700,1664.9900,1645.0000,10321.7330,2763100,6.263264
2024-04-11,sh600519,1640.1100,1650.0000,1634.6900,10321.8460,2276600,6.263256
2024-04-12,sh600519,1651.0000,1664.0000,1634.0300,10243.2260,2674400,6.268689
2024-04-15,sh600519,1635.0100,1675.6100,1634.9800,10462.4270,3581800,6.253767
2024-04-16,sh600519,1665.4900,1679.5600,1659.0000,10445.6560,2626600,6.254884
2024-04-17,sh600519,1668.0000,1675.2000,1658.0000,10428.7730,2481900,6.256013
2024-04-18,sh600519,1659.0100,1682.9800,1658.1800,10450.0460,2656800,6.254591
2024-04-19,sh600519,1660.7800,1668.5000,1641.2800,10314.1920,2350000,6.263781
2024-04-22,sh600519,1654.0000,1678.8800,1645.0000,10474.1330,2995100,6.252990
2024-04-23,sh600519,1675.0000,1695.0000,1675.0000,10571.0430,2498000,6.246628
2024-04-24,sh600519,1696.9800,1699.9100,1683.3300,10578.4720,1708600,6.246145
2024-04-25,sh600519,1690.3300,1695.6000,1682.2500,10575.3200,1447600,6.246350
2024-04-26,sh600519,1694.0000,1714.0000,1693.9800,10667.5590,3099600,6.240419
2024-04-29,sh600519,1696.9500,1728.0000,1693.8200,10637.0000,4133200,6.242371
2024-04-30,sh600519,1705.0100,1729.8800,1705.0000,10642.6280,3076000,6.242011
2024-05-06,sh600519,1733.9700,1765.0000,1727.0000,10953.2810,5990900,6.222748
2024-05-07,sh600519,1765.7900,1777.8000,1756.6800,11008.4330,2492500,6.219454
2024-05-08,sh600519,1769.6900,1769.9700,1755.6700,10974.4980,1476900,6.221477
2024-05-09,sh600519,1758.0000,1764.9800,1750.0000,10929.6440,2238700,6.224171
2024-05-10,sh600519,1761.1000,1767.8800,1733.9900,10833.8600,2620700,6.230008
2024-05-13,sh600519,1732.0200,1732.6600,1701.2200,10648.2560,3766200,6.241651
2024-05-14,sh600519,1705.9900,1713.2700,1700.0100,10625.6320,2127400,6.243100
2024-05-15,sh600519,1702.5800,1708.0000,1698.5900,10614.4890,1573900,6.243817
2024-05-16,sh600519,1705.0000,1709.8800,1690.0000,10639.8140,2968000,6.242191
2024-05-17,sh600519,1700.0100,1716.5800,1700.0000,10698.9060,2892400,6.238429
2024-05-20,sh600519,1717.9900,1732.9900,1708.1100,10665.1390,3142600,6.240573
2024-05-21,sh600519,1708.0000,1709.7300,1698.1600,10642.6280,1629300,6.242011
2024-05-22,sh600519,1703.0000,1709.9600,1691.0000,10601.6020,2028600,6.244648
2024-05-23,sh600519,1700.0000,1706.3800,1690.0800,10569.5240,1888500,6.246727
2024-05-24,sh600519,1693.0000,1695.0000,1677.0000,10485.5010,2021700,6.252237
2024-05-27,sh600519,1678.0000,1687.4500,1668.0100,10446.3320,2509800,6.254839
2024-05-28,sh600519,1670.4000,1675.1700,1663.0000,10415.4920,2352100,6.256904
2024-05-29,sh600519,1666.0000,1680.0000,1665.0000,10468.1670,1965100,6.253385
2024-05-30,sh600519,1675.0000,1675.3800,1649.0000,10327.4730,3220800,6.262870
2024-05-31,sh600519,1650.5000,1663.5000,1648.4500,10324.3780,2185700,6.263082
2024-06-03,sh600519,1650.0000,1650.9200,1635.1100,10273.3900,3026100,6.266593
2024-06-04,sh600519,1640.5000,1656.0000,1636.5500,10351.1100,2084100,6.261257
2024-06-05,sh600519,1652.0000,1658.6800,1643.0300,10299.3340,1905600,6.264802
2024-06-06,sh600519,1643.6600,1651.9900,1635.9100,10275.7540,2561000,6.266430
2024-06-07,sh600519,1646.1300,1646.1800,1619.0100,10159.6530,3352500,6.274567
2024-06-11,sh600519,1602.9900,1605.0000,1567.0000,9877.2520,7024700,6.295253
2024-06-12,sh600519,1570.0000,1590.0000,1570.0000,9892.3340,3317100,6.294115
2024-06-13,sh600519,1576.7700,1576.8900,1553.1500,9798.5200,3618600,6.301259
2024-06-14,sh600519,1555.0000,1563.9600,1520.4600,9798.4630,5951400,6.301262
2024-06-17,sh600519,1532.2900,1548.7700,1511.0100,9722.4880,4831800,6.307161
2024-06-18,sh600519,1530.8900,1554.5400,1516.6800,9609.9330,4125800,6.316091
2024-06-19,sh600519,1497.9900,1504.0000,1482.1000,9668.3270,4126200,6.441257
2024-06-20,sh600519,1500.0000,1516.0100,1498.0000,9663.2620,2471100,6.441745
2024-06-21,sh600519,1500.5000,1504.9800,1470.2200,9499.4940,4332000,6.457848
2024-06-24,sh600519,1423.0000,1488.9900,1414.0100,9530.7280,6384000,6.454728
2024-06-25,sh600519,1477.0000,1502.9900,1477.0000,9587.5680,4209800,6.449109
2024-06-26,sh600519,1480.0000,1501.0700,1477.8000,9602.0320,2957000,6.447692
2024-06-27,sh600519,1492.0000,1493.9700,1468.0000,9609.1790,3282200,6.446993
2024-06-28,sh600519,1480.0000,1494.4900,1464.0000,9479.1780,3858200,6.459890
2024-07-01,sh600519,1468.8800,1472.9900,1428.0000,9327.1720,3216100,6.475494
2024-07-02,sh600519,1433.0000,1498.0000,1433.0000,9610.3610,5185300,6.446878
2024-07-03,sh600519,1499.0000,1513.0100,1488.0200,9662.6990,3157300,6.441799
2024-07-04,sh600519,1505.0000,1512.0000,1481.1300,9582.4470,2438000,6.449612
2024-07-05,sh600519,1479.0000,1493.1800,1450.0000,9398.1940,3882900,6.468131
2024-07-08,sh600519,1443.0000,1457.7700,1419.1400,9212.4780,3952700,6.487661
2024-07-09,sh600519,1420.0000,1454.8900,1410.1000,9313.9460,3362100,6.476879
2024-07-10,sh600519,1439.2500,1465.8800,1435.0000,9311.4700,2376300,6.477139
2024-07-11,sh600519,1449.9700,1469.0000,1440.2100,9449.3500,2902000,6.462906
2024-07-12,sh600519,1473.0100,1486.4000,1465.4500,9543.5030,2338600,6.453458
2024-07-15,sh600519,1470.0000,1488.0000,1470.0000,9521.4420,1917600,6.455653
2024-07-16,sh600519,1476.0000,1482.0000,1465.0500,9527.6330,2031600,6.455036
2024-07-17,sh600519,1476.1000,1503.0000,1470.0200,9670.5780,3431100,6.441040
2024-07-18,sh600519,1499.5000,1515.0000,1492.5300,9648.6860,2887000,6.443153
2024-07-19,sh600519,1490.8100,1529.1800,1484.0100,9806.8820,3894300,6.428129
2024-07-22,sh600519,1525.0300,1529.9800,1491.6500,9657.0710,2854300,6.442342
2024-07-23,sh600519,1499.0000,1501.0000,1455.0000,9409.4500,3094400,6.466976
2024-07-24,sh600519,1450.2000,1463.7000,1435.0000,9325.1460,2412300,6.475706
2024-07-25,sh600519,1440.0200,1448.0000,1420.0100,9271.5130,2834700,6.481355
2024-07-26,sh600519,1430.4900,1437.7200,1410.9000,9224.8030,3235400,6.486337
2024-07-29,sh600519,1415.0000,1421.9900,1398.0000,9088.7800,3086900,6.501180
2024-07-30,sh600519,1385.9800,1390.2700,1361.3000,8987.3110,5177900,6.512591
2024-07-31,sh600519,1373.1000,1427.2700,1373.1000,9219.6810,4327200,6.486886
2024-08-01,sh600519,1418.0000,1420.0000,1384.7000,9022.0340,3203800,6.508653
2024-08-02,sh600519,1373.6000,1396.9700,1373.6000,9018.0380,2192800,6.509104
2024-08-05,sh600519,1388.8800,1426.0000,1385.5200,9156.2560,3773600,6.493753
2024-08-06,sh600519,1422.0000,1424.0000,1394.0100,9126.3730,2744400,6.497026
2024-08-07,sh600519,1405.5000,1421.9900,1398.3000,9187.1530,2062200,6.490394
2024-08-08,sh600519,1411.0000,1448.1800,1409.0000,9272.6390,2513100,6.481236
2024-08-09,sh600519,1460.0300,1469.0000,1436.8000,9307.0240,3013800,6.477606
2024-08-12,sh600519,1430.0000,1443.0000,1426.5800,9303.0850,1363200,6.478020
2024-08-13,sh600519,1433.0000,1435.0000,1412.0100,9229.4170,1630800,6.485841
2024-08-14,sh600519,1423.0100,1424.9000,1412.0200,9174.7720,1341400,6.491737
2024-08-15,sh600519,1405.0300,1435.9900,1403.9500,9251.2530,2303900,6.483508
2024-08-16,sh600519,1426.7900,1435.9200,1417.0100,9275.5090,1645500,6.480931
2024-08-19,sh600519,1432.0000,1458.8800,1425.0000,9243.0930,2043300,6.484379
2024-08-20,sh600519,1429.9000,1429.9300,1414.0000,9227.7850,1859100,6.486016
2024-08-21,sh600519,1420.0000,1427.9800,1415.6900,9198.8590,1509200,6.489129
2024-08-22,sh600519,1416.0000,1420.0000,1400.0100,9156.4820,1952700,6.493729
2024-08-23,sh600519,1408.0000,1423.5000,1406.1200,9184.2830,1532000,6.490705
2024-08-26,sh600519,1417.0000,1423.8600,1403.1500,9167.4560,1562800,6.492533
2024-08-27,sh600519,1412.0000,1413.0000,1401.1100,9122.8280,1365700,6.497417
2024-08-28,sh600519,1404.0700,1406.0000,1375.0000,9038.0170,3166400,6.506852
2024-08-29,sh600519,1380.0000,1418.0000,1380.0000,9174.7720,2747200,6.491737
2024-08-30,sh600519,1413.0000,1458.0700,1405.0000,9342.9860,3873900,6.473843
2024-09-02,sh600519,1430.0000,1438.0000,1395.0000,9071.7840,3413500,6.503071
2024-09-03,sh600519,1398.0000,1414.9800,1393.0200,9156.2000,1788800,6.493759
2024-09-04,sh600519,1402.0000,1419.1900,1399.7400,9099.9220,1421100,6.499944
2024-09-05,sh600519,1400.5000,1407.0000,1397.0000,9127.3860,1450300,6.496915
2024-09-06,sh600519,1405.0000,1406.0000,1398.0000,9088.6670,1032100,6.501192
2024-09-09,sh600519,1380.0100,1393.7100,1370.0800,8959.2280,2863800,6.515802
2024-09-10,sh600519,1370.0200,1393.0000,1370.0200,8976.1120,1980300,6.513869
2024-09-11,sh600519,1375.6000,1385.8800,1365.0000,8987.3670,2099600,6.512585
2024-09-12,sh600519,1380.0000,1385.0000,1334.9100,8734.4550,4794800,6.542369
2024-09-13,sh600519,1331.0000,1332.0000,1297.3000,8560.3890,5600500,6.564061
2024-09-18,sh600519,1300.0000,1300.0100,1266.6600,8350.8670,4618500,6.591575
2024-09-19,sh600519,1262.0000,1292.8800,1245.8300,8317.6630,5998800,6.596085
2024-09-20,sh600519,1261.5000,1273.9000,1250.0300,8334.0960,3998200,6.593848
2024-09-23,sh600519,1268.0000,1293.5000,1260.6600,8320.7020,4555000,6.595670
2024-09-24,sh600519,1285.0900,1373.0000,1265.0900,8945.7220,10041300,6.517355
2024-09-25,sh600519,1400.0500,1427.0000,1396.7100,9094.2950,7395400,6.500568
2024-09-26,sh600519,1399.9600,1529.8700,1396.0000,9825.9040,9727800,6.426360
2024-09-27,sh600519,1600.0000,1629.2000,1565.3600,10389.8060,8792200,6.377244
2024-09-30,sh600519,1692.0000,1759.8800,1652.0000,11058.3850,15729300,6.326307
2024-10-08,sh600519,1910.0000,1910.0000,1680.1800,10917.6910,19470900,6.336443
2024-10-09,sh600519,1700.0000,1700.0000,1590.0000,10198.1810,12019700,6.393243
2024-10-10,sh600519,1622.2600,1668.0800,1591.0000,10450.5860,7460300,6.372309
2024-10-11,sh600519,1615.4000,1639.9600,1590.0000,10253.5580,4191500,6.388549
2024-10-14,sh600519,1613.0000,1620.6300,1581.1700,10236.6750,4481200,6.389974
2024-10-15,sh600519,1599.0000,1600.9900,1553.0100,9968.0050,4357100,6.413386
2024-10-16,sh600519,1540.8800,1549.8000,1510.0000,9789.3240,4666400,6.429769
2024-10-17,sh600519,1537.0000,1537.6600,1493.4100,9632.3090,3946000,6.444740
2024-10-18,sh600519,1493.0000,1567.8400,1478.9600,9893.4370,6861900,6.420141
2024-10-21,sh600519,1541.2100,1549.9700,1521.2100,9824.7790,4200800,6.426465
2024-10-22,sh600519,1526.5600,1560.1800,1524.2000,9904.6930,3626900,6.419114
2024-10-23,sh600519,1544.1100,1576.9500,1532.0000,10042.5730,4008800,6.406745
2024-10-24,sh600519,1561.0000,1575.0000,1545.0100,9956.4680,2392300,6.414423
2024-10-25,sh600519,1547.0000,1574.7900,1546.0100,9993.8930,2774500,6.411068
2024-10-28,sh600519,1560.0000,1565.0000,1522.2300,10028.5040,3912100,6.407990
2024-10-29,sh600519,1560.0000,1580.0000,1530.0000,9840.6490,4116600,6.424994
2024-10-30,sh600519,1525.0000,1551.1900,1523.4100,9842.7880,3200600,6.424796
2024-10-31,sh600519,1532.1500,1540.0000,1520.0000,9819.0950,2995700,6.426993
2024-11-01,sh600519,1521.0000,1545.1300,1520.8000,9852.6360,3228400,6.423887
2024-11-04,sh600519,1544.9300,1550.0000,1528.0600,9933.9570,2909300,6.416456
2024-11-05,sh600519,1540.0000,1577.7000,1536.0100,10095.9810,4564000,6.402058
2024-11-06,sh600519,1575.0000,1588.9900,1561.2200,10062.2700,3763100,6.405010
2024-11-07,sh600519,1562.4600,1653.5000,1562.3000,10502.0240,7473900,6.368182
2024-11-08,sh600519,1660.8900,1667.1100,1601.0100,10281.5850,6077100,6.386197
2024-11-11,sh600519,1590.0000,1609.9500,1567.1900,10214.2760,4385400,6.391872
2024-11-12,sh600519,1589.0000,1623.0000,1573.9500,10097.1630,4922300,6.401955
2024-11-13,sh600519,1568.0000,1586.6600,1561.2800,10104.4790,2912500,6.401317
2024-11-14,sh600519,1570.0000,1594.4500,1565.6500,10078.0280,2924800,6.403627
2024-11-15,sh600519,1569.0000,1583.8000,1553.0000,9994.7370,3376100,6.410992
2024-11-18,sh600519,1562.0000,1575.9900,1555.0000,9994.7370,2709200,6.410992
2024-11-19,sh600519,1565.0000,1569.3700,1525.0000,9898.6150,3326600,6.419668
2024-11-20,sh600519,1543.0000,1553.9700,1531.3000,9914.8790,2134500,6.418187
2024-11-21,sh600519,1543.8700,1548.9900,1532.0000,9916.6800,1826200,6.418023
2024-11-22,sh600519,1541.1500,1547.7700,1507.8200,9706.7080,3343600,6.437577
2024-11-25,sh600519,1511.0000,1532.0000,1496.6700,9654.6510,3318600,6.442576
2024-11-26,sh600519,1498.5700,1518.8800,1488.8800,9713.3490,2574500,6.436944
2024-11-27,sh600519,1509.0000,1522.1500,1505.0000,9769.9080,2593400,6.431591
2024-11-28,sh600519,1522.0000,1524.9900,1502.0000,9763.9990,2395200,6.432147
2024-11-29,sh600519,1517.0000,1555.0000,1513.2100,9807.5580,3608800,6.428066
2024-12-02,sh600519,1526.0000,1529.9900,1515.1000,9803.3930,2682000,6.428454
2024-12-03,sh600519,1524.0000,1528.9000,1516.0800,9813.1860,2480700,6.427542
2024-12-04,sh600519,1520.0700,1523.6600,1510.0000,9775.2540,2392400,6.431088
2024-12-05,sh600519,1510.8600,1517.8600,1510.0000,9724.6050,1614100,6.435874
2024-12-06,sh600519,1513.0000,1538.9000,1508.0700,9780.9380,3204000,6.430555
2024-12-09,sh600519,1522.0200,1529.7200,1513.2000,9768.5010,1980000,6.431723
2024-12-10,sh600519,1570.0000,1579.7300,1545.1800,9924.8970,6031200,6.417277
2024-12-11,sh600519,1540.0000,1555.0000,1530.9800,9863.0480,2967100,6.422928
2024-12-12,sh600519,1532.0200,1566.0000,1529.0000,10033.0060,4193700,6.407591
2024-12-13,sh600519,1550.0100,1554.9900,1518.8800,9769.6270,4951200,6.431618
2024-12-16,sh600519,1521.0000,1529.0000,1510.7100,9815.7740,3253700,6.427301
2024-12-17,sh600519,1525.9900,1569.0000,1521.0100,9989.1100,5417200,6.411496
2024-12-18,sh600519,1557.9700,1577.0000,1547.1000,10065.0840,4116200,6.404762
2024-12-19,sh600519,1565.1400,1567.9300,1550.3300,9949.7710,2480900,6.415027
2024-12-20,sh600519,1531.1300,1541.8000,1520.0200,9920.9120,2815800,6.518339
2024-12-23,sh600519,1523.0000,1538.0000,1517.0000,9945.9560,2160300,6.515743
2024-12-24,sh600519,1525.0000,1544.0000,1521.5900,10015.5710,2210500,6.508605
2024-12-25,sh600519,1538.8000,1538.8000,1526.1000,9965.9340,1712300,6.513682
2024-12-26,sh600519,1534.0000,1538.7800,1523.0000,9953.4970,1828700,6.514964
2024-12-27,sh600519,1528.9000,1536.0000,1519.5000,9960.1380,2075900,6.514280
2024-12-30,sh600519,1533.9700,1543.9600,1525.0000,9937.7960,2513000,6.516588
2024-12-31,sh600519,1525.4000,1545.0000,1522.0100,9932.1680,3935400,6.517171
2025-01-02,sh600519,1524.0000,1524.4900,1480.0000,9729.5680,5002900,6.538688
2025-01-03,sh600519,1494.5000,1494.9900,1467.0100,9656.4070,3262800,6.546717
2025-01-06,sh600519,1453.0000,1462.6600,1432.8000,9459.4350,4425500,6.569052
2025-01-07,sh600519,1444.6600,1451.8900,1439.0000,9460.5610,2422100,6.568922
2025-01-08,sh600519,1440.0000,1451.8200,1426.6600,9473.5050,3525800,6.567421
2025-01-09,sh600519,1448.9900,1464.5800,1432.9800,9481.9470,2970600,6.566445
2025-01-10,sh600519,1447.1000,1451.9500,1436.0000,9436.9240,2187200,6.571674
2025-01-13,sh600519,1425.0000,1444.4400,1422.0100,9481.8340,2108300,6.566458
2025-01-14,sh600519,1444.9500,1478.6800,1442.0000,9642.3380,3095700,6.548277
2025-01-15,sh600519,1467.0000,1474.6000,1460.0100,9635.4160,1839900,6.549047
2025-01-16,sh600519,1474.0000,1482.6600,1442.0000,9495.3410,2634200,6.564901
2025-01-17,sh600519,1446.3900,1461.0000,1446.3800,9542.4450,1830900,6.559509
2025-01-20,sh600519,1461.0000,1489.7900,1460.0000,9655.2820,3141000,6.546842
2025-01-21,sh600519,1481.0000,1482.0000,1465.0000,9617.8570,1685600,6.551004
2025-01-22,sh600519,1463.2700,1467.9500,1438.0000,9465.0630,2829400,6.568399
2025-01-23,sh600519,1449.9700,1468.0000,1438.0000,9476.3190,2712500,6.567096
2025-01-24,sh600519,1442.0000,1447.7900,1430.3100,9436.9240,3136000,6.571674
2025-01-27,sh600519,1437.0000,1443.9700,1427.0200,9431.2400,2935600,6.572338
2025-02-05,sh600519,1440.0000,1443.0000,1402.2100,9255.7100,4075700,6.593325
2025-02-06,sh600519,1400.0100,1421.9900,1400.0100,9306.5850,2735600,6.587147
2025-02-07,sh600519,1413.6800,1442.6800,1403.4100,9436.9240,3724200,6.571674
2025-02-10,sh600519,1438.0000,1440.0000,1427.0900,9411.6560,2084000,6.574635
2025-02-11,sh600519,1434.9500,1435.9600,1415.9000,9335.6250,2357300,6.583657
2025-02-12,sh600519,1418.0000,1445.0000,1416.8800,9476.3190,2547600,6.567096
2025-02-13,sh600519,1443.0200,1475.2500,1434.5100,9600.4670,4338500,6.552951
2025-02-14,sh600519,1465.0600,1477.0000,1458.2200,9656.4070,2710000,6.546717
2025-02-17,sh600519,1481.0000,1494.9800,1467.1000,9637.3850,3247100,6.548827
2025-02-18,sh600519,1470.0000,1492.9900,1462.0800,9656.4070,2780000,6.546717
2025-02-19,sh600519,1475.0500,1494.4400,1464.9000,9746.4520,3239300,6.536856
2025-02-20,sh600519,1483.0000,1491.9700,1473.3900,9650.7790,2375000,6.547340
2025-02-21,sh600519,1480.0000,1496.7300,1473.0100,9730.7500,3641800,6.538560
2025-02-24,sh600519,1488.0000,1499.5200,1474.0000,9679.3120,3474400,6.544188
2025-02-25,sh600519,1470.0100,1473.3900,1452.0000,9538.2240,2838700,6.559989
2025-02-26,sh600519,1455.4500,1464.9600,1445.0000,9572.0470,2636600,6.556152
2025-02-27,sh600519,1460.0200,1489.9000,1454.0000,9715.8360,4976200,6.540184
2025-02-28,sh600519,1485.5000,1528.3800,1482.0000,9801.5470,5612900,6.530925
2025-03-03,sh600519,1502.6000,1520.9900,1481.5000,9724.0530,3159600,6.539289
2025-03-04,sh600519,1485.0000,1486.0000,1465.2100,9628.8870,2521100,6.549773
2025-03-05,sh600519,1472.0000,1474.0000,1460.1000,9607.8400,2460500,6.552125
2025-03-06,sh600519,1474.0000,1510.2000,1472.0800,9830.7550,4216800,6.527812
2025-03-07,sh600519,1503.0000,1528.3600,1503.0000,9915.2840,3799100,6.518924
2025-03-10,sh600519,1519.8100,1526.8800,1506.1400,9925.9770,3136900,6.517813
2025-03-11,sh600519,1517.0000,1548.6800,1512.0000,10071.0610,3977600,6.502997
2025-03-12,sh600519,1546.9600,1549.6800,1526.3500,10036.7320,2960400,6.506458
2025-03-13,sh600519,1544.0000,1555.5000,1530.8800,10009.6620,2572400,6.509206
2025-03-14,sh600519,1547.6600,1628.0100,1541.0000,10517.5120,9291300,6.460349
2025-03-17,sh600519,1657.0000,1657.9900,1626.8800,10572.9450,5468900,6.455341
2025-03-18,sh600519,1645.0400,1652.0000,1621.7000,10494.9440,3161300,6.462404
2025-03-19,sh600519,1624.2900,1648.0000,1623.0000,10560.8460,2739000,6.456429
2025-03-20,sh600519,1635.7100,1637.6000,1595.0700,10382.3890,3673700,6.472811
2025-03-21,sh600519,1599.0000,1612.2000,1568.8300,10212.1490,3361400,6.489054
2025-03-24,sh600519,1570.0000,1589.6600,1562.3800,10264.2060,2556600,6.484021
2025-03-25,sh600519,1588.0000,1592.8000,1566.6600,10221.9980,1767400,6.488098
2025-03-26,sh600519,1572.7700,1582.5800,1571.0000,10224.8120,1432400,6.487825
2025-03-27,sh600519,1576.0000,1598.2500,1573.3800,10297.9730,1795600,6.480789
2025-03-28,sh600519,1590.9300,1593.0000,1576.0000,10276.6430,1622800,6.482828
2025-03-31,sh600519,1580.9800,1586.9600,1560.0600,10140.3950,2108500,6.496089
2025-04-01,sh600519,1564.0000,1569.8900,1552.2100,10112.3690,1855600,6.498868
2025-04-02,sh600519,1558.0000,1567.8000,1545.5000,10072.9740,2167400,6.502804
2025-04-03,sh600519,1530.0000,1586.0000,1529.0100,10184.7420,3548100,6.491728
2025-04-07,sh600519,1520.0100,1536.8500,1462.0000,9797.1010,10195300,6.531401
2025-04-08,sh600519,1513.0000,1545.0000,1495.0000,10050.3510,7387600,6.505082
2025-04-09,sh600519,1525.0200,1556.8000,1520.5500,10028.0650,5563000,6.507336
2025-04-10,sh600519,1550.9900,1555.0000,1528.0000,10072.8620,3862000,6.502816
2025-04-11,sh600519,1579.9700,1579.9700,1545.0000,10185.3050,3263400,6.491673
2025-04-14,sh600519,1560.9700,1566.0000,1551.5300,10089.6890,2171100,6.501130
2025-04-15,sh600519,1552.0000,1565.0000,1545.0000,10123.5120,2148900,6.497761
2025-04-16,sh600519,1552.0000,1576.0000,1537.0000,10130.0960,3115600,6.497108
2025-04-17,sh600519,1554.0000,1576.5000,1549.9900,10191.0450,2384600,6.491111
2025-04-18,sh600519,1566.0000,1575.0000,1556.0000,10168.1960,2029800,6.493350
2025-04-21,sh600519,1565.5000,1565.5000,1551.0000,10084.1170,1805700,6.501687
2025-04-22,sh600519,1550.0000,1556.3000,1543.2100,10071.7360,1843200,6.502929
2025-04-23,sh600519,1559.0000,1559.2200,1545.0000,10089.7450,1866900,6.501124
2025-04-24,sh600519,1552.0000,1560.6800,1548.9800,10091.1520,1487200,6.500984
2025-04-25,sh600519,1557.1000,1561.2000,1550.0000,10078.4900,1476500,6.502252
2025-04-28,sh600519,1552.0000,1555.0000,1546.6000,10078.4900,1466000,6.502252
2025-04-29,sh600519,1550.0000,1552.5400,1532.0200,10044.7230,1892200,6.505650
2025-04-30,sh600519,1549.9900,1566.6600,1546.3000,10061.6060,2575400,6.503947
2025-05-06,sh600519,1559.0000,1559.0000,1544.3300,10079.6150,1830000,6.502138
2025-05-07,sh600519,1570.0000,1570.0000,1550.2000,10106.6290,2746200,6.499440
2025-05-08,sh600519,1553.0000,1592.7800,1549.8300,10237.1360,3348100,6.486631
2025-05-09,sh600519,1578.9900,1597.4500,1575.0500,10310.2410,2367200,6.479620
2025-05-12,sh600519,1598.0000,1618.9300,1596.6100,10385.2030,2473500,6.472548
2025-05-13,sh600519,1608.9200,1608.9200,1585.1100,10305.2890,2125800,6.480091
2025-05-14,sh600519,1590.0000,1645.0000,1588.1800,10556.7940,3946000,6.456794
2025-05-15,sh600519,1634.8000,1643.5900,1624.1300,10540.0230,2473300,6.458308
2025-05-16,sh600519,1633.9900,1636.9900,1614.1300,10439.3980,2293500,6.467508
2025-05-19,sh600519,1596.0000,1600.0000,1573.8800,10241.5820,3806300,6.486201
2025-05-20,sh600519,1580.0000,1594.8000,1575.1000,10281.0890,1952200,6.482402
2025-05-21,sh600519,1585.0000,1595.9400,1580.9700,10252.7820,1979500,6.485121
2025-05-22,sh600519,1580.9900,1584.9900,1570.1000,10247.3230,1509000,6.485647
2025-05-23,sh600519,1575.2000,1587.9000,1571.6600,10205.6770,2153700,6.489684
2025-05-26,sh600519,1570.0000,1574.6300,1545.0000,10081.3040,2708700,6.501970
2025-05-27,sh600519,1551.0000,1558.6000,1543.5100,10044.1600,1775200,6.505706
2025-05-28,sh600519,1543.9900,1546.4600,1533.0000,10005.3290,1626600,6.509648
2025-05-29,sh600519,1540.0000,1555.0000,1532.0000,10022.2120,2186000,6.507930
2025-05-30,sh600519,1540.1500,1545.0000,1515.2400,9920.9120,3123900,6.518339
2025-06-03,sh600519,1508.0100,1519.0000,1505.0200,9847.7510,2897900,6.526011
2025-06-04,sh600519,1510.5000,1523.0000,1509.2200,9853.1540,2300800,6.525440
2025-06-05,sh600519,1514.0000,1516.0000,1502.2000,9875.8900,2321400,6.523045
2025-06-06,sh600519,1513.8000,1518.9700,1503.0000,9833.0630,2502300,6.527568
2025-06-09,sh600519,1505.0200,1508.7000,1485.6800,9718.9320,4495900,6.539847
2025-06-10,sh600519,1486.0000,1492.0000,1474.8000,9656.4640,3049200,6.546711
2025-06-11,sh600519,1476.8000,1494.0000,1476.1000,9684.5460,3089300,6.543612
2025-06-12,sh600519,1480.0000,1483.8700,1454.1000,9566.3630,4990400,6.556794
2025-06-13,sh600519,1444.4100,1449.9700,1425.0600,9385.9930,5911300,6.577661
2025-06-16,sh600519,1401.2000,1425.0400,1401.1800,9359.7680,4288800,6.580773
2025-06-17,sh600519,1420.0000,1427.0000,1412.1800,9386.2740,2723200,6.577627
2025-06-18,sh600519,1440.0000,1443.4400,1421.0100,9375.0190,3076100,6.578961
2025-06-19,sh600519,1426.0000,1433.6700,1417.1800,9380.6470,2450100,6.578294
2025-06-20,sh600519,1423.5800,1441.1400,1420.2000,9395.6170,3481600,6.576524
2025-06-23,sh600519,1420.0000,1433.0000,1405.1800,9346.8800,2672300,6.582310
2025-06-24,sh600519,1423.3500,1451.6800,1423.3500,9443.6780,3631200,6.570886
2025-06-25,sh600519,1439.1100,1449.2000,1420.5100,9436.1360,4105000,6.571766
2025-06-26,sh600519,1415.0000,1428.0000,1410.0800,9502.2060,3486000,6.691694
2025-06-27,sh600519,1420.0100,1423.0000,1403.0900,9407.0410,3825000,6.704517
2025-06-30,sh600519,1403.5000,1413.2300,1402.0000,9443.2270,3045700,6.699605
2025-07-01,sh600519,1409.0000,1411.9400,1403.3100,9418.3530,1987800,6.702977
2025-07-02,sh600519,1409.5000,1414.8000,1400.0000,9443.6780,2621800,6.699545
2025-07-03,sh600519,1412.0000,1422.6900,1408.0000,9477.4440,2441300,6.695001
2025-07-04,sh600519,1415.7000,1431.8900,1410.0100,9514.7000,2876700,6.690034
2025-07-07,sh600519,1422.2800,1423.5000,1410.0100,9449.8680,2385500,6.698708
2025-07-08,sh600519,1410.7100,1420.0000,1410.7000,9480.3140,1867400,6.694617
2025-07-09,sh600519,1415.0000,1429.9700,1414.1700,9495.9030,2774500,6.692534
2025-07-10,sh600519,1418.9700,1436.1800,1410.4000,9538.7870,3872500,6.686847
2025-07-11,sh600519,1423.1600,1458.0000,1423.1600,9541.6010,5724300,6.686476
2025-07-14,sh600519,1430.0000,1434.9800,1421.6000,9522.4660,2778100,6.689004
2025-07-15,sh600519,1420.9800,1422.9300,1408.3200,9451.5570,3540600,6.698481
2025-07-16,sh600519,1410.0100,1417.4900,1409.9500,9451.7250,2128600,6.698458
2025-07-17,sh600519,1413.9800,1423.0100,1412.8800,9481.6650,2310600,6.694436
2025-07-18,sh600519,1420.0000,1437.8100,1416.3800,9597.8780,4182300,6.679108
2025-07-21,sh600519,1436.9900,1446.8000,1435.0000,9631.6450,2620300,6.674737
2025-07-22,sh600519,1444.0000,1466.6000,1440.6800,9755.3430,4211900,6.659028
2025-07-23,sh600519,1469.0000,1495.0000,1468.9500,9814.5470,4504500,6.651675
2025-07-24,sh600519,1476.0000,1499.0000,1475.0000,9904.5920,3880400,6.640692
2025-07-25,sh600519,1491.4000,1491.4000,1453.0000,9699.1780,4191100,6.666102
2025-07-28,sh600519,1453.0000,1454.9900,1436.3000,9607.2210,3858600,6.677895
2025-07-29,sh600519,1439.6000,1448.7900,1435.0100,9609.1340,2630400,6.677647
2025-07-30,sh600519,1444.0000,1457.1600,1437.0000,9667.8880,3186800,6.670085
2025-07-31,sh600519,1443.0000,1444.8700,1418.0000,9511.6050,5179800,6.690445
2025-08-01,sh600519,1421.8700,1425.9600,1414.0000,9485.3230,2963600,6.693947
2025-08-04,sh600519,1415.0000,1419.8000,1414.0000,9496.5790,1868800,6.692445
2025-08-05,sh600519,1421.0000,1429.9400,1417.1100,9545.7650,2534200,6.685927
2025-08-06,sh600519,1429.0000,1429.0000,1419.3000,9524.0420,2369900,6.688795
2025-08-07,sh600519,1423.8800,1427.7000,1420.0600,9515.4320,2800100,6.689937
2025-08-08,sh600519,1423.0500,1426.5000,1418.0000,9507.6650,1865500,6.690968
2025-08-11,sh600519,1423.5000,1451.9900,1423.0000,9642.9010,4715900,6.673288
2025-08-12,sh600519,1449.0000,1465.0700,1436.0000,9598.1040,4201900,6.679079
2025-08-13,sh600519,1425.0000,1433.6800,1420.0000,9502.4880,6552800,6.691657
2025-08-14,sh600519,1420.9400,1447.5100,1420.9400,9541.5450,4812900,6.686483
2025-08-15,sh600519,1426.0100,1428.6600,1420.2200,9513.9120,4758200,6.690138
2025-08-18,sh600519,1426.9900,1436.6400,1423.1000,9550.0420,4737800,6.685364
2025-08-19,sh600519,1433.5000,1446.6600,1432.0000,9603.5060,4637200,6.678377
2025-08-20,sh600519,1438.0000,1452.8000,1430.0200,9671.0390,4580500,6.669682
2025-08-21,sh600519,1453.4500,1454.9900,1443.6500,9661.1910,3089100,6.670941
2025-08-22,sh600519,1448.8800,1464.0000,1444.7700,9749.5470,4497100,6.659754
2025-08-25,sh600519,1470.0100,1496.0000,1466.0000,9898.0070,6532500,6.641487
2025-08-26,sh600519,1490.3200,1494.2300,1480.0100,9848.9330,3960200,6.647453
2025-08-27,sh600519,1481.8800,1484.9300,1448.0000,9659.7840,5600600,6.671122
2025-08-28,sh600519,1447.9700,1456.1000,1438.7700,9649.0910,3928200,6.672492
2025-08-29,sh600519,1453.0000,1482.5800,1452.0000,9839.8720,6225600,6.648562
2025-09-01,sh600519,1482.2000,1488.0000,1465.7000,9817.9240,4512300,6.651259
2025-09-02,sh600519,1478.6600,1509.0000,1478.0000,9903.4660,5668800,6.640827
2025-09-03,sh600519,1491.0000,1503.5000,1466.0000,9842.9680,4504500,6.648183
2025-09-04,sh600519,1472.0000,1479.3000,1460.4700,9798.5650,4774700,6.653651
2025-09-05,sh600519,1471.0000,1486.9700,1464.0000,9856.7560,3738800,6.646498
2025-09-08,sh600519,1483.0000,1506.4400,1477.5000,9959.3500,5138300,6.634127
2025-09-09,sh600519,1505.0000,1509.9500,1493.4200,9980.5670,3574300,6.631606
2025-09-10,sh600519,1506.6600,1529.9500,1496.0000,10076.2950,4966300,6.620387
2025-09-11,sh600519,1522.0100,1526.0200,1508.5000,10084.6800,3723900,6.619416
2025-09-12,sh600519,1526.0000,1538.0200,1510.5300,10042.4720,3372200,6.624322
2025-09-15,sh600519,1515.8700,1517.4800,1501.5000,10037.4070,2582700,6.624914
2025-09-16,sh600519,1515.1000,1520.9900,1496.2100,9952.3150,3271800,6.634965
2025-09-17,sh600519,1499.9900,1510.2800,1490.0100,9913.0330,3033100,6.639674
2025-09-18,sh600519,1492.0000,1497.8000,1463.5000,9772.1140,4972100,6.656935
2025-09-19,sh600519,1467.9900,1475.5000,1457.0100,9772.1700,3263700,6.656928
2025-09-22,sh600519,1465.0900,1467.9700,1450.0100,9689.8920,3494700,6.667280
2025-09-23,sh600519,1450.5000,1457.5000,1440.0000,9656.5200,3866300,6.671540
2025-09-24,sh600519,1434.0700,1456.7800,1434.0700,9626.0170,3074400,6.675463
2025-09-25,sh600519,1442.8300,1445.2100,1436.0000,9609.1340,3387000,6.677647
2025-09-26,sh600519,1441.1800,1447.1100,1428.0100,9586.6230,4512100,6.680574
2025-09-29,sh600519,1439.3800,1469.9900,1435.0000,9732.1570,5368400,6.661937
2025-09-30,sh600519,1460.0000,1460.7600,1440.0000,9637.2170,3936400,6.674019
2025-10-09,sh600519,1436.0000,1439.3800,1420.0000,9596.6400,5491800,6.679269
2025-10-10,sh600519,1437.6000,1439.9400,1427.5000,9558.4840,3600100,6.684255
2025-10-13,sh600519,1415.7000,1422.8500,1415.1200,9497.7040,4606900,6.692294
2025-10-14,sh600519,1429.9900,1464.0000,1429.9900,9676.7800,6667200,6.668950
2025-10-15,sh600519,1450.9800,1463.0000,1445.0800,9738.5730,4278500,6.661131
2025-10-16,sh600519,1461.9200,1484.9500,1458.8800,9867.5050,4573000,6.645187
2025-10-17,sh600519,1483.1000,1488.0000,1454.0300,9699.1780,3808600,6.666102
2025-10-20,sh600519,1455.0000,1469.5000,1454.8800,9715.6680,2595000,6.664015
2025-10-21,sh600519,1459.0000,1469.9400,1455.5000,9740.0360,2544300,6.660947
2025-10-22,sh600519,1462.0800,1465.7300,1456.0000,9720.0010,1819500,6.663468
2025-10-23,sh600519,1455.0000,1468.8000,1447.2000,9772.2270,2932200,6.656921
2025-10-24,sh600519,1467.9500,1478.8800,1449.3400,9671.0390,3822600,6.669682
2025-10-27,sh600519,1440.0000,1452.4900,1435.9900,9617.0690,3710200,6.676619
2025-10-28,sh600519,1442.0000,1451.2000,1441.1000,9642.9010,2712400,6.673288
2025-10-29,sh600519,1440.0200,1446.5500,1430.0400,9569.1770,3393700,6.682853
2025-10-30,sh600519,1421.8100,1436.6300,1421.8100,9540.1380,4745600,6.686669
2025-10-31,sh600519,1422.0000,1435.9800,1420.1100,9558.5400,3569400,6.684247
2025-11-03,sh600519,1431.0000,1448.0000,1420.1000,9586.6230,3454800,6.680574
2025-11-04,sh600519,1435.1000,1435.7800,1423.7800,9552.8560,2656600,6.684994
2025-11-05,sh600519,1425.8900,1430.9900,1420.0100,9502.6570,3447500,6.691635
2025-11-06,sh600519,1430.0000,1441.4500,1429.9900,9587.3550,3834800,6.680478
2025-11-07,sh600519,1435.1100,1439.7800,1431.1100,9577.2250,1886100,6.681800
2025-11-10,sh600519,1435.0000,1463.6900,1434.9800,9740.2610,4945200,6.660918
2025-11-11,sh600519,1462.0000,1462.1800,1447.0000,9721.6330,2669200,6.663262
2025-11-12,sh600519,1459.9800,1478.3600,1459.2100,9756.3000,3299200,6.658909
2025-11-13,sh600519,1462.1200,1473.5800,1458.0000,9785.7330,3117900,6.655241
2025-11-14,sh600519,1470.0000,1478.9500,1456.3000,9708.1830,2747300,6.664962
2025-11-17,sh600519,1454.0000,1473.0000,1445.7900,9789.2230,3446200,6.654808
2025-11-18,sh600519,1470.7000,1486.0700,1469.0000,9817.3610,3420500,6.651329
2025-11-19,sh600519,1474.0000,1479.5300,1469.9600,9789.2790,2204500,6.654801
2025-11-20,sh600519,1472.0000,1479.9000,1465.0300,9767.3310,2400200,6.657531
2025-11-21,sh600519,1470.5000,1480.0000,1456.0000,9764.4600,4260700,6.657889
2025-11-24,sh600519,1467.0000,1471.0000,1451.1300,9682.2950,3360700,6.668247
2025-11-25,sh600519,1458.0000,1458.0000,1444.5000,9640.9310,2844100,6.673541
2025-11-26,sh600519,1448.8800,1453.4900,1443.5800,9666.2560,2030600,6.670294
2025-11-27,sh600519,1449.5000,1450.0000,1439.0400,9655.8440,2228700,6.671626
2025-11-28,sh600519,1446.5000,1455.5000,1443.0000,9673.8530,2321100,6.669323
2025-12-01,sh600519,1451.0000,1462.2700,1442.0000,9659.7840,2733300,6.671122
2025-12-02,sh600519,1448.0000,1451.9200,1435.0200,9592.4200,2504700,6.679819
2025-12-03,sh600519,1435.8100,1435.9700,1428.0000,9553.4190,2357300,6.684920
2025-12-04,sh600519,1429.1000,1432.5000,1418.3800,9524.6050,2907500,6.688721
2025-12-05,sh600519,1423.9800,1433.0900,1419.5000,9558.5400,2540200,6.684247
2025-12-08,sh600519,1429.2000,1436.6700,1418.0000,9492.1890,3360300,6.693030
2025-12-09,sh600519,1418.2300,1421.0000,1400.0500,9395.3350,4263400,6.706116
2025-12-10,sh600519,1400.0000,1402.8000,1383.1800,9405.4090,3313300,6.704740
2025-12-11,sh600519,1406.6600,1411.9900,1401.5500,9457.1280,2238500,6.697730
2025-12-12,sh600519,1418.0000,1425.0000,1413.5700,9505.8650,3715900,6.691208
2025-12-15,sh600519,1439.5900,1439.9900,1425.5700,9535.9730,3335900,6.687218
2025-12-16,sh600519,1426.2000,1428.7800,1415.0000,9513.4620,2396400,6.690198
2025-12-17,sh600519,1425.0000,1439.9400,1417.6800,9575.9300,3138200,6.681969
2025-12-18,sh600519,1433.5000,1438.8800,1426.1100,9564.1120,1783000,6.683516
2025-12-19,sh600519,1410.0000,1412.4500,1401.0100,9580.7530,2650900,6.794860
2025-12-22,sh600519,1410.0000,1414.1400,1406.5800,9570.9610,2042600,6.796303
2025-12-23,sh600519,1408.2600,1412.9300,1397.1900,9568.7100,2450700,6.796635
2025-12-24,sh600519,1404.9900,1406.3600,1400.0000,9529.5410,2518700,6.802442
2025-12-25,sh600519,1405.0000,1419.4800,1401.3800,9604.2210,2338600,6.791419
2025-12-26,sh600519,1414.1700,1419.1400,1410.0000,9603.9960,1780300,6.791452
2025-12-29,sh600519,1414.1300,1414.1300,1401.0000,9535.7310,2630800,6.801520
2025-12-30,sh600519,1401.0000,1401.9000,1386.0000,9466.6220,3379200,6.811892
2025-12-31,sh600519,1390.0000,1394.0000,1377.1700,9396.0500,3476600,6.822674
2026-01-05,sh600519,1385.0000,1431.8800,1385.0000,9670.7970,7094900,6.781765
2026-01-06,sh600519,1432.5500,1436.9700,1416.5300,9682.1090,3958600,6.780141
2026-01-07,sh600519,1432.8800,1435.0000,1420.2000,9655.9400,2968400,6.783906
2026-01-08,sh600519,1423.3300,1423.3600,1408.1400,9593.6970,2913500,6.792960
2026-01-09,sh600519,1417.0000,1428.6000,1416.0100,9631.9660,2984800,6.787377
2026-01-12,sh600519,1419.1000,1431.0000,1417.1000,9655.2090,3608300,6.784012
2026-01-13,sh600519,1426.7900,1429.5200,1408.9900,9586.3810,3916900,6.794033
2026-01-14,sh600519,1411.0000,1422.2500,1396.1800,9513.2760,5175800,6.804870
2026-01-15,sh600519,1396.0200,1402.8300,1388.5800,9461.9510,4090700,6.812599
2026-01-16,sh600519,1395.0000,1397.5000,1380.0000,9423.1760,5512100,6.818507
2026-01-19,sh600519,1381.9000,1387.4900,1375.0000,9389.4090,4228600,6.823698
2026-01-20,sh600519,1379.5000,1381.5800,1372.0500,9375.6210,3648400,6.825832
2026-01-21,sh600519,1373.5600,1374.4000,1350.0000,9249.0530,6451600,6.845775
2026-01-22,sh600519,1352.0100,1361.7600,1337.4800,9187.1470,5901100,6.855773
2026-01-23,sh600519,1340.1000,1348.0000,1332.4700,9169.9260,6194900,6.858583
2026-01-26,sh600519,1340.5100,1355.0000,1325.1200,9198.0650,8016600,6.853998
2026-01-27,sh600519,1344.9800,1353.7000,1338.0000,9203.7490,4841600,6.853076
2026-01-28,sh600519,1343.0400,1346.7100,1322.0100,9095.0210,7621800,6.870960
2026-01-29,sh600519,1335.0000,1445.0000,1329.0600,9736.7550,18953400,6.772358
2026-01-30,sh600519,1435.0000,1435.0000,1401.0000,9530.1030,9448000,6.802358
2026-02-02,sh600519,1425.0000,1458.5800,1411.6200,9676.4250,8572400,6.780957
2026-02-03,sh600519,1445.0000,1476.8100,1443.0300,9946.1080,8632100,6.743490
2026-02-04,sh600519,1485.0000,1533.2700,1474.0000,10227.9460,10912300,6.706850
2026-02-05,sh600519,1520.0000,1565.0000,1515.0000,10396.7790,9162300,6.686032
2026-02-06,sh600519,1555.0000,1568.0000,1505.8800,10171.7250,7896500,6.713966
2026-02-09,sh600519,1518.0000,1542.8800,1513.4900,10227.7210,5116800,6.706878
2026-02-10,sh600519,1524.9700,1524.9700,1496.5000,10114.2650,3957600,6.721335
2026-02-11,sh600519,1504.8000,1514.0000,1496.0000,10111.6200,3092800,6.721677
2026-02-12,sh600519,1500.2000,1502.8200,1473.3600,10011.8400,4624600,6.734724
2026-02-13,sh600519,1486.6000,1507.8000,1470.5800,10004.5240,4167900,6.735692
2026-02-24,sh600519,1521.0000,1524.4000,1463.6000,9900.4100,4191300,6.749666
2026-02-25,sh600519,1470.0000,1509.6600,1467.8800,10040.3170,3688100,6.730969
2026-02-26,sh600519,1486.6000,1489.4900,1464.6700,9897.0900,3295800,6.750118
2026-02-27,sh600519,1466.9900,1476.2100,1455.0200,9834.1150,3216000,6.758749
2026-03-02,sh600519,1450.0000,1457.0000,1436.6600,9750.2050,3545400,6.770459
2026-03-03,sh600519,1440.1000,1452.8700,1422.1300,9671.8670,4589100,6.781612
2026-03-04,sh600519,1415.0000,1423.0000,1392.0900,9531.1160,4801400,6.802207
2026-03-05,sh600519,1406.0000,1412.9600,1395.0000,9519.0730,3050500,6.804003
2026-03-06,sh600519,1395.0000,1407.5000,1388.0000,9535.7310,2915400,6.801520
2026-03-09,sh600519,1390.0000,1404.9000,1383.2000,9507.5920,3744200,6.805721
2026-03-10,sh600519,1404.9000,1409.4900,1398.0000,9535.0560,2462600,6.801621
2026-03-11,sh600519,1402.9900,1405.9900,1398.0200,9524.4760,2445700,6.803197
2026-03-12,sh600519,1395.0000,1403.9500,1391.0100,9479.4530,2758600,6.809952
2026-03-13,sh600519,1392.4800,1417.6200,1392.0000,9601.2380,3360800,6.791855
2026-03-16,sh600519,1420.0000,1466.0000,1420.0000,9863.1550,6008600,6.754753
2026-03-17,sh600519,1468.0000,1498.0700,1461.1900,10002.8360,4945400,6.735916
2026-03-18,sh600519,1489.0000,1496.5000,1463.1500,9911.6660,3555100,6.748139
2026-03-19,sh600519,1472.9600,1473.0000,1446.0000,9822.0160,3031900,6.760423
2026-03-20,sh600519,1452.9600,1462.5000,1439.0000,9777.7250,2613200,6.766592
2026-03-23,sh600519,1433.3300,1435.0000,1400.0300,9569.8920,4725600,6.796460
2026-03-24,sh600519,1416.0000,1417.5900,1400.1800,9565.7270,2856200,6.797075
2026-03-25,sh600519,1410.1100,1417.8700,1401.0100,9582.2730,2609300,6.794637
2026-03-26,sh600519,1409.0000,1413.9000,1400.3000,9531.1160,2309300,6.802207
2026-03-27,sh600519,1400.0000,1426.0000,1396.6600,9614.6320,3008700,6.789898
2026-03-30,sh600519,1407.0000,1431.0000,1402.5200,9637.0310,2868500,6.786642
2026-03-31,sh600519,1468.0000,1479.9300,1448.4100,9805.8640,6169100,6.762665
2026-04-01,sh600519,1464.4900,1469.9900,1452.8800,9858.9900,2912500,6.755324
2026-04-02,sh600519,1459.4400,1464.8800,1452.1000,9861.4660,2106400,6.754984
2026-04-03,sh600519,1459.5400,1469.9600,1455.0000,9862.1420,2019400,6.754892
2026-04-07,sh600519,1460.0500,1470.0000,1435.0500,9749.6990,2415200,6.770530
2026-04-08,sh600519,1460.0000,1469.0800,1452.1300,9890.3930,3383600,6.751029
2026-04-09,sh600519,1465.0200,1465.0200,1447.5000,9864.8990,2070500,6.754513
2026-04-10,sh600519,1459.1400,1459.7100,1441.1000,9828.1500,2886600,6.759574
2026-04-13,sh600519,1444.0000,1446.5000,1433.0000,9768.2140,2521400,6.767925
2026-04-14,sh600519,1442.6000,1448.6000,1435.0000,9788.4180,2423300,6.765096
2026-04-15,sh600519,1444.9800,1470.7900,1442.0000,9904.3500,3455300,6.749131
2026-04-16,sh600519,1467.4500,1477.4100,1460.0000,9878.1240,2451300,6.752703
2026-04-17,sh600519,1400.0000,1421.0000,1399.8700,9565.2210,9682500,6.797150
2026-04-20,sh600519,1403.0000,1413.9400,1400.0000,9585.7620,3645100,6.794124
2026-04-21,sh600519,1411.0000,1419.9000,1410.0000,9592.0650,2175400,6.793199
2026-04-22,sh600519,1415.0000,1419.0000,1404.9800,9577.9390,2691600,6.795274
2026-04-23,sh600519,1408.0000,1419.7000,1405.1000,9631.4030,3770100,6.787458
2026-04-24,sh600519,1413.1000,1458.8800,1413.1000,9853.6440,5545500,6.756059
2026-04-27,sh600519,1420.0000,1420.0000,1402.2000,9542.4840,7279800,6.800516
2026-04-28,sh600519,1402.0000,1409.3900,1400.1100,9552.6140,3400400,6.799014
2026-04-29,sh600519,1405.0000,1409.7500,1400.2800,9531.0600,3481300,6.802215
2026-04-30,sh600519,1400.0000,1401.1700,1380.0000,9438.8770,5275300,6.816107
2026-05-06,sh600519,1365.1000,1379.0000,1360.0500,9383.7810,4780600,6.824568
2026-05-07,sh600519,1375.0000,1388.0000,1370.0100,9361.5520,4046100,6.828016
2026-05-08,sh600519,1371.6600,1382.7700,1370.0000,9372.4700,3336900,6.826321
2026-05-11,sh600519,1372.8900,1372.8900,1361.0000,9306.8500,5713500,6.836586
2026-05-12,sh600519,1362.0000,1363.5800,1350.5000,9268.6940,5083700,6.842637
2026-05-13,sh600519,1354.5000,1358.6000,1338.0000,9209.8270,5696800,6.852091
2026-05-14,sh600519,1338.0000,1369.0600,1335.1800,9199.0220,5524400,6.853843
2026-05-15,sh600519,1335.1500,1339.2800,1327.1100,9147.1340,5818400,6.862323
2026-05-18,sh600519,1336.0000,1342.6800,1319.6100,9091.1380,4966100,6.871608
2026-05-19,sh600519,1321.9000,1329.9900,1318.0000,9098.4540,4325500,6.870387
2026-05-20,sh600519,1321.0000,1332.9900,1314.0000,9046.1150,4748700,6.879175
2026-05-21,sh600519,1312.9800,1323.5200,1311.0000,9023.6040,3886800,6.882993
2026-05-22,sh600519,1310.9500,1311.9100,1290.1200,8906.5470,4915700,6.903230
2026-05-25,sh600519,1287.0000,1304.7900,1277.0000,8882.2350,4635300,6.907515
2026-05-26,sh600519,1285.3500,1289.8900,1270.0100,8811.8880,4593200,6.920077
2026-05-27,sh600519,1268.0200,1319.0000,1250.1000,8978.5820,8272800,6.890700
2026-05-28,sh600519,1290.0000,1304.0000,1271.0000,8826.5200,4589000,6.917444
2026-05-29,sh600519,1270.6000,1329.0000,1270.0000,9108.0210,7647800,6.868794
2026-06-01,sh600519,1327.0000,1327.0000,1301.3100,9015.7250,4384500,6.884335
2026-06-02,sh600519,1306.0000,1326.3600,1301.0000,9002.3310,3636200,6.886623
2026-06-03,sh600519,1304.0000,1304.0000,1276.0000,8859.8930,5247700,6.911478
2026-06-04,sh600519,1278.9900,1288.9900,1266.6900,8781.6100,3350600,6.925560
2026-06-05,sh600519,1278.0000,1283.0000,1267.7400,8808.9610,3130400,6.920605
2026-06-08,sh600519,1272.0000,1278.0000,1260.0000,8753.3590,3082800,6.930719
2026-06-09,sh600519,1262.9900,1263.0000,1252.5500,8714.0770,2786000,6.937959
2026-06-10,sh600519,1252.0800,1282.0000,1250.2100,8825.9570,3924400,6.917545
2026-06-11,sh600519,1272.1200,1282.8800,1266.9100,8843.5160,2535200,6.914399
2026-06-12,sh600519,1271.1800,1295.0000,1265.0100,8916.1700,5049500,6.901541
2026-06-15,sh600519,1292.7000,1292.7000,1270.1000,8799.0570,4158600,6.922396
2026-06-16,sh600519,1267.0100,1267.8800,1255.0000,8712.2200,3497000,6.938304
2026-06-17,sh600519,1258.0000,1259.7700,1238.5600,8624.0330,4480300,6.954865
2026-06-18,sh600519,1235.0000,1238.8700,1211.2200,8483.3390,5747200,6.982172
2026-06-22,sh600519,1214.3100,1252.8000,1205.0000,8631.9680,5825100,6.953358
2026-06-23,sh600519,1239.0000,1264.0000,1217.0000,8525.2660,5800400,6.973918
2026-06-24,sh600519,1222.6500,1241.8700,1207.5100,8442.1440,4533500,6.990382
2026-06-25,sh600519,1207.0000,1227.0000,1200.0000,8467.0180,4844600,6.985412
2026-06-26,sh600519,1199.0000,1199.0000,1168.1000,8380.0930,5006600,7.170869
2026-06-29,sh600519,1169.0000,1215.0000,1151.0100,8528.2720,6687800,7.136868
2026-06-30,sh600519,1187.0000,1195.6700,1176.0000,8474.9770,3960800,7.148923
2026-07-01,sh600519,1180.1000,1196.8000,1166.3300,8517.2980,4247400,7.139335
2026-07-02,sh600519,1193.0100,1215.5200,1190.5100,8573.5190,5087000,7.126782
2026-07-03,sh600519,1205.2400,1210.1400,1185.0000,8525.4020,3426800,7.137513
2026-07-06,sh600519,1186.0000,1215.0000,1180.0000,8595.5240,4097000,7.121926
2026-07-07,sh600519,1200.0000,1202.0000,1188.1100,8493.6050,2736500,7.144688
2026-07-08,sh600519,1188.7700,1200.9800,1177.0000,8552.6970,2577600,7.131407
2026-07-09,sh600519,1191.0000,1191.9900,1178.0000,8456.4060,3409600,7.153170
2026-07-10,sh600519,1182.2000,1204.9800,1170.2800,8584.6620,5221300,7.124319
2026-07-13,sh600519,1197.1200,1215.0000,1190.1900,8618.4850,4198300,7.116892
2026-07-14,sh600519,1208.9900,1226.8700,1205.0000,8640.3770,4352700,7.112124
2026-07-15,sh600519,1203.6600,1256.6000,1198.6600,8843.9900,7194400,7.069197
2026-07-16,sh600519,1252.0000,1267.9700,1245.0500,8888.6180,4761100,7.060118
2026-07-17,sh600519,1269.0100,1269.3300,1238.9800,8854.9080,5841700,7.066966
2026-07-20,sh600519,1270.0000,1329.0000,1266.0000,9274.1760,10615100,6.986197
2026-07-21,sh600519,1338.9800,1344.7000,1296.8700,9164.4350,7714800,7.006449
2026-07-22,sh600519,1300.0000,1308.0000,1283.2400,9147.5520,6518100,7.009618
2026-07-23,sh600519,1299.8000,1303.0000,1285.4300,9074.4470,3391800,7.023511
2026-07-24,sh600519,1305.0000,1309.2100,1286.2000,9104.8370,3569900,7.017702
2026-07-27,sh600519,1308.0000,1308.0000,1279.5800,9060.3210,3199000,7.026228
2026-07-28,sh600519,1299.0000,1320.0000,1289.5200,9231.9680,5313500,6.993915
2026-07-29,sh600519,1333.8300,1343.4800,1312.0600,9237.5960,6233000,6.992881
2026-07-30,sh600519,1323.0000,1362.0000,1322.0000,9466.9840,7187300,6.952021
2026-07-31,sh600519,1330.0300,1355.7200,1325.7700,9404.1780,5512800,6.962963
2026-08-03,sh600519,1350.6000,1363.3500,1346.0000,9451.3380,3614700,6.954729
2026-08-04,sh600519,1350.0600,1350.9400,1328.3600,9279.0160,3745000,6.985317
2026-08-05,sh600519,1328.3600,1333.8000,1303.5000,9155.7120,4268900,7.008085
2026-08-06,sh600519,1310.0000,1314.4000,1300.0100,9167.5300,2546300,7.005869
2026-08-07,sh600519,1308.6600,1315.2800,1301.0000,9171.3010,2497600,7.005164
2026-08-10,sh600519,1325.0000,1359.9700,1318.0800,9394.3850,6268600,6.964685
2026-08-11,sh600519,1348.0000,1352.6500,1338.0000,9381.1040,2707300,6.967029
2026-08-12,sh600519,1346.5000,1356.8800,1332.5100,9361.4070,3506000,6.970519
2026-08-13,sh600519,1338.0000,1359.6000,1337.0000,9430.5720,3235300,6.958342
2026-08-14,sh600519,1355.0000,1359.0000,1338.1400,9355.7230,2985300,6.971530
2026-08-17,sh600519,1295.0000,1301.0000,1280.3400,9080.5250,7843000,7.022346
2026-08-18,sh600519,1291.0000,1302.9000,1285.1700,9108.1010,3872300,7.017081
2026-08-19,sh600519,1300.0000,1308.8800,1290.5000,9163.7600,3754800,7.006576
2026-08-20,sh600519,1299.8000,1306.8800,1291.0000,9071.5770,2533200,7.024063
2026-08-21,sh600519,1291.5000,1291.5000,1272.0100,8966.5060,3347200,7.044543
2026-08-24,sh600519,1271.0100,1313.8000,1270.3300,9145.6380,4844000,7.009978
2026-08-25,sh600519,1311.8900,1317.0000,1301.1100,9141.9240,2111100,7.010678
2026-08-26,sh600519,1300.0000,1314.4500,1295.0000,9135.1710,2173100,7.011952
2026-08-27,sh600519,1304.0000,1305.0000,1288.0000,9076.0790,2476700,7.023198
2026-08-28,sh600519,1289.0000,1297.8900,1288.0000,9104.7810,1612600,7.017713
2026-08-31,sh600519,1297.9900,1305.0000,1286.0000,9116.7110,2324800,7.015445
2026-09-01,sh600519,1295.0000,1307.9900,1286.1000,9116.9370,3266400,7.015403
2026-09-02,sh600519,1302.8000,1303.0000,1291.2000,9105.3430,2030800,7.017605
2026-09-03,sh600519,1297.5000,1305.0000,1293.0200,9113.1100,1774800,7.016129
2026-09-04,sh600519,1295.8800,1338.8600,1295.6000,9288.2460,4541600,6.983644
2026-09-07,sh600519,1324.0000,1333.6000,1312.6600,9209.5130,2525000,6.998057
2026-09-08,sh600519,1318.0000,1323.0000,1309.0500,9171.7510,1753400,7.005080
2026-09-09,sh600519,1305.0100,1309.3000,1286.6800,9068.0880,3222600,7.024734
2026-09-10,sh600519,1291.0000,1294.9900,1282.0000,9035.7280,1890000,7.030984
2026-09-11,sh600519,1285.1500,1286.1500,1263.0100,8979.6190,3480100,7.041955
2026-09-14,sh600519,1277.2700,1285.5300,1270.3600,8995.3770,1657100,7.038856
2026-09-15,sh600519,1281.0000,1284.5000,1271.2800,8966.0560,1376200,7.044632
2026-09-16,sh600519,1273.9300,1274.9800,1254.1000,8883.0470,2623500,7.061246
2026-09-17,sh600519,1257.9800,1267.6000,1254.0000,8933.5840,1755400,7.051085
2026-09-18,sh600519,1262.9900,1265.8800,1256.1000,8878.0940,2489100,7.062249
2026-09-21,sh600519,1259.0000,1259.9500,1250.8000,8852.4880,2501700,7.067460
2026-09-22,sh600519,1252.1500,1265.8800,1248.1000,8859.4100,2457300,7.066047
2026-09-23,sh600519,1255.0300,1271.5000,1250.8900,8845.0030,3098100,7.068990
2026-09-24,sh600519,1250.0100,1256.1300,1231.0500,8764.8630,3123900,7.085580
2026-09-28,sh600519,1236.0000,1244.0100,1228.1000,7953.5500,2821800,6.394146
