date,symbol,open,high,low,close,volume,factor
1991-01-02,sz000001,67.4100,67.4100,67.4100,67.4100,75900,2.296763
1991-01-03,sz000001,66.8900,66.8900,66.8900,66.8900,21240,1.000000
1991-01-04,sz000001,66.7500,66.7500,66.7500,66.7500,16790,1.000000
1991-01-05,sz000001,66.5300,66.5300,66.5300,66.5300,13150,1.000000
1991-01-07,sz000001,66.4900,66.4900,66.4900,66.4900,16136,1.000000
1991-01-08,sz000001,66.1500,66.1500,66.1500,66.1500,17918,1.000000
1991-01-09,sz000001,65.8600,65.8600,65.8600,65.8600,6106,1.000000
1991-01-10,sz000001,65.5700,65.5700,65.5700,65.5700,4890,1.000000
1991-01-11,sz000001,65.2200,65.2200,65.2200,65.2200,4850,1.000000
1991-01-12,sz000001,64.8500,64.8500,64.8500,64.8500,4800,1.000000
1991-01-14,sz000001,64.4500,64.4500,64.4500,64.4500,11883,1.000000
1991-01-15,sz000001,64.1300,64.1300,64.1300,64.1300,13320,1.000000
1991-01-16,sz000001,63.8100,63.8100,63.8100,63.8100,5380,1.000000
1991-01-17,sz000001,63.4900,63.4900,63.4900,63.4900,4450,1.000000
1991-01-18,sz000001,63.1700,63.1700,63.1700,63.1700,3200,1.000000
1991-01-19,sz000001,62.8500,62.8500,62.8500,62.8500,2250,1.000000
1991-01-21,sz000001,62.5400,62.5400,62.5400,62.5400,3200,1.000000
1991-01-22,sz000001,62.2300,62.2300,62.2300,62.2300,2150,1.000000
1991-01-23,sz000001,61.9200,61.9200,61.9200,61.9200,4502,1.000000
1991-01-24,sz000001,61.6100,61.6100,61.6100,61.6100,2300,1.000000
1991-01-25,sz000001,61.3000,61.3000,61.3000,61.3000,7720,1.000000
1991-01-26,sz000001,60.9900,60.9900,60.9900,60.9900,13000,1.000000
1991-01-28,sz000001,60.6900,60.6900,60.6900,60.6900,12400,1.000000
1991-01-29,sz000001,60.3900,60.3900,60.3900,60.3900,23080,1.000000
1991-01-30,sz000001,60.0900,60.0900,60.0900,60.0900,46157,1.000000
1991-01-31,sz000001,60.2400,60.2400,60.2400,60.2400,165215,1.000000
1991-02-01,sz000001,60.6200,60.6200,60.6200,60.6200,136247,1.000000
1991-02-02,sz000001,60.9100,60.9100,60.9100,60.9100,42515,1.000000
1991-02-04,sz000001,61.2900,61.2900,61.2900,61.2900,67570,1.000000
1991-02-05,sz000001,61.6000,61.6000,61.6000,61.6000,68999,1.000000
1991-02-06,sz000001,61.7700,61.7700,61.7700,61.7700,36886,1.000000
1991-02-07,sz000001,62.2200,62.2200,62.2200,62.2200,32363,1.000000
1991-02-08,sz000001,62.5200,62.5200,62.5200,62.5200,42472,1.000000
1991-02-09,sz000001,62.8400,62.8400,62.8400,62.8400,65895,1.000000
1991-02-11,sz000001,63.1500,63.1500,63.1500,63.1500,180641,1.000000
1991-02-12,sz000001,63.3900,63.3900,63.3900,63.3900,176810,1.000000
1991-02-13,sz000001,63.5800,63.5800,63.5800,63.5800,66321,1.000000
1991-02-22,sz000001,64.1100,64.1100,64.1100,64.1100,63434,1.000000
1991-02-23,sz000001,64.4300,64.4300,64.4300,64.4300,44656,1.000000
1991-02-25,sz000001,64.7500,64.7500,64.7500,64.7500,72678,1.000000
1991-02-26,sz000001,64.8000,64.8000,64.8000,64.8000,113388,1.000000
1991-02-27,sz000001,64.6400,64.6400,64.6400,64.6400,59090,1.000000
1991-02-28,sz000001,64.3200,64.3200,64.3200,64.3200,35040,1.000000
1991-03-01,sz000001,64.0800,64.0800,64.0800,64.0800,19640,1.000000
1991-03-02,sz000001,63.6100,63.6100,63.6100,63.6100,19475,1.000000
1991-03-04,sz000001,63.7200,63.7200,63.7200,63.7200,10250,1.000000
1991-03-05,sz000001,63.3600,63.3600,63.3600,63.3600,8680,1.000000
1991-03-06,sz000001,63.0400,63.0400,63.0400,63.0400,6784,1.000000
1991-03-07,sz000001,62.7200,62.7200,62.7200,62.7200,2900,1.000000
1991-03-08,sz000001,62.4100,62.4100,62.4100,62.4100,19540,1.000000
1991-03-09,sz000001,62.1000,62.1000,62.1000,62.1000,7512,1.000000
1991-03-11,sz000001,61.7900,61.7900,61.7900,61.7900,18289,1.000000
1991-03-12,sz000001,61.4800,61.4800,61.4800,61.4800,43747,1.000000
1991-04-03,sz000001,49.0000,49.0000,49.0000,49.0000,100,1.000000
1991-04-04,sz000001,48.7600,48.7600,48.7600,48.7600,300,1.000000
1991-04-05,sz000001,48.5200,48.5200,48.5200,48.5200,200,1.000000
1991-04-06,sz000001,48.2800,48.2800,48.2800,48.2800,700,1.000000
1991-04-08,sz000001,48.0400,48.0400,48.0400,48.0400,200,1.000000
1991-04-09,sz000001,47.8000,47.8000,47.8000,47.8000,400,1.000000
1991-04-10,sz000001,47.5600,47.5600,47.5600,47.5600,1500,1.000000
1991-04-12,sz000001,47.0800,47.0800,47.0800,47.0800,800,1.000000
1991-04-13,sz000001,46.8400,46.8400,46.8400,46.8400,500,1.000000
1991-04-16,sz000001,46.3800,46.3800,46.3800,46.3800,200,1.000000
1991-04-17,sz000001,46.1500,46.1500,46.1500,46.1500,100,1.000000
1991-04-18,sz000001,45.9200,45.9200,45.9200,45.9200,400,1.000000
1991-04-19,sz000001,45.6900,45.6900,45.6900,45.6900,200,1.000000
1991-04-20,sz000001,45.4600,45.4600,45.4600,45.4600,500,1.000000
1991-04-23,sz000001,45.0000,45.0000,45.0000,45.0000,2800,1.000000
1991-04-24,sz000001,44.7800,44.7800,44.7800,44.7800,1600,1.000000
1991-04-25,sz000001,44.5600,44.5600,44.5600,44.5600,1500,1.000000
1991-04-26,sz000001,44.3400,44.3400,44.3400,44.3400,800,1.000000
1991-04-29,sz000001,43.9000,43.9000,43.9000,43.9000,400,1.000000
1991-04-30,sz000001,43.6800,43.6800,43.6800,43.6800,200,1.000000
1991-05-02,sz000001,61.1440,61.1440,61.1440,61.1440,200,1.406903
1991-05-03,sz000001,60.8360,60.8360,60.8360,60.8360,300,1.406938
1991-05-04,sz000001,60.5280,60.5280,60.5280,60.5280,200,1.406974
1991-05-06,sz000001,60.2200,60.2200,60.2200,60.2200,900,1.407009
1991-05-07,sz000001,59.9260,59.9260,59.9260,59.9260,200,1.407044
1991-05-08,sz000001,59.6320,59.6320,59.6320,59.6320,10900,1.407079
1991-05-09,sz000001,59.3380,59.3380,59.3380,59.3380,1500,1.407114
1991-05-10,sz000001,59.0440,59.0440,59.0440,59.0440,2000,1.407150
1991-05-11,sz000001,58.7500,58.7500,58.7500,58.7500,600,1.407186
1991-05-13,sz000001,58.4560,58.4560,58.4560,58.4560,1900,1.407222
1991-05-14,sz000001,58.1620,58.1620,58.1620,58.1620,5500,1.407259
1991-05-15,sz000001,57.8680,57.8680,57.8680,57.8680,38700,1.407296
1991-05-16,sz000001,57.5740,57.5740,57.5740,57.5740,49300,1.407333
1991-05-17,sz000001,57.2940,57.2940,57.2940,57.2940,41900,1.407369
1991-05-18,sz000001,57.0140,57.0140,57.0140,57.0140,11000,1.407406
1991-05-20,sz000001,56.7340,56.7340,56.7340,56.7340,5100,1.407442
1991-05-21,sz000001,56.4540,56.4540,56.4540,56.4540,6300,1.407479
1991-05-22,sz000001,56.1740,56.1740,56.1740,56.1740,4300,1.407517
1991-05-23,sz000001,55.8940,55.8940,55.8940,55.8940,1700,1.407555
1991-05-24,sz000001,55.6140,55.6140,55.6140,55.6140,300,1.407593
1991-05-27,sz000001,55.0540,55.0540,55.0540,55.0540,500,1.407671
1991-05-28,sz000001,54.7740,54.7740,54.7740,54.7740,300,1.407710
1991-05-29,sz000001,54.5080,54.5080,54.5080,54.5080,3600,1.407748
1991-05-30,sz000001,54.2420,54.2420,54.2420,54.2420,1400,1.407786
1991-05-31,sz000001,53.9760,53.9760,53.9760,53.9760,100,1.407825
1991-06-01,sz000001,53.7100,53.7100,53.7100,53.7100,1000,1.407864
1991-06-03,sz000001,53.4440,53.4440,53.4440,53.4440,700,1.407903
1991-06-04,sz000001,53.1780,53.1780,53.1780,53.1780,100,1.407943
1991-06-06,sz000001,52.6460,52.6460,52.6460,52.6460,400,1.408024
1991-06-07,sz000001,52.3800,52.3800,52.3800,52.3800,100,1.408065
1991-06-08,sz000001,52.1140,52.1140,52.1140,52.1140,600,1.408106
1991-06-10,sz000001,51.8480,51.8480,51.8480,51.8480,1500,1.408148
1991-06-11,sz000001,51.5960,51.5960,51.5960,51.5960,1200,1.408188
1991-06-12,sz000001,51.3440,51.3440,51.3440,51.3440,1500,1.408228
1991-06-13,sz000001,51.0920,51.0920,51.0920,51.0920,3400,1.408269
1991-06-14,sz000001,50.8400,50.8400,50.8400,50.8400,700,1.408310
1991-06-15,sz000001,50.5880,50.5880,50.5880,50.5880,2700,1.408352
1991-06-17,sz000001,50.3360,50.3360,50.3360,50.3360,500,1.408394
1991-06-18,sz000001,50.0840,50.0840,50.0840,50.0840,1000,1.408436
1991-06-19,sz000001,49.8320,49.8320,49.8320,49.8320,5700,1.408479
1991-06-20,sz000001,49.5800,49.5800,49.5800,49.5800,3000,1.408523
1991-06-21,sz000001,49.3280,49.3280,49.3280,49.3280,200,1.408567
1991-06-22,sz000001,49.0760,49.0760,49.0760,49.0760,1600,1.408611
1991-06-24,sz000001,48.8380,48.8380,48.8380,48.8380,2500,1.408653
1991-06-25,sz000001,48.6000,48.6000,48.6000,48.6000,1200,1.408696
1991-06-26,sz000001,48.3620,48.3620,48.3620,48.3620,400,1.408739
1991-06-27,sz000001,48.1240,48.1240,48.1240,48.1240,400,1.408782
1991-06-28,sz000001,47.8860,47.8860,47.8860,47.8860,200,1.408826
1991-07-01,sz000001,47.4100,47.4100,47.4100,47.4100,200,1.408915
1991-07-02,sz000001,47.1720,47.1720,47.1720,47.1720,200,1.408961
1991-07-04,sz000001,46.6960,46.6960,46.6960,46.6960,1100,1.409053
1991-07-05,sz000001,46.4580,46.4580,46.4580,46.4580,200,1.409099
1991-07-06,sz000001,46.2340,46.2340,46.2340,46.2340,100,1.409144
1991-07-08,sz000001,46.0100,46.0100,46.0100,46.0100,900,1.409188
1991-07-10,sz000001,45.5620,45.5620,45.5620,45.5620,600,1.409279
1991-07-11,sz000001,45.3380,45.3380,45.3380,45.3380,100,1.409325
1991-07-15,sz000001,44.6660,44.6660,44.6660,44.6660,400,1.409467
1991-07-19,sz000001,43.7700,43.7700,43.7700,43.7700,100,1.409662
1991-07-20,sz000001,43.5460,43.5460,43.5460,43.5460,200,1.409712
1991-07-24,sz000001,42.9160,42.9160,42.9160,42.9160,200,1.409855
1991-07-26,sz000001,42.4960,42.4960,42.4960,42.4960,300,1.409954
1991-07-29,sz000001,42.0760,42.0760,42.0760,42.0760,700,1.410054
1991-07-30,sz000001,41.8660,41.8660,41.8660,41.8660,700,1.410104
1991-07-31,sz000001,41.6560,41.6560,41.6560,41.6560,100,1.410156
1991-08-01,sz000001,41.4460,41.4460,41.4460,41.4460,700,1.410208
1991-08-02,sz000001,41.2360,41.2360,41.2360,41.2360,100,1.410260
1991-08-17,sz000001,22.5600,24.0160,22.1050,24.0160,32800,1.520000
1991-08-19,sz000001,24.3800,24.9260,24.0160,24.9260,310000,1.529202
1991-08-20,sz000001,24.9260,24.9260,23.8340,23.9250,196900,1.519048
1991-08-21,sz000001,23.9250,23.9250,23.1060,23.5610,343100,1.515177
1991-08-22,sz000001,23.5610,23.5610,22.3780,22.3780,284100,1.501879
1991-08-23,sz000001,22.3780,22.8330,21.2860,22.5600,438100,1.504000
1991-08-24,sz000001,23.4700,24.0160,22.5600,23.6520,333000,1.516154
1991-08-26,sz000001,23.6520,23.6520,23.1060,23.2880,277200,1.512208
1991-08-27,sz000001,23.1970,23.2880,22.7420,22.9240,208500,1.508158
1991-08-28,sz000001,23.0150,23.0150,22.5600,22.7420,243900,1.506093
1991-08-29,sz000001,22.6510,22.8330,22.5600,22.7420,229600,1.506093
1991-08-30,sz000001,22.5600,22.7420,22.5600,22.6510,225100,1.505050
1991-08-31,sz000001,22.6510,22.6510,22.2870,22.5600,120000,1.504000
1991-09-02,sz000001,22.5600,22.5600,21.9230,22.5600,231600,1.504000
1991-09-03,sz000001,22.5600,22.5600,22.0140,22.5600,287400,1.504000
1991-09-04,sz000001,22.1960,22.2870,22.0140,22.2870,160400,1.500808
1991-09-05,sz000001,22.0140,22.0140,21.2860,21.8320,484000,1.495342
1991-09-06,sz000001,21.2860,21.2860,19.8300,20.1940,326700,1.474015
1991-09-07,sz000001,20.1940,20.4670,19.6480,20.4670,364100,1.477762
1991-09-09,sz000001,20.1940,20.5580,20.1940,20.5580,629700,1.478993
1991-09-10,sz000001,20.1940,20.6490,20.1940,20.6490,423500,1.480215
1991-09-11,sz000001,20.4670,21.4680,20.4670,21.4680,452800,1.490833
1991-09-12,sz000001,21.3770,21.6500,21.2860,21.5590,352400,1.491972
1991-09-13,sz000001,21.4680,21.6500,21.2860,21.6500,752500,1.493103
1991-09-14,sz000001,21.4680,21.5590,21.3770,21.5590,356300,1.491972
1991-09-16,sz000001,21.2860,21.3770,20.9220,21.2860,224000,1.488531
1991-09-17,sz000001,21.1040,21.1950,20.9220,21.1950,300900,1.487368
1991-09-18,sz000001,20.9220,21.1040,20.7400,21.1040,262000,1.486197
1991-09-19,sz000001,20.9220,21.0130,20.7400,21.0130,347500,1.485018
1991-09-20,sz000001,20.8310,20.9220,20.8310,20.9220,234000,1.483830
1991-09-21,sz000001,20.8310,20.9220,20.8310,20.9220,197800,1.483830
1991-09-23,sz000001,20.8310,20.9220,20.8310,20.9220,207800,1.483830
1991-09-24,sz000001,20.8310,20.9220,20.8310,20.9220,140200,1.483830
1991-09-25,sz000001,20.8310,21.1040,20.8310,21.1040,177000,1.486197
1991-09-26,sz000001,20.9220,21.2860,20.9220,21.2860,71700,1.488531
1991-09-27,sz000001,21.2860,21.8320,21.2860,21.6500,147600,1.493103
1991-09-28,sz000001,21.6500,21.8320,21.6500,21.6500,108600,1.493103
1991-09-29,sz000001,21.7410,21.9230,21.6500,21.8320,93000,1.495342
1991-10-03,sz000001,21.9230,24.5620,21.9230,23.9250,180900,1.519048
1991-10-04,sz000001,24.1070,24.1070,23.1970,23.6520,393100,1.516154
1991-10-05,sz000001,23.5610,24.3800,23.3790,24.1980,208800,1.521887
1991-10-07,sz000001,24.3800,26.7460,24.3800,26.6550,408300,1.545217
1991-10-08,sz000001,29.2940,34.2080,29.1120,34.2080,651400,1.598505
1991-10-09,sz000001,34.3900,43.0350,34.3900,42.4890,647600,1.637341
1991-10-10,sz000001,42.5800,45.9470,32.6610,35.3000,610900,1.604545
1991-10-11,sz000001,34.9360,38.9400,27.9290,38.9400,856600,1.622500
1991-10-12,sz000001,38.9400,40.1230,38.9400,39.4860,333800,1.624938
1991-10-14,sz000001,39.6680,40.9420,39.5770,40.3050,648500,1.628485
1991-10-15,sz000001,40.2140,40.2140,37.1200,37.6660,361000,1.616567
1991-10-16,sz000001,37.6660,37.6660,35.4820,37.1200,391400,1.613913
1991-10-17,sz000001,37.1200,39.4860,37.1200,39.4860,420200,1.624938
1991-10-18,sz000001,39.5770,40.5780,38.9400,39.2130,485600,1.623727
1991-10-19,sz000001,39.0310,39.1220,38.5760,38.9400,181300,1.622500
1991-10-21,sz000001,38.9400,39.6680,38.6670,38.7580,355700,1.621674
1991-10-22,sz000001,38.9400,38.9400,37.7570,38.0300,333500,1.618298
1991-10-23,sz000001,38.0300,38.7580,37.5750,38.6670,323300,1.621258
1991-10-24,sz000001,38.7580,39.4860,38.5760,38.9400,392800,1.622500
1991-10-25,sz000001,38.9400,38.9400,38.6670,38.9400,357900,1.622500
1991-10-26,sz000001,38.8490,38.9400,38.7580,38.8490,279400,1.622088
1991-10-28,sz000001,38.9400,40.7600,38.8490,40.5780,455400,1.629639
1991-10-29,sz000001,40.7600,42.7620,40.7600,41.9430,489400,1.635205
1991-10-30,sz000001,41.8520,42.5800,41.6700,42.1250,378700,1.635922
1991-10-31,sz000001,42.0340,44.5820,42.0340,44.2180,445700,1.643792
1991-11-01,sz000001,44.4000,48.9500,44.4000,47.5850,581000,1.655130
1991-11-02,sz000001,47.6760,48.4040,47.3120,47.8580,320800,1.655986
1991-11-04,sz000001,48.0400,52.8630,47.9490,52.6810,677400,1.669762
1991-11-05,sz000001,52.7720,54.5920,52.4080,52.4080,946000,1.669045
1991-11-06,sz000001,52.4080,52.5900,48.0400,49.6780,623900,1.661472
1991-11-07,sz000001,49.9510,52.5900,49.8600,50.2240,767200,1.663046
1991-11-08,sz000001,50.4060,50.9520,49.3140,50.7700,569000,1.664590
1991-11-09,sz000001,50.7700,54.2280,50.7700,54.0460,498200,1.673251
1991-11-12,sz000001,54.4100,60.5980,54.4100,60.5070,623700,1.687782
1991-11-13,sz000001,60.5980,62.4180,60.5980,61.5990,770500,1.689959
1991-11-14,sz000001,61.7810,62.9640,61.5080,61.7810,458300,1.690315
1991-11-15,sz000001,61.5990,62.9640,60.1430,60.2340,668400,1.687227
1991-11-16,sz000001,60.2340,60.2340,57.5950,58.0500,347600,1.682609
1991-11-18,sz000001,57.7770,57.7770,48.6770,49.0410,415100,1.659594
1991-11-19,sz000001,48.7680,54.4100,48.0400,54.4100,576800,1.674154
1991-11-20,sz000001,54.4100,57.1400,54.4100,56.7760,469700,1.679763
1991-11-21,sz000001,56.7760,56.7760,51.6800,53.3180,327800,1.671411
1991-11-22,sz000001,53.4090,54.4100,51.6800,53.6820,411800,1.672336
1991-11-23,sz000001,53.5000,53.6820,52.9540,53.3180,171700,1.671411
1991-11-25,sz000001,53.4090,53.4090,50.6790,51.6800,247500,1.667097
1991-11-26,sz000001,51.6800,51.6800,47.6760,47.6760,356300,1.655417
1991-11-27,sz000001,47.6760,49.8600,46.8570,49.8600,455000,1.662000
1991-11-28,sz000001,49.8600,50.4060,47.6760,48.1310,432000,1.656833
1991-11-29,sz000001,48.0400,48.0400,45.2190,45.9470,306200,1.649803
1991-11-30,sz000001,45.8560,46.2200,45.1280,45.3100,142900,1.647636
1991-12-02,sz000001,45.4920,45.4920,44.0360,44.4910,410500,1.644769
1991-12-03,sz000001,44.4000,47.2210,44.4000,46.7660,234800,1.652509
1991-12-04,sz000001,46.7660,47.1300,46.2200,46.2200,242700,1.650714
1991-12-05,sz000001,46.2200,46.2200,44.2180,44.4000,126000,1.644444
1991-12-06,sz000001,44.4000,45.4920,44.4000,45.3100,159400,1.647636
1991-12-07,sz000001,45.3100,46.2200,44.9460,46.0380,80600,1.650108
1991-12-09,sz000001,46.2200,46.5840,45.8560,46.3110,144400,1.651016
1991-12-10,sz000001,46.2200,47.1300,46.2200,47.1300,182200,1.653684
1991-12-11,sz000001,47.1300,47.6760,46.5840,46.8570,201900,1.652804
1991-12-12,sz000001,46.8570,46.8570,45.6740,46.0380,105800,1.650108
1991-12-13,sz000001,45.8560,45.8560,44.5820,44.8550,129400,1.646055
1991-12-14,sz000001,44.7640,45.3100,44.6730,45.3100,59600,1.647636
1991-12-16,sz000001,45.1280,45.8560,45.1280,45.4920,100100,1.648261
1991-12-17,sz000001,45.5830,45.8560,45.3100,45.4010,91300,1.647949
1991-12-18,sz000001,45.4920,45.6740,45.1280,45.5830,123900,1.648571
1991-12-19,sz000001,45.6740,45.7650,45.3100,45.5830,88400,1.648571
1991-12-20,sz000001,45.4920,45.8560,45.3100,45.5830,100900,1.648571
1991-12-21,sz000001,45.4920,45.8560,45.3100,45.4920,47400,1.648261
1991-12-23,sz000001,45.6740,46.0380,45.4920,45.8560,127000,1.649496
1991-12-24,sz000001,46.0380,48.5860,46.0380,48.1310,105000,1.656833
1991-12-25,sz000001,48.3130,49.8600,48.2220,48.5860,226900,1.658225
1991-12-26,sz000001,48.5860,48.5860,46.2200,46.2200,191800,1.650714
1991-12-27,sz000001,46.2200,47.1300,46.2200,47.0390,210500,1.653392
1991-12-28,sz000001,46.9480,48.5860,46.9480,48.4950,111600,1.657949
1991-12-30,sz000001,48.5860,48.7680,47.6760,47.6760,105900,1.655417
1991-12-31,sz000001,47.6760,48.6770,47.6760,48.6770,75900,1.658501
1992-01-02,sz000001,48.3130,48.7680,48.0400,48.3130,1145000,1.085685
1992-01-03,sz000001,48.4040,48.6770,48.0400,48.2220,221200,1.657113
1992-01-06,sz000001,48.2220,49.4960,48.1310,49.3140,263400,1.660404
1992-01-07,sz000001,49.3140,50.2240,49.0410,49.6780,293100,1.661472
1992-01-08,sz000001,49.4960,50.2240,49.0410,49.2230,192800,1.660135
1992-01-09,sz000001,49.3140,49.4960,48.5860,49.3140,153500,1.660404
1992-01-10,sz000001,49.2230,49.4960,48.9500,49.4960,152500,1.660940
1992-01-13,sz000001,49.4960,49.4960,49.1320,49.2230,135300,1.660135
1992-01-14,sz000001,49.2230,49.2230,48.0400,48.4040,71100,1.657671
1992-01-15,sz000001,48.4040,48.7680,48.0400,48.2220,220500,1.657113
1992-01-16,sz000001,48.0400,48.0400,47.2210,47.8580,126800,1.655986
1992-01-17,sz000001,47.8580,47.8580,46.8570,47.6760,114300,1.655417
1992-01-20,sz000001,47.6760,48.9500,47.6760,48.8590,108500,1.659049
1992-01-21,sz000001,48.9500,49.4960,48.4040,48.5860,157600,1.658225
1992-01-22,sz000001,48.4950,48.5860,47.6760,47.9490,159200,1.656269
1992-01-23,sz000001,47.9490,48.5860,47.9490,48.4040,147700,1.657671
1992-01-24,sz000001,48.4950,49.3140,48.1310,49.1320,232700,1.659865
1992-01-27,sz000001,49.0410,49.1320,48.5860,48.7680,257100,1.658776
1992-01-28,sz000001,48.7680,48.9500,48.6770,48.9500,233600,1.659322
1992-01-29,sz000001,48.9500,49.9510,48.9500,49.8600,212700,1.662000
1992-01-30,sz000001,49.7690,50.4970,49.7690,50.2240,173500,1.663046
1992-01-31,sz000001,50.4060,52.0440,50.4060,51.9530,227500,1.667833
1992-02-01,sz000001,51.9530,53.5000,51.9530,53.5000,222800,1.671875
1992-02-02,sz000001,53.5000,54.7740,53.3180,54.1370,73500,1.673478
1992-02-10,sz000001,54.0460,54.4100,51.4980,52.7720,164400,1.670000
1992-02-11,sz000001,52.4080,53.1360,52.4080,52.8630,196000,1.670237
1992-02-12,sz000001,52.8630,53.5000,52.5900,53.2270,135800,1.671177
1992-02-13,sz000001,53.3180,53.5910,53.1360,53.5000,181200,1.671875
1992-02-14,sz000001,53.5000,53.6820,53.1360,53.1360,192400,1.670943
1992-02-17,sz000001,52.9540,53.1360,51.8620,52.1350,155700,1.668320
1992-02-18,sz000001,52.0440,52.1350,51.1340,51.6800,195500,1.667097
1992-02-19,sz000001,51.6800,52.0440,51.3160,51.7710,194600,1.667343
1992-02-20,sz000001,51.6800,53.5000,51.6800,53.1360,129600,1.670943
1992-02-21,sz000001,53.1360,53.3180,52.7720,52.8630,171000,1.670237
1992-02-24,sz000001,52.8630,52.8630,50.7700,51.8620,140500,1.667588
1992-02-25,sz000001,52.0440,52.0440,51.3160,51.5890,123100,1.666850
1992-02-26,sz000001,51.6800,51.6800,50.7700,50.8610,141900,1.664845
1992-02-27,sz000001,51.1340,51.6800,50.7700,51.6800,203300,1.667097
1992-02-28,sz000001,51.6800,53.0450,51.6800,52.6810,233500,1.669762
1992-03-02,sz000001,52.9540,53.5000,52.7720,52.9540,313700,1.670473
1992-03-03,sz000001,53.1360,53.2270,52.6810,52.9540,315000,1.670473
1992-03-04,sz000001,53.1360,53.3180,52.6810,53.0450,228800,1.670709
1992-03-05,sz000001,52.9540,53.5000,52.8630,53.4090,273300,1.671643
1992-03-06,sz000001,53.5000,54.0460,53.2270,53.6820,426000,1.672336
1992-03-09,sz000001,53.9550,55.1380,53.9550,54.2280,351500,1.673704
1992-03-10,sz000001,54.4100,54.4100,53.3180,53.6820,228400,1.672336
1992-03-11,sz000001,53.5000,53.8640,53.5000,53.7730,273800,1.672566
1992-03-12,sz000001,53.6820,53.9550,53.5000,53.9550,261500,1.673023
1992-03-13,sz000001,54.0460,54.0460,53.7730,54.0460,317000,1.673251
1992-03-16,sz000001,54.3190,55.1380,54.1370,54.9560,490100,1.675488
1992-03-17,sz000001,55.1380,55.3200,54.9560,55.0470,310600,1.675708
1992-03-18,sz000001,55.0470,55.2290,54.8650,55.1380,605900,1.675927
1992-03-19,sz000001,55.1380,55.1380,54.3190,54.5920,228600,1.674601
1992-03-20,sz000001,54.8650,54.8650,53.8640,54.3190,256300,1.673929
1992-03-23,sz000001,54.3190,55.8210,54.3190,55.4110,486500,2.530183
1992-03-24,sz000001,55.6840,55.9570,55.2750,55.9570,647600,2.531991
1992-03-25,sz000001,55.9570,59.2330,55.6840,58.8240,665200,2.540994
1992-03-26,sz000001,59.2330,62.7820,58.8240,61.6900,915400,2.549174
1992-03-27,sz000001,61.6900,61.9630,59.7790,60.8710,731300,2.546904
1992-03-30,sz000001,60.8710,64.4200,60.5980,63.6010,777200,2.554257
1992-03-31,sz000001,64.0110,67.4230,64.0110,66.7410,883200,2.562035
1992-04-01,sz000001,67.5600,69.4710,67.5600,69.0610,796500,2.567323
1992-04-02,sz000001,69.0610,69.6070,66.6040,66.7410,654400,2.562035
1992-04-03,sz000001,67.1500,67.1500,64.6930,66.4680,623300,2.561387
1992-04-06,sz000001,66.8770,71.2450,66.8770,70.6990,645600,2.570873
1992-04-07,sz000001,71.1090,73.4290,69.3340,72.0640,872500,2.573714
1992-04-08,sz000001,72.4740,77.2510,72.4740,74.6580,1315300,2.578860
1992-04-09,sz000001,74.7940,76.4320,73.1560,75.3400,910900,2.580137
1992-04-10,sz000001,75.7500,76.9780,74.7940,76.4320,767600,2.582162
1992-04-13,sz000001,76.8420,87.8980,76.8420,85.5780,740900,2.597208
1992-04-14,sz000001,85.9870,89.8090,83.5300,84.3490,1053200,2.595354
1992-04-15,sz000001,84.7590,87.0790,78.0700,79.1620,831100,2.586993
1992-04-16,sz000001,79.5720,85.7140,79.5720,85.3050,917700,2.596804
1992-04-17,sz000001,85.7140,85.9870,82.7110,82.9840,971400,2.593250
1992-04-20,sz000001,83.3940,84.3490,80.2540,81.7560,599300,2.591315
1992-04-21,sz000001,82.1650,82.7110,80.2540,81.6190,659700,2.591079
1992-04-22,sz000001,82.0290,85.9870,81.6190,85.1680,627600,2.596585
1992-04-23,sz000001,85.5780,88.7170,85.5780,86.6700,852300,2.598801
1992-04-24,sz000001,87.0790,89.2630,87.0790,88.4440,898300,2.601294
1992-04-27,sz000001,88.8540,90.9010,87.0790,87.8980,854600,2.600533
1992-04-28,sz000001,88.3080,89.8090,87.0790,89.8090,962400,2.603159
1992-04-29,sz000001,90.2190,93.9040,90.2190,93.9040,926600,2.608444
1992-04-30,sz000001,94.3140,101.2750,94.3140,100.7290,806100,2.616338
1992-05-03,sz000001,101.1390,112.1950,101.1390,107.9640,844900,2.623670
1992-05-04,sz000001,108.3730,115.1980,107.2810,114.6520,1146200,2.629633
1992-05-05,sz000001,114.2430,125.5720,114.2430,123.7980,1080500,2.636805
1992-05-06,sz000001,124.2070,128.1660,119.8390,121.2040,899900,2.634870
1992-05-07,sz000001,121.6140,121.6140,112.0590,114.5160,1015200,2.629529
1992-05-08,sz000001,114.9250,116.0170,110.2840,111.9220,1072600,2.627277
1992-05-11,sz000001,112.3320,115.1980,108.9190,115.0620,1039000,2.629989
1992-05-12,sz000001,115.4710,124.4800,115.4710,122.2960,796900,2.635690
1992-05-13,sz000001,122.7060,125.2990,121.7500,122.0230,848900,2.635486
1992-05-14,sz000001,122.4330,122.4330,118.2010,119.7030,891200,2.633729
1992-05-15,sz000001,120.1120,121.7500,118.3380,119.4300,862300,2.633517
1992-05-18,sz000001,119.8390,119.8390,115.7440,117.9280,888300,2.632321
1992-05-19,sz000001,118.3380,122.7060,117.6550,122.4330,1068100,2.635802
1992-05-20,sz000001,122.8420,125.7090,118.4740,118.7470,966500,2.632971
1992-05-21,sz000001,119.1570,119.1570,114.6520,118.4740,642600,2.632756
1992-05-22,sz000001,118.8840,119.1570,116.2900,116.8360,618000,2.631441
1992-05-25,sz000001,117.2460,119.8390,116.5630,119.7030,904600,2.633729
1992-05-26,sz000001,120.1120,122.8420,120.1120,122.5690,840900,2.635892
1992-05-27,sz000001,122.9790,124.4800,120.9310,121.2040,942400,2.634870
1992-05-28,sz000001,121.2040,121.2040,118.4740,119.7030,708800,2.633729
1992-05-29,sz000001,120.1120,120.1120,116.2900,119.0200,722100,2.633186
1992-06-01,sz000001,119.4300,122.8420,119.4300,121.0680,925800,2.634777
1992-06-02,sz000001,121.4770,121.4770,116.4270,118.2010,797600,2.632539
1992-06-03,sz000001,118.6110,118.6110,110.2840,110.6940,531100,2.626192
1992-06-04,sz000001,111.1030,111.1030,101.0020,108.3730,958000,2.624044
1992-06-05,sz000001,108.7830,112.4680,108.6460,110.0110,970800,2.625561
1992-06-08,sz000001,110.4210,110.4210,104.4150,108.9190,738200,2.624554
1992-06-09,sz000001,109.3290,109.3290,103.4590,104.4150,477900,2.620201
1992-06-10,sz000001,104.2780,104.5510,100.4560,102.6400,623700,2.618367
1992-06-11,sz000001,102.2310,102.9130,100.7290,101.5480,487300,2.617216
1992-06-12,sz000001,101.9580,101.9580,99.0910,100.7290,670000,2.616338
1992-06-15,sz000001,100.7290,100.8660,94.7230,94.7230,683000,2.609449
1992-06-16,sz000001,94.3140,94.4500,86.3970,87.3520,767500,2.599762
1992-06-17,sz000001,86.9430,97.0440,83.8030,96.3610,876100,2.611409
1992-06-18,sz000001,95.9520,100.1830,93.6310,94.7230,1146400,2.609449
1992-06-19,sz000001,95.1330,95.2690,91.1740,94.4500,667300,2.609116
1992-06-22,sz000001,94.0410,94.0410,88.1710,88.9900,736500,2.602047
1992-06-23,sz000001,89.4000,93.3580,87.8980,91.7200,617100,2.605682
1992-06-24,sz000001,91.3110,91.3110,88.9900,91.1740,588500,2.604971
1992-06-25,sz000001,91.5840,93.9040,91.1740,93.9040,480100,2.608444
1992-06-26,sz000001,93.9040,98.2720,93.9040,96.9070,778900,2.612049
1992-06-29,sz000001,97.3170,104.8240,97.3170,104.2780,989000,2.620050
1992-06-30,sz000001,104.6880,110.2840,104.6880,110.2840,1047400,2.625810
1992-07-01,sz000001,110.6940,112.6050,105.6430,106.0530,1246700,2.621829
1992-07-02,sz000001,105.6430,107.0080,103.0500,105.3700,1230300,2.621144
1992-07-03,sz000001,104.9610,107.5540,104.8240,107.4180,1005300,2.623150
1992-07-06,sz000001,107.8270,111.9220,104.8240,107.0080,1251600,2.622745
1992-07-07,sz000001,107.4180,107.5540,104.0050,106.7350,730500,2.622482
1992-07-08,sz000001,107.1450,107.5540,105.6430,107.0080,447100,2.622745
1992-07-09,sz000001,106.5990,106.5990,104.2780,104.4150,817100,2.620201
1992-07-10,sz000001,104.2780,104.2780,102.3670,103.7320,707300,2.619495
1992-07-13,sz000001,103.3230,106.1890,102.6400,105.6430,884400,2.621414
1992-07-14,sz000001,106.0530,108.1000,106.0530,107.4180,731600,2.623150
1992-07-15,sz000001,107.5540,107.5540,106.1890,107.0080,379500,2.622745
1992-07-16,sz000001,106.5990,109.7380,106.5990,109.4650,564300,2.625060
1992-07-17,sz000001,109.8750,111.3760,109.7380,111.1030,957000,2.626548
1992-07-20,sz000001,111.5130,118.4740,111.5130,118.2010,881200,2.632539
1992-07-21,sz000001,118.4740,119.8390,116.8360,117.3820,1098100,2.631883
1992-07-22,sz000001,117.1090,117.9280,115.7440,117.5190,978700,2.632004
1992-07-23,sz000001,117.1090,119.8390,117.1090,119.8390,943800,2.633824
1992-07-24,sz000001,119.4300,121.2040,119.0200,120.7950,1098300,2.634569
1992-07-27,sz000001,121.2040,124.4800,121.2040,124.4800,915200,2.637288
1992-07-28,sz000001,124.0710,124.4800,120.9310,120.9310,851300,2.634662
1992-07-29,sz000001,120.5220,121.7500,119.5660,120.9310,700800,2.634662
1992-07-30,sz000001,121.2040,122.0230,120.6580,122.0230,685600,2.635486
1992-07-31,sz000001,122.4330,122.5690,120.1120,120.1120,562200,2.634035
1992-08-03,sz000001,120.1120,120.1120,112.4680,112.7410,681600,2.627995
1992-08-04,sz000001,112.3320,117.6550,110.2840,116.2900,855500,2.630995
1992-08-05,sz000001,116.7000,118.4740,113.8330,117.7920,503000,2.632223
1992-08-06,sz000001,117.3820,117.3820,114.9250,116.0170,405000,2.630771
1992-08-07,sz000001,115.7440,118.7470,114.6520,118.4740,663600,2.632756
1992-08-10,sz000001,118.8840,122.5690,118.8840,121.7500,460900,2.635281
1992-08-11,sz000001,122.0230,122.0230,111.2400,115.0620,142000,2.629989
1992-08-12,sz000001,115.4710,117.9280,115.1980,115.4710,920400,2.630319
1992-08-13,sz000001,115.7440,115.7440,110.1480,111.3760,999800,2.626792
1992-08-14,sz000001,110.9670,115.1980,109.3290,114.9250,1119300,2.629863
1992-08-17,sz000001,115.3350,119.4300,115.3350,115.7440,1019400,2.630545
1992-08-18,sz000001,115.7440,115.7440,112.8780,113.8330,741300,2.628938
1992-08-19,sz000001,113.4240,115.7440,113.4240,114.7890,334700,2.629759
1992-08-20,sz000001,114.3790,115.7440,114.1060,115.0620,431400,2.629989
1992-08-21,sz000001,114.9250,115.0620,112.7410,113.1510,586000,2.628362
1992-08-24,sz000001,112.7410,112.7410,109.7380,111.3760,462300,2.626792
1992-08-25,sz000001,110.9670,110.9670,106.7350,107.0080,508100,2.622745
1992-08-26,sz000001,106.5990,110.0110,105.6430,109.1920,957500,2.624808
1992-08-27,sz000001,109.6020,111.9220,108.1000,109.7380,670300,2.625311
1992-08-28,sz000001,109.7380,109.7380,108.3730,109.7380,366100,2.625311
1992-08-31,sz000001,109.3290,109.3290,107.5540,108.2370,361500,2.623927
1992-09-01,sz000001,107.8270,107.8270,106.1890,106.3260,428700,2.622096
1992-09-02,sz000001,106.1890,106.3260,101.5480,104.8240,701100,2.620600
1992-09-03,sz000001,104.8240,105.7800,103.1860,104.8240,539100,2.620600
1992-09-04,sz000001,104.9610,104.9610,101.2750,101.5480,697400,2.617216
1992-09-07,sz000001,101.1390,101.1390,96.6340,97.1800,726100,2.612366
1992-09-08,sz000001,96.7710,103.1860,95.2690,102.0940,1073500,2.617795
1992-09-09,sz000001,102.5040,109.1920,102.5040,109.0560,1138200,2.624693
1992-09-10,sz000001,109.4650,113.0140,109.4650,111.2400,1585400,2.626682
1992-09-11,sz000001,111.6490,114.1060,108.1000,113.8330,1476200,2.628938
1992-09-14,sz000001,114.2430,116.8360,110.2840,110.8300,1359900,2.626303
1992-09-15,sz000001,110.4210,113.0140,109.1920,110.6940,936200,2.626192
1992-09-16,sz000001,110.2840,114.3790,108.9190,112.3320,556000,2.627649
1992-09-17,sz000001,112.4680,114.6520,112.4680,113.8330,797700,2.628938
1992-09-18,sz000001,113.8330,114.3790,111.3760,111.9220,577100,2.627277
1992-09-21,sz000001,111.6490,113.6970,111.3760,112.4680,343000,2.627757
1992-09-22,sz000001,112.4680,113.0140,111.3760,111.7860,477800,2.627168
1992-09-23,sz000001,112.1950,113.8330,112.1950,113.1510,735600,2.628362
1992-09-24,sz000001,113.5600,119.5660,113.5600,119.2930,2018700,2.633400
1992-09-25,sz000001,119.7030,121.7500,118.7470,119.2930,2395300,2.633400
1992-09-28,sz000001,119.2930,119.4300,117.1090,118.3380,975800,2.632659
1992-09-29,sz000001,118.4740,118.4740,117.6550,118.4740,571400,2.632756
1992-09-30,sz000001,118.4740,118.6110,116.8360,117.3820,774600,2.631883
1992-10-04,sz000001,117.3820,118.4740,117.3820,117.9280,334400,2.632321
1992-10-05,sz000001,117.9280,118.2010,116.2900,116.5630,335800,2.631219
1992-10-06,sz000001,116.1540,116.1540,114.3790,115.3350,347900,2.630217
1992-10-07,sz000001,114.9250,116.2900,114.3790,116.2900,274500,2.630995
1992-10-08,sz000001,116.7000,117.1090,115.4710,115.8810,277100,2.630670
1992-10-09,sz000001,116.0170,117.5190,115.4710,117.2460,502900,2.631785
1992-10-12,sz000001,117.6550,119.4300,117.6550,117.9280,621500,2.632321
1992-10-13,sz000001,118.3380,118.3380,116.2900,116.5630,304800,2.631219
1992-10-14,sz000001,116.2900,116.5630,114.6520,114.7890,357400,2.629759
1992-10-15,sz000001,114.3790,117.1090,113.8330,116.7000,271600,2.631342
1992-10-16,sz000001,116.8360,117.1090,115.1980,115.4710,271800,2.630319
1992-10-19,sz000001,115.4710,115.4710,111.9220,112.4680,454800,2.627757
1992-10-20,sz000001,112.6050,116.0170,112.6050,113.0140,667900,2.628233
1992-10-21,sz000001,112.6050,113.4240,110.2840,110.6940,499500,2.626192
1992-10-22,sz000001,110.2840,110.2840,106.1890,109.1920,683300,2.624808
1992-10-23,sz000001,109.1920,109.1920,106.8720,107.0080,766700,2.622745
1992-10-26,sz000001,106.5990,106.5990,97.0440,100.7290,1116200,2.616338
1992-10-27,sz000001,100.7290,101.8210,98.6820,98.8180,1449300,2.614233
1992-10-28,sz000001,99.2280,101.5480,97.7260,100.8660,952400,2.616498
1992-10-29,sz000001,100.4560,103.7320,100.3200,103.7320,1189100,2.619495
1992-10-30,sz000001,104.1420,105.6430,104.1420,104.6880,1048100,2.620476
1992-11-02,sz000001,104.8240,104.8240,99.0910,99.3640,722200,2.614842
1992-11-03,sz000001,99.3640,101.5480,97.7260,101.5480,668600,2.617216
1992-11-04,sz000001,101.5480,101.5480,99.3640,99.9100,266600,2.615445
1992-11-05,sz000001,99.5010,99.6370,98.8180,99.0910,341100,2.614538
1992-11-06,sz000001,98.8180,99.9100,98.8180,99.3640,413000,2.614842
1992-11-09,sz000001,98.9550,99.3640,98.4090,98.8180,219300,2.614233
1992-11-10,sz000001,98.4090,99.3640,97.7260,98.2720,303200,2.613617
1992-11-11,sz000001,97.9990,98.5450,96.0880,96.6340,400700,2.611730
1992-11-12,sz000001,96.6340,98.2720,91.7200,93.2220,516900,2.607608
1992-11-13,sz000001,92.8120,92.8120,87.6250,88.7170,828100,2.601672
1992-11-16,sz000001,88.3080,88.3080,79.5720,79.7080,843300,2.587922
1992-11-17,sz000001,79.2990,79.2990,74.7940,77.2510,1307100,2.583645
1992-11-18,sz000001,77.5240,84.3490,77.5240,82.4380,1213300,2.592390
1992-11-19,sz000001,82.0290,82.5750,80.1180,81.8920,1381900,2.591519
1992-11-20,sz000001,81.8920,82.9840,80.5270,80.8000,1049700,2.589744
1992-11-23,sz000001,80.3910,80.3910,76.8420,77.7970,953500,2.584618
1992-11-24,sz000001,77.5240,79.7080,76.9780,79.7080,482500,2.587922
1992-11-25,sz000001,79.7080,82.9840,79.4350,82.9840,720100,2.593250
1992-11-26,sz000001,82.9840,91.4470,82.9840,90.3550,1518200,2.603890
1992-11-27,sz000001,90.7650,91.1740,87.7620,90.4920,2075500,2.604086
1992-11-30,sz000001,90.9010,101.1390,90.9010,100.1830,1287600,2.615744
1992-12-01,sz000001,100.5930,103.1860,97.1800,102.6400,2051600,2.618367
1992-12-02,sz000001,103.0500,104.8240,100.1830,101.0020,1773200,2.616632
1992-12-03,sz000001,100.5930,101.6850,97.9990,97.9990,1134500,2.613307
1992-12-04,sz000001,97.5900,102.5040,97.5900,102.0940,1305800,2.617795
1992-12-07,sz000001,102.5040,108.7830,102.5040,108.3730,1566500,2.624044
1992-12-08,sz000001,108.7830,109.8750,108.1000,108.6460,1530300,2.624300
1992-12-09,sz000001,109.0560,109.0560,102.3670,104.2780,1208100,2.620050
1992-12-10,sz000001,104.6880,104.6880,101.2750,101.9580,1333500,2.617664
1992-12-11,sz000001,102.0940,109.0560,102.0940,105.6430,1402100,2.621414
1992-12-14,sz000001,106.0530,107.5540,104.8240,106.1890,1017100,2.621951
1992-12-15,sz000001,105.7800,106.1890,104.4150,105.0970,619200,2.620873
1992-12-16,sz000001,104.8240,107.0080,104.2780,107.0080,637400,2.622745
1992-12-17,sz000001,107.4180,108.1000,106.1890,106.4620,504100,2.622217
1992-12-18,sz000001,106.8720,108.7830,106.3260,108.6460,615600,2.624300
1992-12-21,sz000001,109.0560,109.7380,107.5540,109.4650,950100,2.625060
1992-12-22,sz000001,109.8750,110.2840,108.9190,108.9190,766000,2.624554
1992-12-23,sz000001,108.9190,108.9190,107.5540,107.9640,581700,2.623670
1992-12-24,sz000001,107.5540,110.2840,107.5540,109.6020,415100,2.625198
1992-12-25,sz000001,110.0110,110.2840,109.1920,109.8750,525900,2.625448
1992-12-28,sz000001,110.2840,110.6940,109.8750,110.6940,495100,2.626192
1992-12-29,sz000001,110.6940,114.9250,110.6940,114.6520,741200,2.629633
1992-12-30,sz000001,115.0620,117.9280,115.0620,117.6550,1268300,2.632103
1992-12-31,sz000001,118.0650,118.7470,116.5630,117.1090,1145000,2.631663
1993-01-03,sz000001,117.1090,119.8390,117.1090,119.7030,973300,2.633729
1993-01-04,sz000001,119.8390,120.6580,118.2010,118.4740,1183400,2.632756
1993-01-05,sz000001,118.4740,119.8390,117.9280,118.7470,665300,2.632971
1993-01-06,sz000001,118.4740,119.8390,118.4740,119.8390,665400,2.633824
1993-01-07,sz000001,119.8390,121.2040,119.1570,121.2040,655500,2.634870
1993-01-08,sz000001,121.2040,121.8870,120.7950,121.8870,912700,2.635395
1993-01-11,sz000001,122.2960,126.6640,122.0230,125.8450,962400,2.638260
1993-01-12,sz000001,126.2550,126.3910,122.0230,122.5690,1031400,2.635892
1993-01-13,sz000001,122.5690,125.0260,122.0230,123.9340,847800,2.636894
1993-01-14,sz000001,123.9340,124.7530,122.8420,123.3880,772400,2.636496
1993-01-15,sz000001,123.3880,124.7530,122.5690,124.4800,696300,2.637288
1993-01-18,sz000001,124.0710,128.5750,124.0710,128.3020,1135000,2.639959
1993-01-19,sz000001,128.7120,130.0770,128.5750,129.1210,1388700,2.640511
1993-02-01,sz000001,129.3940,141.8160,129.3940,139.7680,1126900,2.647121
1993-02-02,sz000001,140.1780,145.5010,140.1780,142.4980,1117600,2.648662
1993-02-03,sz000001,142.9080,143.8630,138.8130,138.9490,973600,2.646648
1993-02-04,sz000001,138.9490,140.3140,137.0380,139.7680,1032600,2.647121
1993-02-05,sz000001,139.7680,140.7240,138.8130,139.7680,1222600,2.647121
1993-02-08,sz000001,140.1780,145.2280,140.1780,143.0440,1375000,2.648963
1993-02-09,sz000001,143.0440,144.6820,141.6790,142.7710,1633900,2.648813
1993-02-10,sz000001,143.0440,145.7740,143.0440,144.1360,1057600,2.649559
1993-02-11,sz000001,144.1360,145.7740,143.0440,144.4090,1454700,2.649706
1993-02-12,sz000001,144.4090,144.4090,137.4480,140.5870,2437500,2.647589
1993-02-15,sz000001,140.5870,148.3680,140.5870,147.1390,1656900,2.651153
1993-02-16,sz000001,147.5490,150.4150,147.5490,148.2310,1826200,2.651717
1993-02-17,sz000001,148.5040,149.8690,146.4570,149.5960,1310900,2.652411
1993-02-18,sz000001,150.0060,151.2340,148.5040,151.2340,1205300,2.653228
1993-02-19,sz000001,151.2340,156.1480,151.2340,156.1480,1361100,2.655578
1993-02-22,sz000001,156.1480,163.7920,156.1480,161.1990,1591800,2.657857
1993-02-23,sz000001,161.6080,161.6080,158.8780,159.1510,1340100,2.656945
1993-02-24,sz000001,159.4240,159.4240,151.7800,152.4630,1868300,2.653838
1993-02-25,sz000001,152.5990,158.6050,150.9610,157.2400,1633500,2.656081
1993-02-26,sz000001,157.6500,159.4240,154.7830,156.1480,1184900,2.655578
1993-03-01,sz000001,156.5580,164.8840,156.5580,161.3350,2467500,2.657908
1993-03-02,sz000001,161.7450,161.7450,158.0590,158.3320,1269600,2.656577
1993-03-03,sz000001,158.0590,158.8780,153.4180,153.4180,1216100,2.654291
1993-03-04,sz000001,153.4180,156.6940,150.8250,154.2370,2125300,2.654682
1993-03-05,sz000001,154.6470,155.3290,148.5040,148.5040,1573300,2.651857
1993-03-08,sz000001,148.5040,153.9640,148.5040,152.5990,1526600,2.653896
1993-03-09,sz000001,152.5990,153.9640,150.6880,151.9170,950100,2.653572
1993-03-10,sz000001,151.5070,155.6020,151.5070,155.4660,1128200,2.655269
1993-03-11,sz000001,155.8750,156.6940,155.3290,155.7390,1050800,2.655396
1993-03-12,sz000001,156.1480,156.6940,155.8750,156.6940,939600,2.655831
1993-03-15,sz000001,156.6940,156.6940,150.6880,153.1450,1328200,2.654159
1993-03-16,sz000001,153.1450,155.3290,153.1450,154.2370,960800,2.654682
1993-03-17,sz000001,153.9640,154.5100,152.3260,152.5990,852900,2.653896
1993-03-18,sz000001,152.5990,153.9640,151.3710,153.1450,704000,2.654159
1993-03-19,sz000001,153.5550,153.9640,152.3260,153.6910,763800,2.654421
1993-03-22,sz000001,153.9640,153.9640,150.1420,150.6880,817300,2.652958
1993-03-23,sz000001,150.6880,151.5070,148.5040,149.5960,955100,2.652411
1993-03-24,sz000001,149.5960,150.1420,146.0470,146.5930,837300,2.650868
1993-03-25,sz000001,146.5930,151.7800,145.2280,151.3710,941400,2.653304
1993-03-26,sz000001,151.7800,153.6910,151.5070,151.5070,849300,2.653363
1993-03-29,sz000001,151.7800,151.7800,149.8690,150.9610,479300,2.653093
1993-03-30,sz000001,150.9610,151.2340,149.7330,151.0980,374200,2.653169
1993-03-31,sz000001,151.2340,152.5990,151.0980,152.3260,463500,2.653763
1993-04-01,sz000001,152.5990,152.7360,151.7800,152.3260,419700,2.653763
1993-04-02,sz000001,152.5990,153.4180,151.9170,152.3260,507800,2.653763
1993-04-05,sz000001,152.3260,152.4630,151.2340,151.3710,410900,2.653304
1993-04-06,sz000001,151.2340,152.1900,150.1420,151.6440,429500,2.653438
1993-04-07,sz000001,151.2340,153.4180,151.2340,153.2820,462600,2.654234
1993-04-08,sz000001,153.6910,155.3290,153.6910,155.1930,734600,2.655141
1993-04-09,sz000001,155.3290,155.8750,154.2370,154.6470,711000,2.654884
1993-04-12,sz000001,155.0560,161.8810,155.0560,160.9260,1561200,2.657737
1993-04-13,sz000001,161.3350,162.5640,160.9260,162.1540,1636000,2.658262
1993-04-14,sz000001,162.1540,162.1540,161.3350,161.7450,1204300,2.658094
1993-04-15,sz000001,162.1540,162.1540,160.2430,161.3350,1085700,2.657908
1993-04-16,sz000001,161.6080,162.1540,160.7890,161.8810,884800,2.658144
1993-04-19,sz000001,162.1540,162.1540,159.8340,159.9700,945100,2.657309
1993-04-20,sz000001,159.9700,159.9700,158.6050,159.2880,554300,2.657014
1993-04-21,sz000001,159.4240,159.4240,158.4690,159.2880,362500,2.657014
1993-04-22,sz000001,159.4240,159.6970,158.6050,158.6050,421600,2.656700
1993-04-23,sz000001,158.6050,158.6050,156.1480,157.2400,541900,2.656081
1993-04-26,sz000001,157.2400,157.2400,155.3290,157.2400,397300,2.656081
1993-04-27,sz000001,157.2400,157.6500,156.6940,156.8310,249200,2.655902
1993-04-28,sz000001,156.6940,156.6940,156.0120,156.6940,334400,2.655831
1993-04-29,sz000001,156.6940,156.6940,155.6020,155.6020,288600,2.655324
1993-04-30,sz000001,155.6020,156.2850,155.1930,156.1480,414300,2.655578
1993-05-03,sz000001,156.1480,156.1480,153.9640,154.1010,279500,2.654625
1993-05-04,sz000001,153.9640,154.3740,153.2820,153.9640,341000,2.654552
1993-05-05,sz000001,153.9640,154.2370,150.1420,150.4150,469200,2.652822
1993-05-06,sz000001,150.4150,150.5520,139.7680,146.5930,1294000,2.650868
1993-05-07,sz000001,146.5930,147.4120,142.4980,145.7740,1020700,2.650436
1993-05-10,sz000001,145.7740,151.2340,145.7740,147.2760,1063900,2.651233
1993-05-11,sz000001,146.8660,147.1390,143.0440,144.5460,895800,2.649789
1993-05-12,sz000001,144.4090,148.0950,144.4090,147.5490,589100,2.651375
1993-05-13,sz000001,147.9580,151.7800,147.9580,150.8250,628200,2.653034
1993-05-14,sz000001,150.6880,152.8720,150.1420,151.2340,535200,2.653228
1993-05-17,sz000001,151.2340,151.7800,148.2310,148.2310,478800,2.651717
1993-05-18,sz000001,148.5040,149.8690,146.0470,149.0500,404100,2.652135
1993-05-19,sz000001,149.0500,149.3230,147.9580,149.0500,373500,2.652135
1993-05-20,sz000001,149.0500,149.1870,147.6850,147.6850,646200,2.651436
1993-05-21,sz000001,147.6850,147.8220,143.3170,144.1360,910300,2.649559
1993-05-24,sz000001,143.6760,143.9400,134.1870,135.2410,1384500,5.008926
1993-05-25,sz000001,135.2410,138.4050,133.1330,137.8770,1733900,5.013709
1993-05-26,sz000001,138.6680,143.6760,138.4050,140.5130,2650600,5.018321
1993-05-27,sz000001,140.5130,141.0410,138.4050,140.5130,1848600,5.018321
1993-05-28,sz000001,140.5130,142.6220,139.4590,142.0950,1688300,5.021025
1993-05-31,sz000001,142.8860,146.3120,142.6220,146.3120,1576500,5.027904
1993-06-01,sz000001,146.3120,148.4210,143.6760,144.9940,1877100,5.025789
1993-06-02,sz000001,144.7310,146.3120,143.6760,145.7850,1148400,5.027069
1993-06-03,sz000001,145.7850,146.8400,145.2580,146.3120,1506000,5.027904
1993-06-04,sz000001,146.3120,146.5760,144.7310,145.2580,1124000,5.026228
1993-06-05,sz000001,145.2580,145.2580,145.2580,145.2580,77493,5.026228
1993-06-07,sz000001,145.7850,146.0490,143.6760,144.7310,707700,5.025382
1993-06-08,sz000001,144.7310,144.9940,143.6760,144.2040,552100,5.024530
1993-06-09,sz000001,144.4670,144.7310,141.3040,142.0950,572700,5.021025
1993-06-10,sz000001,142.0950,142.0950,140.5130,141.8310,421700,5.020566
1993-06-11,sz000001,141.5680,141.5680,138.6680,139.1950,750400,5.016036
1993-06-14,sz000001,139.1950,139.1950,134.7140,135.5050,1063200,5.009427
1993-06-15,sz000001,135.2410,137.6140,134.1870,137.0870,786700,5.012322
1993-06-16,sz000001,136.8230,137.0870,135.7690,136.5590,445400,5.011339
1993-06-17,sz000001,136.2960,136.2960,134.7140,136.0320,477600,5.010387
1993-06-18,sz000001,135.7690,139.4590,135.5050,139.1950,812400,5.016036
1993-06-19,sz000001,139.1950,140.7770,139.1950,140.7770,25089,5.018788
1993-06-21,sz000001,139.9860,141.5680,136.5590,136.8230,885900,5.011832
1993-06-22,sz000001,136.8230,137.3500,135.2410,136.8230,551700,5.011832
1993-06-23,sz000001,136.8230,137.3500,136.0320,136.5590,619300,5.011339
1993-06-24,sz000001,136.8230,137.3500,136.0320,137.0870,816300,5.012322
1993-06-25,sz000001,137.3500,137.8770,134.7140,135.5050,834200,5.009427
1993-06-28,sz000001,135.2410,135.5050,132.6060,134.9780,507300,5.008460
1993-06-29,sz000001,135.2410,135.7690,134.7140,135.5050,345000,5.009427
1993-06-30,sz000001,135.7690,136.0320,134.1870,134.1870,471000,5.006978
1993-07-01,sz000001,134.1870,134.1870,131.0240,131.5510,807200,5.001939
1993-07-02,sz000001,131.5510,131.5510,126.0160,131.0240,1323800,5.000916
1993-07-03,sz000001,131.0240,136.2960,131.0240,136.2960,50157,5.010882
1993-07-05,sz000001,131.0240,137.3500,127.5970,129.9700,1211100,4.998846
1993-07-06,sz000001,129.9700,129.9700,126.2790,126.5430,670900,4.991834
1993-07-07,sz000001,126.2790,127.0700,124.1710,125.4890,794500,4.989622
1993-07-08,sz000001,125.2250,125.7520,124.1710,125.2250,550300,4.989044
1993-07-09,sz000001,125.2250,125.2250,123.3800,123.6430,654900,4.985605
1993-07-12,sz000001,123.6430,123.6430,113.6270,115.9990,1138300,4.967837
1993-07-13,sz000001,115.9990,116.2630,113.6270,114.1540,633200,4.963217
1993-07-14,sz000001,114.1540,116.2630,113.8900,115.2080,478800,4.965862
1993-07-15,sz000001,115.2080,115.4720,112.8360,113.1000,520900,4.960526
1993-07-16,sz000001,113.1000,113.3630,108.8820,108.8820,993200,4.949182
1993-07-17,sz000001,108.8820,112.0450,108.8820,112.0450,48292,4.957743
1993-07-19,sz000001,108.8820,109.4090,101.2380,102.8200,1127300,4.931415
1993-07-20,sz000001,102.0290,102.0290,95.4390,100.1840,1596900,4.923047
1993-07-21,sz000001,100.9740,101.7650,96.7570,99.9200,1202600,4.922167
1993-07-22,sz000001,99.9200,101.5020,98.0750,101.5020,818200,4.927282
1993-07-23,sz000001,101.5020,109.4090,101.5020,108.0910,1303000,4.946957
1993-07-26,sz000001,108.8820,111.5180,108.3550,111.2550,1660300,4.955679
1993-07-27,sz000001,111.5180,119.4260,110.4640,119.4260,1927500,4.976083
1993-07-28,sz000001,119.4260,127.3340,119.4260,122.8530,2587700,4.983895
1993-07-29,sz000001,122.8530,123.3800,118.3720,122.0620,2313600,4.982122
1993-07-30,sz000001,122.8530,124.1710,122.0620,122.5890,1920500,4.983293
1993-08-02,sz000001,123.3800,126.5430,123.3800,123.6430,1835100,4.985605
1993-08-03,sz000001,122.8530,123.1160,120.4800,120.4800,985100,4.978512
1993-08-04,sz000001,119.6900,121.5350,119.1620,120.2170,862300,4.977930
1993-08-05,sz000001,121.0070,123.1160,121.0070,123.1160,712500,4.984453
1993-08-06,sz000001,123.1160,123.9070,120.4800,122.0620,770200,4.982122
1993-08-07,sz000001,122.0620,122.0620,122.0620,122.0620,59147,4.982122
1993-08-09,sz000001,122.0620,126.8070,121.5350,126.2790,1481900,4.991265
1993-08-10,sz000001,127.0700,128.9150,126.8070,127.0700,2145400,4.992927
1993-08-11,sz000001,126.2790,132.6060,125.2250,132.6060,1782400,5.004000
1993-08-12,sz000001,133.1330,134.9780,130.4970,133.6600,2825300,5.005993
1993-08-13,sz000001,134.4510,135.5050,133.9240,134.4510,2504300,5.007486
1993-08-16,sz000001,135.2410,137.8770,135.2410,136.8230,4053700,5.011832
1993-08-17,sz000001,137.6140,146.8400,126.8070,126.8070,3730800,4.992402
1993-08-18,sz000001,126.0160,132.6060,124.1710,127.0700,2665500,4.992927
1993-08-19,sz000001,127.8610,128.3880,122.8530,124.1710,1129200,4.986787
1993-08-20,sz000001,123.3800,123.3800,118.8990,119.4260,1530200,4.976083
1993-08-21,sz000001,119.4260,119.4260,119.4260,119.4260,54211,4.976083
1993-08-23,sz000001,118.6350,118.6350,113.6270,114.1540,1445600,4.963217
1993-08-24,sz000001,113.3630,123.6430,110.9910,123.1160,1742900,4.984453
1993-08-25,sz000001,123.1160,123.1160,117.8440,118.1080,1171900,4.972968
1993-08-26,sz000001,117.5810,119.4260,116.2630,117.5810,668000,4.971712
1993-08-27,sz000001,116.7900,119.4260,114.1540,115.4720,908900,4.966538
1993-08-30,sz000001,114.6810,117.3170,114.1540,115.4720,539800,4.966538
1993-08-31,sz000001,115.7360,120.4800,115.7360,117.5810,575800,4.971712
1993-09-01,sz000001,118.3720,119.4260,115.4720,115.7360,412800,4.967210
1993-09-02,sz000001,115.2080,116.7900,114.9450,115.4720,346700,4.966538
1993-09-03,sz000001,115.7360,117.8440,114.6810,117.8440,397100,4.972321
1993-09-06,sz000001,118.6350,119.4260,116.7900,117.3170,396900,4.971059
1993-09-07,sz000001,116.7900,117.8440,116.7900,117.0540,238200,4.970446
1993-09-08,sz000001,116.7900,117.3170,115.7360,115.9990,316700,4.967837
1993-09-09,sz000001,115.9990,117.3170,115.7360,115.9990,247900,4.967837
1993-09-10,sz000001,115.9990,116.5260,114.1540,114.9450,367300,4.965227
1993-09-13,sz000001,114.1540,114.1540,110.9910,110.9910,596400,4.954955
1993-09-14,sz000001,110.2000,112.0450,109.4090,110.7270,571800,4.954228
1993-09-15,sz000001,110.7270,112.0450,108.8820,109.1460,395000,4.949932
1993-09-16,sz000001,108.8820,110.4640,108.3550,108.6190,476300,4.948474
1993-09-20,sz000001,107.8280,113.8900,106.7730,113.6270,811900,4.961878
1993-09-21,sz000001,113.1000,115.2080,110.7270,110.9910,641100,4.954955
1993-09-22,sz000001,110.9910,112.8360,110.9910,112.0450,281000,4.957743
1993-09-23,sz000001,112.5720,114.1540,112.3090,112.8360,437600,4.959824
1993-09-24,sz000001,112.0450,112.0450,105.1920,109.1460,542100,4.949932
1993-09-27,sz000001,109.1460,110.7270,108.8820,109.6730,184800,4.951377
1993-09-28,sz000001,108.8820,110.2000,108.8820,109.9370,184600,4.952117
1993-09-29,sz000001,109.9370,113.1000,109.9370,111.5180,334900,4.956356
1993-09-30,sz000001,112.3090,113.6270,111.7820,112.0450,336400,4.957743
1993-10-04,sz000001,112.8360,114.1540,112.5720,113.6270,262500,4.961878
1993-10-05,sz000001,114.4180,115.4720,112.5720,113.1000,591600,4.960526
1993-10-06,sz000001,113.1000,113.1000,110.9910,111.5180,220800,4.956356
1993-10-07,sz000001,110.9910,112.0450,110.4640,110.7270,279200,4.954228
1993-10-08,sz000001,111.5180,111.5180,110.4640,110.4640,280400,4.953543
1993-10-11,sz000001,110.2000,110.9910,109.9370,110.2000,238300,4.952809
1993-10-12,sz000001,110.2000,110.2000,109.4090,109.9370,288200,4.952117
1993-10-13,sz000001,109.9370,110.2000,108.8820,109.1460,282000,4.949932
1993-10-14,sz000001,109.1460,109.1460,108.6190,108.8820,256800,4.949182
1993-10-15,sz000001,108.8820,110.2000,108.8820,109.4090,177400,4.950633
1993-10-18,sz000001,108.8820,108.8820,108.0910,108.0910,240400,4.946957
1993-10-19,sz000001,107.8280,108.6190,107.0370,108.0910,251900,4.946957
1993-10-20,sz000001,107.8280,107.8280,107.0370,107.5640,200800,4.945471
1993-10-21,sz000001,107.5640,107.8280,106.7730,106.7730,245400,4.943194
1993-10-22,sz000001,106.7730,107.0370,105.4550,106.2460,319800,4.941674
1993-10-25,sz000001,105.4550,105.4550,102.5560,102.8200,384400,4.931415
1993-10-26,sz000001,102.8200,105.1920,101.5020,105.1920,315400,4.938592
1993-10-27,sz000001,105.9830,106.2460,103.6100,105.4550,376900,4.939344
1993-10-28,sz000001,105.4550,110.9910,104.6650,110.2000,402100,4.952809
1993-10-29,sz000001,110.9910,111.2550,107.5640,108.0910,566900,4.946957
1993-11-01,sz000001,107.3010,107.3010,105.9830,107.0370,314100,4.943972
1993-11-02,sz000001,107.0370,109.1460,106.7730,108.8820,316800,4.949182
1993-11-03,sz000001,108.8820,110.4640,108.0910,108.3550,280500,4.947717
1993-11-04,sz000001,108.3550,109.4090,107.8280,108.0910,148100,4.946957
1993-11-05,sz000001,107.8280,108.8820,107.5640,108.6190,197300,4.948474
1993-11-08,sz000001,108.3550,110.7270,108.3550,110.4640,477300,4.953543
1993-11-09,sz000001,110.4640,110.9910,108.8820,108.8820,388100,4.949182
1993-11-10,sz000001,108.8820,113.8900,108.8820,112.8360,1013600,4.959824
1993-11-11,sz000001,113.6270,116.7900,113.6270,114.1540,1056600,4.963217
1993-11-12,sz000001,114.9450,116.2630,113.6270,115.2080,1050400,4.965862
1993-11-15,sz000001,115.9990,121.2710,115.9990,118.3720,1947500,4.973613
1993-11-16,sz000001,117.5810,117.8440,114.1540,114.4180,929200,4.963905
1993-11-17,sz000001,114.1540,115.9990,113.1000,113.3630,871100,4.961182
1993-11-18,sz000001,114.1540,114.1540,112.0450,113.1000,1046500,4.960526
1993-11-19,sz000001,113.1000,114.1540,112.0450,112.3090,958200,4.958455
1993-11-22,sz000001,112.5720,113.6270,112.0450,112.3090,859000,4.958455
1993-11-23,sz000001,112.0450,112.3090,109.9370,110.2000,662600,4.952809
1993-11-24,sz000001,109.4090,110.2000,108.0910,108.6190,691100,4.948474
1993-11-25,sz000001,108.3550,110.4640,108.0910,109.6730,558700,4.951377
1993-11-26,sz000001,109.9370,110.4640,108.8820,109.1460,533400,4.949932
1993-11-29,sz000001,108.8820,109.1460,108.0910,108.8820,370800,4.949182
1993-11-30,sz000001,108.8820,110.2000,108.8820,109.9370,284300,4.952117
1993-12-01,sz000001,109.9370,109.9370,108.6190,108.8820,394700,4.949182
1993-12-02,sz000001,108.8820,108.8820,107.8280,108.3550,320700,4.947717
1993-12-03,sz000001,108.3550,108.6190,107.8280,107.8280,432200,4.946239
1993-12-06,sz000001,108.0910,109.9370,107.8280,108.0910,438100,4.946957
1993-12-07,sz000001,108.0910,108.3550,106.2460,107.3010,526500,4.944747
1993-12-08,sz000001,107.3010,107.8280,107.0370,107.3010,425400,4.944747
1993-12-09,sz000001,107.8280,107.8280,106.7730,107.0370,487300,4.943972
1993-12-10,sz000001,107.0370,113.6270,106.7730,110.9910,900200,4.954955
1993-12-13,sz000001,111.7820,113.6270,105.4550,107.8280,1130800,4.946239
1993-12-14,sz000001,108.0910,109.9370,107.3010,107.5640,539800,4.945471
1993-12-15,sz000001,107.8280,112.5720,107.8280,112.3090,623600,4.958455
1993-12-16,sz000001,113.1000,114.1540,111.5180,112.0450,1475900,4.957743
1993-12-17,sz000001,111.2550,112.0450,110.2000,111.2550,666600,4.955679
1993-12-20,sz000001,112.0450,112.3090,106.5100,108.6190,1450100,4.948474
1993-12-21,sz000001,108.6190,110.9910,107.8280,110.7270,814400,4.954228
1993-12-22,sz000001,111.5180,111.5180,108.8820,108.8820,548700,4.949182
1993-12-23,sz000001,108.8820,110.4640,108.3550,108.6190,463400,4.948474
1993-12-24,sz000001,107.0370,110.4640,107.0370,110.2000,493200,4.952809
1993-12-27,sz000001,110.7270,110.9910,108.6190,108.8820,369400,4.949182
1993-12-28,sz000001,108.8820,108.8820,108.3550,108.3550,371400,4.947717
1993-12-29,sz000001,108.3550,109.9370,107.8280,108.0910,270300,4.946957
1993-12-30,sz000001,108.0910,111.5180,107.8280,110.2000,682700,4.952809
1993-12-31,sz000001,111.5180,112.5720,110.2000,110.7270,925300,4.954228
1994-01-03,sz000001,110.7270,110.7270,108.3550,108.3550,308200,4.947717
1994-01-04,sz000001,108.0910,109.4090,108.0910,108.3550,215200,4.947717
1994-01-05,sz000001,108.3550,108.6190,107.8280,107.8280,315900,4.946239
1994-01-06,sz000001,108.3550,110.2000,108.3550,109.9370,440700,4.952117
1994-01-07,sz000001,110.4640,110.9910,108.0910,108.8820,599600,4.949182
1994-01-10,sz000001,108.8820,110.9910,108.8820,109.4090,470200,4.950633
1994-01-11,sz000001,109.4090,109.9370,108.8820,108.8820,336400,4.949182
1994-01-12,sz000001,108.3550,108.8820,108.3550,108.6190,200400,4.948474
1994-01-13,sz000001,108.3550,108.8820,106.5100,107.0370,369900,4.943972
1994-01-14,sz000001,107.5640,107.5640,103.6100,104.1380,854200,4.935450
1994-01-17,sz000001,104.1380,104.6650,103.0830,103.3470,336800,4.933031
1994-01-18,sz000001,103.0830,103.6100,99.9200,103.3470,358100,4.933031
1994-01-19,sz000001,103.6100,103.6100,99.9200,100.7110,273400,4.924743
1994-01-20,sz000001,99.3930,99.3930,98.3380,99.1290,306500,4.919553
1994-01-21,sz000001,98.6020,99.1290,98.3380,98.8660,278800,4.918706
1994-01-24,sz000001,99.1290,100.4470,98.3380,98.6020,261600,4.917805
1994-01-25,sz000001,98.6020,99.1290,97.0210,97.2840,311600,4.913333
1994-01-26,sz000001,97.2840,97.2840,93.0670,94.6480,382300,4.904041
1994-01-27,sz000001,94.1210,94.9120,92.8030,94.9120,321700,4.905013
1994-01-28,sz000001,95.1750,95.1750,93.0670,93.0670,292500,4.898263
1994-01-31,sz000001,92.0120,92.0120,87.0040,88.0580,466500,4.878560
1994-02-01,sz000001,87.0040,90.4310,85.1590,87.7950,417000,4.877500
1994-02-02,sz000001,87.2680,90.9580,87.2680,90.6940,378900,4.889164
1994-02-03,sz000001,92.0120,97.2840,91.7490,97.2840,869600,4.913333
1994-02-04,sz000001,98.3380,101.5020,98.3380,101.5020,979600,4.927282
1994-02-14,sz000001,102.8200,103.6100,92.5390,93.0670,627900,4.898263
1994-02-15,sz000001,92.5390,93.0670,90.4310,92.5390,419900,4.896243
1994-02-16,sz000001,93.0670,93.5940,91.4850,92.8030,312700,4.897256
1994-02-17,sz000001,92.0120,92.0120,89.9040,90.4310,251700,4.888162
1994-02-18,sz000001,89.3760,91.4850,89.3760,90.6940,224700,4.889164
1994-02-21,sz000001,89.3760,89.3760,87.7950,87.7950,348600,4.877500
1994-02-22,sz000001,89.3760,94.3850,88.8490,89.6400,860800,4.885014
1994-02-23,sz000001,90.4310,92.0120,87.7950,89.1130,250500,4.882904
1994-02-24,sz000001,90.6940,92.0120,89.1130,91.2210,381700,4.891206
1994-02-25,sz000001,92.8030,92.8030,90.4310,90.9580,489400,4.890215
1994-02-28,sz000001,90.9580,90.9580,88.3220,88.5860,207600,4.880771
1994-03-01,sz000001,88.3220,88.8490,88.0580,88.3220,237500,4.879669
1994-03-02,sz000001,88.3220,88.5860,87.5310,87.7950,193700,4.877500
1994-03-03,sz000001,87.7950,87.7950,85.6860,86.4770,335900,4.871944
1994-03-04,sz000001,85.6860,85.6860,84.6320,84.6320,382000,4.863908
1994-03-07,sz000001,84.6320,84.6320,79.8870,82.5230,508200,4.854294
1994-03-08,sz000001,82.5230,82.5230,80.9410,81.7320,235600,4.850564
1994-03-09,sz000001,81.7320,81.9960,81.2050,81.4690,198800,4.849345
1994-03-10,sz000001,81.4690,81.4690,79.8870,80.1510,303800,4.842961
1994-03-11,sz000001,80.1510,82.2590,77.2510,80.4140,440000,4.844217
1994-03-14,sz000001,81.9960,85.6860,81.4690,83.5770,594300,4.859128
1994-03-15,sz000001,85.1590,85.4220,80.9410,80.9410,440100,4.846766
1994-03-16,sz000001,80.6780,80.9410,79.3600,80.9410,251400,4.846766
1994-03-17,sz000001,81.4690,83.0500,81.4690,82.5230,477500,4.854294
1994-03-18,sz000001,83.0500,83.5770,81.4690,82.2590,422200,4.853038
1994-03-21,sz000001,83.5770,83.5770,79.8870,79.8870,249900,4.841636
1994-03-22,sz000001,79.3600,79.3600,77.7780,78.0420,268200,4.832322
1994-03-23,sz000001,77.5150,77.5150,75.6690,75.9330,548700,4.821143
1994-03-24,sz000001,75.6690,75.9330,73.2970,73.8240,593500,4.809381
1994-03-25,sz000001,73.8240,74.6150,73.5610,73.5610,403500,4.807908
1994-03-28,sz000001,78.8330,95.7030,74.3520,74.6150,766600,4.813871
1994-03-29,sz000001,74.6150,76.1970,73.2970,76.1970,427000,4.822595
1994-03-30,sz000001,76.1970,76.7240,73.2970,75.4060,912700,4.818275
1994-03-31,sz000001,75.4060,75.9330,71.9790,72.2430,418600,4.800199
1994-04-01,sz000001,71.9790,72.2430,71.1880,71.4520,519600,4.795436
1994-04-04,sz000001,71.4520,71.9790,69.6070,70.1340,322000,4.787304
1994-04-05,sz000001,69.8700,70.6610,69.3430,69.8700,346900,4.785616
1994-04-06,sz000001,69.8700,70.6610,69.6070,70.6610,195400,4.790576
1994-04-07,sz000001,70.9250,71.7160,70.6610,70.6610,297800,4.790576
1994-04-08,sz000001,70.1340,70.1340,67.4980,68.2890,258700,4.775455
1994-04-11,sz000001,68.2890,68.2890,64.0710,64.5990,351700,4.749926
1994-04-12,sz000001,64.5990,64.5990,60.3810,61.9630,661000,4.730000
1994-04-13,sz000001,63.5440,64.0710,60.9080,60.9080,465800,4.721550
1994-04-14,sz000001,59.3270,60.3810,57.2180,57.2180,710900,4.690000
1994-04-15,sz000001,56.6910,60.3810,56.1640,60.1180,2284400,4.715137
1994-04-18,sz000001,60.6450,60.6450,58.0090,58.2720,1276100,4.699355
1994-04-19,sz000001,57.7450,57.7450,54.8460,55.3730,1011200,4.672827
1994-04-20,sz000001,54.5820,57.2180,54.0550,55.3730,958500,4.672827
1994-04-21,sz000001,55.6360,58.2720,55.6360,57.7450,1051200,4.694715
1994-04-22,sz000001,58.2720,58.2720,56.4270,56.6910,958000,4.685207
1994-04-25,sz000001,56.6910,58.5360,56.1640,58.0090,423200,4.697085
1994-04-26,sz000001,58.2720,60.3810,58.0090,60.3810,867500,4.717266
1994-04-27,sz000001,60.6450,64.0710,60.4340,64.0710,1778400,4.746000
1994-04-28,sz000001,64.5990,70.9250,64.5990,68.8160,5982900,4.778889
1994-04-29,sz000001,68.2890,77.2510,66.7070,77.1980,6530900,4.827892
1994-05-03,sz000001,79.8870,92.5390,79.8870,87.7950,9029400,4.877500
1994-05-04,sz000001,90.4310,91.2210,79.8870,80.1510,7888100,4.842961
1994-05-05,sz000001,78.8330,85.1590,77.2510,83.3140,6164500,4.857959
1994-05-06,sz000001,84.1040,85.1590,80.4140,82.5760,6067500,4.854556
1994-05-09,sz000001,83.5770,88.8490,82.5230,85.4750,7077400,4.867597
1994-05-10,sz000001,86.2130,86.2130,82.4170,83.1560,3853200,4.857243
1994-05-11,sz000001,83.8410,84.5790,80.9410,81.4690,2271000,4.849345
1994-05-12,sz000001,80.9410,81.7320,78.8330,78.8330,1574300,4.836380
1994-05-13,sz000001,79.0960,81.9960,78.0420,81.8900,1328900,4.851303
1994-05-16,sz000001,83.0500,83.5770,80.8360,82.7870,1440700,4.855543
1994-05-17,sz000001,82.5230,82.5230,79.9400,80.1510,456200,4.842961
1994-05-18,sz000001,79.8870,80.8890,78.8330,79.3600,434800,4.839024
1994-05-19,sz000001,78.9380,81.4690,78.7270,80.6780,556200,4.845526
1994-05-20,sz000001,80.6780,81.4690,79.2540,79.8870,461200,4.841636
1994-05-23,sz000001,80.4140,80.6250,78.3050,78.7270,271100,4.835811
1994-05-24,sz000001,78.3580,79.0960,78.3050,78.6220,190900,4.835301
1994-05-25,sz000001,78.6220,79.8870,76.1970,76.7240,374800,4.825409
1994-05-26,sz000001,76.7240,76.7240,72.7700,72.9280,701500,4.804216
1994-05-27,sz000001,73.0340,74.6150,71.5570,72.0320,918000,4.798934
1994-05-30,sz000001,71.9790,71.9790,67.2350,68.2360,525400,4.775087
1994-05-31,sz000001,66.9710,70.9250,66.7600,69.8700,766000,4.785616
1994-06-01,sz000001,69.8700,69.8700,67.2350,67.2350,615600,4.768440
1994-06-02,sz000001,66.9710,68.7110,66.7070,67.6040,441600,4.770924
1994-06-03,sz000001,67.7620,69.6600,67.6040,67.9200,785200,4.773015
1994-06-06,sz000001,67.9200,69.2380,67.2350,67.4980,304600,4.770177
1994-06-07,sz000001,67.4980,67.6040,67.2870,67.3930,121800,4.769498
1994-06-08,sz000001,66.9710,68.3940,66.7070,68.2890,389700,4.775455
1994-06-09,sz000001,68.2890,69.3430,67.3400,67.3930,326900,4.769498
1994-06-10,sz000001,67.2350,67.2870,66.8650,67.0240,337000,4.766999
1994-06-13,sz000001,66.7070,66.7070,64.5990,64.8620,451100,4.751795
1994-06-14,sz000001,64.1240,64.8090,62.2260,62.5950,472700,4.734871
1994-06-15,sz000001,61.9630,63.0170,61.4880,62.9120,260400,4.737349
1994-06-16,sz000001,63.0170,66.7070,62.9120,65.5480,463700,4.756749
1994-06-17,sz000001,66.0750,69.5540,65.1260,69.3430,1023300,4.782276
1994-06-20,sz000001,69.3430,69.9760,66.7070,67.1290,1753200,4.767685
1994-06-21,sz000001,66.4440,66.4960,65.6530,66.2330,528700,4.761538
1994-06-22,sz000001,65.6530,67.7620,65.6530,67.1290,242200,4.767685
1994-06-23,sz000001,66.7070,67.4980,66.7070,66.8650,246000,4.765859
1994-06-24,sz000001,66.7070,66.7070,66.0220,66.1270,334300,4.760763
1994-06-27,sz000001,65.6530,65.6530,63.8080,63.8610,435700,4.744502
1994-06-28,sz000001,63.5440,63.7550,62.2260,62.8590,294100,4.736925
1994-06-29,sz000001,62.8590,63.5440,62.4370,62.7530,360700,4.736075
1994-06-30,sz000001,62.5430,63.9660,62.4900,63.7550,257500,4.743676
1994-07-01,sz000001,63.0170,63.6500,63.0170,63.0170,244400,4.738120
1994-07-04,sz000001,62.4900,62.9120,62.4900,62.6480,470100,4.735299
1994-07-08,sz000001,62.2790,65.9690,61.5410,65.6530,1526400,4.757464
1994-07-11,sz000001,66.2860,66.7070,63.7550,65.0200,974600,7.604678
1994-07-12,sz000001,65.0200,66.2010,65.0200,65.7790,486400,7.613310
1994-07-13,sz000001,66.2860,68.3940,66.2860,67.8880,559400,7.636445
1994-07-14,sz000001,67.9730,69.3220,67.5510,67.5510,1821800,7.632881
1994-07-15,sz000001,67.9730,68.3940,65.4420,65.6950,1219100,7.612399
1994-07-18,sz000001,64.5990,64.5990,62.4900,62.7430,852900,7.577657
1994-07-19,sz000001,62.4900,64.5140,62.0680,62.9120,644600,7.579759
1994-07-20,sz000001,63.2490,63.3330,62.4900,62.7430,449900,7.577657
1994-07-21,sz000001,62.0680,62.4060,61.6460,61.8990,511400,7.567115
1994-07-22,sz000001,61.6460,62.4900,60.4650,61.5620,610900,7.562899
1994-07-25,sz000001,61.2250,62.9120,60.4650,62.5740,727800,7.575545
1994-07-26,sz000001,63.5860,64.7670,62.7430,64.6830,1385000,7.600823
1994-07-27,sz000001,65.0200,65.6950,61.6460,61.8150,1852200,7.566095
1994-07-28,sz000001,61.8150,62.0680,59.7910,60.1280,1718400,7.544291
1994-07-29,sz000001,59.5380,60.8030,58.9470,60.3810,869300,7.547625
1994-08-01,sz000001,68.8160,75.1420,67.1290,73.8770,9217100,7.695521
1994-08-02,sz000001,77.2510,83.9990,75.5640,75.5640,7911200,7.710612
1994-08-03,sz000001,74.7210,84.4210,74.7210,83.9990,8999200,7.777685
1994-08-04,sz000001,88.2170,91.5910,81.4690,85.6020,16565000,7.789081
1994-08-05,sz000001,85.6860,89.9040,83.1560,89.4820,12671500,7.815022
1994-08-08,sz000001,93.1090,96.6510,90.3250,92.7710,15879200,7.835389
1994-08-09,sz000001,91.5910,91.5910,85.2640,85.6860,6285800,7.789636
1994-08-10,sz000001,86.5300,93.2770,84.4210,92.6030,7694300,7.834433
1994-08-11,sz000001,96.6510,98.3380,89.9040,89.9880,11715400,7.818245
1994-08-12,sz000001,88.2170,91.5910,87.2890,88.4700,5474200,7.808473
1994-08-15,sz000001,87.3730,89.4820,85.6860,87.5420,3083800,7.802317
1994-08-16,sz000001,87.3730,90.3250,86.5300,88.4700,4111100,7.808473
1994-08-17,sz000001,90.7470,90.7470,89.1440,90.7470,2505000,7.823017
1994-08-18,sz000001,93.2770,98.1700,92.4340,96.6510,13254500,7.857805
1994-08-19,sz000001,96.6510,97.9170,91.5910,93.2770,10199200,7.838403
1994-08-22,sz000001,90.4100,92.4340,88.2170,89.4820,5455500,7.815022
1994-08-23,sz000001,91.3370,92.4340,88.6380,92.2650,3353200,7.832343
1994-08-24,sz000001,92.8560,93.2770,90.7470,90.9160,3272300,7.824096
1994-08-25,sz000001,89.7350,90.9160,89.0600,89.0600,2642800,7.812281
1994-08-26,sz000001,89.0600,92.0120,89.0600,89.9880,2984300,7.818245
1994-08-29,sz000001,89.4820,97.0730,88.5540,92.9400,9382400,7.836425
1994-08-30,sz000001,99.1820,101.2910,93.2770,96.3980,11972000,7.856398
1994-08-31,sz000001,98.3380,99.1820,96.2300,98.3380,13848100,7.867040
1994-09-01,sz000001,100.8690,106.7730,100.8690,103.5680,20163500,7.893902
1994-09-02,sz000001,103.3990,106.6890,102.9780,106.3520,11250100,7.907212
1994-09-05,sz000001,114.7870,129.9700,114.7870,128.6200,19990700,7.993785
1994-09-06,sz000001,132.0780,138.8260,129.5480,135.6210,19601900,8.015426
1994-09-07,sz000001,135.4520,135.4520,119.4260,122.8000,18619000,7.974026
1994-09-08,sz000001,121.1130,135.4520,121.1130,132.5000,16137200,8.006042
1994-09-09,sz000001,135.4520,135.4520,125.3300,126.1740,16878600,7.985696
1994-09-12,sz000001,127.8610,137.9830,127.8610,137.3080,26791500,8.020327
1994-09-13,sz000001,140.5130,145.1530,136.2960,138.2360,26665000,8.022983
1994-09-14,sz000001,138.6580,139.0790,131.9100,134.4400,14433900,8.011919
1994-09-15,sz000001,130.8130,133.5970,128.0300,128.7040,8103400,7.994037
1994-09-16,sz000001,132.0780,133.5970,129.5480,132.0780,8148400,8.004727
1994-09-19,sz000001,131.2350,131.2350,128.6200,129.5480,3735000,7.996790
1994-09-20,sz000001,127.8610,128.7040,125.7520,127.3550,4674500,7.989649
1994-09-21,sz000001,127.8610,133.1750,127.8610,132.0780,4312700,8.004727
1994-09-22,sz000001,134.6090,134.6090,128.2830,129.3790,4699500,7.996230
1994-09-23,sz000001,132.0780,135.8740,130.3910,132.1630,17189900,8.005027
1994-09-26,sz000001,132.5000,132.9220,129.5480,132.4160,5386200,8.005804
1994-09-27,sz000001,132.0780,132.9220,128.7040,131.4040,3892100,8.002680
1994-09-28,sz000001,131.6570,132.9220,127.8610,131.5720,6076600,8.003163
1994-09-29,sz000001,132.5000,133.6810,115.2080,123.6430,7931200,7.976968
1994-09-30,sz000001,121.9560,121.9560,112.6780,114.3650,6871400,7.942014
1994-10-05,sz000001,110.1470,110.9910,94.5430,97.4110,8274300,7.862066
1994-10-06,sz000001,97.4950,102.7250,94.1210,94.7960,7094600,7.847351
1994-10-07,sz000001,92.4340,102.5560,83.1560,99.1820,13779700,7.871587
1994-10-10,sz000001,98.3380,98.3380,89.9040,94.1210,6459800,7.843417
1994-10-11,sz000001,93.2770,96.6510,93.2770,94.7960,1596100,7.847351
1994-10-12,sz000001,94.7960,95.6390,94.1210,94.2900,1747400,7.844426
1994-10-13,sz000001,94.9640,95.6390,89.7350,89.9040,2496900,7.817739
1994-10-14,sz000001,89.0600,92.4340,85.2640,91.4220,4328200,7.827226
1994-10-17,sz000001,88.8910,88.8910,85.7700,86.9510,1702400,7.798296
1994-10-18,sz000001,86.1080,88.3010,85.6860,87.2890,844100,7.800626
1994-10-19,sz000001,87.2040,89.2290,87.2040,89.2290,1072100,7.813398
1994-10-20,sz000001,89.2290,94.7960,89.0600,93.2770,2389300,7.838403
1994-10-21,sz000001,95.8080,95.8080,89.4820,90.5780,3245000,7.821934
1994-10-24,sz000001,89.9040,95.6390,89.9040,95.6390,2749500,7.852135
1994-10-25,sz000001,97.3260,98.3380,91.5910,91.5910,5461900,7.828291
1994-10-26,sz000001,90.7470,91.5910,89.0600,89.4820,1805600,7.815022
1994-10-27,sz000001,89.4820,91.4220,89.0600,91.4220,1003600,7.827226
1994-10-28,sz000001,91.4220,92.3500,88.8910,89.0600,1320100,7.812281
1994-10-31,sz000001,91.1690,91.1690,87.0360,87.3730,1398500,7.801161
1994-11-01,sz000001,89.0600,89.0600,87.3730,88.3850,432500,7.807862
1994-11-02,sz000001,88.2170,89.9040,87.3730,88.8070,403500,7.810642
1994-11-03,sz000001,88.2170,90.7470,88.1320,89.9880,807300,7.818245
1994-11-04,sz000001,90.3250,90.9160,87.6260,87.8790,731500,7.804529
1994-11-07,sz000001,87.2040,88.2170,85.6860,87.7100,478500,7.803381
1994-11-08,sz000001,87.7100,90.7470,87.7100,89.4820,1427700,7.815022
1994-11-09,sz000001,89.9040,90.7470,88.6380,90.5780,1190000,7.821934
1994-11-10,sz000001,90.7470,92.3500,89.0600,89.5660,1647200,7.815532
1994-11-11,sz000001,89.5660,90.9160,89.0600,90.9160,644300,7.824096
1994-11-14,sz000001,92.0120,92.2650,89.9040,90.9160,967900,7.824096
1994-11-15,sz000001,89.9040,90.3250,89.3130,89.5660,672100,7.815532
1994-11-16,sz000001,88.7230,89.4820,88.6380,89.0600,354600,7.812281
1994-11-17,sz000001,89.0600,89.9040,88.3010,88.4700,320300,7.808473
1994-11-18,sz000001,88.2170,88.2170,87.2040,88.0480,556600,7.805674
1994-11-21,sz000001,88.0480,88.2170,87.6260,87.8790,204100,7.804529
1994-11-22,sz000001,87.8790,88.7230,87.7950,88.0480,195900,7.805674
1994-11-23,sz000001,88.0480,88.2170,86.7830,87.7950,335900,7.804000
1994-11-24,sz000001,87.3730,87.7950,86.5300,87.2040,281400,7.800000
1994-11-25,sz000001,87.3730,88.8910,87.3730,87.6260,460600,7.802850
1994-11-28,sz000001,86.9510,87.8790,86.6140,87.1200,461400,7.799463
1994-11-29,sz000001,86.7830,87.7950,86.6140,87.7950,357300,7.804000
1994-11-30,sz000001,88.6380,88.6380,87.2890,87.3730,414400,7.801161
1994-12-01,sz000001,87.3730,88.5540,87.3730,87.4570,168700,7.801695
1994-12-02,sz000001,88.2170,88.3850,87.2040,87.2890,260900,7.800626
1994-12-05,sz000001,87.3730,87.3730,85.5170,85.6020,596200,7.789081
1994-12-06,sz000001,85.6020,85.6020,83.5770,83.8300,689700,7.776438
1994-12-07,sz000001,83.9990,85.2640,83.5770,84.3360,252500,7.780074
1994-12-08,sz000001,84.3360,84.4210,82.7340,82.7340,386100,7.768451
1994-12-09,sz000001,81.4690,81.5530,80.2030,81.2150,469000,7.756925
1994-12-12,sz000001,81.0470,81.0470,79.3600,79.6970,443000,7.745092
1994-12-13,sz000001,78.9380,81.4690,77.6730,80.2030,639100,7.749082
1994-12-14,sz000001,81.4690,81.4690,78.5160,78.8540,431600,7.738371
1994-12-15,sz000001,78.8540,92.8560,78.5160,88.2170,1673300,7.806814
1994-12-16,sz000001,89.0600,89.0600,83.5770,86.6980,3018600,7.796583
1994-12-19,sz000001,86.5300,87.2890,82.3120,82.5650,1177200,7.767168
1994-12-20,sz000001,82.3120,84.4210,82.3120,82.9870,830500,7.770318
1994-12-21,sz000001,82.7340,83.7460,79.3600,80.6250,1267300,7.752404
1994-12-22,sz000001,81.0470,81.4690,79.3600,79.7820,800600,7.745825
1994-12-23,sz000001,79.7820,81.9750,79.6970,80.8780,762200,7.754362
1994-12-26,sz000001,80.6250,81.4690,79.7820,80.3720,373500,7.750434
1994-12-27,sz000001,79.7820,80.4560,78.7690,79.1070,880800,7.740411
1994-12-28,sz000001,80.6250,80.6250,79.2750,80.2880,353200,7.749807
1994-12-29,sz000001,80.2880,81.3840,79.6130,79.9500,484400,7.747093
1994-12-30,sz000001,80.6250,81.8900,79.7820,81.3000,913100,7.757634
1995-01-03,sz000001,81.4690,83.6620,79.0220,83.3240,749700,7.772761
1995-01-04,sz000001,83.3240,87.2040,81.4690,87.0360,1749600,7.798925
1995-01-05,sz000001,87.3730,89.0600,85.1800,86.6980,3221200,7.796583
1995-01-06,sz000001,86.1080,87.0360,83.9990,87.0360,1257900,7.798925
1995-01-09,sz000001,85.6860,86.5300,83.4930,83.9150,721800,7.777108
1995-01-10,sz000001,83.1560,83.1560,80.6250,81.0470,1465200,7.755694
1995-01-11,sz000001,81.0470,82.6490,81.0470,81.9750,706700,7.762784
1995-01-12,sz000001,81.9750,82.1430,80.6250,80.6250,660400,7.752404
1995-01-13,sz000001,80.2030,81.0470,79.4440,80.6250,485400,7.752404
1995-01-16,sz000001,81.0470,81.0470,78.1790,79.1070,769200,7.740411
1995-01-17,sz000001,78.9380,80.6250,78.5160,79.5280,344700,7.743720
1995-01-18,sz000001,79.7820,81.8900,79.3600,81.0470,447500,7.755694
1995-01-19,sz000001,81.8900,81.8900,79.0220,79.0220,716900,7.739667
1995-01-20,sz000001,79.0220,80.5410,78.3480,79.6970,717300,7.745092
1995-01-23,sz000001,79.0220,80.5410,79.0220,79.6130,383500,7.744455
1995-01-24,sz000001,79.6130,80.7090,79.6130,80.6250,522000,7.752404
1995-01-25,sz000001,81.0470,82.2280,80.6250,82.2280,916700,7.764684
1995-01-26,sz000001,82.2280,82.2280,80.6250,81.8900,726800,7.762085
1995-01-27,sz000001,81.8900,82.9870,81.4690,81.8060,925600,7.761480
1995-02-13,sz000001,82.3120,82.3120,80.1190,82.0590,325000,7.763387
1995-02-14,sz000001,81.4690,82.3120,81.0470,81.4690,197000,7.758952
1995-02-15,sz000001,81.4690,81.7220,81.1310,81.4690,220300,7.758952
1995-02-16,sz000001,81.0470,81.4690,81.0470,81.1310,157800,7.756310
1995-02-17,sz000001,80.7090,82.3120,80.6250,80.9620,252600,7.754981
1995-02-20,sz000001,80.6250,81.1310,80.6250,80.7940,162000,7.753743
1995-02-21,sz000001,80.6250,81.3000,80.6250,81.3000,313200,7.757634
1995-02-22,sz000001,81.3000,88.2170,80.4560,87.7100,1545800,7.803381
1995-02-23,sz000001,87.3730,87.7100,82.9870,84.5050,2475500,7.781308
1995-02-24,sz000001,84.5050,84.8430,81.0470,81.8060,1407600,7.761480
1995-02-27,sz000001,81.8060,86.5300,81.8060,82.3120,1167800,7.765283
1995-02-28,sz000001,82.3120,82.9870,81.8900,82.5650,319600,7.767168
1995-03-01,sz000001,82.5650,83.9990,82.3120,83.9990,687100,7.777685
1995-03-02,sz000001,83.9990,84.1680,83.2400,83.8300,422500,7.776438
1995-03-03,sz000001,83.1560,85.6860,83.1560,84.7580,1141500,7.783104
1995-03-06,sz000001,84.7580,86.8670,84.7580,86.8670,1382600,7.797756
1995-03-07,sz000001,88.0480,88.8910,84.9270,88.6380,3497200,7.809515
1995-03-08,sz000001,88.6380,88.7230,86.1080,87.3730,1922800,7.801161
1995-03-09,sz000001,87.3730,87.3730,84.8430,84.8430,1158900,7.783761
1995-03-10,sz000001,85.6020,87.2040,84.4210,84.6740,1127000,7.782537
1995-03-13,sz000001,86.5300,87.2040,83.5770,83.9990,944300,7.777685
1995-03-14,sz000001,84.4210,85.3490,83.1560,83.4090,668000,7.773439
1995-03-15,sz000001,84.8430,85.0960,81.4690,82.3120,964600,7.765283
1995-03-16,sz000001,82.3120,83.2400,81.7220,83.1560,298200,7.771589
1995-03-17,sz000001,83.1560,83.9990,82.3120,83.1560,510400,7.771589
1995-03-20,sz000001,83.5770,84.5890,82.0590,82.0590,285400,7.763387
1995-03-21,sz000001,82.0590,83.0710,81.4690,82.5650,532600,7.767168
1995-03-22,sz000001,82.3120,84.0830,81.9750,83.5770,487000,7.774605
1995-03-23,sz000001,85.1800,85.1800,82.7340,82.7340,355900,7.768451
1995-03-24,sz000001,82.7340,83.9990,82.3120,83.1560,265900,7.771589
1995-03-27,sz000001,82.7340,83.9990,82.7340,83.4930,657800,7.774022
1995-03-28,sz000001,83.5770,83.5770,82.8180,82.9870,197700,7.770318
1995-03-29,sz000001,82.6490,83.9990,80.6250,83.9990,315600,7.777685
1995-03-30,sz000001,83.9990,84.4210,82.3120,82.3120,610000,7.765283
1995-03-31,sz000001,82.3120,83.6620,82.3120,83.6620,377600,7.775279
1995-04-03,sz000001,83.8300,84.6740,83.5770,83.9990,601100,7.777685
1995-04-04,sz000001,83.9990,83.9990,82.5650,83.4090,473700,7.773439
1995-04-05,sz000001,83.4090,84.1680,82.3960,82.3960,337200,7.765881
1995-04-06,sz000001,82.3120,83.3240,82.0590,82.7340,484600,7.768451
1995-04-07,sz000001,82.3960,86.6980,82.3960,85.5170,1576400,7.788434
1995-04-10,sz000001,85.6020,87.3730,84.3360,85.6020,1163300,7.789081
1995-04-11,sz000001,84.8430,84.8430,82.7340,82.9870,816500,7.770318
1995-04-12,sz000001,82.3960,83.1560,82.3120,82.9020,529100,7.769634
1995-04-13,sz000001,82.9020,84.8430,82.4810,82.6490,412600,7.767763
1995-04-14,sz000001,82.3120,82.7340,82.3120,82.4810,363300,7.766573
1995-04-17,sz000001,82.4810,83.8300,82.3120,82.4810,313000,7.766573
1995-04-18,sz000001,81.4690,82.9870,81.4690,82.2280,388700,7.764684
1995-04-19,sz000001,81.6370,82.2280,81.6370,81.8900,236000,7.762085
1995-04-20,sz000001,81.8900,82.9020,81.8900,82.7340,298500,7.768451
1995-04-21,sz000001,83.1560,83.1560,81.4690,82.0590,364500,7.763387
1995-04-24,sz000001,81.4690,82.0590,80.2880,81.0470,556100,7.755694
1995-04-25,sz000001,80.6250,80.6250,79.7820,79.9500,351200,7.747093
1995-04-26,sz000001,79.6130,81.1310,77.5880,77.5880,657100,7.727888
1995-04-27,sz000001,77.2510,77.2510,68.8160,72.9490,2500800,7.686934
1995-04-28,sz000001,73.7930,75.3950,73.5400,74.6360,811800,7.702374
1995-05-02,sz000001,74.6360,74.6360,73.4550,73.7930,290500,7.694786
1995-05-03,sz000001,73.7930,74.6360,73.0340,73.0340,262900,7.687789
1995-05-04,sz000001,73.0340,73.5400,72.0210,72.2740,261900,7.680553
1995-05-05,sz000001,72.1900,72.6120,70.5030,71.7680,316900,7.675722
1995-05-08,sz000001,71.7680,71.7680,70.9250,71.4310,188800,7.672503
1995-05-09,sz000001,71.4310,73.4550,71.4310,72.1900,119800,7.679787
1995-05-10,sz000001,72.6120,72.6120,70.3340,70.4190,382100,7.662568
1995-05-11,sz000001,70.9250,71.3470,69.6600,70.5030,297600,7.663370
1995-05-12,sz000001,70.5030,72.6120,70.5030,72.0210,294000,7.678145
1995-05-15,sz000001,72.0210,72.0210,70.5030,71.1780,122300,7.670043
1995-05-16,sz000001,71.7680,71.8530,71.1780,71.1780,179900,7.670043
1995-05-17,sz000001,71.2620,71.6000,70.9250,71.6000,140900,7.674169
1995-05-18,sz000001,97.3260,98.3380,85.7700,91.5910,11554100,7.828291
1995-05-19,sz000001,92.3500,95.8080,90.4100,94.6270,8205000,7.846352
1995-05-22,sz000001,96.6510,101.7120,93.6990,96.1450,11986700,7.854984
1995-05-23,sz000001,85.6860,89.8190,77.6730,78.5160,9807600,7.735567
1995-05-24,sz000001,77.3350,82.3120,76.4920,78.8540,3302000,7.738371
1995-05-25,sz000001,80.6250,81.0470,75.9860,76.4080,1349300,7.717980
1995-05-26,sz000001,76.2390,83.9150,74.2990,77.2510,2320500,7.725100
1995-05-29,sz000001,78.0100,78.9380,76.4080,77.5040,822700,7.727218
1995-05-30,sz000001,78.0950,78.0950,76.4080,76.7450,497100,7.720825
1995-05-31,sz000001,76.4080,76.9140,75.5640,75.5640,495300,7.710612
1995-06-01,sz000001,75.5640,76.8290,75.5640,76.4080,470800,7.717980
1995-06-02,sz000001,77.2510,77.2510,76.2390,76.4080,928900,7.717980
1995-06-05,sz000001,76.4080,77.1670,75.1420,75.3950,577000,7.709100
1995-06-06,sz000001,75.5640,75.5640,74.2990,75.0580,685500,7.706160
1995-06-07,sz000001,74.7210,76.8290,74.7210,76.7450,618800,7.720825
1995-06-08,sz000001,76.7450,77.5040,75.1420,75.5640,630200,7.710612
1995-06-09,sz000001,75.5640,75.9860,75.1420,75.3950,471400,7.709100
1995-06-12,sz000001,75.4800,75.5640,73.8770,74.2140,463200,7.698548
1995-06-13,sz000001,73.9610,74.7210,73.6240,74.2140,693600,7.698548
1995-06-14,sz000001,74.2140,74.2990,73.0340,73.2020,650500,7.689286
1995-06-15,sz000001,69.6600,70.1660,67.1290,69.7440,1070900,7.655763
1995-06-16,sz000001,67.9730,71.5150,67.9730,71.3470,1137800,7.671720
1995-06-19,sz000001,71.3470,72.1900,69.6600,71.8530,863200,7.676603
1995-06-20,sz000001,71.4310,72.6120,71.3470,71.6000,462100,7.674169
1995-06-21,sz000001,72.1900,72.6120,71.3470,72.6120,429600,7.683810
1995-06-22,sz000001,72.6120,72.8650,71.3470,72.0210,237100,7.678145
1995-06-23,sz000001,72.0210,72.0210,71.3470,71.6840,348900,7.674946
1995-06-26,sz000001,71.9370,71.9370,71.0940,71.4310,205200,7.672503
1995-06-27,sz000001,71.3470,72.0210,71.1780,71.5150,277200,7.673283
1995-06-28,sz000001,71.3470,71.3470,70.5030,70.8400,217700,7.666667
1995-06-29,sz000001,71.1780,71.1780,70.3340,70.9250,238700,7.667568
1995-06-30,sz000001,70.9250,71.3470,69.9130,70.2500,243900,7.660851
1995-07-03,sz000001,69.6600,69.6600,68.5630,68.7320,328900,7.645384
1995-07-04,sz000001,68.3940,69.4910,68.3940,68.8160,210100,7.646222
1995-07-05,sz000001,68.8160,69.6600,68.6470,69.0690,231300,7.648837
1995-07-06,sz000001,69.5750,69.6600,68.6470,68.9850,297800,7.648004
1995-07-07,sz000001,68.8160,70.9250,68.6470,70.9250,525900,7.667568
1995-07-10,sz000001,70.9250,71.3470,68.9850,69.6600,683000,7.654945
1995-07-11,sz000001,69.6600,70.3340,68.7320,68.8160,373200,7.646222
1995-07-12,sz000001,69.2380,69.2380,68.4790,68.9000,288200,7.647059
1995-07-13,sz000001,68.7320,69.6600,68.5630,69.2380,417200,7.650608
1995-07-14,sz000001,69.6600,70.0810,68.8160,68.9850,378200,7.648004
1995-07-17,sz000001,68.8160,70.5030,68.8160,70.4190,630100,7.662568
1995-07-18,sz000001,70.5030,72.0210,68.9850,70.9250,1139500,7.667568
1995-07-19,sz000001,72.2740,72.2740,69.6600,69.8280,905900,7.656579
1995-07-20,sz000001,69.6600,71.0090,69.6600,70.0810,615800,7.659126
1995-07-21,sz000001,70.3340,71.3470,70.0810,70.6720,470200,7.665076
1995-07-24,sz000001,70.6720,71.3470,70.3340,70.4190,582700,7.662568
1995-07-25,sz000001,70.5030,71.0090,69.6600,70.0810,327600,7.659126
1995-07-26,sz000001,70.5870,70.5870,69.6600,69.7440,263600,7.655763
1995-07-27,sz000001,69.5750,70.5030,69.2380,70.1660,310100,7.660044
1995-07-28,sz000001,69.9970,70.3340,69.9130,69.9130,331300,7.657503
1995-07-31,sz000001,69.9130,70.5030,69.8280,69.9970,276200,7.658315
1995-08-01,sz000001,69.8280,70.8400,69.7440,70.6720,514600,7.665076
1995-08-02,sz000001,71.7680,71.7680,69.8280,69.9130,371400,7.657503
1995-08-03,sz000001,69.9970,70.5030,69.9130,70.3340,359900,7.661656
1995-08-07,sz000001,70.3340,74.7210,70.3340,74.5520,2022700,7.701653
1995-08-08,sz000001,76.8290,77.2510,73.3710,74.3830,3213200,7.700104
1995-08-09,sz000001,74.3830,74.3830,72.0210,73.4550,911900,7.691623
1995-08-10,sz000001,73.8770,74.2990,72.6960,73.4550,857800,7.691623
1995-08-11,sz000001,75.5640,77.2510,74.2990,74.7210,1085000,7.703196
1995-08-14,sz000001,75.5640,75.9860,74.5520,75.9860,2064000,7.714315
1995-08-15,sz000001,75.9860,79.7820,74.9740,76.3230,4017000,7.717189
1995-08-16,sz000001,75.9010,76.4080,74.7210,76.4080,1415600,7.717980
1995-08-17,sz000001,76.4080,77.0820,75.6480,76.4080,1742600,7.717980
1995-08-18,sz000001,75.9860,79.7820,75.1420,77.6730,3992500,7.728657
1995-08-21,sz000001,78.0950,78.5160,75.5640,75.9010,1972800,7.713516
1995-08-22,sz000001,75.3950,81.0470,74.7210,77.2510,5071100,7.725100
1995-08-23,sz000001,78.0950,78.9380,76.8290,78.4320,4792300,7.734911
1995-08-24,sz000001,78.7690,84.8430,78.7690,84.8430,14519900,7.783761
1995-08-25,sz000001,85.6860,86.3610,81.4690,81.9750,11702000,7.762784
1995-08-29,sz000001,81.9750,81.9750,75.6480,75.8170,4532700,7.712818
1995-08-30,sz000001,75.1420,76.8290,74.2990,74.9740,2509000,7.705447
1995-08-31,sz000001,74.9740,75.3950,73.7080,74.3830,1995100,7.700104
1995-09-04,sz000001,75.5640,75.6480,74.3830,74.8890,1084000,7.704630
1995-09-05,sz000001,75.1420,75.1420,74.0460,74.3830,881000,7.700104
1995-09-06,sz000001,74.3830,75.0580,73.7080,75.0580,989300,7.706160
1995-09-07,sz000001,75.8170,75.8170,74.2990,74.5520,1052300,7.701653
1995-09-08,sz000001,74.5520,74.5520,73.8770,74.2990,844500,7.699378
1995-09-11,sz000001,74.2990,74.7210,73.7930,74.7210,1146500,7.703196
1995-09-12,sz000001,75.5640,76.3230,74.5520,74.8050,907000,7.703913
1995-09-13,sz000001,74.7210,76.1550,73.8770,75.5640,1255100,7.710612
1995-09-14,sz000001,75.9860,75.9860,74.7210,75.4800,1176500,7.709908
1995-09-15,sz000001,76.0700,79.3600,76.0700,78.0100,4634300,7.731417
1995-09-18,sz000001,78.9380,79.7820,78.5160,78.7690,1870600,7.737623
1995-09-19,sz000001,78.6010,78.9380,75.9860,76.2390,2361200,7.716498
1995-09-20,sz000001,75.6480,75.8170,74.9740,75.8170,1385700,7.712818
1995-09-21,sz000001,75.7330,76.8290,75.5640,76.7450,892700,7.720825
1995-09-22,sz000001,76.9980,77.1670,75.9860,76.1550,1414800,7.715805
1995-09-25,sz000001,76.4080,76.7110,74.8890,75.8000,853200,9.546599
1995-09-26,sz000001,76.2050,76.3060,75.1930,75.4970,1048700,9.544501
1995-09-27,sz000001,75.0920,75.1930,73.6750,73.9780,1210800,9.533247
1995-09-28,sz000001,73.3710,73.8770,72.8650,73.3710,929300,9.528701
1995-09-29,sz000001,73.1690,75.8000,72.8650,75.1930,958500,9.542259
1995-10-04,sz000001,75.3950,75.9010,73.8770,74.1810,624900,9.534833
1995-10-05,sz000001,73.8770,74.8890,73.5730,74.3830,474400,9.536282
1995-10-06,sz000001,73.8770,75.1930,73.6750,73.8770,439400,9.532516
1995-10-09,sz000001,73.8770,73.8770,71.3470,72.3590,1179700,9.520921
1995-10-10,sz000001,72.9660,72.9660,71.2450,71.6500,785500,9.515272
1995-10-11,sz000001,71.3470,71.5490,70.1320,70.5370,705000,9.506334
1995-10-12,sz000001,70.3340,70.8400,69.4230,69.4230,1051100,9.496990
1995-10-13,sz000001,69.1200,71.8530,68.8160,70.3340,758900,9.504595
1995-10-16,sz000001,70.4360,72.1560,70.4360,71.6500,852700,9.515272
1995-10-17,sz000001,71.8530,72.8650,71.8530,72.3590,805800,9.520921
1995-10-18,sz000001,72.8650,73.1690,71.3470,72.3590,689800,9.520921
1995-10-19,sz000001,72.3590,72.8650,70.9420,71.1440,787900,9.511230
1995-10-20,sz000001,71.3470,75.9010,70.3340,75.1930,2670900,9.542259
1995-10-23,sz000001,75.1930,75.1930,73.1690,73.1690,2171600,9.527214
1995-10-24,sz000001,73.3710,74.8890,72.8650,73.2700,776700,9.527958
1995-10-25,sz000001,76.0030,79.1400,73.4720,75.1930,2951200,9.542259
1995-10-26,sz000001,75.1930,75.1930,72.5610,72.8650,1808800,9.524837
1995-10-27,sz000001,71.2450,72.8650,71.1440,71.8530,1077400,9.516954
1995-10-30,sz000001,71.3470,71.8530,70.8400,71.1440,836300,9.511230
1995-10-31,sz000001,71.3470,72.0550,70.3340,70.4360,909400,9.505533
1995-11-01,sz000001,71.3470,71.8530,70.3340,70.9420,857700,9.509651
1995-11-02,sz000001,70.3340,71.1440,70.2330,70.5370,542000,9.506334
1995-11-03,sz000001,70.4360,71.3470,70.3340,71.1440,513000,9.511230
1995-11-06,sz000001,71.1440,71.3470,70.4360,71.2450,576800,9.512016
1995-11-07,sz000001,71.1440,71.1440,70.3340,71.0430,584600,9.510442
1995-11-08,sz000001,70.5370,70.6380,70.0310,70.1320,771300,9.502981
1995-11-09,sz000001,69.9290,70.3340,69.5250,69.9290,493100,9.501223
1995-11-10,sz000001,70.1320,70.6380,69.8280,69.9290,303300,9.501223
1995-11-13,sz000001,68.3100,69.9290,68.3100,68.3100,714000,9.487500
1995-11-14,sz000001,68.4110,69.1200,68.2090,68.5120,631300,9.489197
1995-11-15,sz000001,68.8160,68.8160,67.7030,68.3100,424800,9.487500
1995-11-16,sz000001,68.4110,68.6140,68.0060,68.1080,431700,9.485794
1995-11-17,sz000001,67.9050,68.3100,67.8040,68.0060,465700,9.484798
1995-11-20,sz000001,68.1080,68.3100,67.3990,68.0060,339500,9.484798
1995-11-21,sz000001,67.9050,68.6140,67.9050,68.3100,374000,9.487500
1995-11-22,sz000001,68.2090,71.8530,68.2090,68.6140,2275700,9.490180
1995-11-23,sz000001,68.2090,68.8160,67.9050,68.1080,448600,9.485794
1995-11-24,sz000001,68.3100,69.1200,68.3100,68.9170,389100,9.492700
1995-11-27,sz000001,68.7150,69.5250,68.1080,68.1080,456439,9.485794
1995-11-28,sz000001,67.9050,67.9050,66.7920,67.5000,764034,9.480337
1995-11-29,sz000001,68.2090,68.3100,66.2860,66.7920,480119,9.474043
1995-11-30,sz000001,66.6900,66.6900,65.7790,66.2860,662076,9.469429
1995-12-01,sz000001,66.0830,66.7920,65.2730,66.3870,519454,9.470328
1995-12-04,sz000001,66.7920,66.7920,65.6780,65.9820,404150,9.466571
1995-12-05,sz000001,66.2860,67.0950,66.1840,66.2860,417296,9.469429
1995-12-06,sz000001,66.2860,66.7920,65.8810,66.2860,337075,9.469429
1995-12-07,sz000001,66.2860,66.4880,65.6780,66.1840,384432,9.468383
1995-12-08,sz000001,66.1840,66.7920,65.9820,66.2860,364972,9.469429
1995-12-11,sz000001,66.2860,66.2860,64.8690,64.8690,501368,9.456122
1995-12-12,sz000001,64.8690,65.2730,63.8560,64.9700,654369,9.457060
1995-12-13,sz000001,64.8690,64.9700,63.7550,63.9580,490837,9.447267
1995-12-14,sz000001,63.6540,63.9580,63.3500,63.4510,322916,9.442113
1995-12-15,sz000001,63.5530,63.5530,62.8440,63.0470,643224,9.438174
1995-12-18,sz000001,62.7430,62.8440,61.4270,62.1360,444938,9.428832
1995-12-19,sz000001,62.0340,62.5400,61.4270,62.2370,376844,9.429848
1995-12-20,sz000001,61.8320,62.7430,61.8320,62.5400,371601,9.432881
1995-12-21,sz000001,62.3380,63.7550,62.2370,62.2370,484010,9.429848
1995-12-22,sz000001,62.2370,63.0470,62.0340,62.2370,351722,9.429848
1995-12-25,sz000001,62.2370,62.2370,60.2120,60.6170,477200,9.412578
1995-12-26,sz000001,60.5160,62.1360,60.5160,61.1230,530186,9.418028
1995-12-27,sz000001,61.0220,61.3260,60.3140,61.1230,398525,9.418028
1995-12-28,sz000001,60.7190,61.2250,60.0100,60.2120,425986,9.408125
1995-12-29,sz000001,60.0100,60.7190,60.0100,60.5160,382417,9.411509
1996-01-02,sz000001,59.7060,59.7060,59.2000,59.4030,215907,9.399209
1996-01-03,sz000001,57.3780,59.2000,57.3780,58.5930,384112,9.389904
1996-01-04,sz000001,57.9860,59.4030,57.6820,59.3010,314832,9.397940
1996-01-05,sz000001,59.7060,60.2120,58.6940,58.7950,475228,9.392173
1996-01-08,sz000001,58.1880,58.4920,57.3780,58.1880,306472,9.385161
1996-01-09,sz000001,58.1880,59.2000,57.9860,59.2000,288467,9.396825
1996-01-10,sz000001,59.0990,59.0990,57.7830,58.0870,219067,9.384006
1996-01-11,sz000001,57.9860,58.3900,57.6820,58.0870,189131,9.384006
1996-01-12,sz000001,58.1880,58.9980,57.6820,58.6940,329904,9.391040
1996-01-15,sz000001,58.6940,58.8970,58.0870,58.6940,265846,9.391040
1996-01-16,sz000001,58.6940,59.3010,58.2890,58.6940,189676,9.391040
1996-01-17,sz000001,58.6940,59.2000,58.1880,58.2890,234880,9.386312
1996-01-18,sz000001,57.6820,57.8840,56.5680,56.5680,412800,9.365563
1996-01-19,sz000001,56.6700,57.3780,56.1640,56.8720,216365,9.369357
1996-01-22,sz000001,56.8720,56.8720,55.2530,56.1640,713274,9.360667
1996-01-23,sz000001,56.3660,56.3660,55.1510,55.2530,378298,9.349069
1996-01-24,sz000001,56.1640,56.5680,55.6580,56.2650,414528,9.361897
1996-01-25,sz000001,56.0620,57.3780,56.0620,56.1640,524097,9.360667
1996-01-26,sz000001,55.9610,58.1880,55.5560,57.3780,326172,9.375490
1996-01-29,sz000001,57.6820,57.8840,57.1760,57.3780,252367,9.375490
1996-01-30,sz000001,57.1760,57.7830,57.0750,57.7830,206733,9.380357
1996-01-31,sz000001,57.1760,57.6820,57.0750,57.3780,338108,9.375490
1996-02-01,sz000001,57.6820,57.9860,57.3780,57.7830,725010,9.380357
1996-02-02,sz000001,57.8840,57.8840,57.1760,57.7830,444973,9.380357
1996-02-05,sz000001,57.6820,58.1880,57.1760,57.6820,715348,9.379187
1996-02-06,sz000001,56.9730,57.8840,56.9730,57.8840,329374,9.381524
1996-02-07,sz000001,57.8840,57.9860,57.4790,57.8840,241181,9.381524
1996-02-08,sz000001,57.6820,58.1880,57.6820,58.0870,441288,9.384006
1996-02-09,sz000001,58.0870,60.4150,57.9860,59.4030,1294580,9.399209
1996-02-12,sz000001,59.6050,60.8200,59.4030,60.5160,1244402,9.411509
1996-02-13,sz000001,61.1230,64.1600,61.0220,63.2490,3461349,9.440149
1996-02-14,sz000001,63.2490,64.9700,62.4390,62.7430,2725484,9.435038
1996-02-15,sz000001,62.7430,65.0710,62.2370,64.7670,2163610,9.455036
1996-02-16,sz000001,66.2860,70.8400,66.2860,70.0310,8089165,9.502171
1996-03-04,sz000001,75.3950,76.1040,71.3470,75.1930,7789450,9.542259
1996-03-05,sz000001,74.6870,75.1930,71.8530,72.2580,5023177,9.520158
1996-03-06,sz000001,71.2450,72.6620,69.8280,70.3340,3435552,9.504595
1996-03-07,sz000001,70.1320,76.2050,69.9290,76.2050,5410255,9.549499
1996-03-08,sz000001,76.9140,77.4200,74.3830,76.1040,10213389,9.548808
1996-03-11,sz000001,75.3950,75.4970,72.4600,73.0670,3756320,9.526336
1996-03-12,sz000001,72.3590,74.5860,72.3590,73.7760,2353284,9.531783
1996-03-13,sz000001,73.3710,74.2820,72.4600,74.0790,1786967,9.533977
1996-03-14,sz000001,78.4320,79.3430,74.3830,74.3830,11362442,9.536282
1996-03-15,sz000001,74.0790,75.0920,73.1690,74.7880,3536717,9.539286
1996-03-18,sz000001,74.3830,76.9140,74.3830,76.7110,4850289,9.553051
1996-03-19,sz000001,76.6100,77.9260,76.1040,76.4080,4088570,9.551000
1996-03-20,sz000001,76.1040,76.8120,75.9010,76.4080,1761284,9.551000
1996-03-21,sz000001,76.4080,76.6100,75.2940,75.3950,2617784,9.543671
1996-03-22,sz000001,75.1930,76.3060,74.5860,76.0030,2025911,9.548116
1996-03-25,sz000001,75.9010,76.5090,75.2940,76.0030,1770403,9.548116
1996-03-26,sz000001,75.9010,76.6100,74.6870,75.2940,2601639,9.542966
1996-03-27,sz000001,74.8890,76.2050,74.3830,75.5980,1762865,9.545202
1996-03-28,sz000001,74.9900,76.2050,74.8890,75.1930,1352730,9.542259
1996-03-29,sz000001,74.6870,76.4080,74.6870,75.8000,1615394,9.546599
1996-04-01,sz000001,76.9140,77.2170,76.0030,76.1040,2458893,9.548808
1996-04-02,sz000001,76.0030,76.2050,75.4970,75.6990,1173344,9.545902
1996-04-03,sz000001,75.3950,76.7110,75.3950,76.4080,1428738,9.551000
1996-04-04,sz000001,76.4080,79.6470,76.2050,79.1400,6881091,9.569528
1996-04-05,sz000001,79.4440,82.1770,79.2420,81.4690,8593657,9.584588
1996-04-08,sz000001,81.3670,83.0880,76.4080,82.2780,5309124,9.589510
1996-04-09,sz000001,81.4690,82.6830,81.2660,81.6710,3209859,9.585798
1996-04-10,sz000001,81.4690,83.0880,80.9620,82.4810,2745358,9.590814
1996-04-11,sz000001,83.0880,84.7080,82.2780,84.5050,4573658,9.602841
1996-04-12,sz000001,84.8090,88.3510,84.5050,86.5300,7473611,9.614444
1996-04-15,sz000001,86.5300,89.1610,86.0230,87.3390,5739099,9.618833
1996-04-16,sz000001,87.3390,87.8450,86.5300,87.7440,3199623,9.621053
1996-04-17,sz000001,87.5420,88.8580,87.2380,87.9470,4157619,9.622210
1996-04-18,sz000001,87.6430,94.1210,87.4400,94.0200,5877185,9.652977
1996-04-19,sz000001,94.1210,102.2190,94.0200,101.0040,13584372,9.683988
1996-04-22,sz000001,101.6110,102.5220,98.1700,98.9800,10319825,9.675464
1996-04-23,sz000001,97.9670,102.6230,97.6640,101.9150,7333870,9.687738
1996-04-24,sz000001,102.8260,112.8470,102.8260,112.3410,12567270,9.726494
1996-04-25,sz000001,112.8470,118.9200,109.8100,112.3410,15082749,9.726494
1996-04-26,sz000001,114.8710,140.1760,114.8710,136.9370,31777189,9.795207
1996-04-29,sz000001,142.2000,156.8770,141.1880,156.3710,23914749,9.834654
1996-04-30,sz000001,159.4080,162.9500,143.2130,152.3220,26728268,9.827226
1996-05-02,sz000001,159.4080,161.4320,139.1640,142.2000,24836019,9.806897
1996-05-03,sz000001,141.1880,146.2490,136.1270,144.7310,14788827,9.812271
1996-05-06,sz000001,145.8440,157.3830,145.3380,157.3830,16590875,9.836438
1996-05-07,sz000001,159.4080,160.2170,151.8160,153.4360,13155726,9.829340
1996-05-08,sz000001,151.3100,153.3340,146.3500,150.2980,9255903,9.823399
1996-05-09,sz000001,148.3750,152.2210,148.2740,150.2980,7851530,9.823399
1996-05-10,sz000001,149.2860,149.7920,143.7190,148.4760,8608091,9.819841
1996-05-13,sz000001,150.2980,153.3340,148.5770,151.8160,9751625,9.826278
1996-05-14,sz000001,153.3340,161.9380,151.8160,155.7640,26395287,9.833586
1996-05-15,sz000001,154.4480,170.4410,154.4480,170.3390,28220443,9.857581
1996-05-16,sz000001,173.5780,178.8420,170.5420,172.7690,26016887,9.861244
1996-05-17,sz000001,175.5020,179.5500,171.5540,178.4370,21512404,9.869303
1996-05-20,sz000001,192.6080,192.6080,172.5660,177.6270,17411286,9.868167
1996-05-21,sz000001,176.5140,178.8420,164.4690,165.4810,20630419,9.850060
1996-05-22,sz000001,164.4690,180.6640,160.4200,179.8540,24512232,9.871240
1996-05-23,sz000001,187.7490,191.7980,171.5540,177.9310,38990503,9.868608
1996-05-24,sz000001,177.4250,184.5100,175.0970,180.8660,26590608,9.872598
1996-05-27,sz000001,187.5470,190.9880,181.6760,182.8910,38711011,19.750648
1996-05-28,sz000001,181.6760,183.7000,173.7810,177.6270,21831071,19.736333
1996-05-29,sz000001,175.6030,189.7740,174.7930,189.3690,45676047,19.767119
1996-05-30,sz000001,192.4050,200.9080,187.7490,198.0740,83697448,19.787612
1996-05-31,sz000001,197.8710,246.4570,196.6560,243.4200,114822860,19.871020
1996-06-03,sz000001,250.5050,277.8350,250.5050,261.4370,139323915,19.896271
1996-06-04,sz000001,261.6400,266.4980,255.5660,265.8910,66744481,19.902021
1996-06-05,sz000001,266.7000,272.3690,256.9830,259.0080,55609223,19.893088
1996-06-06,sz000001,257.9960,276.8220,246.4570,270.7490,82546799,19.908015
1996-06-07,sz000001,272.7740,281.2760,266.2960,271.7610,66649066,19.909231
1996-06-10,sz000001,269.7370,274.3930,265.6880,270.7490,29815470,19.908015
1996-06-11,sz000001,274.3930,304.1520,271.7610,298.6860,80408633,19.938985
1996-06-12,sz000001,305.1640,306.7830,296.0540,300.3050,48163014,19.940571
1996-06-13,sz000001,302.7350,310.4270,301.1150,303.1400,37048608,19.943421
1996-06-14,sz000001,303.1400,307.1880,296.0540,297.0660,35801371,19.937315
1996-06-17,sz000001,297.0660,303.1400,290.7910,294.0300,38032619,19.934237
1996-06-18,sz000001,293.0180,307.1880,286.9440,305.3660,34159381,19.945526
1996-06-19,sz000001,309.2130,312.8570,298.6860,301.9250,32516752,19.942206
1996-06-20,sz000001,299.2930,319.3350,299.2930,312.2490,57451362,19.952013
1996-06-21,sz000001,312.8570,315.2860,307.1880,309.2130,25114518,19.949226
1996-06-24,sz000001,309.2130,322.9790,307.1880,316.9050,27888523,19.956234
1996-06-25,sz000001,309.2130,320.3470,309.2130,312.8570,23792337,19.952615
1996-06-26,sz000001,312.8570,317.3100,311.2370,315.4880,14300636,19.954965
1996-06-27,sz000001,316.5010,322.7760,313.6660,315.2860,20300666,19.954810
1996-06-28,sz000001,314.0710,316.7030,303.1400,305.3660,28160572,19.945526
1996-07-01,sz000001,298.8880,304.7590,288.9690,291.8030,31223036,19.931899
1996-07-02,sz000001,288.9690,296.6620,288.9690,294.4350,17220552,19.934665
1996-07-03,sz000001,296.0540,310.8320,294.2320,308.2010,29861706,19.948285
1996-07-04,sz000001,316.2980,322.3710,311.2370,317.5130,46396461,19.956820
1996-07-05,sz000001,321.3590,337.5540,317.9180,329.0520,55985691,19.966748
1996-07-08,sz000001,333.5050,338.5660,325.4080,332.4930,51106403,19.969550
1996-07-09,sz000001,329.4570,331.4810,321.3590,325.8130,41064529,19.964032
1996-07-10,sz000001,325.8130,329.0520,320.3470,324.3960,28519188,19.962831
1996-07-11,sz000001,325.4080,328.6470,316.7030,318.3230,31374434,19.957555
1996-07-12,sz000001,317.3100,331.0760,313.2620,330.4690,30118708,19.967915
1996-07-15,sz000001,332.4930,333.5050,317.3100,320.9540,22644338,19.959826
1996-07-16,sz000001,329.4570,333.5050,321.3590,325.4080,25655412,19.963681
1996-07-17,sz000001,325.4080,329.8620,299.0910,317.3100,28782602,19.956604
1996-07-18,sz000001,315.2860,320.5490,313.2620,319.1320,18877286,19.958224
1996-07-19,sz000001,319.3350,320.3470,312.8570,317.9180,23755862,19.957188
1996-07-22,sz000001,316.2980,318.3230,309.4150,312.4520,17674538,19.952235
1996-07-23,sz000001,313.2620,329.2540,310.8320,321.1570,21212936,19.960037
1996-07-24,sz000001,323.1810,325.4080,316.2980,317.5130,17183330,19.956820
1996-07-25,sz000001,319.3350,335.9350,318.9300,319.9420,37203839,19.958952
1996-07-26,sz000001,319.1320,324.5980,316.7030,319.1320,15719400,19.958224
1996-07-29,sz000001,317.3100,323.5860,316.5010,323.3830,13884543,19.961914
1996-07-30,sz000001,326.4200,329.0520,318.9300,319.3350,17813404,19.958437
1996-07-31,sz000001,321.3590,322.7760,312.2490,315.0830,13384146,19.954592
1996-08-01,sz000001,315.2860,317.3100,308.2010,314.8810,9365182,19.954436
1996-08-02,sz000001,317.3100,323.3830,309.2130,312.8570,11487613,19.952615
1996-08-05,sz000001,313.8690,318.7270,311.2370,318.1200,8890027,19.957340
1996-08-06,sz000001,319.3350,325.4080,316.9050,323.7880,12446314,19.962269
1996-08-07,sz000001,325.4080,354.9640,325.4080,350.7130,83604936,19.983647
1996-08-08,sz000001,352.7370,353.9520,343.2230,344.8420,25768370,19.979258
1996-08-09,sz000001,345.6520,347.6760,334.5180,339.5790,30105321,19.975235
1996-08-12,sz000001,341.6030,347.2710,339.5790,343.0200,15705930,19.977868
1996-08-13,sz000001,343.0200,347.0690,342.6150,347.0690,13293676,19.980944
1996-08-14,sz000001,351.7250,354.7620,343.6270,344.6400,18635254,19.979130
1996-08-15,sz000001,345.6520,349.4980,339.7810,341.1980,18416022,19.976464
1996-08-16,sz000001,339.5790,340.9960,329.4570,337.5540,25709711,19.973609
1996-08-19,sz000001,339.5790,340.5910,331.4810,332.4930,10415468,19.969550
1996-08-20,sz000001,330.4690,334.3150,324.3960,325.8130,19388774,19.964032
1996-08-21,sz000001,329.4570,349.7010,329.4570,343.0200,57180831,19.977868
1996-08-22,sz000001,347.2710,347.2710,334.5180,337.1490,24644216,19.973282
1996-08-23,sz000001,338.9710,339.1740,323.3830,328.4440,33305247,19.966201
1996-08-26,sz000001,323.5860,328.4440,318.5250,319.9420,15055343,19.958952
1996-08-27,sz000001,319.3350,323.3830,316.2980,320.3470,12688388,19.959315
1996-08-28,sz000001,321.3590,324.3960,319.3350,321.5620,14939289,19.960397
1996-08-29,sz000001,319.3350,326.0150,314.4760,321.1570,9593775,19.960037
1996-08-30,sz000001,321.1570,327.4320,319.3350,326.8250,23685427,19.964875
1996-09-02,sz000001,327.4320,329.0520,320.9540,323.1810,20509269,19.961767
1996-09-03,sz000001,324.3960,329.4570,321.3590,325.0030,15444892,19.963329
1996-09-04,sz000001,325.4080,329.2540,322.1690,326.2180,13117883,19.964382
1996-09-05,sz000001,326.8250,329.0520,319.3350,319.7400,15883242,19.958801
1996-09-06,sz000001,319.3350,322.3710,314.2740,317.3100,11762249,19.956604
1996-09-09,sz000001,315.0830,318.7270,314.0710,314.2740,7164392,19.953905
1996-09-10,sz000001,311.2370,315.0830,301.9250,304.1520,13328563,19.944393
1996-09-11,sz000001,304.1520,311.0350,299.0910,306.7830,11734938,19.946879
1996-09-12,sz000001,305.1640,306.1760,296.0540,298.8880,10754307,19.939159
1996-09-13,sz000001,297.0660,297.0660,289.3740,294.8400,8962674,19.935091
1996-09-16,sz000001,293.0180,293.0180,280.8710,288.9690,12692006,19.928897
1996-09-17,sz000001,288.9690,298.0790,282.8960,293.8270,9528512,19.933989
1996-09-18,sz000001,295.0420,296.8640,278.2400,280.4660,10444588,19.919460
1996-09-19,sz000001,278.8470,282.8960,276.0130,278.8470,7773622,19.917643
1996-09-20,sz000001,279.8590,292.8150,279.8590,292.0050,8010216,19.932082
1996-09-23,sz000001,293.2200,303.1400,280.8710,296.0540,10184478,19.936296
1996-09-24,sz000001,297.0660,302.5320,297.0660,300.7100,7686059,19.940981
1996-09-25,sz000001,303.1400,311.8440,297.0660,302.7350,10638929,19.943017
1996-09-26,sz000001,303.1400,315.2860,302.7350,312.8570,19122134,19.952615
1996-09-27,sz000001,315.2860,329.4570,315.2860,325.2050,25401312,19.963475
1996-10-03,sz000001,331.4810,335.5300,319.3350,322.9790,13624484,19.961619
1996-10-04,sz000001,323.3830,328.6470,318.7270,320.9540,12381874,19.959826
1996-10-07,sz000001,321.3590,325.4080,319.3350,324.3960,8599030,19.962831
1996-10-08,sz000001,325.4080,326.4200,319.3350,322.9790,11441109,19.961619
1996-10-09,sz000001,325.4080,327.4320,319.5370,320.9540,13368609,19.959826
1996-10-10,sz000001,321.3590,329.4570,319.5370,328.4440,13596176,19.966201
1996-10-11,sz000001,331.4810,333.5050,324.1930,329.4570,16455644,19.967091
1996-10-14,sz000001,330.4690,344.8420,328.8490,337.1490,27545289,19.973282
1996-10-16,sz000001,349.7010,352.7370,331.0760,338.7690,28254687,19.974587
1996-10-17,sz000001,337.9590,338.5660,329.8620,332.6960,19180017,19.969748
1996-10-18,sz000001,331.6840,335.1250,321.3590,323.9910,16278434,19.962477
1996-10-21,sz000001,319.3350,329.4570,317.3100,327.2300,15230975,19.965223
1996-10-22,sz000001,319.3350,325.0030,315.2860,321.7640,16015290,19.960546
1996-10-23,sz000001,321.7640,340.5910,320.7520,333.1010,17427186,19.970084
1996-10-24,sz000001,336.1370,339.5790,325.4080,328.0400,13773156,19.965916
1996-10-25,sz000001,328.0400,329.8620,323.3830,325.8130,10072639,19.964032
1996-10-28,sz000001,325.8130,337.1490,325.4080,332.6960,17417130,19.969748
1996-10-29,sz000001,337.1490,369.1350,337.1490,356.7860,88485115,19.988011
1996-10-30,sz000001,359.8230,365.8960,341.6030,343.0200,35954712,19.977868
1996-10-31,sz000001,343.6270,349.4980,337.7570,346.6640,21258799,19.980634
1996-11-01,sz000001,338.7690,343.6270,329.8620,335.5300,27036168,19.972024
1996-11-04,sz000001,333.5050,344.6400,331.4810,339.5790,16033146,19.975235
1996-11-05,sz000001,341.6030,343.2230,334.5180,335.5300,13938420,19.972024
1996-11-06,sz000001,339.5790,339.5790,327.6350,330.6710,11992688,19.968056
1996-11-07,sz000001,331.4810,338.5660,329.4570,333.3030,6843633,19.970222
1996-11-08,sz000001,333.3030,338.5660,332.0880,337.7570,10753566,19.973802
1996-11-11,sz000001,340.5910,349.0930,339.5790,345.2470,17874980,19.979572
1996-11-12,sz000001,347.4740,351.3200,343.2230,345.6520,12651768,19.979884
1996-11-13,sz000001,349.7010,357.3930,347.6760,351.7250,24928582,19.984375
1996-11-14,sz000001,351.7250,367.5150,349.7010,365.6930,50964246,19.994150
1996-11-15,sz000001,363.8710,381.6860,360.8350,380.4710,46032652,20.003733
1996-11-18,sz000001,390.1880,403.3470,386.1400,395.8570,47200814,20.012993
1996-11-19,sz000001,395.8570,399.2980,387.1520,390.1880,29591586,20.009641
1996-11-20,sz000001,380.0670,395.8570,376.0180,389.1760,27802539,20.009049
1996-11-21,sz000001,389.1760,390.1880,363.8710,366.5030,33277489,19.994708
1996-11-22,sz000001,359.8230,369.9450,351.7250,369.7420,31027459,19.996863
1996-11-25,sz000001,369.9450,372.9810,361.8470,369.9450,21598375,19.997027
1996-11-26,sz000001,370.3490,375.0060,362.8590,365.8960,17043110,19.994317
1996-11-27,sz000001,364.8840,369.9450,357.7980,359.6200,15415318,19.989994
1996-11-28,sz000001,357.7980,361.6450,353.7490,358.6080,13344166,19.989298
1996-11-29,sz000001,359.8230,367.1100,357.3930,362.2520,14004959,19.991832
1996-12-02,sz000001,365.4910,369.9450,359.8230,362.8590,15208893,19.992231
1996-12-03,sz000001,363.0620,369.9450,359.8230,369.9450,15452270,19.997027
1996-12-04,sz000001,374.3980,377.6370,368.9320,370.9570,15483100,19.997682
1996-12-05,sz000001,370.9570,387.1520,369.9450,378.2450,18666997,20.002380
1996-12-06,sz000001,382.0910,390.3910,379.6620,381.6860,20463900,20.004507
1996-12-09,sz000001,386.1400,396.6670,383.1030,396.2620,18514060,20.013232
1996-12-10,sz000001,396.2620,396.2620,380.0670,387.7590,16817221,20.008204
1996-12-11,sz000001,387.7590,399.9060,386.1400,397.4760,24023431,20.013897
1996-12-12,sz000001,400.3100,410.4320,387.7590,396.8690,29144762,20.013565
1996-12-13,sz000001,394.2370,394.2370,369.5400,374.6010,45830000,20.000053
1996-12-16,sz000001,336.7440,336.7440,336.7440,336.7440,6244200,19.972954
1996-12-17,sz000001,302.5320,335.3270,302.5320,302.5320,46367537,19.942782
1996-12-18,sz000001,304.7590,333.3030,302.7350,333.3030,44538054,19.970222
1996-12-19,sz000001,339.7810,357.7980,319.1320,327.4320,57294647,19.965366
1996-12-20,sz000001,323.1810,333.1010,317.3100,327.4320,27775867,19.965366
1996-12-23,sz000001,331.0760,337.3520,327.4320,330.8740,15536966,19.968256
1996-12-24,sz000001,331.0760,334.1130,317.9180,318.3230,15316872,19.957555
1996-12-25,sz000001,321.3590,333.5050,316.5010,328.8490,17539180,19.966545
1996-12-26,sz000001,333.1010,335.1250,325.4080,328.8490,5151646,19.966545
1996-12-27,sz000001,334.9230,335.5300,327.4320,333.7080,17591643,19.970557
1996-12-30,sz000001,335.1250,337.5540,329.0520,336.9470,17508156,19.973148
1996-12-31,sz000001,336.1370,336.1370,328.6470,329.8620,10838056,19.967433
1997-01-02,sz000001,329.4570,333.5050,325.8130,329.4570,6749869,19.967091
1997-01-03,sz000001,329.4570,331.2790,322.9790,325.0030,7246216,19.963329
1997-01-06,sz000001,322.5740,323.7880,315.8930,317.1080,9268772,19.956451
1997-01-07,sz000001,314.2740,349.2960,312.8570,339.9840,32716421,19.975558
1997-01-08,sz000001,338.5660,339.1740,327.0270,329.2540,12485133,19.966889
1997-01-09,sz000001,329.4570,334.3150,329.0520,330.0640,4621463,19.967574
1997-01-10,sz000001,329.4570,339.5790,329.0520,336.7440,11841795,19.972954
1997-01-13,sz000001,335.9350,338.5660,334.1130,335.7320,8914556,19.972159
1997-01-14,sz000001,335.5300,335.7320,326.4200,328.6470,7743626,19.966403
1997-01-15,sz000001,329.4570,338.7690,327.4320,330.4690,8176883,19.967915
1997-01-16,sz000001,329.0520,335.1250,329.0520,332.8980,4133742,19.969886
1997-01-17,sz000001,333.3030,335.5300,331.4810,334.1130,5172473,19.970891
1997-01-20,sz000001,335.5300,336.7440,331.4810,335.3270,7403270,19.971828
1997-01-21,sz000001,335.9350,343.6270,335.5300,339.1740,13129699,19.974912
1997-01-22,sz000001,343.6270,351.3200,339.9840,349.4980,23268784,19.982733
1997-01-23,sz000001,349.7010,367.9200,349.7010,362.6570,26484795,19.992117
1997-01-24,sz000001,363.8710,364.6810,353.3450,360.4300,16960164,19.990571
1997-01-27,sz000001,361.6450,364.4790,359.6200,360.6320,15488664,19.990687
1997-01-28,sz000001,359.8230,366.9080,359.8230,364.6810,11050780,19.993476
1997-01-29,sz000001,365.0860,381.8880,364.6810,376.8270,20076330,20.001433
1997-01-30,sz000001,380.2690,382.4960,373.1840,379.6620,12571260,20.003267
1997-01-31,sz000001,380.0670,390.1880,378.0420,384.9250,27149026,20.006497
1997-02-17,sz000001,379.6620,391.2010,374.6010,384.5200,17907043,20.006243
1997-02-18,sz000001,380.0670,381.8880,345.6520,351.5230,63657292,19.984252
1997-02-19,sz000001,359.8230,379.0540,359.8230,378.4470,45450401,20.002484
1997-02-20,sz000001,340.1860,392.6180,340.1860,377.4350,62995813,20.001855
1997-02-21,sz000001,376.0180,382.0910,373.5880,380.0670,22854171,20.003526
1997-02-24,sz000001,382.0910,384.7230,377.4350,378.0420,14288414,20.002222
1997-02-25,sz000001,380.0670,395.8570,376.6250,387.9620,28411197,20.008355
1997-02-26,sz000001,392.2130,394.0350,387.1520,390.9980,12955546,20.010133
1997-02-27,sz000001,390.1880,392.2130,384.1150,386.1400,15898418,20.007254
1997-02-28,sz000001,385.1270,385.7350,378.0420,384.3180,14989838,20.006143
1997-03-03,sz000001,385.7350,391.4030,383.7100,387.1520,12286367,20.007855
1997-03-04,sz000001,386.7470,386.7470,380.0670,383.3060,15685607,20.005532
1997-03-05,sz000001,383.7100,386.5450,380.0670,380.4710,11464574,20.003733
1997-03-06,sz000001,379.6620,382.0910,377.8400,380.4710,9556950,20.003733
1997-03-07,sz000001,381.6860,387.1520,380.0670,382.2930,9848355,20.004867
1997-03-10,sz000001,384.1150,392.8200,383.1030,388.3670,12849729,20.008604
1997-03-11,sz000001,389.1760,393.2250,385.5320,393.0230,18357571,20.011354
1997-03-12,sz000001,394.2370,404.3590,393.0230,401.1200,25112620,20.015968
1997-03-13,sz000001,402.3350,406.3840,395.2490,397.8810,17858389,20.014135
1997-03-14,sz000001,397.8810,408.2060,392.2130,407.1930,17115917,20.019322
1997-03-17,sz000001,416.5060,448.2890,416.5060,447.4790,46557240,20.039364
1997-03-18,sz000001,450.9200,470.1520,438.7740,452.7420,43943636,20.041700
1997-03-19,sz000001,452.9450,476.2250,449.9080,469.7470,42372937,20.048954
1997-03-20,sz000001,471.3670,486.1450,461.0420,463.0670,31848578,20.046190
1997-03-21,sz000001,461.2450,490.3960,461.2450,489.3840,33339225,20.056721
1997-03-24,sz000001,503.5540,538.7790,503.5540,538.7790,43467937,20.073733
1997-03-25,sz000001,552.1400,561.2500,538.7790,557.6060,43113391,20.079438
1997-03-26,sz000001,557.2010,579.4690,542.0180,565.7030,29143670,20.081754
1997-03-27,sz000001,566.3110,571.7770,548.0910,552.1400,25345520,20.077818
1997-03-28,sz000001,546.2690,566.3110,543.8400,552.7470,22141457,20.077988
1997-03-31,sz000001,552.1400,560.6420,545.6620,548.0910,14699908,20.076593
1997-04-01,sz000001,549.1030,557.6060,542.6250,551.5330,15975184,20.077648
1997-04-02,sz000001,554.1640,555.3790,544.2450,545.6620,15194637,20.075865
1997-04-03,sz000001,546.0670,562.2620,545.6620,561.8570,17260384,20.080665
1997-04-04,sz000001,566.3110,594.6520,562.0590,580.8860,30496155,20.085961
1997-04-07,sz000001,584.5300,602.7500,581.4940,592.8300,29475568,20.089122
1997-04-08,sz000001,586.3520,586.3520,566.3110,568.3350,35642479,20.082509
1997-04-09,sz000001,566.9180,580.4810,566.3110,574.6110,21444807,20.084271
1997-04-10,sz000001,574.4080,574.8130,562.2620,564.0840,26672464,20.081310
1997-04-11,sz000001,559.8330,561.4520,550.1160,560.8450,27717874,20.080380
1997-04-14,sz000001,561.0470,565.9060,550.1160,553.1520,20819338,20.078113
1997-04-15,sz000001,556.1890,568.9420,549.3060,565.2980,18262385,20.081634
1997-04-16,sz000001,565.2980,569.9550,557.8080,560.2370,11988007,20.080179
1997-04-17,sz000001,558.4160,592.4250,558.2130,584.5300,43815688,20.086942
1997-04-18,sz000001,592.6280,597.6890,574.6110,581.0890,24851457,20.086035
1997-04-21,sz000001,622.9940,639.5940,605.3810,624.8160,36733515,20.097009
1997-04-22,sz000001,629.0670,632.7110,620.9690,623.3990,17596978,20.096680
1997-04-23,sz000001,624.0060,652.5500,621.9810,645.6670,23870743,20.101712
1997-04-24,sz000001,640.8080,661.4570,631.0910,651.1330,21901855,20.102902
1997-04-25,sz000001,649.5130,664.4940,643.8450,654.5740,28269502,20.103624
1997-04-28,sz000001,663.4820,720.5690,663.4820,716.1160,30007453,20.115618
1997-04-29,sz000001,728.2620,761.8670,687.7740,718.1400,33437940,20.115966
1997-04-30,sz000001,718.1400,741.4210,705.9940,739.3960,20322346,20.119619
1997-05-05,sz000001,755.5910,813.8940,755.5910,813.8940,34141731,20.130942
1997-05-06,sz000001,833.1260,895.6790,829.4820,895.6790,29604930,20.141196
1997-05-07,sz000001,918.3530,985.7650,914.5060,985.3600,43005708,20.150511
1997-05-08,sz000001,986.9800,987.3840,896.2870,900.1330,49233661,20.141710
1997-05-09,sz000001,871.9940,946.8970,871.9940,945.6820,54494254,20.146613
1997-05-12,sz000001,971.5940,987.3840,922.6040,929.4870,37486345,20.144928
1997-05-13,sz000001,916.5310,936.5720,886.3670,906.8140,34312832,20.142470
1997-05-14,sz000001,896.2870,906.0040,835.5550,838.1870,42804349,20.134206
1997-05-15,sz000001,814.9060,837.9840,760.6520,830.8990,61845608,20.133244
1997-05-16,sz000001,747.2910,801.1400,747.2910,747.2910,52422482,20.120921
1997-05-19,sz000001,760.6520,774.8230,705.5890,743.8500,26100498,20.120368
1997-05-20,sz000001,750.5300,818.7520,748.5060,818.7520,44721257,20.131596
1997-05-21,sz000001,837.1740,845.6770,785.1480,803.3670,46313991,20.129466
1997-05-22,sz000001,722.5940,776.8480,722.5940,737.1690,46749398,20.119241
1997-05-23,sz000001,737.3720,795.0670,737.1690,785.9570,40874221,20.126940
1997-05-26,sz000001,724.2130,774.8230,716.1160,760.6520,17097866,20.123069
1997-05-27,sz000001,754.5790,762.6770,734.3350,746.0770,23091782,20.120739
1997-05-28,sz000001,746.4820,752.1500,720.1650,722.7960,25804412,20.116783
1997-05-29,sz000001,709.6380,711.6620,663.4820,664.4940,43773491,20.105719
1997-05-30,sz000001,641.2130,683.7250,614.4910,676.4380,38544302,20.108145
1997-06-02,sz000001,685.7500,703.9690,669.5550,700.3250,21174253,20.112723
1997-06-03,sz000001,703.9690,730.2860,695.8720,699.7180,19008595,20.112619
1997-06-04,sz000001,699.9210,710.0430,693.8470,700.3250,10569009,20.112723
1997-06-05,sz000001,703.5650,727.2500,702.3500,710.8520,14753602,20.114658
1997-06-06,sz000001,649.5130,693.8470,649.5130,663.8860,29084643,20.105572
1997-06-09,sz000001,663.4820,663.4820,640.2010,651.5380,9219108,20.102993
1997-06-10,sz000001,651.3350,663.4820,633.1160,637.9740,8792048,20.100000
1997-06-11,sz000001,633.1160,643.2380,586.1500,642.2250,21210049,20.100939
1997-06-12,sz000001,643.2380,648.9060,602.7500,620.3620,9435150,20.095951
1997-06-20,sz000001,662.4690,682.9160,633.1160,682.9160,23751945,20.109423
1997-06-23,sz000001,733.9300,751.7450,724.2130,734.9430,27564957,20.118889
1997-06-24,sz000001,744.6600,770.3690,737.3720,768.7500,35186972,20.124346
1997-06-25,sz000001,775.8350,782.5160,762.6770,766.3210,20235996,20.123976
1997-06-26,sz000001,764.7010,774.8230,755.5910,768.5480,12738378,20.124326
1997-06-27,sz000001,768.7500,780.8960,754.5790,759.4380,22186222,20.122893
1997-07-02,sz000001,764.7010,773.8110,683.7250,726.8450,18824710,20.117492
1997-07-03,sz000001,722.1890,722.1890,694.8600,699.9210,14187975,20.112672
1997-07-04,sz000001,683.7250,709.6380,671.5790,695.6690,12215664,20.111853
1997-07-07,sz000001,691.8230,691.8230,625.6250,633.1160,15075599,20.098921
1997-07-08,sz000001,622.9940,667.5300,618.9450,664.8990,17298029,20.105806
1997-07-09,sz000001,671.1740,687.3690,657.4080,683.7250,10507886,20.109559
1997-07-10,sz000001,683.7250,695.6690,663.4820,665.1010,7865337,20.105834
1997-07-11,sz000001,655.3840,693.8470,653.3600,691.8230,10737875,20.111134
1997-07-14,sz000001,699.9210,715.1040,695.0620,702.5520,9746495,20.113141
1997-07-15,sz000001,703.9690,707.6130,689.7990,695.8720,6221393,20.111908
1997-07-16,sz000001,699.9210,730.2860,697.8960,717.9380,14974937,20.115943
1997-07-17,sz000001,721.9860,747.4940,720.1650,744.2550,17546174,20.120438
1997-07-18,sz000001,754.3770,756.6040,744.4570,748.7080,14985702,20.121150
1997-07-21,sz000001,760.6520,764.7010,724.6180,738.5870,18561832,20.119504
1997-07-23,sz000001,786.7670,788.9940,738.3840,743.8500,21093759,20.120368
1997-07-24,sz000001,733.3230,736.3600,699.9210,702.5520,16576545,20.113141
1997-07-25,sz000001,693.2400,712.0670,684.1300,701.3380,11110682,20.112934
1997-07-28,sz000001,691.8230,697.8960,673.6030,675.2230,8612751,20.107892
1997-07-29,sz000001,669.5550,691.8230,666.5180,687.7740,6970550,20.110351
1997-07-30,sz000001,692.2280,701.5400,687.3690,700.3250,5010022,20.112723
1997-07-31,sz000001,703.5650,705.9940,695.6690,697.6940,3509656,20.112251
1997-08-01,sz000001,699.9210,701.1350,685.7500,690.6080,3281261,20.110891
1997-08-04,sz000001,687.5720,687.7740,675.2230,679.0690,4520103,20.108647
1997-08-05,sz000001,680.6890,697.8960,680.6890,685.7500,2680468,20.109971
1997-08-06,sz000001,687.7740,691.8230,675.2230,676.6400,2368700,20.108172
1997-08-07,sz000001,673.6030,681.2960,667.5300,675.2230,3051293,20.107892
1997-08-08,sz000001,675.6280,693.6450,659.4330,684.1300,3914317,20.109641
1997-08-11,sz000001,684.7380,687.7740,663.6840,665.3030,3741824,20.105863
1997-08-12,sz000001,659.4330,663.4820,633.1160,633.3180,7275478,20.098953
1997-08-13,sz000001,623.3990,640.8080,614.8960,617.1230,6972349,20.095181
1997-08-14,sz000001,614.8960,639.1890,614.4910,634.9380,5329278,20.099335
1997-08-15,sz000001,639.1890,642.8330,616.5160,620.7670,4395828,20.096051
1997-08-18,sz000001,612.8720,620.9690,600.7250,613.0740,6357823,20.094199
1997-08-19,sz000001,622.9940,642.2250,619.1470,631.2940,5299863,20.098504
1997-08-20,sz000001,641.0110,662.8740,639.1890,657.8130,6669422,20.104309
1997-08-21,sz000001,663.4820,667.5300,632.7110,635.9500,9307836,20.099558
1997-08-22,sz000001,633.1160,645.2620,623.3990,634.5330,10009555,20.099240
1997-08-25,sz000001,637.1640,688.7860,637.1640,686.9650,13065819,30.342977
1997-08-26,sz000001,690.3050,700.0220,675.1220,679.0690,19886442,30.342672
1997-08-27,sz000001,672.0850,679.6770,661.7610,671.1740,11148713,30.342405
1997-08-28,sz000001,669.0490,700.9330,662.9750,677.8550,12219869,30.342659
1997-08-29,sz000001,677.8550,682.4100,666.0120,672.3890,9329141,30.342464
1997-09-01,sz000001,671.4780,687.5720,666.0120,673.3000,5760044,30.342497
1997-09-02,sz000001,673.6040,682.1060,667.5300,677.5510,5152350,30.342633
1997-09-03,sz000001,676.6400,703.9690,676.6400,702.1470,18229474,30.343431
1997-09-04,sz000001,707.0060,711.8650,693.6450,699.7180,9794870,30.343365
1997-09-05,sz000001,700.3250,700.9330,691.8230,697.5930,4767361,30.343323
1997-09-08,sz000001,696.3780,700.9330,688.4830,691.2160,5167173,30.343108
1997-09-09,sz000001,688.7860,696.6820,682.7130,684.2320,4839748,30.342882
1997-09-10,sz000001,679.6770,695.7710,675.1220,690.9120,5624720,30.343083
1997-09-11,sz000001,691.8230,715.5080,683.6240,694.8600,14104395,30.343231
1997-09-12,sz000001,694.8600,694.8600,679.0690,679.6770,5504904,30.342723
1997-09-15,sz000001,679.6770,679.6770,660.2430,661.4570,6886935,30.342064
1997-09-16,sz000001,661.4570,672.0850,655.6880,660.8500,3480424,30.342057
1997-09-17,sz000001,661.1530,664.1900,652.3470,654.4730,2937987,30.341817
1997-09-18,sz000001,655.3840,661.4570,647.7920,651.7400,3659653,30.341713
1997-09-19,sz000001,652.3470,658.4210,650.8290,655.3840,2840225,30.341852
1997-09-22,sz000001,655.3840,655.3840,609.8350,613.4790,8084222,30.340208
1997-09-23,sz000001,606.7990,612.8720,570.3590,582.2020,11836382,30.338822
1997-09-24,sz000001,600.7250,625.0180,594.6520,620.4630,15424572,30.340489
1997-09-25,sz000001,637.7720,645.0600,620.4630,629.2690,10377086,30.340839
1997-09-26,sz000001,630.4840,633.8240,609.8350,631.0910,5952993,30.340913
1997-09-29,sz000001,621.9810,640.2010,614.3900,632.6100,7437920,30.341007
1997-09-30,sz000001,631.0910,652.9550,625.0180,646.5780,8758809,30.341530
1997-10-06,sz000001,664.1900,664.1900,637.1640,640.8080,4630964,30.341288
1997-10-07,sz000001,637.1640,646.2740,629.8770,646.2740,3730187,30.341502
1997-10-08,sz000001,657.8130,669.9600,646.2740,664.4940,9184476,30.342192
1997-10-09,sz000001,667.5300,668.7450,653.2580,655.3840,4261803,30.341852
1997-10-10,sz000001,655.0800,663.8860,652.3470,658.7240,3421631,30.341962
1997-10-13,sz000001,667.5300,669.0490,652.6510,652.9550,2981848,30.341775
1997-10-14,sz000001,652.0440,659.9390,647.1850,656.2950,3462246,30.341886
1997-10-15,sz000001,656.2950,692.4300,654.7770,686.3570,17912522,30.342927
1997-10-16,sz000001,691.8230,722.1890,684.2320,716.1160,40555322,30.343898
1997-10-17,sz000001,722.1890,744.9630,720.6710,735.2460,41043129,30.344449
1997-10-20,sz000001,742.8380,764.7010,737.3720,753.7690,38404529,30.344968
1997-10-21,sz000001,758.6280,769.2560,744.9630,764.7010,27597874,30.345278
1997-10-22,sz000001,773.8110,840.6160,770.7740,801.1400,114945727,30.346212
1997-10-23,sz000001,788.0830,803.8730,774.1150,785.0460,45978929,30.345806
1997-10-24,sz000001,773.8110,786.8680,767.7380,784.1350,23977590,30.345782
1997-10-27,sz000001,788.9940,802.0510,783.2240,788.0830,22877349,30.345899
1997-10-28,sz000001,788.6900,788.6900,749.8220,760.7540,33321912,30.345193
1997-10-29,sz000001,764.7010,777.7590,758.6280,776.5440,22089680,30.345604
1997-10-30,sz000001,779.8840,787.4760,758.3240,758.6280,20392866,30.345120
1997-10-31,sz000001,752.5550,773.5070,749.5180,761.3610,14051586,30.345197
1997-11-03,sz000001,761.3610,770.7740,758.6280,761.9680,6721204,30.345201
1997-11-04,sz000001,764.7010,782.3130,761.9680,780.1880,10690225,30.345702
1997-11-05,sz000001,779.8840,798.1040,779.8840,791.7270,16299696,30.345995
1997-11-06,sz000001,798.1040,804.1770,779.2770,779.5800,11289280,30.345660
1997-11-07,sz000001,779.2770,788.6900,773.2040,780.1880,9474922,30.345702
1997-11-10,sz000001,779.8840,787.4760,758.6280,764.7010,12649641,30.345278
1997-11-11,sz000001,758.9320,767.7380,753.1620,763.7900,9691986,30.345252
1997-11-12,sz000001,764.7010,779.2770,759.2350,761.9680,8215752,30.345201
1997-11-13,sz000001,758.6280,788.9940,750.1260,783.5280,13266437,30.345778
1997-11-14,sz000001,786.5650,795.0670,775.6330,782.0100,16251493,30.345751
1997-11-17,sz000001,788.9940,797.4960,775.3290,777.4550,8489271,30.345628
1997-11-18,sz000001,775.3290,794.4600,773.8110,777.4550,7507580,30.345628
1997-11-19,sz000001,779.8840,788.0830,772.9000,778.6700,6158692,30.345674
1997-11-20,sz000001,776.8480,782.9210,761.9680,766.5230,6454514,30.345329
1997-11-21,sz000001,758.9320,765.0050,752.5550,755.2880,10222065,30.345038
1997-11-24,sz000001,754.0730,754.3770,728.2620,728.8690,8286019,30.344255
1997-11-25,sz000001,728.2620,740.4080,722.4930,732.5130,6729987,30.344366
1997-11-26,sz000001,734.3350,738.2830,728.2620,734.6390,4019180,30.344444
1997-11-27,sz000001,734.6390,737.3720,719.1520,720.6710,5700310,30.344042
1997-11-28,sz000001,713.0790,739.8010,710.0430,736.1570,7474895,30.344477
1997-12-01,sz000001,728.5660,738.2830,716.1160,725.2260,3992976,30.344184
1997-12-02,sz000001,725.2260,735.2460,721.5820,722.1890,2345421,30.344076
1997-12-03,sz000001,722.1890,727.3510,719.1520,720.3670,2895165,30.344019
1997-12-04,sz000001,720.3670,728.2620,713.6860,724.6180,3407613,30.344137
1997-12-05,sz000001,728.2620,737.0680,724.6180,725.2260,4104700,30.344184
1997-12-08,sz000001,725.2260,733.7280,724.6180,725.2260,2849666,30.344184
1997-12-09,sz000001,728.2620,728.2620,723.7070,727.3510,2284994,30.344222
1997-12-10,sz000001,728.2620,740.7120,728.2620,733.1210,2753428,30.344412
1997-12-11,sz000001,737.0680,755.2880,728.2620,752.2510,5697735,30.344937
1997-12-12,sz000001,754.0730,758.3240,737.3720,740.4080,4544558,30.344590
1997-12-15,sz000001,740.4080,743.4450,728.5660,734.9430,5157408,30.344467
1997-12-16,sz000001,735.2460,743.4450,731.6020,737.9790,5357462,30.344531
1997-12-17,sz000001,740.4080,741.9270,722.1890,726.1370,7871094,30.344212
1997-12-18,sz000001,722.1890,741.3190,716.7230,723.7070,5892275,30.344109
1997-12-19,sz000001,723.7070,726.7440,717.6340,722.1890,5436207,30.344076
1997-12-22,sz000001,718.5450,737.3720,697.8960,723.1000,12176965,30.344104
1997-12-23,sz000001,725.2260,732.8170,714.5970,716.4190,5795118,30.343880
1997-12-24,sz000001,716.1160,716.1160,697.8960,703.3620,9642944,30.343486
1997-12-25,sz000001,703.3620,709.4350,694.8600,700.3250,13935005,30.343371
1997-12-26,sz000001,713.0790,728.2620,703.3620,708.5240,10837139,30.343640
1997-12-29,sz000001,713.0790,717.0270,699.7180,701.5400,9902086,30.343426
1997-12-30,sz000001,701.5400,703.9690,690.3050,694.2520,11553740,30.343182
1997-12-31,sz000001,691.8230,694.2520,682.1060,688.7860,11457589,30.342996
1998-01-05,sz000001,687.2680,728.5660,670.5670,728.2620,20032601,30.344250
1998-01-06,sz000001,731.2990,737.3720,719.1520,723.4040,11700982,30.344128
1998-01-07,sz000001,722.1890,723.4040,707.0060,709.7390,6834300,30.343694
1998-01-08,sz000001,709.7390,716.1160,698.2000,702.1470,7861688,30.343431
1998-01-09,sz000001,697.8960,707.9170,692.1270,699.7180,8620197,30.343365
1998-01-12,sz000001,699.4150,713.0790,691.8230,698.2000,9205104,30.343329
1998-01-13,sz000001,691.8230,691.8230,628.3580,675.4250,15077577,30.342543
1998-01-14,sz000001,675.4250,685.7500,670.5670,683.6240,8592477,30.342832
1998-01-15,sz000001,684.2320,691.8230,672.0850,680.5880,5062181,30.342755
1998-01-16,sz000001,679.6770,690.3050,670.5670,679.0690,4919134,30.342672
1998-01-19,sz000001,682.7130,682.7130,670.5670,672.6930,4798044,30.342490
1998-01-20,sz000001,670.5670,678.1580,667.5300,674.8180,3371448,30.342536
1998-01-21,sz000001,673.6040,676.6400,669.9600,671.1740,3000005,30.342405
1998-01-22,sz000001,671.1740,700.0220,669.9600,687.8750,5273196,30.342964
1998-01-23,sz000001,691.8230,710.0430,687.8750,703.3620,6890651,30.343486
1998-02-09,sz000001,716.7230,736.1570,713.6860,724.0110,11603478,30.344132
1998-02-10,sz000001,724.0110,726.7440,703.9690,711.2570,3773961,30.343729
1998-02-11,sz000001,707.0060,713.0790,698.5040,700.9330,2424883,30.343420
1998-02-12,sz000001,697.8960,707.0060,691.8230,693.3410,2937190,30.343151
1998-02-13,sz000001,696.3780,702.4510,691.8230,694.8600,2304435,30.343231
1998-02-16,sz000001,694.8600,694.8600,684.2320,685.1430,2894966,30.342914
1998-02-17,sz000001,685.7500,694.8600,679.9800,684.8390,2914269,30.342889
1998-02-18,sz000001,685.7500,691.8230,681.1950,685.7500,2650413,30.342920
1998-02-19,sz000001,685.7500,703.3620,685.7500,701.2360,2596330,30.343401
1998-02-20,sz000001,703.9690,707.0060,691.8230,694.8600,2467515,30.343231
1998-02-23,sz000001,691.5190,693.3410,679.6770,685.7500,2670272,30.342920
1998-02-24,sz000001,684.2320,692.7340,682.7130,684.8390,1943721,30.342889
1998-02-25,sz000001,684.2320,686.6610,676.6400,679.9800,2680051,30.342704
1998-02-26,sz000001,676.6400,691.5190,673.9070,681.8020,3149884,30.342768
1998-02-27,sz000001,676.6400,703.9690,673.9070,689.0900,5435208,30.343021
1998-03-02,sz000001,683.6240,685.1430,661.4570,664.7970,6175523,30.342173
1998-03-03,sz000001,661.4570,667.5300,649.3110,665.7080,3916448,30.342206
1998-03-04,sz000001,668.1380,672.0850,663.8860,668.7450,2942028,30.342332
1998-03-05,sz000001,668.7450,675.1220,654.1690,655.6880,4460739,30.341879
1998-03-06,sz000001,637.4680,649.9180,631.0910,648.0960,6041507,30.341573
1998-03-09,sz000001,651.4360,653.8660,633.5210,633.8240,5534364,30.341024
1998-03-10,sz000001,629.5730,648.7030,616.5160,634.4320,7878443,30.341081
1998-03-11,sz000001,637.1640,652.3470,633.5210,636.2530,4488913,30.341106
1998-03-12,sz000001,610.4420,647.7920,608.3170,627.7510,4620143,30.340793
1998-03-13,sz000001,627.4470,652.0440,621.9810,649.9180,4704259,30.341643
1998-03-16,sz000001,652.3470,658.1170,643.2380,653.5620,3431895,30.341783
1998-03-17,sz000001,656.9020,672.0850,655.3840,668.1380,5090386,30.342325
1998-03-18,sz000001,672.9960,673.6040,652.0440,652.9550,2916897,30.341775
1998-03-19,sz000001,652.3470,657.2060,647.1850,650.5250,2093713,30.341651
1998-03-20,sz000001,650.5250,654.7770,637.4680,643.5410,1994295,30.341396
1998-03-23,sz000001,640.2010,649.0070,633.5210,638.6830,2931195,30.341235
1998-03-24,sz000001,637.1640,670.5670,636.5570,669.9600,4644039,30.342391
1998-03-25,sz000001,682.7130,688.7860,654.1690,657.8130,7156442,30.341928
1998-03-26,sz000001,654.7770,655.0800,640.5050,641.7190,2898943,30.341324
1998-03-27,sz000001,640.2010,661.4570,637.7720,652.0440,4193765,30.341740
1998-03-30,sz000001,652.6510,664.4940,643.2380,654.7770,5821636,30.341844
1998-03-31,sz000001,658.1170,668.1380,648.0960,654.4730,5168448,30.341817
1998-04-01,sz000001,652.3470,657.2060,645.6670,648.0960,4169935,30.341573
1998-04-02,sz000001,648.0960,666.0120,647.1850,655.0800,6695236,30.341825
1998-04-03,sz000001,655.3840,682.7130,655.3840,678.1580,14199320,30.342640
1998-04-06,sz000001,681.1950,684.2320,666.9230,672.0850,7533862,30.342438
1998-04-07,sz000001,673.6040,679.3730,666.9230,668.7450,5824737,30.342332
1998-04-08,sz000001,667.5300,677.5510,661.4570,669.0490,5025796,30.342358
1998-04-09,sz000001,670.5670,679.6770,665.1010,669.0490,6601149,30.342358
1998-04-10,sz000001,670.5670,675.4250,665.1010,670.5670,5162422,30.342398
1998-04-13,sz000001,671.1740,697.8960,671.1740,686.9650,13804560,30.342977
1998-04-14,sz000001,687.2680,688.4830,670.5670,673.3000,4513706,30.342497
1998-04-15,sz000001,673.3000,675.1220,666.0120,669.9600,5340650,30.342391
1998-04-17,sz000001,621.6780,673.6040,621.6780,648.0960,5461811,30.341573
1998-04-20,sz000001,637.1640,637.1640,618.9450,623.1960,9208570,30.340604
1998-04-21,sz000001,621.9810,636.5570,621.3740,626.2330,4038070,30.340746
1998-04-22,sz000001,629.5730,632.6100,624.4110,631.3950,5993675,30.340942
1998-04-23,sz000001,634.1280,634.1280,624.4110,628.6620,5590630,30.340830
1998-04-24,sz000001,628.0550,648.7030,624.1070,632.6100,7747313,30.341007
1998-04-27,sz000001,628.0550,630.7880,620.4630,622.2850,5354545,30.340566
1998-04-28,sz000001,624.4110,636.8610,623.5000,633.5210,4030837,30.341044
1998-04-29,sz000001,633.5210,637.1640,623.5000,629.2690,4894059,30.340839
1998-04-30,sz000001,629.8770,635.6460,625.0180,632.9130,4591036,30.340988
1998-05-04,sz000001,634.1280,647.7920,631.0910,642.6300,6670235,30.341360
1998-05-05,sz000001,644.7560,649.3110,632.9130,634.1280,4460930,30.341053
1998-05-06,sz000001,634.1280,634.1280,625.0180,627.7510,5049899,30.340793
1998-05-07,sz000001,627.7510,631.0910,618.0340,619.2490,7392060,30.340470
1998-05-08,sz000001,618.9450,626.2330,618.0340,623.5000,7281977,30.340633
1998-05-11,sz000001,623.5000,631.0910,614.3900,620.1600,7944594,30.340509
1998-05-12,sz000001,618.9450,618.9450,614.3900,616.2120,4525016,30.340325
1998-05-13,sz000001,617.4270,621.9810,612.2640,619.2490,5864541,30.340470
1998-05-14,sz000001,618.9450,619.2490,612.5680,614.0860,5032034,30.340217
1998-05-15,sz000001,615.9080,637.1640,615.9080,628.0550,6546705,30.340821
1998-05-18,sz000001,631.0910,634.1280,615.9080,618.3380,2991144,30.340432
1998-05-19,sz000001,618.6410,621.9810,613.4790,614.0860,3094278,30.340217
1998-05-20,sz000001,615.9080,625.0180,611.6570,612.8720,3416179,30.340198
1998-05-21,sz000001,612.8720,615.3010,609.8350,612.5680,3456181,30.340168
1998-05-22,sz000001,612.8720,617.4270,611.9610,612.8720,5357982,30.340198
1998-05-25,sz000001,612.8720,614.3900,607.7100,609.8350,5824196,30.340050
1998-05-26,sz000001,609.8350,621.9810,605.8880,608.3170,6175381,30.340000
1998-05-27,sz000001,608.3170,612.8720,605.2800,608.3170,6738753,30.340000
1998-05-28,sz000001,609.8350,614.3900,606.4950,608.3170,5388377,30.340000
1998-05-29,sz000001,609.8350,609.8350,606.7990,608.9240,5119408,30.340010
1998-06-01,sz000001,609.8350,614.6940,606.7990,610.7460,5796121,30.340089
1998-06-02,sz000001,609.8350,610.7460,605.2800,606.7990,5915400,30.339950
1998-06-03,sz000001,606.7990,606.7990,597.0810,597.6890,6435433,30.339543
1998-06-04,sz000001,597.0810,606.4950,589.1860,597.3850,6350756,30.339512
1998-06-05,sz000001,597.6890,615.9080,597.6890,606.7990,5579333,30.339950
1998-06-08,sz000001,606.7990,608.3170,594.6520,595.2590,3435700,30.339399
1998-06-09,sz000001,596.7780,598.2960,585.5420,587.0610,3649140,30.339070
1998-06-10,sz000001,587.0610,591.6160,576.4330,579.1660,3721343,30.338711
1998-06-11,sz000001,579.1660,580.9880,571.8780,573.0920,3951987,30.338380
1998-06-12,sz000001,591.6160,596.1700,576.4330,579.4690,3644520,30.338691
1998-06-15,sz000001,579.4690,579.4690,564.2860,566.1080,3892685,30.338049
1998-06-16,sz000001,564.5900,564.5900,551.5330,552.4440,4678588,30.337397
1998-06-17,sz000001,552.1400,561.2500,550.9250,553.3550,3772687,30.337445
1998-06-18,sz000001,556.3910,579.1660,553.6580,573.7000,4483263,30.338445
1998-06-19,sz000001,573.7000,576.4330,564.2860,570.0560,2455691,30.338265
1998-06-22,sz000001,564.2860,567.3230,552.1400,554.8730,3841424,30.337507
1998-06-23,sz000001,552.7470,560.9460,546.0670,552.1400,4425908,30.337363
1998-06-24,sz000001,550.6220,556.6950,547.5850,552.7470,4099210,30.337377
1998-06-25,sz000001,561.2500,564.2860,549.1030,551.2290,1369770,30.337314
1998-06-26,sz000001,552.1400,555.1770,549.1030,549.7110,2412429,30.337252
1998-06-29,sz000001,549.1030,549.7110,533.9200,535.4390,4080000,30.336487
1998-06-30,sz000001,536.9570,536.9570,518.7370,519.3450,3974024,30.335572
1998-07-01,sz000001,533.3130,536.3500,503.5540,512.6640,6287223,30.335148
1998-07-02,sz000001,511.1460,520.2560,505.9840,518.4340,4448700,30.335518
1998-07-03,sz000001,518.7370,529.3660,517.2190,524.2030,3345759,30.335822
1998-07-06,sz000001,518.7370,518.7370,509.6280,509.6280,2355814,30.335000
1998-07-07,sz000001,506.5910,512.0570,500.5180,506.5910,2929528,30.334790
1998-07-08,sz000001,509.6280,520.2560,506.5910,514.4860,1988110,30.335259
1998-07-09,sz000001,515.7010,520.8630,514.4860,515.3970,1632650,30.335315
1998-07-10,sz000001,515.7010,516.3080,509.6280,512.0570,1851914,30.335130
1998-07-13,sz000001,515.3970,515.7010,506.5910,511.4500,1751585,30.335113
1998-07-14,sz000001,512.6640,514.1830,501.1250,502.3400,1890184,30.334541
1998-07-15,sz000001,502.3400,502.3400,488.3720,489.8900,2942310,30.333746
1998-07-16,sz000001,486.8530,488.3720,478.0470,479.2620,4336177,30.333038
1998-07-17,sz000001,479.2620,484.1200,473.1890,473.7960,4025723,30.332650
1998-07-20,sz000001,471.6700,471.9740,458.0060,460.4350,4420483,30.331686
1998-07-21,sz000001,458.3090,506.5910,455.2730,505.9840,7739564,30.334772
1998-07-22,sz000001,505.9840,546.0670,488.3720,520.8630,22116727,30.335644
1998-07-23,sz000001,519.0410,527.5440,515.0940,524.5070,5477801,30.335859
1998-07-24,sz000001,524.8110,543.9410,521.1670,539.6900,9710400,30.336706
1998-07-27,sz000001,542.1190,546.0670,530.8840,538.1720,4473804,30.336640
1998-07-28,sz000001,533.9200,539.9940,525.4180,527.8470,2727231,30.336034
1998-07-29,sz000001,527.8470,539.9940,524.8110,529.9730,2519710,30.336176
1998-07-30,sz000001,529.9730,535.4390,521.7740,525.7220,2210520,30.335949
1998-07-31,sz000001,527.2400,531.1870,521.7740,523.5960,1540640,30.335805
1998-08-03,sz000001,524.2030,524.8110,502.9470,505.3760,3148586,30.334694
1998-08-04,sz000001,502.0360,521.7740,496.5700,512.3610,3330244,30.335169
1998-08-05,sz000001,514.1830,515.7010,504.1620,513.2720,1851721,30.335225
1998-08-06,sz000001,515.7010,521.4700,503.5540,505.9840,1754128,30.334772
1998-08-07,sz000001,502.3400,512.6640,501.1250,505.0730,1856660,30.334715
1998-08-10,sz000001,503.5540,503.5540,488.3720,495.3560,2084522,30.334109
1998-08-11,sz000001,495.3560,502.9470,482.2980,483.8170,2561120,30.333354
1998-08-12,sz000001,483.8170,494.4450,472.5810,489.5860,3523360,30.333705
1998-08-13,sz000001,491.4080,495.9630,485.3350,489.2830,2508170,30.333726
1998-08-14,sz000001,489.2830,489.2830,476.2250,481.3870,2449196,30.333144
1998-08-17,sz000001,478.9580,478.9580,454.9690,460.7390,4802294,30.331731
1998-08-18,sz000001,458.0060,477.7430,455.2730,467.1150,3451952,30.332143
1998-08-19,sz000001,468.6340,483.8170,467.1150,482.9060,3088424,30.333291
1998-08-20,sz000001,485.3350,488.3720,476.2250,481.6910,2325317,30.333186
1998-08-21,sz000001,483.8170,529.3660,477.7430,520.5590,9735417,30.335606
1998-08-24,sz000001,519.3450,530.8840,505.9840,508.4130,7277713,30.334905
1998-08-25,sz000001,506.5910,507.8060,494.4450,503.8580,2789988,30.334618
1998-08-26,sz000001,506.5910,521.7740,494.4450,497.4810,4354231,30.334207
1998-08-27,sz000001,494.4450,497.4810,486.8530,488.0680,2794160,30.333623
1998-08-28,sz000001,485.3350,491.4080,480.7800,482.9060,2721311,30.333291
1998-08-31,sz000001,479.2620,490.1930,470.1520,489.5860,3444321,30.333705
1998-09-01,sz000001,489.2830,489.5860,478.6540,481.3870,1486366,30.333144
1998-09-02,sz000001,479.2620,485.3350,476.2250,480.1730,969921,30.333102
1998-09-03,sz000001,479.2620,485.3350,477.4400,479.2620,1649507,30.333038
1998-09-04,sz000001,482.9060,491.4080,479.2620,482.6020,1573065,30.333250
1998-09-07,sz000001,483.2090,486.2460,477.4400,482.9060,1780140,30.333291
1998-09-08,sz000001,484.7280,495.9630,483.5130,483.8170,2221388,30.333354
1998-09-09,sz000001,482.2980,487.7640,479.2620,485.6390,1534618,30.333479
1998-09-10,sz000001,487.7640,500.2140,484.7280,492.3190,3689469,30.333888
1998-09-11,sz000001,494.4450,497.4810,485.0310,486.8530,2943313,30.333520
1998-09-14,sz000001,485.3350,495.3560,479.2620,488.0680,4069856,30.333623
1998-09-15,sz000001,488.3720,500.5180,488.3720,491.7120,5062254,30.333868
1998-09-16,sz000001,491.4080,491.4080,483.8170,488.0680,2962497,30.333623
1998-09-17,sz000001,488.0680,489.5860,477.7430,479.2620,4046137,30.333038
1998-09-18,sz000001,476.2250,484.7280,473.1890,475.0110,2914527,30.332759
1998-09-21,sz000001,470.4560,474.4030,468.3300,473.7960,2026466,30.332650
1998-09-22,sz000001,473.7960,485.3350,473.7960,475.3140,1833895,30.332738
1998-09-23,sz000001,477.7430,481.3870,471.6700,478.9580,1469974,30.332996
1998-09-24,sz000001,471.6700,479.2620,469.5450,469.8480,1952761,30.332343
1998-09-25,sz000001,469.5450,471.6700,466.5080,468.9370,2212690,30.332277
1998-09-28,sz000001,474.7070,480.7800,467.7230,470.4560,2510600,30.332431
1998-09-29,sz000001,476.2250,491.4080,475.6180,477.4400,3467117,30.332910
1998-09-30,sz000001,480.7800,485.3350,475.0110,478.3510,1619895,30.332974
1998-10-05,sz000001,478.3510,479.2620,469.8480,471.3670,1447923,30.332497
1998-10-06,sz000001,470.7590,473.1890,465.5970,465.9010,1762831,30.332096
1998-10-07,sz000001,465.9010,467.4190,462.2570,463.7750,2128612,30.331916
1998-10-08,sz000001,464.0790,467.1150,462.5610,464.6860,1778270,30.331984
1998-10-09,sz000001,466.5080,470.1520,463.4720,463.4720,1660352,30.331937
1998-10-12,sz000001,463.7750,467.7230,458.0060,461.3460,2228338,30.331755
1998-10-13,sz000001,461.3460,471.6700,461.0420,461.6500,3680777,30.331800
1998-10-14,sz000001,462.5610,464.0790,458.0060,459.2200,2012194,30.331572
1998-10-15,sz000001,459.2200,464.6860,456.4870,464.0790,2658896,30.331961
1998-10-16,sz000001,468.9370,470.1520,461.9530,463.1680,1770925,30.331893
1998-10-19,sz000001,464.0790,470.1520,461.0420,461.9530,2018436,30.331779
1998-10-20,sz000001,461.6500,466.8120,457.3980,459.2200,2131261,30.331572
1998-10-21,sz000001,458.3090,459.2200,445.8590,446.1630,4294784,30.330591
1998-10-22,sz000001,440.0900,442.8230,434.0170,442.2150,4171279,30.330247
1998-10-23,sz000001,464.0790,475.6180,452.2360,452.2360,4914666,30.331053
1998-10-26,sz000001,448.8960,448.8960,436.1420,440.6970,3127268,30.330145
1998-10-27,sz000001,439.7860,441.3040,434.0170,435.8390,2488626,30.329784
1998-10-28,sz000001,435.2310,442.8230,433.7130,435.8390,2089946,30.329784
1998-10-29,sz000001,439.7860,448.8960,433.1060,438.8750,3770618,30.329993
1998-10-30,sz000001,439.7860,461.0420,439.7860,451.6290,5640635,30.331028
1998-11-02,sz000001,454.6650,459.5240,445.8590,448.5920,2311332,30.330764
1998-11-03,sz000001,448.5920,452.5400,442.2150,443.4300,2022267,30.330369
1998-11-04,sz000001,443.4300,450.7180,439.7860,445.8590,2272611,30.330544
1998-11-05,sz000001,445.8590,451.9320,441.9120,451.0210,2633749,30.330935
1998-11-06,sz000001,454.9690,461.0420,450.4140,454.3620,4827378,30.331242
1998-11-09,sz000001,455.8800,464.0790,454.9690,460.7390,3926130,30.331731
1998-11-10,sz000001,462.5610,475.6180,458.0060,468.0260,5331709,30.332210
1998-11-11,sz000001,470.1520,470.1520,461.0420,464.0790,2368287,30.331961
1998-11-12,sz000001,466.5080,480.7800,461.3460,469.5450,5561863,30.332364
1998-11-13,sz000001,470.1520,473.1890,465.5970,469.8480,3030778,30.332343
1998-11-16,sz000001,472.8850,515.7010,472.5810,515.7010,24988062,30.335353
1998-11-17,sz000001,521.1670,539.0830,514.1830,518.7370,26543722,30.335497
1998-11-18,sz000001,518.7370,527.2400,506.8950,516.3080,9133878,30.335370
1998-11-19,sz000001,512.6640,516.3080,507.5020,508.1090,5390075,30.334866
1998-11-20,sz000001,506.5910,515.7010,505.9840,508.7170,3837241,30.334943
1998-11-23,sz000001,509.6280,511.4500,498.0890,502.3400,4586648,30.334541
1998-11-24,sz000001,502.3400,509.3240,500.5180,502.3400,1969851,30.334541
1998-11-25,sz000001,503.8580,509.0200,487.1570,488.0680,3469760,30.333623
1998-11-26,sz000001,485.3350,492.0150,481.6910,482.6020,3133007,30.333250
1998-11-27,sz000001,482.6020,487.4610,474.7070,476.2250,2266357,30.332803
1998-11-30,sz000001,475.0110,482.2980,470.4560,481.3870,1733349,30.333144
1998-12-01,sz000001,485.3350,485.3350,473.1890,474.4030,1146065,30.332673
1998-12-02,sz000001,476.2250,479.2620,471.9740,479.2620,1671441,30.333038
1998-12-03,sz000001,479.8690,490.1930,476.2250,482.6020,1995030,30.333250
1998-12-04,sz000001,482.6020,494.4450,480.4760,481.3870,4139539,30.333144
1998-12-07,sz000001,494.4450,495.9630,476.5290,477.7430,2892762,30.332889
1998-12-08,sz000001,476.2250,483.8170,476.2250,478.6540,1128406,30.332953
1998-12-09,sz000001,479.5650,482.2980,474.1000,474.1000,1127946,30.332694
1998-12-10,sz000001,474.1000,475.0110,464.0790,465.5970,2096777,30.332052
1998-12-11,sz000001,464.0790,474.7070,462.2570,472.5810,1109901,30.332542
1998-12-14,sz000001,467.1150,470.1520,462.5610,462.8640,1389910,30.331848
1998-12-15,sz000001,459.5240,464.0790,454.6650,463.1680,3049536,30.331893
1998-12-16,sz000001,464.0790,468.6340,457.7020,458.6130,1339539,30.331548
1998-12-17,sz000001,458.0060,458.0060,450.4140,451.6290,2510043,30.331028
1998-12-18,sz000001,450.4140,458.0060,448.2890,452.8430,1591970,30.331078
1998-12-21,sz000001,454.3620,463.4720,451.9320,455.2730,2145388,30.331312
1998-12-22,sz000001,454.9690,465.2930,454.9690,461.6500,2378135,30.331800
1998-12-23,sz000001,462.5610,468.3300,454.9690,456.4870,2936584,30.331362
1998-12-24,sz000001,454.9690,457.3980,452.8430,454.9690,1951008,30.331267
1998-12-25,sz000001,454.9690,465.5970,454.9690,456.4870,2235744,30.331362
1998-12-28,sz000001,456.4870,462.8640,451.9320,453.4510,1346201,30.331171
1998-12-29,sz000001,453.4510,455.8800,448.2890,449.2000,1682829,30.330858
1998-12-30,sz000001,448.2890,454.6650,446.4670,452.5400,1371135,30.331099
1998-12-31,sz000001,453.4510,455.5760,450.1110,450.4140,1328178,30.330909
1999-01-04,sz000001,451.3250,451.9320,440.6970,441.3040,1070502,30.330172
1999-01-05,sz000001,439.7860,442.8230,433.7130,439.4820,1740880,30.330021
1999-01-06,sz000001,439.7860,448.2890,438.8750,442.2150,1203671,30.330247
1999-01-07,sz000001,441.3040,462.5610,440.3930,451.9320,1702859,30.331007
1999-01-08,sz000001,452.2360,460.7390,452.2360,456.1840,2051887,30.331383
1999-01-11,sz000001,460.1310,460.7390,451.3250,454.9690,1224307,30.331267
1999-01-12,sz000001,454.3620,454.3620,445.2520,446.7700,2042255,30.330618
1999-01-13,sz000001,445.2520,450.4140,443.1260,444.3410,1531272,30.330444
1999-01-14,sz000001,443.7340,448.8960,442.5190,445.8590,1863133,30.330544
1999-01-15,sz000001,447.6810,448.8960,442.8230,443.4300,1178915,30.330369
1999-01-18,sz000001,443.7340,454.0580,439.7860,451.3250,1476442,30.330981
1999-01-19,sz000001,454.3620,454.9690,447.3780,450.7180,1171377,30.330956
1999-01-20,sz000001,450.4140,453.4510,445.8590,446.4670,897500,30.330639
1999-01-21,sz000001,442.5190,445.8590,442.5190,444.6450,1171136,30.330491
1999-01-22,sz000001,445.2520,451.3250,441.6080,446.1630,2322486,30.330591
1999-01-25,sz000001,447.3780,449.8070,439.1790,440.3930,1645431,30.330096
1999-01-26,sz000001,439.7860,442.8230,436.7500,437.6600,1461784,30.329868
1999-01-27,sz000001,438.5710,441.3040,436.4460,439.4820,1554675,30.330021
1999-01-28,sz000001,439.7860,440.6970,435.8390,436.4460,1502976,30.329812
1999-01-29,sz000001,436.4460,444.3410,433.7130,438.8750,1677628,30.329993
1999-02-01,sz000001,438.8750,441.3040,432.4980,433.1060,1756470,30.329552
1999-02-02,sz000001,432.1950,434.3200,428.5510,433.4090,2056465,30.329531
1999-02-03,sz000001,433.7130,434.3200,429.1580,429.4620,1245466,30.329237
1999-02-04,sz000001,427.6400,427.6400,419.1370,419.7450,2389792,30.328396
1999-02-05,sz000001,417.3150,418.2260,409.4200,410.9390,2453161,30.327601
1999-02-08,sz000001,406.3840,414.2790,401.5250,406.3840,1974322,30.327164
1999-02-09,sz000001,406.3840,414.8860,404.8650,412.1530,2601467,30.327667
1999-03-01,sz000001,412.4570,423.3890,409.4200,420.3520,1008169,30.328427
1999-03-02,sz000001,421.5670,423.0850,409.4200,416.1010,1324679,30.328061
1999-03-03,sz000001,413.9750,421.2630,409.7240,419.7450,1409918,30.328396
1999-03-04,sz000001,420.3520,420.9590,412.4570,414.8860,1281321,30.327924
1999-03-05,sz000001,413.9750,423.0850,412.7600,418.8340,1435155,30.328313
1999-03-08,sz000001,418.5300,418.8340,412.4570,414.5820,1775616,30.327871
1999-03-09,sz000001,414.2790,430.6760,414.2790,423.6920,3431033,30.328704
1999-03-10,sz000001,423.9960,424.6030,415.7970,417.0120,1162240,30.328145
1999-03-11,sz000001,412.4570,426.4250,412.4570,421.8700,1910451,30.328541
1999-03-12,sz000001,421.8700,428.8540,420.9590,424.3000,1939187,30.328806
1999-03-15,sz000001,425.2100,427.6400,421.2630,422.4780,1767036,30.328643
1999-03-16,sz000001,421.5670,422.4780,417.6190,419.4410,1645189,30.328344
1999-03-17,sz000001,419.1370,427.9430,418.5300,421.5670,2168773,30.328561
1999-03-18,sz000001,420.9590,422.4780,417.0120,417.3150,1419441,30.328125
1999-03-19,sz000001,418.5300,421.5670,411.8490,420.3520,1770400,30.328427
1999-03-22,sz000001,420.3520,420.9590,414.2790,416.4040,2260214,30.328041
1999-03-23,sz000001,416.4040,418.2260,412.1530,414.8860,2470835,30.327924
1999-03-24,sz000001,415.4930,438.8750,414.8860,425.8180,6813737,30.328917
1999-03-25,sz000001,425.8180,426.1210,417.6190,418.8340,1816598,30.328313
1999-03-26,sz000001,418.2260,421.5670,415.4930,417.9230,1533559,30.328229
1999-03-29,sz000001,417.9230,421.2630,413.9750,420.9590,1575095,30.328458
1999-03-30,sz000001,421.5670,424.6030,416.1010,417.0120,931594,30.328145
1999-03-31,sz000001,417.0120,420.0480,413.9750,415.1900,1303711,30.327977
1999-04-01,sz000001,412.7600,415.1900,410.6350,413.3680,2084011,30.327806
1999-04-02,sz000001,413.3680,424.3000,412.7600,417.3150,1360911,30.328125
1999-04-05,sz000001,417.3150,427.6400,417.0120,424.3000,2581429,30.328806
1999-04-06,sz000001,424.6030,424.6030,417.0120,418.2260,1672930,30.328209
1999-04-07,sz000001,418.5300,427.0320,418.5300,421.5670,2116930,30.328561
1999-04-08,sz000001,423.3890,445.8590,421.8700,442.8230,12052378,30.330342
1999-04-09,sz000001,442.8230,448.8960,431.2840,433.1060,9100626,30.329552
1999-04-12,sz000001,433.1060,438.2680,424.9070,425.5140,3540421,30.328867
1999-04-13,sz000001,426.1210,441.3040,423.6920,430.9800,3907925,30.329346
1999-04-14,sz000001,430.0690,435.2310,424.9070,426.4250,1994340,30.328947
1999-04-15,sz000001,426.4250,427.6400,420.0480,421.5670,2256888,30.328561
1999-04-16,sz000001,421.5670,427.3360,417.6190,421.2630,2123595,30.328510
1999-04-19,sz000001,421.8700,422.4780,416.7080,417.0120,1609669,30.328145
1999-04-20,sz000001,417.0120,425.8180,415.4930,419.7450,1165316,30.328396
1999-04-21,sz000001,419.1370,423.9960,412.4570,413.6710,1606450,30.327786
1999-04-22,sz000001,412.4570,417.0120,403.6510,408.5090,2334575,30.327320
1999-04-23,sz000001,412.4570,436.1420,409.7240,417.3150,2210022,30.328125
1999-04-26,sz000001,418.5300,420.0480,404.8650,405.4730,2284504,30.327076
1999-04-27,sz000001,404.8650,404.8650,397.2740,398.1850,2612741,30.326352
1999-04-28,sz000001,400.3100,409.1170,398.4880,400.6140,1491169,30.326571
1999-04-29,sz000001,400.6140,404.8650,399.7030,403.3470,1245460,30.326842
1999-04-30,sz000001,403.6510,411.2420,403.3470,406.3840,1282105,30.327164
1999-05-04,sz000001,406.3840,409.7240,401.8290,402.7400,1158147,30.326807
1999-05-05,sz000001,402.7400,404.8650,397.8810,399.3990,1477540,30.326424
1999-05-06,sz000001,399.3990,407.9020,399.0960,406.3840,1710569,30.327164
1999-05-07,sz000001,406.9910,407.2950,396.6670,397.2740,1447900,30.326260
1999-05-10,sz000001,397.2740,397.2740,382.0910,387.5570,3456399,30.325274
1999-05-11,sz000001,388.1640,395.7560,386.6460,390.2900,1411388,30.325563
1999-05-12,sz000001,389.6820,395.1480,385.1270,392.4150,1812944,30.325734
1999-05-13,sz000001,393.0230,393.6300,383.9130,385.1270,1071920,30.324961
1999-05-14,sz000001,385.1270,385.4310,374.4990,376.6250,2164505,30.324074
1999-05-17,sz000001,375.4100,386.0380,366.9080,372.3740,2479555,30.323616
1999-05-18,sz000001,372.3740,377.8400,369.9450,370.5520,1130312,30.323404
1999-05-19,sz000001,369.9450,396.6670,368.7300,394.2370,3717348,30.325923
1999-05-20,sz000001,394.2370,415.4930,391.2010,411.2420,6814261,30.327581
1999-05-21,sz000001,410.9390,427.6400,408.2060,412.4570,8165227,30.327721
1999-05-24,sz000001,414.8860,432.4980,403.9540,429.7650,11760208,30.329217
1999-05-25,sz000001,430.6760,435.8390,413.0640,422.4780,8530831,30.328643
1999-05-26,sz000001,420.3520,464.6860,415.4930,464.6860,40712346,30.331984
1999-05-27,sz000001,511.1460,511.1460,509.6280,511.1460,7786124,30.335074
1999-05-31,sz000001,562.4640,562.4640,540.2970,562.4640,103232998,30.337864
1999-06-01,sz000001,562.4640,617.4270,546.3700,609.8350,85969433,30.340050
1999-06-02,sz000001,615.6050,670.8710,606.7990,614.3900,95654539,30.340247
1999-06-03,sz000001,606.4950,623.5000,597.6890,603.1550,50971780,30.339789
1999-06-04,sz000001,609.8350,632.6100,603.7620,615.6050,41333405,30.340315
1999-06-07,sz000001,618.9450,645.6670,611.3530,639.8970,35021493,30.341252
1999-06-08,sz000001,646.2740,651.7400,621.3740,626.5360,33052617,30.340726
1999-06-09,sz000001,625.0180,634.1280,609.5310,627.1440,17893490,30.340784
1999-06-10,sz000001,683.9280,684.8390,621.9810,627.4470,46833771,30.340764
1999-06-11,sz000001,622.5890,631.6990,618.9450,624.7140,15833214,30.340651
1999-06-14,sz000001,625.0180,633.8240,615.3010,626.5360,18486792,30.340726
1999-06-15,sz000001,643.2380,667.5300,614.6940,625.6250,43578149,30.340689
1999-06-16,sz000001,632.9130,652.0440,626.5360,646.8820,19601052,30.341557
1999-06-17,sz000001,657.2060,691.8230,639.5940,682.1060,55537940,30.342794
1999-06-18,sz000001,691.2160,698.5040,667.2270,671.7820,39057623,30.342457
1999-06-21,sz000001,673.6040,682.7130,667.5300,676.6400,21099801,30.342601
1999-06-22,sz000001,678.7660,682.1060,652.3470,663.5830,23204833,30.342158
1999-06-23,sz000001,667.5300,722.1890,661.7610,705.4880,46253138,30.343570
1999-06-24,sz000001,713.0790,776.2400,708.5240,776.2400,64218902,30.345582
1999-06-25,sz000001,819.3600,853.9770,757.1100,784.7430,106499683,30.345824
1999-06-28,sz000001,803.5700,855.7990,798.1040,855.1920,71200496,30.347480
1999-06-29,sz000001,879.4840,892.2380,840.6160,864.6050,69318550,30.347666
1999-06-30,sz000001,864.9090,867.9450,821.1820,835.7570,52792229,30.347023
1999-07-01,sz000001,828.1660,828.4700,752.2510,817.5380,91177532,30.346622
1999-07-02,sz000001,834.5430,849.7260,806.9100,812.3760,37324909,30.346507
1999-07-05,sz000001,813.8940,818.7520,758.6280,762.8790,25579338,30.345227
1999-07-06,sz000001,754.3770,755.5910,696.9850,699.1110,33602073,30.343359
1999-07-07,sz000001,697.8960,734.3350,693.3410,734.0320,24479721,30.344440
1999-07-08,sz000001,707.0060,740.1050,705.4880,722.7960,15640492,30.344081
1999-07-09,sz000001,722.1890,727.9580,703.9690,720.0630,13948660,30.343995
1999-07-12,sz000001,719.1520,719.1520,662.9750,671.7820,26995255,30.342457
1999-07-13,sz000001,661.4570,661.4570,621.9810,624.7140,30512954,30.340651
1999-07-14,sz000001,624.4110,650.2220,624.4110,649.6140,18254745,30.341616
1999-07-15,sz000001,649.3110,655.3840,633.8240,637.1640,11541959,30.341143
1999-07-16,sz000001,637.1640,637.1640,621.9810,625.0180,11468729,30.340680
1999-07-19,sz000001,601.0290,617.4270,576.4330,583.1130,23315850,30.338866
1999-07-20,sz000001,576.4330,641.4160,572.7890,641.4160,23058767,30.341343
1999-07-21,sz000001,671.7820,705.4880,670.5670,697.5930,53764469,30.343323
1999-07-22,sz000001,687.8750,693.6450,659.9390,661.1530,24845949,30.342038
1999-07-23,sz000001,652.3470,688.7860,651.7400,671.4780,12876782,30.342431
1999-07-26,sz000001,672.3890,681.8020,664.4940,667.5300,7675770,30.342273
1999-07-27,sz000001,664.4940,676.0330,655.0800,665.1010,6745343,30.342199
1999-07-28,sz000001,665.1010,682.7130,661.4570,667.8340,6565875,30.342299
1999-07-29,sz000001,678.1580,685.4460,664.7970,669.3520,4972127,30.342339
1999-07-30,sz000001,673.6040,679.3730,664.4940,670.5670,6169534,30.342398
1999-08-02,sz000001,673.6040,709.7390,667.5300,695.1630,15307180,30.343213
1999-08-03,sz000001,697.8960,700.9330,685.7500,689.6970,6187236,30.343027
1999-08-04,sz000001,685.7500,703.9690,684.2320,696.3780,7347240,30.343268
1999-08-05,sz000001,697.8960,702.7550,686.3570,688.4830,6325222,30.343015
1999-08-06,sz000001,685.7500,692.1270,660.2430,681.8020,14569669,30.342768
1999-08-09,sz000001,664.4940,676.6400,662.9750,663.8860,6137020,30.342139
1999-08-10,sz000001,658.4210,660.8500,648.7030,650.8290,7709720,30.341678
1999-08-11,sz000001,640.2010,661.4570,639.5940,642.9340,4649007,30.341387
1999-08-12,sz000001,642.6300,660.2430,641.7190,648.4000,4395682,30.341600
1999-08-13,sz000001,649.3110,661.4570,646.2740,648.0960,3306911,30.341573
1999-08-17,sz000001,666.9230,713.0790,663.2790,665.4050,5850730,30.342225
1999-08-18,sz000001,667.5300,674.2110,656.2950,667.5300,2848087,30.342273
1999-08-19,sz000001,676.6400,734.3350,670.5670,726.4400,59938509,30.344194
1999-08-20,sz000001,727.0470,737.3720,716.1160,719.1520,24720601,30.343966
1999-08-23,sz000001,715.8120,746.4820,713.9900,728.2620,14788803,30.344250
1999-08-24,sz000001,734.3350,746.4820,725.2260,730.0840,9969436,30.344306
1999-08-25,sz000001,730.6910,736.1570,709.4350,716.4190,11487023,30.343880
1999-08-26,sz000001,713.0790,728.2620,709.4350,722.7960,6713702,30.344081
1999-08-27,sz000001,723.7070,743.4450,719.1520,730.3880,11764682,30.344329
1999-08-30,sz000001,734.3350,765.3090,734.0320,751.9480,32974232,30.344956
1999-08-31,sz000001,758.6280,760.1460,737.0680,748.0000,10371287,30.344828
1999-09-01,sz000001,748.0000,748.9110,718.5450,724.3150,12418763,30.344156
1999-09-02,sz000001,720.0630,735.8540,707.0060,731.6020,10270599,30.344338
1999-09-03,sz000001,734.3350,740.1050,714.5970,716.1160,6922791,30.343898
1999-09-06,sz000001,707.0060,722.1890,707.0060,712.7760,5505800,30.343806
1999-09-07,sz000001,713.0790,731.2990,712.7760,717.6340,4503396,30.343932
1999-09-08,sz000001,719.1520,732.8170,717.6340,722.1890,4257130,30.344076
1999-09-09,sz000001,731.9060,775.3290,731.9060,764.7010,25771545,30.345278
1999-09-10,sz000001,773.5070,775.0260,743.7490,750.1260,18267084,30.344903
1999-09-13,sz000001,758.6280,760.1460,746.4820,750.1260,7563375,30.344903
1999-09-14,sz000001,752.5550,758.3240,743.4450,744.0520,5158426,30.344698
1999-09-15,sz000001,746.4820,751.3400,735.8540,742.5340,6639568,30.344667
1999-09-16,sz000001,740.4080,746.1780,737.9790,738.5870,4199936,30.344577
1999-09-17,sz000001,739.1940,748.3040,728.5660,736.4610,6001033,30.344499
1999-09-20,sz000001,736.7650,739.8010,727.6550,728.8690,5619798,30.344255
1999-09-21,sz000001,725.2260,727.9580,713.3830,722.4930,8932843,30.344099
1999-09-22,sz000001,722.1890,731.2990,719.1520,721.8850,5026689,30.344052
1999-09-23,sz000001,724.6180,737.3720,720.6710,727.0470,7537238,30.344199
1999-09-24,sz000001,731.2990,745.8740,724.6180,728.5660,5189467,30.344273
1999-09-27,sz000001,739.8010,741.9270,716.1160,722.4930,4914414,30.344099
1999-09-28,sz000001,722.7960,726.1370,711.5610,717.0270,5375432,30.343927
1999-09-29,sz000001,719.1520,734.3350,716.1160,718.8490,5125590,30.343985
1999-09-30,sz000001,719.1520,727.9580,703.3620,706.7020,6357523,30.343581
1999-10-08,sz000001,698.2000,705.4880,683.0170,686.6610,5341908,30.342952
1999-10-11,sz000001,687.2680,697.8960,671.4780,673.9070,2945424,30.342503
1999-10-12,sz000001,673.9070,685.4460,671.4780,681.8020,2914394,30.342768
1999-10-13,sz000001,685.1430,688.7860,662.3680,665.1010,3987922,30.342199
1999-10-14,sz000001,660.8500,678.4620,653.8660,661.1530,3996210,30.342038
1999-10-15,sz000001,662.9750,688.4830,662.9750,687.8750,5310252,30.342964
1999-10-18,sz000001,700.9330,700.9330,670.5670,675.1220,4864355,31.183464
1999-10-19,sz000001,663.8860,667.5300,652.3470,656.5990,6031964,31.207177
1999-10-20,sz000001,658.4210,676.0330,656.5990,673.3000,3531605,31.185734
1999-10-21,sz000001,673.3000,673.6040,658.1170,659.3320,3109797,31.203597
1999-10-22,sz000001,655.3840,710.0430,655.3840,683.6240,7178858,31.173005
1999-10-25,sz000001,686.0540,688.7860,668.1380,670.2630,2653393,31.189530
1999-10-26,sz000001,670.8710,688.1790,670.8710,681.8020,2632348,31.175217
1999-10-27,sz000001,694.8600,703.3620,685.7500,691.8230,6549021,31.163198
1999-10-28,sz000001,692.7340,696.3780,678.1580,679.3730,3612973,31.178201
1999-10-29,sz000001,679.6770,685.7500,668.7450,672.9960,3078899,31.186098
1999-11-01,sz000001,673.6040,678.7660,664.7970,667.2270,2890815,31.193408
1999-11-02,sz000001,673.3000,703.9690,673.3000,685.4460,9948002,31.170805
1999-11-03,sz000001,685.7500,691.2160,673.9070,685.4460,3456402,31.170805
1999-11-04,sz000001,679.6770,688.7860,675.7290,678.4620,2332548,31.179320
1999-11-05,sz000001,678.4620,693.6450,674.5140,678.4620,3944992,31.179320
1999-11-08,sz000001,684.8390,703.9690,682.1060,701.2360,13713725,31.152199
1999-11-09,sz000001,703.6660,706.3990,689.0900,693.3410,5364571,31.161393
1999-11-10,sz000001,691.8230,693.3410,653.8660,676.3360,5756783,31.181927
1999-11-11,sz000001,676.0330,685.4460,670.5670,681.4990,5144559,31.175618
1999-11-12,sz000001,676.6400,694.8600,673.6040,685.7500,2671994,31.170455
1999-11-15,sz000001,685.4460,685.4460,668.1380,673.3000,2763071,31.185734
1999-11-16,sz000001,678.1580,686.9650,655.6880,660.5460,4988493,31.201984
1999-11-17,sz000001,659.9390,668.7450,655.3840,667.5300,3239049,31.192991
1999-11-18,sz000001,670.5670,679.6770,657.8130,667.5300,3509295,31.192991
1999-11-19,sz000001,684.5350,684.8390,664.4940,665.1010,3067950,31.196107
1999-11-22,sz000001,665.4050,666.0120,653.8660,661.4570,4118298,31.200802
1999-11-23,sz000001,661.4570,666.3160,655.0800,656.2950,2537502,31.207561
1999-11-24,sz000001,656.2950,658.4210,640.2010,642.0230,4607744,31.226800
1999-11-25,sz000001,639.8970,641.1120,626.5360,637.4680,4544959,31.233121
1999-11-26,sz000001,637.7720,641.7190,630.7880,634.1280,2891796,31.237833
1999-11-29,sz000001,633.8240,633.8240,620.4630,621.9810,5529743,31.255327
1999-11-30,sz000001,619.2490,625.0180,612.2640,615.6050,3890708,31.264855
1999-12-01,sz000001,612.8720,625.9290,606.7990,619.8560,3689592,31.258497
1999-12-02,sz000001,620.1600,623.5000,614.3900,614.6940,1566978,31.266226
1999-12-03,sz000001,614.6940,618.9450,606.4950,609.2280,2772823,31.274538
1999-12-06,sz000001,609.5310,609.5310,594.0450,596.7780,5854396,31.294074
1999-12-07,sz000001,595.2590,606.7990,588.5790,594.6520,5501617,31.297474
1999-12-08,sz000001,594.6520,600.4220,590.4010,594.6520,2495573,31.297474
1999-12-09,sz000001,594.6520,594.6520,585.5420,586.7570,3203918,31.310406
1999-12-10,sz000001,586.7570,600.7250,577.9510,599.5110,4895332,31.289718
1999-12-13,sz000001,599.5110,605.2800,590.0970,594.6520,3654686,31.297474
1999-12-14,sz000001,594.6520,597.0810,591.6160,595.8670,1943145,31.295536
1999-12-15,sz000001,594.6520,620.4630,594.6520,613.7830,6170038,31.267601
1999-12-16,sz000001,613.7830,614.6940,600.7250,601.0290,4256286,31.287298
1999-12-17,sz000001,601.3330,603.7620,591.0080,592.2230,3428959,31.301427
1999-12-21,sz000001,588.5790,588.5790,570.3590,571.5740,5170146,31.336294
1999-12-22,sz000001,571.5740,576.4330,563.6790,566.1080,4021896,31.345958
1999-12-23,sz000001,567.3230,570.3590,558.2130,560.3390,3409774,31.356407
1999-12-24,sz000001,560.0350,565.5010,549.1030,552.7470,2893657,31.370431
1999-12-27,sz000001,551.8360,553.6580,533.9200,535.7420,6365489,31.403400
1999-12-28,sz000001,535.4390,554.5690,533.6170,538.4750,10208925,31.397959
1999-12-29,sz000001,538.4750,548.8000,535.7420,544.2450,4856721,31.386678
1999-12-30,sz000001,548.1920,551.8360,543.0300,547.5850,4712317,31.380229
2000-01-04,sz000001,549.1030,580.9880,539.9940,573.0920,8216086,31.333625
2000-01-05,sz000001,574.9140,590.0970,564.2860,566.1080,9399315,31.345958
2000-01-06,sz000001,564.8940,596.1700,556.6950,587.9720,12022209,31.308413
2000-01-07,sz000001,594.6520,618.0340,591.6160,611.0500,22934633,31.271750
2000-01-10,sz000001,618.6410,639.5940,618.0340,629.2690,18521078,31.244737
2000-01-11,sz000001,629.5730,631.0910,588.5790,594.6520,12666326,31.297474
2000-01-12,sz000001,594.6520,600.7250,568.2340,571.5740,9175299,31.336294
2000-01-13,sz000001,570.3590,576.4330,561.2500,568.5380,5005862,31.341676
2000-01-14,sz000001,568.5380,576.1290,556.6950,560.6420,5597279,31.355817
2000-01-17,sz000001,561.2500,567.3230,549.1030,566.7160,3450108,31.344912
2000-01-18,sz000001,564.2860,566.7160,551.5330,554.8730,4656368,31.366478
2000-01-19,sz000001,549.1030,559.7310,549.1030,557.9090,3781134,31.360821
2000-01-20,sz000001,558.2130,561.2500,550.6220,558.5170,5843772,31.359742
2000-01-21,sz000001,558.2130,572.1810,553.9620,563.0720,8626246,31.351448
2000-01-24,sz000001,561.5530,562.7680,539.9940,549.1030,11251690,31.377314
2000-01-25,sz000001,549.1030,573.0920,549.1030,555.7840,8371897,31.364786
2000-01-26,sz000001,555.7840,560.6420,549.1030,553.3550,4772385,31.369331
2000-01-27,sz000001,553.6580,569.4480,550.6220,560.9460,7356943,31.355282
2000-01-28,sz000001,564.2860,581.8990,553.9620,580.3800,16736658,31.321101
2000-02-14,sz000001,600.7250,636.5570,585.5420,636.2530,23370965,31.234806
2000-02-15,sz000001,640.2010,655.6880,597.6890,608.0130,35073206,31.276389
2000-02-16,sz000001,603.7620,603.7620,581.2910,589.4900,21539263,31.305895
2000-02-17,sz000001,589.4900,615.6050,571.2700,588.5790,35884195,31.307394
2000-02-18,sz000001,588.2750,588.2750,568.8410,576.7360,13929384,31.327322
2000-02-21,sz000001,576.7360,609.8350,564.2860,591.9190,23791673,31.301904
2000-02-22,sz000001,594.6520,602.2440,570.3590,571.8780,12488837,31.335781
2000-02-23,sz000001,570.3590,581.8990,564.2860,567.3230,8817604,31.343812
2000-02-24,sz000001,565.8050,573.3960,564.2860,569.7520,6333871,31.339494
2000-02-25,sz000001,569.7520,570.3590,564.2860,567.0190,9762483,31.344334
2000-02-28,sz000001,567.3230,587.9720,558.2130,581.2910,15435861,31.319558
2000-02-29,sz000001,582.5060,594.3490,565.8050,574.0030,14389538,31.332041
2000-03-01,sz000001,576.4330,609.8350,568.8410,588.8830,30241414,31.306911
2000-03-02,sz000001,585.5420,587.3640,570.3590,575.2180,11886044,31.329956
2000-03-03,sz000001,576.7360,591.6160,575.5220,581.8990,12072701,31.318568
2000-03-06,sz000001,588.5790,606.7990,570.3590,571.5740,18009755,31.336294
2000-03-07,sz000001,564.2860,603.7620,564.2860,595.5630,27755497,31.296006
2000-03-08,sz000001,596.7780,600.4220,579.7730,586.1500,10835493,31.311432
2000-03-09,sz000001,587.6680,642.9340,578.2550,627.1440,78059007,31.247833
2000-03-10,sz000001,624.4110,624.4110,594.3490,595.8670,28743244,31.295536
2000-03-13,sz000001,594.6520,612.8720,591.6160,598.6000,11233453,31.291166
2000-03-14,sz000001,591.3120,594.0450,573.3960,582.2020,17219955,31.318020
2000-03-15,sz000001,579.4690,591.6160,573.3960,577.6470,7301088,31.325759
2000-03-16,sz000001,575.2180,575.2180,559.1240,561.8570,16805787,31.353627
2000-03-17,sz000001,558.2130,574.0030,557.6060,569.4480,8867026,31.340011
2000-03-20,sz000001,561.2500,575.5220,554.5690,570.9670,7564406,31.337377
2000-03-21,sz000001,570.9670,576.1290,564.2860,572.1810,6967331,31.335214
2000-03-22,sz000001,572.1810,584.0240,568.8410,578.8620,7382935,31.323701
2000-03-23,sz000001,579.4690,586.1500,572.1810,582.8090,8230055,31.316980
2000-03-24,sz000001,597.9920,609.2280,578.2550,579.4690,11762658,31.322649
2000-03-27,sz000001,579.4690,589.7940,576.4330,588.2750,9871796,31.307877
2000-03-28,sz000001,591.3120,594.6520,582.5060,585.2390,9315446,31.312948
2000-03-29,sz000001,588.5790,591.0080,574.3070,579.1660,7641439,31.323202
2000-03-30,sz000001,577.9510,585.5420,575.8250,581.5950,7310755,31.319063
2000-03-31,sz000001,581.5950,582.5060,573.7000,575.5220,7178744,31.329450
2000-04-03,sz000001,575.8250,579.4690,570.3590,572.7890,6135542,31.334190
2000-04-04,sz000001,572.7890,574.6110,565.8050,567.6270,6356323,31.343291
2000-04-05,sz000001,567.3230,584.6310,565.8050,574.9140,5897866,31.330463
2000-04-06,sz000001,576.4330,579.4690,571.8780,578.8620,5244487,31.323701
2000-04-07,sz000001,581.8990,600.7250,576.7360,591.6160,22106687,31.302434
2000-04-10,sz000001,594.9560,603.7620,585.5420,589.1860,10505889,31.306376
2000-04-11,sz000001,590.0970,603.7620,585.5420,591.6160,10033274,31.302434
2000-04-12,sz000001,594.6520,609.8350,591.6160,597.6890,15764962,31.292618
2000-04-13,sz000001,599.2070,602.2440,591.6160,598.6000,9569923,31.291166
2000-04-14,sz000001,599.2070,625.0180,599.2070,609.5310,31763051,31.274038
2000-04-17,sz000001,610.4420,625.6250,593.1340,601.0290,21281154,31.287298
2000-04-18,sz000001,601.9400,608.3170,593.7410,597.3850,7595941,31.293085
2000-04-19,sz000001,610.1390,615.3010,597.6890,599.2070,6877927,31.290183
2000-04-20,sz000001,600.1180,604.6730,591.6160,595.2590,9286045,31.296477
2000-04-21,sz000001,595.2590,597.6890,587.9720,588.8830,7994708,31.306911
2000-04-24,sz000001,588.8830,592.8300,579.4690,581.5950,6172167,31.319063
2000-04-25,sz000001,581.8990,592.2230,581.5950,585.2390,4029666,31.312948
2000-04-26,sz000001,588.5790,618.9450,584.0240,598.6000,10223258,31.291166
2000-04-27,sz000001,603.7620,606.7990,585.8460,587.3640,4816268,31.309382
2000-04-28,sz000001,586.7570,600.7250,584.0240,596.1700,6912478,31.295013
2000-05-08,sz000001,598.2960,600.1180,586.7570,588.5790,4399866,31.307394
2000-05-09,sz000001,588.5790,591.6160,570.3590,575.5220,5813093,31.329450
2000-05-10,sz000001,574.3070,576.4330,565.1970,568.5380,5181628,31.341676
2000-05-11,sz000001,567.6270,576.1290,562.7680,563.9830,5210184,31.349805
2000-05-12,sz000001,564.2860,569.4480,558.8200,564.8940,4638665,31.348169
2000-05-15,sz000001,564.5900,565.8050,548.4960,549.1030,4279943,31.377314
2000-05-16,sz000001,549.1030,559.4280,549.1030,556.3910,2877289,31.363641
2000-05-17,sz000001,556.0870,562.4640,549.1030,553.6580,3121976,31.368725
2000-05-18,sz000001,553.6580,559.7310,549.1030,559.1240,3197289,31.358609
2000-05-19,sz000001,560.6420,570.3590,558.2130,561.5530,4138473,31.354160
2000-05-22,sz000001,562.7680,573.0920,561.5530,566.7160,5673023,31.344912
2000-05-23,sz000001,566.7160,570.3590,554.5690,569.1450,5432165,31.340584
2000-05-24,sz000001,569.1450,571.8780,563.0720,566.4120,5690657,31.345434
2000-05-25,sz000001,567.3230,594.3490,567.3230,583.7200,12227818,31.315451
2000-05-26,sz000001,588.5790,591.3120,573.3960,574.0030,5853208,31.332041
2000-05-29,sz000001,574.0030,579.4690,564.2860,572.4850,9564832,31.334702
2000-05-30,sz000001,575.5220,578.5580,564.2860,565.8050,5287258,31.346537
2000-05-31,sz000001,565.5010,571.8780,561.2500,564.2860,5416969,31.349222
2000-06-01,sz000001,564.5900,573.3960,562.7680,566.1080,4400164,31.345958
2000-06-02,sz000001,566.1080,579.4690,564.2860,570.3590,7168066,31.338407
2000-06-05,sz000001,570.3590,577.9510,565.8050,567.3230,7560226,31.343812
2000-06-06,sz000001,568.8410,574.0030,564.2860,572.1810,5862534,31.335214
2000-06-07,sz000001,573.3960,584.0240,572.1810,579.4690,9672239,31.322649
2000-06-08,sz000001,582.5060,601.6360,582.5060,585.5420,24044277,31.312406
2000-06-09,sz000001,591.3120,593.4380,572.7890,574.9140,7045290,31.330463
2000-06-12,sz000001,573.3960,582.5060,569.7520,578.8620,4421228,31.323701
2000-06-13,sz000001,579.7730,585.5420,576.4330,582.2020,4509184,31.318020
2000-06-14,sz000001,585.5420,594.6520,582.2020,584.9350,8789832,31.313437
2000-06-15,sz000001,585.2390,597.3850,579.4690,588.2750,7636572,31.307877
2000-06-16,sz000001,588.2750,593.7410,575.8250,579.1660,4688699,31.323202
2000-06-19,sz000001,579.4690,580.6840,570.3590,572.7890,5046730,31.334190
2000-06-20,sz000001,572.7890,576.4330,566.4120,570.0560,4820390,31.338977
2000-06-21,sz000001,571.2700,574.9140,566.7160,571.2700,3167858,31.336807
2000-06-23,sz000001,579.4690,579.4690,567.3230,570.9670,4244552,31.337377
2000-06-26,sz000001,570.9670,574.0030,567.3230,570.3590,6462447,31.338407
2000-06-27,sz000001,570.3590,573.3960,565.8050,568.2340,7400507,31.342195
2000-06-28,sz000001,568.2340,573.3960,567.3230,568.8410,4839462,31.341102
2000-06-29,sz000001,568.8410,570.3590,564.2860,566.4120,6150337,31.345434
2000-06-30,sz000001,566.7160,572.1810,561.2500,568.2340,7280086,31.342195
2000-07-03,sz000001,564.2860,565.1970,555.1770,556.3910,5522993,31.363641
2000-07-04,sz000001,554.5690,563.9830,551.8360,559.4280,5034321,31.358072
2000-07-05,sz000001,559.7310,560.0350,552.1400,554.2660,3682823,31.367629
2000-07-06,sz000001,554.2660,559.7310,553.9620,555.7840,2437063,31.364786
2000-07-07,sz000001,556.6950,565.8050,555.1770,562.4640,2388756,31.352508
2000-07-10,sz000001,564.2860,567.3230,555.1770,555.4800,4305108,31.365330
2000-07-11,sz000001,556.3910,569.1450,556.0870,565.1970,4433153,31.347587
2000-07-12,sz000001,565.1970,580.9880,563.6790,570.6630,7092672,31.337891
2000-07-13,sz000001,570.6630,576.4330,562.7680,564.2860,5116060,31.349222
2000-07-14,sz000001,564.2860,566.7160,559.7310,563.0720,3826206,31.351448
2000-07-17,sz000001,563.6790,564.2860,556.6950,558.8200,3888766,31.359147
2000-07-18,sz000001,559.7310,564.2860,557.6060,559.4280,1567222,31.358072
2000-07-19,sz000001,562.7680,573.0920,559.4280,565.5010,3657331,31.347062
2000-07-20,sz000001,566.7160,568.8410,558.2130,561.2500,2677515,31.354749
2000-07-21,sz000001,561.2500,565.8050,557.6060,559.4280,3522825,31.358072
2000-07-24,sz000001,559.1240,559.1240,554.8730,555.7840,3640157,31.364786
2000-07-25,sz000001,556.6950,560.6420,554.8730,557.6060,4026871,31.361417
2000-07-26,sz000001,551.5330,563.3750,551.5330,555.1770,3104224,31.365932
2000-07-27,sz000001,560.6420,608.9240,559.7310,594.0450,64471016,31.298472
2000-07-28,sz000001,588.5790,593.7410,577.9510,578.5580,17627325,31.324201
2000-07-31,sz000001,579.7730,590.7050,577.9510,579.7730,8213542,31.322150
2000-08-01,sz000001,580.9880,590.0970,580.3800,581.5950,4833150,31.319063
2000-08-02,sz000001,583.1130,587.6680,570.3590,572.1810,5439094,31.335214
2000-08-03,sz000001,573.3960,581.2910,567.6270,571.5740,7285976,31.336294
2000-08-04,sz000001,571.8780,577.3440,563.6790,571.8780,9967745,31.335781
2000-08-07,sz000001,573.7000,582.5060,570.3590,573.3960,3137963,31.333115
2000-08-08,sz000001,574.9140,576.4330,567.3230,570.6630,4515230,31.337891
2000-08-09,sz000001,570.3590,581.8990,568.8410,574.9140,4407014,31.330463
2000-08-10,sz000001,574.9140,577.3440,570.3590,570.9670,4499074,31.337377
2000-08-11,sz000001,571.2700,577.9510,570.3590,573.0920,4666814,31.333625
2000-08-14,sz000001,574.9140,590.0970,574.0030,579.7730,6784245,31.322150
2000-08-15,sz000001,579.4690,582.2020,572.7890,573.3960,2855383,31.333115
2000-08-16,sz000001,576.4330,582.2020,571.5740,577.0400,4656017,31.326819
2000-08-17,sz000001,577.0400,593.1340,576.4330,581.8990,8308371,31.318568
2000-08-18,sz000001,582.5060,585.5420,577.9510,578.8620,3453994,31.323701
2000-08-21,sz000001,579.4690,585.5420,575.8250,576.4330,5139564,31.327880
2000-08-22,sz000001,576.4330,579.4690,567.3230,568.2340,4434084,31.342195
2000-08-23,sz000001,567.3230,573.3960,555.4800,567.0190,8761624,31.344334
2000-08-24,sz000001,566.7160,576.1290,562.7680,567.3230,5012594,31.343812
2000-08-25,sz000001,568.8410,570.3590,564.2860,567.3230,3101724,31.343812
2000-08-28,sz000001,568.8410,573.0920,564.8940,566.7160,3371393,31.344912
2000-08-29,sz000001,566.7160,568.8410,564.2860,565.1970,3767705,31.347587
2000-08-30,sz000001,565.8050,567.3230,559.7310,560.9460,5050472,31.355282
2000-08-31,sz000001,560.9460,563.0720,555.7840,556.6950,4360050,31.363099
2000-09-01,sz000001,555.1770,559.7310,553.0510,556.3910,3858069,31.363641
2000-09-04,sz000001,555.1770,558.2130,548.4960,553.6580,3698133,31.368725
2000-09-05,sz000001,556.0870,556.3910,537.5640,540.2970,3913980,31.394364
2000-09-06,sz000001,538.7790,539.6900,528.4550,529.0620,5202863,31.416983
2000-09-07,sz000001,529.0620,539.9940,528.1510,533.9200,3011248,31.407059
2000-09-08,sz000001,533.9200,536.6530,530.8840,532.4020,2417164,31.410147
2000-09-11,sz000001,533.3130,542.7260,529.3660,532.0980,2198804,31.410744
2000-09-12,sz000001,532.0980,542.7260,532.0980,539.0830,3061370,31.396797
2000-09-13,sz000001,539.0830,558.2130,539.0830,545.7630,7145908,31.383726
2000-09-14,sz000001,546.0670,548.8000,536.9570,537.5640,1796779,31.399766
2000-09-15,sz000001,536.9570,539.9940,533.9200,535.1350,1813549,31.404636
2000-09-18,sz000001,535.4390,536.9570,527.8470,528.4550,2436816,31.418252
2000-09-19,sz000001,527.8470,527.8470,515.0940,515.7010,3094017,31.445183
2000-09-20,sz000001,515.0940,523.9000,506.5910,519.3450,3519358,31.437349
2000-09-21,sz000001,521.1670,527.8470,511.7530,517.5230,3849044,31.441252
2000-09-22,sz000001,517.5230,521.1670,509.9310,511.4500,2514823,31.454490
2000-09-25,sz000001,513.2720,521.7740,513.2720,516.3080,2027051,31.443849
2000-09-26,sz000001,517.2190,527.5440,517.2190,521.7740,1905961,31.432169
2000-09-27,sz000001,523.2920,541.5120,523.2920,536.0460,4738263,31.402812
2000-09-28,sz000001,536.9570,541.8160,529.6690,530.5800,4454131,31.413854
2000-09-29,sz000001,533.3130,536.3500,530.8840,532.7060,1914437,31.409552
2000-10-09,sz000001,533.9200,539.3860,523.5960,526.3290,1529524,31.422627
2000-10-10,sz000001,527.8470,555.1770,524.8110,551.8360,7765074,31.372143
2000-10-11,sz000001,555.1770,560.0350,546.0670,547.8890,12999677,31.379668
2000-10-12,sz000001,547.8890,549.7110,537.2610,539.9940,3243221,31.395000
2000-10-13,sz000001,536.9570,546.0670,536.9570,539.6900,2283241,31.395579
2000-10-16,sz000001,536.9570,538.7790,526.3290,527.2400,2097788,31.420739
2000-10-17,sz000001,527.8470,536.3500,525.1140,531.7950,1164797,31.411400
2000-10-18,sz000001,533.9200,541.5120,530.8840,533.6170,1816063,31.407710
2000-10-19,sz000001,533.9200,535.7420,524.8110,527.5440,1676860,31.420131
2000-10-20,sz000001,527.8470,539.3860,526.9360,535.4390,2271923,31.404047
2000-10-23,sz000001,547.2810,554.8730,542.7260,546.3700,10133526,31.382539
2000-10-24,sz000001,549.1030,552.1400,544.5480,550.3180,3785631,31.375029
2000-10-25,sz000001,550.6220,559.7310,549.1030,556.6950,6476029,31.363099
2000-10-26,sz000001,556.6950,557.9090,544.5480,545.4590,3260165,31.384292
2000-10-27,sz000001,545.4590,552.1400,542.1190,548.1920,3059073,31.379050
2000-10-30,sz000001,549.1030,553.6580,548.4960,550.3180,2763911,31.375029
2000-10-31,sz000001,550.6220,554.5690,549.4070,550.6220,3486218,31.374473
2000-11-01,sz000001,550.6220,558.2130,550.6220,555.1770,5260278,31.365932
2000-11-02,sz000001,558.2130,564.2860,556.6950,560.3390,9507855,31.356407
2000-11-03,sz000001,561.8570,563.6790,553.3550,555.1770,11812419,31.365932
2000-11-06,sz000001,555.3280,555.3280,542.3830,546.9520,5300231,35.241753
2000-11-07,sz000001,546.9520,549.9980,533.6250,535.9100,5564298,35.187787
2000-11-08,sz000001,535.9100,547.3320,535.9100,544.6670,2945988,35.230724
2000-11-09,sz000001,546.1900,547.7130,542.3830,545.8090,2996733,35.236217
2000-11-10,sz000001,546.1900,554.1860,542.3830,547.7130,4394963,35.245367
2000-11-13,sz000001,546.9520,557.6130,546.1900,552.6630,5237542,35.268858
2000-11-14,sz000001,554.9470,559.5160,549.9980,556.0900,3950546,35.284898
2000-11-15,sz000001,556.8510,572.4620,556.4700,564.4660,8468794,35.323279
2000-11-16,sz000001,565.2280,570.9390,561.4200,564.0850,4489933,35.321540
2000-11-17,sz000001,565.2280,566.3700,551.9010,554.1860,4931335,35.276003
2000-11-20,sz000001,554.1860,554.1860,546.5710,551.5210,4228846,35.263491
2000-11-21,sz000001,551.9010,559.1360,546.9520,551.5210,2653476,35.263491
2000-11-22,sz000001,551.5210,559.5160,551.5210,557.2320,2763363,35.290184
2000-11-23,sz000001,557.6130,565.2280,556.0900,560.6590,4000351,35.305982
2000-11-24,sz000001,563.3240,578.9350,553.8050,558.7550,11939083,35.297220
2000-11-27,sz000001,557.6130,557.6130,549.9980,551.1400,2951379,35.261676
2000-11-28,sz000001,551.1400,555.7090,549.9980,552.6630,2190099,35.268858
2000-11-29,sz000001,552.6630,553.0440,545.4290,546.9520,3230314,35.241753
2000-11-30,sz000001,546.5710,551.9010,544.6670,545.8090,2579025,35.236217
2000-12-01,sz000001,546.1900,549.9980,543.9060,545.8090,2419662,35.236217
2000-12-04,sz000001,546.1900,546.9520,542.3830,545.8090,2456076,35.236217
2000-12-05,sz000001,546.1900,551.5210,546.1900,546.5710,1940693,35.239910
2000-12-06,sz000001,546.9520,549.2360,540.4790,541.6210,2450078,35.215930
2000-12-07,sz000001,541.6210,542.3830,536.6710,538.5750,2370945,35.200980
2000-12-08,sz000001,532.8640,538.5750,530.9600,534.0060,5154879,35.178261
2000-12-11,sz000001,534.0060,534.7680,517.6340,519.1570,5291466,35.101893
2000-12-12,sz000001,519.1570,527.1530,513.8260,526.7720,3733069,35.141561
2000-12-13,sz000001,527.1530,531.3410,519.9180,521.0610,1957405,35.111927
2000-12-14,sz000001,526.7720,533.2450,521.0610,525.6300,2480565,35.135695
2000-12-15,sz000001,528.6760,540.8600,525.6300,537.0520,3923221,35.193447
2000-12-18,sz000001,537.0520,540.4790,523.3450,537.4330,4790266,35.195350
2000-12-19,sz000001,538.5750,538.5750,522.5840,525.2490,5509928,35.133712
2000-12-20,sz000001,526.3910,527.1530,519.5380,521.8220,3087900,35.115882
2000-12-21,sz000001,522.2030,526.7720,520.2990,520.2990,2831456,35.107895
2000-12-22,sz000001,520.2990,521.4410,511.9230,513.8260,5895195,35.073447
2000-12-25,sz000001,513.8260,513.8260,502.4040,503.9270,4711762,35.019249
2000-12-26,sz000001,504.3080,512.6840,500.5000,504.3080,4515727,35.021389
2000-12-27,sz000001,504.3080,508.1150,502.7850,503.5460,3603686,35.017107
2000-12-28,sz000001,504.3080,505.0690,501.2620,502.7850,3882719,35.012883
2000-12-29,sz000001,502.7850,512.6840,502.4040,508.8770,2363092,35.046625
2001-01-02,sz000001,509.6380,515.7300,504.3080,510.0190,3412268,35.052852
2001-01-03,sz000001,510.4000,512.3030,503.1650,505.8310,5429420,35.029848
2001-01-04,sz000001,506.2110,508.1150,500.5000,502.4040,4840444,35.010732
2001-01-05,sz000001,501.6420,501.6420,493.6470,496.6930,6641901,34.978380
2001-01-08,sz000001,496.6930,496.6930,488.3160,489.0780,6994494,34.934143
2001-01-09,sz000001,489.0780,511.1610,483.3660,510.0190,5233637,35.052852
2001-01-10,sz000001,510.4000,511.5420,500.8810,505.0690,3450341,35.025589
2001-01-11,sz000001,506.2110,534.7680,505.8310,519.1570,8121118,35.101893
2001-01-12,sz000001,519.1570,525.2490,514.2070,519.5380,3890296,35.103919
2001-01-15,sz000001,519.5380,519.5380,493.2660,496.3120,2998198,34.976180
2001-01-16,sz000001,496.3120,510.0190,493.6470,507.3540,2336703,35.038260
2001-01-17,sz000001,508.1150,527.1530,508.1150,514.9690,4697137,35.079632
2001-01-18,sz000001,515.7300,530.9600,515.7300,523.3450,5365933,35.123826
2001-01-19,sz000001,527.1530,530.1990,524.1070,526.3910,6223674,35.139586
2001-02-05,sz000001,527.1530,530.9600,510.0190,511.5420,2441595,35.061138
2001-02-06,sz000001,511.5420,519.5380,503.5460,514.9690,2210148,35.079632
2001-02-07,sz000001,515.3490,519.5380,508.1150,509.6380,1350808,35.050757
2001-02-08,sz000001,509.6380,511.9230,489.0780,494.0270,2423376,34.962987
2001-02-09,sz000001,494.7890,508.1150,494.7890,503.9270,2028635,35.019249
2001-02-12,sz000001,504.3080,508.1150,493.6470,503.9270,2302874,35.019249
2001-02-13,sz000001,504.6880,506.2110,500.5000,500.5000,1509215,35.000000
2001-02-14,sz000001,498.9770,501.2620,496.6930,497.0730,1359397,34.980507
2001-02-15,sz000001,499.7390,502.4040,494.4080,494.7890,1369219,34.967420
2001-02-16,sz000001,495.1700,496.6930,490.9810,496.3120,1673214,34.976180
2001-02-19,sz000001,495.9310,508.1150,493.6470,507.7340,1531943,35.040304
2001-02-20,sz000001,506.2110,510.4000,496.6930,499.3580,1596191,34.993553
2001-02-21,sz000001,498.5960,498.5960,487.1740,489.0780,3653927,34.934143
2001-02-22,sz000001,485.2700,489.0780,482.9860,483.7470,3442142,34.902381
2001-02-23,sz000001,481.4630,493.6470,481.4630,493.6470,1837423,34.960836
2001-02-26,sz000001,494.7890,502.7850,494.4080,497.0730,1862435,34.980507
2001-02-27,sz000001,498.5960,499.7390,490.9810,492.8850,2352105,34.956383
2001-02-28,sz000001,496.6930,496.6930,490.9810,492.5040,1485492,34.954152
2001-03-01,sz000001,496.6930,508.1150,492.8850,500.5000,2185671,35.000000
2001-03-02,sz000001,505.0690,537.8140,504.6880,529.0560,27729239,35.153223
2001-03-05,sz000001,531.3410,542.7630,527.5330,529.0560,18675662,35.153223
2001-03-06,sz000001,529.0560,531.7220,520.6800,530.9600,6002180,35.162914
2001-03-07,sz000001,532.8640,548.0940,530.9600,543.5250,15345969,35.225211
2001-03-08,sz000001,545.4290,582.7420,538.5750,572.4620,47704774,35.358987
2001-03-09,sz000001,572.8430,581.6000,565.9890,572.8430,31503553,35.360679
2001-03-12,sz000001,572.8430,575.8890,562.9430,570.1770,13888150,35.348853
2001-03-13,sz000001,570.1770,575.1270,561.4200,565.2280,13094607,35.326750
2001-03-14,sz000001,564.4660,597.5910,560.6590,588.0730,32052751,35.426084
2001-03-15,sz000001,588.4530,595.6880,584.2650,591.8800,19042571,35.441916
2001-03-16,sz000001,591.8800,603.3030,584.6460,586.5500,18400416,35.419686
2001-03-19,sz000001,586.5500,593.7840,578.5540,589.9760,12027980,35.433994
2001-03-20,sz000001,591.8800,601.3990,586.5500,591.8800,8912537,35.441916
2001-03-21,sz000001,592.2610,606.7290,584.2650,601.7800,19498994,35.482311
2001-03-22,sz000001,603.3030,607.1100,591.8800,593.7840,13828281,35.449791
2001-03-23,sz000001,593.7840,596.4490,567.1310,568.6540,24573781,35.342076
2001-03-26,sz000001,567.5120,584.2650,565.2280,578.1730,9864528,35.383905
2001-03-27,sz000001,584.2650,586.1690,570.1770,575.8890,7536029,35.374017
2001-03-28,sz000001,576.6500,582.3610,572.8430,579.6960,8172357,35.390476
2001-03-29,sz000001,580.4580,586.1690,574.7460,577.4120,6620203,35.380637
2001-03-30,sz000001,577.4120,582.3610,569.0350,573.6040,8532059,35.363995
2001-04-02,sz000001,574.7460,589.9760,569.7970,585.4070,8825856,35.414822
2001-04-03,sz000001,586.1690,588.8340,578.5540,583.1230,5646413,35.405161
2001-04-04,sz000001,584.2650,595.6880,565.6080,572.4620,9768285,35.358987
2001-04-05,sz000001,572.4620,577.0310,569.4160,576.6500,5750162,35.377301
2001-04-06,sz000001,582.7420,587.3110,572.8430,577.0310,4561312,35.378970
2001-04-09,sz000001,577.0310,580.4580,570.9390,575.5080,4328407,35.372342
2001-04-10,sz000001,575.5080,586.1690,575.5080,580.4580,3971022,35.393780
2001-04-11,sz000001,591.8800,591.8800,579.6960,583.8840,3972327,35.408369
2001-04-12,sz000001,584.2650,590.3570,577.7920,581.9810,7291515,35.400304
2001-04-13,sz000001,583.5040,602.1600,580.4580,597.5910,22294273,35.465341
2001-04-16,sz000001,603.3030,607.4910,595.6880,599.4950,17575428,35.473077
2001-04-17,sz000001,602.5410,603.3030,590.3570,594.1650,8930799,35.451372
2001-04-18,sz000001,589.9760,597.5910,586.9300,587.6920,8157508,35.424473
2001-04-19,sz000001,587.6920,588.0730,575.8890,580.0770,8604053,35.392129
2001-04-20,sz000001,580.0770,583.5040,572.0810,572.8430,10589130,35.360679
2001-04-23,sz000001,572.8430,574.7460,568.2740,570.1770,6246208,35.348853
2001-04-24,sz000001,570.9390,577.4120,570.1770,570.9390,4185839,35.352260
2001-04-25,sz000001,571.3200,576.6500,553.0440,554.5670,12347958,35.277799
2001-04-26,sz000001,553.8050,557.6130,546.1900,547.3320,6961969,35.243529
2001-04-27,sz000001,546.5710,558.3740,546.5710,551.9010,5490627,35.265240
2001-04-30,sz000001,551.9010,554.9470,545.4290,547.3320,3831921,35.243529
2001-05-08,sz000001,547.3320,551.9010,545.0480,546.1900,2647884,35.238065
2001-05-09,sz000001,548.0940,550.7590,546.1900,546.5710,4562739,35.239910
2001-05-10,sz000001,547.3320,565.2280,546.9520,553.4240,3534238,35.272403
2001-05-11,sz000001,553.8050,557.9930,548.4750,553.0440,2241053,35.270663
2001-05-14,sz000001,553.0440,563.3240,544.6670,557.6130,4203341,35.291962
2001-05-15,sz000001,558.3740,562.5620,548.8550,551.5210,3197903,35.263491
2001-05-16,sz000001,551.9010,557.2320,546.1900,555.7090,4850759,35.283111
2001-05-17,sz000001,555.7090,556.8510,546.1900,546.9520,3457448,35.241753
2001-05-18,sz000001,546.9520,548.0940,539.7170,542.0020,6972958,35.217804
2001-05-21,sz000001,542.0020,542.3830,534.0060,535.9100,9122279,35.187787
2001-05-22,sz000001,535.9100,555.7090,535.9100,543.9060,7300305,35.227073
2001-05-23,sz000001,546.1900,557.9930,539.7170,554.9470,7287217,35.279530
2001-05-24,sz000001,554.9470,559.5160,545.8090,548.0940,5770931,35.247203
2001-05-25,sz000001,548.0940,553.8050,543.5250,548.4750,2842410,35.249036
2001-05-28,sz000001,549.9980,565.9890,549.9980,559.8970,10988181,35.302459
2001-05-29,sz000001,559.8970,567.5120,559.5160,559.8970,7134622,35.302459
2001-05-30,sz000001,560.6590,579.3150,560.6590,576.6500,14419780,35.377301
2001-05-31,sz000001,578.5540,581.6000,571.7000,572.8430,6852721,35.360679
2001-06-01,sz000001,572.8430,588.0730,572.0810,576.6500,9691040,35.377301
2001-06-04,sz000001,577.4120,581.6000,565.9890,568.2740,5436496,35.340423
2001-06-05,sz000001,567.5120,572.4620,559.8970,561.8010,5255938,35.311188
2001-06-06,sz000001,561.8010,568.2740,559.5160,562.1820,4311366,35.312940
2001-06-07,sz000001,562.1820,565.2280,557.2320,559.1360,5299608,35.298990
2001-06-08,sz000001,558.7550,560.2780,546.5710,554.9470,3821787,35.279530
2001-06-11,sz000001,555.7090,557.6130,548.0940,548.4750,4137687,35.249036
2001-06-12,sz000001,548.4750,557.2320,546.1900,550.3780,3037191,35.258040
2001-06-13,sz000001,550.7590,566.3700,550.3780,561.4200,4123311,35.309434
2001-06-14,sz000001,565.2280,572.8430,553.8050,555.7090,6661486,35.283111
2001-06-15,sz000001,553.8050,561.4200,550.3780,557.2320,2963282,35.290184
2001-06-18,sz000001,557.2320,558.3740,539.3370,544.6670,4175504,35.230724
2001-06-19,sz000001,542.3830,545.8090,538.5750,543.5250,2986551,35.225211
2001-06-20,sz000001,544.2860,549.6170,533.6250,537.8140,4958011,35.197251
2001-06-21,sz000001,537.8140,542.7630,535.1480,540.0980,4431345,35.208475
2001-06-22,sz000001,541.6210,551.5210,534.7680,549.2360,3304583,35.252632
2001-06-25,sz000001,549.9980,557.6130,549.2360,553.8050,2909281,35.274204
2001-06-26,sz000001,553.8050,554.1860,546.1900,546.9520,3349091,35.241753
2001-06-27,sz000001,546.1900,549.2360,542.0020,544.2860,3355502,35.228867
2001-06-28,sz000001,545.4290,548.8550,538.1940,538.9560,3488909,35.202874
2001-07-02,sz000001,541.6210,549.9980,538.5750,540.4790,2243902,35.210358
2001-07-03,sz000001,540.4790,543.1440,538.5750,541.6210,1621667,35.215930
2001-07-04,sz000001,542.3830,553.8050,542.3830,549.6170,2209506,35.254458
2001-07-05,sz000001,551.9010,567.1310,551.5210,552.2820,8032595,35.267050
2001-07-06,sz000001,554.1860,558.3740,544.2860,546.1900,2402622,35.238065
2001-07-09,sz000001,553.0440,553.0440,540.4790,541.6210,1766384,35.215930
2001-07-10,sz000001,541.6210,545.8090,540.8600,544.2860,1420585,35.228867
2001-07-11,sz000001,544.2860,545.4290,535.9100,537.4330,4144580,35.195350
2001-07-12,sz000001,537.4330,538.5750,528.6760,533.6250,4503948,35.176335
2001-07-13,sz000001,534.0060,538.5750,530.5790,531.3410,2513759,35.164858
2001-07-16,sz000001,534.7680,541.6210,523.3450,525.2490,2833781,35.133712
2001-07-17,sz000001,525.2490,525.6300,513.8260,519.5380,3350636,35.103919
2001-07-18,sz000001,521.4410,565.2280,521.4410,533.2450,2285380,35.174472
2001-07-19,sz000001,533.2450,534.7680,522.5840,531.7220,2026385,35.166799
2001-07-20,sz000001,534.7680,541.6210,529.0560,534.7680,3642097,35.182105
2001-07-23,sz000001,536.6710,540.8600,530.1990,531.3410,2699606,35.164858
2001-07-24,sz000001,530.1990,530.1990,524.4870,526.7720,3132686,35.141561
2001-07-25,sz000001,526.3910,527.9140,517.6340,519.1570,3235308,35.101893
2001-07-26,sz000001,519.1570,521.4410,512.3030,518.3950,2972406,35.097833
2001-07-27,sz000001,521.4410,527.9140,512.6840,526.7720,3243363,35.141561
2001-07-30,sz000001,523.3450,523.3450,473.8480,489.0780,7598049,34.934143
2001-07-31,sz000001,481.8430,496.6930,479.5590,482.6050,4037643,34.895517
2001-08-01,sz000001,483.3660,497.4540,483.3660,497.0730,3646771,34.980507
2001-08-02,sz000001,497.0730,497.4540,480.7010,487.1740,2900598,34.922867
2001-08-03,sz000001,487.1740,488.6970,475.7510,481.8430,3763271,34.890876
2001-08-06,sz000001,479.5590,480.7010,435.7720,452.9060,7604139,34.705441
2001-08-07,sz000001,450.6220,459.3790,441.4840,457.0940,3579740,34.733587
2001-08-08,sz000001,457.8560,458.2370,447.5760,450.6220,2790222,34.689915
2001-08-09,sz000001,451.0020,457.8560,450.6220,454.4290,2672292,34.715737
2001-08-10,sz000001,473.0860,473.0860,462.4250,467.7560,2496438,34.803274
2001-08-13,sz000001,469.2790,474.6090,464.3290,468.5170,2295697,34.808098
2001-08-14,sz000001,466.6130,473.4670,458.6170,463.1860,2042760,34.773724
2001-08-15,sz000001,464.3290,466.2330,461.6630,463.9480,1258399,34.778711
2001-08-16,sz000001,464.3290,464.3290,452.9060,454.4290,2909741,34.715737
2001-08-17,sz000001,454.0480,464.7090,453.2870,458.9980,1235154,34.746253
2001-08-20,sz000001,459.3790,461.6630,454.0480,459.3790,1348979,34.748790
2001-08-21,sz000001,462.4250,469.2790,460.9020,463.1860,1353436,34.773724
2001-08-22,sz000001,460.9020,462.4250,452.9060,456.7140,1711001,34.731103
2001-08-23,sz000001,454.8100,457.8560,451.0020,455.1910,1662373,34.720900
2001-08-24,sz000001,456.7140,461.6630,451.0020,451.7640,1333528,34.697696
2001-08-27,sz000001,451.7640,452.1450,435.7720,442.6260,3075352,34.634272
2001-08-28,sz000001,439.5800,445.2910,431.9650,443.7680,2497811,34.642311
2001-08-29,sz000001,444.5300,449.8600,443.3870,443.7680,1580232,34.642311
2001-08-30,sz000001,443.7680,443.7680,438.8180,439.5800,926508,34.612598
2001-08-31,sz000001,439.5800,444.9100,438.8180,439.9610,927115,34.615342
2001-09-03,sz000001,441.4840,445.6720,433.8690,435.0110,1309240,34.579571
2001-09-04,sz000001,431.9650,452.9060,431.9650,449.0990,2123407,34.679459
2001-09-05,sz000001,452.9060,455.9520,445.2910,448.3370,1769298,34.674169
2001-09-06,sz000001,448.3370,452.1450,445.2910,451.3830,1302648,34.695081
2001-09-07,sz000001,451.0020,451.0020,435.3920,439.1990,2336988,34.609850
2001-09-10,sz000001,433.8690,452.9060,431.9650,451.0020,2055009,34.692462
2001-09-11,sz000001,454.0480,454.8100,444.9100,446.8140,1583920,34.663615
2001-09-12,sz000001,426.2540,439.5800,416.7350,436.9150,4797915,34.593428
2001-09-13,sz000001,438.8180,443.3870,435.0110,435.3920,1103190,34.582367
2001-09-14,sz000001,435.7720,439.5800,426.2540,427.7770,2228979,34.525989
2001-09-17,sz000001,426.2540,426.2540,412.9270,413.3080,5096035,34.413655
2001-09-18,sz000001,413.6890,424.3500,412.1660,416.7350,2236498,34.440909
2001-09-19,sz000001,416.7350,450.6220,414.4500,446.0530,5257944,34.658353
2001-09-20,sz000001,447.1950,453.2870,435.7720,437.6760,5734821,34.598893
2001-09-21,sz000001,436.1530,442.6260,432.3460,437.2950,1892716,34.596123
2001-09-24,sz000001,437.2950,437.2950,428.5380,431.9650,1186708,34.557200
2001-09-25,sz000001,433.8690,443.0070,431.9650,435.3920,1411526,34.582367
2001-09-26,sz000001,435.7720,435.7720,428.1570,429.3000,1141964,34.537409
2001-09-27,sz000001,428.1570,439.1990,426.2540,431.5840,1446877,34.554363
2001-09-28,sz000001,435.7720,444.1490,433.8690,441.4840,2182240,34.626196
2001-10-08,sz000001,441.4840,444.5300,430.0610,434.2490,1468128,34.573965
2001-10-09,sz000001,433.8690,449.4790,430.0610,445.2910,2210276,34.652996
2001-10-10,sz000001,430.4420,432.3460,413.3080,426.6340,2127783,34.517314
2001-10-11,sz000001,424.3500,430.0610,409.1200,415.9730,3352197,34.434851
2001-10-12,sz000001,415.9730,445.6720,409.1200,436.5340,5822545,34.590650
2001-10-15,sz000001,436.1530,454.0480,428.1570,449.4790,7096183,34.682022
2001-10-16,sz000001,449.4790,451.0020,437.6760,443.7680,3002586,34.642311
2001-10-17,sz000001,443.3870,465.4710,440.3410,452.1450,10485489,34.700307
2001-10-18,sz000001,454.0480,465.8520,451.0020,454.4290,8707321,34.715737
2001-10-19,sz000001,452.9060,453.2870,426.2540,440.3410,9392163,34.618003
2001-10-22,sz000001,438.8180,454.4290,435.0110,443.7680,5663887,34.642311
2001-10-23,sz000001,492.5040,492.5040,470.0400,492.5040,28815918,34.954152
2001-10-24,sz000001,501.6420,508.1150,481.8430,493.2660,26960458,34.958611
2001-10-25,sz000001,489.0780,492.5040,479.5590,480.7010,8351758,34.883962
2001-10-26,sz000001,480.7010,489.0780,476.1320,485.2700,5216897,34.911511
2001-10-29,sz000001,486.0320,492.8850,481.4630,484.8890,3570733,34.909215
2001-10-30,sz000001,484.8890,485.2700,473.0860,474.6090,4207761,34.846476
2001-10-31,sz000001,473.8480,482.2240,470.0400,481.8430,2727126,34.890876
2001-11-01,sz000001,481.8430,489.0780,478.7970,480.7010,2190853,34.883962
2001-11-02,sz000001,483.3660,483.3660,472.7050,473.8480,2372216,34.841765
2001-11-05,sz000001,471.9440,473.0860,465.4710,466.9940,2461217,34.798361
2001-11-06,sz000001,468.1360,471.9440,463.5670,465.8520,1994443,34.791038
2001-11-07,sz000001,459.7600,466.9940,433.8690,444.1490,5157072,34.645008
2001-11-08,sz000001,439.5800,454.8100,433.8690,451.3830,3347994,34.695081
2001-11-09,sz000001,451.3830,466.2330,445.2910,463.1860,4266228,34.773724
2001-11-12,sz000001,463.9480,465.8520,456.7140,461.2830,2264828,34.761341
2001-11-13,sz000001,460.5210,469.2790,457.8560,462.0440,1282873,34.766290
2001-11-14,sz000001,461.2830,464.3290,457.8560,458.2370,1115626,34.741243
2001-11-15,sz000001,457.8560,461.2830,451.0020,454.4290,1445579,34.715737
2001-11-16,sz000001,484.5090,496.6930,458.6170,460.5210,5640191,34.756302
2001-11-19,sz000001,465.4710,465.4710,456.7140,460.9020,1322850,34.758824
2001-11-20,sz000001,464.3290,472.7050,460.5210,469.6590,3296512,34.815345
2001-11-21,sz000001,471.9440,477.6550,465.8520,477.2740,3001511,34.862966
2001-11-22,sz000001,477.2740,481.4630,473.8480,477.6550,2811972,34.865328
2001-11-23,sz000001,477.6550,478.0360,470.0400,471.5630,1983145,34.827400
2001-11-26,sz000001,470.0400,470.0400,465.0900,465.8520,1843786,34.791038
2001-11-27,sz000001,465.8520,469.2790,464.3290,467.3750,1511486,34.800819
2001-11-28,sz000001,469.2790,479.5590,467.7560,470.0400,2568179,34.817778
2001-11-29,sz000001,470.0400,471.9440,464.3290,465.8520,2233183,34.791038
2001-11-30,sz000001,464.3290,470.0400,462.4250,466.9940,2302427,34.798361
2001-12-03,sz000001,466.9940,474.6090,466.2330,470.0400,3101437,34.817778
2001-12-04,sz000001,470.0400,475.7510,467.3750,473.4670,2599598,34.839367
2001-12-05,sz000001,473.8480,474.2280,459.3790,460.1400,4620015,34.753776
2001-12-06,sz000001,460.1400,465.8520,456.3330,460.9020,3415411,34.758824
2001-12-07,sz000001,460.9020,465.8520,455.9520,458.2370,2349813,34.741243
2001-12-10,sz000001,456.7140,457.8560,452.5250,456.3330,1877069,34.728539
2001-12-11,sz000001,457.0940,460.5210,451.0020,453.2870,2182225,34.708040
2001-12-12,sz000001,452.9060,452.9060,443.3870,444.9100,3407472,34.650312
2001-12-13,sz000001,443.3870,448.7180,439.5800,440.3410,2671791,34.618003
2001-12-14,sz000001,439.5800,445.2910,436.9150,439.9610,2030245,34.615342
2001-12-17,sz000001,439.1990,442.2450,435.0110,435.7720,2205088,34.585079
2001-12-18,sz000001,435.7720,439.5800,435.0110,439.5800,1655964,34.612598
2001-12-19,sz000001,440.3410,443.3870,431.9650,433.4880,2463920,34.568421
2001-12-20,sz000001,431.9650,433.4880,422.4460,424.7310,3086644,34.502924
2001-12-21,sz000001,424.3500,426.2540,423.5880,425.4920,1977584,34.508678
2001-12-24,sz000001,428.1570,428.5380,414.4500,416.7350,2992787,34.440909
2001-12-25,sz000001,414.0700,419.7810,412.5470,417.8770,2247715,34.449876
2001-12-26,sz000001,417.8770,424.3500,414.8310,424.3500,1808447,34.500000
2001-12-27,sz000001,424.3500,428.9190,415.9730,416.7350,2253776,34.440909
2001-12-28,sz000001,416.7350,422.4460,415.9730,419.0190,2382988,34.458799
2001-12-31,sz000001,420.5420,424.3500,416.7350,422.4460,2115838,34.485388
2002-01-04,sz000001,423.5880,424.3500,415.5930,417.1160,1254059,34.443931
2002-01-07,sz000001,417.1160,420.5420,411.0240,414.4500,1611777,34.422757
2002-01-08,sz000001,413.6890,419.7810,412.9270,413.6890,1438526,34.416722
2002-01-09,sz000001,412.9270,414.8310,407.2160,408.7390,2365008,34.376703
2002-01-10,sz000001,407.2160,409.1200,393.1280,405.6930,5828846,34.351651
2002-01-11,sz000001,405.6930,406.0740,393.8900,394.6510,2703689,34.257899
2002-01-14,sz000001,390.4630,390.8440,374.8520,375.6140,4798818,34.084755
2002-01-15,sz000001,371.0450,380.5640,369.1410,369.5220,3378988,34.025967
2002-01-16,sz000001,371.0450,379.4210,367.2370,374.8520,2351812,34.077455
2002-01-17,sz000001,374.8520,374.8520,346.2960,348.5810,3928084,33.809990
2002-01-18,sz000001,344.3920,352.3880,336.7770,344.0120,5584397,33.759764
2002-01-21,sz000001,344.0120,344.3920,320.7860,321.5470,5024465,33.494479
2002-01-22,sz000001,318.1210,332.9700,316.5980,321.5470,3465640,33.494479
2002-01-23,sz000001,321.5470,350.1040,318.1210,349.7230,4074245,33.822340
2002-01-24,sz000001,344.3920,359.6220,332.9700,350.4840,5353860,33.830502
2002-01-25,sz000001,350.4840,352.0070,342.4890,344.7730,2472285,33.768168
2002-01-28,sz000001,345.1540,350.1040,321.5470,322.6900,4252547,33.508827
2002-01-29,sz000001,317.7400,331.8280,315.8360,328.7820,2637929,33.583453
2002-01-30,sz000001,329.1620,332.9700,323.4510,331.8280,1752493,33.619858
2002-01-31,sz000001,332.9700,361.5260,332.9700,356.9570,9068143,33.899050
2002-02-01,sz000001,356.5760,366.4760,348.2000,351.2460,4950616,33.838728
2002-02-04,sz000001,351.2460,359.6220,346.2960,358.4800,3469445,33.914853
2002-02-05,sz000001,358.4800,374.0910,356.5760,366.8570,5695355,33.999722
2002-02-06,sz000001,369.1410,370.2830,351.2460,351.6270,3854754,33.842830
2002-02-07,sz000001,351.6270,365.7140,351.6270,363.4300,3769952,33.965421
2002-02-08,sz000001,369.1410,369.5220,359.6220,361.9070,3423210,33.950000
2002-02-25,sz000001,370.2830,371.0450,351.2460,354.2920,5894585,33.871128
2002-02-26,sz000001,352.0070,353.9110,339.8230,344.3920,4562929,33.763922
2002-02-27,sz000001,344.3920,354.2920,344.3920,348.5810,3336216,33.809990
2002-02-28,sz000001,348.5810,349.3420,341.7270,342.4890,2754767,33.742759
2002-03-01,sz000001,342.4890,352.0070,340.5850,344.0120,3454767,33.759764
2002-03-04,sz000001,344.0120,350.8650,340.9660,350.4840,2119651,33.830502
2002-03-05,sz000001,351.2460,363.8110,350.4840,359.6220,5925216,33.926604
2002-03-06,sz000001,360.0030,377.5180,356.9570,367.2370,11532487,34.003426
2002-03-07,sz000001,367.2370,391.6050,364.1910,390.4630,14608959,34.221122
2002-03-08,sz000001,393.8900,400.7430,382.4670,390.4630,15573304,34.221122
2002-03-11,sz000001,391.9860,396.5550,386.2750,395.0320,9016141,34.261232
2002-03-12,sz000001,395.0320,403.4090,384.3710,384.7520,11089980,34.169805
2002-03-13,sz000001,380.5640,420.5420,376.7560,395.0320,26432138,34.261232
2002-03-14,sz000001,394.6510,404.1700,390.8440,399.6010,8999325,34.300515
2002-03-15,sz000001,403.4090,407.9780,387.0360,388.5590,9877830,34.204137
2002-03-18,sz000001,394.2710,409.8810,390.4630,408.7390,16528374,34.376703
2002-03-19,sz000001,408.7390,415.2120,403.0280,410.6430,9954996,34.392211
2002-03-20,sz000001,411.0240,415.5930,404.9320,408.7390,9290871,34.376703
2002-03-21,sz000001,410.6430,412.9270,404.1700,404.5510,6196507,34.342190
2002-03-22,sz000001,403.4090,404.1700,390.0820,393.1280,6343526,34.244599
2002-03-25,sz000001,393.1280,395.7940,389.3210,394.6510,3279664,34.257899
2002-03-26,sz000001,394.6510,394.6510,382.4670,386.2750,4199422,34.183628
2002-03-27,sz000001,384.3710,391.2250,382.0870,385.5130,2496811,34.176684
2002-03-28,sz000001,384.3710,394.6510,384.3710,386.2750,2493128,34.183628
2002-03-29,sz000001,388.1790,390.0820,374.0910,375.9950,3968836,34.088395
2002-04-01,sz000001,375.9950,377.1370,367.6180,374.0910,2733170,34.070219
2002-04-02,sz000001,374.0910,376.3750,362.2880,363.0490,2541785,33.961553
2002-04-03,sz000001,362.6680,370.2830,358.4800,366.4760,2273565,33.995918
2002-04-04,sz000001,367.6180,380.5640,364.5720,379.0410,2991216,34.117102
2002-04-05,sz000001,380.5640,384.3710,375.9950,380.5640,2711320,34.131300
2002-04-08,sz000001,382.4670,388.1790,379.0410,385.1330,3105802,34.173292
2002-04-09,sz000001,384.3710,386.2750,371.0450,380.5640,6902651,34.131300
2002-04-10,sz000001,380.5640,382.4670,372.1870,379.4210,5203599,34.120594
2002-04-11,sz000001,379.4210,380.5640,374.0910,375.6140,3589843,34.084755
2002-04-12,sz000001,374.8520,379.8020,371.4260,379.0410,2884879,34.117102
2002-04-15,sz000001,376.7560,379.8020,368.3800,370.6640,2440908,34.037098
2002-04-16,sz000001,367.2370,372.1870,364.9530,366.4760,2541868,33.995918
2002-04-17,sz000001,365.7140,369.5220,364.5720,365.3340,1939883,33.984558
2002-04-19,sz000001,362.6680,362.6680,353.1500,355.0530,5465615,33.879103
2002-04-22,sz000001,355.0530,355.8150,350.4840,355.0530,2476014,33.879103
2002-04-23,sz000001,355.8150,370.6640,355.8150,356.5760,2868203,33.895057
2002-04-24,sz000001,356.9570,362.2880,353.5300,355.4340,2537228,33.883127
2002-04-25,sz000001,356.1960,365.3340,354.6730,363.8110,2542856,33.969281
2002-04-26,sz000001,363.8110,372.9490,363.0490,367.2370,2965095,34.003426
2002-04-29,sz000001,369.1410,374.0910,363.4300,373.3290,3636063,34.062865
2002-04-30,sz000001,374.0910,404.9320,371.0450,393.8900,19751631,34.251304
2002-05-08,sz000001,395.0320,403.4090,391.2250,393.8900,7913526,34.251304
2002-05-09,sz000001,391.2250,410.2620,391.2250,405.3120,12007624,34.348475
2002-05-10,sz000001,404.9320,404.9320,390.0820,394.6510,6940981,34.257899
2002-05-13,sz000001,393.8900,396.9360,386.6560,387.4170,4923040,34.193910
2002-05-14,sz000001,387.0360,393.5090,381.7060,383.6100,2634491,34.159394
2002-05-15,sz000001,382.4670,384.3710,372.9490,378.2790,3521872,34.109919
2002-05-16,sz000001,376.7560,383.6100,371.4260,382.8480,6562773,34.152364
2002-05-17,sz000001,383.2290,388.9400,380.1830,386.2750,5152953,34.183628
2002-05-20,sz000001,386.2750,387.4170,378.2790,380.9440,3159473,34.134767
2002-05-21,sz000001,386.2750,396.9360,382.8480,391.6050,5698473,34.231206
2002-05-23,sz000001,386.6560,393.5090,379.0410,382.0870,5156704,34.145398
2002-05-24,sz000001,382.0870,382.4670,371.4260,372.5680,4513007,34.055576
2002-05-27,sz000001,371.0450,376.7560,367.2370,371.0450,2248308,34.040826
2002-05-28,sz000001,374.4720,383.2290,371.0450,378.6600,2955977,34.113514
2002-05-29,sz000001,381.3250,381.7060,374.0910,375.6140,2539982,34.084755
2002-05-30,sz000001,374.8520,386.6560,372.1870,385.1330,4286161,34.173292
2002-05-31,sz000001,385.1330,392.3670,380.5640,380.9440,3931309,34.134767
2002-06-03,sz000001,380.5640,385.8940,377.5180,380.5640,3815597,34.131300
2002-06-04,sz000001,382.4670,397.6970,382.4670,390.4630,6985704,34.221122
2002-06-05,sz000001,390.4630,391.9860,375.9950,376.7560,3944470,34.095566
2002-06-06,sz000001,374.8520,393.1280,371.8060,389.7020,6691027,34.214399
2002-06-07,sz000001,390.0820,396.5550,385.5130,391.2250,7845274,34.227909
2002-06-10,sz000001,390.8440,406.4550,388.1790,395.4130,6804786,34.264558
2002-06-11,sz000001,395.4130,399.6010,391.6050,393.8900,2596285,34.251304
2002-06-12,sz000001,393.8900,397.6970,387.7980,396.5550,3331112,34.274417
2002-06-13,sz000001,396.5550,396.9360,388.1790,388.5590,2010594,34.204137
2002-06-14,sz000001,388.5590,388.5590,379.4210,381.3250,3406892,34.138317
2002-06-17,sz000001,378.6600,382.4670,377.8980,382.4670,1852020,34.148839
2002-06-18,sz000001,382.4670,391.9860,382.4670,388.5590,3382426,34.204137
2002-06-19,sz000001,387.7980,393.1280,380.1830,380.9440,4841771,34.134767
2002-06-20,sz000001,380.9440,390.0820,380.9440,382.8480,2074591,34.152364
2002-06-21,sz000001,384.3710,417.1160,384.3710,409.5010,32146770,34.382955
2002-06-24,sz000001,454.8100,454.8100,443.7680,454.8100,57577108,34.718321
2002-06-25,sz000001,504.3080,504.6880,478.4170,504.6880,117684897,35.023456
2002-06-26,sz000001,496.6930,530.1990,492.8850,505.8310,81464757,35.029848
2002-06-27,sz000001,504.3080,530.5790,504.3080,518.3950,52699782,35.097833
2002-06-28,sz000001,520.6800,546.1900,517.2530,527.1530,61510280,35.143533
2002-07-01,sz000001,529.0560,530.1990,516.8720,519.9180,18004875,35.105874
2002-07-02,sz000001,518.0150,526.3910,510.0190,525.2490,13977401,35.133712
2002-07-03,sz000001,524.1070,546.1900,523.7260,532.8640,23284690,35.172541
2002-07-04,sz000001,534.7680,542.7630,518.0150,519.1570,21689695,35.101893
2002-07-05,sz000001,518.0150,524.4870,514.9690,523.7260,7605347,35.125822
2002-07-08,sz000001,525.2490,530.9600,519.9180,522.5840,11052611,35.119892
2002-07-09,sz000001,523.3450,531.3410,519.1570,523.3450,11811344,35.123826
2002-07-10,sz000001,524.4870,527.1530,498.5960,503.9270,29624844,35.019249
2002-07-11,sz000001,500.5000,506.5920,495.5500,500.5000,12983517,35.000000
2002-07-12,sz000001,500.5000,503.5460,496.6930,497.4540,6211887,34.982700
2002-07-15,sz000001,496.3120,496.6930,487.1740,489.8390,9534082,34.938588
2002-07-16,sz000001,489.0780,503.5460,485.2700,488.3160,6821208,34.929614
2002-07-17,sz000001,489.0780,505.8310,487.1740,505.0690,6238213,35.025589
2002-07-18,sz000001,506.2110,527.1530,502.4040,524.4870,30115450,35.129739
2002-07-19,sz000001,524.4870,530.1990,518.0150,526.7720,20162373,35.141561
2002-07-22,sz000001,526.3910,527.1530,507.3540,508.1150,15370250,35.042414
2002-07-23,sz000001,507.7340,544.2860,506.2110,535.1480,47852002,35.534396
2002-07-24,sz000001,535.1480,545.4290,528.6760,535.5290,33217899,35.536098
2002-07-25,sz000001,535.9100,538.5750,521.0610,524.8680,13731947,35.488032
2002-07-26,sz000001,525.2490,534.7680,519.5380,524.8680,12944240,35.488032
2002-07-29,sz000001,524.1070,535.5290,522.2030,532.8640,12751830,35.524267
2002-07-31,sz000001,540.8600,551.1400,532.8640,533.2450,38013458,35.525983
2002-08-01,sz000001,530.9600,543.1440,526.0100,539.7170,16485010,35.554480
2002-08-02,sz000001,539.7170,543.1440,536.2910,539.7170,12497246,35.554480
2002-08-05,sz000001,540.0980,540.0980,526.3910,527.1530,12364477,35.498519
2002-08-06,sz000001,526.7720,542.0020,524.1070,532.4830,10813025,35.522548
2002-08-07,sz000001,533.2450,533.2450,524.4870,532.1020,8413877,35.520828
2002-08-08,sz000001,532.1020,535.9100,527.1530,529.8180,6498302,35.510590
2002-08-09,sz000001,529.0560,533.6250,525.2490,527.1530,6384187,35.498519
2002-08-12,sz000001,525.2490,528.2950,519.5380,519.9180,7724748,35.465075
2002-08-13,sz000001,517.6340,525.2490,517.6340,520.2990,6129350,35.466871
2002-08-14,sz000001,521.8220,527.1530,521.4410,527.1530,4335400,35.498519
2002-08-15,sz000001,527.9140,528.6760,523.7260,526.7720,5307028,35.496765
2002-08-16,sz000001,524.8680,528.2950,514.2070,523.7260,7201575,35.482791
2002-08-19,sz000001,523.3450,539.7170,519.9180,534.0060,17936696,35.529341
2002-08-20,sz000001,535.5290,559.1360,534.0060,558.7550,48553573,35.634885
2002-08-21,sz000001,559.1360,563.3240,548.0940,551.9010,19062539,35.606516
2002-08-22,sz000001,551.9010,559.1360,546.9520,551.5210,16205097,35.604971
2002-08-23,sz000001,552.2820,559.5160,551.1400,553.0440,10180798,35.611333
2002-08-26,sz000001,554.5670,554.5670,542.3830,544.2860,12772480,35.574248
2002-08-27,sz000001,544.2860,549.2360,541.6210,543.1440,8231692,35.569352
2002-08-28,sz000001,544.2860,556.0900,543.9060,551.9010,10512919,35.606516
2002-08-29,sz000001,551.9010,562.9430,548.0940,548.4750,11457813,35.592148
2002-08-30,sz000001,547.3320,551.5210,546.5710,548.0940,3328433,35.590519
2002-09-02,sz000001,549.6170,558.7550,545.4290,554.9470,7972805,35.619191
2002-09-04,sz000001,559.5160,565.6080,553.4240,555.3280,13278965,35.620783
2002-09-05,sz000001,553.8050,556.0900,533.6250,540.8600,23846862,35.559500
2002-09-06,sz000001,539.7170,544.2860,532.8640,534.7680,11014217,35.532757
2002-09-09,sz000001,530.9600,534.0060,523.7260,528.2950,11107124,35.503696
2002-09-10,sz000001,528.2950,533.6250,524.1070,529.4370,6659821,35.508853
2002-09-11,sz000001,532.4830,536.2910,521.8220,530.1990,9287171,35.512324
2002-09-12,sz000001,530.1990,535.5290,526.0100,532.1020,3560645,35.520828
2002-09-13,sz000001,534.7680,534.7680,530.1990,534.3870,2852131,35.531051
2002-09-16,sz000001,534.3870,534.7680,502.0230,502.7850,18091641,35.382477
2002-09-17,sz000001,503.5460,511.1610,489.4580,504.6880,11985744,35.391865
2002-09-18,sz000001,503.1650,504.3080,492.8850,494.7890,4962637,35.342071
2002-09-19,sz000001,494.0270,515.7300,490.2200,509.2570,10912949,35.414256
2002-09-20,sz000001,509.2570,510.7800,498.5960,502.4040,4183868,35.380563
2002-09-23,sz000001,495.1700,506.2110,495.1700,503.1650,2782527,35.384318
2002-09-24,sz000001,504.3080,505.4500,495.5500,496.3120,3762828,35.349858
2002-09-25,sz000001,497.0730,508.1150,494.0270,503.9270,4425412,35.388132
2002-09-26,sz000001,504.3080,512.3030,503.9270,505.4500,5554468,35.395658
2002-09-27,sz000001,513.0650,513.0650,479.5590,486.0320,17240596,35.296442
2002-10-08,sz000001,475.7510,482.2240,468.8980,474.2280,4826901,35.232392
2002-10-09,sz000001,471.9440,478.0360,465.0900,468.1360,3382071,35.198195
2002-10-10,sz000001,468.1360,473.8480,457.0940,460.1400,3209883,35.152024
2002-10-11,sz000001,462.4250,465.8520,451.0020,452.9060,5353039,35.108992
2002-10-14,sz000001,455.9520,456.7140,438.8180,452.9060,4448220,35.108992
2002-10-15,sz000001,452.9060,457.8560,449.4790,455.1910,5036770,35.122762
2002-10-17,sz000001,460.5210,462.0440,447.5760,448.7180,7280128,35.083503
2002-10-18,sz000001,449.0990,471.9440,447.1950,468.1360,8893477,35.198195
2002-10-21,sz000001,468.1360,478.7970,460.5210,474.6090,6177314,35.234521
2002-10-22,sz000001,473.8480,479.1780,470.0400,477.2740,9751549,35.249188
2002-10-23,sz000001,475.7510,477.6550,466.6130,472.3250,8177373,35.221849
2002-10-24,sz000001,471.9440,472.7050,463.5670,465.0900,3935267,35.180787
2002-10-25,sz000001,468.1360,470.8020,455.5710,458.2370,6203611,35.140874
2002-10-28,sz000001,456.7140,458.2370,449.4790,451.7640,4340662,35.102098
2002-10-29,sz000001,451.7640,460.5210,447.1950,457.0940,5309341,35.134051
2002-10-30,sz000001,456.7140,461.2830,449.8600,457.4750,5327357,35.136329
2002-10-31,sz000001,457.4750,462.4250,452.1450,454.8100,6229133,35.120463
2002-11-01,sz000001,455.1910,456.7140,448.3370,453.2870,5161383,35.111309
2002-11-04,sz000001,458.6170,470.8020,455.5710,470.4210,11490243,35.211153
2002-11-05,sz000001,471.1820,486.7930,468.1360,478.7970,21788772,35.257511
2002-11-06,sz000001,478.7970,480.3200,473.8480,476.1320,5875012,35.242931
2002-11-07,sz000001,473.8480,487.1740,473.8480,483.3660,11643085,35.282190
2002-11-08,sz000001,491.7430,492.1240,460.5210,467.3750,22512191,35.193901
2002-11-11,sz000001,468.1360,470.8020,454.8100,456.7140,7906631,35.131846
2002-11-12,sz000001,458.9980,466.2330,451.3830,454.4290,9760568,35.118161
2002-11-13,sz000001,454.4290,458.9980,445.2910,456.7140,7204302,35.131846
2002-11-14,sz000001,454.8100,455.9520,444.1490,445.2910,7178408,35.062283
2002-11-15,sz000001,444.1490,455.9520,439.5800,444.5300,9453574,35.057571
2002-11-18,sz000001,444.5300,447.9560,425.4920,427.0150,9395636,34.943944
2002-11-19,sz000001,426.2540,431.9650,418.6390,429.6800,8227779,34.961758
2002-11-20,sz000001,429.3000,430.4420,421.3040,424.3500,6425750,34.925926
2002-11-21,sz000001,423.2080,424.3500,411.0240,411.4040,10172315,34.835224
2002-11-22,sz000001,411.4040,418.6390,403.4090,411.0240,7449836,34.832542
2002-11-25,sz000001,410.2620,414.8310,405.3120,412.1660,3384699,34.840744
2002-11-26,sz000001,412.1660,416.7350,401.5050,403.4090,3619842,34.776638
2002-11-27,sz000001,399.6010,408.7390,395.7940,407.2160,6137440,34.804786
2002-11-28,sz000001,407.2160,418.6390,402.6470,418.2580,5872574,34.883903
2002-11-29,sz000001,418.6390,431.9650,414.8310,422.4460,13877279,34.912893
2002-12-02,sz000001,422.0650,422.0650,403.4090,404.1700,5746051,34.782272
2002-12-03,sz000001,404.5510,410.6430,402.6470,409.5010,2843511,34.821514
2002-12-04,sz000001,409.5010,416.3540,406.4550,410.6430,3923235,34.829771
2002-12-05,sz000001,410.2620,410.2620,399.6010,404.9320,4550348,34.787973
2002-12-06,sz000001,404.9320,410.2620,400.3630,404.9320,3193475,34.787973
2002-12-09,sz000001,403.0280,408.7390,399.6010,402.2660,1836981,34.768021
2002-12-10,sz000001,402.2660,407.9780,396.5550,396.9360,4120997,34.727559
2002-12-11,sz000001,396.9360,397.3170,382.4670,386.6560,7172907,34.646595
2002-12-12,sz000001,388.9400,388.9400,380.5640,382.8480,8912325,34.615552
2002-12-13,sz000001,378.2790,387.7980,373.7100,384.7520,6125997,34.631143
2002-12-16,sz000001,386.2750,387.7980,379.8020,385.5130,4929065,34.637287
2002-12-17,sz000001,386.2750,391.2250,385.5130,388.5590,4023583,34.661820
2002-12-18,sz000001,388.5590,395.0320,386.6560,387.0360,4235007,34.649597
2002-12-19,sz000001,387.0360,388.1790,380.9440,386.6560,2485130,34.646595
2002-12-20,sz000001,388.1790,393.8900,382.4670,392.7480,5384551,34.695053
2002-12-23,sz000001,392.7480,398.8400,391.2250,392.3670,5030074,34.692042
2002-12-24,sz000001,391.9860,391.9860,384.3710,387.7980,3592064,34.655764
2002-12-25,sz000001,388.5590,391.2250,383.6100,384.7520,5084893,34.631143
2002-12-26,sz000001,384.3710,384.3710,365.3340,366.4760,11462737,34.475635
2002-12-27,sz000001,361.5260,366.8570,356.9570,362.2880,9445658,34.438023
2002-12-30,sz000001,359.6220,363.4300,350.1040,362.2880,7888103,34.438023
2002-12-31,sz000001,357.7190,365.3340,352.3880,361.1450,13755233,34.427550
2003-01-02,sz000001,355.8150,355.8150,342.1080,343.6310,6484885,34.260319
2003-01-03,sz000001,342.4890,346.2960,339.0620,343.2500,4959469,34.256487
2003-01-06,sz000001,343.6310,347.0580,339.0620,344.7730,3655307,34.271670
2003-01-07,sz000001,344.7730,348.2000,342.8690,344.0120,2714959,34.264143
2003-01-08,sz000001,342.4890,370.6640,342.4890,362.6680,8042170,34.441406
2003-01-09,sz000001,363.4300,376.7560,355.8150,368.7600,19172123,34.495790
2003-01-10,sz000001,367.2370,373.7100,361.5260,362.6680,12788591,34.441406
2003-01-13,sz000001,360.7650,364.9530,356.9570,357.7190,4735488,34.396058
2003-01-14,sz000001,358.0990,397.3170,356.5760,397.3170,54203669,34.730507
2003-01-15,sz000001,401.1240,406.8350,383.2290,388.1790,27493517,34.658839
2003-01-16,sz000001,388.1790,397.6970,383.6100,394.6510,14444456,34.709850
2003-01-17,sz000001,394.6510,401.1240,389.3210,395.4130,11106888,34.715803
2003-01-20,sz000001,395.4130,407.2160,391.6050,401.5050,14173625,34.762338
2003-01-21,sz000001,401.5050,407.2160,387.4170,388.5590,16300211,34.661820
2003-01-22,sz000001,387.7980,391.2250,383.6100,387.7980,4444001,34.655764
2003-01-23,sz000001,388.1790,394.6510,386.2750,387.0360,3950142,34.649597
2003-01-24,sz000001,387.0360,396.5550,380.5640,394.6510,7126242,34.709850
2003-01-27,sz000001,396.5550,405.3120,394.6510,402.2660,10722270,34.768021
2003-01-28,sz000001,403.4090,406.8350,398.8400,403.0280,7457718,34.773770
2003-01-29,sz000001,402.6470,411.0240,400.3630,404.5510,14181052,34.785125
2003-02-10,sz000001,402.6470,403.4090,390.0820,392.3670,4947747,34.692042
2003-02-11,sz000001,391.9860,395.4130,390.0820,395.0320,2923950,34.712830
2003-02-12,sz000001,395.0320,397.6970,391.2250,396.5550,4381368,34.724606
2003-02-13,sz000001,396.5550,403.4090,388.1790,389.7020,12066789,34.670996
2003-02-14,sz000001,390.0820,396.9360,388.5590,393.1280,5820956,34.697970
2003-02-17,sz000001,393.5090,395.4130,387.4170,388.5590,4510898,34.661820
2003-02-18,sz000001,388.1790,390.0820,384.3710,387.4170,3895385,34.652683
2003-02-19,sz000001,387.4170,392.7480,383.9900,392.3670,5474756,34.692042
2003-02-20,sz000001,392.3670,395.0320,388.9400,390.8440,3316193,34.680035
2003-02-21,sz000001,390.0820,390.8440,377.1370,377.5180,10324170,34.571245
2003-02-24,sz000001,376.7560,380.1830,374.0910,374.8520,5371782,34.548571
2003-02-25,sz000001,374.4720,385.5130,373.3290,383.2290,6482130,34.618699
2003-02-28,sz000001,393.8900,395.4130,385.8940,390.8440,13958032,34.680035
2003-03-03,sz000001,391.6050,395.4130,391.2250,393.5090,5335089,34.700970
2003-03-04,sz000001,393.5090,399.2200,392.7480,396.1740,7106562,34.721648
2003-03-05,sz000001,396.1740,398.4590,390.4630,392.3670,4283707,34.692042
2003-03-06,sz000001,392.3670,392.3670,383.6100,383.6100,6313386,34.621841
2003-03-07,sz000001,383.2290,386.2750,380.5640,382.4670,4492039,34.612398
2003-03-10,sz000001,380.9440,382.8480,372.1870,372.5680,6339998,34.529008
2003-03-11,sz000001,371.8060,375.9950,369.5220,373.7100,3147481,34.538817
2003-03-12,sz000001,373.7100,374.8520,368.3800,374.8520,2994205,34.548571
2003-03-13,sz000001,374.8520,377.5180,370.2830,372.9490,2540534,34.532315
2003-03-14,sz000001,372.1870,378.6600,371.0450,375.9950,2649710,34.558364
2003-03-17,sz000001,375.9950,375.9950,371.0450,375.6140,2447195,34.555106
2003-03-18,sz000001,374.8520,381.3250,372.9490,372.9490,3305784,34.532315
2003-03-19,sz000001,372.9490,387.4170,371.0450,380.5640,6687678,34.596727
2003-03-20,sz000001,380.1830,384.3710,376.7560,378.2790,3246757,34.577605
2003-03-21,sz000001,378.2790,391.2250,377.1370,388.5590,12272996,34.661820
2003-03-24,sz000001,389.7020,393.1280,386.2750,388.9400,4398879,34.664884
2003-03-25,sz000001,388.9400,390.0820,378.6600,379.8020,4987107,34.590346
2003-03-26,sz000001,377.5180,388.1790,376.7560,382.4670,5486384,34.612398
2003-03-27,sz000001,382.0870,409.1200,380.5640,403.7890,27826089,34.779414
2003-03-28,sz000001,402.6470,412.9270,398.4590,403.0280,24072218,34.773770
2003-03-31,sz000001,403.0280,412.1660,401.5050,410.6430,14396497,34.829771
2003-04-01,sz000001,411.4040,417.8770,407.5970,411.0240,19530165,34.832542
2003-04-02,sz000001,410.6430,425.4920,408.3580,418.6390,25550546,34.886583
2003-04-03,sz000001,418.6390,421.6850,411.7850,412.5470,10467916,34.843497
2003-04-04,sz000001,411.0240,425.8730,410.6430,423.2080,15587225,34.918152
2003-04-07,sz000001,424.3500,432.3460,419.4000,420.1620,18588512,34.897176
2003-04-08,sz000001,420.1620,424.3500,414.0700,419.0190,13142864,34.889176
2003-04-09,sz000001,418.6390,437.6760,414.8310,433.4880,20688132,34.986925
2003-04-10,sz000001,433.8690,444.5300,426.6340,428.9190,25858671,34.956724
2003-04-11,sz000001,428.5380,435.7720,424.7310,431.5840,21706228,34.974392
2003-04-14,sz000001,431.5840,452.1450,424.3500,439.1990,31039567,35.023844
2003-04-15,sz000001,441.4840,444.9100,432.3460,438.4380,25181673,35.019010
2003-04-16,sz000001,439.5800,486.0320,439.5800,486.0320,120770560,35.296442
2003-04-17,sz000001,484.5090,490.9810,462.8060,474.2280,58135441,35.232392
2003-04-18,sz000001,474.2280,474.9900,451.0020,452.5250,30994986,35.106672
2003-04-21,sz000001,460.5210,461.6630,432.3460,444.1490,27804286,35.055170
2003-04-22,sz000001,451.0020,459.7600,447.9560,452.9060,24526424,35.108992
2003-04-23,sz000001,453.6680,459.7600,438.0570,440.7220,21329034,35.033545
2003-04-24,sz000001,439.9610,440.3410,411.0240,417.1160,30090284,34.875920
2003-04-25,sz000001,417.1160,424.3500,412.5470,414.4500,15995446,34.857023
2003-04-28,sz000001,411.0240,451.7640,403.4090,445.6720,31087520,35.064673
2003-04-29,sz000001,437.6760,447.5760,428.1570,431.5840,23441452,34.974392
2003-04-30,sz000001,431.9650,449.0990,431.5840,435.0110,17559852,34.996862
2003-05-12,sz000001,426.2540,447.5760,417.8770,441.1030,16839765,35.035981
2003-05-13,sz000001,442.2450,446.4330,415.5930,417.1160,23623688,34.875920
2003-05-14,sz000001,415.2120,425.1110,411.0240,421.3040,11795143,34.905054
2003-05-15,sz000001,422.4460,430.4420,414.8310,428.1570,14900272,34.951592
2003-05-16,sz000001,428.9190,463.5670,428.1570,441.4840,34325542,35.038413
2003-05-19,sz000001,443.3870,454.8100,436.5340,449.0990,20120869,35.085859
2003-05-20,sz000001,448.3370,448.3370,435.7720,438.8180,10198708,35.021389
2003-05-21,sz000001,437.6760,448.7180,432.3460,433.4880,9578831,34.986925
2003-05-22,sz000001,433.4880,441.8640,425.4920,438.8180,10410339,35.021389
2003-05-23,sz000001,440.7220,451.0020,436.9150,441.1030,17673402,35.035981
2003-05-26,sz000001,441.1030,450.2410,440.3410,446.4330,13429909,35.069364
2003-05-27,sz000001,447.5760,452.1450,443.0070,446.0530,9450688,35.067060
2003-05-28,sz000001,447.1950,456.7140,441.4840,441.8640,16454143,35.040761
2003-05-29,sz000001,440.7220,443.7680,430.0610,443.0070,13173484,35.048022
2003-05-30,sz000001,445.2910,447.9560,432.7260,439.5800,14258872,35.026295
2003-06-02,sz000001,439.1990,439.1990,429.3000,435.0110,9348744,34.996862
2003-06-03,sz000001,435.0110,436.5340,428.1570,429.3000,9360217,34.959283
2003-06-04,sz000001,428.1570,438.8180,426.2540,436.9150,6863701,35.009215
2003-06-05,sz000001,435.3920,437.6760,428.1570,430.0610,6562209,34.964309
2003-06-06,sz000001,430.0610,430.0610,419.7810,420.1620,9044532,34.897176
2003-06-09,sz000001,418.6390,422.0650,413.3080,413.6890,6506824,34.851643
2003-06-10,sz000001,412.9270,417.8770,411.4040,415.5930,3794121,34.865185
2003-06-11,sz000001,415.5930,424.3500,415.5930,423.2080,5626233,34.918152
2003-06-12,sz000001,423.2080,425.4920,417.1160,417.8770,3558631,34.881219
2003-06-13,sz000001,418.2580,424.7310,416.7350,423.9690,3557379,34.923311
2003-06-16,sz000001,423.9690,424.3500,416.7350,418.2580,2614594,34.883903
2003-06-17,sz000001,416.7350,419.7810,412.1660,412.9270,4172077,34.846160
2003-06-18,sz000001,412.9270,418.2580,412.1660,413.3080,3435790,34.848904
2003-06-19,sz000001,413.3080,416.7350,401.8860,403.7890,11170006,34.779414
2003-06-20,sz000001,403.7890,409.1200,397.6970,398.0780,7130201,34.736300
2003-06-23,sz000001,396.9360,399.6010,395.0320,396.1740,3202022,34.721648
2003-06-24,sz000001,405.6930,405.6930,395.7940,399.6010,3219543,34.747913
2003-06-25,sz000001,401.5050,402.2660,392.7480,393.5090,2435743,34.700970
2003-06-26,sz000001,392.7480,398.8400,381.7060,394.6510,5810318,34.709850
2003-06-27,sz000001,394.6510,395.4130,384.3710,384.7520,3499101,34.631143
2003-06-30,sz000001,384.3710,391.9860,380.9440,383.9900,3049907,34.624887
2003-07-01,sz000001,383.9900,391.9860,382.0870,383.6100,3180621,34.621841
2003-07-02,sz000001,384.3710,395.0320,382.4670,391.9860,4167554,34.689027
2003-07-03,sz000001,391.9860,395.4130,388.1790,392.3670,3322013,34.692042
2003-07-04,sz000001,391.9860,393.1280,386.2750,388.1790,2405894,34.658839
2003-07-07,sz000001,387.7980,389.3210,382.8480,386.6560,2134469,34.646595
2003-07-08,sz000001,387.4170,392.7480,386.2750,391.9860,2825423,34.689027
2003-07-09,sz000001,392.3670,394.2710,384.7520,386.6560,2384505,34.646595
2003-07-10,sz000001,388.1790,398.8400,385.5130,395.4130,6650471,34.715803
2003-07-11,sz000001,395.7940,396.9360,391.2250,392.3670,3588308,34.692042
2003-07-14,sz000001,391.2250,392.7480,384.3710,385.8940,4504901,34.640395
2003-07-15,sz000001,385.8940,391.2250,385.5130,387.7980,2987643,34.655764
2003-07-16,sz000001,387.7980,391.9860,387.7980,389.7020,2937835,34.670996
2003-07-17,sz000001,389.7020,394.6510,384.3710,392.3670,8065794,34.692042
2003-07-18,sz000001,392.7480,393.1280,375.9950,377.1370,11403298,34.568011
2003-07-21,sz000001,369.9030,375.9950,364.1910,367.6180,7821909,34.485741
2003-07-22,sz000001,369.5220,374.4720,360.3840,363.8110,8131191,34.451799
2003-07-23,sz000001,365.3340,372.1870,364.1910,371.0450,4326183,34.515814
2003-07-24,sz000001,370.6640,371.0450,363.0490,364.5720,4006838,34.458601
2003-07-25,sz000001,365.3340,371.0450,360.7650,361.5260,4995717,34.431048
2003-07-28,sz000001,361.5260,361.5260,354.6730,357.3380,2934569,34.392493
2003-07-29,sz000001,357.7190,361.1450,356.5760,360.0030,2883753,34.417113
2003-07-30,sz000001,361.5260,367.6180,361.1450,366.4760,3930769,34.475635
2003-07-31,sz000001,366.4760,369.1410,364.5720,365.7140,3055663,34.468803
2003-08-01,sz000001,365.7140,375.9950,364.5720,372.9490,4711589,34.532315
2003-08-04,sz000001,372.9490,378.6600,369.1410,375.9950,3801497,34.558364
2003-08-05,sz000001,375.9950,377.5180,372.5680,373.3290,2813860,34.535523
2003-08-06,sz000001,373.3290,374.4720,367.9990,372.1870,4307582,34.525696
2003-08-07,sz000001,372.1870,386.6560,370.2830,378.6600,7001597,34.580822
2003-08-08,sz000001,378.6600,379.8020,368.3800,369.5220,3936807,34.502521
2003-08-11,sz000001,367.9990,373.7100,364.1910,370.6640,1857772,34.512477
2003-08-12,sz000001,371.0450,375.6140,369.1410,371.4260,1235115,34.519145
2003-08-13,sz000001,371.4260,373.7100,365.7140,366.0950,2143386,34.472222
2003-08-14,sz000001,364.9530,369.1410,363.4300,364.9530,2869362,34.462040
2003-08-15,sz000001,364.9530,379.8020,364.1910,372.5680,5575573,34.529008
2003-08-18,sz000001,372.5680,378.6600,369.9030,375.9950,4164570,34.558364
2003-08-19,sz000001,376.7560,379.0410,374.4720,375.2330,2914191,34.551842
2003-08-20,sz000001,375.2330,377.1370,367.6180,370.2830,2900648,34.509133
2003-08-21,sz000001,371.8060,374.8520,369.1410,374.8520,2294033,34.548571
2003-08-22,sz000001,372.9490,380.1830,369.9030,371.0450,7500738,34.515814
2003-08-25,sz000001,369.1410,369.1410,360.7650,362.2880,4610641,34.438023
2003-08-27,sz000001,361.5260,366.4760,359.6220,360.3840,2495063,34.420630
2003-08-28,sz000001,359.6220,360.3840,348.9610,350.1040,5836635,34.323922
2003-08-29,sz000001,349.3420,355.8150,346.2960,355.0530,4905411,34.371055
2003-09-01,sz000001,353.9110,361.1450,351.2460,358.4800,4086493,34.403071
2003-09-02,sz000001,359.2420,361.9070,353.9110,355.4340,3751022,34.374662
2003-09-03,sz000001,353.9110,358.4800,353.9110,356.1960,1759945,34.381853
2003-09-04,sz000001,355.8150,359.2420,355.0530,356.5760,2161182,34.385342
2003-09-05,sz000001,356.5760,356.9570,348.2000,350.4840,3668842,34.327522
2003-09-08,sz000001,350.1040,350.1040,343.2500,347.0580,6201282,34.294269
2003-09-09,sz000001,346.6770,349.7230,342.1080,344.3920,6212553,34.267861
2003-09-10,sz000001,344.7730,347.8190,342.8690,347.0580,2577610,34.294269
2003-09-11,sz000001,347.0580,353.1500,346.2960,350.1040,3748277,34.323922
2003-09-12,sz000001,350.1040,350.1040,340.5850,341.3460,6741040,34.237312
2003-09-15,sz000001,340.9660,342.1080,325.7360,327.6390,7663981,34.093548
2003-09-16,sz000001,327.2590,331.8280,323.4510,331.0660,4104746,34.130515
2003-09-17,sz000001,331.0660,331.0660,317.7400,320.0240,6021420,34.008927
2003-09-18,sz000001,319.6440,323.4510,318.5010,323.0700,4290135,34.043203
2003-09-19,sz000001,323.4510,326.4970,316.9780,322.6900,4703068,34.039030
2003-09-22,sz000001,322.6900,323.4510,317.3590,319.2630,2193811,34.000319
2003-09-23,sz000001,319.2630,325.3550,315.8360,324.9740,5131901,34.064361
2003-09-24,sz000001,324.9740,325.7360,319.6440,323.4510,3749364,34.047474
2003-09-25,sz000001,323.4510,324.2130,315.8360,317.7400,3492386,33.982888
2003-09-26,sz000001,317.7400,320.7860,316.9780,317.3590,1903188,33.978480
2003-09-29,sz000001,323.4510,323.4510,312.0290,312.7900,3678937,34.486218
2003-09-30,sz000001,313.1710,317.7400,309.7440,316.5980,3076701,34.525409
2003-10-08,sz000001,319.6440,320.4050,315.8360,317.7400,1828293,34.536957
2003-10-09,sz000001,317.3590,320.4050,316.5980,316.5980,1387409,34.525409
2003-10-10,sz000001,316.2170,328.0200,315.8360,325.3550,3812981,34.612234
2003-10-13,sz000001,326.1160,328.0200,321.5470,323.0700,3183656,34.589936
2003-10-14,sz000001,321.5470,323.4510,315.0750,315.8360,3219560,34.517596
2003-10-15,sz000001,315.8360,325.3550,310.1250,311.6480,5644280,34.474336
2003-10-17,sz000001,310.1250,312.0290,306.3170,310.1250,3852518,34.458333
2003-10-20,sz000001,310.1250,311.6480,307.0790,308.6020,2439904,34.442187
2003-10-21,sz000001,308.2210,309.3630,300.9870,304.4140,3171348,34.397062
2003-10-22,sz000001,306.3170,315.0750,303.2710,310.8860,5257222,34.466297
2003-10-23,sz000001,312.0290,314.6940,307.8400,307.8400,4152921,34.434004
2003-10-24,sz000001,308.2210,309.7440,303.6520,305.5560,3269220,34.409459
2003-10-27,sz000001,305.1750,305.1750,297.9410,298.7020,5347444,34.333563
2003-10-28,sz000001,298.7020,303.6520,296.7990,302.1290,4143232,34.371900
2003-10-29,sz000001,302.5100,304.4140,291.0870,295.2760,5573141,34.294541
2003-10-30,sz000001,295.2760,296.7990,278.5230,280.0460,8411052,34.110353
2003-10-31,sz000001,279.6650,285.3760,270.9080,277.3800,6482880,34.076167
2003-11-03,sz000001,276.2380,281.9490,272.4310,278.5230,5242574,34.090942
2003-11-04,sz000001,279.2840,294.1330,278.9030,286.8990,9785325,34.195352
2003-11-05,sz000001,287.2800,289.1840,275.8570,279.2840,6805318,34.100611
2003-11-06,sz000001,279.2840,279.2840,272.8110,273.5730,7618892,34.026493
2003-11-07,sz000001,273.5730,273.9540,260.6270,267.8620,9139372,33.949556
2003-11-10,sz000001,267.4810,272.0500,264.4350,272.0500,3427528,34.006250
2003-11-11,sz000001,272.0500,273.5730,268.2420,272.4310,2193436,34.011361
2003-11-12,sz000001,271.6690,271.6690,264.4350,265.1960,3057355,33.912532
2003-11-13,sz000001,264.4350,267.4810,262.5310,263.6730,2813283,33.891131
2003-11-14,sz000001,264.4350,269.3850,261.3890,265.5770,5095941,33.917880
2003-11-17,sz000001,265.5770,267.4810,260.6270,261.0080,3693728,33.853178
2003-11-18,sz000001,263.6730,263.6730,258.3430,259.1040,2815148,33.825587
2003-11-19,sz000001,258.7240,272.0500,257.5810,267.4810,5214291,33.944289
2003-11-20,sz000001,268.2420,282.7110,267.4810,282.3300,10466910,34.139057
2003-11-21,sz000001,283.4720,290.3260,273.9540,275.0960,9126299,34.046535
2003-11-24,sz000001,275.0960,286.8990,275.0960,285.7570,8154688,34.181459
2003-11-25,sz000001,289.5640,309.7440,289.5640,298.3220,21683240,34.329344
2003-11-26,sz000001,297.1790,298.3220,291.8490,294.8950,7357125,34.290116
2003-11-27,sz000001,294.8950,296.4180,283.4720,284.2340,7114537,34.162740
2003-11-28,sz000001,282.7110,289.5640,281.5690,286.5180,4149777,34.190692
2003-12-01,sz000001,287.2800,296.4180,286.8990,294.8950,5313433,34.290116
2003-12-02,sz000001,298.3220,300.6060,291.0870,292.2300,5522382,34.259086
2003-12-03,sz000001,292.2300,296.7990,285.3760,291.4680,5720306,34.250059
2003-12-04,sz000001,291.4680,301.7480,291.4680,296.7990,8661460,34.312023
2003-12-05,sz000001,297.5600,300.2250,293.3720,294.8950,4633293,34.290116
2003-12-08,sz000001,295.2760,299.8450,289.9450,290.3260,3582067,34.236557
2003-12-09,sz000001,289.1840,290.3260,284.9950,288.0410,3869834,34.209145
2003-12-10,sz000001,289.9450,305.5560,289.9450,295.6560,7568921,34.298840
2003-12-11,sz000001,297.1790,305.1750,296.4180,302.5100,12243536,34.376136
2003-12-12,sz000001,304.4140,315.8360,300.2250,311.6480,21646779,34.474336
2003-12-15,sz000001,310.8860,312.4090,305.1750,306.6980,8552946,34.421773
2003-12-16,sz000001,305.9370,305.9370,296.7990,302.1290,6297046,34.371900
2003-12-17,sz000001,302.5100,306.6980,298.7020,299.0830,4991344,34.337887
2003-12-18,sz000001,298.7020,299.4640,292.2300,295.6560,5798203,34.298840
2003-12-19,sz000001,294.8950,298.3220,285.3760,288.4220,9203958,34.213760
2003-12-22,sz000001,286.5180,299.4640,281.5690,299.4640,8837308,34.342202
2003-12-23,sz000001,302.5100,307.0790,297.9410,301.7480,9591016,34.367654
2003-12-24,sz000001,309.7440,313.9320,306.3170,307.4600,14370627,34.430011
2003-12-25,sz000001,307.4600,308.6020,300.9870,301.7480,6526188,34.367654
2003-12-26,sz000001,301.7480,304.0330,296.7990,300.9870,4212021,34.359247
2003-12-29,sz000001,299.8450,299.8450,294.1330,294.8950,4051155,34.290116
2003-12-30,sz000001,294.5140,300.2250,294.1330,298.7020,3506094,34.333563
2003-12-31,sz000001,298.7020,300.2250,289.5640,291.4680,5658855,34.250059
2004-01-02,sz000001,291.4680,296.7990,287.6610,296.4180,5804780,34.307639
2004-01-05,sz000001,296.4180,309.3630,294.8950,307.0790,12057777,34.425897
2004-01-06,sz000001,310.1250,331.0660,310.1250,322.6900,37591745,34.586281
2004-01-07,sz000001,322.6900,330.3050,319.6440,324.9740,19536244,34.608520
2004-01-08,sz000001,325.3550,328.0200,318.8820,325.7360,12701527,34.615940
2004-01-09,sz000001,325.7360,327.6390,310.1250,311.2670,16045970,34.470321
2004-01-12,sz000001,310.1250,317.7400,308.6020,317.3590,9085634,34.533079
2004-01-13,sz000001,319.6440,324.9740,313.1710,316.9780,10865359,34.529194
2004-01-14,sz000001,318.5010,318.8820,310.1250,311.2670,7326908,34.470321
2004-01-15,sz000001,311.2670,317.3590,310.1250,313.9320,6167846,34.498022
2004-01-16,sz000001,313.9320,322.6900,313.1710,320.7860,8907718,34.567457
2004-01-29,sz000001,320.7860,332.2080,317.7400,330.3050,11326806,34.659496
2004-01-30,sz000001,331.0660,332.5890,320.4050,320.7860,8234225,34.567457
2004-02-02,sz000001,325.3550,340.2040,323.4510,335.6350,23519653,34.708893
2004-02-03,sz000001,335.6350,345.5350,331.4470,341.7270,17544695,34.763683
2004-02-04,sz000001,343.6310,351.2460,342.4890,348.5810,19397504,34.823277
2004-02-05,sz000001,350.4840,358.8610,347.4380,350.4840,17483903,34.839364
2004-02-06,sz000001,351.2460,385.5130,343.6310,367.6180,43812503,34.977926
2004-02-09,sz000001,368.7600,376.3750,364.1910,370.6640,19630069,35.001322
2004-02-10,sz000001,372.9490,384.3710,367.6180,376.3750,23260262,35.044227
2004-02-11,sz000001,377.8980,380.1830,365.3340,371.8060,20199117,35.009981
2004-02-12,sz000001,372.9490,379.0410,367.2370,367.6180,14827641,34.977926
2004-02-13,sz000001,364.9530,370.2830,356.1960,357.7190,14423658,34.899415
2004-02-16,sz000001,357.7190,372.1870,357.7190,371.0450,12619536,35.004245
2004-02-17,sz000001,371.4260,376.7560,367.9990,369.9030,11930389,34.995553
2004-02-18,sz000001,367.9990,375.6140,365.3340,368.3800,12168461,34.983856
2004-02-19,sz000001,368.7600,376.7560,367.2370,370.6640,11797292,35.001322
2004-02-20,sz000001,371.0450,395.7940,369.9030,390.8440,59757094,35.147842
2004-02-23,sz000001,391.9860,401.1240,382.4670,382.8480,31529582,35.091476
2004-02-24,sz000001,382.4670,382.4670,365.3340,371.4260,21951132,35.007163
2004-02-25,sz000001,371.8060,377.5180,357.7190,359.6220,18810525,34.914757
2004-02-26,sz000001,358.8610,363.8110,353.9110,361.1450,13566783,34.926983
2004-02-27,sz000001,361.5260,364.9530,356.9570,361.9070,8180086,34.933108
2004-03-01,sz000001,360.3840,363.4300,350.1040,362.2880,9583648,34.936162
2004-03-02,sz000001,363.4300,369.9030,361.5260,365.3340,9874340,34.960191
2004-03-03,sz000001,360.3840,379.4210,359.6220,371.4260,18211090,35.007163
2004-03-04,sz000001,370.2830,390.0820,369.1410,388.5590,34066490,35.131917
2004-03-05,sz000001,391.9860,393.5090,372.9490,373.7100,22448758,35.024367
2004-03-08,sz000001,373.7100,380.1830,361.9070,363.8110,13280269,34.948223
2004-03-09,sz000001,362.6680,373.3290,362.6680,364.5720,8771816,34.954171
2004-03-10,sz000001,364.5720,374.8520,364.5720,374.0910,8059458,35.027247
2004-03-11,sz000001,375.2330,382.0870,372.9490,378.2790,12175180,35.058295
2004-03-12,sz000001,376.7560,377.8980,369.5220,373.3290,8074978,35.021482
2004-03-15,sz000001,371.0450,386.2750,371.0450,385.1330,20382781,35.107840
2004-03-16,sz000001,385.8940,387.4170,378.6600,382.4670,12458035,35.088716
2004-03-17,sz000001,382.8480,399.2200,380.5640,395.0320,38534338,35.176492
2004-03-18,sz000001,395.7940,401.5050,384.7520,386.2750,29509166,35.115909
2004-03-19,sz000001,386.2750,393.8900,384.3710,392.7480,14215519,35.160967
2004-03-22,sz000001,393.8900,400.3630,391.9860,398.0780,15192734,35.196994
2004-03-23,sz000001,398.0780,398.8400,385.1330,389.3210,17369175,35.137274
2004-03-24,sz000001,388.1790,388.1790,377.8980,382.0870,16101349,35.086042
2004-03-25,sz000001,382.0870,388.5590,377.1370,381.7060,9472232,35.083272
2004-03-26,sz000001,381.7060,384.3710,376.7560,380.5640,8743083,35.075023
2004-03-29,sz000001,378.6600,380.9440,366.4760,368.7600,19253541,34.986717
2004-03-30,sz000001,369.5220,373.7100,367.2370,371.8060,6928043,35.009981
2004-03-31,sz000001,374.4720,374.4720,368.7600,373.3290,6407592,35.021482
2004-04-01,sz000001,373.3290,376.7560,368.3800,374.4720,8896248,35.030122
2004-04-02,sz000001,374.8520,376.3750,371.0450,375.9950,8675925,35.041473
2004-04-05,sz000001,376.7560,377.8980,368.3800,370.6640,8678689,35.001322
2004-04-06,sz000001,371.0450,373.7100,364.9530,372.9490,11322094,35.018685
2004-04-07,sz000001,372.5680,372.9490,366.4760,367.6180,9570810,34.977926
2004-04-08,sz000001,367.2370,367.6180,362.6680,363.0490,11468470,34.942156
2004-04-09,sz000001,363.0490,367.9990,355.0530,357.3380,11652085,34.896289
2004-04-12,sz000001,355.8150,359.6220,353.5300,358.8610,7828709,34.908658
2004-04-13,sz000001,358.8610,361.5260,343.6310,344.3920,16066004,34.787071
2004-04-14,sz000001,344.3920,344.3920,329.5430,333.7310,16561009,34.691372
2004-04-15,sz000001,334.4930,355.0530,334.1120,340.2040,14663949,34.750153
2004-04-16,sz000001,340.5850,345.1540,331.0660,338.6810,6910611,34.736513
2004-04-19,sz000001,338.6810,340.5850,321.5470,323.4510,8618927,34.593690
2004-04-20,sz000001,321.5470,328.7820,318.1210,324.5930,6236145,34.604797
2004-04-21,sz000001,326.4970,334.8740,326.4970,329.9240,6101887,34.655882
2004-04-22,sz000001,329.9240,333.7310,328.4010,332.9700,3617293,34.684375
2004-04-23,sz000001,333.7310,334.8740,324.2130,324.5930,3782786,34.604797
2004-04-26,sz000001,324.5930,327.6390,321.5470,323.8320,2761123,34.597436
2004-04-27,sz000001,323.4510,327.2590,315.8360,316.9780,5270796,34.529194
2004-04-28,sz000001,316.5980,322.6900,306.3170,319.2630,6774513,34.552273
2004-04-29,sz000001,319.2630,326.1160,317.7400,319.2630,5411255,34.552273
2004-04-30,sz000001,318.5010,328.7820,318.1210,322.6900,4771468,34.586281
2004-05-10,sz000001,323.0700,325.3550,312.0290,312.7900,3590924,34.486218
2004-05-11,sz000001,312.7900,316.9780,310.1250,316.2170,2443107,34.521507
2004-05-12,sz000001,316.2170,323.8320,315.0750,323.0700,2997941,34.589936
2004-05-13,sz000001,323.0700,324.5930,319.6440,322.3090,2731366,34.582511
2004-05-14,sz000001,321.5470,322.6900,313.9320,314.6940,2936895,34.505921
2004-05-17,sz000001,314.6940,318.1210,310.5060,311.6480,2864953,34.474336
2004-05-18,sz000001,313.1710,319.6440,311.2670,319.6440,2234901,34.556108
2004-05-19,sz000001,320.0240,323.0700,315.8360,318.5010,3165565,34.544577
2004-05-20,sz000001,318.5010,322.3090,313.5520,315.0750,2027089,34.509858
2004-05-21,sz000001,313.5520,317.7400,313.5520,316.9780,1379114,34.529194
2004-05-24,sz000001,316.9780,321.5470,314.3130,314.6940,2138472,34.505921
2004-05-25,sz000001,314.6940,316.9780,310.1250,310.8860,2758384,34.466297
2004-05-26,sz000001,310.8860,312.7900,302.8910,304.7940,4405323,34.401129
2004-05-27,sz000001,305.5560,320.7860,304.7940,317.7400,6280757,34.536957
2004-05-28,sz000001,317.7400,319.6440,314.6940,319.6440,3193031,34.556108
2004-05-31,sz000001,332.2080,344.3920,328.4010,333.7310,14833913,34.691372
2004-06-01,sz000001,337.5390,340.5850,333.7310,334.8740,9767510,34.701969
2004-06-02,sz000001,336.7770,349.7230,334.4930,345.9150,16192206,34.800302
2004-06-03,sz000001,344.3920,344.3920,334.8740,337.1580,6878122,34.722760
2004-06-04,sz000001,336.7770,339.0620,332.9700,334.1120,4538796,34.694912
2004-06-07,sz000001,334.1120,334.8740,324.5930,325.7360,4077004,34.615940
2004-06-08,sz000001,324.5930,328.0200,317.3590,317.7400,4031424,34.536957
2004-06-09,sz000001,316.9780,319.2630,312.7900,313.9320,3887789,34.498022
2004-06-10,sz000001,313.9320,316.2170,311.2670,313.1710,3171248,34.490198
2004-06-11,sz000001,313.5520,322.6900,310.1250,313.1710,3725591,34.490198
2004-06-14,sz000001,310.1250,312.0290,302.5100,305.9370,3666796,34.413611
2004-06-15,sz000001,304.7940,328.0200,302.5100,321.5470,5295282,34.574946
2004-06-16,sz000001,321.5470,322.3090,315.0750,318.1210,3317098,34.540825
2004-06-17,sz000001,318.1210,318.1210,307.8400,310.1250,2913721,34.458333
2004-06-18,sz000001,310.1250,315.8360,308.2210,313.9320,2700508,34.498022
2004-06-21,sz000001,310.8860,313.9320,304.7940,313.1710,1916451,34.490198
2004-06-22,sz000001,313.1710,316.5980,310.1250,314.3130,2473812,34.501976
2004-06-23,sz000001,315.8360,316.9780,310.1250,312.0290,1731162,34.478343
2004-06-24,sz000001,310.8860,314.6940,306.3170,307.0790,2759182,34.425897
2004-06-25,sz000001,306.3170,313.9320,304.7940,305.1750,3103844,34.405299
2004-06-28,sz000001,302.8910,306.3170,286.5180,287.6610,5999953,34.204637
2004-06-29,sz000001,287.6610,296.0370,287.2800,294.8950,3576755,34.290116
2004-07-01,sz000001,291.8490,302.5100,289.1840,300.9870,3650686,34.359247
2004-07-02,sz000001,301.7480,302.5100,296.7990,298.3220,2735630,34.329344
2004-07-05,sz000001,298.7020,300.2250,294.5140,296.4180,1682130,34.307639
2004-07-06,sz000001,296.4180,300.9870,296.4180,297.9410,2088629,34.325000
2004-07-07,sz000001,297.9410,298.7020,292.2300,293.3720,1923263,34.272430
2004-07-08,sz000001,292.9910,294.1330,291.0870,291.4680,1828827,34.250059
2004-07-09,sz000001,292.9910,299.4640,288.4220,289.1840,2320243,34.222959
2004-07-12,sz000001,289.1840,290.7070,282.7110,283.4720,3556331,34.153253
2004-07-13,sz000001,284.2340,286.8990,283.0920,285.3760,1379240,34.176766
2004-07-14,sz000001,285.3760,287.2800,278.9030,282.7110,2381433,34.143841
2004-07-15,sz000001,283.0920,289.1840,282.7110,287.2800,2113052,34.200000
2004-07-16,sz000001,287.2800,295.6560,286.8990,294.5140,5250215,34.285681
2004-07-19,sz000001,294.1330,297.1790,290.7070,294.5140,2475375,34.285681
2004-07-20,sz000001,294.5140,294.5140,289.1840,289.5640,2302144,34.227423
2004-07-21,sz000001,289.5640,290.3260,286.5180,286.8990,1861981,34.195352
2004-07-22,sz000001,287.2800,289.1840,279.6650,280.8070,3757114,34.119927
2004-07-23,sz000001,280.4260,280.4260,272.0500,277.3800,5908841,34.076167
2004-07-26,sz000001,277.7610,280.8070,275.4770,276.2380,2119731,34.061406
2004-07-27,sz000001,276.2380,278.1420,272.0500,273.5730,2208980,34.026493
2004-07-28,sz000001,273.9540,278.1420,273.1920,275.8570,1567867,34.056420
2004-07-29,sz000001,275.8570,280.0460,275.8570,279.6650,1958987,34.105488
2004-07-30,sz000001,279.6650,280.4260,275.0960,276.2380,1634092,34.061406
2004-08-02,sz000001,275.0960,275.8570,272.4310,274.3340,1477232,34.036476
2004-08-03,sz000001,274.3340,275.0960,272.4310,273.1920,1709906,34.021420
2004-08-04,sz000001,272.8110,283.0920,272.0500,279.2840,3104425,34.100611
2004-08-05,sz000001,277.7610,281.9490,275.0960,275.4770,1788359,34.051545
2004-08-06,sz000001,275.4770,277.7610,275.0960,275.8570,1394539,34.056420
2004-08-09,sz000001,275.8570,279.6650,273.1920,276.6190,1616402,34.066379
2004-08-10,sz000001,277.0000,278.5230,272.8110,277.3800,1917343,34.076167
2004-08-11,sz000001,277.3800,277.7610,273.9540,275.4770,1376076,34.051545
2004-08-12,sz000001,274.7150,274.7150,268.2420,270.9080,3174146,33.990966
2004-08-13,sz000001,271.2880,278.1420,270.5270,273.1920,2190821,34.021420
2004-08-16,sz000001,273.5730,279.6650,270.9080,274.3340,1827408,34.036476
2004-08-17,sz000001,275.8570,275.8570,272.0500,274.7150,1160324,34.041512
2004-08-18,sz000001,275.8570,280.8070,275.0960,277.0000,3789165,34.071341
2004-08-19,sz000001,275.8570,277.7610,272.8110,275.4770,2211079,34.051545
2004-08-20,sz000001,275.0960,278.9030,273.5730,278.1420,2091954,34.086029
2004-08-23,sz000001,278.9030,279.6650,274.3340,275.4770,1632675,34.051545
2004-08-24,sz000001,273.9540,278.5230,273.5730,277.0000,1610465,34.071341
2004-08-25,sz000001,277.7610,278.5230,274.3340,275.0960,1001120,34.046535
2004-08-26,sz000001,275.0960,275.8570,272.0500,272.0500,2276229,34.006250
2004-08-27,sz000001,271.2880,273.9540,269.0040,270.5270,1834285,33.985804
2004-08-30,sz000001,270.5270,276.2380,268.6230,274.3340,1389317,34.036476
2004-08-31,sz000001,278.1420,279.6650,275.4770,278.1420,3017262,34.086029
2004-09-01,sz000001,278.1420,278.1420,272.0500,272.8110,1363167,34.016334
2004-09-02,sz000001,272.4310,275.0960,269.3850,272.4310,1969788,34.011361
2004-09-03,sz000001,272.4310,273.9540,270.9080,271.2880,1203302,33.995990
2004-09-06,sz000001,271.6690,271.6690,268.6230,270.9080,874812,33.990966
2004-09-07,sz000001,271.2880,277.7610,271.2880,276.2380,1065204,34.061406
2004-09-08,sz000001,276.2380,277.0000,272.4310,275.4770,1576484,34.051545
2004-09-09,sz000001,275.4770,275.4770,267.4810,269.3850,1992609,33.970366
2004-09-10,sz000001,267.4810,275.4770,266.7190,274.7150,2221713,34.041512
2004-09-13,sz000001,272.8110,272.8110,266.7190,268.6230,1724723,33.959924
2004-09-14,sz000001,269.0040,277.7610,269.0040,275.4770,3296183,34.051545
2004-09-15,sz000001,275.4770,290.3260,273.1920,284.6150,10484871,34.167467
2004-09-16,sz000001,287.6610,290.3260,282.7110,285.3760,6518916,34.176766
2004-09-17,sz000001,286.1380,292.9910,283.4720,291.8490,9413043,34.254577
2004-09-20,sz000001,291.8490,301.7480,290.3260,301.3680,12619192,34.363512
2004-09-21,sz000001,302.5100,304.4140,294.1330,297.9410,10592669,34.325000
2004-09-22,sz000001,305.5560,319.2630,298.7020,299.4640,25243411,34.342202
2004-09-23,sz000001,299.0830,308.2210,289.9450,307.4600,9927847,34.430011
2004-09-24,sz000001,306.3170,309.3630,294.1330,294.5140,13240842,34.285681
2004-09-27,sz000001,294.8950,301.3680,282.3300,283.4720,7541152,34.153253
2004-09-28,sz000001,283.4720,287.2800,278.9030,280.4260,6612162,34.115085
2004-09-29,sz000001,281.5690,282.3300,275.0960,276.2380,7738576,34.061406
2004-09-30,sz000001,277.0000,279.6650,276.2380,278.1420,3435900,34.086029
2004-10-08,sz000001,279.6650,281.1880,269.7650,279.6650,4599061,34.105488
2004-10-11,sz000001,283.4720,290.7070,280.8070,281.1880,7560806,34.124757
2004-10-12,sz000001,280.4260,280.8070,272.8110,273.9540,5584093,34.031553
2004-10-13,sz000001,273.9540,278.9030,273.9540,277.7610,3129828,34.081104
2004-10-14,sz000001,277.7610,278.1420,266.7190,267.1000,6418701,33.939009
2004-10-15,sz000001,266.3390,272.0500,265.1960,267.8620,4226959,33.949556
2004-10-18,sz000001,268.2420,270.5270,259.1040,262.5310,5171091,33.874968
2004-10-19,sz000001,262.9120,270.1460,262.9120,264.4350,3556036,33.901923
2004-10-20,sz000001,264.4350,264.4350,253.3930,258.3430,4863995,33.814529
2004-10-21,sz000001,257.5810,257.9620,230.1670,234.3560,18523113,33.431669
2004-10-22,sz000001,233.9750,234.3560,218.7450,227.8830,11636248,33.316228
2004-10-25,sz000001,233.9750,239.6860,229.4060,230.9290,7117776,33.371243
2004-10-26,sz000001,230.1670,234.3560,225.5980,233.2130,4306938,33.411605
2004-10-27,sz000001,233.2130,233.9750,226.7410,233.5940,4813908,33.418312
2004-10-28,sz000001,233.9750,237.7820,231.3100,233.9750,5585743,33.425000
2004-10-29,sz000001,235.1170,254.9160,234.7360,240.4480,15695033,33.535286
2004-11-01,sz000001,239.6860,246.1590,233.9750,242.7320,6588158,33.572891
2004-11-02,sz000001,239.6860,243.4940,235.1170,237.4020,3845651,33.484062
2004-11-03,sz000001,237.7820,240.8280,234.3560,238.1630,3233340,33.496906
2004-11-04,sz000001,238.1630,241.5900,231.3100,232.0710,3670917,33.391511
2004-11-05,sz000001,237.4020,238.5440,231.6900,232.4520,2163213,33.398276
2004-11-08,sz000001,233.2130,233.9750,226.3600,229.0250,2886771,33.336972
2004-11-09,sz000001,230.1670,230.9290,225.9790,228.6440,2431946,33.330029
2004-11-10,sz000001,228.2640,239.3050,226.7410,237.7820,5454556,33.490423
2004-11-11,sz000001,239.6860,241.5900,235.8790,236.2590,7571504,33.464448
2004-11-12,sz000001,235.8790,237.4020,233.2130,234.3560,3597183,33.431669
2004-11-15,sz000001,234.7360,241.5900,234.7360,237.7820,3289490,33.490423
2004-11-16,sz000001,238.9250,243.4940,238.5440,241.5900,5179108,33.554167
2004-11-17,sz000001,241.9710,243.4940,235.8790,236.6400,2656919,33.471004
2004-11-18,sz000001,237.0210,241.5900,235.4980,241.2090,3027150,33.547844
2004-11-19,sz000001,242.3510,253.0120,242.3510,249.5860,14905044,33.682321
2004-11-22,sz000001,249.2050,251.1090,245.7780,248.4430,4472557,33.664363
2004-11-23,sz000001,248.4430,248.4430,242.7320,244.2550,3386752,33.597662
2004-11-24,sz000001,245.3970,246.1590,239.6860,240.0670,3354974,33.528911
2004-11-25,sz000001,239.3050,243.1130,239.3050,241.5900,2276763,33.554167
2004-11-26,sz000001,241.5900,243.1130,240.0670,240.8280,1737280,33.541504
2004-11-29,sz000001,240.8280,241.2090,235.8790,236.2590,2346566,33.464448
2004-11-30,sz000001,235.1170,237.7820,233.5940,235.8790,2860793,33.458014
2004-12-01,sz000001,235.1170,235.1170,230.1670,231.6900,3752851,33.384726
2004-12-02,sz000001,231.6900,233.9750,230.1670,233.9750,2075607,33.425000
2004-12-03,sz000001,233.9750,236.2590,233.2130,234.7360,2154277,33.438177
2004-12-06,sz000001,234.7360,235.8790,232.0710,233.2130,1908971,33.411605
2004-12-07,sz000001,233.9750,236.2590,232.4520,233.9750,1966664,33.425000
2004-12-08,sz000001,234.7360,237.0210,232.0710,232.4520,2597571,33.398276
2004-12-09,sz000001,232.4520,243.1130,230.1670,237.4020,4328096,33.484062
2004-12-10,sz000001,237.0210,237.4020,231.3100,231.6900,2271061,33.384726
2004-12-14,sz000001,231.3100,232.8330,228.6440,229.0250,2262816,33.336972
2004-12-15,sz000001,228.6440,233.5940,228.2640,232.4520,2405056,33.398276
2004-12-16,sz000001,232.0710,240.4480,229.0250,233.5940,3622574,33.418312
2004-12-17,sz000001,230.9290,235.4980,229.7870,230.5480,2059533,33.364399
2004-12-20,sz000001,230.1670,230.5480,228.2640,228.6440,3002280,33.330029
2004-12-21,sz000001,228.6440,232.0710,226.3600,228.6440,2420394,33.330029
2004-12-22,sz000001,228.6440,233.2130,227.5020,232.8330,3833753,33.405022
2004-12-23,sz000001,232.0710,235.1170,229.4060,229.4060,1738410,33.343895
2004-12-24,sz000001,229.7870,231.3100,226.3600,227.1210,1769134,33.302199
2004-12-27,sz000001,227.1210,227.1210,221.7910,224.4560,2700952,33.252741
2004-12-28,sz000001,224.0750,224.0750,220.6490,222.1720,1850912,33.209567
2004-12-29,sz000001,222.1720,224.0750,220.6490,221.0290,2057579,33.187538
2004-12-30,sz000001,221.0290,222.1720,216.8410,217.9830,3678576,33.128116
2004-12-31,sz000001,217.9830,221.0290,217.9830,218.3640,1752143,33.135660
2005-01-04,sz000001,218.3640,218.3640,213.4140,215.6990,1760832,33.082669
2005-01-05,sz000001,215.6990,216.8410,209.2260,213.4140,3222144,33.036223
2005-01-06,sz000001,214.9370,218.3640,213.0340,215.6990,2666413,33.082669
2005-01-07,sz000001,217.9830,218.7450,213.4140,215.3180,1886151,33.074962
2005-01-10,sz000001,215.3180,218.3640,209.9880,218.3640,2632055,33.135660
2005-01-12,sz000001,218.7450,219.1260,213.7950,216.0800,1638669,33.090352
2005-01-13,sz000001,216.0800,218.7450,214.9370,217.6030,1600774,33.120700
2005-01-14,sz000001,217.9830,218.7450,214.5570,214.9370,1604770,33.067231
2005-01-17,sz000001,213.7950,213.7950,203.8960,205.4190,3171407,32.867040
2005-01-18,sz000001,205.4190,206.9420,201.6110,204.2760,2591786,32.841801
2005-01-19,sz000001,204.2760,205.4190,201.6110,201.9920,1685394,32.790909
2005-01-20,sz000001,201.9920,201.9920,195.1380,196.2810,3948938,32.659068
2005-01-21,sz000001,195.9000,214.9370,190.1890,211.5110,10037864,32.997036
2005-01-24,sz000001,218.7450,220.6490,210.3680,213.7950,6458370,33.044049
2005-01-25,sz000001,213.0340,213.4140,206.1800,207.7030,3500183,32.916482
2005-01-26,sz000001,207.3220,213.4140,205.0380,207.3220,2537556,32.908254
2005-01-27,sz000001,206.9420,207.3220,200.0880,201.2300,2525015,32.773616
2005-01-28,sz000001,200.8500,202.7530,197.8040,202.3730,2331278,32.799514
2005-01-31,sz000001,201.6110,201.6110,197.0420,198.1840,1857816,32.703630
2005-02-01,sz000001,198.5650,203.1340,198.1840,199.3270,2126785,32.730213
2005-02-02,sz000001,199.7070,211.5110,199.3270,211.1300,5696657,32.989062
2005-02-03,sz000001,211.1300,212.6530,207.3220,207.7030,4140780,32.916482
2005-02-04,sz000001,207.3220,224.0750,205.0380,218.7450,8917972,33.143182
2005-02-16,sz000001,218.7450,221.7910,216.0800,218.3640,4231699,33.135660
2005-02-17,sz000001,218.7450,220.2680,215.3180,217.2220,3027991,33.113110
2005-02-18,sz000001,217.9830,221.7910,216.8410,218.7450,3964630,33.143182
2005-02-21,sz000001,219.8870,225.2180,219.8870,222.9330,6460861,33.223994
2005-02-22,sz000001,222.9330,224.8370,218.7450,224.0750,7842572,33.245549
2005-02-23,sz000001,224.0750,225.2180,219.1260,221.4100,5119877,33.194903
2005-02-24,sz000001,221.7910,221.7910,217.6030,219.8870,4987234,33.165460
2005-02-25,sz000001,219.8870,224.8370,219.8870,220.2680,5657898,33.172892
2005-02-28,sz000001,220.2680,220.6490,212.6530,214.1760,5158778,33.051852
2005-03-01,sz000001,214.1760,214.9370,210.3680,211.1300,3363695,32.989062
2005-03-02,sz000001,211.1300,213.7950,209.6070,210.3680,3079848,32.973041
2005-03-03,sz000001,210.3680,213.0340,209.2260,212.6530,1779976,33.020652
2005-03-04,sz000001,212.6530,212.6530,208.4650,209.6070,2176119,32.957075
2005-03-07,sz000001,208.4650,210.3680,204.6570,205.0380,3173417,32.858654
2005-03-08,sz000001,210.3680,210.3680,205.4190,209.2260,4561920,32.948976
2005-03-09,sz000001,209.6070,210.3680,205.0380,206.9420,4356118,32.900159
2005-03-10,sz000001,206.5610,206.5610,200.8500,201.9920,4114598,32.790909
2005-03-11,sz000001,199.7070,202.3730,198.9460,200.4690,3626511,32.756373
2005-03-14,sz000001,200.4690,202.3730,196.6610,198.9460,3693345,32.721382
2005-03-15,sz000001,199.7070,201.6110,194.3770,195.5190,4332940,32.640902
2005-03-16,sz000001,195.5190,195.9000,192.0920,193.2350,3200931,32.586003
2005-03-17,sz000001,193.6150,197.0420,193.2350,194.7580,2874931,32.622781
2005-03-18,sz000001,195.9000,197.8040,192.0920,193.2350,3211023,32.586003
2005-03-21,sz000001,193.2350,195.9000,192.0920,193.6150,1841032,32.595118
2005-03-22,sz000001,195.5190,195.9000,177.2430,178.3850,5236209,32.199458
2005-03-23,sz000001,178.3850,179.9080,170.7700,171.5320,5965876,32.002239
2005-03-24,sz000001,171.9120,174.9580,170.0090,173.0550,5310820,32.047222
2005-03-25,sz000001,173.0550,174.5780,170.7700,173.0550,2548895,32.047222
2005-03-28,sz000001,172.2930,173.0550,166.9630,169.2470,2745045,31.933396
2005-03-29,sz000001,169.2470,171.9120,168.4860,169.2470,1924809,31.933396
2005-03-30,sz000001,169.2470,169.2470,159.7280,161.6320,4233671,31.692549
2005-03-31,sz000001,161.2510,166.5820,160.1090,165.8200,3408518,31.827255
2005-04-01,sz000001,165.4400,185.6200,162.3940,180.6700,7004655,32.262500
2005-04-04,sz000001,177.6240,179.9080,171.5320,173.8160,5368979,32.069373
2005-04-05,sz000001,173.8160,181.0500,173.0550,176.4810,4510296,32.145902
2005-04-06,sz000001,176.8620,183.3350,173.0550,181.0500,5285188,32.272727
2005-04-07,sz000001,184.4770,202.3730,184.4770,202.3730,25041593,32.799514
2005-04-08,sz000001,206.9420,225.9790,202.7530,225.9790,49716401,33.281149
2005-04-11,sz000001,226.3600,248.8240,219.5060,231.6900,55705101,33.384726
2005-04-12,sz000001,229.4060,230.5480,219.5060,220.2680,29134874,33.172892
2005-04-13,sz000001,222.5520,238.9250,221.7910,229.4060,41049501,33.343895
2005-04-14,sz000001,228.2640,229.0250,215.6990,218.7450,20330132,33.143182
2005-04-15,sz000001,214.9370,225.2180,210.3680,219.8870,18402621,33.165460
2005-04-18,sz000001,217.9830,217.9830,209.2260,212.2720,10199392,33.012753
2005-04-19,sz000001,212.2720,225.9790,211.5110,224.4560,19204568,33.252741
2005-04-20,sz000001,218.7450,224.0750,213.0340,219.8870,13212542,33.165460
2005-04-22,sz000001,201.9920,211.1300,194.7580,195.1380,24913014,32.631773
2005-04-25,sz000001,188.2850,190.1890,173.0550,187.9040,16440083,32.453195
2005-04-26,sz000001,187.1430,200.8500,184.4770,197.8040,14487460,32.694876
2005-04-27,sz000001,197.8040,197.8040,183.7160,185.2390,10979891,32.384441
2005-04-28,sz000001,184.4770,196.6610,176.1010,191.3310,13263365,32.539286
2005-04-29,sz000001,191.3310,213.7950,188.2850,203.5150,23627350,32.825000
2005-05-09,sz000001,204.6570,206.1800,195.1380,199.3270,9693911,32.730213
2005-05-10,sz000001,199.3270,209.6070,194.7580,207.7030,10841413,32.916482
2005-05-11,sz000001,206.5610,211.1300,200.4690,203.1340,10686837,32.816478
2005-05-12,sz000001,202.7530,208.8450,201.2300,203.1340,7939648,32.816478
2005-05-13,sz000001,203.1340,205.0380,192.0920,196.6610,11148138,32.667940
2005-05-16,sz000001,196.6610,196.6610,186.7620,192.0920,5446162,32.557966
2005-05-17,sz000001,192.0920,201.6110,188.6660,198.1840,6094428,32.703630
2005-05-18,sz000001,198.1840,203.5150,197.4230,201.2300,5204644,32.773616
2005-05-19,sz000001,201.2300,206.1800,196.2810,203.5150,7299406,32.825000
2005-05-20,sz000001,204.2760,208.8450,200.4690,203.8960,9881085,32.833494
2005-05-23,sz000001,200.8500,201.9920,194.3770,194.3770,8263800,32.613591
2005-05-24,sz000001,193.9960,204.6570,192.4730,201.9920,6993600,32.790909
2005-05-25,sz000001,202.7530,206.5610,199.7070,202.3730,5526770,32.799514
2005-05-26,sz000001,201.9920,203.8960,200.4690,201.2300,4368986,32.773616
2005-05-27,sz000001,201.2300,206.5610,200.4690,201.6110,5431951,32.782276
2005-05-30,sz000001,199.7070,201.6110,192.0920,199.7070,5804527,32.738852
2005-05-31,sz000001,199.7070,201.9920,193.9960,196.2810,5999522,32.659068
2005-06-01,sz000001,196.2810,197.4230,193.2350,193.9960,3859103,32.604370
2005-06-02,sz000001,193.9960,196.6610,184.4770,187.5230,7876474,32.443426
2005-06-03,sz000001,187.5230,195.9000,184.8580,189.4270,6644720,32.491767
2005-06-06,sz000001,189.0460,194.3770,184.8580,193.6150,4961684,32.595118
2005-06-07,sz000001,195.1380,199.7070,192.0920,193.6150,6965848,32.595118
2005-06-08,sz000001,193.2350,216.0800,193.2350,214.5570,22011618,33.059630
2005-06-09,sz000001,214.5570,220.2680,210.3680,214.1760,21271048,33.051852
2005-06-10,sz000001,213.0340,231.3100,211.1300,217.9830,25708353,33.128116
2005-06-13,sz000001,217.9830,222.5520,210.3680,214.9370,13763523,33.067231
2005-06-14,sz000001,214.9370,222.5520,210.3680,210.7490,10363322,32.981064
2005-06-15,sz000001,209.2260,211.8910,203.1340,204.2760,7263208,32.841801
2005-06-16,sz000001,204.2760,211.8910,204.2760,209.9880,6695361,32.965149
2005-06-20,sz000001,209.6070,214.9370,198.5650,210.7490,15249883,32.981064
2005-06-21,sz000001,211.8910,216.0800,207.7030,210.7490,9489547,32.981064
2005-06-22,sz000001,211.8910,216.0800,210.7490,214.1760,8766748,33.051852
2005-06-23,sz000001,213.4140,215.6990,202.7530,204.6570,11494922,32.850241
2005-06-24,sz000001,204.2760,207.3220,202.7530,206.9420,5276151,32.900159
2005-06-27,sz000001,210.7490,214.9370,209.6070,211.8910,11268956,33.004829
2005-06-28,sz000001,211.1300,211.1300,204.2760,205.4190,7199013,32.867040
2005-06-29,sz000001,206.5610,208.0840,204.2760,204.2760,3168320,32.841801
2005-06-30,sz000001,203.8960,204.2760,192.8540,193.2350,11105586,32.586003
2005-07-01,sz000001,192.8540,193.9960,186.0000,187.9040,7613441,32.453195
2005-07-04,sz000001,186.3810,190.1890,183.7160,189.8080,5568714,32.501370
2005-07-05,sz000001,188.2850,190.1890,184.8580,186.7620,2754874,32.423958
2005-07-06,sz000001,186.3810,189.0460,181.4310,183.3350,4210860,32.334215
2005-07-07,sz000001,181.4310,185.6200,181.4310,182.9540,2716718,32.324028
2005-07-08,sz000001,182.9540,182.9540,174.9580,175.3390,6766561,32.113370
2005-07-11,sz000001,176.8620,183.3350,174.9580,176.4810,4416530,32.145902
2005-07-12,sz000001,176.4810,191.3310,173.8160,188.6660,8090188,32.472633
2005-07-13,sz000001,187.9040,188.6660,184.8580,185.6200,4207730,32.394415
2005-07-14,sz000001,185.6200,189.0460,184.8580,186.7620,3405279,32.423958
2005-07-15,sz000001,186.0000,188.2850,180.6700,182.9540,3185215,32.324028
2005-07-18,sz000001,182.9540,184.4770,177.6240,182.5730,4436596,32.313805
2005-07-19,sz000001,182.5730,188.2850,178.7660,185.2390,5144999,32.384441
2005-07-20,sz000001,185.6200,189.0460,182.9540,187.9040,5571335,32.453195
2005-07-21,sz000001,188.2850,188.2850,184.4770,187.5230,2608965,32.443426
2005-07-22,sz000001,188.6660,197.8040,188.6660,193.9960,12614176,32.604370
2005-07-25,sz000001,193.6150,196.6610,190.5690,193.6150,5479140,32.595118
2005-07-26,sz000001,193.2350,199.7070,192.4730,196.2810,8602500,32.659068
2005-07-27,sz000001,196.6610,198.9460,193.2350,198.5650,7287598,32.712521
2005-07-28,sz000001,198.5650,201.6110,195.9000,196.6610,9522067,32.667940
2005-07-29,sz000001,195.9000,197.0420,191.7120,193.2350,6047233,32.586003
2005-08-01,sz000001,192.8540,195.5190,189.0460,193.2350,5332286,32.586003
2005-08-02,sz000001,193.6150,197.0420,190.9500,196.6610,6268306,32.667940
2005-08-03,sz000001,197.4230,208.8450,196.2810,199.7070,15543154,32.738852
2005-08-04,sz000001,199.3270,201.6110,196.6610,197.4230,6846038,32.685927
2005-08-05,sz000001,197.4230,205.4190,197.4230,204.2760,14919287,32.841801
2005-08-08,sz000001,205.4190,207.7030,202.3730,205.0380,9705430,32.858654
2005-08-09,sz000001,205.4190,206.5610,201.6110,206.1800,8456140,32.883573
2005-08-10,sz000001,206.5610,209.9880,203.8960,207.3220,11549194,32.908254
2005-08-11,sz000001,207.3220,214.5570,206.1800,213.7950,22532034,33.044049
2005-08-12,sz000001,213.7950,214.1760,203.5150,203.5150,16857487,32.825000
2005-08-15,sz000001,203.5150,208.4650,202.3730,207.3220,9768177,32.908254
2005-08-16,sz000001,207.3220,208.4650,200.4690,201.6110,11089302,32.782276
2005-08-17,sz000001,201.6110,203.5150,195.1380,203.1340,10451901,32.816478
2005-08-18,sz000001,203.1340,206.9420,195.9000,196.6610,13462937,32.667940
2005-08-19,sz000001,196.6610,201.2300,192.0920,194.7580,7819777,32.622781
2005-08-22,sz000001,195.5190,198.9460,193.9960,197.4230,4658779,32.685927
2005-08-23,sz000001,197.4230,197.8040,190.9500,195.5190,6612721,32.640902
2005-08-24,sz000001,194.7580,198.9460,194.7580,197.0420,4965580,32.676949
2005-08-25,sz000001,197.4230,198.5650,193.6150,196.2810,4317897,32.659068
2005-08-26,sz000001,195.9000,203.5150,195.1380,201.6110,9917291,32.782276
2005-08-29,sz000001,202.7530,205.0380,197.8040,198.9460,7683444,32.721382
2005-08-30,sz000001,201.6110,204.2760,198.9460,200.8500,8840462,32.765090
2005-08-31,sz000001,200.8500,205.0380,198.1840,204.6570,10091217,32.850241
2005-09-01,sz000001,205.0380,208.8450,202.7530,206.9420,15285947,32.900159
2005-09-02,sz000001,208.4650,212.6530,205.0380,205.7990,13273137,32.875240
2005-09-05,sz000001,206.1800,208.0840,203.5150,207.7030,7798013,32.916482
2005-09-06,sz000001,208.4650,208.8450,200.8500,201.6110,9047970,32.782276
2005-09-07,sz000001,201.2300,204.6570,199.3270,203.8960,8423887,32.833494
2005-09-08,sz000001,203.8960,211.5110,202.7530,208.0840,17995609,32.924684
2005-09-09,sz000001,207.7030,211.8910,204.6570,205.4190,9911621,32.867040
2005-09-12,sz000001,205.7990,206.9420,202.7530,205.0380,4957368,32.858654
2005-09-13,sz000001,205.0380,208.8450,202.7530,208.4650,8212424,32.932859
2005-09-14,sz000001,208.0840,211.1300,207.3220,210.3680,13442384,32.973041
2005-09-15,sz000001,210.3680,210.7490,205.7990,206.5610,8272999,32.891879
2005-09-16,sz000001,206.9420,209.9880,205.7990,207.3220,7281596,32.908254
2005-09-19,sz000001,207.3220,208.0840,204.2760,206.5610,6951378,32.891879
2005-09-20,sz000001,206.1800,206.1800,200.8500,201.2300,10565926,32.773616
2005-09-21,sz000001,201.2300,202.7530,196.6610,197.0420,8360385,32.676949
2005-09-22,sz000001,196.6610,197.4230,189.4270,192.0920,9389200,32.557966
2005-09-23,sz000001,192.0920,193.9960,189.4270,190.1890,4711101,32.510940
2005-09-26,sz000001,190.1890,193.9960,188.6660,193.6150,4100122,32.595118
2005-09-27,sz000001,195.5190,195.5190,186.3810,186.7620,5031324,32.423958
2005-10-21,sz000001,206.5610,208.8450,197.4230,208.8450,17706285,32.940852
2005-10-24,sz000001,217.6030,217.9830,204.6570,205.4190,37866940,32.867040
2005-10-25,sz000001,204.2760,207.3220,196.2810,198.9460,17457306,32.721382
2005-10-26,sz000001,199.7070,201.6110,190.1890,192.8540,13473362,32.576689
2005-10-27,sz000001,192.8540,194.3770,187.5230,189.4270,10013586,32.491767
2005-10-28,sz000001,189.0460,190.9500,177.2430,179.9080,10212402,32.241577
2005-10-31,sz000001,179.9080,187.5230,179.9080,184.8580,9095033,32.374431
2005-11-01,sz000001,184.0960,186.0000,180.6700,184.4770,4472116,32.364386
2005-11-02,sz000001,184.0960,187.9040,182.9540,186.7620,4438692,32.423958
2005-11-03,sz000001,187.1430,187.5230,181.0500,183.3350,4285176,32.334215
2005-11-04,sz000001,182.5730,184.8580,180.6700,184.4770,3127217,32.364386
2005-11-07,sz000001,185.2390,185.6200,181.8120,185.2390,3123434,32.384441
2005-11-08,sz000001,185.2390,187.5230,182.5730,186.7620,3279311,32.423958
2005-11-09,sz000001,186.7620,187.5230,182.9540,184.8580,2681452,32.374431
2005-11-10,sz000001,184.4770,184.4770,178.0040,178.7660,4369174,32.210090
2005-11-11,sz000001,178.7660,180.6700,177.2430,178.3850,2623860,32.199458
2005-11-14,sz000001,178.3850,182.9540,178.3850,180.6700,1678676,32.262500
2005-11-15,sz000001,181.0500,183.3350,179.9080,181.0500,2786674,32.272727
2005-11-16,sz000001,180.2890,182.9540,179.5270,182.9540,2354378,32.324028
2005-11-17,sz000001,183.7160,184.4770,181.8120,183.7160,3379501,32.344366
2005-11-18,sz000001,184.4770,188.6660,182.1930,187.5230,7559823,32.443426
2005-11-21,sz000001,187.5230,187.5230,184.8580,186.0000,3446140,32.404181
2005-11-22,sz000001,185.6200,185.6200,180.6700,180.6700,2989819,32.262500
2005-11-23,sz000001,179.9080,183.3350,179.1470,182.9540,2320456,32.324028
2005-11-24,sz000001,183.7160,186.7620,180.6700,184.4770,3510546,32.364386
2005-11-25,sz000001,184.8580,192.0920,183.3350,191.3310,13761255,32.539286
2005-11-28,sz000001,191.3310,191.3310,187.1430,187.9040,4656458,32.453195
2005-11-29,sz000001,186.3810,190.5690,186.3810,187.5230,3165767,32.443426
2005-11-30,sz000001,186.7620,190.1890,186.0000,189.8080,3648567,32.501370
2005-12-01,sz000001,189.8080,190.1890,187.1430,188.2850,2639365,32.462931
2005-12-02,sz000001,187.9040,190.1890,186.7620,189.4270,4323731,32.491767
2005-12-05,sz000001,188.2850,188.2850,181.0500,181.4310,4464117,32.283096
2005-12-06,sz000001,180.6700,190.1890,180.6700,186.7620,4980589,32.423958
2005-12-07,sz000001,186.7620,189.4270,185.6200,188.6660,4086209,32.472633
2005-12-08,sz000001,188.2850,191.3310,187.5230,188.6660,3502428,32.472633
2005-12-09,sz000001,188.6660,192.8540,187.1430,191.3310,7472858,32.539286
2005-12-12,sz000001,192.0920,195.1380,190.1890,192.0920,6441169,32.557966
2005-12-13,sz000001,191.3310,192.0920,189.4270,192.0920,3678946,32.557966
2005-12-14,sz000001,192.0920,201.9920,190.9500,198.5650,14480307,32.712521
2005-12-15,sz000001,198.9460,200.0880,195.5190,195.9000,13072279,32.650000
2005-12-16,sz000001,195.9000,197.0420,194.3770,196.2810,5690724,32.659068
2005-12-19,sz000001,196.2810,197.0420,193.9960,195.5190,4100696,32.640902
2005-12-20,sz000001,195.5190,200.8500,195.1380,199.3270,9381589,32.730213
2005-12-21,sz000001,199.3270,203.8960,197.8040,198.1840,11230304,32.703630
2005-12-22,sz000001,197.8040,199.3270,196.2810,198.1840,4850985,32.703630
2005-12-23,sz000001,198.1840,201.9920,198.1840,200.8500,7309066,32.765090
2005-12-26,sz000001,202.7530,206.1800,201.2300,204.6570,15872803,32.850241
2005-12-27,sz000001,204.6570,204.6570,201.9920,203.5150,5593362,32.825000
2005-12-28,sz000001,203.5150,203.5150,200.8500,202.3730,4870747,32.799514
2005-12-29,sz000001,202.3730,205.7990,201.2300,204.2760,7959788,32.841801
2005-12-30,sz000001,204.6570,205.0380,200.8500,201.2300,5638929,32.773616
2006-01-04,sz000001,200.8500,208.4650,200.4690,206.5610,15445068,32.891879
2006-01-05,sz000001,207.3220,209.2260,205.0380,208.0840,15385586,32.924684
2006-01-06,sz000001,211.1300,214.9370,209.2260,211.5110,23866399,32.997036
2006-01-09,sz000001,211.1300,212.6530,208.8450,210.7490,11022101,32.981064
2006-01-10,sz000001,209.2260,209.6070,201.6110,206.5610,21426743,32.891879
2006-01-11,sz000001,206.5610,209.2260,203.5150,204.6570,9749282,32.850241
2006-01-12,sz000001,203.8960,206.5610,203.1340,206.5610,6720529,32.891879
2006-01-13,sz000001,205.4190,209.2260,202.7530,203.8960,7996673,32.833494
2006-01-16,sz000001,202.7530,202.7530,198.9460,199.3270,9770421,32.730213
2006-01-17,sz000001,199.3270,202.7530,197.8040,201.2300,5454865,32.773616
2006-01-18,sz000001,201.2300,205.7990,200.0880,204.6570,6711604,32.850241
2006-01-19,sz000001,204.6570,207.3220,202.7530,206.5610,7959103,32.891879
2006-01-20,sz000001,208.0840,208.4650,202.7530,204.6570,6229093,32.850241
2006-01-23,sz000001,204.6570,205.4190,201.2300,202.7530,7077331,32.807929
2006-01-24,sz000001,201.9920,206.1800,201.2300,205.7990,8373949,32.875240
2006-01-25,sz000001,205.4190,209.6070,204.6570,209.2260,11559852,32.948976
2006-02-06,sz000001,209.2260,213.7950,208.0840,211.1300,10703127,32.989062
2006-02-07,sz000001,211.1300,211.1300,203.5150,207.3220,12094492,32.908254
2006-02-08,sz000001,206.1800,207.7030,202.7530,207.3220,7653700,32.908254
2006-02-09,sz000001,206.5610,206.9420,202.7530,203.1340,7277997,32.816478
2006-02-10,sz000001,203.5150,205.0380,201.6110,203.8960,5948896,32.833494
2006-02-13,sz000001,203.8960,205.7990,201.9920,203.8960,5438483,32.833494
2006-02-14,sz000001,203.1340,206.9420,201.9920,204.6570,5417638,32.850241
2006-02-15,sz000001,206.1800,212.6530,206.1800,208.0840,15188826,32.924684
2006-02-16,sz000001,207.3220,207.3220,202.3730,202.3730,9430067,32.799514
2006-02-17,sz000001,202.3730,206.5610,200.8500,205.0380,8606834,32.858654
2006-02-20,sz000001,205.0380,210.3680,202.7530,206.9420,11164054,32.900159
2006-02-21,sz000001,206.9420,227.8830,205.7990,225.9790,44875616,33.281149
2006-02-22,sz000001,225.2180,228.2640,221.0290,225.9790,36617400,33.281149
2006-02-23,sz000001,226.3600,236.2590,225.5980,234.3560,46486043,33.431669
2006-02-24,sz000001,234.3560,235.4980,230.1670,235.1170,26548048,33.444808
2006-02-27,sz000001,235.8790,237.7820,226.3600,227.1210,22834340,33.302199
2006-02-28,sz000001,226.3600,229.7870,219.8870,227.8830,18225604,33.316228
2006-03-01,sz000001,227.8830,229.7870,224.0750,225.5980,14252399,33.274041
2006-03-02,sz000001,225.5980,225.9790,214.1760,217.2220,20886736,33.113110
2006-03-03,sz000001,216.4600,219.1260,212.2720,216.4600,15489333,33.097859
2006-03-06,sz000001,215.6990,220.2680,214.9370,217.2220,9069964,33.113110
2006-03-07,sz000001,217.2220,217.2220,207.7030,208.0840,11510433,32.924684
2006-03-08,sz000001,207.7030,211.8910,206.1800,210.3680,8753546,32.973041
2006-03-09,sz000001,210.3680,210.3680,203.1340,205.0380,9681956,32.858654
2006-03-10,sz000001,204.6570,206.9420,201.9920,202.7530,10555706,32.807929
2006-03-13,sz000001,203.5150,206.9420,202.3730,206.1800,8684506,32.883573
2006-03-14,sz000001,205.7990,206.1800,202.3730,203.5150,7433603,32.825000
2006-03-15,sz000001,203.5150,206.5610,203.5150,206.5610,5990224,32.891879
2006-03-16,sz000001,206.5610,209.9880,205.4190,206.9420,7651911,32.900159
2006-03-17,sz000001,206.9420,207.7030,203.5150,203.5150,5947756,32.825000
2006-03-20,sz000001,203.5150,207.3220,201.6110,206.5610,6741831,32.891879
2006-03-21,sz000001,206.5610,211.8910,204.6570,209.2260,16267721,32.948976
2006-03-22,sz000001,209.6070,211.5110,207.7030,209.2260,7308055,32.948976
2006-03-23,sz000001,209.2260,212.6530,209.2260,211.1300,9236134,32.989062
2006-03-24,sz000001,211.1300,211.8910,207.7030,207.7030,7166145,32.916482
2006-03-27,sz000001,207.7030,209.6070,203.1340,209.2260,8876903,32.948976
2006-03-28,sz000001,209.2260,211.5110,208.0840,210.7490,9195163,32.981064
2006-03-29,sz000001,211.1300,217.9830,210.7490,214.9370,19039757,33.067231
2006-03-30,sz000001,214.5570,216.4600,207.7030,209.9880,12919177,32.965149
2006-03-31,sz000001,207.3220,213.7950,205.7990,209.9880,10364846,32.965149
2006-04-03,sz000001,208.0840,213.7950,206.5610,211.5110,12597876,32.997036
2006-04-04,sz000001,211.5110,219.8870,209.9880,217.6030,20124252,33.120700
2006-04-05,sz000001,217.6030,221.0290,215.3180,218.7450,19260170,33.143182
2006-04-06,sz000001,219.8870,222.1720,214.5570,215.6990,17804528,33.082669
2006-04-07,sz000001,215.6990,217.2220,211.5110,213.7950,11963006,33.044049
2006-04-10,sz000001,214.1760,224.4560,214.1760,224.0750,20038946,33.245549
2006-04-11,sz000001,224.0750,235.1170,221.4100,230.9290,31212451,33.371243
2006-04-12,sz000001,230.9290,231.3100,223.3140,224.0750,16022060,33.245549
2006-04-13,sz000001,222.9330,227.8830,218.7450,219.5060,15297093,33.158006
2006-04-14,sz000001,219.1260,228.6440,217.9830,228.2640,14024835,33.323212
2006-04-17,sz000001,228.2640,230.5480,224.4560,227.1210,13342339,33.302199
2006-04-18,sz000001,227.1210,229.4060,223.3140,224.0750,10931109,33.245549
2006-04-19,sz000001,224.8370,233.5940,221.0290,229.4060,22136712,33.343895
2006-04-20,sz000001,229.0250,232.0710,224.4560,225.9790,13980110,33.281149
2006-04-21,sz000001,225.9790,229.7870,222.9330,227.8830,17479371,33.316228
2006-04-24,sz000001,226.3600,228.6440,214.9370,215.3180,23766713,33.074962
2006-04-25,sz000001,214.9370,214.9370,207.3220,210.7490,17060363,32.981064
2006-04-26,sz000001,212.6530,235.1170,212.2720,235.1170,22845526,33.444808
2006-04-27,sz000001,245.0170,254.5350,238.9250,247.3010,85852460,33.646395
2006-04-28,sz000001,260.2470,275.4770,243.8740,267.4810,68498093,33.944289
2006-05-08,sz000001,267.4810,273.9540,260.6270,266.7190,41177149,33.933715
2006-05-09,sz000001,267.4810,291.0870,259.1040,286.8990,49556720,34.195352
2006-05-10,sz000001,284.6150,297.1790,274.3340,283.0920,41747767,34.148613
2006-05-11,sz000001,281.5690,300.6060,277.3800,284.2340,45781795,34.162740
2006-05-12,sz000001,284.6150,298.7020,283.0920,292.6100,37563908,34.263466
2006-05-15,sz000001,291.4680,298.7020,284.6150,296.0370,35106447,34.303244
2006-05-16,sz000001,292.9910,294.8950,274.3340,279.6650,35257481,34.105488
2006-05-17,sz000001,280.0460,289.9450,275.8570,280.8070,26521525,34.119927
2006-05-18,sz000001,281.1880,281.5690,267.8620,275.8570,23285729,34.056420
2006-05-19,sz000001,275.8570,287.2800,273.1920,283.8530,25250546,34.158002
2006-05-22,sz000001,281.9490,283.8530,276.6190,280.0460,25645520,34.110353
2006-05-23,sz000001,277.7610,278.1420,265.9580,266.3390,23388148,33.928535
2006-05-24,sz000001,266.7190,282.3300,266.3390,273.1920,26290136,34.021420
2006-05-25,sz000001,273.1920,281.5690,268.2420,279.6650,21102843,34.105488
2006-05-26,sz000001,281.5690,309.7440,280.8070,301.7480,70907528,34.367654
2006-06-12,sz000001,268.2420,268.2420,268.2420,268.2420,2268700,33.954684
2006-06-13,sz000001,238.1630,245.3970,238.1630,238.1630,86724024,33.496906
2006-06-14,sz000001,237.7820,240.8280,228.2640,238.9250,30477297,33.509818
2006-06-16,sz000001,241.9710,244.2550,236.6400,238.1630,29245189,33.496906
2006-06-19,sz000001,235.8790,239.6860,226.3600,236.6400,20085645,33.471004
2006-06-20,sz000001,236.2590,240.0670,232.8330,238.5440,20226315,33.503371
2006-06-21,sz000001,238.5440,241.9710,237.0210,240.8280,23893423,33.541504
2006-06-22,sz000001,240.8280,252.2510,239.6860,249.2050,36133933,33.676351
2006-06-23,sz000001,248.0630,248.0630,243.1130,245.0170,18723688,33.610014
2006-06-27,sz000001,245.0170,250.3470,244.6360,249.2050,20926052,33.676351
2006-06-28,sz000001,249.2050,249.2050,245.0170,245.7780,19449862,33.622161
2006-06-29,sz000001,245.3970,252.6320,244.2550,251.8700,22213409,33.717537
2006-06-30,sz000001,252.6320,259.8660,252.2510,255.2970,22363506,33.769444
2006-07-03,sz000001,255.2970,279.6650,255.2970,275.8570,32548812,34.056420
2006-07-04,sz000001,276.2380,278.1420,266.3390,273.5730,22946586,34.026493
2006-07-05,sz000001,273.5730,280.8070,272.0500,273.9540,26759764,34.031553
2006-07-06,sz000001,273.9540,273.9540,267.4810,270.1460,21130295,33.980629
2006-07-07,sz000001,270.1460,270.1460,256.0580,261.0080,26144709,33.853178
2006-07-19,sz000001,247.3010,253.0120,235.8790,239.6860,12388312,33.522517
2006-07-20,sz000001,239.6860,243.8740,238.1630,240.4480,5990928,33.535286
2006-07-21,sz000001,240.8280,247.3010,240.8280,241.5900,6403408,33.554167
2006-07-24,sz000001,240.4480,244.6360,235.8790,243.8740,4184724,33.591460
2006-07-25,sz000001,243.4940,246.1590,241.9710,242.7320,7054983,33.572891
2006-07-26,sz000001,242.7320,243.4940,238.5440,240.0670,8159783,33.528911
2006-07-27,sz000001,239.6860,242.7320,234.3560,236.2590,14241063,33.464448
2006-07-28,sz000001,235.8790,238.5440,229.0250,232.4520,11125200,33.398276
2006-07-31,sz000001,230.1670,230.9290,222.1720,223.3140,11464067,33.231250
2006-08-01,sz000001,223.6950,226.3600,218.7450,222.5520,6805200,33.216716
2006-08-02,sz000001,222.5520,228.2640,220.6490,227.1210,6441897,33.302199
2006-08-03,sz000001,228.6440,230.1670,224.4560,227.8830,4745556,33.316228
2006-08-04,sz000001,228.2640,229.4060,221.4100,221.4100,4071541,33.194903
2006-08-07,sz000001,220.6490,225.5980,216.8410,217.2220,5402803,33.113110
2006-08-08,sz000001,218.7450,226.3600,218.7450,225.9790,6308664,33.281149
2006-08-09,sz000001,226.3600,227.5020,223.3140,224.0750,3899678,33.245549
2006-08-10,sz000001,223.6950,228.6440,222.9330,228.2640,4779887,33.323212
2006-08-11,sz000001,229.4060,229.4060,226.3600,227.1210,3200139,33.302199
2006-08-14,sz000001,227.5020,232.0710,225.5980,226.7410,6074074,33.295301
2006-08-15,sz000001,227.1210,230.9290,224.4560,230.1670,4683721,33.357536
2006-08-16,sz000001,230.9290,236.2590,230.1670,235.1170,7128341,33.444808
2006-08-17,sz000001,235.1170,237.7820,230.5480,237.4020,5522451,33.484062
2006-08-18,sz000001,237.4020,237.7820,229.4060,231.3100,6761147,33.378066
2006-08-21,sz000001,227.5020,237.7820,221.0290,237.0210,6835390,33.477542
2006-08-22,sz000001,235.4980,240.4480,234.7360,236.2590,5778577,33.464448
2006-08-23,sz000001,235.1170,240.8280,234.7360,236.2590,7103428,33.464448
2006-08-24,sz000001,236.6400,237.0210,230.9290,235.4980,8264996,33.451420
2006-08-25,sz000001,235.4980,236.6400,232.4520,233.5940,3820054,33.418312
2006-08-28,sz000001,233.9750,247.3010,232.4520,244.6360,15935746,33.603846
2006-08-29,sz000001,245.0170,248.8240,240.0670,241.9710,10488529,33.560472
2006-08-30,sz000001,241.9710,243.4940,239.6860,241.9710,5117794,33.560472
2006-08-31,sz000001,241.9710,246.5400,240.0670,242.7320,7203289,33.572891
2006-09-01,sz000001,241.9710,242.7320,234.3560,236.2590,6189579,33.464448
2006-09-04,sz000001,236.2590,238.5440,235.4980,237.7820,4604299,33.490423
2006-09-05,sz000001,238.1630,243.4940,236.2590,238.5440,11325733,33.503371
2006-09-06,sz000001,238.1630,240.4480,236.6400,240.0670,5936118,33.528911
2006-09-07,sz000001,240.0670,246.5400,237.7820,241.5900,13216218,33.554167
2006-09-08,sz000001,241.5900,243.8740,239.6860,242.7320,7639625,33.572891
2006-09-11,sz000001,239.3050,251.1090,239.3050,249.9660,20246635,33.688140
2006-09-12,sz000001,249.9660,254.1550,247.6820,250.3470,13260586,33.694078
2006-09-13,sz000001,249.9660,256.0580,247.3010,249.2050,17360571,33.676351
2006-09-14,sz000001,249.2050,260.2470,248.8240,253.0120,19215542,33.734933
2006-09-15,sz000001,253.0120,258.7240,251.1090,257.9620,19595090,33.808912
2006-09-18,sz000001,260.6270,261.7700,255.2970,257.5810,11921680,33.803281
2006-09-19,sz000001,257.5810,265.1960,256.0580,261.0080,15553289,33.853178
2006-09-20,sz000001,260.6270,261.7700,257.9620,259.8660,8474604,33.836719
2006-09-21,sz000001,259.8660,265.5770,259.8660,261.0080,11019187,33.853178
2006-09-22,sz000001,261.3890,264.4350,249.2050,252.6320,16415420,33.729239
2006-09-25,sz000001,249.9660,259.1040,249.5860,256.4390,10175551,33.786430
2006-09-26,sz000001,255.6780,257.2010,253.0120,255.6780,6416015,33.775165
2006-09-27,sz000001,255.6780,275.0960,254.5350,272.4310,25306138,34.011361
2006-09-28,sz000001,272.0500,272.8110,266.3390,270.1460,15572360,33.980629
2006-09-29,sz000001,270.5270,281.9490,269.3850,278.1420,26377105,34.086029
2006-10-09,sz000001,284.2340,300.2250,283.4720,298.3220,35407242,34.329344
2006-10-13,sz000001,297.9410,327.2590,296.7990,311.2670,54044520,34.470321
2006-10-16,sz000001,311.6480,317.7400,303.6520,304.0330,24645951,34.392873
2006-10-17,sz000001,302.8910,312.4090,299.0830,309.7440,20149021,34.454283
2006-10-18,sz000001,308.9830,316.9780,305.9370,313.5520,17477925,34.494169
2006-10-19,sz000001,313.9320,313.9320,307.0790,308.2210,13070593,34.438101
2006-10-20,sz000001,306.6980,315.8360,306.3170,312.7900,18440445,34.486218
2006-10-23,sz000001,313.1710,322.3090,306.6980,311.2670,24565830,34.470321
2006-10-24,sz000001,310.5060,329.1620,310.1250,325.7360,34873578,34.615940
2006-10-25,sz000001,325.7360,335.2540,324.5930,329.1620,30020980,34.648632
2006-10-26,sz000001,331.4470,343.6310,326.1160,341.3460,41079195,34.760285
2006-10-27,sz000001,340.2040,357.7190,336.7770,339.4430,43165159,34.743398
2006-10-30,sz000001,332.5890,341.7270,319.6440,325.3550,30872772,34.612234
2006-10-31,sz000001,325.3550,335.2540,323.4510,331.0660,21955017,34.666597
2006-11-01,sz000001,331.0660,332.5890,319.2630,321.5470,21191144,34.574946
2006-11-02,sz000001,321.5470,323.8320,313.9320,323.8320,18590416,34.597436
2006-11-03,sz000001,322.6900,340.2040,320.0240,332.2080,24406235,34.677244
2006-11-06,sz000001,326.1160,347.4380,324.5930,342.8690,23225195,34.773732
2006-11-07,sz000001,343.6310,353.1500,342.1080,349.3420,23897307,34.829711
2006-11-08,sz000001,349.3420,354.6730,342.8690,349.7230,26651798,34.832968
2006-11-09,sz000001,348.2000,371.0450,345.1540,365.3340,39046913,34.960191
2006-11-10,sz000001,367.2370,377.5180,354.6730,360.3840,37930198,34.920930
2006-11-13,sz000001,358.0990,369.1410,347.8190,351.2460,22719245,34.845833
2006-11-14,sz000001,353.9110,359.6220,343.6310,350.4840,28472657,34.839364
2006-11-15,sz000001,351.2460,364.5720,346.6770,363.4300,23771158,34.945192
2006-11-16,sz000001,363.8110,374.4720,361.1450,363.8110,32976498,34.948223
2006-11-17,sz000001,363.4300,366.4760,354.2920,358.8610,18036400,34.908658
2006-11-20,sz000001,360.0030,378.6600,359.2420,376.7560,32719951,35.047070
2006-11-21,sz000001,376.3750,417.8770,366.4760,417.8770,82009760,35.323500
2006-11-22,sz000001,419.4000,462.4250,414.4500,457.8560,67891371,35.547826
2006-11-23,sz000001,457.8560,469.2790,443.7680,449.0990,48399487,35.501897
2006-11-24,sz000001,447.9560,461.2830,434.6300,450.2410,41744785,35.507965
2006-11-27,sz000001,445.6720,457.8560,432.7260,446.4330,34337581,35.487520
2006-11-28,sz000001,444.1490,449.4790,435.0110,436.5340,20473058,35.432955
2006-11-29,sz000001,417.1160,443.3870,417.1160,438.4380,29523964,35.443654
2006-11-30,sz000001,439.5800,450.2410,433.4880,449.0990,32717618,35.501897
2006-12-01,sz000001,449.4790,453.6680,438.8180,440.3410,23039510,35.454187
2006-12-04,sz000001,439.5800,476.8940,432.3460,468.1360,42545318,35.599696
2006-12-05,sz000001,468.1360,473.0860,454.8100,460.5210,40779155,35.561467
2006-12-06,sz000001,462.4250,481.4630,443.3870,465.8520,41050172,35.588388
2006-12-07,sz000001,466.6130,505.4500,466.6130,477.6550,53340156,35.645896
2006-12-08,sz000001,466.2330,484.5090,460.9020,467.7560,34047311,35.597869
2006-12-11,sz000001,466.9940,490.9810,466.6130,482.9860,30158134,35.671049
2006-12-12,sz000001,489.4580,509.6380,483.3660,498.2160,40632628,35.740029
2006-12-13,sz000001,500.8810,503.5460,471.1820,478.0360,41228295,35.647726
2006-12-14,sz000001,475.7510,485.6510,469.2790,476.8940,35891253,35.642302
2006-12-15,sz000001,481.4630,481.4630,460.9020,475.7510,29484931,35.636779
2006-12-18,sz000001,475.7510,490.6010,469.6590,484.5090,27334359,35.678130
2006-12-19,sz000001,482.2240,505.8310,476.8940,484.5090,35093911,35.678130
2006-12-20,sz000001,484.1280,486.7930,470.0400,481.8430,18672270,35.665655
2006-12-21,sz000001,481.8430,483.3660,466.2330,468.5170,35803634,35.601596
2006-12-22,sz000001,467.7560,476.1320,458.9980,462.8060,21685306,35.573098
2006-12-25,sz000001,460.1400,492.8850,458.6170,475.7510,38765743,35.636779
2006-12-26,sz000001,477.6550,480.7010,465.4710,471.1820,20186167,35.614664
2006-12-27,sz000001,471.1820,496.6930,466.2330,488.6970,36787477,35.697370
2006-12-28,sz000001,490.9810,519.5380,488.6970,501.2620,53476036,35.753352
2006-12-29,sz000001,506.2110,526.3910,503.5460,518.3950,50242799,35.825501
2007-01-04,sz000001,525.2490,550.7590,494.0270,504.6880,69207082,35.768108
2007-01-05,sz000001,497.8350,497.8350,462.4250,464.7100,53732890,35.582695
2007-01-08,sz000001,464.3290,482.9860,463.1860,476.5130,31761560,35.640464
2007-01-09,sz000001,477.2740,495.9310,473.8480,492.8850,47968021,35.716304
2007-01-10,sz000001,492.5040,509.2570,485.2700,503.5460,44737422,35.763210
2007-01-11,sz000001,507.3540,530.1990,503.9270,530.1990,40996055,35.872733
2007-01-12,sz000001,542.7630,558.3740,534.7680,558.3740,90902123,35.977706
2007-01-15,sz000001,557.6130,588.0730,540.0980,588.0730,55236455,36.078098
2007-01-16,sz000001,595.6880,619.2940,595.6880,615.4870,52523640,36.162573
2007-01-17,sz000001,614.7250,637.1890,591.8800,615.4870,45910806,36.162573
2007-01-18,sz000001,612.8210,619.2940,583.1230,583.5040,48969519,36.063288
2007-01-19,sz000001,584.2650,614.3440,584.2650,612.8210,47932790,36.154631
2007-01-22,sz000001,618.9130,645.1850,618.9130,643.6620,54038875,36.242230
2007-01-23,sz000001,633.7630,664.2230,626.5280,656.6080,50369492,36.276685
2007-01-24,sz000001,652.8000,671.8380,635.2860,641.7580,44248617,36.237041
2007-01-25,sz000001,645.1850,655.4650,628.8130,629.9550,48436276,36.204310
2007-01-26,sz000001,660.4150,663.0800,637.5700,663.0800,62425541,36.293377
2007-01-29,sz000001,687.0680,697.7290,687.0680,697.7290,27014435,36.377946
2007-01-30,sz000001,733.9000,734.2810,725.1430,734.2810,29635567,36.458838
2007-01-31,sz000001,766.2640,766.2640,695.8250,695.8250,73196002,36.373497
2007-02-01,sz000001,674.1220,689.3520,659.2730,670.3150,66285498,36.311755
2007-02-02,sz000001,659.6540,677.9300,635.2860,635.2860,39611049,36.219270
2007-02-05,sz000001,626.1480,638.7120,601.7800,602.9220,39927406,36.124745
2007-02-06,sz000001,602.9220,634.5240,601.7800,634.5240,28237726,36.217123
2007-02-07,sz000001,668.0300,668.0300,668.0300,668.0300,5916647,36.305978
2007-02-08,sz000001,668.0300,703.0590,656.6080,694.6830,64727854,36.370838
2007-02-09,sz000001,697.3480,698.4900,663.4610,667.6490,30926290,36.305003
2007-02-12,sz000001,666.5070,702.6780,666.5070,702.6780,25159809,36.389332
2007-02-13,sz000001,728.9500,736.5650,706.1050,716.0050,24394451,36.419379
2007-02-14,sz000001,724.3810,751.4150,713.7200,749.8920,27999331,36.491095
2007-02-15,sz000001,753.6990,773.4980,736.5650,748.3690,31972344,36.488006
2007-02-16,sz000001,755.6030,782.2550,750.6530,759.4100,27975051,36.510096
2007-02-26,sz000001,744.1800,747.9880,722.0970,736.9460,21393632,36.464424
2007-02-27,sz000001,736.5650,759.0300,698.4900,698.4900,22746641,36.379688
2007-02-28,sz000001,661.9380,697.7290,661.9380,692.7790,43811486,36.366352
2007-03-01,sz000001,690.8750,690.8750,656.6080,656.6080,22927483,36.276685
2007-03-02,sz000001,649.3730,666.8880,635.6660,660.0340,20750706,36.285542
2007-03-05,sz000001,654.7040,663.0800,625.3860,634.1430,31385015,36.216048
2007-03-06,sz000001,634.5240,667.6490,634.1430,667.6490,28507821,36.305003
2007-03-07,sz000001,668.0300,687.0680,664.2230,676.0260,28029635,36.325954
2007-03-08,sz000001,679.0720,708.0090,676.0260,687.0680,18552006,36.352804
2007-03-09,sz000001,687.0680,698.4900,674.8840,689.3520,21954379,36.358228
2007-03-12,sz000001,688.9710,690.8750,654.7040,668.0300,15982161,36.305978
2007-03-13,sz000001,668.0300,682.1180,666.5070,672.9800,13520785,36.318403
2007-03-14,sz000001,664.2230,664.2230,645.1850,652.4190,18252022,36.265648
2007-03-15,sz000001,650.8960,668.0300,650.8960,666.8880,14248334,36.303103
2007-03-16,sz000001,667.2690,672.2180,650.5160,654.7040,18641612,36.271690
2007-03-19,sz000001,644.0430,688.9710,637.5700,688.9710,27595802,36.357309
2007-03-20,sz000001,706.1050,706.1050,687.0680,688.5910,25024333,36.356441
2007-03-21,sz000001,696.2060,724.7620,693.9210,724.7620,35862050,36.438512
2007-03-22,sz000001,739.9920,762.4560,709.9130,727.0460,54898793,36.443409
2007-03-23,sz000001,715.6240,719.4310,688.9710,705.3440,35862049,36.395459
2007-03-26,sz000001,690.8750,703.4400,672.2180,696.9670,28182462,36.376148
2007-03-27,sz000001,690.8750,694.6830,681.3560,690.4940,23566174,36.360927
2007-03-28,sz000001,687.8290,705.3440,654.3230,693.9210,41538426,36.369025
2007-03-29,sz000001,693.5400,729.7120,687.4480,696.9670,58951589,36.376148
2007-03-30,sz000001,686.3060,690.8750,674.5030,686.3060,21638160,36.350953
2007-04-02,sz000001,690.1140,713.7200,688.9710,701.5360,31360278,36.386722
2007-04-03,sz000001,702.6780,716.7660,697.3480,704.2010,25328363,36.392817
2007-04-04,sz000001,706.1050,736.5650,706.1050,724.7620,40243715,36.438512
2007-04-05,sz000001,724.7620,731.6150,712.1970,727.4270,29075555,36.444238
2007-04-06,sz000001,716.0050,725.1430,704.2010,712.5780,26554073,36.411753
2007-04-09,sz000001,712.5780,728.1890,706.1050,718.2890,22376321,36.424391
2007-04-10,sz000001,718.2890,740.3730,714.8620,739.9920,34751591,36.470774
2007-04-11,sz000001,741.5150,778.4480,741.5150,778.0670,59411003,36.546125
2007-04-12,sz000001,782.2550,818.4270,778.4480,818.4270,46382562,36.618658
2007-04-13,sz000001,831.7530,861.0710,831.7530,861.0710,36148752,36.688155
2007-04-16,sz000001,880.4890,899.1460,839.3680,870.9700,36826020,36.703329
2007-04-17,sz000001,864.1170,870.9700,825.6610,841.2720,35539117,36.656732
2007-04-18,sz000001,838.6060,858.4050,825.2800,842.7950,20469190,36.659200
2007-04-19,sz000001,831.7530,845.4600,799.0080,799.0080,35264191,36.584615
2007-04-20,sz000001,781.4940,837.8450,781.4940,827.9450,22926799,36.634735
2007-04-23,sz000001,830.6110,870.9700,816.5230,870.9700,38138414,36.703329
2007-04-24,sz000001,887.3420,892.6730,860.6900,863.3550,34033433,36.691670
2007-04-25,sz000001,860.3090,908.2840,844.6980,908.2840,45918037,36.757750
2007-04-26,sz000001,949.4050,955.4970,927.3210,955.4970,47077758,36.820694
2007-05-08,sz000001,965.0150,1004.9940,965.0150,1004.9940,25374071,36.880514
2007-05-09,sz000001,1033.5510,1043.4500,953.2120,1011.0860,49926386,36.887486
2007-05-10,sz000001,988.2410,1021.3660,976.4380,987.8600,27752980,36.860448
2007-05-11,sz000001,976.0570,1037.3580,958.9230,1027.8390,25931276,36.906248
2007-05-25,sz000001,1080.7640,1080.7640,1078.8600,1080.7640,47968371,36.961833
2007-05-28,sz000001,1127.9770,1127.9770,1055.6340,1056.3960,60331556,36.936923
2007-05-29,sz000001,1070.8640,1086.0940,1035.0740,1062.4880,44421042,36.943255
2007-05-30,sz000001,1007.6590,1036.9770,1007.6590,1007.6590,50509818,36.883565
2007-05-31,sz000001,995.8560,1059.8220,968.8230,1059.8220,90502870,36.940467
2007-06-20,sz000001,1349.9160,1362.4810,1251.9110,1274.1090,130252684,40.849920
2007-06-21,sz000001,1326.4620,1404.7820,1276.6220,1404.7820,68168182,40.943806
2007-06-22,sz000001,1458.8110,1467.1870,1383.4220,1450.4340,78994405,40.972712
2007-06-25,sz000001,1475.9820,1499.8550,1406.4570,1442.0580,66012025,40.967557
2007-06-27,sz000001,1294.6310,1383.0030,1294.6310,1317.2480,75775141,40.882930
2007-06-28,sz000001,1287.0920,1323.5300,1225.5250,1230.1320,52116542,40.813935
2007-06-29,sz000001,1215.8920,1223.4310,1107.8350,1120.4000,48968722,40.712209
2007-07-02,sz000001,1090.6630,1134.6400,1080.6110,1115.3740,32376147,40.707080
2007-07-03,sz000001,1121.6560,1146.7860,1087.3120,1108.2540,25253297,40.699743
2007-07-04,sz000001,1117.4680,1121.6560,1060.9260,1065.1150,24396028,40.653244
2007-07-05,sz000001,1044.1730,1093.1760,1020.7190,1023.2320,37158795,40.604444
2007-07-06,sz000001,1035.7970,1103.6470,1032.0280,1099.0400,44071420,40.690115
2007-07-09,sz000001,1111.1860,1161.4450,1098.6210,1144.6920,27259521,40.736370
2007-07-10,sz000001,1140.5030,1197.0450,1140.5030,1159.3500,33547092,40.750439
2007-07-11,sz000001,1157.2560,1168.1460,1140.9220,1145.5290,11424753,40.737162
2007-07-12,sz000001,1150.9740,1189.5060,1150.9740,1171.9150,15205761,40.762261
2007-07-13,sz000001,1182.3860,1182.3860,1141.7600,1155.1620,7528854,40.746455
2007-07-16,sz000001,1148.8800,1148.8800,1078.9360,1079.7740,17613547,40.669454
2007-07-17,sz000001,1115.3740,1189.9250,1106.9970,1188.6680,32957137,40.777633
2007-07-18,sz000001,1182.3860,1274.5270,1166.8890,1234.3200,56388959,40.817460
2007-07-19,sz000001,1220.0800,1278.2970,1211.2850,1244.3720,30302852,40.825853
2007-07-23,sz000001,1366.6690,1366.6690,1297.9820,1347.8220,52801621,40.905068
2007-07-24,sz000001,1349.0780,1419.0220,1328.9750,1364.9940,34924283,40.917086
2007-07-25,sz000001,1364.9940,1449.5960,1364.9940,1442.0580,34852682,40.967557
2007-07-26,sz000001,1433.6810,1454.6220,1423.2100,1433.2620,26751068,40.962046
2007-07-27,sz000001,1423.2100,1427.3990,1370.8570,1385.5160,33739135,40.931049
2007-07-30,sz000001,1379.2340,1437.0320,1375.0460,1400.1750,24488239,40.940789
2007-07-31,sz000001,1385.5160,1492.3170,1377.1400,1485.1970,41820351,40.993569
2007-08-01,sz000001,1486.0340,1521.6340,1408.9700,1434.1000,29143344,40.962582
2007-08-02,sz000001,1446.2460,1553.0460,1446.2460,1546.7640,39658389,41.028223
2007-08-03,sz000001,1559.3290,1624.2470,1554.3030,1605.8180,43827170,41.059013
2007-08-06,sz000001,1600.7920,1638.4870,1570.2180,1608.7500,25817796,41.060490
2007-08-07,sz000001,1599.1170,1620.0580,1570.6370,1605.3990,15632214,41.058798
2007-08-08,sz000001,1571.8930,1664.0350,1559.3290,1593.6720,26142523,41.052859
2007-08-09,sz000001,1593.6720,1647.2820,1581.5260,1643.5130,30803008,41.077556
2007-08-10,sz000001,1634.7170,1647.2820,1579.4320,1601.2110,18578181,41.056692
2007-08-13,sz000001,1580.2700,1643.0940,1559.3290,1605.3990,26055802,41.058798
2007-08-14,sz000001,1609.5880,1615.0320,1517.0270,1573.9880,34927384,41.042712
2007-08-15,sz000001,1576.0820,1600.3740,1536.2930,1559.3290,24604524,41.034974
2007-08-16,sz000001,1560.1660,1561.4230,1465.9310,1486.0340,38534807,40.994041
2007-08-17,sz000001,1475.1450,1513.2580,1407.7140,1428.6550,42068519,40.959146
2007-08-20,sz000001,1475.5640,1565.6110,1475.5640,1555.1400,36638584,41.032718
2007-08-21,sz000001,1578.1760,1612.1010,1546.7640,1582.7830,33599021,41.047277
2007-08-22,sz000001,1553.0460,1625.5030,1543.8320,1584.0390,31534169,41.047914
2007-08-23,sz000001,1576.0820,1592.8350,1546.7640,1575.6630,26457769,41.043579
2007-08-24,sz000001,1573.5690,1643.9310,1567.7050,1626.3410,38945697,41.069217
2007-08-27,sz000001,1625.5030,1679.1130,1576.5010,1609.5880,27509618,41.060918
2007-08-28,sz000001,1581.1080,1592.8350,1538.3870,1558.9100,31333584,41.034746
2007-08-29,sz000001,1537.5500,1545.9260,1500.6930,1510.7450,26720876,41.008279
2007-08-30,sz000001,1529.1730,1562.6790,1499.8550,1546.7640,24682722,41.028223
2007-08-31,sz000001,1544.6700,1563.5170,1515.3520,1559.3290,17383461,41.034974
2007-09-03,sz000001,1563.5170,1583.6210,1553.4650,1554.3030,19369706,41.032286
2007-09-05,sz000001,1517.4460,1529.1730,1477.2390,1508.6510,21830307,41.007094
2007-09-06,sz000001,1518.2840,1564.3550,1504.8810,1525.8230,19072119,41.016747
2007-09-07,sz000001,1530.0110,1559.3290,1517.4460,1521.6340,15748450,41.014394
2007-09-10,sz000001,1498.5990,1554.7220,1482.6840,1540.4820,16844567,41.024820
2007-09-11,sz000001,1533.7800,1554.3030,1469.7000,1469.7000,19623064,40.984384
2007-09-12,sz000001,1450.0150,1487.7100,1415.6720,1455.4600,16118919,40.975788
2007-09-13,sz000001,1458.8110,1512.4200,1446.2460,1512.4200,14645985,41.009219
2007-09-14,sz000001,1513.2580,1522.8910,1468.4440,1491.4790,13848825,40.997224
2007-09-17,sz000001,1532.1050,1532.1050,1483.9400,1492.3170,13577318,40.997720
2007-09-18,sz000001,1499.4370,1510.7450,1432.8430,1446.2460,19907099,40.970142
2007-09-19,sz000001,1456.7160,1506.9760,1455.4600,1483.1020,19033887,40.992316
2007-09-20,sz000001,1483.1020,1509.0700,1471.7940,1474.3070,13596616,40.987128
2007-09-21,sz000001,1474.3070,1490.2220,1433.2620,1482.2650,15811498,40.991842
2007-09-24,sz000001,1481.8460,1565.6110,1462.1610,1563.9360,24330316,41.037418
2007-09-25,sz000001,1569.7990,1580.2700,1530.0110,1536.7120,14770547,41.022744
2007-09-26,sz000001,1521.6340,1606.6560,1518.2840,1560.1660,28547625,41.035402
2007-09-27,sz000001,1559.3290,1609.5880,1554.3030,1593.2540,24267706,41.052667
2007-09-28,sz000001,1605.3990,1655.6590,1605.3990,1642.2560,35294443,41.076938
2007-10-08,sz000001,1705.9180,1752.8260,1669.4800,1711.7810,27622941,41.109054
2007-10-09,sz000001,1689.1650,1737.3290,1668.2230,1678.6940,14521710,41.094100
2007-10-10,sz000001,1678.6940,1751.1510,1638.0680,1643.0940,21037971,41.077350
2007-10-11,sz000001,1641.0000,1695.4470,1622.1520,1685.3950,15702791,41.097171
2007-10-12,sz000001,1697.5410,1701.7290,1563.5170,1618.3830,18695556,41.065288
2007-10-15,sz000001,1643.0940,1672.4120,1588.6460,1634.7170,21236449,41.073291
2007-10-16,sz000001,1647.2820,1747.8000,1633.0420,1724.7650,27901240,41.114779
2007-10-17,sz000001,1718.0630,1779.6310,1683.3010,1720.5760,20107745,41.112927
2007-10-18,sz000001,1726.8590,1735.2350,1621.3150,1622.1520,18733211,41.067139
2007-10-19,sz000001,1643.0940,1684.5570,1601.2110,1635.1360,10040026,41.073499
2007-10-22,sz000001,1626.3410,1668.2230,1580.2700,1635.1360,12744208,41.073499
2007-10-23,sz000001,1647.2820,1701.7290,1645.1880,1689.1650,17013974,41.098905
2007-10-24,sz000001,1697.5410,1773.7670,1696.2850,1718.4820,25049771,41.112010
2007-10-25,sz000001,1721.8330,1768.7410,1678.6940,1690.4210,21924523,41.099465
2007-10-26,sz000001,1714.2940,1857.9510,1709.6870,1834.9160,34751791,41.160072
2007-10-29,sz000001,1849.5750,1960.5630,1835.3350,1862.9770,34200252,41.170762
2007-10-30,sz000001,1862.9770,1877.6360,1819.0000,1856.6950,18812002,41.168404
2007-10-31,sz000001,1893.5510,2011.6600,1865.0710,1980.2480,30969678,41.212237
2007-11-01,sz000001,1940.8790,2019.1990,1936.6900,1944.6480,22331877,41.200169
2007-11-02,sz000001,1902.7650,1973.1280,1852.5060,1873.0290,18146154,41.174522
2007-11-05,sz000001,1852.5060,1902.3470,1789.6830,1800.5720,16283298,41.146527
2007-11-06,sz000001,1772.9300,1826.5390,1752.8260,1787.5890,10391831,41.141289
2007-11-07,sz000001,1808.5300,1835.7530,1755.3390,1835.7530,9763222,41.160381
2007-11-08,sz000001,1821.0950,1823.1890,1739.4240,1748.2190,13417110,41.124888
2007-11-09,sz000001,1734.3980,1794.2900,1718.4820,1739.4240,10562545,41.121135
2007-11-12,sz000001,1707.1740,1746.9620,1680.7880,1714.2940,12881574,41.110168
2007-11-13,sz000001,1743.6120,1764.5530,1631.3670,1643.0940,21374596,41.077350
2007-11-14,sz000001,1689.1650,1697.5410,1616.2890,1684.5570,19607313,41.096780
2007-11-15,sz000001,1672.4120,1706.7550,1635.1360,1664.0350,16561797,41.087284
2007-11-16,sz000001,1638.9050,1643.0940,1573.9880,1584.4580,17753002,41.048135
2007-11-19,sz000001,1597.0230,1612.1010,1542.5760,1553.0460,12969870,41.031598
2007-11-20,sz000001,1534.6180,1605.3990,1512.8390,1605.3990,16355434,41.058798
2007-11-21,sz000001,1607.4940,1615.8700,1522.0530,1550.9520,22370406,41.030476
2007-11-22,sz000001,1509.0700,1561.4230,1470.5380,1472.2130,11939746,40.985885
2007-11-23,sz000001,1470.5380,1530.0110,1467.1870,1517.0270,12601691,41.011814
2007-11-26,sz000001,1541.7380,1549.6960,1484.7780,1487.2910,13020932,40.994791
2007-11-27,sz000001,1471.3750,1495.6670,1433.6810,1437.0320,12374205,40.964424
2007-11-28,sz000001,1439.9630,1450.4340,1375.0460,1400.1750,20926523,40.940789
2007-11-29,sz000001,1433.6810,1521.6340,1426.1420,1519.5400,30497058,41.013225
2007-11-30,sz000001,1517.4460,1518.7030,1475.5640,1478.9140,14948658,40.989856
2007-12-03,sz000001,1542.1570,1630.1100,1517.4460,1571.8930,33351253,41.041593
2007-12-04,sz000001,1592.8350,1629.6910,1571.8930,1579.4320,23081893,41.045530
2007-12-05,sz000001,1579.4320,1626.3410,1567.7050,1617.9640,16592582,41.065076
2007-12-06,sz000001,1624.2470,1641.4180,1590.7410,1610.8440,12144228,41.061535
2007-12-07,sz000001,1611.6820,1646.0260,1611.6820,1634.7170,13334078,41.073291
2007-12-10,sz000001,1591.9970,1615.4510,1580.6890,1606.2370,30603151,41.059228
2007-12-11,sz000001,1617.5450,1646.8630,1558.0720,1588.6460,27425217,41.050284
2007-12-12,sz000001,1576.0820,1576.0820,1498.1800,1516.6080,33681263,41.011574
2007-12-13,sz000001,1509.0700,1530.0110,1499.0180,1504.4630,19899504,41.004715
2007-12-14,sz000001,1497.7610,1531.2670,1475.9820,1530.0110,18426529,41.019062
2007-12-17,sz000001,1517.0270,1517.0270,1446.2460,1447.0830,15084511,40.970640
2007-12-18,sz000001,1439.9630,1486.0340,1432.0060,1463.8360,12560989,40.980851
2007-12-20,sz000001,1505.3000,1518.2840,1482.2650,1504.8810,18196821,41.004932
2007-12-21,sz000001,1492.3170,1530.0110,1486.4530,1506.9760,29041825,41.006150
2007-12-24,sz000001,1517.8650,1567.7050,1511.1640,1561.4230,23935083,41.036084
2007-12-25,sz000001,1565.6110,1584.0390,1550.9520,1561.4230,18519447,41.036084
2007-12-26,sz000001,1558.4910,1582.3640,1538.8060,1546.7640,16491463,41.028223
2007-12-27,sz000001,1550.9520,1608.7500,1517.4460,1601.2110,36721582,41.056692
2007-12-28,sz000001,1597.0230,1612.1010,1584.4580,1584.4580,26156728,41.048135
2008-01-02,sz000001,1580.2700,1590.3220,1544.6700,1558.4910,20052473,41.034518
2008-01-03,sz000001,1559.3290,1562.6790,1496.9240,1532.1050,27564831,41.020214
2008-01-04,sz000001,1534.1990,1588.6460,1533.3620,1574.8250,19870438,41.043133
2008-01-07,sz000001,1566.8680,1633.8800,1559.3290,1608.3310,31514015,41.060276
2008-01-08,sz000001,1618.8020,1699.2160,1618.3830,1659.4280,49992445,41.085120
2008-01-09,sz000001,1659.4280,1692.9340,1659.4280,1689.5830,19249479,41.099076
2008-01-10,sz000001,1697.5410,1746.9620,1668.6420,1724.7650,24469958,41.114779
2008-01-11,sz000001,1721.8330,1831.5650,1718.4820,1813.9750,35843020,41.151883
2008-01-14,sz000001,1816.9060,1819.0000,1769.1600,1787.5890,20857080,41.141289
2008-01-15,sz000001,1787.5890,1810.6240,1726.8590,1728.1150,17704050,41.116227
2008-01-16,sz000001,1697.1220,1716.3880,1630.9480,1634.7170,30123006,41.073291
2008-01-17,sz000001,1622.9900,1699.6350,1597.8610,1680.7880,24076153,41.095061
2008-01-18,sz000001,1684.9760,1713.8750,1654.8210,1680.7880,11558553,41.095061
2008-01-21,sz000001,1664.0350,1676.6000,1534.1990,1550.9520,21187522,41.030476
2008-01-22,sz000001,1508.6510,1567.7050,1429.9120,1467.1870,26457135,40.982877
2008-01-23,sz000001,1509.0700,1555.5590,1483.9400,1550.1150,21565431,41.030042
2008-01-24,sz000001,1579.4320,1579.4320,1483.9400,1533.7800,18302062,41.021129
2008-01-25,sz000001,1518.7030,1604.1430,1488.1280,1563.0980,17885973,41.036965
2008-01-28,sz000001,1538.8060,1542.5760,1449.5960,1451.6910,12042490,40.973497
2008-01-29,sz000001,1467.1870,1504.8810,1432.8430,1463.8360,9887327,40.980851
2008-01-30,sz000001,1492.3170,1496.5050,1341.9580,1389.7040,19531760,40.933844
2008-01-31,sz000001,1392.2170,1421.1160,1357.4550,1362.4810,15679243,40.915345
2008-02-01,sz000001,1372.9510,1453.7850,1349.9160,1414.8340,15547731,40.950333
2008-02-04,sz000001,1470.9570,1559.7480,1470.5380,1556.3970,24883405,41.033404
2008-02-05,sz000001,1559.3290,1571.8930,1519.5400,1530.0110,10076306,41.019062
2008-02-13,sz000001,1496.5050,1516.1900,1475.9820,1491.4790,4539728,40.997224
2008-02-14,sz000001,1511.1640,1532.1050,1509.4880,1517.0270,4347812,41.011814
2008-02-15,sz000001,1507.8130,1507.8130,1447.0830,1478.0770,6990423,40.989379
2008-02-18,sz000001,1502.7870,1511.1640,1476.4010,1496.0860,8387170,40.999890
2008-02-19,sz000001,1506.9760,1533.3620,1483.1020,1529.1730,11073467,41.018589
2008-02-20,sz000001,1517.4460,1524.9850,1416.0900,1424.8860,40262356,40.956769
2008-02-21,sz000001,1429.4930,1431.5870,1361.6430,1391.3800,25883847,40.934981
2008-02-22,sz000001,1375.4640,1378.3960,1295.4690,1318.0850,22755692,40.883530
2008-02-25,sz000001,1309.2900,1332.7440,1248.5600,1254.4240,21110563,40.834115
2008-02-26,sz000001,1307.6150,1318.5040,1254.4240,1284.9980,21754748,40.858442
2008-02-27,sz000001,1291.6990,1357.8740,1291.6990,1341.5390,18590426,40.900579
2008-02-28,sz000001,1349.9160,1362.4810,1328.9750,1341.5390,9632576,40.900579
2008-02-29,sz000001,1337.3510,1367.9250,1328.9750,1356.1980,6860431,40.910950
2008-03-03,sz000001,1345.7280,1373.3700,1303.0080,1349.9160,34385007,40.906545
2008-03-04,sz000001,1352.4290,1352.4290,1211.7040,1213.7980,93051716,40.799933
2008-03-05,sz000001,1222.1740,1236.8330,1153.0680,1199.5580,30709062,40.787419
2008-03-06,sz000001,1203.7460,1278.7160,1196.2070,1236.8330,27566228,40.819571
2008-03-07,sz000001,1216.3110,1265.3130,1198.7200,1211.7040,14039600,40.798114
2008-03-10,sz000001,1198.3010,1199.1390,1111.1860,1119.5620,27610749,40.711345
2008-03-11,sz000001,1101.1340,1130.0330,1079.7740,1098.2020,26149871,40.689218
2008-03-12,sz000001,1135.4770,1140.0840,1047.9430,1052.5500,27762925,40.638996
2008-03-13,sz000001,1035.7970,1075.5850,1027.4200,1059.2510,25454355,40.646623
2008-03-14,sz000001,1056.7380,1056.7380,1001.4530,1011.0860,28678661,40.589562
2008-03-17,sz000001,1004.3850,1048.3620,993.0770,1015.6930,20630924,40.595244
2008-03-18,sz000001,1015.6930,1054.6440,998.1030,1023.2320,25803284,40.604444
2008-03-19,sz000001,1061.3450,1107.8350,1052.5500,1099.4580,32823978,40.690526
2008-03-20,sz000001,1043.3360,1198.7200,998.5210,1182.3860,47922708,40.771931
2008-03-21,sz000001,1171.9150,1187.8310,1135.4770,1154.3250,28001818,40.745676
2008-03-24,sz000001,1160.1880,1171.9150,1077.6790,1078.0980,17875188,40.667597
2008-03-25,sz000001,1060.0890,1133.3830,1044.5920,1119.1430,23801815,40.710913
2008-03-26,sz000001,1127.9390,1181.1290,1119.5620,1136.3150,23280296,40.728136
2008-03-27,sz000001,1112.4420,1155.5810,1098.6210,1119.9810,21298116,40.711778
2008-03-28,sz000001,1101.9710,1204.5840,1070.5590,1184.0610,46300692,40.773450
2008-03-31,sz000001,1138.4090,1184.0610,1128.3570,1148.8800,21667078,40.740426
2008-04-01,sz000001,1140.5030,1188.6680,1098.6210,1136.7340,30186231,40.728556
2008-04-02,sz000001,1164.3760,1222.5930,1140.5030,1178.1980,43599162,40.768097
2008-04-03,sz000001,1161.4450,1194.9510,1130.0330,1193.2750,23375837,40.781784
2008-04-07,sz000001,1181.1290,1238.9270,1164.7950,1224.2680,25576906,40.808933
2008-04-08,sz000001,1228.4570,1228.4570,1179.0350,1210.4470,20170024,40.797000
2008-04-09,sz000001,1186.9930,1199.1390,1125.8440,1129.1950,26314042,40.721060
2008-04-10,sz000001,1129.1950,1148.8800,1100.7150,1142.5970,18071758,40.734296
2008-04-11,sz000001,1165.6330,1177.3600,1140.9220,1161.4450,12228299,40.752456
2008-04-14,sz000001,1132.1270,1140.5030,1042.0790,1042.0790,22241733,40.626862
2008-04-15,sz000001,1035.7970,1042.4980,986.7940,1039.9850,16833730,40.624414
2008-04-16,sz000001,1030.3520,1049.6180,1008.1540,1008.5730,15123700,40.586439
2008-04-17,sz000001,1000.1970,1039.9850,921.8760,938.2110,25121721,40.492490
2008-04-18,sz000001,921.8760,952.8700,889.6270,925.2270,15742948,40.473622
2008-04-21,sz000001,1006.4790,1006.4790,899.6790,906.3800,28200987,40.445337
2008-04-22,sz000001,897.5850,964.5970,868.2670,954.1260,23957040,40.514904
2008-04-23,sz000001,947.8440,1019.8820,940.3050,1014.4370,24528121,40.593717
2008-04-24,sz000001,1117.4680,1119.1430,1081.8680,1119.1430,49454643,40.710913
2008-04-25,sz000001,1123.7500,1179.8730,1099.4580,1138.4090,39189251,40.730197
2008-04-28,sz000001,1115.7930,1146.7860,1102.8090,1134.2210,20070757,40.726068
2008-04-29,sz000001,1127.9390,1152.2300,1118.7240,1138.4090,15081118,40.730197
2008-04-30,sz000001,1140.5030,1223.4310,1140.5030,1208.3530,30875968,40.795172
2008-05-05,sz000001,1215.8920,1230.5510,1180.2920,1208.3530,23730439,40.795172
2008-05-06,sz000001,1186.5740,1197.0450,1161.8630,1170.2400,19056215,40.760711
2008-05-07,sz000001,1165.2140,1184.8990,1093.5950,1094.0140,30220487,40.684790
2008-05-08,sz000001,1077.6790,1122.4940,1052.9690,1121.6560,17947774,40.713466
2008-05-09,sz000001,1123.3310,1134.2210,1047.5240,1060.5080,32322191,40.648064
2008-05-12,sz000001,1039.9850,1113.2800,1019.0440,1092.3380,21832917,40.682980
2008-05-13,sz000001,1056.7380,1086.4750,1052.5500,1063.0210,19155322,40.650899
2008-05-14,sz000001,1060.5080,1140.0840,1060.0890,1135.8960,22140581,40.727716
2008-05-15,sz000001,1150.9740,1160.6070,1106.1600,1106.1600,15454360,40.697572
2008-05-16,sz000001,1106.1600,1140.5030,1106.1600,1130.0330,16571754,40.721910
2008-05-19,sz000001,1119.5620,1147.6230,1106.9970,1140.5030,13026267,40.732250
2008-05-20,sz000001,1140.5030,1156.4190,1057.1570,1064.2770,15256881,40.652292
2008-05-21,sz000001,1048.7810,1087.7310,1031.6090,1073.4910,14083501,40.662538
2008-05-22,sz000001,1060.9260,1079.7740,1037.8910,1042.4980,14851410,40.627358
2008-05-23,sz000001,1044.1730,1060.9260,1018.2060,1035.7970,11565388,40.619490
2008-05-26,sz000001,1014.8560,1024.9070,980.9310,1008.1540,13153037,40.585910
2008-05-27,sz000001,1009.8300,1027.4200,1000.1970,1015.6930,5844609,40.595244
2008-05-28,sz000001,1016.9500,1073.4910,1014.0180,1063.8580,12619931,40.651815
2008-05-29,sz000001,1055.9010,1060.9260,1011.0860,1012.7620,7862650,40.591663
2008-05-30,sz000001,1024.0700,1038.7290,1011.5050,1024.4890,8133357,40.605985
2008-06-02,sz000001,1024.4890,1059.6700,1008.1540,1051.2930,14623899,40.637534
2008-06-03,sz000001,1043.3360,1060.9260,1024.4890,1032.8650,8044111,40.616005
2008-06-04,sz000001,1030.7710,1042.9170,998.1030,1039.5660,9670587,40.623916
2008-06-05,sz000001,1024.9070,1039.9850,1009.8300,1023.6510,7901501,40.604958
2008-06-06,sz000001,1027.4200,1032.8650,1000.1970,1004.3850,7634001,40.581212
2008-06-10,sz000001,943.6550,943.6550,900.9350,900.9350,17527141,40.436939
2008-06-11,sz000001,882.9260,896.7470,854.0270,855.7020,18995264,40.363302
2008-06-13,sz000001,851.5140,864.0790,832.6670,854.8640,14290813,40.361851
2008-06-16,sz000001,857.7960,893.3960,842.3000,871.6170,10627305,40.390037
2008-06-17,sz000001,866.1730,884.1820,843.1370,855.7020,11178552,40.363302
2008-06-18,sz000001,847.7440,900.9350,832.6670,892.5590,17811935,40.423868
2008-06-19,sz000001,887.9520,895.4900,807.1180,813.8190,15358741,40.288069
2008-06-20,sz000001,804.1870,895.4900,801.2550,847.3260,19909047,40.348857
2008-06-23,sz000001,854.8640,884.6010,847.3260,866.1730,12773789,40.381026
2008-06-24,sz000001,843.1370,886.2760,834.7610,870.3610,17355432,40.387981
2008-06-25,sz000001,856.1210,896.7470,841.0430,885.0200,33998563,40.411872
2008-06-26,sz000001,874.1300,901.7730,860.3090,872.4550,25886924,40.391435
2008-06-27,sz000001,841.0430,841.0430,781.9890,781.9890,45600137,40.225772
2008-06-30,sz000001,764.8170,792.8780,764.3980,777.3820,18748959,40.216348
2008-07-01,sz000001,777.8010,783.6640,738.8500,753.0900,21972982,40.164800
2008-07-02,sz000001,748.9020,761.8850,741.3630,750.9960,10492748,40.160214
2008-07-03,sz000001,742.6190,782.4080,712.0450,761.8850,16808785,40.183808
2008-07-04,sz000001,771.9370,776.9630,763.1420,764.8170,14608876,40.190068
2008-07-07,sz000001,769.8430,822.1960,768.1680,820.5210,17193599,40.300639
2008-07-08,sz000001,824.7090,830.1540,805.4430,812.9820,12175823,40.286521
2008-07-09,sz000001,822.1960,879.1560,821.7770,859.4710,23275615,40.369704
2008-07-10,sz000001,843.1370,887.5330,837.2740,857.7960,16263534,40.366871
2008-07-11,sz000001,857.7960,866.1730,828.0600,843.1370,9422513,40.341483
2008-07-14,sz000001,822.1960,861.9840,819.6830,853.6080,9246602,40.359716
2008-07-15,sz000001,855.7020,857.7960,795.3910,799.1610,15070962,40.260000
2008-07-16,sz000001,788.6900,788.6900,730.8920,755.1840,15023373,40.169362
2008-07-17,sz000001,774.0310,777.8010,740.9440,748.9020,10090353,40.155603
2008-07-18,sz000001,767.7490,780.3130,743.0380,779.8950,16424095,40.221506
2008-07-21,sz000001,768.1680,805.0240,763.9790,800.8360,12947334,40.263248
2008-07-22,sz000001,801.2550,816.3320,797.0660,802.9300,6544650,40.267302
2008-07-23,sz000001,811.7250,826.3840,789.9460,794.9720,8631436,40.251747
2008-07-24,sz000001,805.0240,841.4620,767.7490,838.9490,20512131,40.334087
2008-07-25,sz000001,822.6150,864.9160,815.9140,850.6760,22351323,40.354649
2008-07-28,sz000001,861.5660,894.6530,857.7960,880.8320,27212752,40.405138
2008-07-29,sz000001,860.3090,870.3610,847.3260,857.7960,10577427,40.366871
2008-07-30,sz000001,873.7120,880.8320,854.4460,869.5230,10733509,40.386577
2008-07-31,sz000001,862.4030,870.3610,838.9490,838.9490,10316822,40.334087
2008-08-01,sz000001,837.6930,901.7730,830.5730,884.1820,14167331,40.410512
2008-08-04,sz000001,871.6170,893.8150,866.1730,866.1730,13620809,40.381026
2008-08-05,sz000001,876.6430,888.7890,844.8130,847.3260,13761518,40.348857
2008-08-06,sz000001,856.1210,871.6170,820.1020,841.0430,10367490,40.337794
2008-08-07,sz000001,835.1800,854.8640,826.3840,845.2310,7491428,40.345155
2008-08-08,sz000001,843.9750,843.9750,803.3490,805.4430,9303355,40.272150
2008-08-11,sz000001,805.4430,833.9230,771.5180,776.1250,9938972,40.213731
2008-08-12,sz000001,772.7750,788.6900,768.1680,776.1250,7730797,40.213731
2008-08-13,sz000001,773.6120,783.6640,750.1580,775.7060,7040456,40.212856
2008-08-14,sz000001,765.6550,784.5020,757.2780,775.7060,3202969,40.212856
2008-08-15,sz000001,776.5440,800.8360,758.9530,788.6900,7281591,40.239286
2008-08-18,sz000001,789.1090,795.8100,763.5600,764.8170,7740958,40.190068
2008-08-19,sz000001,761.4660,792.8780,750.9960,774.0310,4432379,40.209403
2008-08-20,sz000001,768.5860,850.6760,765.6550,841.0430,17558719,40.337794
2008-08-21,sz000001,846.9070,846.9070,805.4430,814.2380,8331330,40.288867
2008-08-22,sz000001,811.7250,821.3580,785.7580,801.2550,6420982,40.264070
2008-08-25,sz000001,806.6990,824.2900,788.2710,811.3070,7999602,40.283366
2008-08-26,sz000001,800.8360,820.1020,792.8780,805.8620,8055195,40.272964
2008-08-27,sz000001,803.3490,819.6830,794.1350,803.7680,6792051,40.268938
2008-08-28,sz000001,805.0240,825.1280,798.7420,808.3750,7265713,40.277778
2008-08-29,sz000001,813.4010,830.1540,799.5790,813.8190,15302998,40.288069
2008-09-01,sz000001,809.6310,809.6310,761.8850,761.8850,11032846,40.183808
2008-09-02,sz000001,758.9530,766.4920,742.6190,751.4150,11106084,40.161144
2008-09-03,sz000001,750.1580,753.0900,719.5840,729.2170,8582486,40.110946
2008-09-04,sz000001,728.7980,741.7820,718.3270,734.2430,5238821,40.122568
2008-09-05,sz000001,718.3270,742.6190,707.4380,731.7300,10625396,40.116776
2008-09-08,sz000001,746.8070,746.8070,700.7370,708.2760,6171235,40.060860
2008-09-09,sz000001,713.3010,717.0710,695.7110,697.8050,7871995,40.034710
2008-09-10,sz000001,694.8730,708.2760,675.1880,688.1720,6220651,40.010000
2008-09-11,sz000001,687.7530,687.7530,638.7500,642.1010,9413327,39.882050
2008-09-12,sz000001,642.1010,653.8280,632.8870,637.4940,4854249,39.868293
2008-09-16,sz000001,625.3480,625.3480,570.4820,570.4820,27883392,39.644336
2008-09-17,sz000001,551.2160,560.0110,510.1710,515.1970,29809021,39.418286
2008-09-18,sz000001,491.7430,553.3100,487.1360,524.8300,29019241,39.460902
2008-09-19,sz000001,580.5340,580.5340,575.0890,580.5340,11136764,39.681066
2008-09-22,sz000001,641.2630,641.6820,599.3810,641.6820,60346739,39.880796
2008-09-23,sz000001,612.7830,631.6300,595.1930,599.8000,20571693,39.748178
2008-09-24,sz000001,583.4660,589.3290,569.6440,583.4660,19568613,39.691565
2008-09-25,sz000001,586.8160,624.0920,582.6280,609.0140,24620104,39.778837
2008-09-26,sz000001,617.3900,620.7410,570.0630,595.6110,25302827,39.733889
2008-10-06,sz000001,586.8160,586.8160,532.7880,549.9600,29675771,39.565468
2008-10-07,sz000001,526.9240,568.3880,520.6420,553.7290,19088611,39.580343
2008-10-08,sz000001,524.8300,534.4630,501.7950,520.6420,30044517,39.442576
2008-10-09,sz000001,537.3950,538.6510,506.4020,511.8460,15857376,39.403079
2008-10-10,sz000001,487.1360,492.9990,469.5450,472.4770,15885640,39.209710
2008-10-13,sz000001,478.7590,523.1550,474.5710,523.1550,51112279,39.453620
2008-10-14,sz000001,548.2840,557.4980,517.7100,519.8040,50409608,39.438847
2008-10-16,sz000001,493.4180,503.0510,477.9220,486.7170,25859654,39.283051
2008-10-17,sz000001,492.5800,508.0770,486.2980,508.0770,18829992,39.385814
2008-10-20,sz000001,503.0510,546.1900,495.5120,536.5570,15201682,39.510825
2008-10-21,sz000001,537.3950,548.2840,523.9920,523.9920,15051568,39.457229
2008-10-22,sz000001,513.5220,537.3950,512.2650,518.5480,13697794,39.433308
2008-10-23,sz000001,503.8890,503.8890,465.7760,492.9990,35768549,39.314115
2008-10-24,sz000001,493.8370,498.0250,464.1000,471.6390,28775096,39.205237
2008-10-27,sz000001,457.3990,457.8180,421.3800,421.3800,30655300,38.908587
2008-10-28,sz000001,407.5590,459.9120,403.7890,449.0230,41883821,39.079460
2008-10-29,sz000001,455.7240,455.7240,428.5000,429.3380,28227917,38.959891
2008-10-30,sz000001,428.5000,451.9540,424.3120,441.4840,34201994,39.034836
2008-10-31,sz000001,442.8870,446.1540,421.1080,424.9190,24405445,50.766906
2008-11-03,sz000001,418.3860,440.1640,413.4850,426.5530,20198125,50.780119
2008-11-04,sz000001,421.6520,429.8190,404.7740,423.8300,19527612,50.758084
2008-11-05,sz000001,429.2750,467.3880,427.6420,451.0540,47262233,50.966554
2008-11-06,sz000001,431.9970,440.7090,424.3750,428.1860,23361786,50.793120
2008-11-07,sz000001,418.9300,458.6770,416.2080,447.7870,31894458,50.942776
2008-11-10,sz000001,464.1210,495.1560,459.2210,494.6120,56584866,51.255130
2008-11-11,sz000001,488.0780,507.1350,481.0000,487.5340,51500034,51.211555
2008-11-12,sz000001,479.3660,507.6790,477.1890,501.6900,36471064,51.297546
2008-11-13,sz000001,491.8890,538.1700,485.9000,528.9140,64883598,51.450778
2008-11-14,sz000001,535.4470,554.5040,522.3800,547.4260,68860604,51.546704
2008-11-17,sz000001,546.3370,570.8380,536.5360,568.6600,65175407,51.649410
2008-11-18,sz000001,561.5820,587.1720,510.4010,519.1130,72660512,51.397327
2008-11-19,sz000001,519.6570,569.7490,515.3020,565.9380,54566250,51.636679
2008-11-20,sz000001,550.6920,563.7600,534.9030,541.9810,61133937,51.519106
2008-11-21,sz000001,519.1130,550.6920,505.5010,526.1910,54656807,51.436070
2008-11-24,sz000001,526.7360,527.2800,498.9680,501.6900,45110666,51.297546
2008-11-25,sz000001,514.7570,518.5690,485.3560,495.1560,37093709,51.258385
2008-11-26,sz000001,496.2450,496.7900,475.5550,486.4450,31366296,51.204737
2008-11-27,sz000001,519.1130,523.4690,483.7220,484.2670,83405616,51.191015
2008-11-28,sz000001,477.1890,477.1890,448.3320,458.6770,49514179,51.020801
2008-12-01,sz000001,452.1430,467.9330,452.1430,465.7550,31861070,51.069627
2008-12-02,sz000001,453.2320,469.0220,447.7870,465.7550,34089364,51.069627
2008-12-03,sz000001,473.9220,495.1560,472.2880,494.6120,86389888,51.255130
2008-12-04,sz000001,512.5790,538.1700,508.2240,513.6680,117416871,51.366800
2008-12-05,sz000001,511.4900,533.2690,510.9460,530.5470,67229777,51.459457
2008-12-08,sz000001,546.3370,566.4820,541.4360,559.9480,87382862,51.608111
2008-12-09,sz000001,568.1160,568.6600,535.4470,536.5360,69102995,51.490979
2008-12-10,sz000001,537.6250,586.0830,537.6250,581.1830,101726067,51.706673
2008-12-11,sz000001,569.2050,584.9940,557.2260,558.3150,67510034,51.600277
2008-12-12,sz000001,549.0590,553.9590,518.5690,526.1910,49130134,51.436070
2008-12-15,sz000001,541.4360,545.7920,502.7790,525.6470,55898860,51.433170
2008-12-16,sz000001,516.9350,525.1020,500.0560,521.8350,40333587,51.412315
2008-12-17,sz000001,525.1020,528.9140,508.2240,514.7570,51809248,51.372954
2008-12-18,sz000001,514.7570,549.0590,507.1350,546.3370,62334395,51.541226
2008-12-19,sz000001,540.3470,558.8600,537.0810,542.5250,55108831,51.521842
2008-12-22,sz000001,540.8920,545.2480,522.9240,530.0020,34056207,51.456505
2008-12-23,sz000001,530.5470,546.8810,512.5790,523.4690,50569218,51.421316
2008-12-24,sz000001,510.9460,533.8140,509.3130,520.2020,34603493,51.403360
2008-12-25,sz000001,528.3690,528.3690,495.7010,501.6900,30683966,51.297546
2008-12-26,sz000001,500.0560,507.6790,494.6120,498.4230,26588139,51.278086
2008-12-29,sz000001,491.8890,492.9780,470.1100,484.8110,27793062,51.194403
2008-12-30,sz000001,484.2670,493.5230,477.7330,486.4450,32719301,51.204737
2008-12-31,sz000001,489.1670,491.8890,475.5550,484.2670,23226225,51.191015
2009-01-05,sz000001,490.2560,499.5120,486.9890,497.8790,34082718,51.274871
2009-01-06,sz000001,502.7790,537.0810,498.9680,530.0020,63533035,51.456505
2009-01-07,sz000001,524.5580,535.4470,513.1240,513.1240,61196035,51.363764
2009-01-08,sz000001,500.0560,500.6010,486.4450,491.8890,39257246,51.238438
2009-01-09,sz000001,491.8890,509.8570,491.8890,505.5010,60445727,51.319898
2009-01-12,sz000001,501.6900,518.0240,495.7010,506.0460,41548041,51.323124
2009-01-13,sz000001,452.6870,493.5230,452.6870,484.8110,173070799,51.194403
2009-01-14,sz000001,475.5550,527.2800,475.5550,524.5580,76532472,51.427255
2009-01-15,sz000001,514.2130,546.3370,512.0350,530.0020,89501439,51.456505
2009-01-16,sz000001,532.1800,564.8490,532.1800,547.4260,66437035,51.546704
2009-01-19,sz000001,549.0590,587.1720,549.0590,574.1050,93633487,51.674617
2009-01-20,sz000001,571.9270,589.8950,569.2050,587.7170,47297473,51.735651
2009-01-21,sz000001,576.2830,633.4520,568.1160,611.1290,82445596,51.834521
2009-01-22,sz000001,611.6730,622.5630,589.8950,611.1290,46940962,51.834521
2009-01-23,sz000001,599.6950,618.7520,599.6950,602.9620,34571254,51.800859
2009-02-02,sz000001,609.4960,622.0180,595.8840,604.0510,32974937,51.805403
2009-02-03,sz000001,604.0510,625.8300,600.7840,619.8410,36864028,51.869540
2009-02-04,sz000001,623.6520,685.1770,623.6520,679.1880,54095165,52.084969
2009-02-05,sz000001,680.8210,687.9000,656.8650,666.1210,37342847,52.040703
2009-02-06,sz000001,667.2100,700.9670,667.2100,687.3550,32469802,52.111827
2009-02-09,sz000001,701.5110,733.6350,701.5110,717.8460,47428273,52.206982
2009-02-10,sz000001,710.2230,720.5680,686.8110,712.9450,53370564,52.192167
2009-02-11,sz000001,703.1450,746.1580,680.2770,720.5680,82219311,52.215072
2009-02-12,sz000001,724.3790,724.3790,671.0210,692.2550,55995692,52.127636
2009-02-13,sz000001,685.7220,715.1230,676.4660,710.2230,51296009,52.183909
2009-02-16,sz000001,714.0340,753.2360,714.0340,750.5140,69180971,52.300627
2009-02-17,sz000001,750.5140,789.7160,724.9240,751.0590,72735160,52.302159
2009-02-18,sz000001,741.8020,779.9160,715.1230,731.4570,97747550,52.246929
2009-02-19,sz000001,731.4570,742.3470,677.0100,701.5110,63473557,52.156952
2009-02-20,sz000001,693.3440,714.0340,682.4550,711.3120,40842994,52.187234
2009-02-23,sz000001,703.1450,785.3600,699.3340,785.3600,69336562,52.392262
2009-02-25,sz000001,753.2360,839.2630,721.6570,794.0720,143462607,52.413993
2009-02-26,sz000001,774.4710,798.4280,711.8560,720.5680,87113777,52.215072
2009-03-02,sz000001,687.9000,742.3470,675.9210,731.4570,59278180,52.246929
2009-03-03,sz000001,699.3340,729.2800,696.0670,704.7780,29564234,52.167135
2009-03-04,sz000001,708.5900,778.2820,708.5900,776.6490,67897933,52.370128
2009-03-05,sz000001,782.0930,826.7400,769.0260,794.0720,91314310,52.413993
2009-03-06,sz000001,772.2930,804.9610,770.6600,785.3600,45439594,52.392262
2009-03-09,sz000001,801.6940,822.9290,759.2260,768.4820,56138189,52.348910
2009-03-10,sz000001,755.9590,777.7380,748.8810,777.7380,25137583,52.372929
2009-03-11,sz000001,807.6840,812.5840,766.8480,767.3930,45120026,52.346044
2009-03-12,sz000001,767.3930,795.7050,754.3250,792.4380,34793355,52.409921
2009-03-13,sz000001,795.7050,800.0610,774.4710,776.1040,26856230,52.368691
2009-03-16,sz000001,769.5710,807.1390,757.5920,799.5170,41565143,52.427344
2009-03-17,sz000001,794.0720,843.0740,788.0830,834.3630,66010095,52.508685
2009-03-18,sz000001,840.3520,844.7080,821.8400,824.5620,53778471,52.486442
2009-03-19,sz000001,825.6510,838.1740,801.1500,828.9180,57050540,52.496390
2009-03-20,sz000001,813.1280,822.3840,785.9050,803.8720,63737660,52.437834
2009-03-23,sz000001,791.8940,820.7510,791.8940,818.5730,71122744,52.472628
2009-03-24,sz000001,832.1850,851.2420,821.2960,822.3840,84296483,52.481429
2009-03-25,sz000001,815.8510,843.0740,813.6730,829.4630,48814831,52.497658
2009-03-26,sz000001,832.1850,873.0200,824.0180,868.6650,71702777,52.582627
2009-03-27,sz000001,867.5760,875.7430,852.8750,860.4980,38755129,52.565547
2009-03-30,sz000001,862.1310,866.4870,831.0960,842.5300,40576759,52.526808
2009-03-31,sz000001,824.0180,845.2520,815.3060,837.0850,32344849,52.514743
2009-04-01,sz000001,840.3520,867.5760,839.2630,851.2420,40323901,52.545802
2009-04-02,sz000001,852.8750,886.6320,852.8750,879.0100,56585358,52.603830
2009-04-03,sz000001,884.4540,907.8670,873.0200,881.1880,60770480,52.608239
2009-04-07,sz000001,881.1880,905.6890,865.9420,875.7430,32679459,52.597177
2009-04-08,sz000001,870.2980,889.3550,840.8970,843.6190,44819963,52.529203
2009-04-09,sz000001,843.6190,862.1310,841.9850,859.4090,30797570,52.563242
2009-04-10,sz000001,867.5760,874.6540,853.9640,873.5650,32964042,52.592715
2009-04-13,sz000001,877.3760,886.6320,867.5760,880.6430,33386721,52.607109
2009-04-14,sz000001,874.1090,881.7320,866.4870,876.2870,26497675,52.598259
2009-04-15,sz000001,871.9320,874.6540,840.3520,856.6860,42437779,52.557423
2009-04-16,sz000001,855.5970,864.8530,837.0850,859.4090,40431865,52.563242
2009-04-17,sz000001,852.3300,852.3300,832.1850,833.8180,41670276,52.507431
2009-04-20,sz000001,832.1850,850.1530,825.6510,847.9750,32062704,52.538724
2009-04-21,sz000001,837.6300,839.8080,810.4060,828.9180,35331689,52.496390
2009-04-22,sz000001,831.0960,844.1630,796.7940,800.6060,35164920,52.429993
2009-04-23,sz000001,799.5170,808.7730,785.9050,797.3390,22036413,52.422025
2009-04-24,sz000001,809.3170,838.1740,800.6060,803.8720,34010264,52.437834
2009-04-27,sz000001,794.0720,810.4060,786.4490,794.0720,20666502,52.413993
2009-04-28,sz000001,795.7050,825.1070,795.7050,818.5730,37591698,52.472628
2009-04-29,sz000001,819.1180,890.9880,818.0290,868.1200,58709206,52.581466
2009-04-30,sz000001,862.1310,874.1090,846.3410,857.7750,34225411,52.559743
2009-05-04,sz000001,863.7640,889.8990,854.5080,881.7320,38377789,52.609308
2009-05-05,sz000001,887.1770,905.6890,878.4650,882.8210,31403166,52.611502
2009-05-06,sz000001,879.0100,913.8560,874.1090,908.4110,47128948,52.661507
2009-05-07,sz000001,907.8670,952.5140,906.7780,946.5240,61011413,52.731142
2009-05-08,sz000001,931.8240,964.4920,926.3790,959.0470,57994600,52.752860
2009-05-11,sz000001,960.1360,1014.5830,928.5570,930.1900,67328848,52.701983
2009-05-12,sz000001,926.3790,949.2470,918.7560,943.8020,20702638,52.726369
2009-05-13,sz000001,948.7020,960.1360,931.2790,940.5350,23391167,52.720572
2009-05-14,sz000001,937.8130,938.3570,908.4110,917.6670,31501791,52.678932
2009-05-15,sz000001,926.3790,930.1900,912.2230,922.0230,14635163,52.687029
2009-05-19,sz000001,939.4460,959.0470,939.4460,943.2570,29211543,52.725377
2009-05-20,sz000001,944.8910,947.6130,925.2900,927.4680,14042095,52.697045
2009-05-21,sz000001,924.7450,928.0120,888.2660,892.0770,25424045,52.629912
2009-05-22,sz000001,888.2660,910.0450,877.3760,900.2440,23404076,52.645848
2009-05-25,sz000001,886.6320,919.8450,873.0200,904.0550,29555529,52.653174
2009-05-26,sz000001,906.2330,913.8560,890.4440,899.7000,17470400,52.644822
2009-05-27,sz000001,908.9560,941.0800,908.9560,940.5350,34811571,52.720572
2009-06-01,sz000001,954.1470,976.4700,947.0690,965.5810,30023553,52.763989
2009-06-02,sz000001,973.7480,985.1820,967.2140,975.3810,43295687,52.780357
2009-06-03,sz000001,975.3810,1060.8640,975.3810,1055.9630,64689721,52.903958
2009-06-04,sz000001,1047.2520,1106.0550,1041.8070,1078.8310,61845944,52.935770
2009-06-05,sz000001,1071.7530,1090.8100,1049.9740,1058.1410,34852859,52.907050
2009-06-15,sz000001,1167.0360,1167.0360,1112.5890,1167.0360,189638193,53.047091
2009-06-16,sz000001,1139.8120,1212.2270,1134.3670,1199.1600,149976941,53.083665
2009-06-17,sz000001,1189.3590,1194.2600,1151.2460,1177.9250,65222443,53.059685
2009-06-18,sz000001,1169.7580,1199.7040,1153.4240,1162.6800,67096688,53.041971
2009-06-19,sz000001,1158.8690,1188.2700,1146.8900,1170.8470,57987412,53.051518
2009-06-22,sz000001,1172.4810,1189.9040,1145.2570,1171.9360,66308628,53.052784
2009-06-23,sz000001,1150.7020,1201.8820,1140.9010,1172.4810,62469766,53.053439
2009-06-24,sz000001,1160.5020,1160.5020,1118.0330,1135.4560,65715743,53.009150
2009-06-25,sz000001,1134.3670,1154.5130,1126.2000,1133.2790,38351564,53.006501
2009-06-26,sz000001,1139.2680,1150.1570,1132.1900,1145.2570,34117350,53.021157
2009-06-30,sz000001,1167.0360,1177.9250,1145.8010,1157.2350,41201295,53.035518
2009-07-01,sz000001,1156.1460,1242.7180,1143.0790,1235.0950,79857941,53.122366
2009-07-02,sz000001,1232.3730,1256.8740,1221.4830,1237.2730,48942898,53.124646
2009-07-03,sz000001,1219.3050,1260.1410,1216.5830,1254.1520,37641353,53.142034
2009-07-06,sz000001,1254.6960,1304.7880,1243.8070,1269.3970,35197421,53.157328
2009-07-07,sz000001,1263.9520,1263.9520,1199.7040,1210.0490,51727656,53.095612
2009-07-08,sz000001,1188.8150,1212.2270,1170.3030,1198.6150,37557134,53.083038
2009-07-09,sz000001,1198.0710,1208.9600,1175.7470,1202.9710,31677826,53.087864
2009-07-10,sz000001,1204.0600,1225.2940,1194.2600,1209.5050,29477415,53.095040
2009-07-13,sz000001,1202.4270,1202.4270,1174.1140,1174.1140,27927602,53.055310
2009-07-14,sz000001,1180.6480,1217.1270,1180.6480,1213.3160,28946589,53.099168
2009-07-15,sz000001,1216.5830,1238.9060,1208.9600,1220.3940,28088231,53.106789
2009-07-16,sz000001,1235.6390,1268.3080,1217.6720,1251.9740,54587243,53.139813
2009-07-17,sz000001,1251.9740,1262.3190,1221.4830,1247.0730,28419373,53.134768
2009-07-20,sz000001,1247.0730,1258.5070,1218.7610,1258.5070,37751940,53.146410
2009-07-21,sz000001,1249.7960,1275.3860,1218.2160,1218.7610,46959997,53.105054
2009-07-22,sz000001,1213.8610,1235.0950,1205.1490,1225.8390,41701272,53.112608
2009-07-23,sz000001,1224.2060,1250.8850,1196.9820,1230.1950,54413366,53.117228
2009-07-24,sz000001,1239.4510,1242.7180,1194.2600,1205.1490,44827899,53.090264
2009-07-27,sz000001,1211.6830,1250.8850,1210.5940,1226.9280,38186260,53.113766
2009-07-28,sz000001,1231.2840,1269.3970,1210.5940,1226.9280,60328018,53.113766
2009-07-29,sz000001,1237.8170,1341.2670,1208.9600,1265.0410,136505866,53.152983
2009-07-30,sz000001,1295.5310,1394.6260,1295.5310,1394.6260,187171760,53.270665
2009-08-03,sz000001,1376.6580,1377.7470,1325.4780,1376.6580,99498401,53.255629
2009-08-04,sz000001,1364.1350,1367.4020,1305.8760,1332.5560,68754450,53.217093
2009-08-05,sz000001,1322.7550,1371.2130,1314.0440,1339.0890,46640660,53.222933
2009-08-06,sz000001,1315.6770,1316.7660,1251.4290,1275.3860,48538247,53.163235
2009-08-07,sz000001,1276.4750,1305.8760,1245.9840,1250.3400,32396098,53.138122
2009-08-10,sz000001,1269.3970,1280.8310,1194.8040,1219.3050,46019260,53.105618
2009-08-11,sz000001,1224.2060,1238.3620,1194.2600,1225.8390,24518033,53.112608
2009-08-12,sz000001,1219.8500,1246.5290,1175.7470,1187.1810,36468911,53.070228
2009-08-13,sz000001,1185.0030,1238.9060,1171.9360,1236.1840,38602862,53.123507
2009-08-14,sz000001,1226.9280,1244.8960,1183.3700,1205.1490,30672083,53.090264
2009-08-17,sz000001,1182.8260,1226.9280,1122.3890,1124.0230,44587449,52.994955
2009-08-18,sz000001,1126.2000,1147.9790,1107.6880,1136.5450,28147160,53.010494
2009-08-19,sz000001,1144.1680,1163.7690,1082.6430,1100.6100,28151337,52.964870
2009-08-20,sz000001,1102.2440,1143.6240,1085.9090,1143.0790,34439381,53.018506
2009-08-21,sz000001,1146.3460,1194.2600,1142.5350,1170.8470,47364078,53.051518
2009-08-24,sz000001,1178.4700,1188.8150,1153.4240,1162.6800,29007610,53.041971
2009-08-25,sz000001,1161.0470,1161.0470,1043.4410,1076.6530,55033673,52.932793
2009-08-26,sz000001,1058.1410,1106.0550,1030.9180,1091.8990,36389326,52.953395
2009-08-27,sz000001,1074.4750,1105.5100,1063.0420,1065.7640,29075156,52.917776
2009-08-28,sz000001,1064.1300,1075.0200,1008.0500,1012.4060,37559911,52.839562
2009-08-31,sz000001,1000.4270,1002.6050,951.4250,959.5920,36035294,52.753821
2009-09-01,sz000001,959.5920,1018.3950,959.5920,1003.6940,36158872,52.826000
2009-09-02,sz000001,986.2710,1058.1410,976.4700,1049.4300,41775683,52.894657
2009-09-03,sz000001,1051.6080,1105.5100,1039.0850,1093.5320,39437652,52.955545
2009-09-04,sz000001,1101.1550,1121.3000,1089.7210,1097.8880,28867506,52.961312
2009-09-07,sz000001,1104.4210,1122.3890,1090.8100,1102.2440,27020890,52.967035
2009-09-08,sz000001,1093.5320,1112.5890,1084.2760,1110.4110,33553812,52.977624
2009-09-09,sz000001,1114.7660,1123.4780,1085.3650,1110.4110,20878620,52.977624
2009-09-10,sz000001,1103.3330,1112.0440,1088.0870,1096.2540,23354756,52.959130
2009-09-11,sz000001,1086.9980,1165.9470,1086.9980,1156.1460,45181631,53.034220
2009-09-14,sz000001,1156.1460,1176.2920,1141.9900,1165.9470,29325694,53.045814
2009-09-15,sz000001,1167.0360,1177.9250,1145.2570,1161.0470,20738598,53.040064
2009-09-16,sz000001,1146.3460,1154.5130,1110.4110,1127.8340,28273293,52.999718
2009-09-17,sz000001,1131.6450,1149.0680,1131.6450,1139.2680,22003636,53.013867
2009-09-18,sz000001,1145.8010,1146.8900,1063.5860,1085.3650,54450576,52.944634
2009-09-21,sz000001,1071.2090,1085.3650,1029.8290,1081.5540,41342071,52.939501
2009-09-22,sz000001,1063.5860,1081.5540,1039.6290,1042.8960,35398341,52.885193
2009-09-23,sz000001,1043.4410,1057.5970,1021.6620,1031.4620,24889864,52.868375
2009-09-24,sz000001,1031.4620,1098.9770,1021.6620,1075.5640,48166062,52.931299
2009-09-25,sz000001,1058.1410,1073.3870,1040.7180,1066.3080,21187026,52.918511
2009-09-28,sz000001,1066.3080,1075.5640,1021.6620,1027.6510,14585959,52.862706
2009-09-29,sz000001,1030.9180,1054.3300,1020.0280,1043.9850,18796145,52.886778
2009-09-30,sz000001,1051.6080,1070.1200,1049.4300,1058.6860,18252247,52.907846
2009-10-09,sz000001,1085.3650,1123.4780,1070.1200,1115.3110,25746333,52.983895
2009-10-12,sz000001,1123.4780,1139.2680,1107.1440,1112.0440,24098295,52.979705
2009-10-13,sz000001,1104.4210,1123.4780,1098.9770,1119.1220,12696189,52.988731
2009-10-14,sz000001,1120.7560,1151.2460,1114.2220,1125.1110,29070153,52.996279
2009-10-15,sz000001,1137.0900,1159.9580,1125.6560,1135.4560,24515710,53.009150
2009-10-16,sz000001,1136.5450,1149.0680,1104.4210,1129.4670,19551606,53.001736
2009-10-19,sz000001,1131.1010,1170.8470,1112.5890,1169.7580,34841307,53.050249
2009-10-20,sz000001,1177.9250,1194.2600,1167.5800,1188.2700,29899315,53.071460
2009-10-21,sz000001,1188.2700,1224.7500,1180.1030,1200.7930,28999854,53.085455
2009-10-22,sz000001,1194.2600,1205.6930,1178.4700,1179.5590,22351324,53.061583
2009-10-23,sz000001,1188.2700,1224.7500,1183.9150,1211.1380,24940865,53.096800
2009-10-26,sz000001,1220.3940,1227.4720,1198.0710,1211.1380,16238630,53.096800
2009-10-27,sz000001,1204.0600,1204.0600,1160.5020,1167.0360,22412900,53.047091
2009-10-28,sz000001,1162.6800,1172.4810,1136.0010,1160.5020,16509432,53.039397
2009-10-29,sz000001,1145.2570,1200.2490,1139.8120,1178.4700,37312698,53.060333
2009-10-30,sz000001,1210.5940,1219.3050,1179.5590,1193.1710,26040539,53.077002
2009-11-02,sz000001,1161.5910,1315.6770,1156.1460,1315.6770,76286214,53.201658
2009-11-03,sz000001,1303.1540,1343.4450,1299.8870,1327.1110,53902663,53.212149
2009-11-04,sz000001,1314.0440,1392.9920,1314.0440,1352.1570,49913087,53.234528
2009-11-05,sz000001,1351.0680,1355.4240,1322.2110,1333.1000,28931192,53.217565
2009-11-06,sz000001,1351.6120,1367.9460,1320.0330,1335.8230,30297501,53.220040
2009-11-09,sz000001,1325.4780,1341.2670,1291.1760,1322.7550,32796651,53.208166
2009-11-10,sz000001,1331.4670,1385.3700,1330.3780,1373.9360,50208683,53.253333
2009-11-11,sz000001,1358.1460,1370.1240,1346.7120,1362.5020,19209211,53.243533
2009-11-12,sz000001,1363.5910,1379.3800,1333.6450,1339.0890,21187928,53.222933
2009-11-13,sz000001,1338.5450,1352.1570,1319.4880,1352.1570,22648046,53.234528
2009-11-16,sz000001,1360.8680,1402.7930,1353.7900,1396.8030,33957536,53.272426
2009-11-17,sz000001,1398.9810,1424.5720,1363.5910,1386.4580,33975694,53.263849
2009-11-18,sz000001,1388.0920,1395.7150,1365.2240,1374.4800,18193950,53.253778
2009-11-19,sz000001,1382.1030,1395.7150,1363.0460,1382.1030,19773121,53.260231
2009-11-20,sz000001,1371.2130,1382.6470,1356.5120,1363.5910,26628396,53.244475
2009-11-23,sz000001,1364.1350,1370.1240,1346.7120,1360.3240,25265701,53.241644
2009-11-24,sz000001,1371.2130,1394.0810,1330.9220,1338.5450,37223596,53.222465
2009-11-25,sz000001,1339.6340,1356.5120,1294.9870,1340.1780,30976531,53.223908
2009-11-26,sz000001,1340.1780,1340.7230,1248.7070,1261.2300,42368550,53.149178
2009-11-27,sz000001,1245.9840,1270.4860,1226.3830,1239.4510,38794847,53.126918
2009-11-30,sz000001,1255.2400,1293.8980,1250.3400,1290.0870,28186240,53.177535
2009-12-01,sz000001,1284.0980,1286.8200,1237.8170,1286.2750,53385346,53.173832
2009-12-02,sz000001,1290.6310,1316.2210,1290.0870,1296.6200,34110019,53.183757
2009-12-03,sz000001,1286.8200,1296.0760,1259.5960,1273.2080,33920936,53.161086
2009-12-04,sz000001,1273.2080,1349.4340,1252.5180,1346.7120,79096047,53.229723
2009-12-07,sz000001,1334.1890,1373.3910,1324.9330,1349.9790,42171046,53.232610
2009-12-08,sz000001,1353.7900,1353.7900,1309.6880,1317.8550,31247399,53.203674
2009-12-09,sz000001,1314.0440,1320.5770,1297.7090,1311.3210,20284418,53.197606
2009-12-10,sz000001,1319.4880,1341.2670,1308.5990,1324.3890,19128298,53.209683
2009-12-11,sz000001,1324.3890,1343.9900,1314.5880,1329.8330,17443680,53.214606
2009-12-14,sz000001,1317.3100,1373.9360,1275.3860,1357.6010,40029297,53.239255
2009-12-15,sz000001,1343.9900,1368.4910,1330.9220,1334.7340,24853355,53.219059
2009-12-16,sz000001,1324.9330,1354.8790,1317.8550,1322.2110,16009055,53.207686
2009-12-17,sz000001,1324.9330,1341.2670,1297.7090,1303.6990,18139668,53.190494
2009-12-18,sz000001,1291.7200,1306.4210,1271.5750,1272.1190,19786271,53.160008
2009-12-21,sz000001,1267.7630,1283.5530,1221.4830,1251.9740,17264906,53.139813
2009-12-22,sz000001,1255.7850,1258.5070,1202.4270,1206.2380,14731918,53.091461
2009-12-23,sz000001,1208.4160,1224.7500,1182.2810,1196.9820,21340199,53.081242
2009-12-24,sz000001,1202.4270,1238.3620,1192.0820,1236.7280,29402860,53.124055
2009-12-29,sz000001,1243.2620,1265.5850,1221.4830,1253.6070,24343903,53.141458
2009-12-30,sz000001,1253.6070,1304.7880,1244.3510,1297.1650,36333042,53.184297
2009-12-31,sz000001,1296.6200,1313.4990,1280.8310,1296.0760,21476184,53.183258
2010-01-04,sz000001,1304.2430,1307.5100,1258.5070,1260.1410,24192276,53.148081
2010-01-05,sz000001,1262.3190,1270.4860,1207.8710,1237.8170,55649982,53.125193
2010-01-06,sz000001,1235.0950,1235.0950,1206.2380,1216.0380,41214313,53.102096
2010-01-07,sz000001,1216.0380,1224.2060,1188.8150,1202.4270,35533685,53.087285
2010-01-08,sz000001,1194.2600,1207.8710,1186.0920,1199.7040,28854306,53.084248
2010-01-11,sz000001,1248.7070,1258.5070,1182.2810,1199.7040,44284602,53.084248
2010-01-12,sz000001,1198.0710,1202.4270,1156.1460,1191.5370,59179591,53.075145
2010-01-13,sz000001,1159.9580,1161.5910,1101.6990,1110.4110,93503947,52.977624
2010-01-14,sz000001,1112.5890,1121.3000,1090.8100,1110.9550,52119474,52.978302
2010-01-15,sz000001,1113.6780,1147.9790,1093.5320,1136.0010,53950846,53.009846
2010-01-18,sz000001,1136.0010,1153.9690,1124.0230,1138.1790,34912652,53.012529
2010-01-19,sz000001,1144.1680,1185.5480,1143.0790,1179.5590,65071514,53.061583
2010-01-20,sz000001,1179.0140,1199.7040,1128.9230,1133.2790,49083567,53.006501
2010-01-21,sz000001,1144.1680,1210.5940,1133.2790,1204.0600,63230130,53.089065
2010-01-22,sz000001,1190.9930,1245.9840,1160.5020,1225.8390,88253896,53.112608
2010-01-25,sz000001,1199.7040,1226.9280,1172.4810,1177.3810,35605864,53.059081
2010-01-26,sz000001,1177.3810,1199.1600,1145.2570,1169.7580,34532556,53.050249
2010-01-27,sz000001,1188.2700,1199.7040,1150.7020,1162.1360,40103476,53.041351
2010-01-28,sz000001,1156.1460,1169.7580,1118.5780,1153.4240,26213249,53.030989
2010-01-29,sz000001,1144.7120,1186.0920,1130.0120,1150.7020,24068821,53.027742
2010-02-01,sz000001,1151.2460,1154.5130,1112.5890,1125.6560,28317991,52.996987
2010-02-02,sz000001,1126.7450,1164.8580,1126.7450,1132.7340,28673360,53.005803
2010-02-03,sz000001,1141.4460,1198.6150,1125.6560,1198.6150,54900574,53.083038
2010-02-04,sz000001,1185.0030,1191.5370,1167.5800,1177.9250,30334603,53.059685
2010-02-05,sz000001,1146.3460,1184.4590,1134.9120,1167.0360,27617400,53.047091
2010-02-08,sz000001,1160.5020,1171.3920,1137.0900,1143.0790,20642307,53.018506
2010-02-09,sz000001,1145.2570,1175.2030,1141.4460,1167.0360,24817026,53.047091
2010-02-10,sz000001,1177.9250,1187.7260,1168.1250,1182.2810,25383964,53.064677
2010-02-11,sz000001,1178.4700,1186.0920,1171.3920,1173.0250,13910229,53.054048
2010-02-12,sz000001,1176.2920,1199.7040,1176.2920,1191.5370,18838563,53.075145
2010-02-22,sz000001,1183.9150,1191.5370,1171.3920,1172.4810,16577759,53.053439
2010-02-23,sz000001,1168.6690,1169.7580,1134.3670,1142.5350,23778128,53.017865
2010-02-24,sz000001,1134.9120,1155.6020,1124.5670,1151.2460,23148645,53.028374
2010-02-25,sz000001,1149.0680,1189.3590,1145.8010,1175.2030,34787898,53.056569
2010-02-26,sz000001,1167.5800,1200.7930,1165.9470,1191.5370,45021730,53.075145
2010-03-02,sz000001,1215.4940,1273.7530,1215.4940,1227.4720,68464727,53.114323
2010-03-03,sz000001,1227.4720,1240.5400,1210.5940,1237.8170,28411139,53.125193
2010-03-04,sz000001,1238.9060,1255.7850,1221.4830,1226.9280,37632084,53.113766
2010-03-05,sz000001,1226.9280,1248.1620,1224.2060,1236.1840,29184210,53.123507
2010-03-08,sz000001,1238.9060,1278.6530,1224.7500,1267.7630,44105392,53.155681
2010-03-09,sz000001,1269.3970,1290.6310,1248.7070,1266.1300,39436014,53.154072
2010-03-10,sz000001,1260.1410,1280.2860,1240.5400,1243.2620,21105884,53.130855
2010-03-11,sz000001,1251.4290,1274.2970,1242.7180,1257.4180,24121835,53.145309
2010-03-12,sz000001,1251.4290,1251.4290,1214.9490,1217.6720,28021635,53.103881
2010-03-15,sz000001,1214.9490,1214.9490,1177.9250,1188.2700,18908995,53.071460
2010-03-16,sz000001,1188.2700,1201.3380,1180.1030,1196.9820,19684875,53.081242
2010-03-17,sz000001,1200.7930,1232.3730,1192.0820,1231.8280,19285971,53.118931
2010-03-18,sz000001,1235.0950,1248.7070,1220.3940,1224.2060,21815220,53.110889
2010-03-19,sz000001,1224.2060,1232.3730,1205.1490,1223.6610,17661472,53.110286
2010-03-22,sz000001,1217.6720,1244.3510,1217.6720,1229.6500,19525678,53.116631
2010-03-23,sz000001,1232.3730,1235.6390,1205.6930,1212.2270,15934945,53.097985
2010-03-24,sz000001,1213.3160,1232.3730,1207.3270,1210.5940,21098292,53.096228
2010-03-25,sz000001,1208.4160,1208.9600,1182.2810,1183.3700,16607431,53.065919
2010-03-26,sz000001,1183.3700,1226.3830,1176.2920,1211.1380,22346079,53.096800
2010-03-29,sz000001,1219.3050,1268.3080,1210.0490,1251.9740,44416328,53.139813
2010-03-30,sz000001,1255.7850,1263.9520,1239.9950,1256.8740,25304341,53.144778
2010-03-31,sz000001,1256.8740,1257.9630,1225.8390,1232.3730,30554950,53.119526
2010-04-01,sz000001,1236.1840,1254.1520,1225.2940,1243.2620,30515892,53.130855
2010-04-02,sz000001,1246.5290,1248.7070,1232.9170,1244.8960,19590002,53.132565
2010-04-06,sz000001,1251.9740,1268.3080,1235.6390,1241.6290,23650932,53.129183
2010-04-07,sz000001,1240.5400,1244.8960,1204.0600,1213.3160,31842226,53.099168
2010-04-08,sz000001,1211.6830,1212.2270,1184.4590,1198.0710,44838723,53.082455
2010-04-09,sz000001,1198.0710,1207.3270,1194.2600,1202.9710,22040960,53.087864
2010-04-12,sz000001,1206.2380,1208.4160,1163.7690,1171.9360,49477064,53.052784
2010-04-13,sz000001,1176.2920,1200.2490,1169.7580,1188.8150,44918697,53.072098
2010-04-14,sz000001,1188.8150,1191.5370,1168.6690,1179.5590,33185241,53.061583
2010-04-15,sz000001,1182.2810,1188.8150,1165.9470,1188.8150,35701750,53.072098
2010-04-16,sz000001,1182.2810,1182.2810,1165.9470,1167.5800,28646797,53.047706
2010-04-19,sz000001,1142.5350,1144.1680,1057.5970,1062.4970,82687425,52.913197
2010-04-20,sz000001,1064.6750,1076.1090,1030.9180,1045.6180,43513433,52.889125
2010-04-21,sz000001,1047.7960,1066.8530,1036.3620,1065.2190,37358846,52.916990
2010-04-22,sz000001,1058.1410,1058.1410,1020.5730,1035.8180,45221008,52.874834
2010-04-23,sz000001,1038.5400,1088.6320,1024.9280,1066.8530,55604571,52.919296
2010-04-26,sz000001,1058.1410,1077.1980,1041.8070,1054.8740,32231493,52.902407
2010-04-27,sz000001,1046.1630,1069.5750,1033.6400,1049.9740,34890388,52.895416
2010-04-28,sz000001,1043.9850,1067.9420,1036.3620,1065.7640,33493883,52.917776
2010-04-29,sz000001,1075.5640,1092.4430,1065.2190,1067.3970,36824242,52.920030
2010-04-30,sz000001,1071.7530,1090.2650,1065.7640,1088.6320,32434462,52.949027
2010-05-04,sz000001,1063.5860,1074.4750,1045.6180,1058.1410,28674710,52.907050
2010-05-05,sz000001,1063.0420,1070.1200,1023.2950,1052.6970,65042244,52.899347
2010-05-06,sz000001,1041.2630,1041.2630,966.1250,971.0260,68579660,52.773152
2010-05-07,sz000001,950.8800,979.1930,946.5240,963.4030,41257999,52.760296
2010-05-10,sz000001,968.3030,986.2710,959.5920,972.6590,38641688,52.775855
2010-05-11,sz000001,996.0710,997.7050,919.8450,920.3900,56171655,52.684030
2010-05-12,sz000001,911.1340,965.5810,903.5110,955.2360,52104082,52.746328
2010-05-13,sz000001,949.7910,999.3380,949.2470,986.2710,56752700,52.798233
2010-05-14,sz000001,986.2710,986.8150,960.1360,968.3030,26562824,52.768556
2010-05-17,sz000001,949.2470,950.3360,913.3110,918.2120,32660779,52.679977
2010-05-18,sz000001,922.0230,955.2360,911.1340,947.6130,36190091,52.733055
2010-05-19,sz000001,935.0900,958.5030,917.1230,936.1790,25635625,52.712782
2010-05-20,sz000001,925.8340,951.9690,920.9340,924.7450,21828949,52.692023
2010-05-21,sz000001,900.2440,942.1690,895.8880,939.4460,22079549,52.718631
2010-05-24,sz000001,944.8910,981.9150,944.8910,970.4810,31791566,52.772213
2010-05-25,sz000001,960.1360,962.8590,935.6350,937.8130,24594616,52.715739
2010-05-26,sz000001,942.7130,958.5030,938.9020,943.8020,17161115,52.726369
2010-05-27,sz000001,942.1690,955.7800,919.8450,953.0580,27816665,52.742557
2010-05-28,sz000001,962.8590,970.4810,950.3360,953.6020,25397440,52.743473
2010-05-31,sz000001,943.8020,960.1360,922.0230,922.5680,27045758,52.688064
2010-06-01,sz000001,918.2120,932.3680,905.1440,911.1340,21809102,52.666705
2010-06-02,sz000001,908.4110,917.1230,890.4440,907.3220,25125605,52.659431
2010-06-03,sz000001,911.6780,933.4570,906.7780,906.7780,28756178,52.658420
2010-06-04,sz000001,906.2330,922.0230,903.5110,911.1340,13473513,52.666705
2010-06-07,sz000001,900.2440,911.1340,884.4540,889.8990,24149327,52.625606
2010-06-08,sz000001,890.4440,895.8880,867.5760,878.4650,17033017,52.602695
2010-06-09,sz000001,883.3650,937.8130,871.9320,931.2790,49574374,52.703962
2010-06-10,sz000001,909.5000,920.3900,899.1550,900.7890,28464074,52.646932
2010-06-11,sz000001,906.2330,919.8450,894.7990,902.9660,20998339,52.651079
2010-06-18,sz000001,905.1440,935.6350,902.9660,912.2230,44849256,52.668764
2010-06-21,sz000001,911.6780,977.5590,911.6780,965.5810,58980712,52.763989
2010-06-22,sz000001,962.8590,993.8930,955.2360,978.1040,41713771,52.784889
2010-06-23,sz000001,965.5810,983.0040,956.3250,968.3030,32467950,52.768556
2010-06-24,sz000001,965.5810,993.3490,961.7700,978.1040,23351519,52.784889
2010-06-25,sz000001,970.4810,976.4700,950.8800,955.2360,22750285,52.746328
2010-06-28,sz000001,951.9690,981.9150,951.9690,975.9260,24414809,52.781287
2010-06-29,sz000001,978.1040,978.1040,922.0230,922.5680,30668325,52.688064
2010-09-02,sz000001,1003.6940,1003.6940,943.2570,959.5920,163454200,52.753821
2010-09-03,sz000001,958.5030,958.5030,931.2790,936.1790,62412900,52.712782
2010-09-06,sz000001,941.6240,970.4810,936.7240,960.1360,60906900,52.754725
2010-09-07,sz000001,967.7590,967.7590,945.9800,951.4250,39285200,52.739745
2010-09-08,sz000001,944.3460,944.3460,922.5680,930.1900,49003500,52.701983
2010-09-09,sz000001,930.1900,930.1900,904.0550,906.7780,46989700,52.658420
2010-09-10,sz000001,903.5110,917.1230,894.7990,905.6890,25184700,52.656337
2010-09-13,sz000001,906.2330,916.5780,882.8210,899.7000,50222800,52.644822
2010-09-14,sz000001,902.9660,914.4000,899.7000,904.6000,29949400,52.654249
2010-09-15,sz000001,905.6890,910.5890,890.4440,890.4440,25923500,52.626714
2010-09-16,sz000001,894.7990,902.4220,870.2980,874.6540,28607600,52.594949
2010-09-17,sz000001,876.8320,889.3550,873.5650,875.7430,22079200,52.597177
2010-09-20,sz000001,876.8320,891.5330,868.1200,878.4650,19768600,52.602695
2010-09-21,sz000001,882.8210,885.5430,870.2980,873.5650,13399200,52.592715
2010-09-27,sz000001,875.1980,881.1880,863.7640,877.9210,18833100,52.601618
2010-09-28,sz000001,876.8320,876.8320,854.5080,854.5080,24652600,52.552768
2010-09-29,sz000001,852.3300,863.7640,846.3410,852.3300,21347500,52.548089
2010-10-08,sz000001,878.4650,913.3110,867.5760,906.7780,53671500,52.658420
2010-10-11,sz000001,912.2230,968.8480,912.2230,951.4250,87403000,52.739745
2010-10-12,sz000001,952.5140,957.4140,938.3570,947.6130,47759400,52.733055
2010-10-13,sz000001,948.7020,979.1930,947.6130,978.6480,82596100,52.785761
2010-10-14,sz000001,984.6370,1019.4840,966.1250,967.7590,100374900,52.767666
2010-10-15,sz000001,960.1360,1024.3840,959.0470,1011.8610,116893800,52.838695
2010-10-18,sz000001,1025.4730,1061.4080,1009.1390,1012.9500,107408100,52.840376
2010-10-19,sz000001,1010.2280,1037.9960,994.4380,1033.6400,58071900,52.871611
2010-10-20,sz000001,1011.8610,1057.0520,1011.8610,1029.2840,73972700,52.865126
2010-10-21,sz000001,1029.2840,1030.9180,991.1710,995.5270,55499900,52.813103
2010-10-22,sz000001,979.1930,993.3490,967.2140,977.5590,53822200,52.783963
2010-10-25,sz000001,979.1930,1002.0610,963.4030,998.7940,46830500,52.818297
2010-10-26,sz000001,1003.6940,1017.3060,979.1930,985.1820,42230000,52.796463
2010-10-27,sz000001,981.3710,1008.0500,968.3030,979.7370,39503100,52.787554
2010-10-28,sz000001,981.9150,998.2490,972.6590,991.1710,38463100,52.806127
2010-10-29,sz000001,992.2600,993.3490,967.7590,971.5700,35857700,52.774036
2010-11-01,sz000001,975.9260,990.0820,972.6590,980.2820,59127200,52.788476
2010-11-02,sz000001,980.2820,995.5270,968.3030,985.1820,63981700,52.796463
2010-11-03,sz000001,983.5480,1020.5730,971.5700,1006.4160,91079600,52.830236
2010-11-04,sz000001,999.8830,1011.8610,990.0820,999.3380,61345800,52.819133
2010-11-05,sz000001,1009.1390,1014.0390,992.2600,999.8830,50395900,52.820021
2010-11-08,sz000001,1002.0610,1024.9280,1002.0610,1011.3170,62519400,52.837879
2010-11-09,sz000001,1012.4060,1013.4940,981.9150,984.6370,56692600,52.795550
2010-11-10,sz000001,978.6480,979.1930,954.6910,956.3250,57120400,52.748207
2010-11-11,sz000001,960.1360,985.1820,953.6020,973.2030,67968600,52.776735
2010-11-12,sz000001,960.6810,965.0360,901.8780,905.1440,61625600,52.655265
2010-11-15,sz000001,908.4110,912.2230,894.2550,911.6780,43991800,52.667707
2010-11-16,sz000001,911.1340,911.1340,876.2870,878.4650,44266700,52.602695
2010-11-17,sz000001,871.3870,898.6110,868.1200,883.9100,33927400,52.613690
2010-11-18,sz000001,890.9880,909.5000,886.6320,904.6000,43733900,52.654249
2010-11-19,sz000001,905.6890,906.7780,872.4760,895.3440,43301400,52.636332
2010-11-22,sz000001,883.9100,886.6320,873.0200,877.3760,35349800,52.600480
2010-11-23,sz000001,871.9320,878.4650,853.9640,870.2980,32938400,52.585982
2010-11-24,sz000001,864.8530,889.3550,862.6750,881.7320,31836600,52.609308
2010-11-25,sz000001,884.4540,901.3330,873.0200,892.0770,38293900,52.629912
2010-11-26,sz000001,890.9880,890.9880,875.7430,877.9210,23703000,52.601618
2010-11-29,sz000001,872.4760,888.2660,866.4870,879.5540,20063900,52.604904
2010-11-30,sz000001,875.7430,883.3650,850.1530,861.5870,28262100,52.567846
2010-12-01,sz000001,861.5870,870.8430,856.6860,867.0310,15427200,52.579200
2010-12-02,sz000001,879.0100,883.3650,866.4870,868.1200,20269900,52.581466
2010-12-03,sz000001,870.8430,875.7430,864.8530,871.3870,15700600,52.588232
2010-12-06,sz000001,873.0200,888.2660,867.5760,880.6430,21792300,52.607109
2010-12-07,sz000001,877.9210,885.5430,863.2200,880.0990,19954500,52.606037
2010-12-08,sz000001,878.4650,880.6430,864.8530,867.0310,17288600,52.579200
2010-12-09,sz000001,865.9420,867.0310,851.2420,851.7860,24029300,52.546946
2010-12-10,sz000001,851.2420,861.0420,845.7970,858.8640,19834100,52.562056
2010-12-13,sz000001,859.4090,875.1980,854.5080,874.1090,28080300,52.593803
2010-12-14,sz000001,874.1090,875.7430,866.4870,869.7540,23751600,52.584885
2010-12-15,sz000001,873.0200,883.9100,868.1200,872.4760,28127600,52.590476
2010-12-16,sz000001,874.1090,879.5540,863.7640,864.8530,22055600,52.574650
2010-12-17,sz000001,864.8530,867.5760,856.1420,859.4090,17302000,52.563242
2010-12-20,sz000001,861.5870,864.3090,839.8080,847.4300,25620500,52.537508
2010-12-21,sz000001,849.6080,875.7430,844.1630,871.3870,30685300,52.588232
2010-12-22,sz000001,873.5650,874.6540,851.2420,852.8750,22703500,52.549291
2010-12-24,sz000001,851.2420,873.0200,848.5190,864.3090,28612700,52.573540
2010-12-27,sz000001,874.1090,880.0990,841.4410,844.1630,30865700,52.530367
2010-12-28,sz000001,844.7080,852.3300,837.6300,837.6300,26556600,52.515987
2010-12-29,sz000001,837.6300,839.2630,818.5730,827.8290,23683200,52.493912
2010-12-30,sz000001,827.8290,829.4630,813.6730,822.3840,17826600,52.481429
2010-12-31,sz000001,822.9290,833.2740,818.0290,828.9180,24089100,52.496390
2011-01-04,sz000001,830.5520,850.1530,821.2960,841.4410,35884000,52.524407
2011-01-05,sz000001,839.8080,847.4300,835.4520,836.5410,23746200,52.513559
2011-01-06,sz000001,836.5410,844.7080,824.0180,830.0070,20653100,52.498861
2011-01-07,sz000001,829.4630,882.8210,824.0180,862.6750,77048200,52.570079
2011-01-10,sz000001,852.8750,862.1310,834.9070,839.2630,36187200,52.519587
2011-01-11,sz000001,834.9070,856.1420,833.8180,850.6970,20820000,52.544595
2011-01-12,sz000001,852.8750,863.2200,846.3410,862.1310,27713300,52.568963
2011-01-13,sz000001,866.4870,870.2980,857.2310,858.8640,19481100,52.562056
2011-01-14,sz000001,856.1420,856.1420,839.2630,839.8080,20691400,52.520826
2011-01-17,sz000001,830.0070,836.5410,805.5060,806.5950,26616400,52.444408
2011-01-18,sz000001,807.6840,810.4060,800.0610,804.4170,15555400,52.439179
2011-01-19,sz000001,804.9610,814.2170,798.4280,812.5840,16794400,52.458618
2011-01-20,sz000001,812.0390,812.0390,781.5490,781.5490,28757900,52.382641
2011-01-21,sz000001,778.8270,818.5730,778.2820,794.0720,22997700,52.413993
2011-01-24,sz000001,794.0720,796.7940,783.1820,788.6270,15382600,52.400465
2011-01-25,sz000001,791.8940,798.9720,785.9050,795.1610,13420100,52.416678
2011-01-26,sz000001,794.0720,802.2390,792.9830,800.0610,10506000,52.428637
2011-01-27,sz000001,794.0720,807.6840,785.9050,803.8720,25551100,52.437834
2011-01-28,sz000001,803.3280,805.5060,789.1720,796.7940,18541900,52.420658
2011-01-31,sz000001,796.7940,803.8720,790.8050,802.7830,14024400,52.435206
2011-02-01,sz000001,803.3280,812.5840,800.0610,809.8620,15169700,52.452202
2011-02-09,sz000001,804.9610,815.8510,798.4280,799.5170,16650800,52.427344
2011-02-10,sz000001,799.5170,811.4950,796.7940,810.4060,13682200,52.453463
2011-02-11,sz000001,806.5950,818.0290,802.2390,813.1280,22582800,52.459871
2011-02-14,sz000001,812.5840,845.2520,812.0390,840.3520,41765600,52.522000
2011-02-15,sz000001,840.8970,844.7080,830.0070,830.5520,32109800,52.500126
2011-02-16,sz000001,830.0070,837.6300,825.1070,833.8180,18320500,52.507431
2011-02-17,sz000001,838.1740,849.6080,831.6410,839.2630,25381000,52.519587
2011-02-18,sz000001,834.9070,845.7970,829.4630,839.2630,22880200,52.519587
2011-02-21,sz000001,829.4630,840.3520,826.7400,838.7190,31654300,52.518410
2011-02-22,sz000001,839.2630,839.8080,810.9510,811.4950,34395800,52.456044
2011-02-23,sz000001,812.5840,825.1070,811.4950,817.4840,35743400,52.470090
2011-02-24,sz000001,817.4840,818.0290,807.6840,816.3950,20230700,52.467545
2011-02-25,sz000001,819.1180,849.6080,810.9510,834.3630,50926300,52.508685
2011-02-28,sz000001,830.0070,839.2630,820.2070,836.5410,30763700,52.513559
2011-03-01,sz000001,837.6300,850.6970,833.2740,842.5300,48277500,52.526808
2011-03-02,sz000001,837.6300,856.6860,835.4520,850.1530,48810700,52.543449
2011-03-03,sz000001,851.2420,882.2770,850.1530,862.1310,98048900,52.568963
2011-03-04,sz000001,864.8530,881.1880,857.2310,877.3760,50539600,52.600480
2011-03-07,sz000001,882.8210,893.1660,870.2980,880.6430,49762400,52.607109
2011-03-08,sz000001,880.6430,887.1770,871.3870,875.7430,32181200,52.597177
2011-03-09,sz000001,878.4650,887.7210,877.3760,877.9210,32364700,52.601618
2011-03-10,sz000001,873.0200,873.0200,852.3300,853.9640,30849300,52.551631
2011-03-11,sz000001,850.1530,856.1420,841.9850,843.0740,23016600,52.527975
2011-03-14,sz000001,840.3520,850.6970,839.8080,849.6080,21799900,52.542239
2011-03-15,sz000001,841.4410,845.7970,824.0180,831.6410,28438100,52.502588
2011-03-16,sz000001,832.7290,840.3520,826.1960,837.6300,24207500,52.515987
2011-03-17,sz000001,830.5520,834.9070,822.9290,824.5620,20726200,52.486442
2011-03-18,sz000001,834.3630,834.3630,826.7400,831.0960,14524300,52.501327
2011-03-21,sz000001,829.4630,834.3630,825.1070,827.8290,16015700,52.493912
2011-03-22,sz000001,831.0960,843.0740,821.2960,840.8970,25194300,52.523235
2011-03-23,sz000001,838.1740,848.5190,835.9960,845.7970,22679800,52.533975
2011-03-24,sz000001,845.2520,845.7970,837.6300,839.2630,16012400,52.519587
2011-03-25,sz000001,839.2630,858.8640,838.1740,854.5080,36086200,52.552768
2011-03-28,sz000001,860.4980,874.1090,857.7750,858.3200,36793200,52.560931
2011-03-29,sz000001,859.9530,881.1880,857.2310,867.5760,48258700,52.580364
2011-03-30,sz000001,866.4870,878.4650,859.4090,861.0420,27507600,52.566667
2011-03-31,sz000001,861.0420,865.3980,840.8970,844.7080,21336800,52.531592
2011-04-01,sz000001,844.7080,871.9320,844.1630,871.3870,32324000,52.588232
2011-04-06,sz000001,873.0200,899.1550,873.0200,894.7990,74524300,52.635235
2011-04-07,sz000001,894.7990,914.9450,886.6320,905.6890,64881000,52.656337
2011-04-08,sz000001,903.5110,907.8670,892.6210,904.0550,26811700,52.653174
2011-04-11,sz000001,904.6000,924.7450,894.7990,896.4330,56381800,52.638462
2011-04-12,sz000001,900.2440,913.8560,893.1660,898.0660,38618100,52.641618
2011-04-13,sz000001,894.7990,951.9690,888.8100,951.9690,72385100,52.740665
2011-04-14,sz000001,974.8370,981.9150,954.6910,959.5920,104925000,52.753821
2011-04-15,sz000001,960.6810,991.1710,957.4140,988.9930,67079400,52.802616
2011-04-18,sz000001,985.7260,997.1600,973.7480,996.6160,58014800,52.814838
2011-04-19,sz000001,983.5480,990.0820,967.2140,972.6590,52577700,52.775855
2011-04-20,sz000001,972.6590,979.1930,944.3460,953.0580,48925600,52.742557
2011-04-21,sz000001,960.1360,972.6590,951.9690,955.7800,31806200,52.747241
2011-04-22,sz000001,949.2470,956.3250,934.5460,941.6240,30666800,52.722508
2011-04-25,sz000001,942.7130,963.9470,932.9120,953.6020,35864600,52.743473
2011-04-26,sz000001,951.4250,973.2030,948.1580,972.1150,38943000,52.774973
2011-04-27,sz000001,972.6590,991.7160,954.1470,964.4920,53270500,52.762144
2011-04-28,sz000001,972.1150,1003.6940,968.8480,983.0040,64895800,52.792911
2011-04-29,sz000001,981.9150,981.9150,944.3460,960.1360,50049500,52.754725
2011-05-03,sz000001,957.4140,968.8480,953.0580,961.2250,22105800,52.756586
2011-05-04,sz000001,949.2470,967.7590,931.8240,941.6240,39381900,52.722508
2011-05-05,sz000001,929.1010,944.8910,928.5570,934.5460,24603700,52.709870
2011-05-06,sz000001,924.7450,940.5350,919.8450,924.2010,24111900,52.691049
2011-05-13,sz000001,922.0230,934.0010,894.7990,931.2790,36798400,52.703962
2011-05-16,sz000001,919.8450,929.6460,902.4220,902.9660,19710400,52.651079
2011-05-17,sz000001,902.9660,947.6130,902.9660,941.6240,31970800,52.722508
2011-05-18,sz000001,935.0900,971.5700,931.2790,955.2360,29415300,52.746328
2011-05-19,sz000001,958.5030,968.8480,942.7130,945.4350,16459900,52.729225
2011-05-20,sz000001,944.8910,981.3710,943.2570,967.7590,31190000,52.767666
2011-05-23,sz000001,963.9470,965.5810,929.6460,943.8020,32912000,52.726369
2011-05-24,sz000001,938.3570,967.7590,938.3570,957.9580,29158700,52.750991
2011-05-26,sz000001,945.4350,954.6910,928.0120,937.8130,29474000,52.715739
2011-05-27,sz000001,932.9120,948.1580,927.4680,927.4680,23833000,52.697045
2011-05-30,sz000001,920.3900,932.9120,909.5000,925.8340,15090100,52.694024
2011-05-31,sz000001,925.8340,935.0900,904.0550,930.7350,19360700,52.703001
2011-06-01,sz000001,930.1900,930.1900,912.7670,918.2120,18103500,52.679977
2011-06-02,sz000001,905.6890,912.7670,867.0310,878.4650,43960000,52.602695
2011-06-03,sz000001,873.5650,883.3650,867.0310,879.0100,15453600,52.603830
2011-06-07,sz000001,870.2980,890.4440,864.8530,886.6320,14608900,52.619110
2011-06-08,sz000001,884.9990,884.9990,866.4870,877.9210,16075900,52.601618
2011-06-09,sz000001,873.0200,884.4540,869.2090,870.2980,12022200,52.585982
2011-06-10,sz000001,868.1200,881.1880,862.1310,869.2090,14557100,52.583727
2011-06-13,sz000001,861.5870,864.8530,846.3410,857.2310,16282200,52.558614
2011-06-14,sz000001,856.6860,884.9990,853.9640,868.1200,27898300,52.581466
2011-06-15,sz000001,865.3980,874.1090,854.5080,854.5080,16867700,52.552768
2011-06-16,sz000001,847.9750,852.8750,836.5410,838.7190,17385000,52.518410
2011-06-17,sz000001,842.5300,846.8860,832.1850,834.3630,19132900,52.508685
2011-06-20,sz000001,834.9070,842.5300,826.7400,841.4410,12269100,52.524407
2011-06-21,sz000001,843.6190,858.3200,839.8080,855.5970,19391100,52.555098
2011-06-22,sz000001,856.6860,862.6750,850.1530,854.5080,15194000,52.552768
2011-06-23,sz000001,851.2420,876.8320,848.5190,873.0200,16588800,52.591566
2011-06-24,sz000001,868.6650,905.1440,867.5760,894.2550,32282500,52.634197
2011-06-27,sz000001,893.7100,923.6560,890.9880,899.7000,28093300,52.644822
2011-06-28,sz000001,916.5780,916.5780,883.3650,896.9770,20652900,52.639495
2011-06-29,sz000001,901.8780,904.0550,871.9320,874.6540,25898100,52.594949
2011-06-30,sz000001,877.9210,906.2330,876.8320,898.6110,27584000,52.642707
2011-07-01,sz000001,902.9660,902.9660,885.5430,890.9880,24878900,52.627761
2011-07-04,sz000001,894.2550,925.2900,893.1660,924.7450,37824900,52.692023
2011-07-05,sz000001,922.0230,923.6560,910.0450,916.5780,19056000,52.676897
2011-07-06,sz000001,911.6780,914.9450,897.5220,907.8670,20647500,52.660499
2011-07-07,sz000001,922.0230,929.1010,902.4220,910.5890,33785500,52.665645
2011-07-08,sz000001,910.5890,938.3570,906.7780,923.1120,26960300,52.689041
2011-07-11,sz000001,916.0340,929.1010,913.8560,916.5780,16173400,52.676897
2011-07-12,sz000001,909.5000,910.0450,891.5330,894.7990,24514300,52.635235
2011-07-13,sz000001,908.4110,934.0010,901.8780,924.2010,32429400,52.691049
2011-07-14,sz000001,925.8340,930.1900,915.4890,926.3790,24447800,52.695051
2011-07-15,sz000001,924.7450,960.1360,916.0340,948.7020,37573700,52.734964
2011-07-18,sz000001,949.2470,956.3250,937.8130,945.9800,19781400,52.730212
2011-07-19,sz000001,935.6350,936.1790,920.9340,924.2010,21935500,52.691049
2011-07-20,sz000001,932.3680,935.0900,915.4890,924.2010,14593400,52.691049
2011-07-21,sz000001,923.1120,925.2900,904.0550,904.6000,18897100,52.654249
2011-07-22,sz000001,908.4110,919.3010,902.9660,906.2330,12273300,52.657350
2011-07-25,sz000001,900.2440,908.9560,881.1880,887.7210,19707000,52.621280
2011-07-26,sz000001,888.2660,911.1340,883.9100,907.3220,17324200,52.659431
2011-07-27,sz000001,897.5220,913.3110,895.8880,904.6000,15007900,52.654249
2011-07-28,sz000001,895.3440,895.8880,879.5540,886.6320,18780600,52.619110
2011-07-29,sz000001,890.4440,935.6350,878.4650,913.3110,31350700,52.670761
2011-08-01,sz000001,905.6890,923.1120,893.7100,905.6890,20792000,52.656337
2011-08-02,sz000001,897.5220,901.3330,880.0990,894.7990,19388300,52.635235
2011-08-03,sz000001,882.8210,899.1550,879.5540,887.1770,14194400,52.620225
2011-08-04,sz000001,888.8100,905.6890,887.7210,888.8100,11502200,52.623446
2011-08-05,sz000001,869.7540,874.1090,856.1420,856.6860,24826900,52.557423
2011-08-08,sz000001,852.3300,868.1200,826.7400,840.3520,25034700,52.522000
2011-08-09,sz000001,826.1960,852.8750,815.8510,841.9850,27088500,52.525577
2011-08-10,sz000001,853.9640,862.1310,844.7080,845.2520,18298300,52.532753
2011-08-11,sz000001,831.0960,866.4870,829.4630,863.7640,18987300,52.572368
2011-08-12,sz000001,867.0310,878.4650,862.1310,875.1980,18053400,52.596034
2011-08-15,sz000001,875.7430,908.4110,860.4980,901.8780,30852700,52.649037
2011-08-16,sz000001,899.7000,910.5890,893.7100,897.5220,19781800,52.640587
2011-08-18,sz000001,899.1550,912.7670,876.8320,880.0990,25245900,52.606037
2011-08-19,sz000001,862.1310,874.6540,856.1420,873.0200,15545100,52.591566
2011-08-22,sz000001,869.7540,875.1980,855.0530,863.2200,12807300,52.571255
2011-08-23,sz000001,864.3090,877.9210,860.4980,875.1980,10465400,52.596034
2011-08-24,sz000001,877.3760,880.0990,859.4090,861.5870,12520800,52.567846
2011-08-25,sz000001,867.5760,914.9450,861.5870,913.3110,46535400,52.670761
2011-08-26,sz000001,905.6890,916.0340,901.8780,915.4890,25855800,52.674856
2011-08-29,sz000001,894.7990,894.7990,870.8430,879.5540,45187100,52.604904
2011-08-30,sz000001,884.9990,901.3330,876.8320,877.3760,22000500,52.600480
2011-08-31,sz000001,878.4650,895.8880,870.2980,886.6320,13043400,52.619110
2011-09-01,sz000001,886.6320,897.5220,883.3650,890.9880,11465300,52.627761
2011-09-05,sz000001,873.0200,877.3760,859.9530,864.8530,13828600,52.574650
2011-09-06,sz000001,859.4090,868.1200,856.6860,859.9530,11350500,52.564364
2011-09-07,sz000001,867.0310,881.7320,858.8640,876.2870,13007200,52.598259
2011-09-08,sz000001,876.2870,880.6430,868.6650,871.3870,10076600,52.588232
2011-09-09,sz000001,875.7430,887.7210,860.4980,866.4870,10662800,52.578095
2011-09-13,sz000001,851.2420,869.2090,849.0640,868.6650,10320500,52.582627
2011-09-14,sz000001,869.7540,872.4760,849.0640,863.2200,14722600,52.571255
2011-09-15,sz000001,864.8530,877.3760,862.6750,870.8430,17064200,52.587138
2011-09-16,sz000001,875.7430,900.2440,874.1090,894.7990,36953500,52.635235
2011-09-19,sz000001,884.4540,884.9990,870.8430,873.0200,10599800,52.591566
2011-09-20,sz000001,870.2980,890.4440,867.5760,880.6430,7712700,52.607109
2011-09-21,sz000001,880.6430,905.6890,873.5650,898.0660,18368600,52.641618
2011-09-22,sz000001,888.2660,891.5330,877.3760,878.4650,15644700,52.602695
2011-09-23,sz000001,862.6750,885.5430,858.3200,874.1090,15181000,52.593803
2011-09-26,sz000001,863.7640,881.7320,839.2630,842.5300,19813800,52.526808
2011-09-27,sz000001,851.2420,856.6860,835.4520,849.6080,13761700,52.542239
2011-09-28,sz000001,855.5970,855.5970,834.9070,840.3520,9670300,52.522000
2011-09-29,sz000001,834.9070,847.4300,831.6410,842.5300,11315700,52.526808
2011-09-30,sz000001,844.7080,852.3300,840.3520,842.5300,14204000,52.526808
2011-10-10,sz000001,837.6300,842.5300,810.4060,813.1280,20965500,52.459871
2011-10-11,sz000001,840.3520,845.2520,815.3060,821.2960,21464900,52.478978
2011-10-12,sz000001,815.8510,862.1310,812.5840,859.9530,27447200,52.564364
2011-10-13,sz000001,853.9640,863.7640,852.3300,859.4090,14506400,52.563242
2011-10-14,sz000001,856.1420,863.2200,846.8860,859.9530,8695200,52.564364
2011-10-17,sz000001,866.4870,879.0100,863.2200,869.7540,11711500,52.584885
2011-10-18,sz000001,862.6750,864.3090,839.8080,841.4410,13801200,52.524407
2011-10-19,sz000001,846.3410,855.5970,840.8970,843.6190,8237400,52.529203
2011-10-20,sz000001,840.3520,841.9850,824.0180,829.4630,9245900,52.497658
2011-10-21,sz000001,834.9070,850.1530,827.8290,841.9850,14082600,52.525577
2011-10-24,sz000001,845.7970,876.8320,836.5410,869.2090,24059000,52.583727
2011-10-25,sz000001,868.6650,882.2770,862.1310,875.1980,19957300,52.596034
2011-10-26,sz000001,875.7430,890.9880,873.0200,881.1880,24416100,52.608239
2011-10-27,sz000001,882.2770,890.9880,873.5650,879.5540,14650000,52.604904
2011-10-28,sz000001,894.7990,905.6890,888.2660,896.4330,28495700,52.638462
2011-10-31,sz000001,896.4330,899.1550,874.6540,888.2660,14176600,52.622393
2011-11-01,sz000001,881.7320,900.7890,877.3760,886.6320,17930900,52.619110
2011-11-02,sz000001,875.1980,901.3330,874.1090,901.3330,19069400,52.647956
2011-11-03,sz000001,900.7890,905.1440,882.8210,888.2660,26232800,52.622393
2011-11-04,sz000001,894.7990,897.5220,885.5430,893.7100,13339600,52.633098
2011-11-07,sz000001,886.6320,890.4440,874.1090,879.5540,12957700,52.604904
2011-11-08,sz000001,880.6430,887.7210,876.2870,880.6430,9670500,52.607109
2011-11-09,sz000001,883.3650,892.6210,877.3760,891.5330,11355200,52.628867
2011-11-10,sz000001,882.8210,893.1660,878.4650,882.8210,15843600,52.611502
2011-11-11,sz000001,882.2770,886.0880,868.1200,871.3870,16526700,52.588232
2011-11-14,sz000001,877.3760,886.6320,871.3870,880.0990,17925000,52.606037
2011-11-15,sz000001,877.3760,879.5540,861.0420,865.9420,21708800,52.576928
2011-11-16,sz000001,865.9420,866.4870,838.7190,841.9850,19927200,52.525577
2011-11-17,sz000001,844.7080,847.4300,837.0850,839.2630,10961800,52.519587
2011-11-18,sz000001,834.3630,844.7080,832.7290,837.6300,14386800,52.515987
2011-11-21,sz000001,838.7190,838.7190,829.4630,837.6300,13673600,52.515987
2011-11-22,sz000001,834.9070,846.8860,830.5520,843.0740,13281800,52.527975
2011-11-23,sz000001,845.7970,847.9750,825.1070,827.2850,18894400,52.492703
2011-11-24,sz000001,824.5620,835.9960,818.0290,831.6410,12146300,52.502588
2011-11-25,sz000001,825.6510,832.7290,823.4730,828.9180,8446200,52.496390
2011-11-28,sz000001,830.5520,835.9960,824.5620,828.3740,9813200,52.495184
2011-11-29,sz000001,837.0850,840.8970,829.4630,838.1740,15649400,52.517168
2011-11-30,sz000001,837.6300,838.1740,812.0390,813.6730,19165700,52.461186
2011-12-01,sz000001,836.5410,855.0530,832.1850,833.8180,41183200,52.507431
2011-12-02,sz000001,830.0070,841.4410,826.1960,838.1740,18077900,52.517168
2011-12-05,sz000001,837.0850,842.5300,824.0180,837.6300,11188000,52.515987
2011-12-07,sz000001,834.9070,848.5190,832.7290,843.0740,14862400,52.527975
2011-12-08,sz000001,843.0740,847.4300,830.0070,837.0850,18705200,52.514743
2011-12-09,sz000001,833.8180,838.1740,828.9180,832.1850,8686200,52.503785
2011-12-12,sz000001,832.7290,838.1740,825.1070,831.6410,8633100,52.502588
2011-12-13,sz000001,829.4630,836.5410,820.7510,822.9290,6237300,51.887074
2011-12-14,sz000001,822.9290,827.2850,813.1280,818.5730,6767800,52.472628
2011-12-15,sz000001,813.6730,817.4840,786.9940,788.6270,10125100,51.544248
2011-12-16,sz000001,790.2610,807.1390,782.0930,801.1500,15737700,52.431283
2011-12-19,sz000001,795.1610,810.9510,786.9940,804.9610,12810000,52.440456
2011-12-20,sz000001,802.2390,816.9400,800.6060,803.8720,9463700,52.437834
2011-12-21,sz000001,811.4950,819.6620,802.7830,804.4170,14660800,52.439179
2011-12-22,sz000001,802.7830,816.3950,796.7940,810.4060,10984900,52.453463
2011-12-23,sz000001,809.3170,819.1180,805.5060,808.7730,9946500,52.449611
2011-12-26,sz000001,807.6840,814.7620,804.4170,808.7730,7377600,52.449611
2011-12-27,sz000001,808.2280,819.1180,807.6840,812.0390,13879700,52.457300
2011-12-28,sz000001,808.7730,816.3950,791.3500,802.2390,11317900,52.433922
2011-12-29,sz000001,799.5170,808.7730,797.3390,802.7830,12859200,52.435206
2011-12-30,sz000001,804.9610,818.0290,802.2390,818.0290,26148700,52.471392
2012-01-04,sz000001,818.0290,818.0290,794.0720,794.6160,14791000,52.415303
2012-01-05,sz000001,794.6160,815.8510,792.9830,807.1390,24408000,52.445679
2012-01-06,sz000001,804.9610,813.6730,794.0720,804.9610,13315100,52.440456
2012-01-09,sz000001,805.5060,830.0070,799.5170,828.3740,22113800,52.495184
2012-01-20,sz000001,880.0990,891.5330,857.7750,882.8210,58667500,52.611502
2012-01-30,sz000001,884.4540,891.5330,874.6540,879.0100,33298800,52.603830
2012-01-31,sz000001,879.5540,883.9100,867.5760,875.1980,17326500,52.596034
2012-02-01,sz000001,871.9320,883.9100,863.7640,864.8530,18515800,52.574650
2012-02-02,sz000001,867.5760,892.6210,864.8530,890.4440,24462300,52.626714
2012-02-03,sz000001,887.1770,896.9770,878.4650,894.2550,22996400,52.634197
2012-02-06,sz000001,894.7990,895.8880,882.2770,885.5430,15780800,52.616934
2012-02-07,sz000001,880.6430,882.8210,869.7540,872.4760,12208600,52.590476
2012-02-08,sz000001,871.9320,895.3440,871.9320,889.3550,17227200,52.624556
2012-02-10,sz000001,883.9100,893.7100,883.9100,889.8990,18211800,52.625606
2012-02-13,sz000001,883.3650,884.4540,871.9320,877.3760,21506600,52.600480
2012-02-14,sz000001,875.7430,879.5540,867.0310,873.0200,10854600,52.591566
2012-02-15,sz000001,872.4760,881.7320,864.8530,874.1090,20130500,52.593803
2012-02-16,sz000001,874.1090,877.9210,859.9530,864.8530,27369200,52.574650
2012-02-17,sz000001,869.7540,871.3870,862.1310,864.8530,15069000,52.574650
2012-02-20,sz000001,880.6430,881.1880,864.3090,864.8530,22420500,52.574650
2012-02-21,sz000001,866.4870,869.7540,858.8640,867.0310,15026400,52.579200
2012-02-22,sz000001,867.0310,875.7430,864.3090,874.1090,31739700,52.593803
2012-02-23,sz000001,874.1090,881.7320,872.4760,874.6540,22626700,52.594949
2012-02-24,sz000001,877.9210,887.7210,869.2090,887.7210,36410400,52.621280
2012-02-27,sz000001,889.3550,905.1440,881.7320,890.4440,44761700,52.626714
2012-02-28,sz000001,890.9880,920.9340,889.3550,908.4110,46014100,52.661507
2012-02-29,sz000001,909.5000,909.5000,895.8880,900.2440,26302400,52.645848
2012-03-01,sz000001,899.1550,918.7560,898.0660,907.3220,29162100,52.659431
2012-03-02,sz000001,907.3220,922.0230,906.7780,920.9340,29097300,52.685011
2012-03-05,sz000001,923.6560,937.2680,906.7780,909.5000,35041700,52.663578
2012-03-06,sz000001,906.2330,911.1340,889.3550,892.0770,33137400,52.629912
2012-03-07,sz000001,883.9100,896.4330,881.1880,883.9100,20137100,52.613690
2012-03-08,sz000001,890.4440,903.5110,886.6320,896.4330,28878200,52.638462
2012-03-09,sz000001,889.3550,891.5330,876.2870,887.7210,53053600,52.621280
2012-03-12,sz000001,888.2660,888.2660,875.1980,878.4650,27064700,52.602695
2012-03-13,sz000001,881.1880,888.2660,877.3760,886.6320,23753000,52.619110
2012-03-14,sz000001,890.4440,896.9770,864.3090,866.4870,43996400,52.578095
2012-03-15,sz000001,867.0310,871.9320,853.9640,853.9640,25804800,52.551631
2012-03-16,sz000001,855.0530,862.6750,849.0640,862.1310,16786500,52.568963
2012-03-19,sz000001,858.8640,862.1310,851.2420,859.4090,16746400,52.563242
2012-03-20,sz000001,857.7750,858.3200,843.0740,844.1630,20304000,52.530367
2012-03-21,sz000001,851.2420,852.3300,841.4410,845.7970,15040400,52.533975
2012-03-22,sz000001,846.3410,855.5970,838.7190,850.6970,17938800,52.544595
2012-03-23,sz000001,846.3410,847.4300,838.1740,840.8970,11901600,52.523235
2012-03-26,sz000001,841.4410,844.7080,839.2630,842.5300,8246100,52.526808
2012-03-27,sz000001,846.3410,849.0640,843.0740,844.1630,11120900,52.530367
2012-03-28,sz000001,843.6190,845.7970,827.2850,828.3740,20448200,52.495184
2012-03-29,sz000001,828.3740,828.3740,810.9510,816.9400,18886500,52.468850
2012-03-30,sz000001,820.2070,825.6510,818.0290,824.5620,10631200,52.486442
2012-04-05,sz000001,824.5620,828.9180,810.4060,826.1960,18379200,52.490216
2012-04-06,sz000001,824.0180,840.8970,820.2070,839.8080,19387500,52.520826
2012-04-09,sz000001,834.9070,834.9070,824.0180,826.7400,9319700,52.491429
2012-04-10,sz000001,825.1070,834.3630,817.4840,833.8180,19699800,52.507431
2012-04-11,sz000001,822.9290,837.0850,821.8400,831.0960,10514300,52.501327
2012-04-12,sz000001,831.6410,858.8640,826.7400,858.3200,27577900,52.560931
2012-04-13,sz000001,859.4090,873.5650,851.2420,856.6860,33774400,52.557423
2012-04-16,sz000001,850.6970,859.4090,844.7080,850.1530,13367300,52.543449
2012-04-17,sz000001,847.9750,852.8750,839.2630,839.8080,11895100,52.520826
2012-04-18,sz000001,841.4410,858.3200,841.4410,854.5080,15960000,52.552768
2012-04-19,sz000001,856.6860,860.4980,851.2420,859.9530,13739100,52.564364
2012-04-20,sz000001,856.6860,873.0200,853.9640,871.9320,25807400,52.589385
2012-04-23,sz000001,869.7540,874.1090,859.4090,863.2200,19738100,52.571255
2012-04-24,sz000001,862.1310,901.3330,861.0420,881.7320,47804000,52.609308
2012-04-25,sz000001,874.1090,887.1770,871.9320,887.1770,20892300,52.620225
2012-04-26,sz000001,888.2660,889.8990,865.3980,871.9320,28341400,52.589385
2012-04-27,sz000001,874.6540,881.1880,865.9420,870.8430,16661700,52.587138
2012-05-02,sz000001,879.5540,891.5330,875.1980,882.8210,26117200,52.611502
2012-05-03,sz000001,882.8210,886.0880,873.5650,874.6540,16148700,52.594949
2012-05-04,sz000001,873.5650,880.0990,871.3870,879.0100,14029500,52.603830
2012-05-07,sz000001,873.5650,880.6430,866.4870,873.0200,25573000,52.591566
2012-05-08,sz000001,870.8430,871.9320,864.8530,869.7540,17512900,52.584885
2012-05-09,sz000001,864.8530,865.9420,846.8860,849.0640,21367600,52.541089
2012-05-10,sz000001,849.0640,854.5080,844.1630,847.4300,12942800,52.537508
2012-05-11,sz000001,847.4300,851.2420,840.8970,841.4410,16251900,52.524407
2012-05-14,sz000001,847.9750,849.0640,834.9070,837.0850,20696000,52.514743
2012-05-15,sz000001,834.9070,843.6190,829.4630,841.4410,13445400,52.524407
2012-05-16,sz000001,840.3520,840.3520,826.7400,827.2850,15030500,52.492703
2012-05-17,sz000001,829.4630,838.7190,827.2850,837.0850,13338900,52.514743
2012-05-18,sz000001,829.4630,835.4520,821.8400,825.1070,15786300,52.487723
2012-05-21,sz000001,825.1070,831.6410,824.0180,827.8290,8569400,52.493912
2012-05-22,sz000001,831.0960,839.8080,831.0960,838.7190,11359800,52.518410
2012-05-24,sz000001,833.8180,835.4520,822.3840,824.5620,19407300,52.486442
2012-05-25,sz000001,825.1070,827.2850,818.5730,819.6620,9892900,52.475160
2012-05-28,sz000001,819.6620,830.0070,814.2170,830.0070,13720200,52.498861
2012-05-29,sz000001,829.4630,838.1740,821.2960,836.5410,28680800,52.513559
2012-05-30,sz000001,832.7290,833.8180,818.5730,824.0180,21712500,52.485223
2012-05-31,sz000001,822.3840,827.8290,816.3950,823.4730,15325100,52.483939
2012-06-01,sz000001,824.0180,833.8180,821.2960,828.3740,15835300,52.495184
2012-06-04,sz000001,819.1180,820.7510,806.5950,807.6840,17177700,52.447013
2012-06-05,sz000001,809.8620,810.9510,800.0610,800.0610,24614400,52.428637
2012-06-06,sz000001,802.2390,804.9610,799.5170,803.3280,18886000,52.436554
2012-06-07,sz000001,809.3170,812.0390,795.1610,797.3390,13130200,52.422025
2012-06-08,sz000001,799.5170,800.6060,773.3820,775.5600,39755700,52.367319
2012-06-11,sz000001,777.7380,782.0930,770.6600,774.4710,26550900,52.364503
2012-06-12,sz000001,769.5710,773.9260,755.9590,760.3150,29815500,52.327254
2012-06-13,sz000001,763.0370,781.0050,758.6810,777.1930,26011600,52.371496
2012-06-14,sz000001,772.8370,775.5600,764.6700,766.3040,13047800,52.343169
2012-06-15,sz000001,770.1150,804.9610,770.1150,794.6160,42295100,52.415303
2012-06-18,sz000001,793.5270,798.4280,789.1720,797.3390,19873300,52.422025
2012-06-19,sz000001,794.0720,806.0500,791.8940,799.5170,14992400,52.427344
2012-06-20,sz000001,803.8720,813.1280,796.7940,798.4280,14370700,52.424688
2012-06-21,sz000001,797.8830,798.4280,778.2820,780.4600,14483200,52.379866
2012-06-25,sz000001,779.3710,789.1720,773.3820,773.3820,16435800,52.361679
2012-06-26,sz000001,775.5600,786.4490,774.4710,780.4600,13492300,52.379866
2012-06-27,sz000001,781.0050,783.7270,775.0150,778.2820,8177600,52.374293
2012-06-28,sz000001,778.2820,783.7270,770.1150,771.2040,10084700,52.356008
2012-06-29,sz000001,773.3820,798.4280,769.5710,794.6160,18455400,52.415303
2012-07-02,sz000001,798.4280,798.4280,785.9050,794.0720,15564500,52.413993
2012-07-03,sz000001,791.8940,801.1500,786.9940,792.9830,12372700,52.411302
2012-07-04,sz000001,792.9830,812.0390,792.9830,801.1500,19766900,52.431283
2012-07-05,sz000001,798.4280,803.8720,794.0720,796.2500,10289600,52.419355
2012-07-06,sz000001,783.1820,796.7940,772.2930,793.5270,16545400,52.412616
2012-07-09,sz000001,789.1720,789.1720,770.1150,770.1150,16095200,52.353161
2012-07-10,sz000001,770.6600,787.5380,770.1150,781.0050,12370900,52.381288
2012-07-11,sz000001,778.2820,784.2710,773.9260,778.2820,7544400,52.374293
2012-07-12,sz000001,776.1040,782.6380,766.8480,779.3710,19473000,52.377083
2012-07-13,sz000001,775.0150,793.5270,772.2930,784.8160,11070000,52.390921
2012-07-16,sz000001,785.9050,789.7160,777.7380,777.7380,10860200,52.372929
2012-07-17,sz000001,777.7380,788.0830,776.1040,787.5380,9160100,52.397738
2012-07-18,sz000001,784.8160,787.5380,777.7380,786.4490,7561200,52.395003
2012-07-19,sz000001,785.3600,791.3500,779.3710,786.9940,13626300,52.396405
2012-07-20,sz000001,778.8270,783.7270,776.1040,777.7380,10673400,52.372929
2012-07-23,sz000001,772.8370,775.5600,767.3930,775.5600,15049300,52.367319
2012-07-24,sz000001,772.2930,784.2710,771.7480,775.0150,10094300,52.365878
2012-07-25,sz000001,775.0150,778.8270,765.2150,766.3040,9840400,52.343169
2012-07-26,sz000001,766.3040,775.5600,764.6700,766.8480,7290300,52.344573
2012-07-27,sz000001,770.6600,782.6380,766.8480,772.2930,10966000,52.358847
2012-07-30,sz000001,772.8370,789.7160,772.8370,777.7380,11842600,52.372929
2012-07-31,sz000001,779.9160,792.9830,778.2820,791.3500,15313400,52.407285
2012-08-01,sz000001,790.2610,797.8830,785.9050,794.6160,12186700,52.415303
2012-08-02,sz000001,794.6160,796.7940,789.1720,794.6160,8907700,52.415303
2012-08-03,sz000001,794.0720,796.2500,787.5380,794.0720,9438700,52.413993
2012-08-06,sz000001,792.9830,797.8830,791.3500,791.3500,15331200,52.407285
2012-08-07,sz000001,790.8050,794.0720,782.6380,783.7270,15982500,52.388168
2012-08-08,sz000001,783.1820,788.6270,782.6380,788.0830,11754100,52.399136
2012-08-09,sz000001,787.5380,788.0830,781.0050,788.0830,8575000,52.399136
2012-08-10,sz000001,789.7160,795.1610,789.7160,790.2610,10549800,52.404576
2012-08-13,sz000001,791.3500,795.1610,786.9940,787.5380,10799000,52.397738
2012-08-14,sz000001,787.5380,802.2390,782.6380,800.0610,18037000,52.428637
2012-08-15,sz000001,794.6160,798.9720,786.4490,791.3500,11614200,52.407285
2012-08-16,sz000001,787.5380,788.0830,778.2820,781.0050,14681500,52.381288
2012-08-17,sz000001,781.0050,791.3500,779.3710,789.1720,10399600,52.401859
2012-08-20,sz000001,785.3600,785.9050,771.2040,777.7380,15579500,52.372929
2012-08-21,sz000001,777.7380,779.3710,771.7480,774.4710,13021900,52.364503
2012-08-22,sz000001,775.0150,775.5600,764.6700,767.9370,12518200,52.347444
2012-08-23,sz000001,768.4820,771.7480,760.8590,765.2150,13128900,52.340287
2012-08-24,sz000001,763.5810,764.1260,751.0590,751.6030,18817900,52.303619
2012-08-27,sz000001,751.0590,751.6030,734.1800,737.4470,16775900,52.264139
2012-08-28,sz000001,738.5360,756.5030,733.0910,751.6030,15910800,52.303619
2012-08-29,sz000001,747.7920,748.8810,741.8020,746.7030,6948300,52.290126
2012-08-30,sz000001,740.1690,751.6030,739.6250,746.7030,8987300,52.290126
2012-08-31,sz000001,744.5250,754.8700,741.8020,741.8020,8561900,52.276392
2012-09-03,sz000001,743.4360,747.7920,741.2580,742.8910,10112900,52.279451
2012-09-04,sz000001,742.8910,745.0690,721.6570,724.3790,20775500,52.226316
2012-09-05,sz000001,723.2900,724.3790,706.4120,710.7680,17219000,52.185609
2012-09-06,sz000001,711.3120,717.8460,707.5010,716.7570,10356000,52.203714
2012-09-07,sz000001,720.5680,753.2360,718.3900,742.8910,28173700,52.279451
2012-09-10,sz000001,742.3470,743.9800,728.7350,735.2690,23677700,52.257925
2012-09-11,sz000001,732.0020,734.1800,726.5570,732.5460,8743600,52.250071
2012-09-12,sz000001,735.8130,739.6250,723.8350,730.3690,12245200,52.243848
2012-09-13,sz000001,729.2800,733.0910,725.4680,725.4680,8244200,52.229518
2012-09-14,sz000001,730.3690,739.0800,723.8350,734.1800,15327200,52.254804
2012-09-17,sz000001,732.5460,732.5460,714.0340,715.6680,11471400,52.200438
2012-09-18,sz000001,714.0340,714.0340,703.6890,704.7780,12250100,52.167135
2012-09-19,sz000001,705.3230,708.0450,688.4440,695.5220,18434600,52.138081
2012-09-20,sz000001,693.8890,693.8890,677.0100,677.5550,18134600,52.079554
2012-09-21,sz000001,677.0100,678.6440,667.7540,670.4770,15751200,52.055668
2012-09-24,sz000001,667.2100,677.0100,654.6870,672.1100,17905600,52.061193
2012-09-25,sz000001,670.4770,670.4770,660.6760,662.8540,9882500,52.029356
2012-09-26,sz000001,663.3980,665.5760,655.2310,657.4090,7078900,52.010206
2012-09-27,sz000001,657.4090,691.1660,656.8650,678.6440,21538700,52.083193
2012-09-28,sz000001,674.2880,685.1770,671.0210,684.0880,15095700,52.101142
2012-10-08,sz000001,684.6330,689.5330,671.5650,674.8320,10638600,52.070370
2012-10-09,sz000001,677.0100,694.9780,677.0100,692.8000,16481500,52.129421
2012-10-10,sz000001,692.8000,693.3440,687.9000,692.8000,9976500,52.129421
2012-10-11,sz000001,693.3440,693.3440,686.8110,688.9890,9574700,52.117171
2012-10-12,sz000001,691.7110,700.4230,688.4440,692.8000,10145100,52.129421
2012-10-15,sz000001,693.3440,693.8890,679.7330,682.4550,8911900,52.095802
2012-10-16,sz000001,684.0880,696.0670,680.8210,688.9890,12634600,52.117171
2012-10-17,sz000001,691.7110,697.7000,689.5330,696.6110,12188100,52.141542
2012-10-18,sz000001,697.7000,707.5010,696.0670,704.7780,15917800,52.167135
2012-10-19,sz000001,705.3230,707.5010,702.0560,705.8670,10071300,52.558972
2012-10-22,sz000001,703.1450,710.2230,698.2450,708.0450,13408900,52.564588
2012-10-23,sz000001,708.5900,709.6790,697.1560,698.7890,11680800,52.540526
2012-10-24,sz000001,697.1560,704.2340,694.9780,698.2450,8995200,52.539127
2012-10-25,sz000001,699.8780,700.9670,692.8000,693.8890,12337700,52.527555
2012-10-26,sz000001,697.1560,698.7890,677.0100,678.6440,17138000,52.486002
2012-10-29,sz000001,677.0100,685.1770,675.3770,679.1880,12964100,52.487481
2012-10-30,sz000001,679.1880,690.0780,678.0990,687.3550,14292100,52.509931
2012-10-31,sz000001,688.9890,693.8890,685.7220,691.1660,7512500,52.520213
2012-11-01,sz000001,691.1660,710.2230,690.6220,703.1450,13800300,52.551943
2012-11-02,sz000001,703.1450,713.4900,702.6000,711.3120,16333600,52.572949
2012-11-05,sz000001,711.8560,721.1120,709.6790,715.6680,14675400,52.583982
2012-11-06,sz000001,714.5790,716.2120,703.1450,714.0340,13017900,52.579823
2012-11-07,sz000001,710.2230,716.7570,705.8670,712.4010,8816800,52.575720
2012-11-08,sz000001,706.4120,711.3120,703.1450,703.1450,8472800,52.551943
2012-11-09,sz000001,702.6000,706.4120,700.4230,705.3230,6217000,52.557601
2012-11-12,sz000001,703.6890,716.7570,703.1450,716.2120,14534900,52.585316
2012-11-13,sz000001,715.6680,715.6680,703.1450,705.3230,9993500,52.557601
2012-11-14,sz000001,709.6790,709.6790,700.4230,703.1450,7526300,52.551943
2012-11-15,sz000001,698.7890,703.6890,687.9000,690.6220,7651900,52.518783
2012-11-16,sz000001,687.9000,690.6220,678.0990,687.9000,14755800,52.511450
2012-11-19,sz000001,683.5440,688.4440,678.6440,687.3550,9836900,52.509931
2012-11-20,sz000001,687.3550,688.4440,678.0990,686.8110,7975800,52.508486
2012-11-21,sz000001,684.6330,698.7890,681.9100,696.6110,10792600,52.534766
2012-11-22,sz000001,695.5220,696.6110,688.4440,690.6220,4858900,52.518783
2012-11-23,sz000001,692.8000,700.4230,690.0780,696.6110,8031800,52.534766
2012-11-26,sz000001,695.5220,696.0670,687.9000,689.5330,5737200,52.515842
2012-11-27,sz000001,686.8110,692.8000,685.7220,692.2550,8875200,52.523141
2012-11-28,sz000001,688.9890,692.8000,686.8110,687.3550,7213600,52.509931
2012-11-29,sz000001,687.3550,687.9000,668.2990,668.2990,20497400,52.456750
2012-11-30,sz000001,666.1210,675.9210,666.1210,671.5650,9664600,52.466016
2012-12-03,sz000001,672.1100,673.1990,655.2310,658.4980,14072700,52.428185
2012-12-04,sz000001,658.4980,669.9320,654.1420,666.1210,11692400,52.450472
2012-12-05,sz000001,663.9430,708.0450,662.3090,703.6890,40236300,52.553323
2012-12-06,sz000001,701.5110,712.9450,699.3340,710.2230,36101500,52.570170
2012-12-07,sz000001,710.2230,738.5360,708.5900,737.9910,45656700,52.638445
2012-12-10,sz000001,745.0690,759.7700,729.8240,754.3250,48181400,52.676327
2012-12-11,sz000001,747.7920,757.0480,741.8020,742.8910,26068300,52.649965
2012-12-12,sz000001,743.9800,758.1370,741.8020,749.9700,22739600,52.666433
2012-12-13,sz000001,747.2470,748.8810,739.6250,740.1690,18964900,52.643599
2012-12-14,sz000001,739.0800,802.2390,737.9910,801.1500,77413700,52.776680
2012-12-17,sz000001,802.2390,808.7730,791.3500,803.3280,48778000,52.781078
2012-12-18,sz000001,799.5170,816.9400,793.5270,804.9610,41162900,52.784328
2012-12-19,sz000001,802.2390,809.8620,798.9720,801.1500,27157600,52.776680
2012-12-20,sz000001,796.7940,799.5170,779.3710,797.3390,29347500,52.768961
2012-12-21,sz000001,795.7050,798.9720,783.1820,784.2710,24527100,52.741829
2012-12-24,sz000001,782.6380,802.7830,781.5490,786.9940,21777800,52.747587
2012-12-25,sz000001,785.3600,822.9290,780.4600,813.6730,44988100,52.801622
2012-12-26,sz000001,813.1280,815.8510,804.9610,811.4950,30801400,52.797332
2012-12-27,sz000001,814.7620,821.8400,806.0500,817.4840,28363000,52.809044
2012-12-28,sz000001,815.8510,833.8180,811.4950,824.0180,24234900,52.821667
2012-12-31,sz000001,830.0070,855.0530,826.7400,846.8860,37868400,52.864295
2013-01-04,sz000001,863.2200,870.2980,841.4410,845.2520,44385100,52.861288
2013-01-07,sz000001,844.7080,864.8530,839.2630,862.1310,35716900,52.891472
2013-01-08,sz000001,862.1310,865.9420,838.1740,845.7970,31247900,52.862313
2013-01-09,sz000001,843.6190,846.8860,834.9070,838.1740,25132900,52.848298
2013-01-10,sz000001,838.1740,851.2420,834.3630,838.7190,24003000,52.849338
2013-01-11,sz000001,838.7190,847.9750,815.8510,820.7510,25126800,52.815380
2013-01-14,sz000001,818.0290,905.1440,818.0290,905.1440,93989500,52.963370
2013-01-15,sz000001,906.7780,950.3360,905.1440,933.4570,98406400,53.007212
2013-01-16,sz000001,933.4570,949.7910,912.2230,944.8910,68270000,53.024186
2013-01-17,sz000001,938.3570,969.9370,925.2900,940.5350,67577200,53.017756
2013-01-18,sz000001,947.6130,977.5590,932.9120,972.6590,66536700,53.063775
2013-01-21,sz000001,971.0260,1047.2520,954.1470,1047.2520,78213600,53.160000
2013-01-22,sz000001,1034.1840,1112.5890,1027.1060,1089.7210,106876900,53.209033
2013-01-23,sz000001,1064.1300,1085.9090,1025.4730,1066.3080,63569800,53.182444
2013-01-24,sz000001,1065.2190,1095.1650,1025.4730,1033.6400,85723600,53.143445
2013-01-25,sz000001,1036.3620,1040.7180,1005.8720,1017.3060,61431200,53.123029
2013-01-28,sz000001,1017.8500,1121.8450,1017.8500,1121.8450,116399500,53.243711
2013-01-29,sz000001,1134.3670,1147.9790,1097.8880,1138.7230,108289400,53.261132
2013-01-30,sz000001,1123.4780,1136.5450,1107.1440,1136.0010,58362400,53.258368
2013-01-31,sz000001,1132.7340,1136.5450,1107.1440,1123.4780,41588400,53.245403
2013-02-01,sz000001,1119.1220,1202.4270,1106.5990,1195.8930,82408000,53.316674
2013-02-04,sz000001,1186.6370,1215.4940,1156.6910,1173.0250,85741900,53.295093
2013-02-05,sz000001,1158.3240,1181.1920,1128.3780,1160.5020,42689100,53.282920
2013-02-06,sz000001,1156.1460,1171.3920,1142.5350,1164.8580,38082600,53.287191
2013-02-07,sz000001,1156.1460,1162.1360,1080.4650,1109.8660,58612600,53.230983
2013-02-08,sz000001,1106.0550,1120.7560,1084.8200,1104.4210,46202400,53.225108
2013-02-18,sz000001,1113.1330,1144.7120,1103.3330,1112.5890,42181300,53.233923
2013-02-19,sz000001,1107.1440,1124.0230,1100.0660,1107.6880,48650800,53.228640
2013-02-20,sz000001,1109.8660,1117.4890,1046.7070,1079.9200,65915700,53.198030
2013-02-21,sz000001,1063.5860,1063.5860,1012.4060,1041.8070,74024400,53.153418
2013-02-22,sz000001,1036.3620,1046.7070,1006.4160,1015.6720,46859500,53.120921
2013-02-25,sz000001,1023.2950,1079.9200,1021.1170,1064.1300,61630000,53.179910
2013-02-26,sz000001,1053.2410,1170.8470,1047.2520,1109.8660,103481400,53.230983
2013-02-27,sz000001,1118.5780,1162.6800,1109.8660,1119.1220,70067600,53.240818
2013-02-28,sz000001,1125.6560,1226.9280,1119.6670,1226.9280,111989100,53.344696
2013-03-01,sz000001,1223.1170,1239.9950,1192.6260,1230.1950,103782300,53.347572
2013-03-04,sz000001,1196.9820,1226.9280,1146.8900,1158.8690,109877900,53.281333
2013-03-05,sz000001,1161.5910,1277.5640,1161.0470,1277.5640,116898700,53.387547
2013-03-06,sz000001,1308.5990,1320.0330,1277.0190,1294.9870,113828100,53.401526
2013-03-07,sz000001,1278.6530,1287.9090,1213.3160,1267.2190,89267000,53.379065
2013-03-08,sz000001,1270.4860,1280.2860,1197.5260,1219.3050,92586800,53.337927
2013-03-11,sz000001,1211.6830,1225.8390,1164.3140,1206.7820,57329300,53.326646
2013-03-12,sz000001,1205.1490,1215.4940,1134.9120,1157.2350,84076900,53.279696
2013-03-13,sz000001,1155.6020,1204.0600,1151.2460,1177.3810,83690100,53.299276
2013-03-14,sz000001,1172.4810,1177.3810,1134.3670,1154.5130,57785300,53.277019
2013-03-15,sz000001,1153.9690,1206.7820,1107.1440,1183.3700,94357400,53.304955
2013-03-18,sz000001,1156.1460,1172.4810,1129.4670,1137.0900,74529400,53.259485
2013-03-19,sz000001,1134.3670,1157.7800,1120.2110,1145.2570,52977100,53.267767
2013-03-20,sz000001,1141.4460,1241.6290,1139.8120,1232.3730,130937000,53.349481
2013-03-21,sz000001,1226.3830,1238.3620,1209.5050,1224.7500,71531700,53.342770
2013-03-22,sz000001,1224.2060,1234.5510,1214.9490,1228.5610,41182500,53.346114
2013-03-25,sz000001,1234.0060,1242.1730,1208.9600,1213.8610,45289300,53.333084
2013-03-26,sz000001,1204.6050,1204.6050,1176.8360,1180.1030,55977300,53.301852
2013-03-27,sz000001,1181.7370,1208.9600,1168.1250,1180.6480,38599600,53.302393
2013-03-28,sz000001,1118.0330,1118.0330,1060.3190,1064.6750,117504300,53.180569
2013-03-29,sz000001,1064.6750,1083.7320,1043.9850,1070.1200,56984800,53.186879
2013-04-01,sz000001,1074.4750,1096.2540,1069.0310,1084.8200,38554100,53.203531
2013-04-02,sz000001,1084.2760,1112.5890,1073.9310,1087.5430,46305400,53.206605
2013-04-03,sz000001,1094.0760,1106.5990,1080.4650,1088.0870,22458900,53.207188
2013-04-08,sz000001,1052.1520,1069.0310,1040.7180,1059.7750,40771400,53.174862
2013-04-09,sz000001,1063.0420,1077.7420,1058.6860,1060.3190,38049100,53.175476
2013-04-10,sz000001,1057.0520,1058.1410,1016.2170,1030.9180,50776700,53.140103
2013-04-11,sz000001,1041.2630,1047.2520,1024.9280,1031.4620,31178800,53.140752
2013-04-12,sz000001,1033.6400,1035.2730,998.2490,1003.6940,80532200,53.105503
2013-04-15,sz000001,1005.8720,1012.4060,977.0150,985.1820,57095600,53.080927
2013-04-16,sz000001,972.6590,996.0710,960.1360,995.5270,65549200,53.094773
2013-04-17,sz000001,992.8050,996.6160,957.4140,981.3710,64270300,53.075771
2013-04-18,sz000001,966.6700,1019.4840,959.5920,1014.5830,90124400,53.119529
2013-04-19,sz000001,1009.1390,1096.2540,1005.8720,1076.6530,147838000,53.194318
2013-04-22,sz000001,1063.5860,1083.7320,1058.6860,1076.1090,69291400,53.193722
2013-04-23,sz000001,1081.5540,1084.8200,1011.8610,1013.4940,80265900,53.118134
2013-04-24,sz000001,995.5270,1052.1520,984.6370,1030.9180,73338000,53.140103
2013-04-25,sz000001,1009.1390,1029.8290,994.9820,999.8830,44685500,53.100531
2013-04-26,sz000001,1008.5940,1021.1170,990.0820,992.8050,33673800,53.091176
2013-05-02,sz000001,987.3600,1004.7830,976.4700,1004.2380,23757200,53.106187
2013-05-03,sz000001,1008.0500,1075.0200,1001.5160,1048.8850,72012600,53.161936
2013-05-06,sz000001,1054.8740,1094.0760,1046.1630,1080.4650,84054400,53.198671
2013-05-07,sz000001,1072.2980,1084.2760,1057.0520,1077.1980,42417000,53.194963
2013-05-08,sz000001,1082.6430,1110.9550,1059.2300,1084.2760,62878700,53.202944
2013-05-09,sz000001,1078.2870,1078.2870,1052.6970,1070.6640,48361300,53.187481
2013-05-10,sz000001,1063.5860,1086.4540,1057.5970,1073.9310,38624800,53.191233
2013-05-13,sz000001,1069.5750,1074.4750,1052.6970,1059.2300,32387900,53.174197
2013-05-14,sz000001,1059.2300,1059.7750,1015.1280,1024.9280,49816000,53.132608
2013-05-15,sz000001,1024.9280,1032.0070,1017.3060,1025.4730,24208200,53.133316
2013-05-16,sz000001,1020.5730,1089.1760,1011.8610,1080.4650,81311500,53.198671
2013-05-17,sz000001,1078.8310,1092.4430,1059.2300,1084.8200,59580700,53.203531
2013-05-20,sz000001,1089.7210,1145.2570,1084.2760,1116.9440,87697400,53.238513
2013-05-21,sz000001,1107.1440,1129.4670,1103.8770,1123.4780,44757400,53.245403
2013-05-22,sz000001,1123.4780,1133.8230,1113.6780,1126.7450,41311300,53.248819
2013-05-23,sz000001,1118.5780,1128.9230,1090.8100,1091.8990,50740900,53.211452
2013-05-24,sz000001,1093.5320,1114.7660,1080.4650,1101.1550,33280900,53.221605
2013-05-27,sz000001,1095.7100,1111.5000,1079.3760,1086.4540,35854600,53.205387
2013-05-28,sz000001,1086.4540,1156.1460,1076.6530,1150.7020,78361700,53.273241
2013-05-29,sz000001,1151.2460,1155.6020,1130.0120,1133.2790,53259700,53.255592
2013-05-30,sz000001,1130.0120,1149.6130,1121.3000,1128.9230,42544100,53.251085
2013-05-31,sz000001,1131.6450,1144.7120,1116.9440,1117.4890,36186200,53.239114
2013-06-03,sz000001,1114.2220,1128.3780,1106.5990,1113.1330,34379200,53.234481
2013-06-04,sz000001,1113.1330,1136.0010,1106.0550,1125.1110,44215600,53.247089
2013-06-05,sz000001,1118.5780,1124.0230,1097.3430,1107.6880,30574500,53.228640
2013-06-06,sz000001,1095.7100,1105.5100,1065.7640,1070.6640,43527000,53.187481
2013-06-07,sz000001,1070.6640,1077.7420,1031.4620,1037.9960,40200000,53.148797
2013-06-13,sz000001,1026.0170,1027.1060,984.6370,997.7050,38134200,53.097658
2013-06-14,sz000001,1009.1390,1020.0280,998.2490,1012.4060,32855300,53.116789
2013-06-17,sz000001,1017.8500,1039.6290,1006.4160,1022.2060,30921000,53.129210
2013-06-18,sz000001,1033.6400,1065.7640,1033.6400,1048.8850,38959900,53.161936
2013-06-19,sz000001,1039.0850,1039.6290,1017.3060,1022.2060,36997700,53.129210
2013-06-20,sz000001,1023.1860,1024.9280,948.2670,957.8490,90306600,85.675224
2013-06-21,sz000001,937.8130,976.1440,929.1010,966.5610,61400200,85.688032
2013-06-24,sz000001,951.7510,951.7510,868.1200,868.1200,116667100,85.529064
2013-06-25,sz000001,837.6300,863.7640,780.1330,853.3110,171716200,85.502104
2013-06-26,sz000001,855.0530,855.0530,818.4640,834.1450,101715100,85.465676
2013-06-27,sz000001,841.9850,855.0530,814.9800,820.2070,83586700,85.438229
2013-06-28,sz000001,811.4950,867.2490,794.0720,852.4390,92664300,85.500401
2013-07-01,sz000001,838.5010,850.6970,806.2680,833.2740,80019600,85.464000
2013-07-02,sz000001,835.8870,837.6300,800.1700,820.2070,81375300,85.438229
2013-07-03,sz000001,815.8510,815.8510,791.4580,796.6850,77115800,85.389603
2013-07-04,sz000001,787.1030,817.5930,768.8080,800.1700,80515900,85.397012
2013-07-05,sz000001,798.4280,817.5930,797.5560,800.1700,64144600,85.397012
2013-07-08,sz000001,783.6180,790.5870,765.3240,767.0660,59500600,85.324360
2013-07-09,sz000001,768.8080,777.5200,765.3240,767.9370,51215000,85.326333
2013-07-10,sz000001,768.8080,802.7830,767.0660,802.7830,74724100,85.402447
2013-07-11,sz000001,811.4950,884.6720,811.4950,884.6720,173361100,85.558221
2013-07-12,sz000001,898.6110,928.2300,877.7030,884.6720,211854300,85.558221
2013-07-15,sz000001,898.6110,921.2610,858.5370,899.4820,134165900,85.583444
2013-07-16,sz000001,885.5430,893.3840,867.2490,888.1570,101622700,85.564258
2013-07-17,sz000001,887.2860,895.1260,863.7640,867.2490,67368800,85.527515
2013-07-18,sz000001,862.0220,870.7340,835.8870,839.3720,80668700,85.475764
2013-07-19,sz000001,839.3720,846.3410,803.6550,805.3970,82736700,85.407953
2013-07-22,sz000001,787.9740,811.4950,778.3910,804.5260,65837700,85.406157
2013-07-23,sz000001,808.8820,875.9610,803.6550,851.5680,124744300,85.498795
2013-07-24,sz000001,836.7590,844.5990,815.8510,834.1450,89972100,85.465676
2013-07-25,sz000001,836.7590,856.7950,828.9180,838.5010,68987400,85.474108
2013-07-26,sz000001,829.7890,834.1450,815.8510,823.6910,46505000,85.445124
2013-07-29,sz000001,808.8820,813.2370,799.2990,803.6550,49813000,85.404357
2013-07-30,sz000001,811.4950,848.9550,808.0100,827.1760,67454100,85.452066
2013-07-31,sz000001,838.5010,854.1820,815.8510,819.3350,45446800,85.436392
2013-08-01,sz000001,832.4030,848.0840,821.0780,848.0840,76275000,85.492339
2013-08-02,sz000001,856.7950,863.7640,836.7590,839.3720,57741700,85.475764
2013-08-05,sz000001,839.3720,849.8260,835.0160,849.8260,53143000,85.495573
2013-08-06,sz000001,843.7280,855.0530,835.8870,848.0840,59617900,85.492339
2013-08-07,sz000001,844.5990,865.5070,841.9850,848.9550,74376400,85.493958
2013-08-08,sz000001,842.8570,859.4090,840.2430,845.4700,54585900,85.487361
2013-08-09,sz000001,852.4390,856.7950,833.2740,841.9850,49763400,85.480711
2013-08-12,sz000001,844.5990,894.2550,841.9850,883.8010,134836300,85.556728
2013-08-13,sz000001,882.0590,903.8380,876.8320,898.6110,120349600,85.582000
2013-08-14,sz000001,899.4820,927.3590,888.1570,892.5130,116474400,85.571716
2013-08-15,sz000001,891.6410,900.3530,870.7340,872.4760,58675600,85.536863
2013-08-16,sz000001,870.7340,961.3340,855.9240,905.5800,253143400,85.593573
2013-08-19,sz000001,874.2180,937.8130,874.2180,923.8740,158560300,85.623170
2013-08-20,sz000001,916.9050,963.9470,906.4510,942.1690,153186700,85.651727
2013-08-21,sz000001,939.5550,950.8800,920.3900,934.3280,62680400,85.639597
2013-08-22,sz000001,929.9720,963.9470,925.6170,937.8130,79080600,85.645023
2013-08-23,sz000001,937.8130,948.2670,893.3840,909.0650,104396100,85.599341
2013-08-26,sz000001,909.9360,937.8130,898.6110,933.4570,74327400,85.638257
2013-08-27,sz000001,932.5860,943.9110,921.2610,931.7150,58688400,85.635570
2013-08-28,sz000001,919.5180,928.2300,901.2240,909.9360,68220300,85.600753
2013-08-29,sz000001,924.7450,932.5860,907.3220,910.8070,55125300,85.602162
2013-08-30,sz000001,902.0950,929.1010,900.3530,908.1930,52029000,85.597832
2013-09-02,sz000001,919.5180,927.3590,909.9360,920.3900,50023100,85.617674
2013-09-03,sz000001,923.8740,959.5920,917.7760,959.5920,115757100,85.677857
2013-09-04,sz000001,956.1070,977.0150,946.5240,949.1380,89262000,85.662274
2013-09-05,sz000001,949.1380,953.4940,940.4260,944.7820,34323000,85.655666
2013-09-09,sz000001,966.5610,1040.6090,966.5610,1040.6090,220449300,85.788046
2013-09-10,sz000001,1065.8730,1085.9090,1028.4130,1067.6150,208529400,85.821141
2013-09-11,sz000001,1064.1300,1129.4670,1046.7070,1089.3940,170823000,85.846651
2013-09-12,sz000001,1074.5840,1191.3190,1064.1300,1157.3440,183054000,85.920119
2013-09-13,sz000001,1136.4360,1177.3810,1119.0130,1134.6940,119131900,85.896593
2013-09-16,sz000001,1135.5650,1172.1540,1087.6520,1133.8230,143436600,85.895682
2013-09-17,sz000001,1129.4670,1148.6330,1094.6210,1098.1060,94002600,85.856607
2013-09-18,sz000001,1094.6210,1115.5290,1073.7130,1098.1060,61700200,85.856607
2013-09-23,sz000001,1098.9770,1113.7860,1083.2960,1105.9460,72379500,85.865373
2013-09-24,sz000001,1104.2040,1105.0750,1026.6710,1052.8050,145618900,85.803178
2013-09-25,sz000001,1044.9650,1068.4860,1027.5420,1031.8980,77993000,85.777057
2013-09-26,sz000001,1025.8000,1025.8000,985.7260,999.6650,86071100,85.734563
2013-09-27,sz000001,997.0510,1030.1550,994.4380,1020.5730,68751900,85.762437
2013-09-30,sz000001,1020.5730,1032.7690,1013.6030,1018.8300,37360100,85.760101
2013-10-08,sz000001,1018.8300,1058.9040,986.5980,1047.5780,73757400,85.796724
2013-10-09,sz000001,1039.7380,1094.6210,1031.0270,1077.1980,84408400,85.832510
2013-10-10,sz000001,1081.5540,1094.6210,1046.7070,1053.6770,77626800,85.804316
2013-10-11,sz000001,1065.0020,1097.2340,1060.6460,1089.3940,92298600,85.846651
2013-10-14,sz000001,1081.5540,1089.3940,1070.2290,1071.9710,55293900,85.826341
2013-10-15,sz000001,1071.9710,1072.8420,1040.6090,1047.5780,48446300,85.796724
2013-10-16,sz000001,1042.3520,1043.2230,1023.1860,1030.1550,45239600,85.774771
2013-10-17,sz000001,1040.6090,1050.1920,1029.2840,1029.2840,31361500,85.773667
2013-10-18,sz000001,1030.1550,1067.6150,1025.8000,1046.7070,51565200,85.795656
2013-10-21,sz000001,1047.5780,1062.3880,1031.0270,1058.0320,60301200,85.809570
2013-10-22,sz000001,1053.6770,1053.6770,1030.1550,1033.6400,51490000,85.779253
2013-10-23,sz000001,1044.0940,1130.3380,1043.2230,1079.8110,154335700,85.835533
2013-10-24,sz000001,1082.4250,1129.4670,1064.1300,1116.4000,147778400,85.876923
2013-10-25,sz000001,1110.3020,1186.0920,1104.2040,1153.8600,144110700,85.916605
2013-10-28,sz000001,1151.2460,1152.9880,1113.7860,1127.7250,87876200,85.889185
2013-10-29,sz000001,1129.4670,1238.3620,1129.4670,1213.9690,214154000,85.975142
2013-10-30,sz000001,1203.5160,1246.2020,1186.9640,1238.3620,132582200,85.997361
2013-10-31,sz000001,1225.2940,1231.3930,1181.7370,1194.8040,111296800,85.957122
2013-11-01,sz000001,1193.0620,1213.0980,1173.0250,1192.1910,84492100,85.954650
2013-11-04,sz000001,1201.7730,1211.3560,1157.3440,1165.1850,73966800,85.928097
2013-11-05,sz000001,1142.5350,1176.5100,1112.9150,1173.8960,98703500,85.936750
2013-11-06,sz000001,1152.1170,1158.2150,1121.6270,1129.4670,71528900,85.891027
2013-11-07,sz000001,1134.6940,1156.4730,1125.1110,1139.9210,68650300,85.902110
2013-11-08,sz000001,1125.1110,1163.4420,1123.3690,1145.1480,72008100,85.907577
2013-11-11,sz000001,1145.1480,1163.4420,1125.1110,1151.2460,61585000,85.913881
2013-11-12,sz000001,1152.1170,1212.2270,1152.1170,1207.8710,108732600,85.969466
2013-11-13,sz000001,1192.1910,1197.4170,1139.9210,1145.1480,82642100,85.907577
2013-11-14,sz000001,1138.1790,1147.7620,1113.7860,1128.5960,96441200,85.890107
2013-11-15,sz000001,1132.0810,1183.4790,1121.6270,1147.7620,96702900,85.910329
2013-11-18,sz000001,1158.2150,1215.7120,1138.1790,1211.3560,128156100,85.972747
2013-11-19,sz000001,1207.0000,1213.9690,1183.4790,1187.8350,83538300,85.950434
2013-11-20,sz000001,1203.5160,1220.9390,1181.7370,1202.6440,70523800,85.964546
2013-11-21,sz000001,1192.1910,1200.0310,1158.2150,1198.2890,94467400,85.960473
2013-11-22,sz000001,1193.0620,1194.8040,1174.7670,1174.7670,53878400,85.937601
2013-11-25,sz000001,1151.2460,1185.2210,1147.7620,1159.9580,53232800,85.922815
2013-11-26,sz000001,1159.9580,1171.2830,1151.2460,1157.3440,39201900,85.920119
2013-11-27,sz000001,1152.1170,1187.8350,1148.6330,1166.0560,57665600,85.928961
2013-11-28,sz000001,1166.0560,1185.2210,1163.4420,1170.4120,61904000,85.933333
2013-11-29,sz000001,1186.0920,1193.9330,1165.1850,1168.6690,62016300,85.931544
2013-12-02,sz000001,1172.1540,1208.7420,1164.3140,1181.7370,122233100,85.944509
2013-12-03,sz000001,1175.6390,1187.8350,1142.5350,1163.4420,80243600,85.926292
2013-12-04,sz000001,1159.9580,1190.4480,1147.7620,1168.6690,89180400,85.931544
2013-12-05,sz000001,1166.9270,1170.4120,1148.6330,1153.8600,60748000,85.916605
2013-12-06,sz000001,1157.3440,1158.2150,1137.3080,1141.6630,48110300,85.903913
2013-12-09,sz000001,1142.5350,1150.3750,1132.0810,1132.9520,41804400,85.894769
2013-12-10,sz000001,1142.5350,1146.0190,1133.8230,1141.6630,32403300,85.903913
2013-12-11,sz000001,1133.8230,1137.3080,1088.5230,1102.4610,92520400,85.861449
2013-12-12,sz000001,1091.1360,1105.0750,1086.7810,1092.0070,39806200,85.849607
2013-12-13,sz000001,1088.5230,1089.3940,1068.4860,1077.1980,43034300,85.832510
2013-12-16,sz000001,1072.8420,1101.5900,1072.8420,1094.6210,55566700,85.852627
2013-12-17,sz000001,1098.1060,1105.9460,1083.2960,1092.0070,36768000,85.849607
2013-12-18,sz000001,1090.2650,1103.3330,1085.9090,1095.4920,23274000,85.853605
2013-12-19,sz000001,1097.2340,1103.3330,1072.8420,1072.8420,35620100,85.827360
2013-12-20,sz000001,1073.7130,1079.8110,1021.4440,1021.4440,68133300,85.763560
2013-12-23,sz000001,1022.3150,1044.9650,1011.8610,1024.9280,41215300,85.768033
2013-12-24,sz000001,1029.2840,1039.7380,994.4380,1003.1490,51936400,85.739231
2013-12-25,sz000001,1003.1490,1010.9900,988.3400,1004.8920,50589900,85.741638
2013-12-26,sz000001,1003.1490,1003.1490,979.6280,981.3710,40230000,85.709258
2013-12-27,sz000001,982.2420,1019.7010,979.6280,1007.5050,63066100,85.745106
2013-12-30,sz000001,1010.9900,1016.2170,1003.1490,1006.6340,43574400,85.743952
2013-12-31,sz000001,1005.7630,1063.2590,998.7940,1051.0630,82686400,85.801061
2014-01-02,sz000001,1039.7380,1055.4190,1033.6400,1049.3210,48991000,85.798937
2014-01-03,sz000001,1042.3520,1043.2230,1010.1190,1023.1860,55111400,85.765801
2014-01-06,sz000001,1019.7010,1029.2840,985.7260,1000.5360,58211800,85.735733
2014-01-07,sz000001,988.3400,1008.3760,986.5980,997.0510,33840700,85.730954
2014-01-08,sz000001,997.9230,1024.9280,988.3400,1008.3760,45776800,85.746259
2014-01-09,sz000001,1002.2780,1028.4130,998.7940,1013.6030,48551800,85.753215
2014-01-10,sz000001,1010.1190,1024.9280,999.6650,1013.6030,38119700,85.753215
2014-01-13,sz000001,1011.8610,1021.4440,984.8550,994.4380,47887500,85.727414
2014-01-14,sz000001,991.8240,1010.1190,981.3710,1004.8920,36242700,85.741638
2014-01-15,sz000001,1003.1490,1006.6340,990.9530,1000.5360,29798800,85.735733
2014-01-16,sz000001,999.6650,1011.8610,992.6960,1002.2780,29959300,85.738067
2014-01-17,sz000001,996.1800,997.9230,981.3710,983.9840,42351300,85.712892
2014-01-20,sz000001,983.9840,983.9840,963.9470,968.3030,30721900,85.690531
2014-01-21,sz000001,970.0460,990.9530,970.0460,973.5300,26579400,85.698063
2014-01-22,sz000001,973.5300,1017.0880,972.6590,1010.9900,61908400,85.749788
2014-01-23,sz000001,1009.2480,1010.9900,998.7940,1003.1490,37553500,85.739231
2014-01-24,sz000001,997.9230,1012.7320,991.8240,999.6650,48528300,85.734563
2014-01-27,sz000001,990.9530,997.0510,972.6590,976.1440,44299700,85.701844
2014-01-28,sz000001,981.3710,993.5670,974.4010,985.7260,38968300,85.715304
2014-01-29,sz000001,989.2110,997.9230,985.7260,990.9530,31210400,85.722578
2014-01-30,sz000001,990.0820,990.0820,975.2720,977.0150,29141300,85.703070
2014-02-07,sz000001,970.0460,975.2720,950.8800,975.2720,41875700,85.700527
2014-02-10,sz000001,975.2720,993.5670,972.6590,991.8240,58122600,85.723768
2014-02-11,sz000001,988.3400,1058.0320,979.6280,1029.2840,131046500,85.773667
2014-02-12,sz000001,1017.9590,1046.7070,1016.2170,1024.0570,69462100,85.766918
2014-02-13,sz000001,1014.4750,1072.8420,1011.8610,1048.4500,121819200,85.797872
2014-02-14,sz000001,1038.8670,1045.8360,1025.8000,1036.2530,58233900,85.782533
2014-02-17,sz000001,1037.9960,1044.0940,1017.9590,1026.6710,60892100,85.770343
2014-02-18,sz000001,1021.4440,1023.1860,996.1800,999.6650,59606100,85.734563
2014-02-19,sz000001,995.3090,1040.6090,995.3090,1029.2840,98817400,85.773667
2014-02-20,sz000001,1023.1860,1051.0630,1007.5050,1008.3760,76632400,85.746259
2014-02-21,sz000001,1013.6030,1015.3460,992.6960,994.4380,47999600,85.727414
2014-02-24,sz000001,981.3710,983.9840,954.3650,956.1070,66782000,85.672670
2014-02-25,sz000001,956.9780,972.6590,942.1690,943.9110,54838700,85.654356
2014-02-26,sz000001,944.7820,961.3340,942.1690,951.7510,40793700,85.666157
2014-02-27,sz000001,955.2360,972.6590,943.0400,963.0760,55508600,85.682918
2014-02-28,sz000001,956.9780,963.0760,931.7150,953.4940,44623700,85.668823
2014-03-03,sz000001,943.9110,949.1380,936.0700,945.6530,42743100,85.656975
2014-03-04,sz000001,941.2970,943.9110,924.7450,940.4260,52758500,85.648998
2014-03-05,sz000001,932.5860,940.4260,909.9360,916.0340,53301600,85.610654
2014-03-06,sz000001,916.9050,929.1010,899.4820,922.1320,52738200,85.620427
2014-03-07,sz000001,920.3900,936.9420,917.7760,924.7450,48865400,85.624537
2014-03-10,sz000001,916.0340,917.7760,876.8320,882.0590,54432000,85.553734
2014-03-11,sz000001,882.0590,889.0280,863.7640,875.9610,45078900,85.543066
2014-03-12,sz000001,878.5740,896.8680,870.7340,885.5430,51510700,85.559710
2014-03-13,sz000001,896.8680,923.8740,887.2860,903.8380,62662500,85.590720
2014-03-14,sz000001,892.5130,901.2240,878.5740,882.9300,45039200,85.555233
2014-03-17,sz000001,890.7700,898.6110,884.6720,895.9970,37297900,85.577555
2014-03-18,sz000001,895.9970,899.4820,883.8010,888.1570,43181400,85.564258
2014-03-19,sz000001,885.5430,885.5430,868.1200,875.9610,36302800,85.543066
2014-03-20,sz000001,874.2180,880.3160,859.4090,863.7640,45488100,85.521188
2014-03-21,sz000001,861.1510,936.9420,857.6660,923.8740,125181100,85.623170
2014-03-24,sz000001,922.1320,936.0700,909.9360,923.8740,84253800,85.623170
2014-03-25,sz000001,922.1320,925.6170,903.8380,907.3220,41575400,85.596415
2014-03-26,sz000001,912.5490,920.3900,902.0950,916.0340,36020600,85.610654
2014-03-27,sz000001,910.8070,944.7820,900.3530,922.1320,80313300,85.620427
2014-03-28,sz000001,916.0340,938.6840,913.4200,923.0030,53264900,85.621800
2014-03-31,sz000001,929.1010,936.9420,913.4200,922.1320,32113000,85.620427
2014-04-01,sz000001,917.7760,932.5860,916.0340,924.7450,28124200,85.624537
2014-04-02,sz000001,923.8740,943.0400,918.6470,934.3280,46039700,85.639597
2014-04-03,sz000001,938.6840,943.9110,921.2610,922.1320,45365000,85.620427
2014-04-04,sz000001,916.0340,926.4880,906.4510,923.8740,34209000,85.623170
2014-04-08,sz000001,923.0030,984.8550,923.0030,966.5610,134292000,85.688032
2014-04-09,sz000001,965.6900,972.6590,956.1070,958.7210,55734600,85.676586
2014-04-10,sz000001,960.4630,994.4380,956.1070,973.5300,77006800,85.698063
2014-04-11,sz000001,971.7880,985.7260,963.9470,977.0150,59325500,85.703070
2014-04-14,sz000001,972.6590,981.3710,958.7210,966.5610,42174100,85.688032
2014-04-15,sz000001,960.4630,962.2050,934.3280,939.5550,53468800,85.647675
2014-04-16,sz000001,936.0700,953.4940,929.9720,941.2970,37664600,85.650318
2014-04-17,sz000001,943.9110,949.1380,927.3590,933.4570,30488500,85.638257
2014-04-18,sz000001,929.1010,931.7150,917.7760,924.7450,32354400,85.624537
2014-04-21,sz000001,920.3900,933.4570,913.4200,915.1630,29815600,85.609261
2014-04-22,sz000001,916.9050,957.8490,914.2920,947.3950,52328100,85.659584
2014-04-23,sz000001,949.1380,981.3710,949.1380,968.3030,116989200,85.842465
2014-04-24,sz000001,978.7570,981.3710,952.6220,962.2050,63400400,85.681656
2014-04-25,sz000001,962.2050,987.4690,951.7510,963.9470,71433500,85.684178
2014-04-28,sz000001,963.9470,966.5610,938.6840,944.7820,52604500,85.655666
2014-04-29,sz000001,943.9110,963.9470,935.1990,956.1070,41362100,85.672670
2014-04-30,sz000001,957.8490,961.3340,950.0090,954.3650,25959600,85.670108
2014-05-05,sz000001,950.8800,951.7510,927.3590,941.2970,40327000,85.650318
2014-05-06,sz000001,935.1990,950.0090,933.4570,937.8130,26777000,85.645023
2014-05-07,sz000001,934.3280,937.8130,929.1010,929.1010,24191000,85.631429
2014-05-08,sz000001,927.3590,955.2360,925.6170,936.0700,37962000,85.642269
2014-05-09,sz000001,936.0700,953.4940,933.4570,946.5240,32191400,85.658281
2014-05-12,sz000001,955.2360,977.0150,943.9110,971.7880,60199100,85.695591
2014-05-13,sz000001,970.9170,973.5300,958.7210,962.2050,30583300,85.681656
2014-05-14,sz000001,960.4630,980.4990,960.4630,969.1740,41612100,85.691777
2014-05-15,sz000001,968.3030,972.6590,955.2360,958.7210,31262700,85.676586
2014-05-16,sz000001,958.7210,971.7880,957.8490,965.6900,31177300,85.686779
2014-05-19,sz000001,965.6900,966.5610,954.3650,965.6900,26110500,85.686779
2014-05-20,sz000001,963.9470,971.7880,956.9780,963.0760,20576600,85.682918
2014-05-21,sz000001,959.5920,975.2720,949.1380,970.9170,26316800,85.694351
2014-05-22,sz000001,970.9170,999.6650,967.4320,976.1440,61914100,85.701844
2014-05-23,sz000001,977.0150,995.3090,973.5300,992.6960,41535600,85.725043
2014-05-26,sz000001,998.7940,998.7940,982.2420,992.6960,31598900,85.725043
2014-05-27,sz000001,988.3400,1003.1490,985.7260,992.6960,28440700,85.725043
2014-05-28,sz000001,991.8240,997.0510,976.1440,994.4380,42703700,85.727414
2014-05-29,sz000001,993.5670,1006.6340,984.8550,985.7260,36223800,85.715304
2014-05-30,sz000001,984.8550,996.1800,982.2420,985.7260,31877300,85.715304
2014-06-03,sz000001,985.7260,1002.2780,985.7260,986.5980,27811300,85.716594
2014-06-04,sz000001,986.5980,987.4690,963.9470,970.9170,32388900,85.694351
2014-06-05,sz000001,968.3030,980.4990,967.4320,979.6280,24629100,85.706737
2014-06-06,sz000001,980.4990,983.9840,967.4320,975.2720,18643500,85.700527
2014-06-09,sz000001,972.6590,989.2110,970.0460,983.9840,31352200,85.712892
2014-06-10,sz000001,987.4690,1007.5050,983.1130,1007.5050,62198200,85.745106
2014-06-11,sz000001,1001.4070,1015.3460,997.0510,1010.1190,43323300,85.748642
2014-06-12,sz000001,1003.4980,1019.1790,1001.4070,1012.9060,36744100,104.315757
2014-06-13,sz000001,1011.8610,1082.9470,1009.7700,1055.7670,123950400,104.324802
2014-06-16,sz000001,1049.4950,1068.3120,1045.3130,1056.8130,87818200,104.325074
2014-06-17,sz000001,1048.4500,1062.0400,1041.1320,1047.4040,54184700,104.323108
2014-06-18,sz000001,1047.4040,1049.4950,1023.3600,1028.5870,53855000,104.319168
2014-06-19,sz000001,1028.5870,1036.9500,1009.7700,1020.2240,48308100,104.317382
2014-06-20,sz000001,1019.1790,1027.5420,1016.0430,1027.5420,37207000,104.318985
2014-06-23,sz000001,1027.5420,1037.9960,1018.1330,1019.1790,43085900,104.317195
2014-06-24,sz000001,1020.2240,1027.5420,1018.1330,1022.3150,28459300,104.317857
2014-06-25,sz000001,1022.3150,1023.3600,1005.5890,1019.1790,27126200,104.317195
2014-06-26,sz000001,1012.9060,1025.4510,1012.9060,1024.4060,34288500,104.318330
2014-06-27,sz000001,1021.2700,1029.6330,1012.9060,1024.4060,36752000,104.318330
2014-06-30,sz000001,1022.3150,1040.0870,1021.2700,1033.8140,44723700,104.320283
2014-07-01,sz000001,1033.8140,1037.9960,1025.4510,1028.5870,28494300,104.319168
2014-07-02,sz000001,1028.5870,1032.7690,1023.3600,1031.7230,28604100,104.319818
2014-07-03,sz000001,1031.7230,1042.1770,1025.4510,1039.0410,44690400,104.321386
2014-07-04,sz000001,1040.0870,1044.2680,1028.5870,1033.8140,34231100,104.320283
2014-07-07,sz000001,1033.8140,1035.9050,1022.3150,1028.5870,34306100,104.319168
2014-07-08,sz000001,1026.4970,1035.9050,1019.1790,1035.9050,34608700,104.320745
2014-07-09,sz000001,1034.8600,1034.8600,999.3160,1006.6340,58789100,104.314404
2014-07-10,sz000001,1007.6800,1014.9970,1002.4530,1008.7250,36025700,104.314891
2014-07-11,sz000001,1007.6800,1011.8610,1005.5890,1008.7250,31832000,104.314891
2014-07-14,sz000001,1009.7700,1013.9520,998.2710,1013.9520,46311600,104.316049
2014-07-16,sz000001,1011.8610,1012.9060,993.0440,1002.4530,61770200,104.313528
2014-07-17,sz000001,1001.4070,1003.4980,994.0890,1000.3620,32007200,104.313034
2014-07-18,sz000001,996.1800,1006.6340,994.0890,1001.4070,37511500,104.313229
2014-07-21,sz000001,1001.4070,1001.4070,994.0890,996.1800,27299500,104.312042
2014-07-22,sz000001,994.0890,1022.3150,993.0440,1014.9970,61369800,104.316238
2014-07-23,sz000001,1011.8610,1025.4510,1009.7700,1018.1330,55570300,104.316906
2014-07-24,sz000001,1019.1790,1074.5840,1018.1330,1059.9490,180582300,104.325689
2014-07-25,sz000001,1064.1300,1070.4030,1051.5860,1066.2210,85391300,104.326908
2014-07-28,sz000001,1070.4030,1137.3080,1068.3120,1124.7630,186787900,104.337941
2014-07-29,sz000001,1128.9450,1158.2150,1119.5360,1128.9450,120182700,104.338725
2014-07-30,sz000001,1128.9450,1158.2150,1119.5360,1121.6270,81002500,104.337395
2014-07-31,sz000001,1121.6270,1137.3080,1111.1730,1134.1710,63778400,104.339558
2014-08-01,sz000001,1131.0350,1156.1250,1116.4000,1116.4000,85450900,104.336449
2014-08-04,sz000001,1116.4000,1140.4440,1105.9460,1140.4440,83062300,104.340714
2014-08-05,sz000001,1142.5350,1157.1700,1117.4450,1128.9450,75217500,104.338725
2014-08-06,sz000001,1121.6270,1121.6270,1096.5380,1111.1730,83464700,104.335493
2014-08-07,sz000001,1111.1730,1114.3090,1093.4010,1095.4920,59643400,104.332571
2014-08-08,sz000001,1098.6280,1108.0370,1091.3110,1099.6740,55565100,104.333397
2014-08-11,sz000001,1101.7640,1121.6270,1101.7640,1117.4450,62133100,104.336601
2014-08-12,sz000001,1111.1730,1112.2180,1097.5830,1105.9460,48085200,104.334528
2014-08-13,sz000001,1103.8550,1117.4450,1094.4470,1111.1730,53336400,104.335493
2014-08-14,sz000001,1114.3090,1121.6270,1096.5380,1099.6740,52369300,104.333397
2014-08-15,sz000001,1099.6740,1109.0820,1090.2650,1103.8550,67508900,104.334121
2014-08-18,sz000001,1104.9010,1115.3540,1100.7190,1111.1730,58902300,104.335493
2014-08-19,sz000001,1111.1730,1113.2640,1096.5380,1103.8550,58082100,104.334121
2014-08-20,sz000001,1102.8100,1102.8100,1089.2200,1092.3560,57328500,104.331996
2014-08-21,sz000001,1090.2650,1092.3560,1069.3570,1078.7660,63223000,104.329400
2014-08-22,sz000001,1073.5390,1086.0840,1070.4030,1079.8110,48156100,104.329565
2014-08-25,sz000001,1079.8110,1079.8110,1062.0400,1065.1760,50943400,104.326738
2014-08-26,sz000001,1063.0850,1071.4480,1057.8580,1063.0850,46116500,104.326300
2014-08-27,sz000001,1063.0850,1083.9930,1060.9940,1068.3120,57314600,104.327344
2014-08-28,sz000001,1068.3120,1069.3570,1057.8580,1058.9040,43896900,104.325517
2014-08-29,sz000001,1058.9040,1069.3570,1057.8580,1069.3570,34372600,104.327512
2014-09-01,sz000001,1068.3120,1077.7210,1060.9940,1074.5840,48778200,104.328544
2014-09-02,sz000001,1079.8110,1094.4470,1068.3120,1090.2650,78800400,104.331579
2014-09-03,sz000001,1092.3560,1104.9010,1088.1740,1095.4920,76692800,104.332571
2014-09-04,sz000001,1095.4920,1100.7190,1082.9470,1100.7190,62815800,104.333555
2014-09-05,sz000001,1100.7190,1110.1280,1095.4920,1102.8100,59787800,104.333964
2014-09-09,sz000001,1100.7190,1103.8550,1087.1290,1091.3110,56669700,104.331836
2014-09-10,sz000001,1085.0380,1086.0840,1075.6300,1077.7210,53159300,104.329235
2014-09-11,sz000001,1077.7210,1100.7190,1074.5840,1081.9020,71346100,104.329990
2014-09-12,sz000001,1081.9020,1082.9470,1071.4480,1081.9020,40865400,104.329990
2014-09-15,sz000001,1077.7210,1077.7210,1069.3570,1075.6300,51541800,104.328807
2014-09-16,sz000001,1076.6750,1091.3110,1068.3120,1069.3570,82834000,104.327512
2014-09-17,sz000001,1074.5840,1079.8110,1064.1300,1070.4030,55674700,104.327778
2014-09-18,sz000001,1065.1760,1091.3110,1062.0400,1077.7210,76830900,104.329235
2014-09-19,sz000001,1074.5840,1085.0380,1070.4030,1082.9470,57075400,104.330154
2014-09-22,sz000001,1077.7210,1078.7660,1045.3130,1049.4950,79019100,104.323559
2014-09-23,sz000001,1049.4950,1057.8580,1048.4500,1053.6770,46215800,104.324455
2014-09-24,sz000001,1050.5400,1074.5840,1047.4040,1072.4940,76055200,104.328210
2014-09-25,sz000001,1076.6750,1077.7210,1058.9040,1062.0400,67716700,104.326130
2014-09-26,sz000001,1059.9490,1060.9940,1049.4950,1055.7670,45363300,104.324802
2014-09-29,sz000001,1057.8580,1063.0850,1052.6310,1055.7670,60535800,104.324802
2014-09-30,sz000001,1057.8580,1059.9490,1053.6770,1057.8580,48398200,104.325247
2014-10-08,sz000001,1060.9940,1070.4030,1057.8580,1070.4030,67468700,104.327778
2014-10-09,sz000001,1070.4030,1073.5390,1059.9490,1064.1300,66239300,104.326471
2014-10-10,sz000001,1059.9490,1064.1300,1056.8130,1059.9490,65934900,104.325689
2014-10-13,sz000001,1055.7670,1057.8580,1047.4040,1053.6770,51987500,104.324455
2014-10-14,sz000001,1052.6310,1064.1300,1050.5400,1055.7670,57588300,104.324802
2014-10-15,sz000001,1054.7220,1062.0400,1045.3130,1059.9490,59765900,104.325689
2014-10-16,sz000001,1053.6770,1079.8110,1051.5860,1064.1300,132373500,104.326471
2014-10-17,sz000001,1064.1300,1066.2210,1049.4950,1055.7670,70051100,104.324802
2014-10-20,sz000001,1058.9040,1063.0850,1052.6310,1060.9940,61117000,104.325860
2014-10-21,sz000001,1057.8580,1059.9490,1050.5400,1052.6310,48632300,104.324182
2014-10-22,sz000001,1051.5860,1063.0850,1049.4950,1053.6770,55946000,104.324455
2014-10-23,sz000001,1055.7670,1078.7660,1055.7670,1068.3120,158547900,104.327344
2014-10-24,sz000001,1077.7210,1079.8110,1058.9040,1062.0400,82098900,104.326130
2014-10-27,sz000001,1053.6770,1056.8130,1041.1320,1045.3130,72956800,104.322655
2014-10-28,sz000001,1048.4500,1063.0850,1048.4500,1060.9940,53065000,104.325860
2014-10-29,sz000001,1063.0850,1082.9470,1057.8580,1074.5840,106527600,104.328544
2014-10-30,sz000001,1075.6300,1100.7190,1065.1760,1088.1740,152063300,104.331160
2014-10-31,sz000001,1095.4920,1184.3500,1091.3110,1150.8980,359308400,104.342520
2014-11-03,sz000001,1164.4880,1174.9420,1145.6710,1159.2610,191683400,104.343924
2014-11-04,sz000001,1163.4420,1166.5790,1124.7630,1132.0810,131899200,104.339263
2014-11-05,sz000001,1132.0810,1142.5350,1112.2180,1128.9450,128587600,104.338725
2014-11-06,sz000001,1128.9450,1137.3080,1120.5810,1131.0350,64512300,104.339022
2014-11-07,sz000001,1127.8990,1187.4860,1123.7180,1138.3530,223436900,104.340330
2014-11-10,sz000001,1152.9880,1173.8960,1133.1260,1162.3970,162134800,104.344434
2014-11-11,sz000001,1159.2610,1214.6660,1155.0790,1175.9870,298139000,104.346673
2014-11-12,sz000001,1167.6240,1169.7150,1146.7160,1168.6690,138946200,104.345446
2014-11-13,sz000001,1166.5790,1185.3960,1150.8980,1152.9880,134038400,104.342805
2014-11-14,sz000001,1147.7620,1148.8070,1126.8540,1140.4440,90152600,104.340714
2014-11-17,sz000001,1142.5350,1146.7160,1117.4450,1122.6720,88959400,104.337546
2014-11-18,sz000001,1120.5810,1127.8990,1101.7640,1106.9910,93029600,104.334684
2014-11-19,sz000001,1105.9460,1112.2180,1099.6740,1109.0820,59165600,104.335089
2014-11-20,sz000001,1103.8550,1115.3540,1095.4920,1109.0820,68354400,104.335089
2014-11-21,sz000001,1108.0370,1133.1260,1095.4920,1126.8540,114673100,104.338333
2014-11-24,sz000001,1106.9910,1142.5350,1097.5830,1124.7630,222736800,104.337941
2014-11-25,sz000001,1121.6270,1149.8520,1115.3540,1145.6710,156780200,104.341621
2014-11-26,sz000001,1146.7160,1186.4410,1139.3980,1169.7150,218491800,104.345674
2014-11-27,sz000001,1184.3500,1201.0760,1160.3060,1180.1690,210385600,104.347392
2014-11-28,sz000001,1175.9870,1298.2970,1166.5790,1298.2970,484483900,104.364711
2014-12-01,sz000001,1315.0240,1361.0210,1267.9810,1272.1630,446521300,104.361198
2014-12-02,sz000001,1266.9360,1398.6550,1260.6630,1369.3840,349041100,104.373780
2014-12-03,sz000001,1369.3840,1449.8790,1326.5230,1367.2930,399753000,104.373511
2014-12-04,sz000001,1371.4750,1458.2420,1346.3850,1457.1960,345018000,104.383668
2014-12-05,sz000001,1466.6050,1589.9610,1411.1990,1516.7840,441369700,104.389814
2014-12-08,sz000001,1483.3310,1618.1860,1461.3780,1589.9610,392834200,104.396651
2014-12-09,sz000001,1561.7350,1621.3220,1431.0620,1431.0620,404542000,104.380890
2014-12-10,sz000001,1419.5620,1499.0120,1358.9300,1481.2400,352784400,104.386187
2014-12-11,sz000001,1441.5160,1522.0100,1428.9710,1453.0150,223799500,104.383261
2014-12-12,sz000001,1450.9240,1482.2860,1427.9260,1455.1060,164390900,104.383501
2014-12-15,sz000001,1435.2430,1435.2430,1385.0650,1417.4720,180093600,104.379381
2014-12-16,sz000001,1409.1090,1502.1480,1402.8360,1502.1480,246907200,104.388325
2014-12-17,sz000001,1503.1930,1635.9580,1482.2860,1603.5510,440016600,104.397852
2014-12-18,sz000001,1608.7780,1623.4130,1524.1010,1554.4180,247025000,104.393418
2014-12-19,sz000001,1547.1000,1585.7790,1507.3750,1565.9170,193540500,104.394467
2014-12-22,sz000001,1555.4630,1687.1820,1546.0540,1601.4600,346739100,104.397653
2014-12-23,sz000001,1564.8710,1595.1880,1513.6470,1539.7820,179785000,104.392000
2014-12-24,sz000001,1538.7370,1550.2360,1427.9260,1468.6960,201027100,104.384932
2014-12-25,sz000001,1497.9670,1539.7820,1465.5600,1533.5100,199727500,104.391423
2014-12-26,sz000001,1525.1470,1584.7340,1515.7380,1576.3710,243707300,104.395430
2014-12-29,sz000001,1629.6850,1675.6830,1539.7820,1557.5540,258614800,104.393700
2014-12-30,sz000001,1558.5990,1627.5950,1552.3270,1618.1860,236607800,104.399097
2014-12-31,sz000001,1629.6850,1657.9110,1597.2780,1653.7290,240006500,104.402083
2015-01-05,sz000001,1669.4100,1699.7260,1628.6400,1672.5460,286043600,104.403620
2015-01-06,sz000001,1654.7750,1711.2260,1623.4130,1647.4570,216642100,104.401584
2015-01-07,sz000001,1624.4590,1652.6840,1597.2780,1616.0950,170012000,104.398902
2015-01-08,sz000001,1618.1860,1625.5040,1555.4630,1561.7350,140771400,104.394051
2015-01-09,sz000001,1555.4630,1656.8660,1535.6010,1574.2800,250850000,104.395225
2015-01-12,sz000001,1552.3270,1571.1440,1513.6470,1541.8730,155329000,104.392214
2015-01-13,sz000001,1529.3280,1555.4630,1525.1470,1532.4640,81687400,104.391281
2015-01-14,sz000001,1542.9180,1586.8250,1534.5550,1546.0540,126302900,104.392573
2015-01-15,sz000001,1550.2360,1602.5050,1535.6010,1602.5050,124217000,104.397720
2015-01-16,sz000001,1607.7320,1630.7310,1584.7340,1604.5960,155584600,104.397918
2015-01-19,sz000001,1462.4230,1520.9650,1443.6060,1443.6060,213712300,104.382213
2015-01-20,sz000001,1443.6060,1467.6500,1415.3810,1443.6060,149101800,104.382213
2015-01-21,sz000001,1448.8330,1524.1010,1435.2430,1505.2840,194053000,104.388627
2015-01-22,sz000001,1496.9210,1515.7380,1478.1040,1492.7400,125501600,104.387413
2015-01-23,sz000001,1499.0120,1527.2370,1492.7400,1503.1930,145918100,104.388403
2015-01-26,sz000001,1499.0120,1507.3750,1478.1040,1496.9210,105760500,104.387796
2015-01-27,sz000001,1497.9670,1500.0570,1443.6060,1460.3330,133949400,104.384060
2015-01-28,sz000001,1447.7880,1492.7400,1440.4700,1467.6500,124087700,104.384780
2015-01-29,sz000001,1442.5610,1462.4230,1435.2430,1450.9240,101675300,104.383022
2015-01-30,sz000001,1454.0600,1473.9230,1436.2890,1454.0600,93011600,104.383345
2015-02-02,sz000001,1419.5620,1440.4700,1414.3360,1422.6990,86093200,104.379971
2015-02-03,sz000001,1438.3790,1460.3330,1421.6530,1456.1510,88334900,104.383584
2015-02-04,sz000001,1461.3780,1465.5600,1430.0160,1431.0620,80762300,104.380890
2015-02-05,sz000001,1492.7400,1506.3300,1436.2890,1439.4250,191372900,104.381798
2015-02-06,sz000001,1428.9710,1456.1510,1398.6550,1410.1540,103040800,104.378534
2015-02-09,sz000001,1409.1090,1427.9260,1379.8380,1411.1990,94658600,104.378624
2015-02-10,sz000001,1408.0630,1442.5610,1400.7450,1437.3340,72487500,104.381554
2015-02-11,sz000001,1438.3790,1445.6970,1427.9260,1433.1520,55434900,104.381063
2015-02-12,sz000001,1435.2430,1450.9240,1421.6530,1446.7430,60871500,104.382612
2015-02-13,sz000001,1454.0600,1480.1950,1444.6520,1456.1510,88774300,104.383584
2015-02-16,sz000001,1456.1510,1462.4230,1433.1520,1453.0150,72120200,104.383261
2015-02-17,sz000001,1457.1960,1472.8770,1454.0600,1460.3330,68049100,104.384060
2015-02-25,sz000001,1465.5600,1466.6050,1436.2890,1440.4700,57739200,104.381884
2015-02-26,sz000001,1440.4700,1469.7410,1419.5620,1468.6960,102554400,104.384932
2015-02-27,sz000001,1467.6500,1478.1040,1457.1960,1460.3330,79357000,104.384060
2015-03-02,sz000001,1464.5140,1470.7860,1447.7880,1464.5140,101879700,104.384462
2015-03-03,sz000001,1459.2870,1459.2870,1418.5170,1419.5620,105947600,104.379559
2015-03-04,sz000001,1421.6530,1432.1070,1409.1090,1416.4260,81497300,104.379219
2015-03-05,sz000001,1409.1090,1412.2450,1387.1550,1396.5640,82860400,104.376981
2015-03-06,sz000001,1395.5190,1410.1540,1393.4280,1402.8360,55704700,104.377679
2015-03-09,sz000001,1405.9720,1496.9210,1390.2920,1477.0590,220532300,104.385795
2015-03-10,sz000001,1461.3780,1473.9230,1437.3340,1437.3340,138570600,104.381554
2015-03-11,sz000001,1439.4250,1469.7410,1439.4250,1446.7430,90335400,104.382612
2015-03-12,sz000001,1482.2860,1561.7350,1469.7410,1524.1010,330513700,104.390479
2015-03-13,sz000001,1555.4630,1629.6850,1545.0090,1564.8710,316398800,104.394330
2015-03-16,sz000001,1576.3710,1618.1860,1557.5540,1608.7780,221847200,104.398313
2015-03-17,sz000001,1619.2320,1649.5480,1592.0510,1607.7320,195984100,104.398182
2015-03-18,sz000001,1603.5510,1626.5490,1596.2330,1619.2320,183100000,104.399226
2015-03-19,sz000001,1616.0950,1616.0950,1578.4610,1585.7790,158030000,104.396248
2015-03-20,sz000001,1585.7790,1623.4130,1572.1890,1599.3690,197639400,104.397454
2015-03-23,sz000001,1600.4150,1624.4590,1600.4150,1610.8680,178205500,104.398445
2015-03-24,sz000001,1610.8680,1627.5950,1588.9150,1602.5050,155919300,104.397720
2015-03-25,sz000001,1595.1880,1599.3690,1554.4180,1556.5080,159146800,104.393561
2015-03-26,sz000001,1551.2810,1609.8230,1535.6010,1577.4160,148789100,104.395500
2015-03-27,sz000001,1576.3710,1596.2330,1551.2810,1574.2800,104763887,104.395225
2015-03-30,sz000001,1589.9610,1664.1830,1576.3710,1634.9120,258261300,104.400511
2015-03-31,sz000001,1674.6370,1733.1790,1631.7760,1644.3210,273318300,104.401333
2015-04-01,sz000001,1651.6390,1685.0910,1623.4130,1666.2740,164331600,104.403133
2015-04-02,sz000001,1679.8640,1685.0910,1630.7310,1649.5480,140583700,104.401772
2015-04-03,sz000001,1639.0940,1664.1830,1629.6850,1654.7750,143494100,104.402208
2015-04-07,sz000001,1686.1360,1770.8130,1686.1360,1755.1320,296047200,104.409994
2015-04-08,sz000001,1767.6770,1887.8960,1738.4060,1871.1700,337164600,104.417969
2015-04-09,sz000001,1874.3060,1989.2990,1851.3080,1879.5330,317306300,104.418500
2015-04-10,sz000001,1879.5330,2067.7030,1863.8520,2067.7030,334020900,104.429444
2015-04-13,sz000001,2148.6160,2168.6880,2041.9870,2090.9110,480715300,126.415417
2015-04-14,sz000001,2085.8930,2085.8930,2035.7140,2060.8040,247237500,126.429693
2015-04-15,sz000001,2060.8040,2183.7410,2035.7140,2104.7100,341764200,126.409009
2015-04-16,sz000001,2065.8210,2161.1610,2054.5310,2148.6160,246740700,126.389176
2015-04-17,sz000001,2211.3390,2211.3390,2123.5270,2139.8350,260952300,126.393089
2015-04-20,sz000001,2161.1610,2173.7050,2043.2410,2060.8040,344725700,126.429693
2015-04-21,sz000001,2063.3120,2110.9820,2020.6610,2093.4200,241593600,126.414251
2015-04-22,sz000001,2095.9290,2146.1070,2085.8930,2142.3440,277314100,126.391976
2015-04-23,sz000001,2146.1070,2153.6340,2093.4200,2105.9640,231968800,126.408403
2015-04-24,sz000001,2060.8040,2087.1470,2024.4240,2040.7320,244283600,126.439405
2015-04-27,sz000001,2049.5130,2098.4380,2048.2590,2075.8570,246056300,126.422473
2015-04-28,sz000001,2079.6210,2196.2860,2050.7680,2110.9820,476354400,126.406108
2015-04-29,sz000001,2105.9640,2117.2540,2048.2590,2104.7100,215118800,126.409009
2015-04-30,sz000001,2127.2900,2181.2320,2108.4730,2110.9820,289063500,126.406108
2015-05-04,sz000001,2110.9820,2110.9820,2058.2950,2088.4020,142757500,126.416586
2015-05-05,sz000001,2074.6030,2088.4020,1960.4460,2005.6070,229934100,126.456936
2015-05-06,sz000001,2000.5890,2060.8040,1959.1920,1988.0450,194991100,126.465967
2015-05-07,sz000001,1988.0450,2008.1160,1960.4460,1981.7720,125870700,126.469177
2015-05-08,sz000001,1986.7900,2020.6610,1960.4460,2004.3530,137446800,126.457603
2015-05-11,sz000001,1998.0800,2038.2230,1959.1920,2026.9330,212307700,126.446226
2015-05-12,sz000001,2020.6610,2045.7500,1979.2630,2018.1520,198965500,126.450627
2015-05-13,sz000001,2045.7500,2054.5310,1990.5530,2008.1160,175656100,126.455668
2015-05-14,sz000001,2023.1700,2029.4420,1984.2810,2009.3700,143802700,126.455003
2015-05-15,sz000001,1998.0800,2008.1160,1931.5940,1954.1740,175271600,126.483754
2015-05-18,sz000001,1922.8120,1941.6290,1893.9600,1920.3030,153708400,126.502174
2015-05-19,sz000001,1919.0490,1990.5530,1903.9950,1971.7360,191781200,126.474407
2015-05-20,sz000001,2024.4240,2041.9870,1972.9910,1990.5530,258966600,126.464612
2015-05-21,sz000001,1998.0800,2009.3700,1975.5000,1996.8260,140584600,126.461431
2015-05-22,sz000001,2011.8790,2060.8040,2000.5890,2057.0400,262190700,126.431469
2015-05-25,sz000001,2067.0760,2112.2370,2067.0760,2098.4380,273036900,126.411928
2015-05-26,sz000001,2102.2010,2110.9820,2058.2950,2100.9460,279220800,126.410710
2015-05-27,sz000001,2100.9460,2137.3260,2073.3480,2083.3840,234121700,126.418932
2015-05-28,sz000001,2085.8930,2087.1470,1951.6650,1960.4460,273306100,126.480387
2015-05-29,sz000001,1961.7010,1981.7720,1911.5220,1937.8660,201493200,126.492559
2015-06-01,sz000001,1939.1200,2020.6610,1921.5580,2010.6250,215836200,126.454403
2015-06-02,sz000001,2009.3700,2010.6250,1962.9550,1994.3170,190482200,126.462714
2015-06-03,sz000001,1994.3170,2016.8970,1960.4460,2001.8440,197523100,126.458876
2015-06-04,sz000001,2004.3530,2095.9290,1980.5180,2069.5850,368253200,126.425473
2015-06-05,sz000001,2110.9820,2123.5270,2026.9330,2060.8040,285545600,126.429693
2015-06-08,sz000001,2063.3120,2205.0670,2047.0040,2184.9960,508605000,126.373395
2015-06-09,sz000001,2193.7770,2205.0670,2108.4730,2146.1070,328696700,126.390283
2015-06-10,sz000001,2123.5270,2139.8350,2089.6560,2108.4730,219838600,126.407254
2015-06-11,sz000001,2108.4730,2119.7630,2067.0760,2083.3840,170696000,126.418932
2015-06-12,sz000001,2083.3840,2102.2010,2062.0580,2087.1470,190338800,126.417141
2015-06-15,sz000001,2089.6560,2098.4380,2010.6250,2013.1340,219217600,126.453141
2015-06-16,sz000001,1998.0800,2030.6960,1960.4460,1978.0090,181217900,126.471164
2015-06-17,sz000001,2001.8440,2009.3700,1954.1740,1989.2990,171594200,126.465289
2015-06-18,sz000001,1983.0270,1983.0270,1898.9770,1945.3930,160255400,126.488492
2015-06-19,sz000001,1929.0850,1946.6470,1835.0000,1851.3080,156552000,126.541900
2015-06-23,sz000001,1852.5620,1893.9600,1786.0760,1891.4510,180548800,126.518462
2015-06-24,sz000001,1897.7230,1914.0310,1860.0890,1912.7770,153199600,126.506415
2015-06-25,sz000001,1970.4820,1976.7540,1867.6160,1881.4150,207916400,126.524210
2015-06-26,sz000001,1852.5620,1891.4510,1694.5000,1743.4240,255532100,126.610312
2015-06-29,sz000001,1782.3120,1791.0930,1615.4680,1717.0800,261294300,126.628319
2015-06-30,sz000001,1714.5710,1840.0180,1694.5000,1840.0180,254810300,126.548693
2015-07-01,sz000001,1816.1830,1846.2900,1739.6600,1762.2410,183540600,126.597773
2015-07-02,sz000001,1759.7320,1811.1650,1694.5000,1740.9150,198282600,126.612000
2015-07-03,sz000001,1769.7670,1771.0220,1620.4860,1655.6110,259745800,126.672609
2015-07-06,sz000001,1809.9100,1811.1650,1683.2090,1757.2230,338152600,126.601081
2015-07-07,sz000001,1729.6250,1853.8170,1673.1740,1853.8170,480831100,126.540410
2015-07-08,sz000001,1748.4420,1772.2760,1670.6650,1670.6650,499669600,126.661486
2015-07-09,sz000001,1670.6650,1827.4730,1535.1820,1804.8930,434435500,126.570337
2015-07-10,sz000001,1753.4590,1942.8840,1723.3520,1880.1600,465098700,126.524899
2015-07-13,sz000001,1822.4550,1883.9240,1787.3300,1827.4730,326819600,126.556302
2015-07-14,sz000001,1797.3660,1819.9460,1710.8080,1755.9680,258022900,126.601875
2015-07-15,sz000001,1729.6250,1767.2590,1697.0080,1719.5890,162642300,126.626583
2015-07-16,sz000001,1722.0980,1742.1690,1699.5170,1722.0980,138893900,126.624853
2015-07-17,sz000001,1729.6250,1764.7500,1713.3170,1749.6960,168063700,126.606078
2015-07-20,sz000001,1747.1870,1747.1870,1713.3170,1722.0980,135868300,126.624853
2015-07-21,sz000001,1710.8080,1727.1160,1694.5000,1718.3340,113164300,126.627413
2015-07-22,sz000001,1708.2990,1714.5710,1689.4820,1712.0620,113809000,126.631805
2015-07-23,sz000001,1704.5350,1740.9150,1698.2630,1730.8790,148369600,126.618800
2015-07-24,sz000001,1732.1340,1734.6420,1686.9730,1694.5000,133930900,126.644245
2015-07-27,sz000001,1678.1910,1686.9730,1526.4010,1576.5800,178785900,126.734727
2015-07-28,sz000001,1545.2180,1616.7230,1540.2000,1599.1600,201120000,126.716323
2015-07-29,sz000001,1596.6510,1599.1600,1569.0530,1596.6510,97168200,126.718333
2015-07-30,sz000001,1597.9060,1601.6690,1550.2360,1553.9990,77027800,126.753589
2015-07-31,sz000001,1541.4550,1574.0710,1523.8920,1566.5440,120274600,126.743042
2015-08-03,sz000001,1546.4730,1628.0130,1540.2000,1624.2490,140512200,126.696490
2015-08-04,sz000001,1617.9770,1645.5750,1595.3970,1629.2670,77493700,126.692613
2015-08-05,sz000001,1621.7410,1640.5580,1592.8880,1595.3970,55180200,126.719380
2015-08-06,sz000001,1584.1070,1612.9590,1575.3250,1587.8700,45021800,126.725459
2015-08-07,sz000001,1597.9060,1611.7050,1589.1240,1597.9060,62201000,126.717367
2015-08-10,sz000001,1604.1780,1645.5750,1590.3790,1636.7940,105311100,126.686842
2015-08-11,sz000001,1635.5400,1640.5580,1620.4860,1626.7580,82849300,126.694548
2015-08-12,sz000001,1607.9410,1617.9770,1591.6330,1592.8880,68682200,126.721400
2015-08-13,sz000001,1585.3610,1605.4320,1574.0710,1592.8880,60634400,126.721400
2015-08-14,sz000001,1607.9410,1615.4680,1594.1420,1601.6690,82378900,126.714320
2015-08-17,sz000001,1597.9060,1607.9410,1577.8340,1589.1240,67964200,126.724402
2015-08-18,sz000001,1584.1070,1614.2140,1515.1110,1555.2540,117632400,126.752567
2015-08-19,sz000001,1533.9280,1550.2360,1508.8390,1550.2360,95889400,126.756827
2015-08-20,sz000001,1542.7090,1542.7090,1508.8390,1527.6560,67763400,126.776432
2015-08-21,sz000001,1508.8390,1520.1290,1453.6420,1458.6600,93336700,126.840000
2015-08-24,sz000001,1408.4810,1417.2630,1314.3960,1314.3960,151802900,126.994783
2015-08-25,sz000001,1251.6730,1314.3960,1185.1860,1202.7490,219233300,127.140486
2015-08-26,sz000001,1220.3110,1299.3430,1182.6770,1259.2000,249191900,127.063572
2015-08-27,sz000001,1290.5620,1383.3920,1252.9280,1370.8470,184923500,126.930278
2015-08-28,sz000001,1382.1380,1407.2270,1339.4860,1374.6110,160802900,126.926223
2015-08-31,sz000001,1359.5570,1404.7180,1330.7040,1404.7180,146429700,126.894128
2015-09-01,sz000001,1383.3920,1472.4590,1347.0130,1467.4410,265766100,126.831547
2015-09-02,sz000001,1418.5170,1521.3830,1403.4630,1501.3120,281574600,126.800000
2015-09-07,sz000001,1464.9320,1466.1870,1382.1380,1382.1380,137611000,126.918090
2015-09-08,sz000001,1380.8830,1414.7540,1344.5040,1395.9370,74729200,126.903364
2015-09-09,sz000001,1399.7000,1419.7720,1380.8830,1408.4810,85107300,126.890180
2015-09-10,sz000001,1395.9370,1418.5170,1388.4100,1402.2090,46520500,126.896742
2015-09-11,sz000001,1398.4460,1410.9900,1380.8830,1390.9190,42645000,126.908668
2015-09-14,sz000001,1394.6820,1395.9370,1326.9410,1379.6290,75645200,126.920791
2015-09-15,sz000001,1357.0480,1377.1200,1333.2130,1341.9950,54283900,126.962630
2015-09-16,sz000001,1344.5040,1405.9720,1335.7220,1383.3920,56924300,126.916697
2015-09-17,sz000001,1377.1200,1413.4990,1367.0840,1367.0840,62079800,126.934448
2015-09-18,sz000001,1375.8650,1390.9190,1362.0660,1372.1020,31827200,126.928955
2015-09-21,sz000001,1358.3030,1382.1380,1352.0300,1373.3560,38611100,126.927542
2015-09-22,sz000001,1374.6110,1403.4630,1373.3560,1390.9190,49295500,126.908668
2015-09-23,sz000001,1378.3740,1384.6460,1355.7940,1358.3030,37115000,126.944206
2015-09-24,sz000001,1365.8290,1372.1020,1354.5390,1359.5570,25863200,126.942764
2015-09-25,sz000001,1357.0480,1359.5570,1326.9410,1339.4860,44642000,126.965498
2015-09-28,sz000001,1340.7400,1344.5040,1324.4320,1336.9770,19908700,126.968376
2015-09-29,sz000001,1326.9410,1340.7400,1310.6330,1318.1600,33360300,126.990366
2015-09-30,sz000001,1320.6690,1344.5040,1319.4140,1331.9590,36465900,126.974166
2015-10-08,sz000001,1377.1200,1382.1380,1358.3030,1358.3030,49407000,126.944206
2015-10-09,sz000001,1364.5750,1389.6640,1360.8120,1383.3920,47461200,126.916697
2015-10-12,sz000001,1390.9190,1443.6060,1384.6460,1424.7890,84966500,126.873464
2015-10-13,sz000001,1421.0260,1428.5530,1407.2270,1412.2450,35979800,126.886343
2015-10-14,sz000001,1400.9550,1414.7540,1388.4100,1393.4280,41898000,126.906011
2015-10-15,sz000001,1389.6640,1417.2630,1388.4100,1417.2630,48590000,126.881200
2015-10-16,sz000001,1422.2800,1433.5710,1416.0080,1424.7890,57000100,126.873464
2015-10-19,sz000001,1429.8070,1439.8430,1414.7540,1428.5530,72337100,126.869716
2015-10-20,sz000001,1421.0260,1443.6060,1419.7720,1436.0800,71516300,126.862191
2015-10-21,sz000001,1432.3160,1490.0220,1418.5170,1423.5350,133262900,126.874777
2015-10-22,sz000001,1427.2980,1446.1150,1418.5170,1437.3340,82280500,126.860900
2015-10-23,sz000001,1444.8610,1462.4230,1438.5890,1454.8970,93742500,126.843679
2015-10-26,sz000001,1471.2050,1497.5480,1451.1330,1461.1690,108591700,126.837587
2015-10-27,sz000001,1458.6600,1476.2220,1438.5890,1456.1510,58043600,126.842422
2015-10-28,sz000001,1453.6420,1456.1510,1427.2980,1429.8070,54481100,126.868412
2015-10-29,sz000001,1433.5710,1441.0970,1427.2980,1429.8070,31670300,126.868412
2015-10-30,sz000001,1433.5710,1448.6240,1429.8070,1441.0970,53593000,126.857130
2015-11-02,sz000001,1429.8070,1436.0800,1408.4810,1413.4990,48443500,126.885009
2015-11-03,sz000001,1414.7540,1422.2800,1397.1910,1402.2090,39126500,126.896742
2015-11-04,sz000001,1405.9720,1483.7490,1402.2090,1482.4950,130724400,126.817365
2015-11-05,sz000001,1471.2050,1592.8880,1464.9320,1530.1650,229218900,126.774234
2015-11-06,sz000001,1523.8920,1572.8160,1511.3480,1570.3070,146319400,126.739871
2015-11-09,sz000001,1584.1070,1694.5000,1579.0890,1639.3030,241388700,126.684930
2015-11-10,sz000001,1621.7410,1655.6110,1597.9060,1615.4680,112502700,126.703373
2015-11-11,sz000001,1609.1960,1619.2320,1569.0530,1590.3790,102173500,126.723426
2015-11-12,sz000001,1596.6510,1602.9240,1556.5080,1571.5620,67113900,126.738871
2015-11-13,sz000001,1548.9810,1581.5980,1545.2180,1551.4900,58755500,126.755719
2015-11-16,sz000001,1537.6910,1570.3070,1532.6730,1564.0350,55984800,126.745138
2015-11-17,sz000001,1572.8160,1609.1960,1566.5440,1584.1070,104648600,126.728560
2015-11-18,sz000001,1579.0890,1609.1960,1560.2720,1574.0710,79370400,126.736795
2015-11-19,sz000001,1571.5620,1585.3610,1562.7810,1584.1070,47112000,126.728560
2015-11-20,sz000001,1584.1070,1595.3970,1574.0710,1590.3790,59803600,126.723426
2015-11-23,sz000001,1590.3790,1596.6510,1569.0530,1577.8340,60797500,126.733655
2015-11-24,sz000001,1572.8160,1577.8340,1541.4550,1556.5080,66421400,126.751466
2015-11-25,sz000001,1547.7270,1567.7980,1542.7090,1561.5260,51346200,126.747240
2015-11-26,sz000001,1566.5440,1569.0530,1546.4730,1550.2360,55221000,126.756827
2015-11-27,sz000001,1543.9640,1546.4730,1462.4230,1487.5130,72802500,126.812702
2015-11-30,sz000001,1486.2580,1505.0750,1458.6600,1488.7670,65849300,126.811499
2015-12-01,sz000001,1483.7490,1503.8210,1459.9140,1490.0220,68025300,126.810383
2015-12-02,sz000001,1483.7490,1601.6690,1478.7310,1585.3610,161576000,126.727498
2015-12-03,sz000001,1570.3070,1615.4680,1552.7450,1577.8340,142597600,126.733655
2015-12-04,sz000001,1560.2720,1569.0530,1531.4190,1536.4370,76453200,126.768729
2015-12-07,sz000001,1543.9640,1552.7450,1526.4010,1540.2000,40279200,126.765432
2015-12-08,sz000001,1530.1650,1532.6730,1508.8390,1516.3650,50310100,126.786371
2015-12-09,sz000001,1511.3480,1536.4370,1508.8390,1520.1290,42938400,126.783069
2015-12-10,sz000001,1515.1110,1538.9460,1510.0930,1516.3650,41760300,126.786371
2015-12-11,sz000001,1510.0930,1511.3480,1487.5130,1500.0570,37950800,126.801099
2015-12-14,sz000001,1487.5130,1535.1820,1485.0040,1530.1650,58723600,126.774234
2015-12-15,sz000001,1525.1470,1532.6730,1503.8210,1511.3480,36448700,126.790940
2015-12-16,sz000001,1518.8740,1522.6380,1506.3300,1507.5840,39276200,126.794281
2015-12-17,sz000001,1517.6200,1538.9460,1516.3650,1530.1650,64827400,126.774234
2015-12-18,sz000001,1525.1470,1590.3790,1523.8920,1550.2360,102294400,126.756827
2015-12-21,sz000001,1538.9460,1611.7050,1535.1820,1585.3610,128114200,126.727498
2015-12-22,sz000001,1584.1070,1599.1600,1569.0530,1575.3250,69809100,126.735720
2015-12-23,sz000001,1580.3430,1619.2320,1571.5620,1581.5980,103901800,126.730609
2015-12-24,sz000001,1579.0890,1591.6330,1551.4900,1564.0350,64022900,126.745138
2015-12-25,sz000001,1569.0530,1580.3430,1562.7810,1572.8160,39984500,126.737792
2015-12-28,sz000001,1575.3250,1579.0890,1518.8740,1518.8740,82240800,126.784140
2015-12-29,sz000001,1520.1290,1533.9280,1517.6200,1532.6730,61980200,126.771960
2015-12-30,sz000001,1532.6730,1535.1820,1515.1110,1533.9280,53266700,126.770909
2015-12-31,sz000001,1533.9280,1537.6910,1518.8740,1520.1290,49125800,126.783069
2016-01-04,sz000001,1521.3830,1525.1470,1424.7890,1437.3340,56349700,127.197699
2016-01-05,sz000001,1429.8070,1467.4410,1414.7540,1446.1150,66326900,126.852193
2016-01-06,sz000001,1448.6240,1466.1870,1444.8610,1462.4230,51570600,126.836340
2016-01-07,sz000001,1447.3700,1447.3700,1384.6460,1388.4100,17476100,126.911335
2016-01-08,sz000001,1422.2800,1432.3160,1383.3920,1410.9900,74752700,126.887590
2016-01-11,sz000001,1395.9370,1405.9720,1355.7940,1365.8290,73201300,126.935781
2016-01-12,sz000001,1374.6110,1384.6460,1350.7760,1372.1020,56164200,126.928955
2016-01-13,sz000001,1382.1380,1388.4100,1358.3030,1359.5570,39170900,126.942764
2016-01-14,sz000001,1344.5040,1370.8470,1330.7040,1367.0840,66631400,126.934448
2016-01-15,sz000001,1353.2850,1370.8470,1323.1780,1328.1960,44820200,126.978585
2016-01-18,sz000001,1313.1420,1340.7400,1308.1240,1321.9230,42104000,126.985879
2016-01-19,sz000001,1326.9410,1368.3380,1321.9230,1359.5570,50110900,126.942764
2016-01-20,sz000001,1358.3030,1370.8470,1325.6870,1338.2310,60375200,126.966888
2016-01-21,sz000001,1330.7040,1364.5750,1310.6330,1310.6330,60614500,126.999322
2016-01-22,sz000001,1320.6690,1326.9410,1298.0880,1320.6690,46675200,126.987404
2016-01-25,sz000001,1320.6690,1325.6870,1311.8870,1316.9050,37643100,126.991803
2016-01-26,sz000001,1310.6330,1310.6330,1252.9280,1254.1820,64790100,127.070111
2016-01-27,sz000001,1261.7090,1267.9810,1220.3110,1255.4370,56903700,127.068522
2016-01-28,sz000001,1247.9100,1256.6910,1226.5840,1231.6020,30254000,127.100310
2016-01-29,sz000001,1237.8740,1280.5260,1231.6020,1270.4900,54443500,127.049000
2016-02-01,sz000001,1267.9810,1271.7450,1237.8740,1245.4010,41773200,127.081735
2016-02-02,sz000001,1245.4010,1274.2530,1242.8920,1264.2180,36910400,127.057085
2016-02-03,sz000001,1251.6730,1256.6910,1241.6370,1251.6730,27457200,127.073401
2016-02-04,sz000001,1256.6910,1270.4900,1255.4370,1264.2180,37309900,127.057085
2016-02-05,sz000001,1265.4720,1266.7270,1259.2000,1260.4540,27089300,127.061895
2016-02-15,sz000001,1227.8380,1251.6730,1226.5840,1244.1460,27849900,127.083350
2016-02-16,sz000001,1250.4190,1274.2530,1249.1640,1271.7450,42838600,127.047453
2016-02-17,sz000001,1274.2530,1298.0880,1269.2360,1289.3070,58516700,127.025320
2016-02-18,sz000001,1293.0700,1298.0880,1281.7800,1281.7800,40617800,127.034688
2016-02-19,sz000001,1281.7800,1288.0530,1269.2360,1275.5080,31889800,127.042629
2016-02-22,sz000001,1286.7980,1309.3790,1278.0170,1306.8700,61773900,127.003887
2016-02-23,sz000001,1306.8700,1306.8700,1276.7620,1285.5440,42587400,127.030040
2016-02-24,sz000001,1278.0170,1289.3070,1271.7450,1289.3070,30010300,127.025320
2016-02-25,sz000001,1285.5440,1286.7980,1220.3110,1229.0930,62207200,127.103723
2016-02-26,sz000001,1241.6370,1249.1640,1227.8380,1244.1460,39215400,127.083350
2016-02-29,sz000001,1244.1460,1246.6550,1197.7310,1215.2940,56689600,127.122803
2016-03-01,sz000001,1222.8200,1241.6370,1217.8030,1232.8560,37791000,127.098557
2016-03-02,sz000001,1239.1280,1286.7980,1235.3650,1283.0350,67661300,127.033168
2016-03-03,sz000001,1281.7800,1293.0700,1275.5080,1284.2890,55308900,127.031553
2016-03-04,sz000001,1281.7800,1333.2130,1279.2710,1320.6690,138124900,126.987404
2016-03-07,sz000001,1314.3960,1331.9590,1308.1240,1313.1420,60635200,126.996325
2016-03-08,sz000001,1315.6510,1315.6510,1262.9630,1305.6150,64315600,127.005350
2016-03-09,sz000001,1288.0530,1298.0880,1275.5080,1291.8160,32590000,127.022222
2016-03-10,sz000001,1300.5970,1314.3960,1286.7980,1289.3070,47402000,127.025320
2016-03-11,sz000001,1283.0350,1298.0880,1275.5080,1290.5620,38373600,127.023819
2016-03-14,sz000001,1296.8340,1328.1960,1296.8340,1303.1060,65515800,127.008382
2016-03-15,sz000001,1305.6150,1315.6510,1290.5620,1310.6330,41792000,126.999322
2016-03-16,sz000001,1304.3610,1326.9410,1301.8520,1314.3960,66488600,126.994783
2016-03-17,sz000001,1315.6510,1330.7040,1308.1240,1323.1780,61099600,126.984453
2016-03-18,sz000001,1323.1780,1341.9950,1320.6690,1338.2310,79721500,126.966888
2016-03-21,sz000001,1339.4860,1378.3740,1339.4860,1370.8470,92043200,126.930278
2016-03-22,sz000001,1367.0840,1388.4100,1357.0480,1360.8120,62548200,126.941418
2016-03-23,sz000001,1359.5570,1367.0840,1347.0130,1358.3030,43027800,126.944206
2016-03-24,sz000001,1347.0130,1349.5210,1333.2130,1335.7220,37240600,126.969772
2016-03-25,sz000001,1334.4680,1345.7580,1333.2130,1344.5040,23707000,126.959773
2016-03-28,sz000001,1348.2670,1352.0300,1326.9410,1330.7040,35862100,126.975573
2016-03-29,sz000001,1334.4680,1335.7220,1318.1600,1324.4320,31831700,126.982934
2016-03-30,sz000001,1330.7040,1358.3030,1329.4500,1358.3030,53969900,126.944206
2016-03-31,sz000001,1359.5570,1364.5750,1350.7760,1350.7760,41838700,126.952632
2016-04-01,sz000001,1348.2670,1357.0480,1333.2130,1353.2850,36934100,126.949812
2016-04-05,sz000001,1348.2670,1372.1020,1333.2130,1358.3030,59230800,126.944206
2016-04-06,sz000001,1355.7940,1364.5750,1347.0130,1360.8120,43525900,126.941418
2016-04-07,sz000001,1360.8120,1362.0660,1344.5040,1344.5040,37771900,126.959773
2016-04-08,sz000001,1339.4860,1354.5390,1333.2130,1341.9950,37655300,126.962630
2016-04-11,sz000001,1345.7580,1370.8470,1345.7580,1360.8120,78638600,126.941418
2016-04-12,sz000001,1358.3030,1359.5570,1348.2670,1354.5390,29859900,126.948360
2016-04-13,sz000001,1362.0660,1392.1730,1359.5570,1372.1020,85676000,126.928955
2016-04-14,sz000001,1380.8830,1383.3920,1369.5930,1375.8650,32364600,126.924815
2016-04-15,sz000001,1375.8650,1388.4100,1370.8470,1380.8830,49722400,126.919393
2016-04-18,sz000001,1373.3560,1377.1200,1362.0660,1362.0660,35065400,126.939981
2016-04-19,sz000001,1367.0840,1372.1020,1359.5570,1367.0840,21823900,126.934448
2016-04-20,sz000001,1367.0840,1368.3380,1315.6510,1335.7220,60658600,126.969772
2016-04-21,sz000001,1335.7220,1349.5210,1326.9410,1334.4680,55879900,126.971265
2016-04-22,sz000001,1328.1960,1348.2670,1321.9230,1339.4860,35967700,126.965498
2016-04-25,sz000001,1340.7400,1340.7400,1323.1780,1333.2130,34925700,126.972667
2016-04-26,sz000001,1330.7040,1345.7580,1328.1960,1344.5040,29169900,126.959773
2016-04-27,sz000001,1343.2490,1347.0130,1335.7220,1341.9950,23955300,126.962630
2016-04-28,sz000001,1343.2490,1365.8290,1338.2310,1353.2850,45746000,126.949812
2016-04-29,sz000001,1350.7760,1350.7760,1339.4860,1341.9950,40497700,126.962630
2016-05-03,sz000001,1343.2490,1360.8120,1335.7220,1355.7940,48910200,126.947004
2016-05-04,sz000001,1355.7940,1364.5750,1353.2850,1360.8120,41243500,126.941418
2016-05-05,sz000001,1357.0480,1360.8120,1352.0300,1360.8120,23951600,126.941418
2016-05-06,sz000001,1362.0660,1362.0660,1335.7220,1335.7220,34654500,126.969772
2016-05-09,sz000001,1333.2130,1336.9770,1310.6330,1314.3960,41117100,126.994783
2016-05-10,sz000001,1313.1420,1316.9050,1304.3610,1305.6150,29259900,127.005350
2016-05-11,sz000001,1308.1240,1325.6870,1308.1240,1316.9050,32728900,126.991803
2016-05-12,sz000001,1309.3790,1320.6690,1301.8520,1318.1600,32588500,126.990366
2016-05-13,sz000001,1314.3960,1320.6690,1311.8870,1314.3960,18426600,126.994783
2016-05-16,sz000001,1310.6330,1315.6510,1301.8520,1315.6510,21522400,126.993340
2016-05-17,sz000001,1315.6510,1316.9050,1300.5970,1308.1240,25042400,127.002330
2016-05-18,sz000001,1306.8700,1310.6330,1291.8160,1308.1240,53415000,127.002330
2016-05-19,sz000001,1304.3610,1310.6330,1301.8520,1301.8520,17077700,127.009951
2016-05-20,sz000001,1300.5970,1311.8870,1294.3250,1308.1240,20670300,127.002330
2016-05-23,sz000001,1311.8870,1313.1420,1301.8520,1305.6150,32364600,127.005350
2016-05-24,sz000001,1304.3610,1305.6150,1294.3250,1296.8340,25929400,127.016063
2016-05-25,sz000001,1301.8520,1305.6150,1294.3250,1299.3430,20423500,127.013001
2016-05-26,sz000001,1298.0880,1304.3610,1291.8160,1298.0880,26139600,127.014481
2016-05-27,sz000001,1298.0880,1306.8700,1294.3250,1304.3610,22281800,127.006913
2016-05-30,sz000001,1301.8520,1305.6150,1295.5790,1305.6150,38094600,127.005350
2016-05-31,sz000001,1303.1060,1341.9950,1303.1060,1339.4860,94646700,126.965498
2016-06-01,sz000001,1334.4680,1339.4860,1325.6870,1330.7040,55675000,126.975573
2016-06-02,sz000001,1329.4500,1330.7040,1323.1780,1328.1960,29303600,126.978585
2016-06-03,sz000001,1329.4500,1335.7220,1321.9230,1333.2130,42338900,126.972667
2016-06-06,sz000001,1334.4680,1336.9770,1326.9410,1334.4680,33833200,126.971265
2016-06-07,sz000001,1335.7220,1336.9770,1330.7040,1335.7220,22928200,126.969772
2016-06-08,sz000001,1338.2310,1338.2310,1328.1960,1333.2130,26818800,126.972667
2016-06-13,sz000001,1328.1960,1329.4500,1311.8870,1311.8870,34481600,126.997773
2016-06-14,sz000001,1313.1420,1321.9230,1310.6330,1320.6690,27363700,126.987404
2016-06-15,sz000001,1311.8870,1330.7040,1310.6330,1325.6870,37817200,126.981513
2016-06-16,sz000001,1325.3100,1329.8260,1319.2890,1325.3100,38667000,154.645274
2016-06-17,sz000001,1325.3100,1331.3320,1320.7940,1326.8160,31517300,154.640559
2016-06-20,sz000001,1328.3210,1329.8260,1323.8050,1329.8260,27073100,154.630930
2016-06-21,sz000001,1331.3320,1337.3530,1326.8160,1331.3320,38074900,154.626249
2016-06-22,sz000001,1329.8260,1349.3960,1326.8160,1349.3960,47800200,154.569989
2016-06-23,sz000001,1340.3640,1344.8800,1334.3420,1338.8580,33561400,154.602540
2016-06-24,sz000001,1335.8480,1344.8800,1317.7830,1325.3100,42766400,154.645274
2016-06-27,sz000001,1325.3100,1335.8480,1320.7940,1331.3320,32521400,154.626249
2016-06-28,sz000001,1326.8160,1335.8480,1323.8050,1334.3420,33651900,154.616686
2016-06-29,sz000001,1334.3420,1343.3750,1332.8370,1343.3750,36961100,154.588608
2016-06-30,sz000001,1343.3750,1350.9010,1338.8580,1344.8800,36220400,154.583908
2016-07-01,sz000001,1343.3750,1349.3960,1341.8690,1346.3850,34893000,154.579219
2016-07-04,sz000001,1343.3750,1368.9660,1340.3640,1361.4390,60825700,154.533371
2016-07-05,sz000001,1359.9340,1364.4500,1355.4170,1361.4390,42203700,154.533371
2016-07-06,sz000001,1359.9340,1362.9440,1353.9120,1358.4280,32295000,154.542435
2016-07-07,sz000001,1358.4280,1359.9340,1350.9010,1356.9230,31285300,154.547039
2016-07-08,sz000001,1358.4280,1358.4280,1349.3960,1350.9010,26134200,154.565332
2016-07-11,sz000001,1352.4070,1358.4280,1350.9010,1352.4070,36537200,154.560800
2016-07-12,sz000001,1352.4070,1373.4820,1350.9010,1371.9760,71183200,154.501802
2016-07-13,sz000001,1371.9760,1397.5670,1368.9660,1388.5350,79828800,154.453281
2016-07-14,sz000001,1385.5250,1390.0410,1376.4920,1381.0090,35969900,154.475280
2016-07-15,sz000001,1382.5140,1390.0410,1376.4920,1388.5350,35203300,154.453281
2016-07-18,sz000001,1388.5350,1402.0840,1385.5250,1396.0620,50693400,154.431637
2016-07-19,sz000001,1396.0620,1397.5670,1382.5140,1385.5250,36278700,154.462096
2016-07-20,sz000001,1384.0190,1388.5350,1382.5140,1384.0190,31092600,154.466406
2016-07-21,sz000001,1382.5140,1391.5460,1382.5140,1388.5350,34026100,154.453281
2016-07-22,sz000001,1388.5350,1388.5350,1377.9980,1381.0090,29554900,154.475280
2016-07-25,sz000001,1379.5030,1387.0300,1376.4920,1387.0300,26468200,154.457684
2016-07-26,sz000001,1385.5250,1408.1050,1385.5250,1406.6000,54655600,154.401756
2016-07-27,sz000001,1408.1050,1415.6320,1376.4920,1391.5460,81867800,154.444617
2016-07-28,sz000001,1387.0300,1406.6000,1385.5250,1402.0840,47991000,154.414537
2016-07-29,sz000001,1402.0840,1426.1690,1394.5570,1420.1480,67142500,154.363913
2016-08-01,sz000001,1417.1370,1441.2230,1415.6320,1432.1910,75932400,154.330927
2016-08-02,sz000001,1426.1690,1429.1800,1415.6320,1427.6750,44916500,154.343243
2016-08-03,sz000001,1421.6530,1423.1590,1412.6210,1417.1370,42462200,154.372222
2016-08-04,sz000001,1415.6320,1417.1370,1379.5030,1388.5350,134446200,154.453281
2016-08-05,sz000001,1388.5350,1400.5780,1382.5140,1396.0620,72594800,154.431637
2016-08-08,sz000001,1396.0620,1406.6000,1391.5460,1406.6000,39847900,154.401756
2016-08-09,sz000001,1403.5890,1412.6210,1400.5780,1412.6210,41567600,154.384809
2016-08-10,sz000001,1412.6210,1417.1370,1408.1050,1411.1160,43665500,154.389059
2016-08-11,sz000001,1411.1160,1442.7280,1409.6100,1423.1590,93557600,154.355640
2016-08-12,sz000001,1420.1480,1469.8250,1417.1370,1465.3090,137002100,154.243053
2016-08-15,sz000001,1472.8350,1510.4690,1466.8140,1492.4050,189755200,154.174070
2016-08-16,sz000001,1492.4050,1492.4050,1459.2870,1468.3190,109955800,154.235189
2016-08-17,sz000001,1468.3190,1480.3620,1462.2980,1472.8350,56072500,154.223560
2016-08-18,sz000001,1474.3410,1478.8570,1454.7710,1465.3090,69150400,154.243053
2016-08-19,sz000001,1463.8030,1468.3190,1454.7710,1466.8140,50533400,154.239117
2016-08-22,sz000001,1465.3090,1466.8140,1444.2340,1450.2550,97943200,154.282447
2016-08-23,sz000001,1447.2440,1457.7820,1445.7390,1450.2550,89065600,154.282447
2016-08-24,sz000001,1451.7600,1454.7710,1447.2440,1454.7710,73228100,154.270520
2016-08-25,sz000001,1453.2660,1457.7820,1441.2230,1456.2760,61738900,154.266525
2016-08-26,sz000001,1457.7820,1460.7930,1450.2550,1457.7820,50223300,154.262646
2016-08-29,sz000001,1451.7600,1457.7820,1447.2440,1453.2660,56523100,154.274522
2016-08-30,sz000001,1453.2660,1460.7930,1451.7600,1460.7930,59508100,154.254805
2016-08-31,sz000001,1459.2870,1465.3090,1454.7710,1463.8030,48974600,154.246891
2016-09-01,sz000001,1463.8030,1468.3190,1453.2660,1457.7820,48013100,154.262646
2016-09-02,sz000001,1454.7710,1459.2870,1453.2660,1457.7820,36879600,154.262646
2016-09-05,sz000001,1459.2870,1459.2870,1450.2550,1453.2660,46993600,154.274522
2016-09-06,sz000001,1453.2660,1454.7710,1444.2340,1451.7600,57473800,154.278427
2016-09-07,sz000001,1451.7600,1453.2660,1445.7390,1450.2550,45937300,154.282447
2016-09-08,sz000001,1448.7500,1453.2660,1447.2440,1450.2550,29521800,154.282447
2016-09-09,sz000001,1450.2550,1454.7710,1444.2340,1447.2440,32743100,154.290405
2016-09-12,sz000001,1433.6960,1438.2120,1409.6100,1414.1260,75658100,154.380568
2016-09-13,sz000001,1417.1370,1421.6530,1411.1160,1418.6430,46093100,154.368118
2016-09-14,sz000001,1415.6320,1417.1370,1397.5670,1399.0730,42148100,154.423068
2016-09-19,sz000001,1397.5670,1411.1160,1397.5670,1408.1050,35434800,154.397478
2016-09-20,sz000001,1408.1050,1408.1050,1396.0620,1402.0840,43667800,154.414537
2016-09-21,sz000001,1402.0840,1405.0940,1394.5570,1402.0840,40566500,154.414537
2016-09-22,sz000001,1405.0940,1417.1370,1403.5890,1414.1260,49461300,154.380568
2016-09-23,sz000001,1414.1260,1418.6430,1411.1160,1412.6210,28879800,154.384809
2016-09-26,sz000001,1409.6100,1409.6100,1396.0620,1396.0620,43948100,154.431637
2016-09-27,sz000001,1396.0620,1400.5780,1391.5460,1399.0730,40132300,154.423068
2016-09-28,sz000001,1399.0730,1399.0730,1394.5570,1397.5670,27136600,154.427293
2016-09-29,sz000001,1397.5670,1402.0840,1397.5670,1399.0730,30366400,154.423068
2016-09-30,sz000001,1399.0730,1405.0940,1397.5670,1400.5780,30808400,154.418743
2016-10-10,sz000001,1405.0940,1415.6320,1402.0840,1408.1050,61138100,154.397478
2016-10-11,sz000001,1409.6100,1412.6210,1406.6000,1412.6210,36337000,154.384809
2016-10-12,sz000001,1411.1160,1414.1260,1408.1050,1409.6100,27031600,154.393209
2016-10-13,sz000001,1402.0840,1406.6000,1397.5670,1400.5780,63236700,154.418743
2016-10-14,sz000001,1399.0730,1403.5890,1396.0620,1403.5890,33541100,154.410231
2016-10-17,sz000001,1402.0840,1403.5890,1394.5570,1397.5670,35922300,154.427293
2016-10-18,sz000001,1394.5570,1403.5890,1394.5570,1403.5890,59373700,154.410231
2016-10-19,sz000001,1403.5890,1406.6000,1397.5670,1402.0840,48263600,154.414537
2016-10-20,sz000001,1402.0840,1403.5890,1397.5670,1400.5780,34284400,154.418743
2016-10-21,sz000001,1402.0840,1409.6100,1399.0730,1409.6100,68389600,154.393209
2016-10-24,sz000001,1409.6100,1435.2010,1408.1050,1426.1690,91567700,154.347294
2016-10-25,sz000001,1427.6750,1429.1800,1417.1370,1421.6530,50075200,154.359718
2016-10-26,sz000001,1423.1590,1423.1590,1409.6100,1412.6210,44045200,154.384809
2016-10-27,sz000001,1414.1260,1415.6320,1408.1050,1414.1260,32414000,154.380568
2016-10-28,sz000001,1414.1260,1424.6640,1411.1160,1415.6320,54199700,154.376445
2016-10-31,sz000001,1412.6210,1414.1260,1403.5890,1412.6210,49359600,154.384809
2016-11-01,sz000001,1411.1160,1414.1260,1406.6000,1411.1160,52541500,154.389059
2016-11-02,sz000001,1411.1160,1411.1160,1397.5670,1400.5780,63358600,154.418743
2016-11-03,sz000001,1399.0730,1411.1160,1397.5670,1409.6100,61687100,154.393209
2016-11-04,sz000001,1406.6000,1415.6320,1405.0940,1406.6000,50811700,154.401756
2016-11-07,sz000001,1405.0940,1408.1050,1400.5780,1408.1050,49724000,154.397478
2016-11-08,sz000001,1408.1050,1412.6210,1405.0940,1412.6210,80669400,154.384809
2016-11-09,sz000001,1411.1160,1411.1160,1391.5460,1400.5780,72261600,154.418743
2016-11-10,sz000001,1405.0940,1414.1260,1405.0940,1411.1160,63199800,154.389059
2016-11-11,sz000001,1411.1160,1417.1370,1406.6000,1417.1370,81226900,154.372222
2016-11-14,sz000001,1414.1260,1427.6750,1414.1260,1423.1590,97507800,154.355640
2016-11-15,sz000001,1420.1480,1426.1690,1417.1370,1424.6640,55434200,154.351463
2016-11-16,sz000001,1424.6640,1426.1690,1420.1480,1424.6640,41584200,154.351463
2016-11-17,sz000001,1423.1590,1423.1590,1417.1370,1421.6530,50532400,154.359718
2016-11-18,sz000001,1421.6530,1421.6530,1414.1260,1417.1370,51759700,154.372222
2016-11-21,sz000001,1417.1370,1432.1910,1415.6320,1426.1690,85024300,154.347294
2016-11-22,sz000001,1426.1690,1444.2340,1424.6640,1444.2340,118025600,154.298504
2016-11-23,sz000001,1441.2230,1474.3410,1441.2230,1457.7820,175286900,154.262646
2016-11-24,sz000001,1456.2760,1468.3190,1453.2660,1460.7930,77974800,154.254805
2016-11-25,sz000001,1462.2980,1483.3730,1459.2870,1483.3730,101367400,154.196778
2016-11-28,sz000001,1493.9100,1507.4590,1480.3620,1484.8780,127968900,154.192939
2016-11-29,sz000001,1478.8570,1495.4160,1472.8350,1483.3730,88777900,154.196778
2016-11-30,sz000001,1487.8890,1498.4270,1465.3090,1472.8350,102596300,154.223560
2016-12-01,sz000001,1475.8460,1484.8780,1472.8350,1480.3620,64600400,154.204375
2016-12-02,sz000001,1480.3620,1480.3620,1456.2760,1472.8350,82968600,154.223560
2016-12-05,sz000001,1465.3090,1471.3300,1451.7600,1459.2870,76436500,154.258668
2016-12-06,sz000001,1462.2980,1468.3190,1457.7820,1463.8030,60290200,154.246891
2016-12-07,sz000001,1462.2980,1463.8030,1451.7600,1462.2980,49340400,154.250844
2016-12-08,sz000001,1465.3090,1472.8350,1454.7710,1468.3190,67145200,154.235189
2016-12-09,sz000001,1465.3090,1502.9430,1462.2980,1487.8890,151419900,154.185389
2016-12-12,sz000001,1487.8890,1505.9530,1456.2760,1465.3090,125687400,154.243053
2016-12-13,sz000001,1462.2980,1465.3090,1439.7180,1453.2660,64577100,154.274522
2016-12-14,sz000001,1453.2660,1466.8140,1450.2550,1450.2550,59770500,154.282447
2016-12-15,sz000001,1445.7390,1451.7600,1421.6530,1427.6750,82761200,154.343243
2016-12-16,sz000001,1426.1690,1433.6960,1421.6530,1427.6750,39681300,154.343243
2016-12-19,sz000001,1423.1590,1424.6640,1415.6320,1420.1480,49401000,154.363913
2016-12-20,sz000001,1420.1480,1420.1480,1402.0840,1406.6000,63663800,154.401756
2016-12-21,sz000001,1408.1050,1414.1260,1406.6000,1414.1260,36992000,154.380568
2016-12-22,sz000001,1412.6210,1414.1260,1406.6000,1411.1160,34134100,154.389059
2016-12-23,sz000001,1411.1160,1411.1160,1400.5780,1402.0840,38291200,154.414537
2016-12-26,sz000001,1399.0730,1409.6100,1393.0510,1408.1050,30205800,154.397478
2016-12-27,sz000001,1408.1050,1409.6100,1400.5780,1402.0840,26884100,154.414537
2016-12-28,sz000001,1402.0840,1406.6000,1396.0620,1399.0730,33605500,154.423068
2016-12-29,sz000001,1400.5780,1403.5890,1397.5670,1402.0840,33875800,154.414537
2016-12-30,sz000001,1402.0840,1405.0940,1399.0730,1405.0940,30260700,154.405934
2017-01-03,sz000001,1406.6000,1417.1370,1403.5890,1414.1260,45984000,154.380568
2017-01-04,sz000001,1412.6210,1417.1370,1411.1160,1414.1260,44932900,154.380568
2017-01-05,sz000001,1415.6320,1417.1370,1412.6210,1415.6320,34437200,154.376445
2017-01-06,sz000001,1415.6320,1415.6320,1406.6000,1409.6100,35815400,154.393209
2017-01-09,sz000001,1409.6100,1415.6320,1406.6000,1412.6210,36108100,154.384809
2017-01-10,sz000001,1412.6210,1414.1260,1411.1160,1412.6210,24105300,154.384809
2017-01-11,sz000001,1411.1160,1415.6320,1409.6100,1411.1160,30343000,154.389059
2017-01-12,sz000001,1409.6100,1415.6320,1409.6100,1412.6210,42800600,154.384809
2017-01-13,sz000001,1411.1160,1418.6430,1408.1050,1414.1260,43430100,154.380568
2017-01-16,sz000001,1412.6210,1414.1260,1400.5780,1411.1160,68316500,154.389059
2017-01-17,sz000001,1408.1050,1414.1260,1405.0940,1412.6210,54555200,154.384809
2017-01-18,sz000001,1411.1160,1418.6430,1409.6100,1415.6320,57426900,154.376445
2017-01-19,sz000001,1412.6210,1426.1690,1412.6210,1417.1370,43771200,154.372222
2017-01-20,sz000001,1415.6320,1424.6640,1415.6320,1423.1590,39332800,154.355640
2017-01-23,sz000001,1423.1590,1429.1800,1420.1480,1423.1590,42029900,154.355640
2017-01-24,sz000001,1424.6640,1432.1910,1420.1480,1430.6850,47024400,154.334951
2017-01-25,sz000001,1430.6850,1432.1910,1427.6750,1429.1800,30440100,154.339093
2017-01-26,sz000001,1430.6850,1441.2230,1429.1800,1439.7180,42071200,154.310611
2017-02-03,sz000001,1441.2230,1444.2340,1424.6640,1429.1800,31547200,154.339093
2017-02-06,sz000001,1429.1800,1438.2120,1429.1800,1436.7070,51678600,154.318690
2017-02-07,sz000001,1436.7070,1438.2120,1430.6850,1435.2010,39688400,154.322688
2017-02-08,sz000001,1433.6960,1435.2010,1426.1690,1435.2010,36027200,154.322688
2017-02-09,sz000001,1435.2010,1439.7180,1432.1910,1436.7070,34285500,154.318690
2017-02-10,sz000001,1438.2120,1444.2340,1436.7070,1439.7180,48274300,154.310611
2017-02-13,sz000001,1441.2230,1456.2760,1439.7180,1451.7600,63836400,154.278427
2017-02-14,sz000001,1451.7600,1453.2660,1445.7390,1450.2550,36240400,154.282447
2017-02-15,sz000001,1450.2550,1471.3300,1448.7500,1457.7820,75661300,154.262646
2017-02-16,sz000001,1457.7820,1465.3090,1453.2660,1459.2870,41116100,154.258668
2017-02-17,sz000001,1459.2870,1463.8030,1445.7390,1448.7500,42377400,154.286475
2017-02-20,sz000001,1450.2550,1477.3520,1450.2550,1474.3410,89875500,154.219770
2017-02-21,sz000001,1472.8350,1483.3730,1471.3300,1475.8460,64658400,154.215883
2017-02-22,sz000001,1475.8460,1475.8460,1465.3090,1475.8460,46296600,154.215883
2017-02-23,sz000001,1472.8350,1475.8460,1462.2980,1466.8140,33532700,154.239117
2017-02-24,sz000001,1465.3090,1471.3300,1462.2980,1465.3090,33250000,154.243053
2017-02-27,sz000001,1465.3090,1465.3090,1453.2660,1454.7710,40734100,154.270520
2017-02-28,sz000001,1454.7710,1466.8140,1453.2660,1462.2980,36971900,154.250844
2017-03-01,sz000001,1463.8030,1472.8350,1460.7930,1463.8030,34699300,154.246891
2017-03-02,sz000001,1466.8140,1471.3300,1453.2660,1454.7710,40362800,154.270520
2017-03-03,sz000001,1451.7600,1454.7710,1444.2340,1450.2550,34265500,154.282447
2017-03-06,sz000001,1450.2550,1459.2870,1448.7500,1457.7820,40451100,154.262646
2017-03-07,sz000001,1456.2760,1459.2870,1450.2550,1457.7820,29467200,154.262646
2017-03-08,sz000001,1454.7710,1457.7820,1450.2550,1453.2660,24443800,154.274522
2017-03-09,sz000001,1451.7600,1454.7710,1444.2340,1447.2440,37816900,154.290405
2017-03-10,sz000001,1447.2440,1451.7600,1444.2340,1450.2550,39018200,154.282447
2017-03-13,sz000001,1448.7500,1457.7820,1445.7390,1456.2760,54530400,154.266525
2017-03-14,sz000001,1454.7710,1459.2870,1451.7600,1456.2760,40448400,154.266525
2017-03-15,sz000001,1453.2660,1462.2980,1453.2660,1462.2980,54656000,154.250844
2017-03-16,sz000001,1462.2980,1469.8250,1457.7820,1468.3190,63595300,154.235189
2017-03-17,sz000001,1457.7820,1459.2870,1435.2010,1436.7070,158364700,154.318690
2017-03-20,sz000001,1433.6960,1436.7070,1423.1590,1427.6750,71502100,154.343243
2017-03-21,sz000001,1427.6750,1429.1800,1420.1480,1426.1690,55464800,154.347294
2017-03-22,sz000001,1420.1480,1423.1590,1411.1160,1414.1260,56612300,154.380568
2017-03-23,sz000001,1414.1260,1426.1690,1412.6210,1420.1480,43358800,154.363913
2017-03-24,sz000001,1420.1480,1426.1690,1414.1260,1418.6430,71082700,154.368118
2017-03-27,sz000001,1408.1050,1418.6430,1402.0840,1411.1160,98501200,154.389059
2017-03-28,sz000001,1414.1260,1415.6320,1405.0940,1408.1050,48137200,154.397478
2017-03-29,sz000001,1409.6100,1412.6210,1403.5890,1406.6000,60114000,154.401756
2017-03-30,sz000001,1408.1050,1408.1050,1399.0730,1402.0840,68728500,154.414537
2017-03-31,sz000001,1402.0840,1417.1370,1402.0840,1415.6320,63312100,154.376445
2017-04-05,sz000001,1414.1260,1423.1590,1412.6210,1421.6530,49915000,154.359718
2017-04-06,sz000001,1420.1480,1423.1590,1415.6320,1420.1480,43439100,154.363913
2017-04-07,sz000001,1418.6430,1423.1590,1415.6320,1420.1480,51484400,154.363913
2017-04-10,sz000001,1420.1480,1421.6530,1415.6320,1417.1370,40134300,154.372222
2017-04-11,sz000001,1415.6320,1418.6430,1403.5890,1412.6210,61243700,154.384809
2017-04-12,sz000001,1414.1260,1415.6320,1405.0940,1408.1050,45533600,154.397478
2017-04-13,sz000001,1406.6000,1411.1160,1405.0940,1408.1050,35744200,154.397478
2017-04-14,sz000001,1406.6000,1408.1050,1399.0730,1402.0840,49050000,154.414537
2017-04-17,sz000001,1402.0840,1406.6000,1397.5670,1405.0940,53189200,154.405934
2017-04-18,sz000001,1403.5890,1405.0940,1397.5670,1397.5670,33537600,154.427293
2017-04-19,sz000001,1394.5570,1396.0620,1374.9870,1376.4920,79966800,154.488440
2017-04-20,sz000001,1374.9870,1381.0090,1373.4820,1377.9980,43762900,154.484081
2017-04-21,sz000001,1377.9980,1388.5350,1374.9870,1385.5250,32540800,154.462096
2017-04-24,sz000001,1385.5250,1387.0300,1373.4820,1379.5030,39499500,154.479619
2017-04-25,sz000001,1379.5030,1391.5460,1379.5030,1390.0410,37793300,154.449000
2017-04-26,sz000001,1390.0410,1391.5460,1384.0190,1388.5350,38214700,154.453281
2017-04-27,sz000001,1385.5250,1387.0300,1376.4920,1385.5250,38739200,154.462096
2017-04-28,sz000001,1384.0190,1388.5350,1377.9980,1388.5350,28644600,154.453281
2017-05-02,sz000001,1384.0190,1384.0190,1374.9870,1381.0090,31102600,154.475280
2017-05-03,sz000001,1377.9980,1379.5030,1373.4820,1376.4920,28031000,154.488440
2017-05-04,sz000001,1373.4820,1373.4820,1347.8910,1350.9010,69651700,154.565332
2017-05-05,sz000001,1350.9010,1353.9120,1326.8160,1334.3420,62370000,154.616686
2017-05-08,sz000001,1329.8260,1332.8370,1320.7940,1325.3100,46008900,154.645274
2017-05-09,sz000001,1323.8050,1335.8480,1322.3000,1335.8480,32419400,154.612037
2017-05-10,sz000001,1334.3420,1359.9340,1332.8370,1340.3640,57307700,154.597924
2017-05-11,sz000001,1337.3530,1347.8910,1329.8260,1344.8800,50364300,154.583908
2017-05-12,sz000001,1341.8690,1374.9870,1335.8480,1374.9870,91796800,154.492921
2017-05-15,sz000001,1373.4820,1382.5140,1361.4390,1368.9660,53657800,154.510835
2017-05-16,sz000001,1365.9550,1367.4600,1349.3960,1365.9550,52487200,154.519796
2017-05-17,sz000001,1361.4390,1361.4390,1352.4070,1355.4170,41733800,154.551539
2017-05-18,sz000001,1347.8910,1355.4170,1346.3850,1349.3960,22740100,154.569989
2017-05-19,sz000001,1350.9010,1353.9120,1341.8690,1343.3750,29427000,154.588608
2017-05-22,sz000001,1341.8690,1349.3960,1331.3320,1341.8690,67912000,154.593203
2017-05-23,sz000001,1340.3640,1365.9550,1335.8480,1358.4280,80004000,154.542435
2017-05-24,sz000001,1356.9230,1364.4500,1341.8690,1361.4390,53237600,154.533371
2017-05-25,sz000001,1358.4280,1411.1160,1356.9230,1405.0940,162154300,154.405934
2017-05-26,sz000001,1402.0840,1409.6100,1396.0620,1405.0940,89536500,154.405934
2017-05-31,sz000001,1405.0940,1424.6640,1399.0730,1420.1480,103321000,154.363913
2017-06-01,sz000001,1420.1480,1424.6640,1408.1050,1418.6430,56618200,154.368118
2017-06-02,sz000001,1417.1370,1433.6960,1411.1160,1415.6320,77075700,154.376445
2017-06-05,sz000001,1409.6100,1415.6320,1388.5350,1394.5570,63413200,154.435991
2017-06-06,sz000001,1391.5460,1399.0730,1388.5350,1396.0620,35534100,154.431637
2017-06-07,sz000001,1393.0510,1412.6210,1391.5460,1409.6100,64572300,154.393209
2017-06-08,sz000001,1406.6000,1412.6210,1402.0840,1409.6100,38300400,154.393209
2017-06-09,sz000001,1412.6210,1423.1590,1408.1050,1412.6210,68546800,154.384809
2017-06-12,sz000001,1412.6210,1418.6430,1405.0940,1406.6000,50457800,154.401756
2017-06-13,sz000001,1406.6000,1411.1160,1397.5670,1408.1050,44843400,154.397478
2017-06-14,sz000001,1408.1050,1409.6100,1396.0620,1402.0840,37544400,154.414537
2017-06-15,sz000001,1402.0840,1402.0840,1394.5570,1396.0620,33779700,154.431637
2017-06-16,sz000001,1396.0620,1402.0840,1391.5460,1393.0510,28599100,154.440244
2017-06-19,sz000001,1394.5570,1412.6210,1393.0510,1409.6100,48970400,154.393209
2017-06-20,sz000001,1408.1050,1414.1260,1403.5890,1408.1050,31361500,154.397478
2017-06-21,sz000001,1415.6320,1417.1370,1406.6000,1412.6210,49693200,154.384809
2017-06-22,sz000001,1412.6210,1450.2550,1411.1160,1427.6750,142695800,154.343243
2017-06-23,sz000001,1424.6640,1430.6850,1414.1260,1427.6750,58400400,154.343243
2017-06-26,sz000001,1429.1800,1450.2550,1429.1800,1435.2010,71076900,154.322688
2017-06-27,sz000001,1435.2010,1448.7500,1430.6850,1444.2340,54601600,154.298504
2017-06-28,sz000001,1442.7280,1463.8030,1439.7180,1454.7710,116879600,154.270520
2017-06-29,sz000001,1454.7710,1457.7820,1445.7390,1454.7710,48880400,154.270520
2017-06-30,sz000001,1450.2550,1454.7710,1436.7070,1448.7500,49963300,154.286475
2017-07-03,sz000001,1450.2550,1454.7710,1441.2230,1450.2550,38834900,154.282447
2017-07-04,sz000001,1450.2550,1451.7600,1435.2010,1441.2230,48836200,154.306531
2017-07-05,sz000001,1433.6960,1447.2440,1430.6850,1445.7390,56772000,154.294450
2017-07-06,sz000001,1444.2340,1451.7600,1436.7070,1450.2550,73891100,154.282447
2017-07-07,sz000001,1445.7390,1462.2980,1441.2230,1460.7930,76036900,154.254805
2017-07-10,sz000001,1457.7820,1489.3940,1456.2760,1478.8570,136081500,154.208238
2017-07-11,sz000001,1481.8680,1609.8230,1481.8680,1578.2110,381208600,153.971805
2017-07-12,sz000001,1581.2210,1627.8870,1570.6840,1591.7590,299884400,153.941876
2017-07-13,sz000001,1585.7370,1676.0590,1576.7050,1676.0590,299453400,153.766881
2017-07-14,sz000001,1662.5110,1682.0800,1639.9300,1676.0590,172257000,153.766881
2017-07-17,sz000001,1683.5860,1740.7890,1648.9620,1662.5110,327312300,153.793802
2017-07-18,sz000001,1653.4780,1712.1870,1633.9090,1698.6390,234943100,153.722986
2017-07-19,sz000001,1689.6070,1719.7140,1673.0480,1704.6610,193307500,153.711542
2017-07-20,sz000001,1703.1550,1724.2300,1677.5640,1686.5960,153733800,153.746217
2017-07-21,sz000001,1689.3060,1707.3700,1668.2310,1698.3380,150102000,155.953903
2017-07-24,sz000001,1687.8010,1723.9290,1674.2520,1707.3700,169266400,155.924201
2017-07-25,sz000001,1711.8860,1755.5420,1707.3700,1714.8970,195476800,155.899727
2017-07-26,sz000001,1702.8540,1741.9940,1663.7150,1675.7580,169741200,156.029609
2017-07-27,sz000001,1672.7470,1680.2740,1644.1450,1653.1770,119449000,156.107365
2017-07-28,sz000001,1656.1880,1686.2950,1651.6720,1675.7580,81919500,156.029609
2017-07-31,sz000001,1684.7900,1687.8010,1632.1020,1665.2200,157586400,156.065604
2017-08-01,sz000001,1660.7040,1726.9400,1654.6830,1720.9190,203570900,155.880344
2017-08-02,sz000001,1722.4240,1766.0790,1708.8760,1737.4780,206206900,155.827623
2017-08-03,sz000001,1735.9720,1748.0150,1710.3810,1716.4020,98421900,155.894823
2017-08-04,sz000001,1714.8970,1758.5530,1704.3600,1740.4880,135395100,155.818084
2017-08-07,sz000001,1723.9290,1740.4880,1699.8440,1714.8970,86064400,155.899727
2017-08-08,sz000001,1714.8970,1731.4560,1701.3490,1722.4240,68956700,155.875475
2017-08-09,sz000001,1708.8760,1717.9080,1666.7260,1674.2520,104232100,156.034669
2017-08-10,sz000001,1669.7360,1687.8010,1645.6510,1657.6930,95987900,156.091620
2017-08-11,sz000001,1636.6180,1645.6510,1562.8560,1567.3720,244064300,156.424351
2017-08-14,sz000001,1583.9310,1601.9950,1570.3830,1597.4790,115766400,156.309100
2017-08-15,sz000001,1600.4900,1641.1350,1595.9740,1611.0270,107516200,156.258681
2017-08-16,sz000001,1608.0170,1620.0600,1586.9420,1615.5430,75680600,156.242070
2017-08-17,sz000001,1617.0490,1627.5860,1608.0170,1627.5860,55364200,156.198273
2017-08-18,sz000001,1618.5540,1654.6830,1608.0170,1630.5970,61652000,156.187452
2017-08-21,sz000001,1629.0920,1642.6400,1623.0700,1633.6080,39915400,156.176673
2017-08-22,sz000001,1636.6180,1663.7150,1620.0600,1662.2100,87568100,156.076056
2017-08-23,sz000001,1659.1990,1711.8860,1653.1770,1699.8440,131915100,155.948991
2017-08-24,sz000001,1698.3380,1731.4560,1690.8110,1704.3600,92424800,155.934126
2017-08-25,sz000001,1705.8650,1740.4880,1699.8440,1731.4560,96394000,155.846625
2017-08-28,sz000001,1729.9510,1796.1870,1729.9510,1767.5850,160393800,155.734361
2017-08-29,sz000001,1760.0580,1826.2940,1757.0470,1815.7560,135798300,155.591774
2017-08-30,sz000001,1817.2620,1820.2720,1767.5850,1779.6280,109667400,155.697988
2017-08-31,sz000001,1773.6060,1781.1330,1737.4780,1757.0470,115178600,155.766578
2017-09-01,sz000001,1757.0470,1773.6060,1737.4780,1746.5100,95997600,155.799286
2017-09-04,sz000001,1741.9940,1823.2830,1740.4880,1823.2830,135232500,155.570222
2017-09-05,sz000001,1817.2620,1856.4010,1805.2190,1811.2400,128751800,155.604811
2017-09-06,sz000001,1803.7130,1847.3690,1787.1540,1820.2720,79162100,155.578803
2017-09-07,sz000001,1812.7450,1827.7990,1773.6060,1781.1330,61418700,155.693444
2017-09-08,sz000001,1784.1440,1811.2400,1772.1010,1788.6600,48127600,155.671018
2017-09-11,sz000001,1796.1870,1818.7670,1760.0580,1772.1010,69947200,155.720650
2017-09-12,sz000001,1772.1010,1796.1870,1755.5420,1796.1870,84618300,155.648787
2017-09-13,sz000001,1788.6600,1796.1870,1766.0790,1779.6280,66823700,155.697988
2017-09-14,sz000001,1779.6280,1803.7130,1751.0260,1763.0690,88308700,155.748145
2017-09-15,sz000001,1758.5530,1763.0690,1737.4780,1758.5530,64609400,155.762002
2017-09-18,sz000001,1752.5310,1763.0690,1745.0040,1752.5310,60761200,155.780533
2017-09-19,sz000001,1752.5310,1766.0790,1726.9400,1734.4670,76421200,155.837107
2017-09-20,sz000001,1735.9720,1770.5950,1722.4240,1758.5530,78715400,155.762002
2017-09-21,sz000001,1754.0360,1791.6700,1745.0040,1784.1440,69240700,155.684468
2017-09-22,sz000001,1779.6280,1793.1760,1761.5630,1781.1330,59392700,155.693444
2017-09-25,sz000001,1781.1330,1782.6380,1741.9940,1758.5530,53239100,155.762002
2017-09-26,sz000001,1754.0360,1760.0580,1708.8760,1722.4240,96746000,155.875475
2017-09-27,sz000001,1716.4020,1726.9400,1699.8440,1704.3600,72718800,155.934126
2017-09-28,sz000001,1711.8860,1711.8860,1687.8010,1696.8330,51722000,155.958915
2017-09-29,sz000001,1702.8540,1738.9830,1693.8220,1731.4560,68228000,155.846625
2017-10-09,sz000001,1800.7030,1811.2400,1754.0360,1760.0580,132522700,155.757345
2017-10-10,sz000001,1764.5740,1790.1650,1764.5740,1785.6490,74792500,155.679948
2017-10-11,sz000001,1787.1540,1802.2080,1766.0790,1794.6810,65807700,155.653166
2017-10-12,sz000001,1796.1870,1802.2080,1785.6490,1797.6920,57806500,155.644329
2017-10-13,sz000001,1799.1970,1799.1970,1752.5310,1769.0900,73737500,155.729754
2017-10-16,sz000001,1769.0900,1805.2190,1758.5530,1803.7130,103625000,155.626661
2017-10-17,sz000001,1808.2290,1812.7450,1787.1540,1791.6700,50637200,155.662033
2017-10-18,sz000001,1794.6810,1820.2720,1791.6700,1818.7670,87136500,155.583148
2017-10-19,sz000001,1811.2400,1823.2830,1800.7030,1809.7350,72276400,155.609200
2017-10-20,sz000001,1803.7130,1803.7130,1776.6170,1787.1540,46180800,155.675436
2017-10-23,sz000001,1773.6060,1775.1110,1737.4780,1743.4990,107446500,155.808668
2017-10-24,sz000001,1745.0040,1778.1220,1741.9940,1773.6060,61887100,155.716067
2017-10-25,sz000001,1769.0900,1770.5950,1752.5310,1755.5420,41857300,155.771251
2017-10-26,sz000001,1752.5310,1763.0690,1732.9610,1741.9940,92899600,155.813417
2017-10-27,sz000001,1743.4990,1799.1970,1741.9940,1799.1970,136008600,155.639879
2017-10-30,sz000001,1797.6920,1824.7880,1782.6380,1799.1970,127824600,155.639879
2017-10-31,sz000001,1797.6920,1802.2080,1773.6060,1796.1870,62749100,155.648787
2017-11-01,sz000001,1799.1970,1803.7130,1763.0690,1775.1110,69261700,155.711491
2017-11-02,sz000001,1769.0900,1802.2080,1754.0360,1796.1870,60430800,155.648787
2017-11-03,sz000001,1788.6600,1817.2620,1767.5850,1773.6060,74334300,155.716067
2017-11-06,sz000001,1778.1220,1778.1220,1728.4450,1757.0470,102990200,155.766578
2017-11-07,sz000001,1755.5420,1878.9810,1752.5310,1853.3900,247716300,155.485738
2017-11-08,sz000001,1865.4330,1954.2490,1854.8960,1885.0030,426282500,155.400082
2017-11-09,sz000001,1895.5400,1951.2380,1888.0130,1915.1100,229528900,155.321168
2017-11-10,sz000001,1921.1310,1948.2280,1888.0130,1910.5940,175755200,155.332846
2017-11-13,sz000001,1918.1210,2031.0230,1918.1210,2000.9150,256690600,155.109690
2017-11-14,sz000001,2008.4420,2055.1080,1987.3670,2008.4420,178030200,155.092046
2017-11-15,sz000001,2000.9150,2035.5390,1981.3460,2000.9150,126305200,155.109690
2017-11-16,sz000001,2000.9150,2034.0330,1966.2920,2031.0230,120081400,155.039924
2017-11-17,sz000001,2041.5600,2085.2150,2020.4850,2043.0650,206414900,155.012519
2017-11-20,sz000001,2035.5390,2204.1390,2023.4960,2204.1390,284392500,154.676421
2017-11-21,sz000001,2177.0420,2285.4280,2168.0100,2234.2460,249532700,154.619100
2017-11-22,sz000001,2238.7620,2353.1690,2238.7620,2332.0940,257023100,154.443311
2017-11-23,sz000001,2339.6210,2353.1690,2177.0420,2219.1920,242914200,154.647526
2017-11-24,sz000001,2210.1600,2255.3210,2133.3870,2250.8050,263018900,154.588255
2017-11-27,sz000001,2211.6660,2211.6660,2128.8710,2155.9670,206408500,154.771500
2017-11-28,sz000001,2143.9240,2143.9240,2076.1830,2121.3440,176643200,154.842628
2017-11-29,sz000001,2125.8600,2155.9670,2086.7210,2139.4080,156409400,154.805210
2017-11-30,sz000001,2121.3440,2125.8600,2055.1080,2073.1730,137963500,154.945665
2017-12-01,sz000001,2076.1830,2088.2260,2009.9470,2015.9690,178493300,155.074538
2017-12-04,sz000001,2023.4960,2071.6670,2015.9690,2061.1300,145402300,154.972180
2017-12-05,sz000001,2038.5490,2089.7320,2031.0230,2061.1300,172368100,154.972180
2017-12-06,sz000001,2055.1080,2056.6140,1984.3560,2028.0120,161984400,155.046789
2017-12-07,sz000001,2023.4960,2037.0440,1978.3350,1990.3780,118195700,155.134684
2017-12-08,sz000001,1999.4100,2029.5170,1978.3350,2029.5170,135131500,155.043316
2017-12-11,sz000001,2028.0120,2101.7740,1997.9050,2091.2370,226195200,154.906444
2017-12-12,sz000001,2076.1830,2088.2260,2018.9800,2018.9800,174340500,155.067588
2017-12-13,sz000001,2015.9690,2046.0760,1997.9050,2035.5390,128924800,155.029627
2017-12-14,sz000001,2038.5490,2062.6350,2002.4210,2015.9690,100199700,155.074538
2017-12-15,sz000001,2000.9150,2005.4310,1966.2920,1973.8190,109995200,155.174450
2017-12-18,sz000001,1975.3240,2002.4210,1961.7760,1978.3350,80546400,155.163529
2017-12-19,sz000001,1984.3560,2064.1400,1976.8300,2058.1190,239794200,154.978840
2017-12-20,sz000001,2046.0760,2062.6350,2035.5390,2055.1080,110624500,154.985520
2017-12-21,sz000001,2043.0650,2118.3330,2040.0550,2097.2580,148520300,154.893501
2017-12-22,sz000001,2091.2370,2110.8070,2083.7100,2094.2480,74290000,154.900000
2017-12-25,sz000001,2094.2480,2145.4300,2040.0550,2053.6030,158556700,154.988906
2017-12-26,sz000001,2055.1080,2119.8390,2044.5710,2115.3230,112368800,154.855271
2017-12-27,sz000001,2103.2800,2133.3870,2044.5710,2059.6240,136656600,154.975470
2017-12-28,sz000001,2058.1190,2085.2150,2018.9800,2047.5810,155303000,155.002347
2017-12-29,sz000001,2047.5810,2080.6990,2031.0230,2061.1300,98291500,154.972180
2018-01-02,sz000001,2068.6560,2155.9670,2064.1400,2121.3440,208159200,154.842628
2018-01-03,sz000001,2125.8600,2145.4300,2046.0760,2065.6460,296249800,154.962191
2018-01-04,sz000001,2064.1400,2071.6670,2035.5390,2053.6030,185450900,154.988906
2018-01-05,sz000001,2047.5810,2068.6560,2038.5490,2061.1300,121031200,154.972180
2018-01-08,sz000001,2053.6030,2059.6240,1994.8940,2009.9470,215862000,155.088503
2018-01-09,sz000001,2009.9470,2046.0760,2003.9260,2028.0120,134434500,155.046789
2018-01-10,sz000001,2021.9900,2089.7320,2003.9260,2086.7210,240327700,154.916184
2018-01-11,sz000001,2077.6890,2104.7850,2056.6140,2076.1830,144387700,154.939030
2018-01-12,sz000001,2083.7100,2118.3330,2077.6890,2098.7640,135399100,154.890332
2018-01-15,sz000001,2092.7420,2216.1820,2091.2370,2196.6120,312239400,154.690986
2018-01-16,sz000001,2192.0960,2223.7080,2169.5160,2196.6120,244454900,154.690986
2018-01-17,sz000001,2216.1820,2286.9340,2196.6120,2201.1280,265629400,154.682221
2018-01-18,sz000001,2226.7190,2274.8910,2208.6550,2274.8910,214802600,154.544226
2018-01-19,sz000001,2286.9340,2336.6100,2268.8690,2286.9340,257114600,154.522568
2018-01-22,sz000001,2256.8260,2308.0090,2231.2350,2232.7410,207386700,154.621953
2018-01-23,sz000001,2220.6980,2301.9870,2216.1820,2264.3530,238879100,154.563345
2018-01-24,sz000001,2265.8590,2329.0840,2241.7730,2262.8480,259129200,154.566120
2018-01-25,sz000001,2234.2460,2237.2570,2166.5050,2196.6120,236998400,154.690986
2018-01-26,sz000001,2193.6010,2217.6870,2169.5160,2174.0320,203298800,154.735374
2018-01-29,sz000001,2174.0320,2204.1390,2106.2900,2127.3650,209054600,154.830058
2018-01-30,sz000001,2121.3440,2142.4190,2098.7640,2113.8170,109473900,154.858388
2018-01-31,sz000001,2106.2900,2174.0320,2095.7530,2174.0320,174772900,154.735374
2018-02-01,sz000001,2158.9780,2211.6660,2142.4190,2171.0210,200561400,154.741340
2018-02-02,sz000001,2152.9570,2181.5580,2110.8070,2174.0320,117651200,154.735374
2018-02-05,sz000001,2136.3980,2252.3100,2125.8600,2249.3000,233199700,154.591065
2018-02-06,sz000001,2201.1280,2216.1820,2155.9670,2166.5050,258287200,154.750357
2018-02-07,sz000001,2199.6230,2211.6660,1979.8400,2003.9260,334571600,155.102632
2018-02-08,sz000001,1990.3780,2003.9260,1945.2170,1946.7220,213781500,155.240989
2018-02-09,sz000001,1877.4760,1877.4760,1772.1010,1818.7670,282494900,155.583148
2018-02-12,sz000001,1832.3150,1841.3470,1799.1970,1823.2830,122878200,155.570222
2018-02-13,sz000001,1845.8630,1897.0460,1841.3470,1856.4010,129817800,155.477471
2018-02-14,sz000001,1859.4120,1869.9490,1829.3040,1865.4330,86419000,155.452750
2018-02-22,sz000001,1903.0670,1945.2170,1903.0670,1934.6800,126840600,155.271268
2018-02-23,sz000001,1952.7440,1984.3560,1933.1740,1957.2600,101366300,155.214909
2018-02-26,sz000001,1981.3460,1993.3890,1933.1740,1960.2710,104575800,155.207522
2018-02-27,sz000001,1961.7760,1970.8080,1894.0350,1907.5830,128586900,155.340635
2018-02-28,sz000001,1880.4870,1894.0350,1854.8960,1872.9600,121414500,155.432365
2018-03-01,sz000001,1853.3900,1888.0130,1850.3790,1871.4540,88695700,155.436379
2018-03-02,sz000001,1853.3900,1871.4540,1842.8530,1857.9060,66312400,155.473305
2018-03-05,sz000001,1854.8960,1877.4760,1835.3260,1844.3580,75418300,155.510793
2018-03-06,sz000001,1857.9060,1881.9920,1830.8100,1880.4870,115016200,155.412149
2018-03-07,sz000001,1888.0130,1916.6150,1871.4540,1872.9600,142757000,155.432365
2018-03-08,sz000001,1872.9600,1888.0130,1857.9060,1881.9920,68975500,155.408092
2018-03-09,sz000001,1888.0130,1895.5400,1862.4220,1878.9810,94387600,155.416129
2018-03-12,sz000001,1888.0130,1891.0240,1857.9060,1869.9490,126870100,155.440482
2018-03-13,sz000001,1871.4540,1898.5510,1865.4330,1868.4440,108226700,155.444592
2018-03-14,sz000001,1862.4220,1865.4330,1839.8420,1853.3900,63559400,155.485738
2018-03-15,sz000001,1833.8200,1842.8530,1814.2510,1821.7780,115569400,155.574552
2018-03-16,sz000001,1823.2830,1842.8530,1811.2400,1811.2400,96298300,155.604811
2018-03-19,sz000001,1814.2510,1841.3470,1806.7240,1839.8420,80853800,155.523415
2018-03-20,sz000001,1826.2940,1847.3690,1823.2830,1838.3370,77615000,155.527665
2018-03-21,sz000001,1857.9060,1883.4970,1842.8530,1850.3790,144510900,155.494034
2018-03-22,sz000001,1850.3790,1860.9170,1808.2290,1814.2510,98427800,155.596141
2018-03-23,sz000001,1752.5310,1767.5850,1702.8540,1766.0790,182569000,155.738889
2018-03-26,sz000001,1737.4780,1745.0040,1693.8220,1704.3600,138359800,155.934126
2018-03-27,sz000001,1729.9510,1740.4880,1693.8220,1705.8650,110393300,155.929159
2018-03-28,sz000001,1692.3170,1735.9720,1683.2850,1698.3380,109902300,155.953903
2018-03-29,sz000001,1702.8540,1740.4880,1647.1560,1722.4240,133060200,155.875475
2018-03-30,sz000001,1720.9190,1722.4240,1696.8330,1699.8440,75217300,155.948991
2018-04-02,sz000001,1695.3270,1713.3920,1669.7360,1671.2420,110931600,156.045005
2018-04-03,sz000001,1654.6830,1665.2200,1641.1350,1648.6610,89074500,156.123201
2018-04-04,sz000001,1666.7260,1716.4020,1654.6830,1695.3270,160248800,155.963845
2018-04-09,sz000001,1684.7900,1729.9510,1674.2520,1717.9080,107479500,155.890018
2018-04-10,sz000001,1717.9080,1784.1440,1710.3810,1778.1220,139095000,155.702452
2018-04-11,sz000001,1773.6060,1853.3900,1772.1010,1839.8420,209597000,155.523415
2018-04-12,sz000001,1835.3260,1839.8420,1778.1220,1793.1760,117312800,155.657639
2018-04-13,sz000001,1811.2400,1833.8200,1782.6380,1800.7030,130025500,155.635523
2018-04-16,sz000001,1785.6490,1785.6490,1719.4130,1729.9510,142707200,155.851441
2018-04-17,sz000001,1732.9610,1782.6380,1731.4560,1746.5100,130189100,155.799286
2018-04-18,sz000001,1782.6380,1806.7240,1757.0470,1790.1650,147584500,155.666522
2018-04-19,sz000001,1793.1760,1818.7670,1778.1220,1785.6490,84913100,155.679948
2018-04-20,sz000001,1791.6700,1802.2080,1745.0040,1767.5850,95869000,155.734361
2018-04-23,sz000001,1760.0580,1806.7240,1754.0360,1800.7030,107028900,155.635523
2018-04-24,sz000001,1809.7350,1856.4010,1802.2080,1844.3580,146109800,155.510793
2018-04-25,sz000001,1829.3040,1836.8310,1809.7350,1817.2620,73028600,155.587500
2018-04-26,sz000001,1814.2510,1818.7670,1761.5630,1778.1220,87423500,155.702452
2018-04-27,sz000001,1788.6600,1791.6700,1659.1990,1692.3170,270979500,155.973917
2018-05-02,sz000001,1710.3810,1719.4130,1684.7900,1696.8330,119052300,155.958915
2018-05-03,sz000001,1693.8220,1696.8330,1650.1670,1677.2630,128135500,156.024465
2018-05-04,sz000001,1674.2520,1689.3060,1663.7150,1666.7260,71050900,156.060487
2018-05-07,sz000001,1669.7360,1689.3060,1660.7040,1686.2950,97430900,155.993987
2018-05-08,sz000001,1689.3060,1737.4780,1684.7900,1716.4020,137330500,155.894823
2018-05-09,sz000001,1711.8860,1719.4130,1696.8330,1710.3810,62765600,155.914403
2018-05-10,sz000001,1719.4130,1728.4450,1701.3490,1716.4020,55273500,155.894823
2018-05-11,sz000001,1720.9190,1734.4670,1708.8760,1716.4020,77236900,155.894823
2018-05-14,sz000001,1728.4450,1749.5200,1719.4130,1741.9940,103929700,155.813417
2018-05-15,sz000001,1741.9940,1743.4990,1717.9080,1732.9610,66926100,155.841817
2018-05-16,sz000001,1725.4350,1725.4350,1698.3380,1699.8440,71436200,155.948991
2018-05-17,sz000001,1701.3490,1705.8650,1681.7790,1687.8010,58649400,155.989002
2018-05-18,sz000001,1686.2950,1710.3810,1678.7690,1708.8760,57838400,155.919343
2018-05-21,sz000001,1725.4350,1731.4560,1704.3600,1707.3700,76353300,155.924201
2018-05-22,sz000001,1707.3700,1711.8860,1683.2850,1693.8220,58987100,155.968877
2018-05-23,sz000001,1687.8010,1687.8010,1657.6930,1662.2100,99101600,156.076056
2018-05-24,sz000001,1663.7150,1666.7260,1651.6720,1656.1880,68815200,156.096890
2018-05-25,sz000001,1656.1880,1665.2200,1647.1560,1653.1770,59333500,156.107365
2018-05-28,sz000001,1651.6720,1663.7150,1641.1350,1653.1770,56940000,156.107365
2018-05-29,sz000001,1651.6720,1659.1990,1617.0490,1621.5650,88949400,156.220135
2018-05-30,sz000001,1608.0170,1608.0170,1571.8880,1576.4040,112444700,156.389286
2018-05-31,sz000001,1580.9200,1592.9630,1567.3720,1591.4580,98736000,156.331827
2018-06-01,sz000001,1586.9420,1608.0170,1574.8990,1592.9630,59721100,156.326104
2018-06-04,sz000001,1598.9850,1611.0270,1586.9420,1605.0060,59303800,156.281013
2018-06-05,sz000001,1608.0170,1609.5220,1580.9200,1603.5010,65654000,156.286647
2018-06-06,sz000001,1601.9950,1603.5010,1579.4150,1585.4360,71274300,156.354635
2018-06-07,sz000001,1594.4680,1633.6080,1591.4580,1620.0600,126263800,156.225651
2018-06-08,sz000001,1614.0380,1614.0380,1573.3930,1582.4260,109937900,156.366206
2018-06-11,sz000001,1573.3930,1583.9310,1564.3610,1570.3830,72137400,156.412649
2018-06-12,sz000001,1568.8770,1576.4040,1556.8340,1573.3930,91330000,156.400895
2018-06-13,sz000001,1570.3830,1573.3930,1556.8340,1556.8340,53058400,156.465729
2018-06-14,sz000001,1556.8340,1586.9420,1552.3180,1574.8990,86639200,156.395134
2018-06-15,sz000001,1576.4040,1608.0170,1573.3930,1589.9520,124870700,156.337463
2018-06-19,sz000001,1571.8880,1586.9420,1537.2650,1544.7920,156587400,156.513880
2018-06-20,sz000001,1544.7920,1556.8340,1528.2330,1550.8130,76363700,156.489707
2018-06-21,sz000001,1553.8240,1570.3830,1543.2860,1543.2860,84007000,156.519878
2018-06-22,sz000001,1534.2540,1544.7920,1529.7380,1541.7810,65781800,156.525990
2018-06-25,sz000001,1550.8130,1552.3180,1471.0290,1483.0720,119521200,156.772939
2018-06-26,sz000001,1472.5340,1480.0610,1427.3740,1468.0180,112415600,156.839530
2018-06-27,sz000001,1460.4910,1474.0400,1418.3410,1427.3740,104514200,157.026843
2018-06-28,sz000001,1406.2990,1425.8680,1394.2560,1401.7820,111076400,157.150448
2018-06-29,sz000001,1415.3310,1433.3950,1407.8040,1427.3740,67529900,157.026843
2018-07-02,sz000001,1421.3520,1421.3520,1346.0840,1355.1160,131552000,157.388618
2018-07-03,sz000001,1367.1590,1368.6650,1331.0310,1364.1490,127483800,157.341292
2018-07-04,sz000001,1358.1270,1376.1910,1355.1160,1355.1160,71115300,157.388618
2018-07-05,sz000001,1356.6220,1373.1810,1346.0840,1353.6110,83576800,157.396628
2018-07-06,sz000001,1355.1160,1380.7070,1331.0310,1362.6430,98828200,157.349076
2018-07-09,sz000001,1367.1590,1418.3410,1365.6540,1418.3410,140995400,157.069878
2018-07-10,sz000001,1416.8360,1416.8360,1397.2660,1410.8150,89686200,157.106347
2018-07-11,sz000001,1377.6970,1388.2340,1365.6540,1380.7070,85129600,157.255923
2018-07-12,sz000001,1374.0840,1429.7820,1371.0730,1416.2340,114049200,159.485811
2018-07-13,sz000001,1422.2550,1425.2660,1407.2020,1416.2340,60337800,159.485811
2018-07-16,sz000001,1411.7180,1419.2450,1387.6320,1393.6540,68984500,159.639633
2018-07-17,sz000001,1395.1590,1396.6640,1383.1160,1392.1480,37535600,159.650000
2018-07-18,sz000001,1396.6640,1411.7180,1387.6320,1389.1370,52515200,159.670920
2018-07-19,sz000001,1396.6640,1405.6960,1387.6320,1393.6540,46137200,159.639633
2018-07-20,sz000001,1393.6540,1464.4050,1375.5890,1450.8570,175427700,159.259824
2018-07-23,sz000001,1440.3200,1502.0390,1434.2980,1497.5230,178168800,158.972718
2018-07-24,sz000001,1493.0070,1523.1140,1483.9750,1494.5130,142589400,158.990745
2018-07-25,sz000001,1500.5340,1505.0500,1483.9750,1491.5020,61412200,159.008742
2018-07-26,sz000001,1494.5130,1506.5550,1465.9110,1471.9320,83335800,159.127784
2018-07-27,sz000001,1479.4590,1488.4910,1461.3950,1471.9320,51512600,159.127784
2018-07-30,sz000001,1482.4700,1508.0610,1473.4380,1493.0070,70638500,158.999681
2018-07-31,sz000001,1489.9970,1508.0610,1471.9320,1497.5230,72015000,158.972718
2018-08-01,sz000001,1497.5230,1509.5660,1450.8570,1456.8790,81408100,159.221749
2018-08-02,sz000001,1453.8680,1456.8790,1416.2340,1425.2660,93140100,159.425727
2018-08-03,sz000001,1423.7610,1449.3520,1420.7500,1420.7500,47654600,159.455668
2018-08-06,sz000001,1425.2660,1450.8570,1417.7390,1425.2660,55401000,159.425727
2018-08-07,sz000001,1428.2770,1459.8890,1416.2340,1459.8890,69042300,159.202726
2018-08-08,sz000001,1458.3840,1458.3840,1440.3200,1441.8250,57895300,159.317680
2018-08-09,sz000001,1440.3200,1486.9860,1437.3090,1477.9540,80678300,159.090850
2018-08-10,sz000001,1479.4590,1482.4700,1458.3840,1468.9210,42416800,159.146371
2018-08-13,sz000001,1452.3630,1458.3840,1419.2450,1441.8250,81849100,159.317680
2018-08-14,sz000001,1438.8140,1440.3200,1425.2660,1434.2980,43024000,159.366444
2018-08-15,sz000001,1437.3090,1437.3090,1396.6640,1402.6860,67044200,159.577474
2018-08-16,sz000001,1393.6540,1417.7390,1380.1050,1401.1800,63827200,159.587699
2018-08-17,sz000001,1416.2340,1425.2660,1401.1800,1405.6960,64947600,159.556867
2018-08-20,sz000001,1419.2450,1437.3090,1414.7290,1434.2980,68132200,159.366444
2018-08-21,sz000001,1437.3090,1473.4380,1435.8040,1468.9210,126447400,159.146371
2018-08-22,sz000001,1470.4270,1485.4800,1453.8680,1477.9540,98243300,159.090850
2018-08-23,sz000001,1479.4590,1497.5230,1468.9210,1488.4910,72907400,159.026816
2018-08-24,sz000001,1480.9640,1626.9840,1477.9540,1589.3500,304040800,158.459621
2018-08-27,sz000001,1587.8450,1649.5650,1580.3180,1649.5650,221842400,158.155801
2018-08-28,sz000001,1636.0160,1649.5650,1620.9630,1628.4900,128977700,158.259475
2018-08-29,sz000001,1622.4680,1634.5110,1607.4150,1625.4790,90188300,158.274489
2018-08-30,sz000001,1625.4790,1637.5220,1596.8770,1602.8980,99491700,158.389130
2018-08-31,sz000001,1604.4040,1633.0060,1599.8880,1604.4040,131086500,158.381441
2018-09-03,sz000001,1598.3820,1629.9950,1598.3820,1613.4360,71169500,158.335231
2018-09-04,sz000001,1614.9410,1667.6290,1595.3720,1649.5650,129634200,158.155801
2018-09-05,sz000001,1629.9950,1634.5110,1592.3610,1592.3610,117945300,158.443881
2018-09-06,sz000001,1592.3610,1605.9090,1577.3070,1580.3180,71177700,158.507322
2018-09-07,sz000001,1590.8560,1611.9310,1574.2970,1586.3390,80903500,158.475425
2018-09-10,sz000001,1586.3390,1595.3720,1560.7480,1566.7700,63698900,158.579960
2018-09-11,sz000001,1569.7810,1589.3500,1556.2320,1571.2860,71296700,158.555600
2018-09-12,sz000001,1565.2640,1580.3180,1557.7380,1566.7700,56482900,158.579960
2018-09-13,sz000001,1598.3820,1599.8880,1560.7480,1578.8130,99972500,158.515361
2018-09-14,sz000001,1581.8230,1581.8230,1556.2320,1560.7480,61975000,158.612602
2018-09-17,sz000001,1554.7270,1554.7270,1536.6630,1538.1680,51708200,158.737668
2018-09-18,sz000001,1544.1890,1602.8980,1539.6730,1596.8770,112680700,158.420337
2018-09-19,sz000001,1589.3500,1636.0160,1589.3500,1620.9630,123154800,158.297168
2018-09-20,sz000001,1625.4790,1639.0270,1613.4360,1619.4570,62034800,158.304692
2018-09-21,sz000001,1623.9730,1690.2090,1611.9310,1685.6930,162451800,157.984349
2018-09-25,sz000001,1663.1130,1687.1990,1657.0910,1667.6290,97701400,158.069100
2018-09-26,sz000001,1676.6610,1723.3270,1663.1130,1691.7150,149051300,157.956583
2018-09-27,sz000001,1682.6820,1711.2840,1670.6400,1696.2310,88036300,157.935847
2018-09-28,sz000001,1702.2520,1776.0150,1702.2520,1742.8970,211024200,157.728235
2018-10-08,sz000001,1690.2090,1703.7570,1652.5750,1652.5750,168635800,158.141148
2018-10-09,sz000001,1654.0810,1690.2090,1643.5430,1669.1340,106408400,158.061932
2018-10-10,sz000001,1666.1240,1684.1880,1642.0380,1652.5750,99520000,158.141148
2018-10-11,sz000001,1592.3610,1608.9200,1539.6730,1563.7590,199514300,158.596247
2018-10-12,sz000001,1580.3180,1636.0160,1565.2640,1629.9950,151681000,158.251942
2018-10-15,sz000001,1643.5430,1655.5860,1598.3820,1601.3930,140268500,158.396934
2018-10-16,sz000001,1605.9090,1666.1240,1602.8980,1640.5320,139692100,158.199807
2018-10-17,sz000001,1660.1020,1667.6290,1605.9090,1634.5110,135088900,158.229526
2018-10-18,sz000001,1628.4900,1628.4900,1593.8660,1598.3820,100115600,158.412488
2018-10-19,sz000001,1577.3070,1702.2520,1572.7910,1699.2410,208366700,157.922026
2018-10-22,sz000001,1706.7680,1804.6170,1702.2520,1757.9500,264554300,157.663677
2018-10-23,sz000001,1765.4770,1768.4880,1694.7250,1711.2840,160254500,157.867528
2018-10-24,sz000001,1720.3160,1785.0470,1705.2630,1741.3910,182942400,157.734692
2018-10-25,sz000001,1705.2630,1779.0250,1691.7150,1779.0250,168501100,157.575288
2018-10-26,sz000001,1779.0250,1782.0360,1729.3490,1762.4660,129997500,157.644544
2018-10-29,sz000001,1765.4770,1771.4990,1678.1660,1697.7360,159162800,157.928930
2018-10-30,sz000001,1702.2520,1747.4130,1694.7250,1720.3160,150182700,157.827156
2018-10-31,sz000001,1727.8430,1733.8650,1697.7360,1721.8220,115268300,157.820532
2018-11-01,sz000001,1733.8650,1742.8970,1699.2410,1709.7790,154277600,157.874331
2018-11-02,sz000001,1741.3910,1759.4560,1709.7790,1748.9180,221292200,157.702254
2018-11-05,sz000001,1727.8430,1741.3910,1708.2740,1723.3270,129192400,157.813828
2018-11-06,sz000001,1715.8000,1724.8330,1694.7250,1711.2840,73572500,157.867528
2018-11-07,sz000001,1709.7790,1727.8430,1697.7360,1706.7680,78559700,157.887882
2018-11-08,sz000001,1717.3060,1730.8540,1708.2740,1718.8110,79397600,157.833884
2018-11-09,sz000001,1691.7150,1694.7250,1645.0480,1667.6290,162926900,158.069100
2018-11-12,sz000001,1654.0810,1672.1450,1642.0380,1669.1340,92033300,158.061932
2018-11-13,sz000001,1646.5540,1682.6820,1642.0380,1666.1240,107249700,158.076281
2018-11-14,sz000001,1664.6180,1667.6290,1648.0590,1651.0700,77423900,158.148467
2018-11-15,sz000001,1651.0700,1681.1770,1648.0590,1678.1660,90146100,158.019397
2018-11-16,sz000001,1676.6610,1693.2200,1658.5970,1670.6400,105959200,158.054872
2018-11-19,sz000001,1670.6400,1717.3060,1670.6400,1712.7900,136088700,157.860829
2018-11-20,sz000001,1697.7360,1705.2630,1663.1130,1670.6400,103387700,158.054872
2018-11-21,sz000001,1660.1020,1685.6930,1657.0910,1676.6610,66615700,158.026484
2018-11-22,sz000001,1685.6930,1685.6930,1657.0910,1667.6290,50026700,158.069100
2018-11-23,sz000001,1664.6180,1672.1450,1631.5000,1633.0060,70035800,158.237016
2018-11-26,sz000001,1636.0160,1654.0810,1629.9950,1636.0160,51656900,158.222050
2018-11-27,sz000001,1637.5220,1643.5430,1608.9200,1611.9310,73344800,158.342927
2018-11-28,sz000001,1610.4250,1631.5000,1608.9200,1626.9840,53775100,158.266926
2018-11-29,sz000001,1637.5220,1643.5430,1613.4360,1614.9410,48528400,158.327549
2018-11-30,sz000001,1617.9520,1639.0270,1610.4250,1639.0270,59471500,158.207239
2018-12-03,sz000001,1673.6500,1684.1880,1655.5860,1673.6500,106409700,158.040604
2018-12-04,sz000001,1670.6400,1678.1660,1664.6180,1673.6500,53481300,158.040604
2018-12-05,sz000001,1658.5970,1661.6070,1645.0480,1652.5750,58154500,158.141148
2018-12-06,sz000001,1639.0270,1640.5320,1619.4570,1622.4680,57886600,158.289561
2018-12-07,sz000001,1629.9950,1643.5430,1625.4790,1626.9840,34021600,158.266926
2018-12-10,sz000001,1617.9520,1625.4790,1604.4040,1610.4250,49481800,158.350541
2018-12-11,sz000001,1616.4470,1623.9730,1610.4250,1619.4570,29908900,158.304692
2018-12-12,sz000001,1629.9950,1633.0060,1614.9410,1620.9630,36637900,158.297168
2018-12-13,sz000001,1622.4680,1657.0910,1614.9410,1643.5430,79084500,158.185082
2018-12-14,sz000001,1636.0160,1637.5220,1608.9200,1610.4250,52667500,158.350541
2018-12-17,sz000001,1608.9200,1634.5110,1599.8880,1628.4900,57127400,158.259475
2018-12-18,sz000001,1614.9410,1633.0060,1599.8880,1602.8980,53774400,158.389130
2018-12-19,sz000001,1605.9090,1611.9310,1569.7810,1575.8020,59800700,158.531388
2018-12-20,sz000001,1572.7910,1580.3180,1529.1360,1541.1790,99028400,158.720803
2018-12-21,sz000001,1536.6630,1539.6730,1483.9750,1502.0390,100061600,158.945926
2018-12-24,sz000001,1494.5130,1502.0390,1480.9640,1497.5230,50911700,158.972718
2018-12-25,sz000001,1477.9540,1499.0290,1465.9110,1485.4800,58661500,159.044968
2018-12-26,sz000001,1486.9860,1497.5230,1474.9430,1479.4590,42114000,159.081613
2018-12-27,sz000001,1502.0390,1508.0610,1476.4480,1476.4480,62459300,159.100000
2018-12-28,sz000001,1480.9640,1503.5450,1480.9640,1491.5020,57660400,159.008742
2019-01-02,sz000001,1493.0070,1497.5230,1458.3840,1462.9000,53938600,159.183896
2019-01-03,sz000001,1461.3950,1483.9750,1456.8790,1476.4480,41553700,159.100000
2019-01-04,sz000001,1470.4270,1557.7380,1467.4160,1547.2000,148115900,158.687179
2019-01-07,sz000001,1560.7480,1562.2540,1529.1360,1545.6950,86568700,158.695585
2019-01-08,sz000001,1544.1890,1545.6950,1527.6300,1533.6520,40238800,158.763147
2019-01-09,sz000001,1545.6950,1596.8770,1539.6730,1575.8020,123348600,158.531388
2019-01-10,sz000001,1565.2640,1614.9410,1563.7590,1599.8880,107181700,158.404752
2019-01-11,sz000001,1601.3930,1617.9520,1592.3610,1614.9410,69636400,158.327549
2019-01-14,sz000001,1617.9520,1622.4680,1595.3720,1601.3930,50044300,158.396934
2019-01-15,sz000001,1601.3930,1626.9840,1598.3820,1620.9630,54216000,158.297168
2019-01-16,sz000001,1620.9630,1660.1020,1619.4570,1657.0910,97769900,158.119370
2019-01-17,sz000001,1666.1240,1670.6400,1610.4250,1622.4680,88281100,158.289561
2019-01-18,sz000001,1636.0160,1658.5970,1626.9840,1649.5650,73879300,158.155801
2019-01-21,sz000001,1636.0160,1655.5860,1633.0060,1636.0160,65935500,158.222050
2019-01-22,sz000001,1636.0160,1651.0700,1623.9730,1626.9840,42441300,158.266926
2019-01-23,sz000001,1628.4900,1655.5860,1628.4900,1637.5220,53787600,158.214686
2019-01-24,sz000001,1645.0480,1667.6290,1640.5320,1663.1130,67924000,158.090589
2019-01-25,sz000001,1669.1340,1741.3910,1667.6290,1735.3700,210836100,157.760909
2019-01-28,sz000001,1741.3910,1756.4450,1717.3060,1726.3380,103590900,157.800548
2019-01-29,sz000001,1729.3490,1745.9080,1700.7470,1735.3700,82663100,157.760909
2019-01-30,sz000001,1727.8430,1762.4660,1714.2950,1727.8430,71200100,157.793881
2019-01-31,sz000001,1732.3590,1765.4770,1726.3380,1750.4240,83162200,157.695856
2019-02-01,sz000001,1765.4770,1773.0040,1729.3490,1765.4770,101427000,157.631875
2019-02-11,sz000001,1747.4130,1766.9830,1730.8540,1766.9830,80193600,157.625602
2019-02-12,sz000001,1765.4770,1782.0360,1739.8860,1763.9720,95993600,157.638248
2019-02-13,sz000001,1763.9720,1797.0900,1753.4340,1792.5740,113736500,157.519684
2019-02-14,sz000001,1780.5310,1785.0470,1763.9720,1773.0040,86918500,157.600356
2019-02-15,sz000001,1769.9930,1769.9930,1720.3160,1727.8430,110012700,157.793881
2019-02-18,sz000001,1742.8970,1789.5630,1741.3910,1789.5630,125552200,157.531954
2019-02-19,sz000001,1789.5630,1828.7020,1771.4990,1776.0150,127088200,157.587844
2019-02-20,sz000001,1785.0470,1815.1540,1773.0040,1797.0900,83262900,157.501315
2019-02-21,sz000001,1792.5740,1818.1650,1777.5200,1789.5630,75424600,157.531954
2019-02-22,sz000001,1788.0580,1821.1750,1757.9500,1816.6590,118404700,157.422790
2019-02-25,sz000001,1840.7450,1982.2490,1821.1750,1968.7010,282493500,156.868606
2019-02-26,sz000001,1968.7010,1971.7110,1908.4860,1916.0130,201754400,157.050246
2019-02-27,sz000001,1922.0350,1985.2600,1908.4860,1946.1200,197901300,156.945161
2019-02-28,sz000001,1952.1420,1977.7330,1926.5510,1940.0990,111309900,156.965939
2019-03-01,sz000001,1958.1630,2003.3240,1916.0130,2000.3130,171267900,156.764342
2019-03-04,sz000001,1991.2810,2093.6450,1979.2380,2034.9360,245683000,156.654042
2019-03-05,sz000001,2022.8940,2080.0970,2012.3560,2045.4740,140842200,156.621286
2019-03-06,sz000001,2045.4740,2059.0220,2012.3560,2048.4850,124576000,156.612003
2019-03-07,sz000001,2045.4740,2045.4740,1968.7010,1997.3020,178205700,156.774097
2019-03-08,sz000001,1959.6680,1991.2810,1923.5400,1931.0670,177816200,156.997317
2019-03-11,sz000001,1931.0670,1959.6680,1893.4330,1934.0770,115765000,156.986769
2019-03-12,sz000001,1959.6680,1982.2490,1922.0350,1940.0990,141179400,156.965939
2019-03-13,sz000001,1937.0880,1968.7010,1905.4760,1941.6040,126942700,156.960711
2019-03-14,sz000001,1935.5830,1979.2380,1926.5510,1950.6360,105746700,156.929686
2019-03-15,sz000001,1937.0880,1988.2700,1937.0880,1961.1740,104540600,156.893920
2019-03-18,sz000001,1965.6900,2027.4100,1934.0770,2022.8940,148645400,156.692022
2019-03-19,sz000001,2024.3990,2027.4100,1977.7330,2004.8290,95719600,156.749726
2019-03-20,sz000001,1988.2700,2018.3770,1979.2380,1998.8080,92999600,156.769255
2019-03-21,sz000001,2001.8190,2006.3350,1973.2170,1989.7760,86014000,156.798739
2019-03-22,sz000001,1989.7760,1997.3020,1961.1740,1974.7220,71350200,156.848451
2019-03-25,sz000001,1946.1200,1946.1200,1900.9600,1902.4650,117988300,157.098679
2019-03-26,sz000001,1920.5290,1929.5610,1887.4110,1900.9600,93539300,157.104132
2019-03-27,sz000001,1922.0350,1956.6580,1913.0020,1943.1100,92282600,156.955574
2019-03-28,sz000001,1932.5720,1932.5720,1900.9600,1919.0240,73246700,157.039607
2019-03-29,sz000001,1925.0450,2009.3450,1917.5180,2009.3450,166950600,156.735179
2019-04-01,sz000001,2010.8510,2119.2370,2010.8510,2063.5380,195140100,156.565857
2019-04-02,sz000001,2078.5920,2108.6990,2071.0650,2090.6350,110038400,156.484656
2019-04-03,sz000001,2068.0540,2104.1830,2059.0220,2102.6780,79291500,156.449256
2019-04-04,sz000001,2101.1720,2186.9780,2101.1720,2165.9030,203436500,156.270058
2019-04-08,sz000001,2171.9240,2251.7080,2144.8280,2180.9560,174317600,156.228940
2019-04-09,sz000001,2167.4080,2183.9670,2149.3440,2158.3760,78133200,156.290804
2019-04-10,sz000001,2149.3440,2168.9130,2096.6560,2146.3330,94713500,156.324326
2019-04-11,sz000001,2146.3330,2180.9560,2110.2040,2117.7310,65535600,156.405539
2019-04-12,sz000001,2110.2040,2125.2580,2068.0540,2099.6670,77432400,156.458048
2019-04-15,sz000001,2144.8280,2200.5260,2135.7950,2140.3120,153389000,156.341271
2019-04-16,sz000001,2137.3010,2274.2890,2119.2370,2274.2890,237937500,155.986900
2019-04-17,sz000001,2250.2030,2275.7940,2221.6010,2239.6650,100410900,156.074216
2019-04-18,sz000001,2232.1380,2242.6760,2203.5370,2238.1600,50704500,156.078103
2019-04-19,sz000001,2254.7190,2307.4060,2232.1380,2296.8690,124603600,155.931365
2019-04-22,sz000001,2277.2990,2313.4280,2199.0210,2209.5580,132227300,156.152509
2019-04-23,sz000001,2202.0310,2217.0850,2182.4620,2197.5150,94068700,156.184435
2019-04-24,sz000001,2254.7190,2277.2990,2211.0630,2253.2130,194972300,156.039681
2019-04-25,sz000001,2244.1810,2283.3210,2206.5470,2206.5470,111147600,156.160439
2019-04-26,sz000001,2199.0210,2224.6120,2141.8170,2155.3650,100942100,156.299130
2019-04-29,sz000001,2171.9240,2236.6550,2165.9030,2202.0310,103069500,156.172411
2019-04-30,sz000001,2185.4720,2194.5040,2125.2580,2164.3970,111657000,156.274152
2019-05-06,sz000001,2051.4950,2089.1290,1992.7860,2016.8720,210866700,156.711111
2019-05-07,sz000001,2040.9580,2049.9900,1994.2920,2028.9150,107265800,156.672973
2019-05-08,sz000001,1994.2920,2022.8940,1961.1740,1976.2270,97545000,156.843413
2019-05-09,sz000001,1964.1850,1973.2170,1893.4330,1909.9920,155715100,157.071711
2019-05-10,sz000001,1937.0880,1998.8080,1900.9600,1988.2700,119239900,156.803628
2019-05-13,sz000001,1935.5830,1967.1950,1920.5290,1931.0670,74191700,156.997317
2019-05-14,sz000001,1916.0130,1998.8080,1909.9920,1959.6680,118259800,156.898959
2019-05-15,sz000001,1973.2170,2053.0010,1971.7110,2024.3990,110398800,156.687229
2019-05-16,sz000001,2025.9040,2034.9360,2003.3240,2013.8610,63490100,156.720700
2019-05-17,sz000001,2024.3990,2025.9040,1940.0990,1952.1420,96500000,156.924598
2019-05-20,sz000001,1938.5930,1967.1950,1923.5400,1943.1100,78643500,156.955574
2019-05-21,sz000001,1946.1200,1995.7970,1940.0990,1970.2060,73121000,156.863535
2019-05-22,sz000001,1971.7110,1971.7110,1934.0770,1946.1200,50623000,156.945161
2019-05-23,sz000001,1922.0350,1949.1310,1906.9810,1929.5610,66685500,157.002522
2019-05-24,sz000001,1938.5930,1953.6470,1932.5720,1938.5930,49552600,156.971093
2019-05-27,sz000001,1917.5180,1949.1310,1875.3680,1941.6040,104842500,156.960711
2019-05-28,sz000001,1932.5720,1968.7010,1925.0450,1959.6680,88070300,156.898959
2019-05-29,sz000001,1940.0990,1974.7220,1925.0450,1946.1200,66641100,156.945161
2019-05-30,sz000001,1934.0770,1943.1100,1902.4650,1919.0240,64628400,157.039607
2019-05-31,sz000001,1909.9920,1946.1200,1902.4650,1913.0020,68679400,157.060920
2019-06-03,sz000001,1919.0240,1935.5830,1858.8090,1870.8520,151271900,157.214454
2019-06-04,sz000001,1869.3470,1876.8740,1825.6920,1863.3260,97465500,157.242700
2019-06-05,sz000001,1881.3900,1906.9810,1873.8630,1881.3900,74889200,157.175439
2019-06-06,sz000001,1881.3900,1896.4430,1869.3470,1873.8630,43366500,157.203272
2019-06-10,sz000001,1887.4110,1956.6580,1882.8950,1937.0880,114466800,156.976337
2019-06-11,sz000001,1937.0880,1994.2920,1931.0670,1983.7540,125108700,156.818498
2019-06-12,sz000001,1980.7440,1985.2600,1952.1420,1971.7110,65731000,156.858473
2019-06-13,sz000001,1967.1950,1988.2700,1950.6360,1974.7220,53000000,156.848451
2019-06-14,sz000001,1974.7220,1989.7760,1953.6470,1959.6680,48319100,156.898959
2019-06-17,sz000001,1958.1630,2004.8290,1958.1630,1986.7650,61981500,156.808603
2019-06-18,sz000001,1986.7650,2013.8610,1974.7220,2006.3350,48355500,156.744922
2019-06-19,sz000001,2080.0970,2095.1510,2037.9470,2046.9790,114322600,156.616603
2019-06-20,sz000001,2062.0330,2179.4510,2054.5060,2156.8710,152919100,156.295000
2019-06-21,sz000001,2150.8490,2167.4080,2123.7530,2132.7850,101112900,156.362537
2019-06-24,sz000001,2140.3120,2161.3870,2128.2690,2140.3120,65957200,156.341271
2019-06-25,sz000001,2144.8280,2144.8280,2046.9790,2101.1720,146922700,156.453611
2019-06-26,sz000001,2098.9140,2133.5370,2086.8710,2113.9680,54650400,158.112790
2019-06-27,sz000001,2133.5370,2186.2250,2126.0110,2165.1500,92507400,157.924872
2019-06-28,sz000001,2168.1610,2177.1930,2145.5800,2175.6880,49809300,157.887373
2019-07-01,sz000001,2210.3110,2235.9020,2189.2360,2198.2680,96063600,157.808184
2019-07-02,sz000001,2190.7410,2244.9340,2187.7300,2235.9020,105274400,157.679972
2019-07-03,sz000001,2235.9020,2240.4180,2189.2360,2210.3110,76907800,157.766667
2019-07-04,sz000001,2210.3110,2250.9550,2190.7410,2207.3000,62129200,157.776984
2019-07-05,sz000001,2201.2790,2205.7950,2162.1390,2196.7630,74919600,157.813434
2019-07-08,sz000001,2181.7090,2190.7410,2126.0110,2147.0860,77841300,157.990140
2019-07-09,sz000001,2153.1070,2165.1500,2124.5050,2147.0860,49429600,157.990140
2019-07-10,sz000001,2150.0960,2163.6450,2132.0320,2142.5700,35822000,158.006637
2019-07-11,sz000001,2160.6340,2175.6880,2138.0540,2139.5590,48418300,158.017651
2019-07-12,sz000001,2148.5910,2243.4290,2145.5800,2226.8700,146536600,157.710340
2019-07-15,sz000001,2213.3210,2226.8700,2184.7200,2208.8050,84128200,157.771786
2019-07-16,sz000001,2204.2890,2207.3000,2165.1500,2171.1710,72278000,157.903345
2019-07-17,sz000001,2163.6450,2180.2040,2150.0960,2162.1390,41002000,157.935646
2019-07-18,sz000001,2156.1180,2180.2040,2142.5700,2159.1290,42282600,157.946525
2019-07-19,sz000001,2169.6660,2220.8480,2160.6340,2207.3000,86639000,157.776984
2019-07-22,sz000001,2202.7840,2211.8160,2172.6770,2186.2250,58228300,157.850181
2019-07-23,sz000001,2187.7300,2189.2360,2156.1180,2172.6770,50400400,157.898038
2019-07-24,sz000001,2189.2360,2210.3110,2177.1930,2190.7410,57027600,157.834366
2019-07-25,sz000001,2196.7630,2249.4500,2186.2250,2238.9130,108782600,157.669930
2019-07-26,sz000001,2235.9020,2246.4390,2220.8480,2243.4290,63530500,157.654884
2019-07-29,sz000001,2246.4390,2276.5470,2235.9020,2252.4610,71557600,157.624983
2019-07-30,sz000001,2255.4720,2291.6000,2252.4610,2264.5040,79663400,157.585525
2019-07-31,sz000001,2253.9660,2256.9770,2220.8480,2228.3750,63472300,157.705237
2019-08-01,sz000001,2217.8380,2237.4070,2199.7730,2223.8590,52798100,157.720496
2019-08-02,sz000001,2174.1820,2190.7410,2157.6230,2169.6660,96992600,157.908734
2019-08-05,sz000001,2148.5910,2154.6120,2098.9140,2110.9570,89308200,158.124120
2019-08-06,sz000001,2073.3230,2127.5160,2062.7860,2113.9680,88249900,158.112790
2019-08-07,sz000001,2132.0320,2154.6120,2113.9680,2139.5590,79303800,158.017651
2019-08-08,sz000001,2193.7520,2284.0730,2186.2250,2266.0090,233071500,157.580598
2019-08-09,sz000001,2291.6000,2336.7610,2273.5360,2287.0840,206057500,157.512672
2019-08-12,sz000001,2300.6320,2377.4060,2299.1270,2377.4060,273342500,157.235847
2019-08-13,sz000001,2359.3410,2371.3840,2320.2020,2342.7820,129373600,157.339288
2019-08-14,sz000001,2380.4160,2392.4590,2329.2340,2354.8250,136054600,157.302939
2019-08-15,sz000001,2305.1480,2353.3200,2299.1270,2350.3090,89737600,157.316533
2019-08-16,sz000001,2372.8900,2380.4160,2326.2230,2344.2880,98690200,157.334765
2019-08-19,sz000001,2345.7930,2350.3090,2287.0840,2347.2980,229295600,157.325603
2019-08-20,sz000001,2347.2980,2389.4480,2324.7180,2357.8360,192104100,157.293929
2019-08-21,sz000001,2339.7720,2342.7820,2266.0090,2276.5470,199013100,157.546505
2019-08-22,sz000001,2269.0200,2276.5470,2238.9130,2255.4720,135307100,157.615094
2019-08-23,sz000001,2264.5040,2320.2020,2261.4930,2306.6540,163686700,157.450785
2019-08-26,sz000001,2272.0300,2284.0730,2231.3860,2246.4390,141512200,157.644842
2019-08-27,sz000001,2262.9980,2281.0630,2244.9340,2255.4720,135671300,157.615094
2019-08-28,sz000001,2247.9450,2250.9550,2216.3320,2249.4500,82965700,157.634898
2019-08-29,sz000001,2241.9230,2244.9340,2220.8480,2228.3750,60903400,157.705237
2019-08-30,sz000001,2252.4610,2267.5140,2223.8590,2232.8910,79850000,157.690042
2019-09-02,sz000001,2231.3860,2284.0730,2225.3640,2276.5470,136020100,157.546505
2019-09-03,sz000001,2281.0630,2285.5790,2246.4390,2253.9660,85865300,157.620000
2019-09-04,sz000001,2256.9770,2284.0730,2255.4720,2275.0410,97396400,157.551316
2019-09-05,sz000001,2293.1050,2336.7610,2291.6000,2296.1160,176805100,157.483951
2019-09-06,sz000001,2315.6860,2330.7390,2302.1380,2330.7390,98643200,157.376030
2019-09-09,sz000001,2356.3310,2359.3410,2299.1270,2312.6750,129983900,157.431926
2019-09-10,sz000001,2299.1270,2305.1480,2270.5250,2291.6000,79687000,157.498282
2019-09-11,sz000001,2299.1270,2315.6860,2278.0520,2293.1050,81861400,157.493475
2019-09-12,sz000001,2308.1590,2326.2230,2288.5890,2311.1700,115068700,157.436649
2019-09-16,sz000001,2314.1810,2317.1910,2269.0200,2276.5470,92989400,157.546505
2019-09-17,sz000001,2262.9980,2276.5470,2235.9020,2244.9340,88265500,157.649860
2019-09-18,sz000001,2244.9340,2281.0630,2244.9340,2270.5250,82043600,157.565926
2019-09-19,sz000001,2281.0630,2342.7820,2281.0630,2335.2560,188402000,157.362264
2019-09-20,sz000001,2351.8140,2419.5560,2348.8040,2410.5230,264428500,157.139700
2019-09-23,sz000001,2410.5230,2430.0930,2386.4380,2416.5450,140328200,157.122562
2019-09-24,sz000001,2430.0930,2440.6310,2386.4380,2386.4380,112910300,157.209354
2019-09-25,sz000001,2389.4480,2487.2970,2387.9430,2472.2430,193889200,156.967810
2019-09-26,sz000001,2488.8020,2515.8990,2458.6950,2466.2220,168659200,156.984214
2019-09-27,sz000001,2487.2970,2509.8770,2464.7160,2494.8240,100770600,156.907170
2019-09-30,sz000001,2472.2430,2493.3180,2445.1470,2448.1570,104636300,157.033804
2019-10-08,sz000001,2449.6630,2544.5000,2449.6630,2539.9840,138667600,156.789136
2019-10-09,sz000001,2524.9310,2588.1560,2512.8880,2547.5110,131669300,156.769908
2019-10-10,sz000001,2550.5220,2550.5220,2508.3720,2546.0060,87974600,156.773768
2019-10-11,sz000001,2539.9840,2652.8860,2539.9840,2631.8110,140542200,156.562225
2019-10-14,sz000001,2655.8970,2750.7350,2648.3700,2693.5310,155763700,156.418757
2019-10-15,sz000001,2698.0470,2713.1010,2633.3170,2687.5100,88195500,156.432480
2019-10-16,sz000001,2699.5520,2726.6490,2604.7150,2628.8010,126767100,156.569446
2019-10-17,sz000001,2645.3590,2660.4130,2592.6720,2615.2520,112618200,156.601916
2019-10-18,sz000001,2630.3060,2666.4350,2574.6080,2586.6500,119679900,156.671714
2019-10-21,sz000001,2574.6080,2655.8970,2574.6080,2643.8540,94595200,156.533689
2019-10-22,sz000001,2646.8650,2649.8760,2514.3930,2573.1020,188353100,156.705359
2019-10-23,sz000001,2558.0490,2610.7360,2544.5000,2577.6180,96753400,156.694103
2019-10-24,sz000001,2585.1450,2660.4130,2576.1130,2640.8430,110921400,156.540782
2019-10-25,sz000001,2627.2950,2654.3920,2597.1880,2642.3490,69143500,156.537263
2019-10-28,sz000001,2657.4020,2666.4350,2582.1340,2609.2310,107013100,156.616507
2019-10-29,sz000001,2613.7470,2649.8760,2594.1770,2646.8650,78886400,156.526611
2019-10-30,sz000001,2630.3060,2654.3920,2573.1020,2574.6080,85431700,156.701643
2019-10-31,sz000001,2573.1020,2580.6290,2546.0060,2549.0170,86256900,156.766113
2019-11-01,sz000001,2562.5650,2660.4130,2552.0270,2639.3380,125465500,156.544365
2019-11-04,sz000001,2657.4020,2698.0470,2625.7900,2648.3700,88982400,156.523050
2019-11-05,sz000001,2630.3060,2726.6490,2628.8010,2682.9930,117248500,156.442741
2019-11-06,sz000001,2669.4450,2699.5520,2642.3490,2654.3920,86332500,156.508962
2019-11-07,sz000001,2649.8760,2670.9510,2622.7790,2643.8540,71189600,156.533689
2019-11-08,sz000001,2657.4020,2663.4240,2606.2200,2607.7260,84913900,156.620180
2019-11-11,sz000001,2585.1450,2589.6610,2539.9840,2552.0270,95351500,156.758415
2019-11-12,sz000001,2553.5330,2565.5750,2533.9630,2559.5540,51626600,156.739375
2019-11-13,sz000001,2553.5330,2579.1240,2518.9090,2559.5540,65512000,156.739375
2019-11-14,sz000001,2574.6080,2582.1340,2547.5110,2558.0490,46889900,156.743199
2019-11-15,sz000001,2568.5860,2592.6720,2546.0060,2561.0590,56922700,156.735557
2019-11-18,sz000001,2562.5650,2592.6720,2544.5000,2577.6180,55791800,156.694103
2019-11-19,sz000001,2577.6180,2582.1340,2556.5430,2571.5970,56212000,156.709141
2019-11-20,sz000001,2555.0380,2555.0380,2475.2540,2487.2970,172438300,156.927256
2019-11-21,sz000001,2472.2430,2490.3080,2454.1790,2488.8020,77256300,156.923203
2019-11-22,sz000001,2493.3180,2497.8340,2442.1360,2448.1570,77347300,157.033804
2019-11-25,sz000001,2455.6840,2485.7910,2440.6310,2479.7700,78325700,156.947468
2019-11-26,sz000001,2493.3180,2493.3180,2433.1040,2452.6740,81529700,157.021383
2019-11-27,sz000001,2455.6840,2455.6840,2418.0500,2430.0930,47616900,157.084228
2019-11-28,sz000001,2430.0930,2440.6310,2425.5770,2433.1040,37801600,157.075791
2019-11-29,sz000001,2440.6310,2442.1360,2386.4380,2402.9970,65386600,157.161347
2019-12-02,sz000001,2412.0290,2424.0720,2393.9650,2413.5340,55387700,157.131120
2019-12-03,sz000001,2404.5020,2428.5880,2390.9540,2427.0820,45541800,157.092686
2019-12-04,sz000001,2410.5230,2421.0610,2390.9540,2406.0070,52454500,157.152645
2019-12-05,sz000001,2412.0290,2431.5990,2404.5020,2424.0720,55708400,157.101231
2019-12-06,sz000001,2430.0930,2467.7270,2428.5880,2449.6630,71261500,157.029679
2019-12-09,sz000001,2452.6740,2452.6740,2412.0290,2421.0610,60599200,157.109734
2019-12-10,sz000001,2413.5340,2416.5450,2396.9750,2409.0180,55638300,157.144031
2019-12-11,sz000001,2416.5450,2461.7060,2404.5020,2458.6950,87150500,157.004789
2019-12-12,sz000001,2458.6950,2460.2000,2439.1250,2449.6630,47899800,157.029679
2019-12-13,sz000001,2487.2970,2527.9410,2475.2540,2527.9410,105310300,156.820161
2019-12-16,sz000001,2527.9410,2530.9520,2490.3080,2529.4470,78795200,156.816305
2019-12-17,sz000001,2509.8770,2604.7150,2506.8660,2585.1450,120310400,156.675455
2019-12-18,sz000001,2574.6080,2609.2310,2571.5970,2579.1240,79709100,156.690401
2019-12-19,sz000001,2592.6720,2621.2740,2576.1130,2592.6720,67553600,156.656918
2019-12-20,sz000001,2592.6720,2612.2420,2576.1130,2598.6930,64447800,156.642134
2019-12-23,sz000001,2612.2420,2612.2420,2535.4680,2546.0060,71579200,156.773768
2019-12-24,sz000001,2544.5000,2585.1450,2544.5000,2570.0920,45912800,156.712927
2019-12-25,sz000001,2577.6180,2594.1770,2546.0060,2555.0380,41491700,156.750798
2019-12-26,sz000001,2561.0590,2582.1340,2558.0490,2580.6290,37203300,156.686642
2019-12-27,sz000001,2589.6610,2649.8760,2574.6080,2604.7150,104257400,156.627480
2019-12-30,sz000001,2579.1240,2604.7150,2524.9310,2595.6830,97697000,156.649547
2019-12-31,sz000001,2595.6830,2604.7150,2556.5430,2577.6180,70444200,156.694103
2020-01-02,sz000001,2607.7260,2652.8860,2592.6720,2640.8430,153023100,156.540782
2020-01-03,sz000001,2651.3810,2707.0790,2648.3700,2687.5100,111619400,156.432480
2020-01-06,sz000001,2661.9180,2711.5950,2646.8650,2670.9510,86208300,156.470475
2020-01-07,sz000001,2679.9830,2702.5630,2652.8860,2682.9930,72860700,156.442741
2020-01-08,sz000001,2660.4130,2667.9400,2604.7150,2609.2310,84782400,156.616507
2020-01-09,sz000001,2631.8110,2649.8760,2589.6610,2628.8010,103163600,156.569446
2020-01-10,sz000001,2628.8010,2631.8110,2588.1560,2613.7470,58554800,156.605572
2020-01-13,sz000001,2622.7790,2664.9290,2601.7040,2658.9080,87213300,156.498411
2020-01-14,sz000001,2658.9080,2701.0580,2624.2840,2624.2840,130449300,156.580191
2020-01-15,sz000001,2628.8010,2639.3380,2577.6180,2588.1560,85943900,156.668039
2020-01-16,sz000001,2588.1560,2595.6830,2539.9840,2559.5540,102810400,156.739375
2020-01-17,sz000001,2567.0810,2592.6720,2562.5650,2568.5860,60543600,156.716656
2020-01-20,sz000001,2574.6080,2601.7040,2562.5650,2577.6180,74607400,156.694103
2020-01-21,sz000001,2561.0590,2561.0590,2499.3400,2509.8770,89660300,156.867312
2020-01-22,sz000001,2497.8340,2533.9630,2466.2220,2523.4250,71946400,156.831883
2020-01-23,sz000001,2497.8340,2497.8340,2418.0500,2440.6310,110059200,157.054762
2020-02-03,sz000001,2207.3000,2314.1810,2207.3000,2207.3000,225919400,157.776984
2020-02-04,sz000001,2216.3320,2308.1590,2211.8160,2299.1270,170617200,157.474452
2020-02-05,sz000001,2297.6220,2342.7820,2256.9770,2303.6430,149138000,157.460219
2020-02-06,sz000001,2330.7390,2339.7720,2285.5790,2324.7180,118581500,157.394584
2020-02-07,sz000001,2299.1270,2312.6750,2270.5250,2302.1380,92485200,157.464979
2020-02-10,sz000001,2285.5790,2288.5890,2253.9660,2284.0730,133949500,157.522276
2020-02-11,sz000001,2299.1270,2350.3090,2293.1050,2327.7290,140750700,157.385328
2020-02-12,sz000001,2327.7290,2332.2450,2299.1270,2324.7180,107050300,157.394584
2020-02-13,sz000001,2315.6860,2341.2770,2300.6320,2306.6540,101320500,157.450785
2020-02-14,sz000001,2321.7070,2380.4160,2314.1810,2363.8570,151243400,157.275915
2020-02-17,sz000001,2365.3630,2415.0400,2348.8040,2415.0400,154369600,157.126871
2020-02-18,sz000001,2409.0180,2409.0180,2360.8470,2389.4480,97361200,157.200526
2020-02-19,sz000001,2374.3950,2415.0400,2371.3840,2395.4700,87410600,157.183071
2020-02-20,sz000001,2399.9860,2452.6740,2374.3950,2448.1570,123544400,157.033804
2020-02-21,sz000001,2433.1040,2467.7270,2427.0820,2446.6520,99507100,157.037997
2020-02-24,sz000001,2428.5880,2428.5880,2381.9220,2393.9650,119179400,157.187459
2020-02-25,sz000001,2359.3410,2378.9110,2326.2230,2365.3630,114457500,157.271476
2020-02-26,sz000001,2324.7180,2399.9860,2314.1810,2357.8360,117659900,157.293929
2020-02-27,sz000001,2353.3200,2381.9220,2342.7820,2375.9000,97527000,157.240238
2020-02-28,sz000001,2336.7610,2365.3630,2278.0520,2284.0730,130064400,157.522276
2020-03-02,sz000001,2291.6000,2351.8140,2278.0520,2327.7290,111658000,157.385328
2020-03-03,sz000001,2353.3200,2357.8360,2303.6430,2317.1910,115358400,157.417867
2020-03-04,sz000001,2311.1700,2326.2230,2285.5790,2312.6750,86259500,157.431926
2020-03-05,sz000001,2329.2340,2455.6840,2318.6970,2418.0500,268660200,157.118259
2020-03-06,sz000001,2386.4380,2399.9860,2362.3520,2363.8570,122853100,157.275915
2020-03-09,sz000001,2315.6860,2318.6970,2272.0300,2276.5470,166579300,157.546505
2020-03-10,sz000001,2266.0090,2336.7610,2266.0090,2323.2130,116786400,157.399255
2020-03-11,sz000001,2324.7180,2341.2770,2302.1380,2312.6750,81438200,157.431926
2020-03-12,sz000001,2306.6540,2335.2560,2288.5890,2311.1700,98649700,157.436649
2020-03-13,sz000001,2193.7520,2296.1160,2193.7520,2287.0840,116976600,157.512672
2020-03-16,sz000001,2276.5470,2278.0520,2171.1710,2171.1710,140620200,157.903345
2020-03-17,sz000001,2171.1710,2204.2890,2077.8390,2119.9890,117784900,158.090157
2020-03-18,sz000001,2119.9890,2141.0640,2005.5820,2014.6140,138478400,158.506216
2020-03-19,sz000001,2010.0980,2019.1300,1894.1850,1942.3570,189145700,158.819052
2020-03-20,sz000001,1967.9480,2010.0980,1946.8730,1986.0120,157835300,158.627157
2020-03-23,sz000001,1907.7340,1960.4210,1897.1960,1930.3140,107111400,158.873580
2020-03-24,sz000001,1967.9480,2010.0980,1948.3780,1999.5610,118020000,158.569469
2020-03-25,sz000001,2040.2050,2068.8070,2013.1090,2038.7000,113695800,158.407148
2020-03-26,sz000001,2025.1520,2109.4520,2016.1190,2067.3020,107519200,158.292649
2020-03-27,sz000001,2095.9030,2115.4730,2070.3120,2080.8500,65301900,158.239544
2020-03-30,sz000001,2035.6890,2064.2910,2022.1410,2049.2370,66173900,158.364529
2020-03-31,sz000001,2065.7960,2071.8180,2025.1520,2028.1620,51337000,158.450156
2020-04-01,sz000001,2037.1940,2077.8390,2031.1730,2041.7110,52083600,158.394957
2020-04-02,sz000001,2020.6360,2053.7530,2007.0870,2053.7530,51836500,158.346415
2020-04-03,sz000001,2031.1730,2041.7110,1990.5280,1999.5610,82534800,158.569469
2020-04-07,sz000001,2041.7110,2049.2370,2029.6680,2040.2050,87031400,158.401009
2020-04-08,sz000001,2040.2050,2046.2270,2016.1190,2025.1520,52871600,158.462598
2020-04-09,sz000001,2040.2050,2041.7110,2016.1190,2019.1300,40855400,158.487441
2020-04-10,sz000001,2022.1410,2055.2590,2005.5820,2026.6570,66667500,158.456372
2020-04-13,sz000001,2008.5930,2014.6140,1978.4850,1996.5500,44621400,158.582208
2020-04-14,sz000001,2005.5820,2037.1940,1993.5390,2037.1940,68608700,158.413219
2020-04-15,sz000001,2037.1940,2047.7320,2025.1520,2038.7000,65639600,158.407148
2020-04-16,sz000001,2026.6570,2026.6570,1989.0230,2010.0980,78915500,158.525079
2020-04-17,sz000001,2023.6460,2064.2910,2005.5820,2041.7110,133116500,158.394957
2020-04-20,sz000001,2037.1940,2065.7960,2023.6460,2056.7640,81845600,158.334411
2020-04-21,sz000001,2103.4300,2163.6450,2103.4300,2126.0110,212244800,158.067732
2020-04-22,sz000001,2113.9680,2121.4950,2082.3550,2092.8930,103280300,158.192971
2020-04-23,sz000001,2092.8930,2104.9360,2074.8280,2092.8930,64699000,158.192971
2020-04-24,sz000001,2083.8610,2100.4200,2074.8280,2094.3980,56600200,158.187160
2020-04-27,sz000001,2103.4300,2154.6120,2095.9030,2133.5370,93683000,158.039778
2020-04-28,sz000001,2126.0110,2142.5700,2098.9140,2136.5480,77156400,158.028698
2020-04-29,sz000001,2130.5270,2223.8590,2126.0110,2211.8160,110872200,157.761484
2020-04-30,sz000001,2211.8160,2256.9770,2190.7410,2198.2680,81954000,157.808184
2020-05-06,sz000001,2172.6770,2192.2460,2150.0960,2174.1820,100899800,157.892665
2020-05-07,sz000001,2172.6770,2172.6770,2148.5910,2162.1390,66274900,157.935646
2020-05-08,sz000001,2172.6770,2211.8160,2160.6340,2201.2790,93478200,157.797778
2020-05-11,sz000001,2196.7630,2228.3750,2193.7520,2208.8050,61286200,157.771786
2020-05-12,sz000001,2201.2790,2216.3320,2166.6550,2177.1930,55851100,157.882016
2020-05-13,sz000001,2171.1710,2175.6880,2138.0540,2153.1070,64035900,157.968232
2020-05-14,sz000001,2141.0640,2147.0860,2091.3870,2103.4300,94467200,158.152632
2020-05-15,sz000001,2116.9790,2123.0000,2079.3450,2092.8930,75679400,158.192971
2020-05-18,sz000001,2088.3770,2109.4520,2076.3340,2088.3770,63720900,158.210379
2020-05-19,sz000001,2119.9890,2126.0110,2098.9140,2112.4620,60036900,158.118413
2020-05-20,sz000001,2115.4730,2151.6020,2098.9140,2135.0430,69085100,158.034271
2020-05-21,sz000001,2136.5480,2144.0750,2112.4620,2118.4840,55231200,158.095821
2020-05-22,sz000001,2107.9460,2109.4520,2046.2270,2046.2270,85623700,158.376703
2020-05-25,sz000001,2053.7530,2055.2590,2022.1410,2052.2480,41017100,158.352469
2020-05-26,sz000001,2061.2800,2068.8070,2049.2370,2064.2910,39621200,158.304525
2020-05-27,sz000001,2065.7960,2086.8710,2052.2480,2058.2700,48296300,158.328462
2020-05-28,sz000001,2071.5170,2118.1830,2062.4850,2101.6240,96076000,160.797552
2020-05-29,sz000001,2092.5920,2097.1080,2079.0430,2091.0860,45780800,160.852769
2020-06-01,sz000001,2106.1400,2149.7950,2103.1290,2139.2580,88296100,160.604955
2020-06-02,sz000001,2134.7420,2185.9240,2133.2360,2173.8810,88345900,160.434022
2020-06-03,sz000001,2187.4290,2223.5580,2166.3540,2172.3760,95680300,160.441359
2020-06-04,sz000001,2170.8700,2187.4290,2152.8060,2176.8920,58306600,160.419455
2020-06-05,sz000001,2181.4080,2184.4190,2155.8170,2179.9030,38302700,160.404930
2020-06-08,sz000001,2193.4510,2219.0420,2178.3970,2184.4190,58597200,160.383186
2020-06-09,sz000001,2187.4290,2200.9780,2170.8700,2191.9450,47430000,160.347110
2020-06-10,sz000001,2197.9670,2197.9670,2151.3010,2164.8490,58047600,160.478058
2020-06-11,sz000001,2148.2900,2149.7950,2091.0860,2103.1290,134904000,160.789679
2020-06-12,sz000001,2076.0330,2094.0970,2071.5170,2089.5810,103055100,160.860739
2020-06-15,sz000001,2068.5060,2086.5700,2060.9790,2063.9900,66031300,160.997660
2020-06-16,sz000001,2076.0330,2089.5810,2070.0110,2074.5270,71805900,160.940807
2020-06-17,sz000001,2074.5270,2079.0430,2054.9580,2068.5060,71646800,160.973230
2020-06-18,sz000001,2054.9580,2060.9790,2029.3670,2054.9580,111964800,161.046865
2020-06-19,sz000001,2050.4420,2067.0010,2032.3770,2060.9790,153952200,161.013984
2020-06-22,sz000001,2051.9470,2054.9580,2033.8830,2036.8930,131908000,161.146598
2020-06-23,sz000001,2038.3990,2044.4200,2018.8290,2030.8720,99080700,161.180317
2020-06-24,sz000001,2036.8930,2073.0220,2030.8720,2060.9790,152322000,161.013984
2020-06-29,sz000001,2079.0430,2086.5700,2047.4310,2060.9790,103848000,161.013984
2020-06-30,sz000001,2065.4950,2073.0220,2048.9360,2060.9790,93794000,161.013984
2020-07-01,sz000001,2059.4740,2113.6670,2051.9470,2109.1510,169739000,160.758460
2020-07-02,sz000001,2103.1290,2164.8490,2086.5700,2155.8170,259050100,160.522487
2020-07-03,sz000001,2176.8920,2289.7940,2175.3860,2279.2560,376833400,159.947789
2020-07-06,sz000001,2331.9440,2494.5230,2330.4380,2494.5230,471146100,159.089477
2020-07-07,sz000001,2587.8550,2637.5320,2396.6740,2464.4150,396442700,159.199935
2020-07-08,sz000001,2426.7810,2542.6940,2426.7810,2506.5650,263133900,159.046003
2020-07-09,sz000001,2491.5120,2491.5120,2438.8240,2471.9420,224399400,159.172054
2020-07-10,sz000001,2444.8460,2464.4150,2356.0300,2371.0830,215877300,159.561440
2020-07-13,sz000001,2346.9970,2404.2010,2316.8900,2375.5990,193716000,159.543251
2020-07-14,sz000001,2377.1050,2420.7600,2324.4170,2343.9870,195356600,159.672139
2020-07-15,sz000001,2359.0400,2371.0830,2276.2450,2282.2670,204256300,159.934618
2020-07-16,sz000001,2286.7830,2324.4170,2259.6870,2264.2030,193089100,160.014346
2020-07-17,sz000001,2267.2130,2283.7720,2234.0950,2262.6970,129134700,160.021004
2020-07-20,sz000001,2276.2450,2357.5350,2256.6760,2351.5130,197963200,159.641073
2020-07-21,sz000001,2343.9870,2343.9870,2301.8370,2315.3850,125286600,159.791925
2020-07-22,sz000001,2315.3850,2339.4710,2282.2670,2303.3420,131295200,159.843303
2020-07-23,sz000001,2277.7510,2285.2780,2213.0200,2243.1280,202752600,160.109065
2020-07-24,sz000001,2237.1060,2240.1170,2154.3110,2166.3540,183088200,160.470667
2020-07-27,sz000001,2191.9450,2193.4510,2106.1400,2127.2150,188065300,160.665785
2020-07-28,sz000001,2142.2690,2155.8170,2118.1830,2142.2690,121700600,160.589880
2020-07-29,sz000001,2143.7740,2185.9240,2122.6990,2172.3760,151958000,160.441359
2020-07-30,sz000001,2166.3540,2167.8600,2146.7850,2146.7850,96406800,160.567315
2020-07-31,sz000001,2133.2360,2170.8700,2128.7200,2142.2690,116582200,160.589880
2020-08-03,sz000001,2161.8380,2184.4190,2155.8170,2179.9030,144509600,160.404930
2020-08-04,sz000001,2190.4400,2264.2030,2163.3440,2247.6440,244566300,160.088604
2020-08-05,sz000001,2214.5260,2219.0420,2184.4190,2205.4940,144020300,160.282994
2020-08-06,sz000001,2214.5260,2235.6010,2188.9350,2226.5690,135251100,160.184820
2020-08-07,sz000001,2211.5150,2226.5690,2184.4190,2196.4610,98867800,160.325620
2020-08-10,sz000001,2191.9450,2244.6330,2184.4190,2234.0950,158771000,160.150179
2020-08-11,sz000001,2237.1060,2340.9760,2237.1060,2261.1920,260330800,160.027742
2020-08-12,sz000001,2273.2350,2316.8900,2264.2030,2298.8260,159681200,159.862726
2020-08-13,sz000001,2301.8370,2310.8690,2262.6970,2268.7190,83726200,159.994288
2020-08-14,sz000001,2256.6760,2318.3960,2250.6540,2312.3740,110321600,159.804699
2020-08-17,sz000001,2331.9440,2444.8460,2324.4170,2420.7600,326802800,159.365372
2020-08-18,sz000001,2422.2650,2437.3190,2378.6100,2414.7380,135026100,159.388647
2020-08-19,sz000001,2408.7170,2444.8460,2386.1370,2407.2120,142092800,159.418013
2020-08-20,sz000001,2393.6630,2413.2330,2321.4060,2330.4380,133380200,159.728444
2020-08-21,sz000001,2348.5030,2348.5030,2289.7940,2309.3630,123451700,159.817509
2020-08-24,sz000001,2316.8900,2348.5030,2303.3420,2310.8690,91944900,159.811134
2020-08-25,sz000001,2325.9220,2345.4920,2310.8690,2331.9440,74832000,159.722192
2020-08-26,sz000001,2331.9440,2333.4490,2283.7720,2297.3210,73411800,159.869241
2020-08-27,sz000001,2301.8370,2310.8690,2258.1810,2310.8690,62666700,159.811134
2020-08-28,sz000001,2280.7620,2419.2550,2280.7620,2411.7280,241040000,159.400397
2020-08-31,sz000001,2437.3190,2494.5230,2390.6530,2404.2010,179713000,159.429775
2020-09-01,sz000001,2386.1370,2426.7810,2374.0940,2413.2330,81364300,159.394518
2020-09-02,sz000001,2393.6630,2471.9420,2393.6630,2440.3300,167938300,159.290470
2020-09-03,sz000001,2440.3300,2441.8350,2368.0720,2377.1050,127984200,159.537248
2020-09-04,sz000001,2351.5130,2401.1900,2331.9440,2386.1370,90989000,159.501136
2020-09-07,sz000001,2374.0940,2428.2870,2366.5670,2383.1260,103137700,159.513119
2020-09-08,sz000001,2392.1580,2456.8890,2392.1580,2456.8890,140760200,159.228062
2020-09-09,sz000001,2431.2970,2476.4580,2411.7280,2423.7710,101357200,159.353780
2020-09-10,sz000001,2440.3300,2464.4150,2422.2650,2443.3400,95709200,159.279009
2020-09-11,sz000001,2419.2550,2437.3190,2365.0620,2393.6630,95423600,159.471219
2020-09-14,sz000001,2393.6630,2437.3190,2380.1150,2437.3190,68025100,159.301895
2020-09-15,sz000001,2422.2650,2464.4150,2414.7380,2444.8460,65713300,159.273355
2020-09-16,sz000001,2440.3300,2473.4470,2423.7710,2458.3940,72241500,159.222409
2020-09-17,sz000001,2473.4470,2500.5440,2452.3720,2477.9640,98821600,159.149904
2020-09-18,sz000001,2485.4900,2556.2420,2470.4370,2553.2320,137319300,158.881892
2020-09-21,sz000001,2542.6940,2550.2210,2499.0390,2521.6190,89616200,158.992371
2020-09-22,sz000001,2493.0170,2518.6080,2450.8670,2477.9640,86775600,159.149904
2020-09-23,sz000001,2480.9740,2517.1030,2468.9310,2486.9960,59920000,159.116827
2020-09-24,sz000001,2480.9740,2483.9850,2410.2220,2410.2220,106101100,159.406217
2020-09-25,sz000001,2422.2650,2438.8240,2408.7170,2420.7600,61408700,159.365372
2020-09-28,sz000001,2420.7600,2447.8560,2389.1470,2438.8240,61271100,159.296146
2020-09-29,sz000001,2450.8670,2453.8780,2356.0300,2362.0510,118237400,159.598041
2020-09-30,sz000001,2362.0510,2432.8030,2362.0510,2417.7490,121706500,159.376994
2020-10-09,sz000001,2437.3190,2474.9530,2411.7280,2419.2550,90042600,159.371212
2020-10-12,sz000001,2425.2760,2550.2210,2423.7710,2527.6400,159134700,158.971069
2020-10-13,sz000001,2527.6400,2559.2530,2508.0710,2551.7260,90881900,158.887049
2020-10-14,sz000001,2548.7150,2560.7580,2512.5870,2547.2100,66256200,158.902682
2020-10-15,sz000001,2572.8010,2681.1870,2565.2740,2626.9940,160006200,158.634903
2020-10-16,sz000001,2626.9940,2748.9280,2623.9830,2708.2830,209561400,158.379123
2020-10-19,sz000001,2738.3910,2858.8190,2738.3910,2765.4870,201610600,158.208638
2020-10-20,sz000001,2765.4870,2783.5510,2730.8640,2774.5190,96007200,158.182383
2020-10-21,sz000001,2789.5730,2843.7660,2742.9070,2830.2180,124456000,158.024456
2020-10-22,sz000001,2834.7340,2919.0340,2738.3910,2777.5300,189051900,158.173690
2020-10-23,sz000001,2773.0140,2961.1840,2773.0140,2863.3350,169850200,157.933536
2020-10-26,sz000001,2873.8730,2887.4210,2760.9710,2798.6050,117559900,158.113277
2020-10-27,sz000001,2843.7660,2843.7660,2768.4980,2807.6370,103486500,158.087669
2020-10-28,sz000001,2807.6370,2828.7120,2736.8850,2788.0680,120582400,158.143392
2020-10-29,sz000001,2774.5190,2833.2280,2745.9170,2809.1430,84660400,158.083455
2020-10-30,sz000001,2804.6260,2897.9590,2783.5510,2806.1320,100780400,158.091944
2020-11-02,sz000001,2791.0780,2851.2930,2742.9070,2788.0680,96845300,158.143392
2020-11-03,sz000001,2800.1100,2894.9480,2798.6050,2837.7440,95786900,158.003563
2020-11-04,sz000001,2896.4530,2916.0230,2837.7440,2891.9370,124763600,157.856823
2020-11-05,sz000001,2899.4640,2919.0340,2774.5190,2798.6050,142946900,158.113277
2020-11-06,sz000001,2800.1100,2806.1320,2726.3480,2789.5730,84878200,158.139059
2020-11-09,sz000001,2794.0890,2843.7660,2774.5190,2819.6800,95142400,158.053812
2020-11-10,sz000001,2843.7660,2919.0340,2833.2280,2860.3250,102106300,157.941745
2020-11-11,sz000001,2873.8730,2888.9270,2783.5510,2815.1640,94013000,158.066480
2020-11-12,sz000001,2815.1640,2834.7340,2760.9710,2792.5840,67725800,158.130464
2020-11-13,sz000001,2756.4550,2763.9820,2646.5640,2720.3260,128918900,158.342608
2020-11-16,sz000001,2705.2730,2757.9600,2678.1760,2748.9280,75985700,158.257225
2020-11-17,sz000001,2750.4340,2833.2280,2730.8640,2818.1750,85293100,158.058048
2020-11-18,sz000001,2810.6480,2919.0340,2806.1320,2913.0120,137340100,157.801300
2020-11-19,sz000001,2932.5820,2991.2910,2888.9270,2971.7210,121174100,157.650981
2020-11-20,sz000001,2968.7110,2992.7960,2922.0440,2973.2270,67391900,157.647243
2020-11-23,sz000001,2971.7210,3087.6340,2964.1950,3087.6340,116585800,157.371764
2020-11-24,sz000001,3087.6340,3096.6660,3019.8930,3048.4950,67854300,157.463585
2020-11-25,sz000001,3066.5590,3099.6770,3001.8280,3003.3340,55258500,157.572613
2020-11-26,sz000001,3001.8280,3086.1290,2998.8180,3069.5700,63965800,157.413846
2020-11-27,sz000001,3144.8380,3144.8380,3051.5050,3099.6770,75377400,157.344010
2020-11-30,sz000001,3129.7840,3277.3090,3083.1180,3105.6980,158144100,157.330193
2020-12-01,sz000001,3099.6770,3221.6110,3054.5160,3152.3640,126372000,157.225137
2020-12-02,sz000001,3134.3000,3153.8700,3072.5800,3089.1390,88938500,157.368263
2020-12-03,sz000001,3111.7200,3123.7630,3019.8930,3075.5910,71445200,157.399744
2020-12-04,sz000001,3065.0540,3065.0540,2989.7860,3039.4620,89134800,157.485078
2020-12-07,sz000001,3040.9680,3053.0110,2946.1300,2980.7530,87380700,157.628398
2020-12-08,sz000001,2982.2590,2998.8180,2923.5500,2950.6460,71964800,157.704222
2020-12-09,sz000001,2962.6890,3001.8280,2946.1300,2950.6460,67722100,157.704222
2020-12-10,sz000001,2953.6570,2976.2370,2911.5070,2941.6140,60786700,157.727292
2020-12-11,sz000001,2950.6460,2964.1950,2876.8840,2922.0440,88779400,157.777754
2020-12-14,sz000001,2934.0870,3003.3340,2919.0340,2976.2370,83599200,157.639672
2020-12-15,sz000001,2964.1950,2971.7210,2866.3460,2955.1620,78885800,157.692743
2020-12-16,sz000001,2964.1950,3009.3550,2931.0770,2995.8070,68907000,157.591110
2020-12-17,sz000001,2980.7530,3004.8390,2934.0870,2986.7750,68614100,157.613456
2020-12-18,sz000001,2994.3020,3009.3550,2878.3890,2897.9590,105875600,157.840904
2020-12-21,sz000001,2888.9270,2940.1090,2848.2820,2885.9160,90687800,157.872867
2020-12-22,sz000001,2897.9590,2941.6140,2825.7010,2828.7120,102873800,158.028603
2020-12-23,sz000001,2837.7440,2854.3030,2812.1530,2843.7660,75008300,157.987000
2020-12-24,sz000001,2866.3460,2917.5280,2851.2930,2882.9050,63295000,157.880887
2020-12-25,sz000001,2882.9050,2882.9050,2813.6590,2849.7870,57707700,157.970455
2020-12-28,sz000001,2846.7770,2973.2270,2837.7440,2971.7210,127033700,157.650981
2020-12-29,sz000001,2974.7320,3039.4620,2949.1410,3019.8930,96309200,157.532238
2020-12-30,sz000001,2994.3020,3024.4090,2952.1520,3024.4090,97849800,157.521302
2020-12-31,sz000001,3025.9140,3081.6130,2997.3120,3045.4840,92450300,157.470734
2021-01-04,sz000001,3009.3550,3009.3550,2910.0020,2934.0870,155421600,157.746613
2021-01-05,sz000001,2903.9800,2916.0230,2813.6590,2869.3570,182135200,157.917281
2021-01-06,sz000001,2855.8090,3078.6020,2843.7660,3078.6020,193494500,157.392740
2021-01-07,sz000001,3072.5800,3141.8270,3028.9250,3129.7840,158418500,157.275578
2021-01-08,sz000001,3129.7840,3159.8910,3040.9680,3122.2570,119547300,157.292544
2021-01-11,sz000001,3144.8380,3241.1810,3144.8380,3202.0410,179045700,157.116830
2021-01-12,sz000001,3203.5470,3295.3730,3171.9340,3295.3730,128816600,156.922524
2021-01-13,sz000001,3295.3730,3296.8790,3205.0520,3250.2130,104912000,157.015121
2021-01-14,sz000001,3247.2020,3278.8150,3137.3110,3170.4290,113015600,157.185374
2021-01-15,sz000001,3295.3730,3438.3830,3268.2770,3295.3730,248068900,156.922524
2021-01-18,sz000001,3325.4810,3563.3270,3325.4810,3551.2840,215730200,156.444229
2021-01-19,sz000001,3522.6830,3572.3600,3453.4360,3497.0920,124208800,156.539481
2021-01-20,sz000001,3468.4900,3591.9290,3463.9740,3516.6610,128079300,156.504717
2021-01-21,sz000001,3521.1770,3566.3380,3468.4900,3480.5330,94477900,156.569186
2021-01-22,sz000001,3480.5330,3480.5330,3372.1470,3450.4250,92443400,156.623922
2021-01-25,sz000001,3403.7590,3536.2310,3360.1040,3519.6720,102836500,156.499422
2021-01-26,sz000001,3491.0700,3644.6170,3491.0700,3501.6080,112672100,156.531426
2021-01-27,sz000001,3492.5750,3667.1970,3492.5750,3608.4880,129415300,156.346967
2021-01-28,sz000001,3563.3270,3623.5420,3513.6510,3567.8430,85747700,156.415739
2021-01-29,sz000001,3567.8430,3677.7350,3552.7900,3609.9930,124025800,156.344435
2021-02-01,sz000001,3596.4450,3896.0120,3551.2840,3829.7760,147523900,155.999022
2021-02-02,sz000001,3653.6490,3762.0350,3582.8970,3638.5950,241616900,156.297036
2021-02-03,sz000001,3668.7020,3924.6130,3653.6490,3889.9900,192327200,155.911423
2021-02-04,sz000001,3774.0780,3933.6460,3753.0030,3837.3030,125524800,155.987927
2021-02-05,sz000001,3837.3030,3944.1830,3787.6260,3886.9800,101557600,155.915764
2021-02-08,sz000001,3882.4630,3882.4630,3762.0350,3867.4100,108426500,155.943952
2021-02-09,sz000001,3865.9040,3873.4310,3772.5720,3834.2920,94209400,155.992352
2021-02-10,sz000001,3837.3030,3891.4960,3653.6490,3719.8850,191886700,156.166457
2021-02-18,sz000001,3746.9810,3829.7760,3668.7020,3792.1420,150523100,156.055226
2021-02-19,sz000001,3740.9600,3775.5830,3682.2510,3724.4010,92258300,156.159371
2021-02-22,sz000001,3716.8740,3716.8740,3485.0490,3503.1130,195684200,156.528731
2021-02-23,sz000001,3503.1130,3548.2740,3418.8130,3435.3720,187046000,156.651710
2021-02-24,sz000001,3486.5540,3488.0590,3379.6740,3469.9950,142850000,156.588222
2021-02-25,sz000001,3506.1240,3530.2090,3397.7380,3459.4580,159340300,156.607424
2021-02-26,sz000001,3385.6950,3439.8880,3326.9860,3352.5770,112497700,156.809027
2021-03-01,sz000001,3376.6630,3397.7380,3322.4700,3363.1150,112538700,156.788578
2021-03-02,sz000001,3388.7060,3468.4900,3334.5130,3393.2220,147342500,156.730808
2021-03-03,sz000001,3382.6840,3608.4880,3364.6200,3597.9510,191963500,156.364668
2021-03-04,sz000001,3561.8220,3670.2080,3543.7580,3584.4020,121357900,156.387522
2021-03-05,sz000001,3551.2840,3593.4350,3424.8340,3497.0920,88017100,156.539481
2021-03-08,sz000001,3512.1450,3549.7790,3367.6310,3385.6950,99377400,156.745139
2021-03-09,sz000001,3397.7380,3433.8660,3232.1480,3272.7930,136189500,156.968489
2021-03-10,sz000001,3271.2880,3281.8250,3186.9880,3205.0520,114941700,157.110392
2021-03-11,sz000001,3232.1480,3352.5770,3229.1380,3336.0180,104865900,156.841467
2021-03-12,sz000001,3351.0720,3400.7490,3325.4810,3367.6310,69720100,156.779842
2021-03-15,sz000001,3355.5880,3463.9740,3311.9320,3385.6950,95874900,156.745139
2021-03-16,sz000001,3385.6950,3462.4680,3336.0180,3394.7270,93968400,156.727932
2021-03-17,sz000001,3363.1150,3378.1680,3280.3200,3325.4810,82148900,156.862311
2021-03-18,sz000001,3340.5340,3405.2650,3295.3730,3405.2650,69161000,156.708007
2021-03-19,sz000001,3375.1570,3393.2220,3200.5360,3215.5890,152562200,157.087885
2021-03-22,sz000001,3227.6320,3378.1680,3224.6220,3378.1680,145119000,156.759536
2021-03-23,sz000001,3381.1790,3393.2220,3289.3520,3329.9970,68290300,156.853368
2021-03-24,sz000001,3326.9860,3337.5240,3212.5790,3224.6220,85008500,157.068777
2021-03-25,sz000001,3232.1480,3269.7820,3205.0520,3257.7390,49266600,156.999470
2021-03-26,sz000001,3271.2880,3355.5880,3259.2450,3316.4480,82210800,156.880227
2021-03-29,sz000001,3337.5240,3393.2220,3325.4810,3369.1360,78566700,156.776919
2021-03-30,sz000001,3352.5770,3435.3720,3326.9860,3435.3720,73865500,156.651710
2021-03-31,sz000001,3411.2860,3456.4470,3385.6950,3447.4150,77702800,156.629487
2021-04-01,sz000001,3457.9520,3462.4680,3370.6410,3412.7910,54444900,156.693802
2021-04-02,sz000001,3400.7490,3405.2650,3349.5660,3370.6410,58108400,156.774000
2021-04-06,sz000001,3378.1680,3459.4580,3372.1470,3397.7380,40110300,156.722232
2021-04-07,sz000001,3427.8450,3435.3720,3342.0400,3391.7160,51760500,156.733641
2021-04-08,sz000001,3364.6200,3405.2650,3345.0500,3379.6740,38303000,156.756679
2021-04-09,sz000001,3402.2540,3403.7590,3307.4160,3340.5340,39896000,156.832582
2021-04-12,sz000001,3372.1470,3372.1470,3239.6750,3250.2130,59474300,157.015121
2021-04-13,sz000001,3253.2230,3277.3090,3233.6540,3262.2560,49990400,156.990183
2021-04-14,sz000001,3263.7610,3286.3410,3208.0630,3245.6970,53743800,157.024528
2021-04-15,sz000001,3259.2450,3260.7500,3156.8800,3199.0300,73586500,157.123281
2021-04-16,sz000001,3199.0300,3209.5680,3116.2360,3183.9770,72999800,157.155824
2021-04-19,sz000001,3149.3540,3331.5020,3131.2890,3317.9540,111228300,156.877258
2021-04-20,sz000001,3307.4160,3438.3830,3283.3310,3399.2430,83477300,156.719364
2021-04-21,sz000001,3491.0700,3625.0470,3489.5650,3597.9510,159710000,156.364668
2021-04-22,sz000001,3625.0470,3631.0690,3563.3270,3593.4350,82969400,156.372280
2021-04-23,sz000001,3644.6170,3694.2940,3606.9830,3640.1010,82323000,156.294590
2021-04-26,sz000001,3727.4110,3781.6040,3581.3920,3587.4130,87241800,156.382432
2021-04-27,sz000001,3588.9180,3625.0470,3575.3700,3587.4130,47043100,156.382432
2021-04-28,sz000001,3640.1010,3664.1860,3563.3270,3649.1330,59383800,156.279786
2021-04-29,sz000001,3647.6270,3703.3260,3613.0040,3685.2610,61483700,156.221323
2021-04-30,sz000001,3649.1330,3670.2080,3597.9510,3640.1010,56198100,156.294590
2021-05-06,sz000001,3611.4990,3701.8200,3611.4990,3671.7130,50029500,156.243106
2021-05-07,sz000001,3697.3040,3792.1420,3655.1540,3754.5080,80221400,156.112599
2021-05-10,sz000001,3746.9810,3753.0030,3599.4560,3725.9060,66143900,156.156999
2021-05-11,sz000001,3689.7780,3709.3470,3605.4770,3676.2290,49722300,156.235827
2021-05-12,sz000001,3640.1010,3692.7880,3578.3810,3679.2400,53326500,156.230998
2021-05-13,sz000001,3674.7240,3685.2610,3572.3600,3606.9830,54965300,156.349502
2021-05-14,sz000001,3644.6170,3688.2720,3563.3270,3671.7130,56378500,157.449099
2021-05-17,sz000001,3646.1220,3746.9810,3616.0150,3713.8630,52756500,157.367076
2021-05-18,sz000001,3751.4970,3790.6370,3683.7560,3759.0240,39541500,157.281339
2021-05-19,sz000001,3746.9810,3793.6470,3701.8200,3713.8630,42942000,157.367076
2021-05-20,sz000001,3685.2610,3749.9920,3664.1860,3746.9810,40578800,157.303988
2021-05-21,sz000001,3756.0130,3787.6260,3628.0580,3697.3040,53933600,157.399063
2021-05-24,sz000001,3695.7990,3713.8630,3652.1440,3695.7990,34393600,157.402002
2021-05-25,sz000001,3704.8310,3883.9690,3691.2830,3864.3990,97237500,157.089390
2021-05-26,sz000001,3870.4210,3942.6780,3849.3460,3926.1190,91926400,156.981967
2021-05-27,sz000001,3911.0650,3948.6990,3852.3560,3893.0010,50409100,157.039169
2021-05-28,sz000001,3876.4420,3880.9580,3798.1630,3849.3460,49240100,157.116163
2021-05-31,sz000001,3823.7540,3853.8620,3760.5290,3804.1850,51535100,157.197727
2021-06-01,sz000001,3804.1850,3811.7120,3698.8100,3762.0350,62501800,157.275711
2021-06-02,sz000001,3757.5190,3762.0350,3680.7450,3757.5190,49752700,157.284177
2021-06-03,sz000001,3731.9280,3795.1530,3725.9060,3739.4540,40090100,157.318216
2021-06-04,sz000001,3772.5720,3918.5920,3743.9700,3855.3670,75673900,157.105420
2021-06-07,sz000001,3846.3350,3846.3350,3763.5400,3819.2380,44791400,157.170288
2021-06-08,sz000001,3796.6580,3859.8830,3766.5510,3853.8620,57007800,157.108113
2021-06-09,sz000001,3838.8080,3906.5490,3801.1740,3871.9260,45383200,157.076105
2021-06-10,sz000001,3873.4310,3933.6460,3796.6580,3804.1850,53021500,157.197727
2021-06-11,sz000001,3820.7440,3826.7650,3641.6060,3679.2400,83466500,157.434318
2021-06-15,sz000001,3676.2290,3688.2720,3593.4350,3656.6600,66062300,157.478898
2021-06-16,sz000001,3656.6600,3683.7560,3625.0470,3662.6810,37820800,157.466939
2021-06-17,sz000001,3626.5520,3727.4110,3626.5520,3638.5950,45328200,157.514935
2021-06-18,sz000001,3643.1110,3665.6920,3531.7150,3570.8540,69409900,157.653598
2021-06-21,sz000001,3563.3270,3573.8650,3474.5110,3497.0920,71827300,157.811011
2021-06-22,sz000001,3530.2090,3637.0900,3510.6400,3619.0260,75775100,157.554462
2021-06-23,sz000001,3600.9610,3685.2610,3581.3920,3644.6170,44790800,157.502895
2021-06-24,sz000001,3628.0580,3641.6060,3575.3700,3635.5850,39028300,157.521014
2021-06-25,sz000001,3635.5850,3713.8630,3632.5740,3677.7350,55997300,157.437286
2021-06-28,sz000001,3677.7350,3682.2510,3545.2630,3590.4240,62625700,157.612994
2021-06-29,sz000001,3560.3170,3591.9290,3473.0060,3524.1880,104974900,157.752372
2021-06-30,sz000001,3527.1990,3613.0040,3525.6930,3566.3380,40343500,157.663042
2021-07-01,sz000001,3594.9400,3698.8100,3551.2840,3653.6490,66483300,157.484871
2021-07-02,sz000001,3581.3920,3584.4020,3436.8770,3444.4040,107067800,157.927740
2021-07-05,sz000001,3426.3400,3495.5860,3336.0180,3482.0380,85934100,157.843971
2021-07-06,sz000001,3485.0490,3623.5420,3450.4250,3590.4240,79195700,157.612994
2021-07-07,sz000001,3575.3700,3631.0690,3548.2740,3555.8010,46894500,157.685188
2021-07-08,sz000001,3590.4240,3590.4240,3352.5770,3399.2430,145705900,158.030823
2021-07-09,sz000001,3367.6310,3417.3080,3325.4810,3363.1150,76236500,158.115421
2021-07-12,sz000001,3397.7380,3397.7380,3305.9110,3346.5560,87790100,158.154820
2021-07-13,sz000001,3345.0500,3373.6520,3253.2230,3340.5340,65761400,158.169223
2021-07-14,sz000001,3322.4700,3322.4700,3233.6540,3286.3410,84795100,158.301590
2021-07-15,sz000001,3280.3200,3430.8560,3266.7720,3415.8020,95600300,157.992692
2021-07-16,sz000001,3384.1900,3445.9090,3367.6310,3373.6520,57300300,158.090534
2021-07-19,sz000001,3376.6630,3387.2000,3289.3520,3354.0820,52213600,158.136822
2021-07-20,sz000001,3337.5240,3352.5770,3242.6860,3262.2560,80403400,158.361942
2021-07-21,sz000001,3259.2450,3292.3630,3202.0410,3239.6750,75307700,158.419315
2021-07-22,sz000001,3239.6750,3271.2880,3208.0630,3229.1380,86864800,158.446418
2021-07-23,sz000001,3229.1380,3229.1380,3171.9340,3186.9880,72740400,158.556617
2021-07-26,sz000001,3165.9130,3170.4290,2935.5930,2991.2910,145130400,159.111223
2021-07-27,sz000001,3001.8280,3019.8930,2810.6480,2834.7340,135755100,159.613401
2021-07-28,sz000001,2848.2820,2881.4000,2822.6910,2833.2280,106299400,159.618479
2021-07-29,sz000001,2857.3140,2906.9910,2837.7440,2864.8410,87237800,159.512305
2021-07-30,sz000001,2858.8190,2878.3890,2756.4550,2824.1960,95015600,159.649293
2021-08-02,sz000001,2816.6690,2891.9370,2747.4230,2872.3680,115992300,159.487396
2021-08-03,sz000001,2869.3570,2893.4430,2819.6800,2854.3030,89694900,159.547401
2021-08-04,sz000001,2876.8840,2881.4000,2810.6480,2842.2600,72962000,159.587872
2021-08-05,sz000001,2825.7010,2878.3890,2807.6370,2822.6910,62157400,159.654468
2021-08-06,sz000001,2803.1210,2855.8090,2788.0680,2849.7870,56745400,159.562542
2021-08-09,sz000001,2857.3140,3059.0320,2846.7770,3030.4300,175279800,158.994229
2021-08-10,sz000001,3034.9460,3168.9230,3006.3450,3131.2890,130198800,158.706994
2021-08-11,sz000001,3170.4290,3259.2450,3126.7730,3143.3320,104830800,158.674003
2021-08-12,sz000001,3140.3210,3217.0950,3116.2360,3155.3750,66645800,158.641277
2021-08-13,sz000001,3138.8160,3159.8910,3096.6660,3155.3750,56288500,158.641277
2021-08-16,sz000001,3185.4820,3202.0410,3107.2040,3164.4070,62705000,158.616892
2021-08-17,sz000001,3149.3540,3205.0520,3113.2250,3122.2570,47602200,158.731927
2021-08-18,sz000001,3122.2570,3352.5770,3104.1930,3265.2660,133273200,158.354316
2021-08-19,sz000001,3244.1910,3265.2660,3174.9450,3223.1160,64997600,158.461947
2021-08-20,sz000001,3167.4180,3182.4720,2976.2370,3084.6230,161462800,158.837436
2021-08-23,sz000001,3096.6660,3179.4610,3037.9570,3066.5590,119184900,158.889067
2021-08-24,sz000001,3074.0860,3167.4180,3053.0110,3075.5910,86895300,158.863171
2021-08-25,sz000001,3084.6230,3092.1500,3013.8710,3045.4840,69808400,158.950104
2021-08-26,sz000001,3051.5050,3060.5370,2932.5820,2940.1090,95161900,159.269177
2021-08-27,sz000001,2955.1620,3003.3340,2917.5280,2929.5710,72882000,159.302393
2021-08-30,sz000001,2902.4750,2914.5180,2803.1210,2828.7120,125221100,159.633860
2021-08-31,sz000001,2828.7120,2860.3250,2766.9920,2840.7550,117486800,159.592978
2021-09-01,sz000001,2792.5840,2858.8190,2721.8320,2852.7980,231689400,159.552461
2021-09-02,sz000001,2870.8620,2988.2800,2840.7550,2931.0770,242260400,159.297663
2021-09-03,sz000001,2946.1300,2946.1300,2825.7010,2876.8840,139481900,159.472506
2021-09-06,sz000001,2860.3250,2961.1840,2837.7440,2938.6030,151522600,159.273875
2021-09-07,sz000001,2961.1840,3105.6980,2923.5500,3057.5270,162234400,158.915125
2021-09-08,sz000001,3057.5270,3104.1930,3036.4520,3056.0210,102620100,158.919449
2021-09-09,sz000001,3037.9570,3043.9790,2991.2910,3021.3980,73950600,159.020947
2021-09-10,sz000001,3004.8390,3287.8470,2997.3120,3257.7390,231494500,158.373311
2021-09-13,sz000001,3226.1270,3248.7070,3143.3320,3203.5470,129722800,158.512964
2021-09-14,sz000001,3199.0300,3212.5790,3062.0430,3077.0960,115817300,158.858854
2021-09-15,sz000001,3068.0640,3320.9650,3050.0000,3099.6770,84161800,158.794928
2021-09-16,sz000001,3066.5590,3096.6660,2980.7530,3033.4410,117695400,158.985377
2021-09-17,sz000001,3006.3450,3021.3980,2932.5820,2950.6460,112488000,159.236158
2021-09-22,sz000001,2851.2930,2878.3890,2783.5510,2867.8520,147336500,159.502336
2021-09-23,sz000001,2885.9160,2919.0340,2818.1750,2822.6910,137983800,159.654468
2021-09-24,sz000001,2810.6480,2822.6910,2771.5090,2773.0140,126569600,159.827896
2021-09-27,sz000001,2751.9390,2822.6910,2729.3590,2806.1320,114066800,159.711554
2021-09-28,sz000001,2791.0780,2896.4530,2788.0680,2866.3460,129316700,159.507290
2021-09-29,sz000001,2849.7870,2937.0980,2827.2070,2893.4430,123012200,159.418347
2021-09-30,sz000001,2884.4100,2900.9690,2827.2070,2860.3250,79561100,159.527328
2021-10-08,sz000001,2896.4530,3004.8390,2873.8730,2967.2050,115920100,159.184818
2021-10-11,sz000001,3021.3980,3132.7950,3021.3980,3081.6130,145533800,158.846031
2021-10-12,sz000001,3066.5590,3128.2790,3051.5050,3074.0860,103123200,158.867494
2021-10-13,sz000001,3066.5590,3158.3860,3046.9890,3108.7090,80789700,158.769612
2021-10-14,sz000001,3110.2140,3159.8910,3004.8390,3053.0110,84299000,158.928214
2021-10-15,sz000001,3021.3980,3156.8800,3021.3980,3120.7520,99349400,158.736114
2021-10-18,sz000001,3089.1390,3104.1930,3036.4520,3065.0540,72962300,158.893416
2021-10-19,sz000001,3043.9790,3123.7630,3043.9790,3107.2040,68241500,158.773838
2021-10-20,sz000001,3134.3000,3138.8160,3050.0000,3057.5270,66295600,158.915125
2021-10-21,sz000001,3099.6770,3180.9660,3059.0320,3171.9340,162166100,158.596700
2021-10-22,sz000001,3196.0200,3260.7500,3141.8270,3177.9550,113496400,158.580589
2021-10-25,sz000001,3128.2790,3202.0410,3096.6660,3189.9980,73082800,158.548608
2021-10-26,sz000001,3180.9660,3239.6750,3150.8590,3179.4610,65280700,158.576608
2021-10-27,sz000001,3171.9340,3197.5250,3110.2140,3159.8910,68760000,158.629066
2021-10-28,sz000001,3141.8270,3162.9020,3077.0960,3129.7840,61901100,158.711156
2021-10-29,sz000001,3116.2360,3132.7950,3069.5700,3096.6660,53993000,158.803385
2021-11-01,sz000001,3071.0750,3131.2890,3022.9040,3080.1070,84149000,158.850284
2021-11-02,sz000001,3077.0960,3095.1610,2869.3570,2897.9590,199769100,159.403685
2021-11-03,sz000001,2885.9160,2906.9910,2848.2820,2875.3780,111497200,159.477427
2021-11-04,sz000001,2882.9050,2885.9160,2840.7550,2851.2930,98341100,159.557527
2021-11-05,sz000001,2848.2820,2870.8620,2806.1320,2816.6690,109604000,159.675113
2021-11-08,sz000001,2813.6590,2842.2600,2774.5190,2783.5510,137681500,159.790528
2021-11-09,sz000001,2792.5840,2818.1750,2759.4660,2800.1100,124057300,159.732459
2021-11-10,sz000001,2789.5730,2791.0780,2744.4120,2780.5410,122085100,159.801207
2021-11-11,sz000001,2773.0140,2935.5930,2768.4980,2923.5500,208472900,159.321526
2021-11-12,sz000001,2917.5280,2965.7000,2887.4210,2911.5070,95754600,159.359989
2021-11-15,sz000001,2923.5500,2965.7000,2900.9690,2935.5930,65509000,159.283397
2021-11-16,sz000001,2925.0550,2952.1520,2896.4530,2903.9800,60111000,159.384193
2021-11-17,sz000001,2893.4430,2916.0230,2867.8520,2887.4210,66464000,159.437935
2021-11-18,sz000001,2884.4100,2888.9270,2830.2180,2840.7550,79984400,159.592978
2021-11-19,sz000001,2840.7550,2906.9910,2825.7010,2893.4430,78637200,159.418347
2021-11-22,sz000001,2875.3780,2908.4960,2855.8090,2888.9270,73861800,159.433057
2021-11-23,sz000001,2887.4210,2923.5500,2822.6910,2852.7980,123597800,159.552461
2021-11-24,sz000001,2836.2390,2863.3350,2819.6800,2851.2930,74131100,159.557527
2021-11-25,sz000001,2831.7230,2839.2500,2815.1640,2822.6910,60353300,159.654468
2021-11-26,sz000001,2813.6590,2821.1850,2798.6050,2807.6370,69450000,159.706314
2021-11-29,sz000001,2782.0460,2806.1320,2774.5190,2797.1000,51259500,159.743004
2021-11-30,sz000001,2801.6160,2822.6910,2773.0140,2786.5620,73361600,159.779931
2021-12-01,sz000001,2785.0570,2836.2390,2776.0250,2816.6690,70692500,159.675113
2021-12-02,sz000001,2813.6590,2842.2600,2776.0250,2809.1430,99479800,159.701137
2021-12-03,sz000001,2816.6690,2825.7010,2782.0460,2818.1750,70760000,159.669972
2021-12-06,sz000001,2848.2820,2955.1620,2840.7550,2885.9160,214562500,159.442873
2021-12-07,sz000001,2916.0230,2971.7210,2893.4430,2940.1090,161644400,159.269177
2021-12-08,sz000001,2938.6030,2953.6570,2894.9480,2941.6140,98028100,159.264429
2021-12-09,sz000001,2944.6250,3030.4300,2926.5610,2976.2370,145588700,159.157059
2021-12-10,sz000001,2947.6360,2976.2370,2911.5070,2928.0660,98925500,159.307182
2021-12-13,sz000001,2941.6140,3003.3340,2897.9590,2911.5070,131449000,159.359989
2021-12-14,sz000001,2894.9480,2896.4530,2798.6050,2807.6370,193720900,159.706314
2021-12-15,sz000001,2797.1000,2819.6800,2780.5410,2803.1210,129462700,159.721994
2021-12-16,sz000001,2803.1210,2830.2180,2789.5730,2828.7120,81948000,159.633860
2021-12-17,sz000001,2825.7010,2833.2280,2806.1320,2806.1320,60237000,159.711554
2021-12-20,sz000001,2804.6260,2818.1750,2788.0680,2798.6050,74643500,159.737728
2021-12-21,sz000001,2794.0890,2827.2070,2792.5840,2809.1430,89373400,159.701137
2021-12-22,sz000001,2813.6590,2816.6690,2765.4870,2779.0350,97692800,159.806498
2021-12-23,sz000001,2780.5410,2785.0570,2751.9390,2768.4980,105957600,159.843995
2021-12-24,sz000001,2770.0030,2773.0140,2751.9390,2766.9920,48825100,159.849336
2021-12-27,sz000001,2770.0030,2773.0140,2744.4120,2753.4440,73111900,159.898026
2021-12-28,sz000001,2753.4440,2770.0030,2733.8750,2745.9170,112663900,159.925277
2021-12-29,sz000001,2744.4120,2744.4120,2675.1660,2682.6920,146937400,160.160716
2021-12-30,sz000001,2684.1980,2712.8000,2678.1760,2693.2300,79666400,160.120690
2021-12-31,sz000001,2699.2510,2705.2730,2630.0050,2642.0480,175076100,160.318447
2022-01-04,sz000001,2642.0480,2669.1440,2596.8870,2669.1440,116925900,160.212725
2022-01-05,sz000001,2657.1010,2753.4440,2652.5850,2742.9070,196199800,159.936268
2022-01-06,sz000001,2736.8850,2760.9710,2720.3260,2738.3910,110788500,159.952745
2022-01-07,sz000001,2735.3800,2762.4760,2729.3590,2750.4340,112663100,159.908953
2022-01-10,sz000001,2763.9820,2783.5510,2724.8420,2748.9280,90977400,159.914369
2022-01-11,sz000001,2759.4660,2801.6160,2741.4010,2782.0460,158199900,159.795864
2022-01-12,sz000001,2782.0460,2788.0680,2705.2730,2720.3260,150216400,160.019176
2022-01-13,sz000001,2706.7780,2756.4550,2693.2300,2717.3160,90942300,160.030389
2022-01-14,sz000001,2720.3260,2723.3370,2614.9510,2619.4670,210309500,160.408267
2022-01-17,sz000001,2622.4780,2642.0480,2587.8550,2602.9080,114368900,160.475216
2022-01-18,sz000001,2607.4240,2651.0800,2593.8760,2648.0690,115297400,160.294734
2022-01-19,sz000001,2651.0800,2673.6600,2623.9830,2645.0580,98839200,160.306545
2022-01-20,sz000001,2640.5420,2789.5730,2633.0160,2770.0030,303119400,159.838604
2022-01-21,sz000001,2788.0680,2804.6260,2751.9390,2773.0140,148168300,159.827896
2022-01-24,sz000001,2771.5090,2777.5300,2717.3160,2750.4340,87477100,159.908953
2022-01-25,sz000001,2732.3690,2732.3690,2691.7250,2697.7460,109328400,160.103620
2022-01-26,sz000001,2712.8000,2735.3800,2651.0800,2667.6390,98497500,160.218559
2022-01-27,sz000001,2645.0580,2651.0800,2607.4240,2614.9510,102464300,160.426442
2022-01-28,sz000001,2628.4990,2637.5320,2542.6940,2544.1990,167556400,160.720088
2022-02-07,sz000001,2572.8010,2631.5100,2553.2320,2628.4990,151547600,160.372117
2022-02-08,sz000001,2614.9510,2715.8100,2608.9300,2694.7350,175469500,160.114973
2022-02-09,sz000001,2708.2830,2720.3260,2676.6710,2699.2510,105116200,160.097924
2022-02-10,sz000001,2685.7030,2724.8420,2670.6500,2718.8210,78455700,160.024779
2022-02-11,sz000001,2724.8420,2771.5090,2724.8420,2735.3800,107813900,159.963743
2022-02-14,sz000001,2735.3800,2742.9070,2646.5640,2657.1010,115065900,160.259409
2022-02-15,sz000001,2645.0580,2670.6500,2584.8440,2611.9410,120826400,160.438636
2022-02-16,sz000001,2622.4780,2649.5740,2601.4030,2631.5100,78240000,160.360146
2022-02-17,sz000001,2628.4990,2652.5850,2617.9620,2633.0160,79450200,160.354202
2022-02-18,sz000001,2617.9620,2685.7030,2616.4570,2685.7030,80249900,160.149255
2022-02-21,sz000001,2669.1440,2670.6500,2617.9620,2646.5640,80099500,160.300666
2022-02-22,sz000001,2616.4570,2636.0260,2593.8760,2604.4140,89495700,160.469131
2022-02-23,sz000001,2614.9510,2616.4570,2575.8120,2598.3920,88674200,160.493638
2022-02-24,sz000001,2589.3600,2592.3710,2539.6830,2556.2420,132408700,160.668887
2022-02-25,sz000001,2568.2850,2581.8330,2550.2210,2554.7370,72639700,160.675283
2022-02-28,sz000001,2554.7370,2557.7480,2512.5870,2532.1560,72399000,160.771810
2022-03-01,sz000001,2538.1780,2562.2640,2512.5870,2557.7480,93504000,160.662563
2022-03-02,sz000001,2538.1780,2550.2210,2518.6080,2521.6190,76076100,160.817538
2022-03-03,sz000001,2529.1460,2541.1890,2514.0920,2526.1350,57828500,160.797899
2022-03-04,sz000001,2512.5870,2514.0920,2461.4050,2468.9310,99093600,161.052250
2022-03-07,sz000001,2444.8460,2444.8460,2368.0720,2377.1050,111315900,161.488111
2022-03-08,sz000001,2362.0510,2398.1800,2306.3530,2315.3850,100303300,161.801887
2022-03-09,sz000001,2328.9330,2336.4600,2151.3010,2244.6330,180076000,162.184465
2022-03-10,sz000001,2295.8150,2381.6210,2282.2670,2354.5240,224915800,161.600824
2022-03-11,sz000001,2328.9330,2416.2440,2291.2990,2404.2010,149364700,161.355772
2022-03-14,sz000001,2363.5560,2408.7170,2336.4600,2342.4810,111840700,161.661905
2022-03-15,sz000001,2328.9330,2328.9330,2208.5040,2220.5470,178140900,162.320687
2022-03-16,sz000001,2247.6440,2328.9330,2194.9560,2315.3850,153177900,161.801887
2022-03-17,sz000001,2368.0720,2375.5990,2304.8470,2336.4600,173006100,161.692734
2022-03-18,sz000001,2322.9120,2396.6740,2289.7940,2374.0940,152880700,161.502993
2022-03-21,sz000001,2343.9870,2392.1580,2327.4280,2357.5350,120886800,161.585675
2022-03-22,sz000001,2357.5350,2452.3720,2343.9870,2446.3510,162865700,161.156192
2022-03-23,sz000001,2435.8140,2447.8560,2404.2010,2419.2550,105010200,161.283667
2022-03-24,sz000001,2407.2120,2465.9210,2390.6530,2449.3620,100236000,161.142237
2022-03-25,sz000001,2441.8350,2456.8890,2392.1580,2416.2440,74293300,161.297997
2022-03-28,sz000001,2389.1470,2426.7810,2363.5560,2396.6740,72713700,161.392189
2022-03-29,sz000001,2401.1900,2411.7280,2359.0400,2371.0830,61564300,161.517916
2022-03-30,sz000001,2398.1800,2459.8990,2383.1260,2450.8670,123679200,161.135240
2022-03-31,sz000001,2434.3080,2505.0600,2428.2870,2476.4580,116374700,161.018075
2022-04-01,sz000001,2474.9530,2538.1780,2449.3620,2532.1560,148487900,160.771810
2022-04-06,sz000001,2515.5980,2651.0800,2514.0920,2628.4990,248854000,160.372117
2022-04-07,sz000001,2626.9940,2669.1440,2599.8980,2611.9410,165906500,160.438636
2022-04-08,sz000001,2608.9300,2637.5320,2589.3600,2630.0050,106677900,160.366159
2022-04-11,sz000001,2622.4780,2630.0050,2539.6830,2577.3170,141673500,160.580498
2022-04-12,sz000001,2577.3170,2608.9300,2518.6080,2557.7480,103926100,160.662563
2022-04-13,sz000001,2553.2320,2581.8330,2527.6400,2539.6830,89062800,160.739430
2022-04-14,sz000001,2569.7900,2607.4240,2557.7480,2575.8120,92961500,160.586783
2022-04-15,sz000001,2554.7370,2649.5740,2548.7150,2633.0160,123176100,160.354202
2022-04-18,sz000001,2592.3710,2599.8980,2541.1890,2554.7370,108688800,160.675283
2022-04-19,sz000001,2554.7370,2565.2740,2512.5870,2541.1890,82177200,160.733017
2022-04-20,sz000001,2541.1890,2577.3170,2524.6300,2547.2100,71655500,160.707256
2022-04-21,sz000001,2535.1670,2566.7800,2524.6300,2541.1890,70989100,160.733017
2022-04-22,sz000001,2515.5980,2598.3920,2479.4690,2578.8230,92127400,160.574284
2022-04-25,sz000001,2520.1140,2556.2420,2386.1370,2396.6740,166448100,161.392189
2022-04-26,sz000001,2401.1900,2416.2440,2336.4600,2378.6100,98821000,161.480652
2022-04-27,sz000001,2416.2440,2517.1030,2413.2330,2517.1030,149029500,160.837252
2022-04-28,sz000001,2505.0600,2559.2530,2474.9530,2517.1030,91177200,160.837252
2022-04-29,sz000001,2523.1240,2530.6510,2414.7390,2467.4260,164501300,161.059138
2022-05-05,sz000001,2449.3620,2486.9960,2441.8350,2467.4260,79019600,161.059138
2022-05-06,sz000001,2422.2650,2449.3620,2405.7060,2413.2330,83243200,161.312366
2022-05-09,sz000001,2410.2220,2410.2220,2337.9650,2351.5130,81862100,161.616014
2022-05-10,sz000001,2343.9870,2359.0400,2285.2780,2357.5350,99228500,161.585675
2022-05-11,sz000001,2350.0080,2395.1690,2334.9540,2363.5560,84857400,161.555434
2022-05-12,sz000001,2340.9760,2353.0190,2318.3960,2325.9220,68506400,161.747010
2022-05-13,sz000001,2343.9870,2368.0720,2342.4810,2360.5460,67631200,161.570568
2022-05-16,sz000001,2368.0720,2378.6100,2321.4060,2330.4380,66822800,161.723664
2022-05-17,sz000001,2345.4920,2377.1050,2316.8900,2375.5990,93140600,161.495513
2022-05-18,sz000001,2396.6740,2402.6960,2369.5780,2381.6210,77857800,161.465831
2022-05-19,sz000001,2351.5130,2374.0940,2343.9870,2362.0510,59092200,161.562996
2022-05-20,sz000001,2374.0940,2425.2760,2369.5780,2422.2650,94859800,161.269308
2022-05-23,sz000001,2429.7920,2429.7920,2383.1260,2393.6630,64772600,161.406811
2022-05-24,sz000001,2399.6850,2399.6850,2328.9330,2328.9330,93355700,161.731458
2022-05-25,sz000001,2333.4490,2342.4810,2313.8790,2327.4280,60322800,161.739263
2022-05-26,sz000001,2330.4380,2333.4490,2279.2560,2297.3210,101131800,161.897181
2022-05-27,sz000001,2312.3740,2321.4060,2285.2780,2295.8150,72306700,161.905148
2022-05-30,sz000001,2307.8580,2310.8690,2274.7400,2280.7620,89690100,161.985938
2022-05-31,sz000001,2279.2560,2295.8150,2268.7190,2292.8040,93886900,161.921186
2022-06-01,sz000001,2289.7940,2289.7940,2268.7190,2280.7620,84529900,161.985938
2022-06-02,sz000001,2271.7290,2273.2350,2250.6540,2261.1920,97926800,162.092616
2022-06-06,sz000001,2255.1700,2294.3100,2214.5260,2294.3100,171085200,161.913197
2022-06-07,sz000001,2271.7290,2306.3530,2267.2130,2292.8040,131511300,161.921186
2022-06-08,sz000001,2292.8040,2294.3100,2270.2240,2292.8040,114552100,161.921186
2022-06-09,sz000001,2289.7940,2337.9650,2283.7720,2321.4060,163290100,161.770453
2022-06-10,sz000001,2307.8580,2318.3960,2288.2880,2316.8900,134601200,161.793994
2022-06-13,sz000001,2295.8150,2297.3210,2250.6540,2255.1700,154775300,162.125809
2022-06-14,sz000001,2225.0630,2288.2880,2225.0630,2286.7830,115142900,161.953470
2022-06-15,sz000001,2283.7720,2435.8140,2277.7510,2380.1150,341354400,161.473202
2022-06-16,sz000001,2380.1150,2393.6630,2331.9440,2334.9540,133254600,161.700416
2022-06-17,sz000001,2316.8900,2348.5030,2298.8260,2336.4600,105378800,161.692734
2022-06-20,sz000001,2334.9540,2334.9540,2307.8580,2319.9010,103216700,161.778312
2022-06-21,sz000001,2319.9010,2363.5560,2303.3420,2324.4170,132179400,161.754836
2022-06-22,sz000001,2322.9120,2322.9120,2280.7620,2280.7620,105604600,161.985938
2022-06-23,sz000001,2282.2670,2303.3420,2277.7510,2298.8260,80602800,161.889155
2022-06-24,sz000001,2298.8260,2306.3530,2285.2780,2303.3420,86604100,161.865214
2022-06-27,sz000001,2304.8470,2353.0190,2301.8370,2342.4810,149727800,161.661905
2022-06-28,sz000001,2339.4710,2369.5780,2330.4380,2363.5560,112511000,161.555434
2022-06-29,sz000001,2366.5670,2404.2010,2351.5130,2365.0620,126654700,161.547951
2022-06-30,sz000001,2363.5560,2422.2650,2351.5130,2416.2440,154874500,161.297997
2022-07-01,sz000001,2419.2550,2429.7920,2395.1690,2407.2120,77924300,161.341287
2022-07-04,sz000001,2411.7280,2416.2440,2381.6210,2410.2220,83496800,161.326774
2022-07-05,sz000001,2417.7490,2459.8990,2392.1580,2405.7060,111517200,161.348491
2022-07-06,sz000001,2393.6630,2408.7170,2337.9650,2348.5030,104333500,161.631315
2022-07-07,sz000001,2350.0080,2366.5670,2325.9220,2331.9440,73016100,161.715950
2022-07-08,sz000001,2343.9870,2366.5670,2324.4170,2350.0080,63969800,161.623659
2022-07-11,sz000001,2343.9870,2354.5240,2322.9120,2337.9650,61169200,161.684993
2022-07-12,sz000001,2330.4380,2378.6100,2325.9220,2331.9440,74288200,161.715950
2022-07-13,sz000001,2331.9440,2339.4710,2252.1600,2264.2030,217599600,162.076092
2022-07-14,sz000001,2223.5580,2225.0630,2161.8380,2173.8810,263212100,162.593942
2022-07-15,sz000001,2190.4400,2202.4830,2151.3010,2154.3110,159863700,162.712311
2022-07-18,sz000001,2155.8170,2184.4190,2149.7950,2176.8920,115350600,162.575952
2022-07-19,sz000001,2169.3650,2182.9130,2160.3330,2181.4080,75559700,162.549031
2022-07-20,sz000001,2182.9130,2188.9350,2170.8700,2176.8920,80145900,162.575952
2022-07-21,sz000001,2166.3540,2169.3650,2116.6770,2119.6880,197038800,162.927594
2022-07-22,sz000001,2128.4190,2141.9670,2095.3010,2123.9030,137651000,165.800390
2022-07-25,sz000001,2122.3980,2129.9250,2102.8280,2125.4090,76395600,165.788534
2022-07-26,sz000001,2114.8710,2138.9570,2108.8500,2138.9570,102404900,165.682184
2022-07-27,sz000001,2129.9250,2134.4410,2111.8600,2120.8920,92391400,165.824238
2022-07-28,sz000001,2123.9030,2138.9570,2119.3870,2134.4410,75034700,165.717469
2022-07-29,sz000001,2134.4410,2137.4510,2099.8170,2104.3330,83149700,165.956861
2022-08-01,sz000001,2101.3230,2101.3230,2062.1830,2065.1940,102573300,166.279710
2022-08-02,sz000001,2035.0870,2053.1510,1992.9370,2041.1080,137300900,166.485155
2022-08-03,sz000001,2030.5710,2042.6140,2003.4740,2006.4850,74613700,166.790108
2022-08-04,sz000001,2017.0230,2027.5600,2004.9800,2026.0550,60267600,166.616365
2022-08-05,sz000001,2021.5390,2051.6460,1998.9580,2048.6350,76529800,166.420390
2022-08-08,sz000001,2039.6030,2056.1620,2026.0550,2032.0760,55200000,166.563607
2022-08-09,sz000001,2033.5820,2035.0870,2014.0120,2020.0330,55844800,166.669389
2022-08-10,sz000001,2020.0330,2038.0980,2004.9800,2011.0010,68302300,166.749668
2022-08-11,sz000001,2014.0120,2060.6780,2007.9910,2054.6570,139930400,166.368988
2022-08-12,sz000001,2041.1080,2063.6890,2032.0760,2059.1730,82050400,166.330614
2022-08-15,sz000001,2045.6240,2056.1620,2015.5170,2018.5280,117201000,166.682742
2022-08-16,sz000001,2018.5280,2032.0760,2017.0230,2021.5390,63122400,166.656142
2022-08-17,sz000001,2024.5490,2065.1940,2012.5070,2062.1830,134850700,166.305081
2022-08-18,sz000001,2074.2260,2083.2580,2026.0550,2039.6030,126970100,166.498204
2022-08-19,sz000001,2042.6140,2114.8710,2036.5920,2087.7750,210641700,166.091885
2022-08-22,sz000001,2089.2800,2104.3330,2063.6890,2077.2370,113807700,166.178960
2022-08-23,sz000001,2069.7100,2075.7320,2044.1190,2053.1510,92146300,166.381767
2022-08-24,sz000001,2051.6460,2083.2580,2051.6460,2062.1830,129537500,166.305081
2022-08-25,sz000001,2062.1830,2101.3230,2047.1300,2095.3010,106401100,166.030190
2022-08-26,sz000001,2104.3330,2114.8710,2071.2160,2093.7960,92763400,166.042506
2022-08-29,sz000001,2077.2370,2086.2690,2048.6350,2065.1940,92449100,166.279710
2022-08-30,sz000001,2066.7000,2083.2580,2044.1190,2074.2260,79971200,166.204006
2022-08-31,sz000001,2059.1730,2119.3870,2056.1620,2114.8710,165304200,165.872235
2022-09-01,sz000001,2099.8170,2120.8920,2089.2800,2093.7960,86198200,166.042506
2022-09-02,sz000001,2095.3010,2105.8390,2066.7000,2078.7420,78636300,166.166427
2022-09-05,sz000001,2071.2160,2092.2910,2057.6670,2087.7750,63204000,166.091885
2022-09-06,sz000001,2089.2800,2101.3230,2066.7000,2077.2370,73129500,166.178960
2022-09-07,sz000001,2065.1940,2065.1940,2044.1190,2051.6460,97981300,166.394647
2022-09-08,sz000001,2050.1410,2068.2050,2047.1300,2056.1620,62111700,166.356149
2022-09-09,sz000001,2062.1830,2113.3660,2056.1620,2110.3550,195129700,165.908412
2022-09-13,sz000001,2134.4410,2155.5160,2101.3230,2144.9780,172269000,165.635367
2022-09-14,sz000001,2114.8710,2132.9350,2107.3440,2111.8600,85803600,165.896308
2022-09-15,sz000001,2122.3980,2167.5590,2117.8820,2152.5050,184101800,165.577308
2022-09-16,sz000001,2140.4620,2144.9780,2086.2690,2086.2690,135744800,166.104220
2022-09-19,sz000001,2083.2580,2102.8280,2074.2260,2087.7750,63212100,166.091885
2022-09-20,sz000001,2093.7960,2096.8070,2050.1410,2053.1510,88998900,166.381767
2022-09-21,sz000001,2048.6350,2074.2260,2032.0760,2066.7000,68419700,166.267096
2022-09-22,sz000001,2051.6460,2056.1620,2039.6030,2045.6240,58613300,166.446216
2022-09-23,sz000001,2038.0980,2066.7000,2036.5920,2045.6240,58644100,166.446216
2022-09-26,sz000001,2026.0550,2044.1190,2000.4640,2001.9690,90372900,166.830750
2022-09-27,sz000001,2001.9690,2026.0550,1973.3670,2024.5490,78962200,166.629547
2022-09-28,sz000001,2015.5170,2039.6030,1989.9260,2018.5280,78092600,166.682742
2022-09-29,sz000001,2039.6030,2044.1190,1974.8730,1980.8940,91771800,167.023103
2022-09-30,sz000001,1982.3990,1995.9480,1976.3780,1977.8830,53723000,167.050929
2022-10-10,sz000001,1956.8080,1967.3460,1920.6800,1922.1850,96608000,167.583697
2022-10-11,sz000001,1932.7230,1938.7440,1913.1530,1923.6900,41525300,167.568815
2022-10-12,sz000001,1919.1740,1944.7650,1904.1210,1941.7550,55957200,167.392672
2022-10-13,sz000001,1928.2060,1932.7230,1898.0990,1902.6150,85261600,167.779101
2022-10-14,sz000001,1919.1740,1946.2710,1911.6480,1931.2170,109606200,167.494970
2022-10-17,sz000001,1914.6580,1929.7120,1902.6150,1923.6900,102482300,167.568815
2022-10-18,sz000001,1934.2280,1947.7760,1920.6800,1923.6900,94683700,167.568815
2022-10-19,sz000001,1914.6580,1925.1960,1893.5830,1895.0890,92399000,167.855536
2022-10-20,sz000001,1886.0560,1898.0990,1875.5190,1881.5400,78192300,167.994643
2022-10-21,sz000001,1883.0460,1889.0670,1861.9710,1864.9810,78557400,168.167809
2022-10-24,sz000001,1864.9810,1866.4870,1792.7240,1794.2300,138339100,168.948211
2022-10-25,sz000001,1806.2720,1822.8310,1791.2190,1798.7460,131697900,168.896338
2022-10-26,sz000001,1797.2400,1810.7890,1792.7240,1800.2510,114383000,168.879081
2022-10-27,sz000001,1806.2720,1816.8100,1800.2510,1803.2620,95738300,168.844757
2022-10-28,sz000001,1795.7350,1806.2720,1762.6170,1764.1220,105794700,169.301536
2022-10-31,sz000001,1750.5740,1768.6380,1734.0150,1752.0800,98309600,169.446809
2022-11-01,sz000001,1758.1010,1803.2620,1755.0900,1801.7560,138123400,168.861856
2022-11-02,sz000001,1792.7240,1803.2620,1773.1550,1795.7350,130298800,168.930856
2022-11-03,sz000001,1782.1870,1786.7030,1758.1010,1767.1330,98353600,169.265613
2022-11-04,sz000001,1761.1120,1828.8530,1759.6060,1824.3370,177611200,168.607856
2022-11-07,sz000001,1822.8310,1837.8850,1810.7890,1833.3690,98808200,168.508180
2022-11-08,sz000001,1834.8740,1839.3900,1818.3150,1828.8530,58322200,168.557880
2022-11-09,sz000001,1827.3470,1863.4760,1824.3370,1834.8740,83210700,168.491644
2022-11-10,sz000001,1819.8210,1836.3800,1804.7670,1831.8640,55202100,168.524747
2022-11-11,sz000001,1871.0030,1950.7870,1852.9390,1916.1640,254507100,167.643395
2022-11-14,sz000001,1956.8080,2044.1190,1956.8080,1994.4420,387208400,166.898912
2022-11-15,sz000001,1980.8940,2029.0660,1976.3780,2003.4740,157390100,166.817152
2022-11-16,sz000001,1997.4530,2009.4960,1970.3570,1974.8730,127869300,167.078934
2022-11-17,sz000001,1973.3670,1977.8830,1938.7440,1955.3030,109104700,167.262874
2022-11-18,sz000001,1962.8300,1968.8510,1937.2390,1940.2490,86809300,167.407161
2022-11-21,sz000001,1923.6900,1926.7010,1884.5510,1920.6800,104773700,167.598604
2022-11-22,sz000001,1920.6800,1991.4320,1917.6690,1974.8730,149132400,167.078934
2022-11-23,sz000001,1968.8510,2009.4960,1959.8190,1974.8730,124765700,167.078934
2022-11-24,sz000001,1989.9260,2000.4640,1955.3030,1967.3460,79671900,167.149193
2022-11-25,sz000001,1970.3570,2036.5920,1967.3460,2027.5600,176072800,166.603122
2022-11-28,sz000001,1986.9150,1989.9260,1955.3030,1973.3670,133156300,167.092887
2022-11-29,sz000001,2026.0550,2151.0000,2021.5390,2151.0000,474927700,165.588915
2022-11-30,sz000001,2137.4510,2203.6870,2125.4090,2157.0210,320962800,165.542671
2022-12-01,sz000001,2209.7090,2251.8590,2163.0420,2167.5590,200268900,165.462519
2022-12-02,sz000001,2173.5800,2175.0850,2105.8390,2137.4510,140420300,165.693876
2022-12-05,sz000001,2166.0530,2238.3100,2154.0100,2232.2890,228762700,164.988101
2022-12-06,sz000001,2203.6870,2251.8590,2190.1390,2217.2350,125257900,165.095681
2022-12-07,sz000001,2202.1820,2208.2030,2157.0210,2175.0850,137737700,165.405703
2022-12-08,sz000001,2175.0850,2230.7840,2170.5690,2206.6980,106572300,165.172006
2022-12-09,sz000001,2212.7190,2265.4070,2205.1930,2257.8800,161583200,164.808759
2022-12-12,sz000001,2239.8160,2239.8160,2161.5370,2169.0640,139258400,165.451106
2022-12-13,sz000001,2175.0850,2206.6980,2173.5800,2188.6340,90228500,165.304683
2022-12-14,sz000001,2187.1280,2212.7190,2164.5480,2187.1280,97406100,165.315797
2022-12-15,sz000001,2173.5800,2194.6550,2143.4730,2167.5590,83534900,165.462519
2022-12-16,sz000001,2155.5160,2212.7190,2155.5160,2203.6870,92425200,165.193928
2022-12-19,sz000001,2202.1820,2223.2570,2144.9780,2158.5260,103086600,165.531135
2022-12-20,sz000001,2147.9890,2164.5480,2102.8280,2116.3760,89621200,165.860188
2022-12-21,sz000001,2129.9250,2151.0000,2113.3660,2135.9460,61459000,165.705663
2022-12-22,sz000001,2152.5050,2175.0850,2137.4510,2144.9780,67239400,165.635367
2022-12-23,sz000001,2129.9250,2161.5370,2122.3980,2149.4940,56442600,165.600462
2022-12-26,sz000001,2151.0000,2158.5260,2108.8500,2117.8820,79712000,165.848238
2022-12-27,sz000001,2132.9350,2185.6230,2132.9350,2169.0640,88600400,165.451106
2022-12-28,sz000001,2176.5910,2209.7090,2152.5050,2173.5800,79119200,165.417047
2022-12-29,sz000001,2163.0420,2172.0750,2129.9250,2157.0210,66689000,165.542671
2022-12-30,sz000001,2158.5260,2194.6550,2146.4840,2176.5910,81803600,165.394453
2023-01-03,sz000001,2182.6120,2280.4600,2160.0320,2268.4180,219412800,164.736238
2023-01-04,sz000001,2259.3850,2366.2660,2247.3430,2351.2120,218968300,164.190782
2023-01-05,sz000001,2363.2550,2414.4370,2358.7390,2375.2980,166542500,164.039917
2023-01-06,sz000001,2378.3090,2411.4270,2375.2980,2396.3730,119574500,163.910602
2023-01-09,sz000001,2415.9430,2435.5120,2381.3200,2423.4700,105765900,163.747973
2023-01-10,sz000001,2417.4480,2437.0180,2361.7500,2369.2770,126942300,164.077355
2023-01-11,sz000001,2370.7820,2420.4590,2361.7500,2403.9000,83056600,163.865031
2023-01-12,sz000001,2418.9540,2418.9540,2382.8250,2403.9000,62569500,163.865031
2023-01-13,sz000001,2403.9000,2446.0500,2385.8360,2446.0500,94908600,163.615385
2023-01-16,sz000001,2446.0500,2495.7270,2430.9960,2465.6200,156004000,163.502653
2023-01-17,sz000001,2473.1460,2480.6730,2418.9540,2449.0610,93583500,163.597929
2023-01-18,sz000001,2446.0500,2480.6730,2440.0290,2470.1360,71843400,163.476903
2023-01-19,sz000001,2473.1460,2491.2110,2434.0070,2467.1250,64187500,163.494036
2023-01-20,sz000001,2477.6630,2489.7050,2453.5770,2473.1460,60859000,163.459749
2023-01-30,sz000001,2543.8980,2564.9730,2437.0180,2476.1570,137431800,163.442706
2023-01-31,sz000001,2489.7050,2530.3500,2447.5550,2452.0710,103049800,163.580454
2023-02-01,sz000001,2458.0930,2465.6200,2379.8140,2408.4160,165342100,163.837823
2023-02-02,sz000001,2414.4370,2420.4590,2343.6860,2393.3620,157790000,163.928904
2023-02-03,sz000001,2370.7820,2385.8360,2327.1270,2351.2120,124638300,164.190782
2023-02-06,sz000001,2318.0940,2322.6110,2281.9660,2303.0410,131761000,164.502929
2023-02-07,sz000001,2312.0730,2351.2120,2307.5570,2334.6530,86946000,164.296481
2023-02-08,sz000001,2339.1690,2351.2120,2307.5570,2309.0620,65789300,164.463105
2023-02-09,sz000001,2304.5460,2348.2020,2297.0190,2322.6110,83035000,164.374452
2023-02-10,sz000001,2318.0940,2321.1050,2281.9660,2300.0300,84728400,164.522890
2023-02-13,sz000001,2294.0090,2294.0090,2242.8270,2275.9440,180005400,164.684805
2023-02-14,sz000001,2280.4600,2300.0300,2272.9340,2297.0190,90993700,164.542908
2023-02-15,sz000001,2295.5140,2297.0190,2245.8370,2253.3640,125024400,164.840088
2023-02-16,sz000001,2254.8690,2289.4930,2227.7730,2242.8270,127912300,164.913750
2023-02-17,sz000001,2247.3430,2260.8910,2217.2350,2217.2350,91836400,165.095681
2023-02-20,sz000001,2227.7730,2325.6210,2226.2680,2325.6210,211619100,164.354841
2023-02-21,sz000001,2312.0730,2333.1480,2290.9980,2318.0940,99049500,164.403830
2023-02-22,sz000001,2303.0410,2321.1050,2294.0090,2306.0520,63892200,164.483024
2023-02-23,sz000001,2303.0410,2351.2120,2300.0300,2310.5680,82449100,164.453238
2023-02-24,sz000001,2306.0520,2307.5570,2272.9340,2281.9660,72998900,164.644012
2023-02-27,sz000001,2265.4070,2284.9770,2254.8690,2256.3750,62146200,164.819211
2023-02-28,sz000001,2265.4070,2280.4600,2244.3320,2269.9230,60793600,164.725907
2023-03-01,sz000001,2272.9340,2331.6430,2263.9020,2328.6320,122345200,164.335356
2023-03-02,sz000001,2322.6110,2369.2770,2312.0730,2339.1690,101587700,164.267486
2023-03-03,sz000001,2355.7280,2358.7390,2324.1160,2346.6960,69095400,164.219454
2023-03-06,sz000001,2348.2020,2348.2020,2260.8910,2280.4600,145582400,164.654152
2023-03-07,sz000001,2280.4600,2318.0940,2250.3530,2256.3750,127926600,164.819211
2023-03-08,sz000001,2247.3430,2248.8480,2212.7190,2232.2890,109689800,164.988101
2023-03-09,sz000001,2233.7940,2239.8160,2172.0750,2182.6120,173606500,165.349394
2023-03-10,sz000001,2152.5050,2193.1500,2152.5050,2173.5800,85699600,165.417047
2023-03-13,sz000001,2170.5690,2196.1600,2152.5050,2160.0320,100063500,165.519693
2023-03-14,sz000001,2151.0000,2152.5050,2111.8600,2132.9350,114907600,165.729215
2023-03-15,sz000001,2160.0320,2179.6010,2143.4730,2160.0320,97936400,165.519693
2023-03-16,sz000001,2135.9460,2157.0210,2122.3980,2125.4090,91679200,165.788534
2023-03-17,sz000001,2151.0000,2158.5260,2099.8170,2114.8710,155681400,165.872235
2023-03-20,sz000001,2116.3760,2129.9250,2084.7640,2087.7750,118881600,166.091885
2023-03-21,sz000001,2099.8170,2119.3870,2077.2370,2107.3440,84074300,165.932598
2023-03-22,sz000001,2114.8710,2134.4410,2108.8500,2120.8920,87669100,165.824238
2023-03-23,sz000001,2107.3440,2137.4510,2096.8070,2137.4510,80430600,165.693876
2023-03-24,sz000001,2129.9250,2131.4300,2116.3760,2125.4090,62151900,165.788534
2023-03-27,sz000001,2122.3980,2123.9030,2071.2160,2092.2910,100842200,166.054841
2023-03-28,sz000001,2101.3230,2111.8600,2084.7640,2098.3120,67386800,166.005696
2023-03-29,sz000001,2111.8600,2113.3660,2077.2370,2081.7530,59606400,166.141500
2023-03-30,sz000001,2084.7640,2108.8500,2063.6890,2104.3330,82454600,165.956861
2023-03-31,sz000001,2105.8390,2117.8820,2078.7420,2081.7530,86549200,166.141500
2023-04-03,sz000001,2084.7640,2105.8390,2071.2160,2102.8280,74042900,165.969061
2023-04-04,sz000001,2098.3120,2110.3550,2090.7850,2099.8170,64745700,165.993439
2023-04-06,sz000001,2092.2910,2093.7960,2077.2370,2089.2800,56332100,166.079491
2023-04-07,sz000001,2087.7750,2105.8390,2077.2370,2095.3010,60792500,166.030190
2023-04-10,sz000001,2098.3120,2107.3440,2089.2800,2104.3330,64018200,165.956861
2023-04-11,sz000001,2107.3440,2110.3550,2080.2480,2083.2580,77778000,166.129027
2023-04-12,sz000001,2089.2800,2090.7850,2069.7100,2074.2260,90995700,166.204006
2023-04-13,sz000001,2063.6890,2102.8280,2047.1300,2086.2690,113159100,166.104220
2023-04-14,sz000001,2092.2910,2137.4510,2089.2800,2105.8390,129799500,165.944760
2023-04-17,sz000001,2101.3230,2143.4730,2092.2910,2141.9670,130421300,165.658701
2023-04-18,sz000001,2141.9670,2182.6120,2135.9460,2152.5050,153893600,165.577308
2023-04-19,sz000001,2155.5160,2163.0420,2126.9140,2129.9250,101437800,165.752918
2023-04-20,sz000001,2137.4510,2137.4510,2095.3010,2114.8710,81178800,165.872235
2023-04-21,sz000001,2107.3440,2126.9140,2074.2260,2077.2370,91866800,166.178960
2023-04-24,sz000001,2074.2260,2077.2370,2006.4850,2017.0230,146767200,166.696116
2023-04-25,sz000001,2023.0440,2057.6670,2020.0330,2044.1190,130190100,166.459202
2023-04-26,sz000001,2039.6030,2039.6030,2000.4640,2020.0330,99126000,166.669389
2023-04-27,sz000001,2011.0010,2054.6570,2001.9690,2041.1080,100409300,166.485155
2023-04-28,sz000001,2041.1080,2119.3870,2035.0870,2084.7640,144525400,166.116653
2023-05-04,sz000001,2062.1830,2126.9140,2030.5710,2111.8600,147826400,165.896308
2023-05-05,sz000001,2119.3870,2169.0640,2114.8710,2138.9570,176218900,165.682184
2023-05-08,sz000001,2143.4730,2226.2680,2128.4190,2200.6760,263071900,165.215916
2023-05-09,sz000001,2212.7190,2242.8270,2172.0750,2176.5910,242253400,165.394453
2023-05-10,sz000001,2178.0960,2191.6440,2122.3980,2128.4190,123705300,165.764720
2023-05-11,sz000001,2144.9780,2170.5690,2122.3980,2129.9250,90375800,165.752918
2023-05-12,sz000001,2125.4090,2132.9350,2093.7960,2095.3010,88560400,166.030190
2023-05-15,sz000001,2104.3330,2129.9250,2069.7100,2126.9140,92832600,165.776617
2023-05-16,sz000001,2122.3980,2140.4620,2087.7750,2095.3010,99830200,166.030190
2023-05-17,sz000001,2089.2800,2098.3120,2068.2050,2075.7320,75462100,166.191513
2023-05-18,sz000001,2087.7750,2098.3120,2066.7000,2075.7320,68718700,166.191513
2023-05-19,sz000001,2066.7000,2068.2050,2050.1410,2053.1510,68841400,166.381767
2023-05-22,sz000001,2048.6350,2069.7100,2048.6350,2059.1730,54932800,166.330614
2023-05-23,sz000001,2059.1730,2063.6890,2033.5820,2033.5820,69436400,166.550532
2023-05-24,sz000001,2032.0760,2033.5820,2003.4740,2003.4740,82425100,166.817152
2023-05-25,sz000001,2000.4640,2001.9690,1973.3670,1991.4320,88274400,166.926404
2023-05-26,sz000001,1991.4320,2021.5390,1977.8830,2017.0230,51142900,166.696116
2023-05-29,sz000001,2018.5280,2021.5390,1994.4420,1998.9580,56607400,166.857930
2023-05-30,sz000001,1998.9580,2000.4640,1971.8620,1982.3990,76399700,167.009183
2023-05-31,sz000001,1974.8730,1977.8830,1938.7440,1941.7550,117958700,167.392672
2023-06-01,sz000001,1941.7550,1953.7980,1926.7010,1940.2490,74302300,167.407161
2023-06-02,sz000001,1953.7980,1997.4530,1947.7760,1991.4320,122184300,166.926404
2023-06-05,sz000001,1983.9050,2001.9690,1974.8730,1988.4210,52184600,166.953904
2023-06-06,sz000001,1988.4210,2015.5170,1974.8730,1977.8830,83327300,167.050929
2023-06-07,sz000001,1985.4100,2012.5070,1983.9050,1992.9370,64369800,166.912647
2023-06-08,sz000001,1995.9480,2032.0760,1980.8940,2020.0330,86939700,166.669389
2023-06-09,sz000001,2011.0010,2015.5170,1979.3890,1983.9050,131528500,166.995370
2023-06-12,sz000001,1974.8730,1986.9150,1965.8400,1970.3570,75874700,167.121035
2023-06-13,sz000001,1965.8400,1977.8830,1955.3030,1967.3460,84998800,167.149193
2023-06-14,sz000001,1977.1310,2004.2270,1963.5820,1965.0880,106920000,171.324150
2023-06-15,sz000001,1968.0990,1989.1740,1953.0450,1986.1630,92530100,171.073471
2023-06-16,sz000001,1986.1630,1995.1950,1980.1410,1989.1740,84203400,171.038177
2023-06-19,sz000001,1989.1740,1989.1740,1956.0560,1962.0770,95399700,171.360437
2023-06-20,sz000001,1960.5720,1963.5820,1947.0230,1948.5290,54455100,171.525440
2023-06-21,sz000001,1948.5290,1966.5930,1945.5180,1947.0230,61658300,171.543877
2023-06-26,sz000001,1939.4970,1939.4970,1916.9160,1921.4320,67657700,171.863327
2023-06-27,sz000001,1924.4430,1942.5070,1919.9270,1936.4860,46170200,171.674291
2023-06-28,sz000001,1936.4860,1944.0130,1927.4540,1939.4970,36539600,171.636903
2023-06-29,sz000001,1937.9910,1937.9910,1919.9270,1921.4320,48590600,171.863327
2023-06-30,sz000001,1921.4320,1941.0020,1916.9160,1928.9590,51905300,171.768388
2023-07-03,sz000001,1930.4650,1974.1200,1928.9590,1968.0990,88509100,171.287990
2023-07-04,sz000001,1963.5820,1968.0990,1942.5070,1954.5500,61630100,171.451754
2023-07-05,sz000001,1948.5290,1954.5500,1939.4970,1945.5180,42348200,171.562434
2023-07-06,sz000001,1939.4970,1945.5180,1925.9480,1930.4650,59709600,171.749555
2023-07-07,sz000001,1924.4430,1934.9810,1921.4320,1924.4430,48444100,171.825268
2023-07-10,sz000001,1931.9700,1936.4860,1919.9270,1924.4430,49588200,171.825268
2023-07-11,sz000001,1927.4540,1933.4750,1922.9380,1925.9480,57080900,171.806244
2023-07-12,sz000001,1928.9590,1948.5290,1927.4540,1930.4650,73608400,171.749555
2023-07-13,sz000001,1942.5070,1965.0880,1934.9810,1959.0660,112423000,171.396850
2023-07-14,sz000001,1959.0660,1977.1310,1954.5500,1963.5820,71914700,171.342234
2023-07-17,sz000001,1956.0560,1956.0560,1933.4750,1941.0020,60834300,171.618214
2023-07-18,sz000001,1937.9910,1942.5070,1927.4540,1931.9700,47196600,171.730667
2023-07-19,sz000001,1928.9590,1942.5070,1928.9590,1941.0020,38219600,171.618214
2023-07-20,sz000001,1944.0130,1960.5720,1937.9910,1942.5070,55407000,171.599558
2023-07-21,sz000001,1941.0020,1953.0450,1936.4860,1945.5180,37710300,171.562434
2023-07-24,sz000001,1944.0130,1944.0130,1930.4650,1933.4750,42685200,171.711812
2023-07-25,sz000001,1962.0770,2004.2270,1960.5720,2002.7220,203295800,170.880717
2023-07-26,sz000001,1992.1840,2005.7320,1978.6360,1995.1950,75166300,170.967866
2023-07-27,sz000001,1996.7000,2025.3020,1992.1840,2007.2380,111519600,170.828766
2023-07-28,sz000001,1998.2060,2090.0330,1995.1950,2084.0110,234701300,169.984584
2023-07-31,sz000001,2090.0330,2120.1400,2079.4950,2093.0430,185495200,169.889854
2023-08-01,sz000001,2084.0110,2100.5700,2064.4410,2068.9580,95773500,170.144572
2023-08-02,sz000001,2053.9040,2081.0000,2034.3340,2049.3880,111590000,170.356442
2023-08-03,sz000001,2043.3660,2100.5700,2037.3450,2094.5490,117584800,169.874209
2023-08-04,sz000001,2108.0970,2124.6560,2076.4840,2090.0330,130313100,169.921382
2023-08-07,sz000001,2076.4840,2082.5060,2062.9360,2068.9580,64691300,170.144572
2023-08-08,sz000001,2062.9360,2076.4840,2044.8720,2059.9250,72570500,170.241736
2023-08-09,sz000001,2053.9040,2074.9790,2052.3990,2070.4630,57760800,170.128431
2023-08-10,sz000001,2067.4520,2076.4840,2053.9040,2068.9580,47559500,170.144572
2023-08-11,sz000001,2070.4630,2085.5170,2028.3130,2028.3130,94353900,170.589823
2023-08-14,sz000001,2008.7430,2011.7540,1983.1520,1995.1950,97592000,170.967866
2023-08-15,sz000001,1998.2060,2014.7650,1984.6570,2004.2270,71281300,170.863342
2023-08-16,sz000001,1995.1950,2022.2910,1986.1630,2004.2270,57290400,170.863342
2023-08-17,sz000001,1995.1950,1999.7110,1963.5820,1980.1410,96505800,171.144425
2023-08-18,sz000001,1981.6470,2005.7320,1974.1200,1978.6360,65981900,171.162284
2023-08-21,sz000001,1978.6360,1981.6470,1942.5070,1942.5070,70149800,171.599558
2023-08-22,sz000001,1951.5400,1962.0770,1941.0020,1950.0340,60680800,171.506948
2023-08-23,sz000001,1947.0230,1957.5610,1930.4650,1931.9700,69181000,171.730667
2023-08-24,sz000001,1937.9910,1942.5070,1901.8630,1913.9060,129127100,171.959209
2023-08-25,sz000001,1909.3900,1944.0130,1906.3790,1928.9590,84535000,171.768388
2023-08-28,sz000001,2020.7860,2034.3340,1968.0990,1972.6150,199761000,171.233941
2023-08-29,sz000001,1965.0880,1968.0990,1913.9060,1941.0020,196496100,171.618214
2023-08-30,sz000001,1934.9810,1934.9810,1913.9060,1913.9060,137563800,171.959209
2023-08-31,sz000001,1915.4110,1927.4540,1912.4000,1913.9060,80647400,171.959209
2023-09-01,sz000001,1922.9380,1948.5290,1922.9380,1942.5070,113870500,171.599558
2023-09-04,sz000001,1947.0230,1983.1520,1944.0130,1978.6360,141002900,171.162284
2023-09-05,sz000001,1969.6040,1971.1090,1948.5290,1953.0450,80417700,171.470149
2023-09-06,sz000001,1944.0130,1963.5820,1939.4970,1959.0660,63484100,171.396850
2023-09-07,sz000001,1954.5500,1960.5720,1942.5070,1944.0130,54004200,171.581024
2023-09-08,sz000001,1936.4860,1942.5070,1928.9590,1934.9810,47903000,171.693079
2023-09-11,sz000001,1939.4970,1954.5500,1934.9810,1945.5180,65448600,171.562434
2023-09-12,sz000001,1947.0230,1947.0230,1931.9700,1936.4860,49548500,171.674291
2023-09-13,sz000001,1937.9910,1942.5070,1925.9480,1931.9700,49021800,171.730667
2023-09-14,sz000001,1936.4860,1944.0130,1931.9700,1937.9910,55165000,171.655536
2023-09-15,sz000001,1947.0230,1954.5500,1924.4430,1927.4540,89047600,171.787344
2023-09-18,sz000001,1927.4540,1930.4650,1915.4110,1928.9590,50132500,171.768388
2023-09-19,sz000001,1927.4540,1928.9590,1918.4220,1925.9480,50366400,171.806244
2023-09-20,sz000001,1924.4430,1927.4540,1916.9160,1916.9160,55887200,171.920717
2023-09-21,sz000001,1915.4110,1915.4110,1900.3570,1901.8630,84393000,172.114299
2023-09-22,sz000001,1898.8520,1931.9700,1898.8520,1930.4650,91148400,171.749555
2023-09-25,sz000001,1930.4650,1942.5070,1922.9380,1927.4540,76121100,171.787344
2023-09-26,sz000001,1927.4540,1933.4750,1915.4110,1918.4220,44498000,171.901613
2023-09-27,sz000001,1916.9160,1927.4540,1916.9160,1919.9270,49031100,171.882453
2023-09-28,sz000001,1922.9380,1930.4650,1921.4320,1924.4430,52069700,171.825268
2023-10-09,sz000001,1918.4220,1919.9270,1903.3680,1910.8950,69582800,171.997750
2023-10-10,sz000001,1922.9380,1924.4430,1897.3470,1897.3470,82074900,172.173049
2023-10-11,sz000001,1907.8840,1907.8840,1888.3140,1891.3250,72411600,172.251821
2023-10-12,sz000001,1910.8950,1918.4220,1900.3570,1910.8950,85305800,171.997750
2023-10-13,sz000001,1898.8520,1904.8730,1886.8090,1894.3360,68448300,172.212364
2023-10-16,sz000001,1894.3360,1898.8520,1886.8090,1895.8410,50162400,172.192643
2023-10-17,sz000001,1895.8410,1901.8630,1888.3140,1897.3470,49352500,172.173049
2023-10-18,sz000001,1892.8310,1897.3470,1880.7880,1886.8090,65182500,172.311324
2023-10-19,sz000001,1880.7880,1882.2930,1832.6160,1834.1220,118896100,173.030377
2023-10-20,sz000001,1826.5950,1844.6590,1820.5730,1834.1220,52613900,173.030377
2023-10-23,sz000001,1832.6160,1834.1220,1808.5300,1819.0680,53040400,173.244571
2023-10-24,sz000001,1825.0890,1835.6270,1810.0360,1826.5950,76065300,173.136967
2023-10-25,sz000001,1820.5730,1825.0890,1797.9930,1801.0040,141145000,173.507129
2023-10-26,sz000001,1790.4660,1807.0250,1788.9610,1805.5200,59999100,173.440922
2023-10-27,sz000001,1801.0040,1816.0570,1793.4770,1811.5410,91977100,173.353206
2023-10-30,sz000001,1804.0140,1814.5520,1796.4880,1811.5410,80569000,173.353206
2023-10-31,sz000001,1808.5300,1817.5630,1805.5200,1813.0470,65285500,173.331453
2023-11-01,sz000001,1826.5950,1828.1000,1811.5410,1816.0570,56730000,173.287882
2023-11-02,sz000001,1819.0680,1834.1220,1814.5520,1816.0570,61943000,173.287882
2023-11-03,sz000001,1817.5630,1822.0790,1808.5300,1816.0570,70546300,173.287882
2023-11-06,sz000001,1820.5730,1847.6700,1820.5730,1847.6700,100706200,172.840973
2023-11-07,sz000001,1843.1540,1843.1540,1831.1110,1834.1220,64086600,173.030377
2023-11-08,sz000001,1831.1110,1834.1220,1811.5410,1819.0680,87781900,173.244571
2023-11-09,sz000001,1813.0470,1822.0790,1808.5300,1817.5630,63913600,173.266254
2023-11-10,sz000001,1811.5410,1814.5520,1787.4550,1788.9610,104504400,173.685534
2023-11-13,sz000001,1790.4660,1793.4770,1776.9180,1781.4340,77004300,173.798439
2023-11-14,sz000001,1779.9290,1793.4770,1778.4230,1784.4450,59685900,173.753165
2023-11-15,sz000001,1799.4980,1811.5410,1794.9820,1799.4980,110914000,173.529219
2023-11-16,sz000001,1801.0040,1802.5090,1778.4230,1779.9290,92262200,173.821191
2023-11-17,sz000001,1776.9180,1781.4340,1761.8640,1766.3800,90336200,174.027586
2023-11-20,sz000001,1766.3800,1776.9180,1758.8540,1772.4020,63952800,173.935427
2023-11-21,sz000001,1778.4230,1796.4880,1776.9180,1785.9500,104116600,173.730545
2023-11-22,sz000001,1782.9390,1790.4660,1764.8750,1767.8860,73749000,174.004528
2023-11-23,sz000001,1766.3800,1767.8860,1754.3380,1766.3800,84665600,174.027586
2023-11-24,sz000001,1760.3590,1763.3700,1755.8430,1758.8540,68469500,174.143960
2023-11-27,sz000001,1757.3480,1757.3480,1739.2840,1745.3050,83618800,174.356144
2023-11-28,sz000001,1742.2950,1746.8110,1736.2730,1736.2730,78617500,174.499799
2023-11-29,sz000001,1736.2730,1739.2840,1698.6390,1701.6500,146759700,175.066872
2023-11-30,sz000001,1697.1340,1703.1550,1686.5960,1695.6290,90176500,175.168285
2023-12-01,sz000001,1691.1120,1695.6290,1680.5750,1692.6180,77805700,175.219255
2023-12-04,sz000001,1694.1230,1695.6290,1685.0910,1688.1020,60543800,175.296158
2023-12-05,sz000001,1685.0910,1686.5960,1664.0160,1665.5210,78737800,175.687869
2023-12-06,sz000001,1659.5000,1679.0700,1653.4780,1668.5320,75305600,175.634947
2023-12-07,sz000001,1667.0270,1667.0270,1650.4680,1659.5000,58538000,175.794492
2023-12-08,sz000001,1654.9840,1661.0050,1638.4250,1638.4250,102115200,176.174731
2023-12-11,sz000001,1626.3820,1650.4680,1612.8340,1645.9520,113366300,176.037647
2023-12-12,sz000001,1639.9300,1668.5320,1638.4250,1656.4890,85501600,175.848089
2023-12-13,sz000001,1650.4680,1651.9730,1615.8450,1617.3500,106130200,176.566594
2023-12-14,sz000001,1624.8770,1635.4140,1615.8450,1615.8450,74290100,176.595082
2023-12-15,sz000001,1623.3710,1645.9520,1621.8660,1624.8770,98893900,176.425299
2023-12-18,sz000001,1620.3610,1629.3930,1606.8120,1612.8340,65442600,176.652136
2023-12-19,sz000001,1611.3280,1618.8550,1603.8020,1608.3180,64407100,176.738242
2023-12-20,sz000001,1609.8230,1615.8450,1597.7800,1597.7800,71563400,176.941307
2023-12-21,sz000001,1594.7690,1621.8660,1591.7590,1618.8550,101704700,176.538168
2023-12-22,sz000001,1621.8660,1635.4140,1609.8230,1623.3710,100564500,176.453370
2023-12-25,sz000001,1620.3610,1623.3710,1614.3390,1621.8660,41397100,176.481610
2023-12-26,sz000001,1621.8660,1623.3710,1603.8020,1608.3180,54189600,176.738242
2023-12-27,sz000001,1608.3180,1612.8340,1596.2750,1611.3280,64153400,176.680702
2023-12-28,sz000001,1609.8230,1664.0160,1605.3070,1661.0050,166159200,175.767725
2023-12-29,sz000001,1656.4890,1665.5210,1645.9520,1651.9730,85385300,175.928967
2024-01-02,sz000001,1651.9730,1656.4890,1624.8770,1624.8770,115836600,176.425299
2024-01-03,sz000001,1621.8660,1626.3820,1615.8450,1623.3710,73361000,176.453370
2024-01-04,sz000001,1621.8660,1621.8660,1605.3070,1609.8230,86419400,176.709440
2024-01-05,sz000001,1608.3180,1659.5000,1603.8020,1633.9090,199162200,176.257713
2024-01-08,sz000001,1627.8870,1638.4250,1609.8230,1615.8450,112115600,176.595082
2024-01-09,sz000001,1617.3500,1621.8660,1606.8120,1620.3610,76619400,176.509913
2024-01-10,sz000001,1617.3500,1621.8660,1606.8120,1606.8120,85862100,176.766997
2024-01-11,sz000001,1605.3070,1626.3820,1597.7800,1618.8550,93468600,176.538168
2024-01-12,sz000001,1612.8340,1633.9090,1609.8230,1621.8660,77258200,176.481610
2024-01-15,sz000001,1617.3500,1636.9200,1612.8340,1624.8770,74513300,176.425299
2024-01-16,sz000001,1621.8660,1645.9520,1617.3500,1644.4460,143831300,176.064882
2024-01-17,sz000001,1642.9410,1651.9730,1627.8870,1627.8870,148229600,176.369122
2024-01-18,sz000001,1624.8770,1629.3930,1593.2640,1623.3710,175513200,176.453370
2024-01-19,sz000001,1617.3500,1623.3710,1608.3180,1618.8550,96398100,176.538168
2024-01-22,sz000001,1617.3500,1632.4030,1599.2860,1608.3180,158032000,176.738242
2024-01-23,sz000001,1600.7910,1620.3610,1587.2430,1617.3500,113554500,176.566594
2024-01-24,sz000001,1627.8870,1644.4460,1603.8020,1642.9410,175912300,176.092283
2024-01-25,sz000001,1642.9410,1674.5540,1633.9090,1668.5320,216251400,175.634947
2024-01-26,sz000001,1664.0160,1694.1230,1659.5000,1686.5960,227228700,175.321830
2024-01-29,sz000001,1697.1340,1725.7360,1680.5750,1698.6390,237625200,175.117423
2024-01-30,sz000001,1685.0910,1698.6390,1667.0270,1668.5320,157912200,175.634947
2024-01-31,sz000001,1662.5110,1677.5640,1650.4680,1662.5110,135721700,175.741121
2024-02-01,sz000001,1654.9840,1665.5210,1644.4460,1654.9840,105526000,175.875027
2024-02-02,sz000001,1656.4890,1664.0160,1603.8020,1633.9090,163421400,176.257713
2024-02-05,sz000001,1621.8660,1657.9950,1609.8230,1650.4680,180359200,175.956077
2024-02-06,sz000001,1638.4250,1695.6290,1636.9200,1695.6290,199541000,175.168285
2024-02-07,sz000001,1686.5960,1694.1230,1665.5210,1685.0910,206201500,175.347659
2024-02-08,sz000001,1680.5750,1694.1230,1671.5430,1694.1230,165681400,175.193692
2024-02-19,sz000001,1707.6710,1715.1980,1691.1120,1715.1980,160524300,174.841794
2024-02-20,sz000001,1712.1870,1719.7140,1703.1550,1716.7040,112356400,174.817108
2024-02-21,sz000001,1710.6820,1864.2290,1709.1770,1864.2290,505528500,172.613796
2024-02-22,sz000001,1841.6480,1880.7880,1837.1320,1879.2820,492232500,172.411193
2024-02-23,sz000001,1876.2720,1930.4650,1870.2500,1871.7560,356748000,172.512074
2024-02-26,sz000001,1861.2180,1876.2720,1819.0680,1823.5840,286260900,173.179867
2024-02-27,sz000001,1817.5630,1834.1220,1813.0470,1819.0680,198190500,173.244571
2024-02-28,sz000001,1820.5730,1849.1750,1804.0140,1817.5630,308269300,173.266254
2024-02-29,sz000001,1807.0250,1832.6160,1805.5200,1832.6160,184534400,173.051558
2024-03-01,sz000001,1832.6160,1834.1220,1808.5300,1817.5630,182810300,173.266254
2024-03-04,sz000001,1811.5410,1819.0680,1791.9720,1793.4770,165593000,173.618296
2024-03-05,sz000001,1788.9610,1814.5520,1782.9390,1808.5300,181731900,173.396932
2024-03-06,sz000001,1804.0140,1811.5410,1793.4770,1793.4770,134564000,173.618296
2024-03-07,sz000001,1793.4770,1840.1430,1793.4770,1801.0040,201616600,173.507129
2024-03-08,sz000001,1796.4880,1810.0360,1788.9610,1801.0040,111397400,173.507129
2024-03-11,sz000001,1801.0040,1814.5520,1794.9820,1814.5520,121067300,173.309647
2024-03-12,sz000001,1816.0570,1832.6160,1805.5200,1828.1000,164126200,173.115530
2024-03-13,sz000001,1823.5840,1826.5950,1788.9610,1793.4770,176803900,173.618296
2024-03-14,sz000001,1788.9610,1801.0040,1773.9070,1778.4230,140940000,173.843891
2024-03-15,sz000001,1826.5950,1856.7020,1819.0680,1834.1220,375020800,173.030377
2024-03-18,sz000001,1828.1000,1835.6270,1817.5630,1825.0890,167139700,173.158349
2024-03-19,sz000001,1823.5840,1825.0890,1802.5090,1804.0140,129321600,173.462885
2024-03-20,sz000001,1801.0040,1814.5520,1799.4980,1811.5410,87266300,173.353206
2024-03-21,sz000001,1811.5410,1822.0790,1807.0250,1814.5520,86446600,173.309647
2024-03-22,sz000001,1811.5410,1811.5410,1790.4660,1797.9930,102814200,173.551448
2024-03-25,sz000001,1796.4880,1817.5630,1791.9720,1804.0140,95320200,173.462885
2024-03-26,sz000001,1811.5410,1843.1540,1807.0250,1834.1220,174002100,173.030377
2024-03-27,sz000001,1828.1000,1838.6380,1820.5730,1823.5840,127413600,173.179867
2024-03-28,sz000001,1820.5730,1829.6050,1801.0040,1817.5630,130218900,173.266254
2024-03-29,sz000001,1811.5410,1829.6050,1808.5300,1822.0790,87275900,173.201426
2024-04-01,sz000001,1822.0790,1841.6480,1820.5730,1840.1430,119108800,172.945771
2024-04-02,sz000001,1838.6380,1846.1640,1823.5840,1826.5950,108545800,173.136967
2024-04-03,sz000001,1823.5840,1826.5950,1807.0250,1813.0470,98184600,173.331453
2024-04-08,sz000001,1807.0250,1817.5630,1799.4980,1808.5300,90636100,173.396932
2024-04-09,sz000001,1808.5300,1814.5520,1797.9930,1804.0140,85715700,173.462885
2024-04-10,sz000001,1801.0040,1805.5200,1784.4450,1785.9500,124639100,173.730545
2024-04-11,sz000001,1779.9290,1787.4550,1761.8640,1781.4340,101021300,173.798439
2024-04-12,sz000001,1776.9180,1784.4450,1749.8210,1752.8320,130545400,174.237773
2024-04-15,sz000001,1754.3380,1791.9720,1752.8320,1787.4550,145320300,173.707969
2024-04-16,sz000001,1785.9500,1802.5090,1776.9180,1785.9500,147803600,173.730545
2024-04-17,sz000001,1782.9390,1838.6380,1775.4130,1837.1320,223264100,172.987947
2024-04-18,sz000001,1831.1110,1898.8520,1828.1000,1864.2290,316591400,172.613796
2024-04-19,sz000001,1850.6810,1867.2390,1843.1540,1847.6700,145767500,172.840973
2024-04-22,sz000001,1840.1430,1865.7340,1811.5410,1819.0680,200981800,173.244571
2024-04-23,sz000001,1820.5730,1841.6480,1813.0470,1825.0890,124002700,173.158349
2024-04-24,sz000001,1822.0790,1829.6050,1813.0470,1823.5840,94156800,173.179867
2024-04-25,sz000001,1819.0680,1837.1320,1816.0570,1835.6270,111381200,173.009142
2024-04-26,sz000001,1832.6160,1844.6590,1816.0570,1834.1220,160762800,173.030377
2024-04-29,sz000001,1828.1000,1879.2820,1822.0790,1865.7340,216917700,172.593340
2024-04-30,sz000001,1864.2290,1876.2720,1853.6910,1862.7230,132455700,172.634198
2024-05-06,sz000001,1888.3140,1910.8950,1870.2500,1877.7770,178410100,172.431313
2024-05-07,sz000001,1874.7660,1877.7770,1858.2070,1876.2720,108705700,172.451471
2024-05-08,sz000001,1870.2500,1876.2720,1850.6810,1853.6910,122179100,172.757782
2024-05-09,sz000001,1850.6810,1867.2390,1850.6810,1858.2070,106946100,172.695818
2024-05-10,sz000001,1859.7130,1888.3140,1858.2070,1885.3040,176783600,172.331261
2024-05-13,sz000001,1879.2820,1895.8410,1865.7340,1889.8200,140249900,172.271650
2024-05-14,sz000001,1894.3360,1903.3680,1876.2720,1880.7880,107578400,172.391201
2024-05-15,sz000001,1879.2820,1882.2930,1865.7340,1868.7450,86829700,172.552632
2024-05-16,sz000001,1871.7560,1925.9480,1868.7450,1919.9270,307629200,171.882453
2024-05-17,sz000001,1921.4320,1957.5610,1913.9060,1957.5610,284174900,171.415149
2024-05-20,sz000001,1959.0660,1974.1200,1941.0020,1951.5400,217021000,171.488576
2024-05-21,sz000001,1942.5070,1987.6680,1941.0020,1977.1310,203004900,171.180173
2024-05-22,sz000001,1978.6360,2005.7320,1963.5820,1978.6360,211553100,171.162284
2024-05-23,sz000001,1974.1200,1983.1520,1950.0340,1954.5500,184162300,171.451754
2024-05-24,sz000001,1950.0340,1968.0990,1939.4970,1941.0020,139827600,171.618214
2024-05-27,sz000001,1941.0020,1974.1200,1941.0020,1971.1090,145436100,171.251868
2024-05-28,sz000001,1969.6040,1981.6470,1948.5290,1954.5500,120432300,171.451754
2024-05-29,sz000001,1951.5400,1962.0770,1928.9590,1933.4750,144481100,171.711812
2024-05-30,sz000001,1930.4650,1945.5180,1903.3680,1912.4000,132549600,171.978417
2024-05-31,sz000001,1915.4110,1922.9380,1910.8950,1910.8950,82670700,171.997750
2024-06-03,sz000001,1912.4000,1913.9060,1880.7880,1891.3250,132669700,172.251821
2024-06-04,sz000001,1886.8090,1901.8630,1880.7880,1897.3470,98100500,172.173049
2024-06-05,sz000001,1900.3570,1904.8730,1874.7660,1874.7660,101896800,172.471573
2024-06-06,sz000001,1879.2820,1891.3250,1876.2720,1879.2820,104933200,172.411193
2024-06-07,sz000001,1882.2930,1895.8410,1877.7770,1892.8310,117012600,172.232120
2024-06-11,sz000001,1891.3250,1897.3470,1862.7230,1874.7660,133762900,172.471573
2024-06-12,sz000001,1871.7560,1880.7880,1861.2180,1876.2720,95742600,172.451471
2024-06-13,sz000001,1877.7770,1883.7980,1864.2290,1864.2290,120350800,172.613796
2024-06-14,sz000001,1874.6160,1886.6590,1850.5300,1879.1320,163799000,184.590570
2024-06-17,sz000001,1871.6050,1876.1210,1864.0780,1867.0890,68121700,184.860297
2024-06-18,sz000001,1868.5940,1876.1210,1858.0570,1864.0780,70065300,184.928373
2024-06-19,sz000001,1867.0890,1883.6480,1864.0780,1874.6160,79618400,184.691232
2024-06-20,sz000001,1876.1210,1877.6260,1859.5620,1859.5620,62962800,185.031045
2024-06-21,sz000001,1859.5620,1865.5840,1844.5090,1852.0350,83054500,185.203500
2024-06-24,sz000001,1847.5190,1862.5730,1833.9710,1849.0250,94708200,185.273046
2024-06-25,sz000001,1850.5300,1871.6050,1849.0250,1864.0780,76999300,184.928373
2024-06-26,sz000001,1861.0670,1871.6050,1855.0460,1864.0780,62859900,184.928373
2024-06-27,sz000001,1861.0670,1883.6480,1852.0350,1871.6050,92888200,184.758638
2024-06-28,sz000001,1867.0890,1891.1750,1865.5840,1874.6160,91809000,184.691232
2024-07-01,sz000001,1865.5840,1904.7230,1858.0570,1904.7230,134305100,184.031208
2024-07-02,sz000001,1897.1960,1924.2930,1894.1850,1912.2500,138438600,183.870192
2024-07-03,sz000001,1912.2500,1916.7660,1895.6910,1898.7010,71306700,184.161106
2024-07-04,sz000001,1897.1960,1909.2390,1889.6690,1891.1750,73504400,184.325049
2024-07-05,sz000001,1891.1750,1895.6910,1839.9920,1847.5190,171335400,185.307823
2024-07-08,sz000001,1843.0030,1855.0460,1829.4550,1841.4980,86866000,185.447936
2024-07-09,sz000001,1843.0030,1867.0890,1838.4870,1862.5730,103248500,184.962562
2024-07-10,sz000001,1862.5730,1882.1430,1859.5620,1873.1100,87386500,184.724852
2024-07-11,sz000001,1883.6480,1886.6590,1862.5730,1871.6050,72139200,184.758638
2024-07-12,sz000001,1870.1000,1898.7010,1870.1000,1898.7010,121416400,184.161106
2024-07-15,sz000001,1898.7010,1904.7230,1891.1750,1901.7120,86941200,184.096031
2024-07-16,sz000001,1901.7120,1907.7340,1888.1640,1897.1960,94300800,184.193786
2024-07-17,sz000001,1897.1960,1915.2600,1894.1850,1912.2500,122016800,183.870192
2024-07-18,sz000001,1909.2390,1916.7660,1897.1960,1913.7550,108706100,183.838136
2024-07-19,sz000001,1909.2390,1915.2600,1895.6910,1907.7340,89872300,183.966635
2024-07-22,sz000001,1906.2280,1909.2390,1880.6370,1886.6590,99448100,184.424145
2024-07-23,sz000001,1889.6690,1901.7120,1876.1210,1879.1320,102015400,184.590570
2024-07-24,sz000001,1879.1320,1888.1640,1870.1000,1871.6050,72451800,184.758638
2024-07-25,sz000001,1870.1000,1874.6160,1852.0350,1865.5840,85640400,184.894351
2024-07-26,sz000001,1867.0890,1870.1000,1847.5190,1856.5510,92955200,185.099801
2024-07-29,sz000001,1855.0460,1873.1100,1847.5190,1868.5940,78155200,184.826311
2024-07-30,sz000001,1867.0890,1871.6050,1856.5510,1864.0780,61326800,184.928373
2024-07-31,sz000001,1864.0780,1894.1850,1862.5730,1892.6800,109690600,184.292113
2024-08-01,sz000001,1889.6690,1900.2070,1877.6260,1892.6800,73388400,184.292113
2024-08-02,sz000001,1885.1530,1889.6690,1871.6050,1873.1100,59022900,184.724852
2024-08-05,sz000001,1868.5940,1885.1530,1859.5620,1859.5620,75897900,185.031045
2024-08-06,sz000001,1862.5730,1870.1000,1835.4760,1841.4980,126553700,185.447936
2024-08-07,sz000001,1844.5090,1849.0250,1838.4870,1841.4980,51760800,185.447936
2024-08-08,sz000001,1839.9920,1849.0250,1836.9820,1843.0030,50041100,185.412777
2024-08-09,sz000001,1846.0140,1867.0890,1843.0030,1858.0570,73027400,185.065438
2024-08-12,sz000001,1855.0460,1859.5620,1849.0250,1853.5410,35301300,185.168931
2024-08-13,sz000001,1855.0460,1856.5510,1839.9920,1844.5090,62207700,185.377789
2024-08-14,sz000001,1843.0030,1849.0250,1838.4870,1839.9920,43638000,185.483065
2024-08-15,sz000001,1839.9920,1861.0670,1832.4660,1856.5510,77624700,185.099801
2024-08-16,sz000001,1864.0780,1883.6480,1859.5620,1871.6050,126036800,184.758638
2024-08-19,sz000001,1871.6050,1897.1960,1870.1000,1895.6910,148298500,184.226531
2024-08-20,sz000001,1900.2070,1916.7660,1894.1850,1903.2180,156918700,184.063636
2024-08-21,sz000001,1897.1960,1909.2390,1883.6480,1904.7230,103488800,184.031208
2024-08-22,sz000001,1903.2180,1919.7760,1900.2070,1909.2390,110903000,183.934393
2024-08-23,sz000001,1910.7440,1927.3030,1900.2070,1922.7870,107190600,183.647278
2024-08-26,sz000001,1927.3030,1934.8300,1915.2600,1925.7980,74067500,183.584175
2024-08-27,sz000001,1922.7870,1930.3140,1907.7340,1916.7660,72313700,183.774305
2024-08-28,sz000001,1913.7550,1916.7660,1894.1850,1901.7120,94254800,184.096031
2024-08-29,sz000001,1898.7010,1909.2390,1868.5940,1871.6050,119767600,184.758638
2024-08-30,sz000001,1868.5940,1891.1750,1868.5940,1876.1210,129405900,184.657579
2024-09-02,sz000001,1870.1000,1883.6480,1865.5840,1868.5940,96883600,184.826311
2024-09-03,sz000001,1868.5940,1871.6050,1852.0350,1864.0780,91658100,184.928373
2024-09-04,sz000001,1859.5620,1874.6160,1852.0350,1855.0460,84799200,185.134331
2024-09-05,sz000001,1856.5510,1864.0780,1849.0250,1862.5730,59420900,184.962562
2024-09-06,sz000001,1861.0670,1883.6480,1859.5620,1864.0780,87886500,184.928373
2024-09-09,sz000001,1859.5620,1862.5730,1827.9500,1829.4550,163917500,185.731472
2024-09-10,sz000001,1830.9600,1839.9920,1818.9170,1836.9820,76790100,185.553737
2024-09-11,sz000001,1833.9710,1833.9710,1796.3370,1799.3480,110872700,186.460933
2024-09-12,sz000001,1799.3480,1817.4120,1793.3260,1812.8960,58183400,186.128953
2024-09-13,sz000001,1811.3910,1824.9390,1806.8750,1806.8750,56646200,186.275773
2024-09-18,sz000001,1809.8850,1818.9170,1800.8530,1817.4120,44361100,186.019652
2024-09-19,sz000001,1820.4230,1827.9500,1803.8640,1823.4340,68429300,185.875025
2024-09-20,sz000001,1823.4340,1836.9820,1818.9170,1836.9820,79729700,185.553737
2024-09-23,sz000001,1835.4760,1865.5840,1832.4660,1858.0570,89690800,185.065438
2024-09-24,sz000001,1868.5940,1907.7340,1864.0780,1907.7340,163821300,183.966635
2024-09-25,sz000001,1930.3140,1957.4100,1919.7760,1927.3030,216069400,183.552667
2024-09-26,sz000001,1927.3030,2025.1520,1927.3030,2025.1520,308645700,181.627982
2024-09-27,sz000001,2055.2590,2086.8710,2007.0870,2065.7960,384001600,180.892820
2024-09-30,sz000001,2095.9030,2198.2680,2086.8710,2184.7200,543028400,178.928747
2024-10-08,sz000001,2368.3730,2368.3730,2204.2890,2285.5790,588897800,177.451786
2024-10-09,sz000001,2247.9450,2247.9450,2101.9250,2104.9360,426934500,180.217123
2024-10-10,sz000001,2132.9350,2229.2780,2129.9250,2187.1280,342642200,182.564942
2024-10-11,sz000001,2190.1390,2215.7300,2126.9140,2147.9890,207089100,183.275512
2024-10-14,sz000001,2187.1280,2217.2350,2158.5260,2193.1500,240059500,182.458403
2024-10-15,sz000001,2181.1070,2224.7620,2172.0750,2175.0850,207284100,182.780252
2024-10-16,sz000001,2160.0320,2217.2350,2155.5160,2199.1710,191449400,182.352488
2024-10-17,sz000001,2200.6760,2224.7620,2179.6010,2182.6120,165370800,182.645356
2024-10-18,sz000001,2176.5910,2217.2350,2141.9670,2196.1600,260465400,182.405316
2024-10-21,sz000001,2181.1070,2181.1070,2134.4410,2161.5370,280665500,183.025995
2024-10-22,sz000001,2154.0100,2179.6010,2147.9890,2158.5260,161778700,183.081086
2024-10-23,sz000001,2163.0420,2173.5800,2152.5050,2169.0640,151186600,182.889039
2024-10-24,sz000001,2161.5370,2169.0640,2147.9890,2152.5050,88529900,183.191915
2024-10-25,sz000001,2155.5160,2157.0210,2143.4730,2146.4840,110575500,183.303501
2024-10-28,sz000001,2141.9670,2141.9670,2119.3870,2135.9460,116948700,183.500515
2024-10-29,sz000001,2132.9350,2151.0000,2119.3870,2120.8920,119802500,183.786135
2024-10-30,sz000001,2114.8710,2126.9140,2080.2480,2087.7750,148240300,184.432420
2024-10-31,sz000001,2089.2800,2105.8390,2075.7320,2096.8070,125020500,184.253691
2024-11-01,sz000001,2096.8070,2122.3980,2090.7850,2104.3330,158981100,184.106124
2024-11-04,sz000001,2104.3330,2108.8500,2078.7420,2108.8500,113151600,184.018325
2024-11-05,sz000001,2102.8280,2138.9570,2098.3120,2137.4510,166541800,183.472189
2024-11-06,sz000001,2132.9350,2135.9460,2110.3550,2122.3980,146228600,183.757403
2024-11-07,sz000001,2114.8710,2179.6010,2111.8600,2176.5910,224284400,182.753233
2024-11-08,sz000001,2181.1070,2191.6440,2144.9780,2147.9890,189510400,183.275512
2024-11-11,sz000001,2134.4410,2141.9670,2110.3550,2129.9250,148695200,183.614224
2024-11-12,sz000001,2126.9140,2166.0530,2116.3760,2120.8920,171766300,183.786135
2024-11-13,sz000001,2114.8710,2144.9780,2111.8600,2131.4300,108626300,183.585702
2024-11-14,sz000001,2128.4190,2144.9780,2119.3870,2120.8920,115978300,183.786135
2024-11-15,sz000001,2114.8710,2131.4300,2102.8280,2105.8390,121578400,184.076836
2024-11-18,sz000001,2134.4410,2196.1600,2132.9350,2152.5050,379732400,183.191915
2024-11-19,sz000001,2152.5050,2184.1180,2122.3980,2141.9670,243003700,183.387586
2024-11-20,sz000001,2140.4620,2152.5050,2131.4300,2135.9460,128657200,183.500515
2024-11-21,sz000001,2132.9350,2137.4510,2123.9030,2128.4190,88340800,183.642709
2024-11-22,sz000001,2128.4190,2131.4300,2081.7530,2081.7530,162531700,184.552571
2024-11-25,sz000001,2081.7530,2090.7850,2060.6780,2066.7000,116602000,184.856887
2024-11-26,sz000001,2066.7000,2086.2690,2060.6780,2080.2480,83107800,184.582786
2024-11-27,sz000001,2075.7320,2098.3120,2062.1830,2098.3120,89517800,184.224056
2024-11-28,sz000001,2098.3120,2102.8280,2087.7750,2090.7850,73316900,184.372575
2024-11-29,sz000001,2095.3010,2108.8500,2090.7850,2096.8070,102848800,184.253691
2024-12-02,sz000001,2098.3120,2099.8170,2086.2690,2098.3120,97543400,184.224056
2024-12-03,sz000001,2095.3010,2114.8710,2092.2910,2113.3660,108255900,183.930896
2024-12-04,sz000001,2105.8390,2119.3870,2095.3010,2108.8500,100747100,184.018325
2024-12-05,sz000001,2105.8390,2114.8710,2101.3230,2105.8390,68710900,184.076836
2024-12-06,sz000001,2105.8390,2144.9780,2104.3330,2138.9570,172626900,183.443997
2024-12-09,sz000001,2134.4410,2147.9890,2128.4190,2140.4620,96406300,183.415767
2024-12-10,sz000001,2175.0850,2182.6120,2152.5050,2158.5260,216780700,183.081086
2024-12-11,sz000001,2158.5260,2164.5480,2147.9890,2149.4940,96769100,183.247570
2024-12-12,sz000001,2149.4940,2170.5690,2146.4840,2167.5590,98623500,182.916371
2024-12-13,sz000001,2158.5260,2160.0320,2123.9030,2123.9030,134379300,183.728633
2024-12-16,sz000001,2123.9030,2138.9570,2119.3870,2125.4090,80571800,183.700000
2024-12-17,sz000001,2125.4090,2137.4510,2117.8820,2119.3870,80212000,183.815004
2024-12-18,sz000001,2126.9140,2151.0000,2125.4090,2137.4510,101659000,183.472189
2024-12-19,sz000001,2128.4190,2135.9460,2120.8920,2128.4190,69737900,183.642709
2024-12-20,sz000001,2128.4190,2144.9780,2126.9140,2132.9350,71464600,183.557229
2024-12-23,sz000001,2135.9460,2166.0530,2135.9460,2149.4940,165940500,183.247570
2024-12-24,sz000001,2147.9890,2170.5690,2147.9890,2169.0640,135083700,182.889039
2024-12-25,sz000001,2169.0640,2193.1500,2166.0530,2178.0960,147528300,182.726174
2024-12-26,sz000001,2178.0960,2179.6010,2157.0210,2169.0640,100007500,182.889039
2024-12-27,sz000001,2170.5690,2175.0850,2138.9570,2164.5480,129001200,182.971090
2024-12-30,sz000001,2157.0210,2185.6230,2157.0210,2182.6120,135184600,182.645356
2024-12-31,sz000001,2179.6010,2188.6340,2144.9780,2144.9780,147536700,183.331453
2025-01-02,sz000001,2149.4940,2155.5160,2098.3120,2104.3330,181959700,184.106124
2025-01-03,sz000001,2105.8390,2120.8920,2093.7960,2096.8070,115468000,184.253691
2025-01-06,sz000001,2096.8070,2111.8600,2072.7210,2105.8390,108553600,184.076836
2025-01-07,sz000001,2102.8280,2119.3870,2095.3010,2116.3760,74786300,183.872806
2025-01-08,sz000001,2114.8710,2134.4410,2099.8170,2114.8710,106238600,183.901826
2025-01-09,sz000001,2114.8710,2114.8710,2092.2910,2099.8170,75148300,184.194474
2025-01-10,sz000001,2099.8170,2108.8500,2081.7530,2084.7640,79813400,184.492389
2025-01-13,sz000001,2077.2370,2078.7420,2051.6460,2069.7100,93496600,184.795536
2025-01-14,sz000001,2069.7100,2099.8170,2068.2050,2096.8070,82462900,184.253691
2025-01-15,sz000001,2096.8070,2126.9140,2093.7960,2111.8600,103163100,183.959930
2025-01-16,sz000001,2122.3980,2128.4190,2110.3550,2125.4090,87296400,183.700000
2025-01-17,sz000001,2119.3870,2122.3980,2102.8280,2107.3440,68976500,184.047511
2025-01-20,sz000001,2114.8710,2117.8820,2099.8170,2102.8280,83202900,184.135552
2025-01-21,sz000001,2107.3440,2107.3440,2087.7750,2089.2800,90206900,184.402471
2025-01-22,sz000001,2087.7750,2089.2800,2051.6460,2053.1510,134712900,185.135347
2025-01-23,sz000001,2065.1940,2099.8170,2065.1940,2087.7750,151492000,184.432420
2025-01-24,sz000001,2087.7750,2098.3120,2072.7210,2090.7850,94494400,184.372575
2025-01-27,sz000001,2096.8070,2122.3980,2096.8070,2110.3550,115193500,183.989102
2025-02-05,sz000001,2114.8710,2117.8820,2089.2800,2095.3010,84343400,184.283289
2025-02-06,sz000001,2092.2910,2107.3440,2084.7640,2093.7960,95560300,184.313028
2025-02-07,sz000001,2093.7960,2107.3440,2086.2690,2096.8070,140749300,184.253691
2025-02-10,sz000001,2096.8070,2114.8710,2093.7960,2104.3330,102659100,184.106124
2025-02-11,sz000001,2099.8170,2110.3550,2095.3010,2102.8280,84452000,184.135552
2025-02-12,sz000001,2101.3230,2104.3330,2090.7850,2102.8280,98880700,184.135552
2025-02-13,sz000001,2102.8280,2122.3980,2099.8170,2114.8710,135863900,183.901826
2025-02-14,sz000001,2113.3660,2122.3980,2104.3330,2122.3980,97305800,183.757403
2025-02-17,sz000001,2129.9250,2160.0320,2122.3980,2157.0210,206196500,183.108744
2025-02-18,sz000001,2154.0100,2184.1180,2154.0100,2161.5370,199661000,183.025995
2025-02-19,sz000001,2160.0320,2161.5370,2141.9670,2146.4840,117774900,183.303501
2025-02-20,sz000001,2146.4840,2154.0100,2137.4510,2138.9570,78439600,183.443997
2025-02-21,sz000001,2143.4730,2146.4840,2122.3980,2135.9460,97396900,183.500515
2025-02-24,sz000001,2134.4410,2143.4730,2123.9030,2128.4190,94995600,183.642709
2025-02-25,sz000001,2123.9030,2126.9140,2108.8500,2110.3550,91715600,183.989102
2025-02-26,sz000001,2110.3550,2129.9250,2110.3550,2117.8820,84164600,183.843924
2025-02-27,sz000001,2119.3870,2134.4410,2108.8500,2132.9350,97731000,183.557229
2025-02-28,sz000001,2126.9140,2141.9670,2114.8710,2119.3870,94908800,183.815004
2025-03-03,sz000001,2117.8820,2123.9030,2107.3440,2116.3760,83045700,183.872806
2025-03-04,sz000001,2110.3550,2122.3980,2105.8390,2116.3760,68317900,183.872806
2025-03-05,sz000001,2117.8820,2140.4620,2111.8600,2138.9570,108064500,183.443997
2025-03-06,sz000001,2143.4730,2144.9780,2129.9250,2134.4410,87740800,183.528891
2025-03-07,sz000001,2134.4410,2143.4730,2129.9250,2140.4620,83553700,183.415767
2025-03-10,sz000001,2138.9570,2140.4620,2122.3980,2128.4190,66383400,183.642709
2025-03-11,sz000001,2120.8920,2131.4300,2117.8820,2131.4300,60897500,183.585702
2025-03-12,sz000001,2129.9250,2170.5690,2123.9030,2167.5590,187731800,182.916371
2025-03-13,sz000001,2161.5370,2176.5910,2157.0210,2166.0530,131237100,182.943666
2025-03-14,sz000001,2163.0420,2190.1390,2163.0420,2185.6230,172241800,182.591729
2025-03-17,sz000001,2134.4410,2140.4620,2108.8500,2114.8710,460361200,183.901826
2025-03-18,sz000001,2117.8820,2120.8920,2111.8600,2113.3660,160529000,183.930896
2025-03-19,sz000001,2111.8600,2119.3870,2108.8500,2117.8820,136245500,183.843924
2025-03-20,sz000001,2116.3760,2131.4300,2113.3660,2113.3660,110115700,183.930896
2025-03-21,sz000001,2113.3660,2117.8820,2098.3120,2102.8280,137638900,184.135552
2025-03-24,sz000001,2101.3230,2105.8390,2090.7850,2096.8070,116457700,184.253691
2025-03-25,sz000001,2096.8070,2104.3330,2093.7960,2104.3330,73560900,184.106124
2025-03-26,sz000001,2102.8280,2104.3330,2095.3010,2096.8070,74086300,184.253691
2025-03-27,sz000001,2095.3010,2101.3230,2092.2910,2098.3120,55334900,184.224056
2025-03-28,sz000001,2098.3120,2099.8170,2090.7850,2092.2910,64494600,184.342819
2025-03-31,sz000001,2093.7960,2096.8070,2078.7420,2078.7420,111612600,184.612966
2025-04-01,sz000001,2080.2480,2084.7640,2072.7210,2080.2480,68147000,184.582786
2025-04-02,sz000001,2077.2370,2101.3230,2077.2370,2095.3010,93264200,184.283289
2025-04-03,sz000001,2086.2690,2098.3120,2084.7640,2090.7850,64391400,184.372575
2025-04-07,sz000001,2039.6030,2047.1300,1961.3240,1994.4420,254556000,186.396449
2025-04-08,sz000001,1991.4320,2017.0230,1988.4210,2012.5070,146398800,185.998799
2025-04-09,sz000001,1998.9580,2014.0120,1988.4210,2009.4960,106439400,186.064444
2025-04-10,sz000001,2018.5280,2029.0660,2012.5070,2024.5490,86654800,185.738440
2025-04-11,sz000001,2020.0330,2024.5490,2014.0120,2023.0440,58387900,185.770799
2025-04-14,sz000001,2032.0760,2045.6240,2027.5600,2029.0660,78599300,185.641903
2025-04-15,sz000001,2027.5600,2035.0870,2024.5490,2032.0760,72275400,185.577717
2025-04-16,sz000001,2029.0660,2041.1080,2026.0550,2039.6030,84282200,185.418455
2025-04-17,sz000001,2032.0760,2051.6460,2029.0660,2048.6350,82391900,185.229204
2025-04-18,sz000001,2045.6240,2068.2050,2044.1190,2066.7000,72709800,184.856887
2025-04-21,sz000001,2039.6030,2059.1730,2035.0870,2042.6140,111418400,185.355172
2025-04-22,sz000001,2042.6140,2048.6350,2036.5920,2045.6240,83112900,185.292029
2025-04-23,sz000001,2045.6240,2047.1300,2035.0870,2041.1080,58638300,185.386739
2025-04-24,sz000001,2039.6030,2048.6350,2038.0980,2044.1190,68925600,185.323572
2025-04-25,sz000001,2045.6240,2047.1300,2038.0980,2041.1080,63754700,185.386739
2025-04-28,sz000001,2039.6030,2045.6240,2033.5820,2039.6030,64201800,185.418455
2025-04-29,sz000001,2039.6030,2042.6140,2032.0760,2036.5920,64904500,185.481967
2025-04-30,sz000001,2033.5820,2035.0870,2023.0440,2026.0550,86983500,185.706233
2025-05-06,sz000001,2027.5600,2039.6030,2023.0440,2033.5820,85467100,185.545803
2025-05-07,sz000001,2041.1080,2045.6240,2035.0870,2044.1190,112627000,185.323572
2025-05-08,sz000001,2039.6030,2051.6460,2038.0980,2051.6460,105661400,185.166606
2025-05-09,sz000001,2050.1410,2065.1940,2048.6350,2062.1830,99989700,184.949148
2025-05-12,sz000001,2063.6890,2072.7210,2059.1730,2063.6890,89560500,184.918369
2025-05-13,sz000001,2068.2050,2089.2800,2062.1830,2083.2580,126103100,184.522409
2025-05-14,sz000001,2083.2580,2110.3550,2077.2370,2104.3330,168351400,184.106124
2025-05-15,sz000001,2104.3330,2114.8710,2096.8070,2098.3120,103546000,184.224056
2025-05-16,sz000001,2095.3010,2104.3330,2086.2690,2096.8070,91474400,184.253691
2025-05-19,sz000001,2099.8170,2110.3550,2093.7960,2095.3010,83139100,184.283289
2025-05-20,sz000001,2099.8170,2110.3550,2095.3010,2098.3120,64363500,184.224056
2025-05-21,sz000001,2099.8170,2128.4190,2098.3120,2111.8600,132827800,183.959930
2025-05-22,sz000001,2107.3440,2123.9030,2105.8390,2122.3980,100296800,183.757403
2025-05-23,sz000001,2122.3980,2129.9250,2104.3330,2108.8500,96264300,184.018325
2025-05-26,sz000001,2105.8390,2114.8710,2099.8170,2102.8280,69915900,184.135552
2025-05-27,sz000001,2107.3440,2120.8920,2102.8280,2113.3660,80191500,183.930896
2025-05-28,sz000001,2114.8710,2122.3980,2105.8390,2119.3870,65817900,183.815004
2025-05-29,sz000001,2117.8820,2122.3980,2107.3440,2108.8500,91980700,184.018325
2025-05-30,sz000001,2110.3550,2126.9140,2105.8390,2123.9030,113084900,183.728633
2025-06-03,sz000001,2120.8920,2176.5910,2119.3870,2161.5370,219248000,183.025995
2025-06-04,sz000001,2163.0420,2172.0750,2157.0210,2166.0530,116796000,182.943666
2025-06-05,sz000001,2172.0750,2176.5910,2138.9570,2140.4620,116680300,183.415767
2025-06-06,sz000001,2144.9780,2158.5260,2141.9670,2144.9780,68235300,183.331453
2025-06-09,sz000001,2149.4940,2152.5050,2137.4510,2146.4840,77325500,183.303501
2025-06-10,sz000001,2147.9890,2173.5800,2146.4840,2161.5370,142813200,183.025995
2025-06-11,sz000001,2163.0420,2179.6010,2158.5260,2167.5590,109466700,182.916371
2025-06-12,sz000001,2178.3970,2199.4720,2172.3760,2196.4610,129022000,188.053168
2025-06-13,sz000001,2196.4610,2205.4940,2178.3970,2181.4080,109549400,188.377202
2025-06-16,sz000001,2179.9030,2213.0200,2173.8810,2213.0200,117443800,187.703138
2025-06-17,sz000001,2213.0200,2226.5690,2200.9780,2208.5040,89002700,187.797959
2025-06-18,sz000001,2211.5150,2216.0310,2193.4510,2210.0100,68352100,187.766355
2025-06-19,sz000001,2208.5040,2211.5150,2191.9450,2199.4720,83224700,187.989060
2025-06-20,sz000001,2199.4720,2223.5580,2194.9560,2220.5470,130919800,187.546199
2025-06-23,sz000001,2216.0310,2240.1170,2194.9560,2234.0950,138917000,187.266974
2025-06-24,sz000001,2229.5790,2246.1380,2220.5470,2234.0950,130852500,187.266974
2025-06-25,sz000001,2234.0950,2256.6760,2219.0420,2253.6650,167511600,186.871061
2025-06-26,sz000001,2252.1600,2316.8900,2246.1380,2306.3530,217457800,185.846334
2025-06-27,sz000001,2300.3310,2331.9440,2264.2030,2274.7400,237760000,186.454098
2025-06-30,sz000001,2265.7080,2270.2240,2238.6120,2255.1700,150482000,186.840928
2025-07-01,sz000001,2253.6650,2294.3100,2253.6650,2289.7940,135434100,186.162114
2025-07-02,sz000001,2291.2990,2306.3530,2279.2560,2292.8040,120041200,186.104221
2025-07-03,sz000001,2294.3100,2307.8580,2286.7830,2297.3210,79408600,186.017895
2025-07-04,sz000001,2297.3210,2353.0190,2289.7940,2334.9540,177533300,185.313810
2025-07-07,sz000001,2334.9540,2368.0720,2334.9540,2362.0510,149540700,184.824022
2025-07-08,sz000001,2357.5350,2371.0830,2342.4810,2348.5030,109098600,185.067218
2025-07-09,sz000001,2343.9870,2380.1150,2343.9870,2371.0830,120596300,184.663785
2025-07-10,sz000001,2368.0720,2444.8460,2363.5560,2422.2650,248141600,183.783384
2025-07-11,sz000001,2423.7710,2440.3300,2378.6100,2381.6210,244374400,184.478776
2025-07-14,sz000001,2375.5990,2420.7600,2374.0940,2392.1580,187289600,184.295686
2025-07-15,sz000001,2393.6630,2401.1900,2351.5130,2354.5240,181053100,184.958680
2025-07-16,sz000001,2354.5240,2359.0400,2319.9010,2340.9760,192786400,185.203797
2025-07-17,sz000001,2336.4600,2350.0080,2325.9220,2333.4490,94464100,185.341461
2025-07-18,sz000001,2337.9650,2357.5350,2334.9540,2350.0080,124120600,185.040000
2025-07-21,sz000001,2340.9760,2351.5130,2327.4280,2336.4600,107902700,185.286281
2025-07-22,sz000001,2334.9540,2334.9540,2292.8040,2318.3960,193522900,185.620176
2025-07-23,sz000001,2313.8790,2339.4710,2312.3740,2324.4170,137052000,185.508140
2025-07-24,sz000001,2324.4170,2324.4170,2294.3100,2297.3210,195935100,186.017895
2025-07-25,sz000001,2294.3100,2313.8790,2292.8040,2297.3210,110826700,186.017895
2025-07-28,sz000001,2297.3210,2324.4170,2292.8040,2313.8790,123824300,185.704575
2025-07-29,sz000001,2313.8790,2321.4060,2295.8150,2295.8150,101281800,186.046596
2025-07-30,sz000001,2297.3210,2340.9760,2295.8150,2318.3960,171516400,185.620176
2025-07-31,sz000001,2321.4060,2327.4280,2277.7510,2279.2560,169008100,186.365985
2025-08-01,sz000001,2280.7620,2294.3100,2267.2130,2286.7830,101218700,186.220114
2025-08-04,sz000001,2280.7620,2301.8370,2276.2450,2289.7940,103269000,186.162114
2025-08-05,sz000001,2289.7940,2319.9010,2286.7830,2315.3850,113207800,185.676423
2025-08-06,sz000001,2315.3850,2322.9120,2304.8470,2313.8790,69044800,185.704575
2025-08-07,sz000001,2310.8690,2324.4170,2303.3420,2315.3850,72205300,185.676423
2025-08-08,sz000001,2316.8900,2324.4170,2303.3420,2304.8470,82979600,185.874758
2025-08-11,sz000001,2304.8470,2307.8580,2285.2780,2289.7940,93435300,186.162114
2025-08-12,sz000001,2289.7940,2304.8470,2289.7940,2294.3100,68005600,186.075426
2025-08-13,sz000001,2300.3310,2304.8470,2279.2560,2283.7720,111981300,186.278303
2025-08-14,sz000001,2285.2780,2295.8150,2273.2350,2274.7400,124104100,186.454098
2025-08-15,sz000001,2279.2560,2279.2560,2235.6010,2256.6760,194850300,186.810927
2025-08-18,sz000001,2253.6650,2267.2130,2249.1490,2256.6760,123905800,186.810927
2025-08-19,sz000001,2259.6870,2262.6970,2247.6440,2253.6650,89286000,186.871061
2025-08-20,sz000001,2253.6650,2262.6970,2241.6220,2255.1700,104873900,186.840928
2025-08-21,sz000001,2252.1600,2273.2350,2249.1490,2267.2130,121741800,186.601893
2025-08-22,sz000001,2267.2130,2270.2240,2241.6220,2253.6650,164426000,186.871061
2025-08-25,sz000001,2262.6970,2324.4170,2259.6870,2312.3740,304508800,185.732851
2025-08-26,sz000001,2312.3740,2319.9010,2289.7940,2298.8260,138359900,185.989159
2025-08-27,sz000001,2292.8040,2298.8260,2252.1600,2253.6650,186005000,186.871061
2025-08-28,sz000001,2258.1810,2265.7080,2240.1170,2256.6760,165358800,186.810927
2025-08-29,sz000001,2252.1600,2277.7510,2249.1490,2252.1600,180512600,186.901245
2025-09-01,sz000001,2252.1600,2252.1600,2222.0530,2228.0740,185845900,187.390580
2025-09-02,sz000001,2222.0530,2243.1280,2220.5470,2241.6220,149271600,187.113689
2025-09-03,sz000001,2241.6220,2246.1380,2205.4940,2206.9990,136723200,187.829702
2025-09-04,sz000001,2208.5040,2210.0100,2184.4190,2205.4940,129530000,187.861499
2025-09-05,sz000001,2203.9880,2205.4940,2188.9350,2202.4830,81966200,187.925171
2025-09-08,sz000001,2200.9780,2211.5150,2194.9560,2199.4720,92443100,187.989060
2025-09-09,sz000001,2200.9780,2211.5150,2196.4610,2206.9990,86053900,187.829702
2025-09-10,sz000001,2205.4940,2213.0200,2200.9780,2210.0100,79266800,187.766355
2025-09-11,sz000001,2210.0100,2222.0530,2200.9780,2222.0530,96393200,187.515021
2025-09-12,sz000001,2219.0420,2226.5690,2199.4720,2202.4830,94038500,187.925171
2025-09-15,sz000001,2199.4720,2202.4830,2188.9350,2191.9450,84038700,188.149785
2025-09-16,sz000001,2193.4510,2200.9780,2185.9240,2190.4400,70804800,188.182131
2025-09-17,sz000001,2190.4400,2194.9560,2181.4080,2190.4400,77112900,188.182131
2025-09-18,sz000001,2191.9450,2193.4510,2151.3010,2155.8170,138616000,188.941017
2025-09-19,sz000001,2155.8170,2170.8700,2149.7950,2161.8380,83465100,188.806812
2025-09-22,sz000001,2160.3330,2164.8490,2149.7950,2151.3010,59640200,189.042267
2025-09-23,sz000001,2149.7950,2181.4080,2142.2690,2172.3760,134143000,188.574306
2025-09-24,sz000001,2170.8700,2187.4290,2158.8270,2163.3440,113958300,188.773473
2025-09-25,sz000001,2158.8270,2164.8490,2148.2900,2154.3110,77327600,188.974649
2025-09-26,sz000001,2152.8060,2160.3330,2142.2690,2154.3110,75323900,188.974649
2025-09-29,sz000001,2154.3110,2166.3540,2134.7420,2149.7950,117601200,189.076077
2025-09-30,sz000001,2149.7950,2149.7950,2137.7520,2145.2790,83247900,189.178042
2025-10-09,sz000001,2143.7740,2155.8170,2134.7420,2154.3110,104746900,188.974649
2025-10-10,sz000001,2149.7950,2167.8600,2148.2900,2158.8270,108794800,188.873753
2025-10-13,sz000001,2142.2690,2163.3440,2136.2470,2154.3110,116880200,188.974649
2025-10-14,sz000001,2152.8060,2184.4190,2148.2900,2179.9030,184342800,188.409939
2025-10-15,sz000001,2180.8060,2192.8490,2168.7630,2189.8380,127106100,192.091053
2025-10-16,sz000001,2186.8270,2212.4180,2183.8160,2210.9130,126193700,191.586915
2025-10-17,sz000001,2204.8910,2216.9340,2186.8270,2189.8380,103966600,192.091053
2025-10-20,sz000001,2191.3430,2197.3650,2170.2680,2192.8490,95264100,192.018301
2025-10-21,sz000001,2189.8380,2200.3750,2188.3330,2194.3540,76116500,191.981977
2025-10-22,sz000001,2189.8380,2210.9130,2189.8380,2207.9020,83370300,191.658160
2025-10-23,sz000001,2207.9020,2236.5040,2204.8910,2224.4610,137311200,191.269218
2025-10-24,sz000001,2219.9450,2231.9880,2212.4180,2213.9240,98047500,191.515917
2025-10-27,sz000001,2210.9130,2221.4500,2195.8590,2207.9020,123948500,191.658160
2025-10-28,sz000001,2209.4080,2216.9340,2192.8490,2200.3750,82156800,191.837402
2025-10-29,sz000001,2198.8700,2198.8700,2183.8160,2188.3330,96621400,192.127568
2025-10-30,sz000001,2186.8270,2200.3750,2183.8160,2186.8270,94377000,192.164060
2025-10-31,sz000001,2186.8270,2189.8380,2174.7840,2177.7950,97019300,192.384717
2025-11-03,sz000001,2180.8060,2195.8590,2174.7840,2194.3540,95232600,191.981977
2025-11-04,sz000001,2192.8490,2225.9660,2189.8380,2218.4400,150300700,191.409836
2025-11-05,sz000001,2218.4400,2219.9450,2204.8910,2207.9020,79492600,191.658160
2025-11-06,sz000001,2204.8910,2216.9340,2200.3750,2206.3970,76658500,191.693918
2025-11-07,sz000001,2207.9020,2216.9340,2204.8910,2212.4180,73485100,191.551342
2025-11-10,sz000001,2207.9020,2225.9660,2197.3650,2224.4610,82720800,191.269218
2025-11-11,sz000001,2222.9560,2233.4930,2215.4290,2230.4830,88650900,191.129649
2025-11-12,sz000001,2234.9990,2248.5470,2227.4720,2231.9880,114132500,191.094863
2025-11-13,sz000001,2231.9880,2238.0090,2215.4290,2234.9990,97899100,191.025556
2025-11-14,sz000001,2230.4830,2256.0740,2228.9770,2242.5250,131699500,190.853191
2025-11-17,sz000001,2242.5250,2242.5250,2222.9560,2230.4830,99523300,191.129649
2025-11-18,sz000001,2227.4720,2233.4930,2215.4290,2218.4400,67007700,191.409836
2025-11-19,sz000001,2216.9340,2254.5680,2215.4290,2250.0520,133499600,190.682373
2025-11-20,sz000001,2248.5470,2278.6540,2241.0200,2257.5790,163704000,190.512996
2025-11-21,sz000001,2250.0520,2262.0950,2228.9770,2233.4930,146535900,191.060137
2025-11-24,sz000001,2234.9990,2239.5150,2219.9450,2219.9450,111711900,191.374569
2025-11-25,sz000001,2221.4500,2250.0520,2216.9340,2250.0520,102808100,190.682373
2025-11-26,sz000001,2251.5580,2257.5790,2227.4720,2233.4930,82130100,191.060137
2025-11-27,sz000001,2228.9770,2236.5040,2216.9340,2236.5040,101184700,190.990948
2025-11-28,sz000001,2230.4830,2231.9880,2216.9340,2221.4500,88435800,191.339363
2025-12-01,sz000001,2219.9450,2234.9990,2209.4080,2233.4930,103732300,191.060137
2025-12-02,sz000001,2231.9880,2239.5150,2218.4400,2225.9660,76806000,191.234192
2025-12-03,sz000001,2225.9660,2234.9990,2210.9130,2212.4180,94460100,191.551342
2025-12-04,sz000001,2212.4180,2216.9340,2198.8700,2203.3860,88609000,191.765535
2025-12-05,sz000001,2203.3860,2210.9130,2189.8380,2209.4080,89076600,191.622550
2025-12-08,sz000001,2203.3860,2219.9450,2201.8810,2207.9020,85589900,191.658160
2025-12-09,sz000001,2207.9020,2210.9130,2194.3540,2194.3540,73395700,191.981977
2025-12-10,sz000001,2195.8590,2198.8700,2173.2790,2179.3000,104406500,192.347749
2025-12-11,sz000001,2182.3110,2188.3330,2174.7840,2185.3220,92526100,192.200704
2025-12-12,sz000001,2185.3220,2194.3540,2174.7840,2182.3110,119189500,192.274097
2025-12-15,sz000001,2180.8060,2210.9130,2179.3000,2206.3970,94083300,191.693918
2025-12-16,sz000001,2203.3860,2212.4180,2195.8590,2201.8810,64735100,191.801481
2025-12-17,sz000001,2200.3750,2216.9340,2192.8490,2209.4080,70149500,191.622550
2025-12-18,sz000001,2206.3970,2227.4720,2201.8810,2225.9660,79046700,191.234192
2025-12-19,sz000001,2224.4610,2227.4720,2216.9340,2222.9560,64988600,191.304303
2025-12-22,sz000001,2221.4500,2221.4500,2206.3970,2207.9020,74236900,191.658160
2025-12-23,sz000001,2207.9020,2219.9450,2204.8910,2213.9240,66626600,191.515917
2025-12-24,sz000001,2212.4180,2216.9340,2203.3860,2210.9130,50524400,191.586915
2025-12-25,sz000001,2210.9130,2222.9560,2207.9020,2213.9240,54745500,191.515917
2025-12-26,sz000001,2213.9240,2218.4400,2209.4080,2210.9130,43634000,191.586915
2025-12-29,sz000001,2210.9130,2222.9560,2204.8910,2213.9240,64829500,191.515917
2025-12-30,sz000001,2209.4080,2213.9240,2197.3650,2201.8810,58258400,191.801481
2025-12-31,sz000001,2201.8810,2203.3860,2189.8380,2191.3430,59062000,192.054601
2026-01-05,sz000001,2192.8490,2206.3970,2191.3430,2204.8910,87549100,191.729652
2026-01-06,sz000001,2204.8910,2231.9880,2201.8810,2230.4830,130464800,191.129649
2026-01-07,sz000001,2228.9770,2253.0630,2222.9560,2225.9660,96623600,191.234192
2026-01-08,sz000001,2225.9660,2227.4720,2203.3860,2206.3970,110008500,191.693918
2026-01-09,sz000001,2209.4080,2209.4080,2195.8590,2198.8700,98339000,191.873473
2026-01-12,sz000001,2197.3650,2203.3860,2192.8490,2201.8810,85521300,191.801481
2026-01-13,sz000001,2201.8810,2210.9130,2195.8590,2200.3750,106154100,191.837402
2026-01-14,sz000001,2200.3750,2200.3750,2182.3110,2183.8160,127475700,192.237324
2026-01-15,sz000001,2179.3000,2185.3220,2174.7840,2176.2900,88496000,192.421751
2026-01-16,sz000001,2180.8060,2180.8060,2153.7090,2158.2250,111947300,192.870867
2026-01-19,sz000001,2152.2040,2161.2360,2146.1820,2147.6880,80474100,193.137410
2026-01-20,sz000001,2147.6880,2159.7310,2146.1820,2153.7090,77227600,192.984677
2026-01-21,sz000001,2152.2040,2156.7200,2138.6560,2140.1610,90012500,193.329810
2026-01-22,sz000001,2140.1610,2152.2040,2137.1500,2140.1610,78863500,193.329810
2026-01-23,sz000001,2140.1610,2143.1720,2126.6130,2128.1180,110999400,193.641310
2026-01-26,sz000001,2126.6130,2138.6560,2117.5810,2123.6020,110624700,193.759307
2026-01-27,sz000001,2123.6020,2134.1400,2119.0860,2120.5910,89409100,193.838300
2026-01-28,sz000001,2120.5910,2128.1180,2102.5270,2105.5380,143876600,194.237823
2026-01-29,sz000001,2105.5380,2126.6130,2078.4410,2123.6020,185299400,193.759307
2026-01-30,sz000001,2120.5910,2134.1400,2104.0320,2104.0320,109175500,194.278116
2026-02-02,sz000001,2102.5270,2134.1400,2099.5160,2108.5480,122317300,194.157274
2026-02-03,sz000001,2113.0650,2114.5700,2095.0000,2105.5380,80662800,194.237823
2026-02-04,sz000001,2107.0430,2126.6130,2105.5380,2125.1070,69541500,193.719872
2026-02-05,sz000001,2126.6130,2146.1820,2123.6020,2143.1720,117759100,193.252660
2026-02-06,sz000001,2141.6660,2150.6990,2128.1180,2137.1500,72771000,193.407240
2026-02-09,sz000001,2137.1500,2146.1820,2131.1290,2140.1610,61971700,193.329810
2026-02-10,sz000001,2140.1610,2144.6770,2132.6340,2138.6560,60043000,193.368535
2026-02-11,sz000001,2138.6560,2143.1720,2132.6340,2140.1610,43104100,193.329810
2026-02-12,sz000001,2140.1610,2141.6660,2119.0860,2123.6020,68134000,193.759307
2026-02-13,sz000001,2123.6020,2128.1180,2114.5700,2116.0750,55504700,193.957379
2026-02-24,sz000001,2119.0860,2122.0970,2111.5590,2116.0750,60251200,193.957379
2026-02-25,sz000001,2116.0750,2122.0970,2096.5060,2108.5480,106313500,194.157274
2026-02-26,sz000001,2108.5480,2116.0750,2099.5160,2110.0540,71273000,194.117203
2026-02-27,sz000001,2108.5480,2117.5810,2105.5380,2114.5700,61222800,193.997248
2026-03-02,sz000001,2107.0430,2113.0650,2095.0000,2107.0430,83887400,194.197512
2026-03-03,sz000001,2107.0430,2122.0970,2099.5160,2111.5590,102869500,194.077114
2026-03-04,sz000001,2105.5380,2105.5380,2079.9470,2085.9680,108971400,194.768254
2026-03-05,sz000001,2087.4730,2105.5380,2084.4630,2101.0220,71264100,194.359112
2026-03-06,sz000001,2096.5060,2105.5380,2095.0000,2102.5270,47657700,194.318577
2026-03-09,sz000001,2098.0110,2102.5270,2090.4840,2093.4950,83589200,194.562732
2026-03-10,sz000001,2095.0000,2101.0220,2088.9790,2101.0220,79011200,194.359112
2026-03-11,sz000001,2098.0110,2114.5700,2095.0000,2113.0650,72053500,194.037190
2026-03-12,sz000001,2110.0540,2123.6020,2107.0430,2120.5910,75490600,193.838300
2026-03-13,sz000001,2119.0860,2129.6240,2110.0540,2119.0860,84193900,193.877951
2026-03-16,sz000001,2119.0860,2125.1070,2111.5590,2117.5810,71560300,193.917674
2026-03-17,sz000001,2116.0750,2140.1610,2114.5700,2134.1400,107665700,193.485041
2026-03-18,sz000001,2135.6450,2135.6450,2116.0750,2123.6020,79107900,193.759307
2026-03-19,sz000001,2117.5810,2125.1070,2108.5480,2111.5590,62421200,194.077114
2026-03-20,sz000001,2110.0540,2120.5910,2093.4950,2095.0000,83408300,194.521820
2026-03-23,sz000001,2081.4520,2081.4520,2043.8180,2046.8290,158008800,195.868804
2026-03-24,sz000001,2057.3660,2113.0650,2057.3660,2111.5590,162225100,194.077114
2026-03-25,sz000001,2113.0650,2122.0970,2098.0110,2120.5910,74478000,193.838300
2026-03-26,sz000001,2116.0750,2137.1500,2114.5700,2120.5910,82766400,193.838300
2026-03-27,sz000001,2116.0750,2137.1500,2104.0320,2132.6340,88412900,193.523956
2026-03-30,sz000001,2126.6130,2137.1500,2120.5910,2128.1180,63252200,193.641310
2026-03-31,sz000001,2129.6240,2156.7200,2128.1180,2141.6660,116456500,193.291155
2026-04-01,sz000001,2143.1720,2164.2470,2141.6660,2152.2040,91892500,193.022780
2026-04-02,sz000001,2152.2040,2177.7950,2149.1930,2170.2680,114889500,192.570364
2026-04-03,sz000001,2171.7740,2171.7740,2143.1720,2147.6880,75775700,193.137410
2026-04-07,sz000001,2147.6880,2150.6990,2125.1070,2134.1400,60795500,193.485041
2026-04-08,sz000001,2146.1820,2162.7410,2137.1500,2162.7410,81297600,192.757665
2026-04-09,sz000001,2155.2150,2162.7410,2138.6560,2144.6770,60236500,193.214144
2026-04-10,sz000001,2144.6770,2149.1930,2140.1610,2143.1720,48104700,193.252660
2026-04-13,sz000001,2137.1500,2143.1720,2134.1400,2140.1610,40610400,193.329810
2026-04-14,sz000001,2140.1610,2155.2150,2140.1610,2155.2150,49615100,192.946732
2026-04-15,sz000001,2153.7090,2162.7410,2152.2040,2161.2360,50393800,192.795361
2026-04-16,sz000001,2159.7310,2164.2470,2140.1610,2143.1720,68091500,193.252660
2026-04-17,sz000001,2143.1720,2146.1820,2128.1180,2131.1290,72253000,193.563034
2026-04-20,sz000001,2131.1290,2140.1610,2123.6020,2138.6560,63003400,193.368535
2026-04-21,sz000001,2135.6450,2153.7090,2134.1400,2141.6660,80694600,193.291155
2026-04-22,sz000001,2141.6660,2143.1720,2122.0970,2126.6130,83905400,193.680601
2026-04-23,sz000001,2126.6130,2134.1400,2119.0860,2129.6240,64806700,193.602182
2026-04-24,sz000001,2126.6130,2134.1400,2117.5810,2129.6240,58271000,193.602182
2026-04-27,sz000001,2179.3000,2215.4290,2173.2790,2186.8270,340127600,192.164060
2026-04-28,sz000001,2183.8160,2198.8700,2177.7950,2198.8700,167425900,191.873473
2026-04-29,sz000001,2194.3540,2210.9130,2188.3330,2207.9020,137842300,191.658160
2026-04-30,sz000001,2204.8910,2219.9450,2198.8700,2203.3860,113924200,191.765535
2026-05-06,sz000001,2204.8910,2204.8910,2174.7840,2183.8160,121638800,192.237324
2026-05-07,sz000001,2185.3220,2188.3330,2174.7840,2185.3220,93695800,192.200704
2026-05-08,sz000001,2180.8060,2192.8490,2174.7840,2174.7840,79882000,192.458761
2026-05-11,sz000001,2173.2790,2176.2900,2153.7090,2171.7740,93186500,192.533156
2026-05-12,sz000001,2171.7740,2183.8160,2161.2360,2167.2570,102903800,192.645067
2026-05-13,sz000001,2167.2570,2171.7740,2146.1820,2150.6990,101797400,193.060952
2026-05-14,sz000001,2150.6990,2152.2040,2137.1500,2137.1500,79436800,193.407240
2026-05-15,sz000001,2137.1500,2146.1820,2123.6020,2128.1180,97474200,193.641310
2026-05-18,sz000001,2123.6020,2125.1070,2102.5270,2108.5480,85638200,194.157274
2026-05-19,sz000001,2104.0320,2117.5810,2104.0320,2108.5480,79352900,194.157274
2026-05-20,sz000001,2108.5480,2111.5590,2093.4950,2095.0000,74763200,194.521820
2026-05-21,sz000001,2096.5060,2099.5160,2082.9570,2084.4630,111021100,194.809626
2026-05-22,sz000001,2084.4630,2088.9790,2076.9360,2081.4520,95413300,194.892509
2026-05-25,sz000001,2081.4520,2093.4950,2075.4310,2081.4520,66310300,194.892509
2026-05-26,sz000001,2085.9680,2104.0320,2078.4410,2098.0110,83734700,194.440315
2026-05-27,sz000001,2093.4950,2107.0430,2087.4730,2093.4950,83972700,194.562732
2026-05-28,sz000001,2093.4950,2098.0110,2073.9250,2078.4410,90071100,194.975704
2026-05-29,sz000001,2076.9360,2119.0860,2072.4200,2119.0860,139936800,193.877951
2026-06-01,sz000001,2114.5700,2128.1180,2101.0220,2128.1180,95459600,193.641310
2026-06-02,sz000001,2126.6130,2144.6770,2120.5910,2141.6660,88542800,193.291155
2026-06-03,sz000001,2134.1400,2138.6560,2117.5810,2128.1180,82527200,193.641310
2026-06-04,sz000001,2116.0750,2125.1070,2095.0000,2102.5270,86927100,194.318577
2026-06-05,sz000001,2104.0320,2134.1400,2104.0320,2126.6130,100350300,193.680601
2026-06-08,sz000001,2125.1070,2144.6770,2123.6020,2134.1400,109092600,193.485041
2026-06-09,sz000001,2131.1290,2158.2250,2123.6020,2149.1930,114967200,193.099102
2026-06-10,sz000001,2140.1610,2182.3110,2140.1610,2177.7950,154317600,192.384717
2026-06-11,sz000001,2177.7950,2188.3330,2167.2570,2174.7840,115622200,192.458761
2026-06-12,sz000001,2183.8160,2221.4500,2165.7520,2219.9450,203235500,197.504004
2026-06-15,sz000001,2215.4290,2215.4290,2180.8060,2192.8490,154130500,198.268445
2026-06-16,sz000001,2191.3430,2201.8810,2170.2680,2174.7840,94270800,198.791956
2026-06-17,sz000001,2179.3000,2182.3110,2146.1820,2150.6990,96582800,199.508256
2026-06-18,sz000001,2144.6770,2149.1930,2111.5590,2111.5590,142689300,200.718536
2026-06-22,sz000001,2111.5590,2134.1400,2096.5060,2131.1290,126531700,200.106009
2026-06-23,sz000001,2131.1290,2170.2680,2128.1180,2140.1610,119060400,199.828291
2026-06-24,sz000001,2135.6450,2150.6990,2110.0540,2110.0540,112584100,200.766318
2026-06-25,sz000001,2104.0320,2122.0970,2095.0000,2096.5060,108399900,201.200192
2026-06-26,sz000001,2096.5060,2104.0320,2061.8820,2067.9040,123648200,202.141153
2026-06-29,sz000001,2066.3980,2081.4520,2036.2910,2069.4090,112414000,202.090723
2026-06-30,sz000001,2066.3980,2066.3980,2039.3020,2040.8070,111135300,203.065373
2026-07-01,sz000001,2040.8070,2060.3770,2031.7750,2057.3660,90689000,202.496654
2026-07-02,sz000001,2063.3880,2087.4730,2058.8720,2075.4310,100474900,201.890175
2026-07-03,sz000001,2076.9360,2093.4950,2060.3770,2076.9360,86332700,201.840233
2026-07-06,sz000001,2070.9150,2111.5590,2066.3980,2108.5480,106104900,200.814095
2026-07-07,sz000001,2102.5270,2110.0540,2085.9680,2104.0320,80522100,200.958166
2026-07-08,sz000001,2099.5160,2128.1180,2084.4630,2123.6020,95076000,200.339811
2026-07-09,sz000001,2116.0750,2122.0970,2098.0110,2107.0430,74719100,200.862059
2026-07-10,sz000001,2108.5480,2110.0540,2093.4950,2101.0220,95732000,201.054737
2026-07-13,sz000001,2096.5060,2116.0750,2090.4840,2114.5700,92474600,200.623340
2026-07-14,sz000001,2113.0650,2138.6560,2105.5380,2137.1500,119371500,199.920486
2026-07-15,sz000001,2131.1290,2164.2470,2128.1180,2159.7310,98142200,199.237177
2026-07-16,sz000001,2161.2360,2173.2790,2141.6660,2149.1930,80076600,199.553668
2026-07-17,sz000001,2146.1820,2165.7520,2141.6660,2150.6990,107549900,199.508256
2026-07-20,sz000001,2146.1820,2183.8160,2144.6770,2180.8060,156730400,198.616211
2026-07-21,sz000001,2182.3110,2203.3860,2158.2250,2159.7310,175511300,199.237177
2026-07-22,sz000001,2155.2150,2180.8060,2149.1930,2180.8060,102948400,198.616211
2026-07-23,sz000001,2171.7740,2201.8810,2168.7630,2195.8590,109574300,198.182220
2026-07-24,sz000001,2197.3650,2210.9130,2197.3650,2198.8700,114093300,198.096396
2026-07-27,sz000001,2200.3750,2207.9020,2189.8380,2200.3750,95715600,198.053555
2026-07-28,sz000001,2198.8700,2215.4290,2197.3650,2213.9240,106101100,197.671786
2026-07-29,sz000001,2212.4180,2238.0090,2210.9130,2225.9660,151105400,197.337411
2026-07-30,sz000001,2225.9660,2277.1490,2210.9130,2275.6430,277770800,196.007149
2026-07-31,sz000001,2259.0840,2278.6540,2225.9660,2278.6540,202497900,195.928977
2026-08-03,sz000001,2265.1060,2283.1700,2262.0950,2277.1490,106085100,195.968072
2026-08-04,sz000001,2271.1270,2277.1490,2247.0420,2250.0520,122113000,196.682867
2026-08-05,sz000001,2245.5360,2259.0840,2210.9130,2221.4500,151151000,197.462222
2026-08-06,sz000001,2216.9340,2225.9660,2201.8810,2224.4610,104634300,197.378971
2026-08-07,sz000001,2218.4400,2222.9560,2198.8700,2212.4180,88297700,197.713852
2026-08-10,sz000001,2210.9130,2241.0200,2207.9020,2227.4720,88906000,197.296014
2026-08-11,sz000001,2230.4830,2244.0310,2219.9450,2222.9560,66336100,197.420604
2026-08-12,sz000001,2222.9560,2227.4720,2213.9240,2221.4500,63295000,197.462222
2026-08-13,sz000001,2218.4400,2224.4610,2210.9130,2221.4500,75598100,197.462222
2026-08-14,sz000001,2216.9340,2218.4400,2200.3750,2200.3750,83234400,198.053555
2026-08-17,sz000001,2213.9240,2216.9340,2194.3540,2198.8700,92904300,198.096396
2026-08-18,sz000001,2198.8700,2204.8910,2188.3330,2191.3430,80893000,198.311584
2026-08-19,sz000001,2195.8590,2224.4610,2194.3540,2224.4610,142649600,197.378971
2026-08-20,sz000001,2213.9240,2244.0310,2212.4180,2244.0310,118357800,196.844825
2026-08-21,sz000001,2238.0090,2253.0630,2231.9880,2245.5360,86912800,196.804207
2026-08-24,sz000001,2241.0200,2271.1270,2236.5040,2268.1170,119902500,196.203893
2026-08-25,sz000001,2269.6220,2280.1590,2263.6000,2272.6330,99488100,196.085677
2026-08-26,sz000001,2266.6110,2296.7180,2262.0950,2293.7080,116728900,195.542029
2026-08-27,sz000001,2289.1920,2292.2020,2260.5900,2272.6330,97570200,196.085677
2026-08-28,sz000001,2265.1060,2286.1810,2256.0740,2281.6650,83812600,195.851073
2026-08-31,sz000001,2280.1590,2299.7290,2277.1490,2292.2020,90885700,195.580375
2026-09-01,sz000001,2286.1810,2328.3310,2281.6650,2322.3090,152316500,194.824581
2026-09-02,sz000001,2322.3090,2332.8470,2311.7720,2320.8040,89224800,194.861797
2026-09-03,sz000001,2316.2880,2346.3950,2308.7610,2316.2880,110513400,194.973737
2026-09-04,sz000001,2313.2770,2334.3520,2311.7720,2317.7930,81437300,194.936333
2026-09-07,sz000001,2314.7830,2316.2880,2281.6650,2289.1920,108727600,195.657436
2026-09-08,sz000001,2283.1700,2305.7510,2281.6650,2301.2340,74051600,195.350934
2026-09-09,sz000001,2298.2240,2302.7400,2287.6860,2289.1920,58230600,195.657436
2026-09-10,sz000001,2286.1810,2313.2770,2283.1700,2311.7720,86763200,195.086245
2026-09-11,sz000001,2307.2560,2313.2770,2290.6970,2295.2130,83246100,195.503663
2026-09-14,sz000001,2293.7080,2319.2990,2292.2020,2311.7720,74124800,195.086245
2026-09-15,sz000001,2307.2560,2316.2880,2299.7290,2307.2560,75525100,195.199323
2026-09-16,sz000001,2304.2450,2310.2670,2269.6220,2289.1920,94962600,195.657436
2026-09-17,sz000001,2286.1810,2295.2130,2269.6220,2275.6430,69192500,196.007149
2026-09-18,sz000001,2272.6330,2307.2560,2268.1170,2289.1920,85303800,195.657436
2026-09-21,sz000001,2289.1920,2293.7080,2274.1380,2293.7080,81755500,195.542029
2026-09-22,sz000001,2289.1920,2296.7180,2277.1490,2290.6970,75945700,195.618873
2026-09-23,sz000001,2286.1810,2290.6970,2266.6110,2274.1380,90672600,196.046379
2026-09-24,sz000001,2273.9870,2292.0520,2264.9550,2266.4610,104381900,200.571770
2026-09-28,sz000001,2263.4500,2283.0200,2261.9450,2266.4610,71534100,200.571770
