date,symbol,open,high,low,close,volume,factor
2018-06-11,sz300750,30.1700,36.2000,30.1700,36.2000,78800,1.000000
2018-06-12,sz300750,39.8200,39.8200,39.8200,39.8200,26500,1.000000
2018-06-13,sz300750,43.8000,43.8000,43.8000,43.8000,45000,1.000000
2018-06-14,sz300750,48.1800,48.1800,48.1800,48.1800,74200,1.000000
2018-06-15,sz300750,53.0000,53.0000,53.0000,53.0000,256500,1.000000
2018-06-19,sz300750,58.3000,58.3000,58.3000,58.3000,1117400,1.000000
2018-06-20,sz300750,64.1300,64.1300,64.1300,64.1300,1310300,1.000000
2018-06-21,sz300750,70.5400,70.5400,70.5400,70.5400,1231600,1.000000
2018-06-22,sz300750,72.0000,72.7100,63.4900,66.5500,128170500,1.000000
2018-06-25,sz300750,68.2000,71.6000,67.2200,69.1900,69981900,1.000000
2018-06-26,sz300750,67.8900,75.5500,67.1000,74.1800,62553500,1.000000
2018-06-27,sz300750,74.2100,74.9300,71.7700,74.0900,44138800,1.000000
2018-06-28,sz300750,73.3000,75.3900,67.4400,68.2100,53080900,1.000000
2018-06-29,sz300750,68.6800,74.3000,67.7700,71.9600,45698500,1.000000
2018-07-02,sz300750,70.7900,71.4800,69.1100,70.0000,32470100,1.000000
2018-07-03,sz300750,70.2000,71.1900,65.8500,69.2900,33910000,1.000000
2018-07-04,sz300750,68.1500,68.1500,65.5000,65.9200,26282100,1.000000
2018-07-05,sz300750,65.0000,71.8800,64.8800,68.8100,34337700,1.000000
2018-07-06,sz300750,68.8100,74.5000,68.7000,70.8800,49213400,1.000000
2018-07-09,sz300750,70.8000,71.5700,69.1100,71.5500,31068900,1.000000
2018-07-10,sz300750,75.0000,75.8900,71.6600,72.4000,36484400,1.000000
2018-07-11,sz300750,70.0000,78.9400,69.5800,77.0600,49120800,1.000000
2018-07-12,sz300750,76.0300,84.7700,75.6000,84.7700,43085200,1.000000
2018-07-13,sz300750,82.0000,88.4700,81.0300,82.7000,48202000,1.000000
2018-07-16,sz300750,82.7000,84.7500,80.1000,83.9000,29515100,1.000000
2018-07-17,sz300750,83.1100,84.1700,79.6600,82.2800,28615300,1.000000
2018-07-18,sz300750,82.2800,84.3700,80.1100,82.2800,27113800,1.000000
2018-07-19,sz300750,82.0000,85.1500,80.6700,82.8900,25074400,1.000000
2018-07-20,sz300750,82.5000,91.1800,82.0100,90.9300,42695600,1.000000
2018-07-23,sz300750,89.0000,90.5400,87.5500,88.6200,25014300,1.000000
2018-07-24,sz300750,88.5000,92.9600,87.5000,91.7700,26501000,1.000000
2018-07-25,sz300750,91.0000,95.0800,82.5900,82.5900,45719300,1.000000
2018-07-26,sz300750,80.5000,82.6000,76.6000,78.2000,39286900,1.000000
2018-07-27,sz300750,78.0000,78.6400,75.6700,76.0500,22809500,1.000000
2018-07-30,sz300750,76.5000,77.3400,75.0000,76.8500,18041800,1.000000
2018-07-31,sz300750,76.7800,76.7900,70.5100,72.2200,28128300,1.000000
2018-08-01,sz300750,72.0000,73.6300,71.0200,71.4200,17933600,1.000000
2018-08-02,sz300750,70.4000,73.2900,70.0500,72.5600,19853500,1.000000
2018-08-03,sz300750,71.7600,73.1400,68.6600,69.6000,17288800,1.000000
2018-08-06,sz300750,69.0000,71.0800,67.6000,69.6500,15706900,1.000000
2018-08-07,sz300750,70.4800,74.4600,70.0000,73.7900,19964900,1.000000
2018-08-08,sz300750,73.5000,73.5800,71.1100,71.5200,14770800,1.000000
2018-08-09,sz300750,71.4000,75.6600,70.3000,74.0600,18474800,1.000000
2018-08-10,sz300750,73.6000,74.4900,73.0200,74.4400,11673800,1.000000
2018-08-13,sz300750,73.0000,74.1900,72.0300,74.0100,10949500,1.000000
2018-08-14,sz300750,73.8000,73.8900,71.4400,71.5700,11735600,1.000000
2018-08-15,sz300750,70.9800,72.0300,69.0000,69.1100,12916700,1.000000
2018-08-16,sz300750,68.0000,69.8800,66.2100,68.9900,10715200,1.000000
2018-08-17,sz300750,69.9000,70.5100,68.1000,68.1600,8224800,1.000000
2018-08-20,sz300750,67.8800,69.1100,66.0000,68.9500,10922900,1.000000
2018-08-21,sz300750,68.9700,70.7800,68.0200,69.5700,10208800,1.000000
2018-08-22,sz300750,69.0600,70.2500,67.2100,67.4700,8999900,1.000000
2018-08-23,sz300750,67.6500,69.6500,67.0800,69.1000,12193100,1.000000
2018-08-24,sz300750,67.8100,71.2000,67.7000,68.8000,13360900,1.000000
2018-08-27,sz300750,68.5800,70.9800,67.8900,70.4600,12915000,1.000000
2018-08-28,sz300750,70.6100,74.3200,70.4000,73.0100,18813900,1.000000
2018-08-29,sz300750,72.6000,73.5000,71.8100,73.0200,10333800,1.000000
2018-08-30,sz300750,73.1900,74.0000,69.6300,69.9900,13681800,1.000000
2018-08-31,sz300750,68.4900,69.2000,65.0100,65.5000,15901200,1.000000
2018-09-03,sz300750,64.8000,64.8000,61.0000,63.2600,15910800,1.000000
2018-09-04,sz300750,63.2000,64.2500,62.7600,63.8500,8067500,1.000000
2018-09-05,sz300750,63.6000,63.9800,61.3900,61.3900,9689200,1.000000
2018-09-06,sz300750,60.6000,62.6500,60.3200,61.8400,8854000,1.000000
2018-09-07,sz300750,62.4900,64.8800,62.2100,63.3200,12748500,1.000000
2018-09-10,sz300750,63.5600,63.7900,61.0000,61.3500,6545100,1.000000
2018-09-11,sz300750,61.4000,63.1600,61.4000,62.5700,6629300,1.000000
2018-09-12,sz300750,62.8000,65.2500,62.6100,64.5000,12115900,1.000000
2018-09-13,sz300750,65.6400,66.1000,63.3900,64.8000,9852000,1.000000
2018-09-14,sz300750,66.3000,69.0000,65.8600,65.9000,15831800,1.000000
2018-09-17,sz300750,64.5700,65.4800,63.5900,63.7100,7131400,1.000000
2018-09-18,sz300750,63.0000,66.4100,62.9900,66.3600,7789200,1.000000
2018-09-19,sz300750,65.9900,68.5600,65.4500,67.3300,9502500,1.000000
2018-09-20,sz300750,67.0100,69.9000,67.0100,67.9900,10200700,1.000000
2018-09-21,sz300750,68.6300,69.9000,67.8600,69.1900,7748200,1.000000
2018-09-25,sz300750,68.4000,69.3000,67.7100,68.3300,4204100,1.000000
2018-09-26,sz300750,68.6600,73.5000,68.6600,72.8900,16061500,1.000000
2018-09-27,sz300750,72.2500,74.9500,71.7000,72.5500,13694600,1.000000
2018-09-28,sz300750,72.1100,75.0900,72.1100,73.0000,11921000,1.000000
2018-10-08,sz300750,71.8800,71.8800,67.8000,68.4500,13116700,1.000000
2018-10-09,sz300750,68.9100,69.1600,64.1000,64.9000,13389300,1.000000
2018-10-10,sz300750,65.6100,65.8000,63.6000,64.9000,7163200,1.000000
2018-10-11,sz300750,61.8800,63.4700,59.5100,60.4500,12809400,1.000000
2018-10-12,sz300750,60.4500,63.1600,60.3800,62.8600,8600300,1.000000
2018-10-15,sz300750,68.8000,69.1500,67.8800,69.1500,19801400,1.000000
2018-10-16,sz300750,70.0000,70.3600,67.9400,68.8500,10452100,1.000000
2018-10-17,sz300750,69.7700,71.7800,69.2100,70.0000,14232100,1.000000
2018-10-18,sz300750,68.7000,71.4000,65.5200,68.0300,10810900,1.000000
2018-10-19,sz300750,67.0100,74.2600,67.0100,73.7700,14125100,1.000000
2018-10-22,sz300750,74.0900,81.1000,74.0900,79.1000,18106300,1.000000
2018-10-23,sz300750,78.1000,79.9600,76.1000,78.0000,12736600,1.000000
2018-10-24,sz300750,77.8400,79.4700,76.1200,77.0000,10042800,1.000000
2018-10-25,sz300750,75.0000,81.5800,74.5100,80.9100,13372200,1.000000
2018-10-26,sz300750,80.6900,80.6900,73.0100,74.6000,17691700,1.000000
2018-10-29,sz300750,74.9400,75.4000,70.6000,70.7600,12719700,1.000000
2018-10-30,sz300750,70.6500,75.3500,69.8800,75.0000,12887500,1.000000
2018-10-31,sz300750,75.2900,77.4300,74.2000,74.5000,9794300,1.000000
2018-11-01,sz300750,75.2000,76.8200,73.2100,73.6100,9723900,1.000000
2018-11-02,sz300750,76.1400,78.6300,76.0500,78.4800,13705800,1.000000
2018-11-05,sz300750,78.4800,82.4800,77.8000,79.3900,13063500,1.000000
2018-11-06,sz300750,79.0300,82.4000,76.0000,81.5700,12165800,1.000000
2018-11-07,sz300750,80.2000,82.3800,78.2100,79.0400,12658700,1.000000
2018-11-08,sz300750,79.8400,80.3800,76.8900,77.3100,8044800,1.000000
2018-11-09,sz300750,77.0000,79.0500,76.6600,77.7500,6063900,1.000000
2018-11-12,sz300750,77.0000,83.8000,76.7000,83.2500,14889900,1.000000
2018-11-13,sz300750,82.0000,82.5100,79.8000,81.6300,14287000,1.000000
2018-11-14,sz300750,80.4100,83.0000,79.7500,81.0000,10790700,1.000000
2018-11-15,sz300750,80.4100,82.2000,79.9000,81.3500,7576800,1.000000
2018-11-16,sz300750,81.6800,81.7600,78.6200,80.1100,9809400,1.000000
2018-11-19,sz300750,79.5900,81.4800,79.0000,79.3500,7259000,1.000000
2018-11-20,sz300750,78.7100,79.2000,77.5600,77.7700,7722000,1.000000
2018-11-21,sz300750,77.5000,79.7500,76.5000,78.6500,7314800,1.000000
2018-11-22,sz300750,78.2000,79.4400,77.6000,77.9100,4071700,1.000000
2018-11-23,sz300750,77.9100,77.9500,73.9000,73.9800,10403700,1.000000
2018-11-26,sz300750,73.8000,74.8800,72.8000,74.6200,7610000,1.000000
2018-11-27,sz300750,74.6800,76.8500,73.7600,75.6000,7953300,1.000000
2018-11-28,sz300750,75.7500,79.4800,75.2500,78.6800,9918800,1.000000
2018-11-29,sz300750,79.5000,81.5000,78.0300,78.0300,9736200,1.000000
2018-11-30,sz300750,78.0100,80.9900,78.0100,80.0300,9067500,1.000000
2018-12-03,sz300750,82.5200,83.4900,80.5600,80.8500,12645200,1.000000
2018-12-04,sz300750,80.2000,83.0800,80.0400,82.3000,9579600,1.000000
2018-12-05,sz300750,81.0000,82.6000,80.6000,81.3700,7391500,1.000000
2018-12-06,sz300750,80.8000,82.2800,79.0000,79.0100,11385300,1.000000
2018-12-07,sz300750,79.1800,80.4600,79.1800,79.7000,5642100,1.000000
2018-12-10,sz300750,79.4500,80.3700,76.8000,78.2900,7606800,1.000000
2018-12-11,sz300750,78.5000,79.1800,77.8200,78.5600,3450000,1.000000
2018-12-12,sz300750,79.3400,81.9800,79.0000,81.5000,9472400,1.000000
2018-12-13,sz300750,81.9200,82.2700,80.5800,82.1100,7244400,1.000000
2018-12-14,sz300750,81.9300,82.4800,79.3100,79.3400,7090500,1.000000
2018-12-17,sz300750,78.8000,80.4900,77.0000,80.1600,6864400,1.000000
2018-12-18,sz300750,79.0000,80.5900,78.6800,79.5500,4885500,1.000000
2018-12-19,sz300750,79.1600,81.7000,78.3400,79.5000,7092600,1.000000
2018-12-20,sz300750,79.3800,79.3900,76.2300,77.3400,9773700,1.000000
2018-12-21,sz300750,77.5400,78.5000,75.6000,78.5000,8873700,1.000000
2018-12-24,sz300750,77.6800,79.2400,77.0100,78.0300,5938800,1.000000
2018-12-25,sz300750,77.0400,77.7400,75.6500,77.2000,6588300,1.000000
2018-12-26,sz300750,77.2000,77.9000,75.5300,75.9000,4925200,1.000000
2018-12-27,sz300750,77.2000,77.4800,75.7800,75.7800,4881400,1.000000
2018-12-28,sz300750,75.6900,76.6200,73.8000,73.8000,5629200,1.000000
2019-01-02,sz300750,74.2500,74.9700,73.5300,73.6600,4394000,1.000000
2019-01-03,sz300750,72.5100,74.5400,72.5100,73.8300,4494900,1.000000
2019-01-04,sz300750,73.3300,77.2400,73.2300,76.9600,7905300,1.000000
2019-01-07,sz300750,76.9400,77.6500,76.3000,77.4200,5969500,1.000000
2019-01-08,sz300750,77.2200,79.4500,77.2000,79.3300,8574900,1.000000
2019-01-09,sz300750,77.0000,78.2100,75.1800,77.9800,12379800,1.000000
2019-01-10,sz300750,77.6400,77.8500,76.0200,76.2800,8394200,1.000000
2019-01-11,sz300750,76.6000,76.7500,74.8000,75.2900,6136700,1.000000
2019-01-14,sz300750,75.3000,76.3300,74.3000,76.0800,4848700,1.000000
2019-01-15,sz300750,76.0000,77.4800,74.8500,77.3700,5873600,1.000000
2019-01-16,sz300750,76.9000,77.2000,76.4100,76.6700,2573800,1.000000
2019-01-17,sz300750,76.9500,77.6900,76.4100,76.6600,3718800,1.000000
2019-01-18,sz300750,77.1600,77.1600,74.0000,75.4000,6503900,1.000000
2019-01-21,sz300750,75.0300,75.6300,74.2600,75.2400,5241100,1.000000
2019-01-22,sz300750,75.0000,75.6700,74.0300,74.2700,4258800,1.000000
2019-01-23,sz300750,74.2600,75.6600,74.0100,75.4400,4884700,1.000000
2019-01-24,sz300750,75.0000,75.8600,74.7000,75.1700,3798400,1.000000
2019-01-25,sz300750,75.6400,78.7900,75.1700,77.4400,9118900,1.000000
2019-01-28,sz300750,78.1000,78.2600,76.0200,76.0700,4628800,1.000000
2019-01-29,sz300750,76.2600,77.3900,74.1000,76.6800,5236300,1.000000
2019-01-30,sz300750,74.3300,77.3600,73.6100,76.2000,7707700,1.000000
2019-01-31,sz300750,76.2700,77.7700,76.0500,76.1200,4412700,1.000000
2019-02-01,sz300750,76.6700,79.1700,76.2000,78.4000,6214400,1.000000
2019-02-11,sz300750,78.9900,81.3800,78.9800,81.0000,8343300,1.000000
2019-02-12,sz300750,80.5000,81.6000,80.0300,81.0000,4989100,1.000000
2019-02-13,sz300750,80.8000,83.5700,80.3700,81.7000,7877100,1.000000
2019-02-14,sz300750,81.5000,88.8800,81.3500,84.7200,12723300,1.000000
2019-02-15,sz300750,84.4000,86.0000,82.4000,82.4200,10515300,1.000000
2019-02-18,sz300750,83.1500,84.8800,82.5600,84.4600,8778700,1.000000
2019-02-19,sz300750,84.6600,84.7800,81.8000,82.2900,9425700,1.000000
2019-02-20,sz300750,82.8000,84.5000,82.1000,83.1700,6067400,1.000000
2019-02-21,sz300750,82.7000,84.8700,82.3000,83.3300,8228700,1.000000
2019-02-22,sz300750,83.0000,85.3000,82.1100,84.3700,8960000,1.000000
2019-02-25,sz300750,85.7700,91.6600,85.7700,91.3200,15411300,1.000000
2019-02-26,sz300750,90.0000,90.8000,87.6800,88.5000,11324200,1.000000
2019-02-27,sz300750,87.7000,89.3900,85.3000,86.0500,9103700,1.000000
2019-02-28,sz300750,86.0100,89.1800,86.0100,87.7000,7239900,1.000000
2019-03-01,sz300750,91.1000,92.8800,89.4000,90.0300,9619200,1.000000
2019-03-04,sz300750,91.5000,95.1600,90.7300,92.3900,14036900,1.000000
2019-03-05,sz300750,92.3800,92.9800,91.2000,92.6000,8615600,1.000000
2019-03-06,sz300750,93.1200,93.8000,89.3800,91.2000,10432900,1.000000
2019-03-07,sz300750,90.8500,90.8500,86.6800,87.8900,13707100,1.000000
2019-03-08,sz300750,86.0000,88.3000,84.7200,84.9700,11069600,1.000000
2019-03-11,sz300750,84.7300,88.1800,84.5500,87.9200,9354600,1.000000
2019-03-12,sz300750,91.6000,93.8500,89.2100,91.0700,14763400,1.000000
2019-03-13,sz300750,90.9900,90.9900,87.7100,88.0800,7577700,1.000000
2019-03-14,sz300750,87.9800,90.4800,87.3200,88.9500,7982500,1.000000
2019-03-15,sz300750,90.0100,91.4000,88.9700,89.8300,7821500,1.000000
2019-03-18,sz300750,89.8900,90.0000,87.9000,89.2800,7275700,1.000000
2019-03-19,sz300750,89.1500,91.8800,88.0000,88.6000,6817000,1.000000
2019-03-20,sz300750,88.5000,88.5000,85.8200,87.1700,8814100,1.000000
2019-03-21,sz300750,87.0000,88.4000,85.9500,87.1200,8135900,1.000000
2019-03-22,sz300750,87.1200,87.1200,85.2100,86.5800,6018900,1.000000
2019-03-25,sz300750,87.9700,90.5800,87.0200,89.0000,12990600,1.000000
2019-03-26,sz300750,88.0200,88.4900,84.9000,85.3000,9719700,1.000000
2019-03-27,sz300750,85.5000,86.5400,82.3000,83.4100,9492100,1.000000
2019-03-28,sz300750,83.3400,84.3600,82.1000,83.2000,5857100,1.000000
2019-03-29,sz300750,83.4200,85.0000,82.6500,85.0000,7124100,1.000000
2019-04-01,sz300750,85.1600,86.9600,85.0000,86.3500,9239000,1.000000
2019-04-02,sz300750,86.3500,86.4300,84.3300,84.9800,10241300,1.000000
2019-04-03,sz300750,84.8000,85.2000,83.8800,84.4800,7184000,1.000000
2019-04-04,sz300750,84.6300,85.1600,84.0000,84.1700,6679600,1.000000
2019-04-08,sz300750,84.7100,84.9000,81.1000,82.2900,11376900,1.000000
2019-04-09,sz300750,84.7600,85.2500,82.9000,83.9100,11942200,1.000000
2019-04-10,sz300750,83.8100,83.8100,81.7000,82.2400,10840800,1.000000
2019-04-11,sz300750,82.2500,82.6000,80.5800,80.7200,8953700,1.000000
2019-04-12,sz300750,80.9200,82.6100,80.9100,81.9800,5935600,1.000000
2019-04-15,sz300750,82.8000,83.0100,80.9500,80.9700,5995000,1.000000
2019-04-16,sz300750,80.5000,82.2700,80.3700,82.2700,5718700,1.000000
2019-04-17,sz300750,83.5000,86.2800,83.5000,86.1100,20500400,1.000000
2019-04-18,sz300750,86.1200,86.3000,84.4200,84.6500,7061700,1.000000
2019-04-19,sz300750,84.5200,84.9900,82.9000,83.2000,6296700,1.000000
2019-04-22,sz300750,83.2100,83.6000,81.0300,81.2300,6649200,1.000000
2019-04-23,sz300750,80.5000,80.6500,75.0100,78.1700,11525900,1.000000
2019-04-24,sz300750,78.1800,79.8600,77.4000,79.7800,5134300,1.000000
2019-04-25,sz300750,78.5900,80.8600,78.1000,79.1000,5297300,1.000000
2019-04-26,sz300750,79.0000,80.3500,78.9800,79.3500,3491800,1.000000
2019-04-29,sz300750,80.9900,81.3700,79.1500,79.7800,4788200,1.000000
2019-04-30,sz300750,79.8000,80.5800,79.1500,79.7600,3109000,1.000000
2019-05-06,sz300750,76.8700,77.6600,75.0600,75.7000,6543100,1.000000
2019-05-07,sz300750,76.0000,77.4200,75.6200,75.8500,3711900,1.000000
2019-05-08,sz300750,74.9000,76.1700,73.7000,74.6100,3499500,1.000000
2019-05-09,sz300750,74.0000,75.0900,72.6300,72.7000,4813400,1.000000
2019-05-10,sz300750,73.4800,74.4900,70.7200,74.1000,5407400,1.000000
2019-05-13,sz300750,73.0500,73.2600,71.2600,71.5900,4632700,1.000000
2019-05-14,sz300750,71.9200,73.2000,71.9100,72.1600,4332900,1.000000
2019-05-15,sz300750,72.5000,75.1500,72.5000,74.9800,6619500,1.000000
2019-05-16,sz300750,74.8000,74.8400,73.9000,74.3300,3737100,1.000000
2019-05-17,sz300750,74.7100,74.7100,71.9200,72.2500,3600300,1.000000
2019-05-20,sz300750,71.3700,72.0800,67.8900,69.6900,4523700,1.000000
2019-05-21,sz300750,70.2200,71.1800,69.8800,70.1500,3194900,1.000000
2019-05-22,sz300750,70.7200,70.9200,69.2500,69.3700,2782300,1.000000
2019-05-23,sz300750,68.8000,69.2500,67.3000,67.4800,4401600,1.000000
2019-05-24,sz300750,67.8200,68.2000,66.9900,67.8500,2931100,1.000000
2019-05-27,sz300750,67.9900,69.6400,67.6800,69.2000,4369000,1.000000
2019-05-28,sz300750,69.2000,71.8800,68.8000,71.8800,5318100,1.000000
2019-05-29,sz300750,70.2100,71.2900,70.0500,70.5700,3295100,1.000000
2019-05-30,sz300750,70.4900,70.4900,68.9000,69.8100,2872600,1.000000
2019-05-31,sz300750,70.3000,70.4700,69.3600,69.4400,2516600,1.000000
2019-06-03,sz300750,68.6000,69.6700,68.0000,68.1600,3252800,1.000000
2019-06-04,sz300750,68.4000,68.4000,66.8000,66.8700,3166600,1.000000
2019-06-05,sz300750,67.3700,69.3500,67.3600,69.0700,5009300,1.000000
2019-06-06,sz300750,68.8100,68.8900,66.6600,66.9400,3748400,1.000000
2019-06-10,sz300750,67.8500,70.2700,66.9100,67.6000,8845200,1.000000
2019-06-11,sz300750,64.0200,68.9400,64.0000,68.1900,24107100,1.000000
2019-06-12,sz300750,67.2700,69.5000,67.2700,68.6500,15350800,1.000000
2019-06-13,sz300750,68.6000,72.2600,67.9000,71.0100,21548700,1.000000
2019-06-14,sz300750,71.0700,74.1800,70.8000,72.1800,20433200,1.000000
2019-06-17,sz300750,72.2500,73.8300,71.1000,71.9600,12070400,1.000000
2019-06-18,sz300750,71.9000,72.3800,70.4000,71.0500,8180100,1.000000
2019-06-19,sz300750,72.9800,73.2400,69.1200,69.6800,14281400,1.000000
2019-06-20,sz300750,69.6800,70.2400,68.2500,69.0600,12816100,1.000000
2019-06-21,sz300750,71.0000,71.0000,68.8500,69.0900,11818500,1.000000
2019-06-24,sz300750,69.0900,69.1300,67.9100,68.8600,6605800,1.000000
2019-06-25,sz300750,68.8400,69.2000,67.8100,68.8300,7638700,1.000000
2019-06-26,sz300750,68.4400,70.5600,68.2900,69.9800,9448300,1.000000
2019-06-27,sz300750,69.8200,70.7100,69.4500,69.9300,10948900,1.000000
2019-06-28,sz300750,68.9000,69.4300,68.0000,68.8800,5721200,1.000000
2019-07-01,sz300750,70.0000,71.0000,69.3100,70.3200,13077200,1.000000
2019-07-02,sz300750,70.2800,72.3800,69.9600,71.0400,16251900,1.000000
2019-07-03,sz300750,70.5100,73.0100,70.2800,71.8000,22100100,1.000000
2019-07-04,sz300750,71.9900,72.2800,70.5500,71.0500,8084400,1.000000
2019-07-05,sz300750,71.1000,71.5000,70.0200,71.0800,8893700,1.000000
2019-07-08,sz300750,70.5300,70.5300,67.8900,68.8600,8304300,1.000000
2019-07-09,sz300750,68.8800,70.8900,68.5000,70.8600,9602700,1.000000
2019-07-10,sz300750,71.1000,73.4700,71.0000,72.2500,15931500,1.000000
2019-07-11,sz300750,73.5000,73.5200,71.9000,72.4200,7067200,1.000000
2019-07-12,sz300750,72.7900,74.2300,72.5100,73.8800,9417200,1.000000
2019-07-15,sz300750,74.5100,74.5800,73.0000,73.6600,11271400,1.000000
2019-07-16,sz300750,73.4100,73.6600,71.3100,72.8200,9607000,1.000000
2019-07-17,sz300750,72.4500,73.8400,72.2800,72.9900,4317200,1.000000
2019-07-18,sz300750,72.4600,72.8000,71.3300,71.5000,4517000,1.000000
2019-07-19,sz300750,71.7100,72.9500,71.5700,72.5000,5735800,1.000000
2019-07-22,sz300750,72.5000,73.6000,71.5100,73.2220,8765700,1.001943
2019-07-23,sz300750,73.4000,76.9500,72.6200,76.0120,16470700,1.001872
2019-07-24,sz300750,76.2000,76.9300,75.4000,75.8220,11968500,1.001876
2019-07-25,sz300750,75.7000,76.7500,75.3000,75.9520,11840100,1.001873
2019-07-26,sz300750,75.3600,77.7700,75.3600,76.8020,11526300,1.001852
2019-07-29,sz300750,76.5200,77.4000,76.0100,76.8220,7037500,1.001852
2019-07-30,sz300750,76.9000,78.4900,76.1400,77.9020,9645800,1.001826
2019-07-31,sz300750,77.6000,77.6000,76.0000,76.1420,6622100,1.001868
2019-08-01,sz300750,75.9000,76.9300,75.2800,75.9420,6750300,1.001873
2019-08-02,sz300750,73.9900,75.6000,73.7500,75.4220,7166000,1.001886
2019-08-05,sz300750,74.7000,75.2000,72.8800,73.1420,8991600,1.001945
2019-08-06,sz300750,70.8000,72.6900,70.5100,72.2920,8493800,1.001968
2019-08-07,sz300750,72.5000,74.5500,72.4400,73.4720,8604800,1.001936
2019-08-08,sz300750,74.0000,74.1800,72.8000,73.2220,3874300,1.001943
2019-08-09,sz300750,73.9700,73.9700,71.5100,72.0720,4732600,1.001974
2019-08-12,sz300750,71.8100,73.4000,71.5300,73.5120,4253600,1.001935
2019-08-13,sz300750,72.8200,74.2900,72.5800,73.6120,5309400,1.001933
2019-08-14,sz300750,74.0000,75.0900,73.5000,73.6420,6324800,1.001932
2019-08-15,sz300750,71.9500,74.2000,71.7100,74.3120,4622200,1.001915
2019-08-16,sz300750,74.0000,74.2000,73.0300,73.3620,6954000,1.001939
2019-08-19,sz300750,73.7000,76.2000,73.2200,76.3420,10512200,1.001864
2019-08-20,sz300750,76.1800,76.3500,75.1600,75.5720,6819000,1.001883
2019-08-21,sz300750,75.2200,76.9500,75.2200,75.9420,6533000,1.001873
2019-08-22,sz300750,76.0000,76.0000,75.0000,75.7420,4917400,1.001878
2019-08-23,sz300750,75.5900,75.5900,71.9200,74.0420,16565100,1.001922
2019-08-26,sz300750,72.8900,73.7300,72.5000,72.9120,9127800,1.001951
2019-08-27,sz300750,73.3600,74.5300,73.1100,73.4420,9605200,1.001937
2019-08-28,sz300750,74.1700,74.2700,72.3600,72.6620,8640000,1.001958
2019-08-29,sz300750,72.5100,72.5300,71.0300,71.2220,10076000,1.001998
2019-08-30,sz300750,71.4600,72.8800,70.5600,72.4120,11896700,1.001965
2019-09-02,sz300750,72.1900,73.1400,71.8900,73.1020,9806600,1.001946
2019-09-03,sz300750,72.7100,72.9000,70.8400,71.3420,13019400,1.001994
2019-09-04,sz300750,70.8800,71.3800,69.9000,71.3220,11710600,1.001995
2019-09-05,sz300750,71.2100,72.3900,71.2100,71.4420,12301500,1.001992
2019-09-06,sz300750,71.4500,72.3000,71.4500,72.0020,8292100,1.001976
2019-09-09,sz300750,72.5100,77.0000,72.0600,77.1420,25802900,1.001844
2019-09-10,sz300750,77.3300,77.7500,76.4500,77.3620,18827800,1.001839
2019-09-11,sz300750,77.9000,81.0800,77.3600,77.9120,21230600,1.001826
2019-09-12,sz300750,78.2000,79.7000,77.3000,78.1420,15404700,1.001821
2019-09-16,sz300750,78.9900,79.3000,76.3200,76.8420,13527900,1.001851
2019-09-17,sz300750,76.5800,76.5800,74.2100,74.6620,14317500,1.001906
2019-09-18,sz300750,75.0500,75.4600,74.4500,74.7320,10085500,1.001904
2019-09-19,sz300750,74.5900,76.0000,74.5900,75.5220,14132300,1.001884
2019-09-20,sz300750,75.5200,76.1200,74.6000,75.0020,12802700,1.001897
2019-09-23,sz300750,74.8700,74.8800,72.3000,73.1320,12309800,1.001945
2019-09-24,sz300750,73.1400,73.9200,72.0600,72.8720,12842600,1.001952
2019-09-25,sz300750,72.6000,73.7800,71.8500,73.1020,13395300,1.001946
2019-09-26,sz300750,73.2000,73.3500,71.0200,71.5920,13092300,1.001987
2019-09-27,sz300750,71.4500,71.8900,71.0600,71.6020,7143700,1.001987
2019-09-30,sz300750,71.8000,72.0700,71.1600,71.6420,6760700,1.001986
2019-10-08,sz300750,71.6100,71.9800,70.2000,70.4020,8735700,1.002021
2019-10-09,sz300750,70.0100,70.0300,68.3800,69.2420,13221800,1.002055
2019-10-10,sz300750,70.0700,71.6400,69.7600,71.0420,12285100,1.002003
2019-10-11,sz300750,71.1700,72.1400,70.3300,71.6020,9492500,1.001987
2019-10-14,sz300750,71.9000,72.0000,70.5000,70.9920,12203500,1.002004
2019-10-15,sz300750,70.8500,72.1000,70.6600,71.1120,8935000,1.002001
2019-10-16,sz300750,71.0100,71.3300,69.5000,69.8320,8123600,1.002038
2019-10-17,sz300750,69.7000,69.9700,68.8900,69.4420,7245500,1.002049
2019-10-18,sz300750,69.6000,70.3200,69.3600,70.2320,7628200,1.002026
2019-10-21,sz300750,70.2800,70.2800,69.0000,69.7820,5043100,1.002039
2019-10-22,sz300750,70.0000,70.9200,70.0000,70.8620,6927300,1.002008
2019-10-23,sz300750,70.7000,71.1500,70.0500,70.9020,6317600,1.002007
2019-10-24,sz300750,70.9300,71.9500,70.8800,71.7720,9043200,1.001982
2019-10-25,sz300750,71.7000,71.7500,70.5600,71.1620,5389700,1.001999
2019-10-28,sz300750,70.0500,70.8200,69.6800,70.9520,9966200,1.002005
2019-10-29,sz300750,70.8900,70.8900,69.1300,69.4220,9865600,1.002050
2019-10-30,sz300750,69.0000,69.7200,68.3800,69.6620,7561300,1.002043
2019-10-31,sz300750,69.3800,69.8300,68.6800,68.8520,5626800,1.002067
2019-11-01,sz300750,68.5200,69.4000,68.4200,69.4720,5613400,1.002048
2019-11-04,sz300750,69.6000,69.9900,69.1000,70.0720,8286600,1.002031
2019-11-05,sz300750,70.3100,74.3500,69.9300,73.6220,23782500,1.001932
2019-11-06,sz300750,76.2700,78.8800,75.3500,76.0420,44148100,1.001871
2019-11-07,sz300750,75.3000,76.9100,74.1300,75.4420,21663300,1.001886
2019-11-08,sz300750,75.9000,77.2000,75.0000,75.7620,19035800,1.001878
2019-11-11,sz300750,74.7800,75.4000,73.7000,73.8420,9991300,1.001927
2019-11-12,sz300750,74.0000,75.3000,73.5500,74.5920,9084200,1.001907
2019-11-13,sz300750,74.8000,74.8900,73.7900,74.0820,6735200,1.001920
2019-11-14,sz300750,74.4000,74.8500,73.8100,74.2420,6725800,1.001916
2019-11-15,sz300750,74.2900,74.2900,71.6000,72.7420,10722000,1.001956
2019-11-18,sz300750,72.8800,73.1900,72.1500,73.0120,4495500,1.001949
2019-11-19,sz300750,73.2800,76.9700,72.8800,77.0820,18631300,1.001846
2019-11-20,sz300750,76.8300,78.1000,76.2000,76.4420,11246800,1.001861
2019-11-21,sz300750,76.7000,78.1000,76.3000,77.2920,12442400,1.001841
2019-11-22,sz300750,82.0000,84.6000,79.4600,80.6420,42347100,1.001764
2019-11-25,sz300750,81.3500,83.6500,81.0000,83.7220,28083700,1.001699
2019-11-26,sz300750,82.9900,89.6000,81.9000,88.1420,39148300,1.001614
2019-11-27,sz300750,87.4500,88.8600,85.9700,87.3920,19444200,1.001628
2019-11-28,sz300750,86.7000,89.6000,86.1500,87.5520,14522400,1.001625
2019-11-29,sz300750,87.1200,88.9000,85.3800,87.5520,12922100,1.001625
2019-12-02,sz300750,88.2000,88.3200,85.8000,87.2420,11901700,1.001630
2019-12-03,sz300750,87.0000,87.2500,84.5900,86.5420,15689400,1.001644
2019-12-04,sz300750,86.3600,88.7600,85.1800,86.8420,16878500,1.001638
2019-12-05,sz300750,87.0200,93.4600,86.9600,92.1420,26362900,1.001543
2019-12-06,sz300750,91.7000,93.3900,91.1000,93.1420,13437700,1.001527
2019-12-09,sz300750,93.5000,93.5000,90.9000,93.0320,14749900,1.001529
2019-12-10,sz300750,92.0000,94.4400,91.3000,93.4920,12694900,1.001521
2019-12-11,sz300750,93.3500,94.1900,90.5000,91.6320,13325500,1.001552
2019-12-12,sz300750,91.4600,92.9000,89.2200,89.8420,14878600,1.001583
2019-12-13,sz300750,91.5300,93.4000,90.3200,93.1420,18289800,1.001527
2019-12-16,sz300750,92.5400,92.8700,91.2800,92.4420,18217800,1.001538
2019-12-17,sz300750,94.8000,97.1900,94.4400,95.5320,27739300,1.001489
2019-12-18,sz300750,94.4600,94.5000,92.1700,93.3320,18640500,1.001524
2019-12-19,sz300750,93.5000,93.5800,91.5200,93.3920,10843300,1.001523
2019-12-20,sz300750,93.2400,94.8800,92.7100,92.9220,10357900,1.001531
2019-12-23,sz300750,92.0000,95.3900,91.5600,93.0420,14142900,1.001529
2019-12-24,sz300750,93.2000,100.0900,93.2000,99.6420,29704300,1.001427
2019-12-25,sz300750,99.3500,105.4800,98.1500,105.4420,23307700,1.001349
2019-12-26,sz300750,105.0000,106.9800,102.6800,105.2620,14841600,1.001351
2019-12-27,sz300750,105.1200,110.0000,103.1500,104.3420,24054900,1.001363
2019-12-30,sz300750,106.5700,110.5000,105.0000,110.1420,23577900,1.001291
2019-12-31,sz300750,109.8600,110.3500,105.5400,106.5420,21500700,1.001335
2020-01-02,sz300750,107.2100,108.8500,105.7000,107.6620,20611500,1.001321
2020-01-03,sz300750,107.5200,110.1900,105.9700,109.6920,18084100,1.001296
2020-01-06,sz300750,111.3000,114.5000,107.8000,109.2320,26500200,1.001302
2020-01-07,sz300750,109.0100,109.6400,107.4100,108.6420,13507500,1.001309
2020-01-08,sz300750,109.0100,111.5000,107.1000,109.7420,19224000,1.001296
2020-01-09,sz300750,112.0000,115.5000,110.0100,115.1420,20164300,1.001235
2020-01-10,sz300750,114.2000,114.2000,111.6800,113.4520,14428000,1.001253
2020-01-13,sz300750,116.0000,118.4800,114.2000,117.0420,21597400,1.001215
2020-01-14,sz300750,119.5100,120.7500,115.1800,115.8420,21768400,1.001227
2020-01-15,sz300750,115.7000,117.5800,112.2100,115.4420,17758700,1.001232
2020-01-16,sz300750,116.0000,116.5000,113.8500,116.5420,12934100,1.001220
2020-01-17,sz300750,116.3600,117.5600,114.0000,115.2220,14662400,1.001234
2020-01-20,sz300750,114.9900,125.0800,112.9000,123.3420,24892200,1.001153
2020-01-21,sz300750,122.5100,123.0000,120.4600,121.7920,14267100,1.001167
2020-01-22,sz300750,121.6500,133.8200,119.3800,133.9620,34991500,1.001061
2020-01-23,sz300750,132.5000,137.0000,125.1000,130.7120,35986200,1.001088
2020-02-03,sz300750,126.5600,143.4800,126.5000,135.5020,52634600,1.001049
2020-02-04,sz300750,145.7700,148.9000,140.0100,149.0420,35913500,1.000954
2020-02-05,sz300750,158.1700,163.7900,156.3000,163.9320,53082300,1.000867
2020-02-06,sz300750,155.0100,169.8900,152.9900,170.0320,57918900,1.000836
2020-02-07,sz300750,166.0000,169.3300,158.9500,160.3420,45499400,1.000886
2020-02-10,sz300750,161.0000,168.5800,160.0000,165.4020,37540900,1.000859
2020-02-11,sz300750,167.2000,168.0000,157.6000,158.5420,33994500,1.000896
2020-02-12,sz300750,153.5500,161.8400,152.0300,159.7920,32586200,1.000889
2020-02-13,sz300750,155.9900,159.3800,153.6900,156.4820,31360900,1.000908
2020-02-14,sz300750,158.9000,159.9000,148.8600,150.0420,43961800,1.000947
2020-02-17,sz300750,149.0000,156.1600,148.8800,154.2420,34447100,1.000921
2020-02-18,sz300750,154.1000,159.0000,152.8500,156.7620,28230500,1.000907
2020-02-19,sz300750,165.0000,165.1000,152.8900,153.3420,41816700,1.000927
2020-02-20,sz300750,156.5000,165.0000,153.0000,160.1420,51844000,1.000887
2020-02-21,sz300750,157.8000,162.5000,155.2200,160.0420,33805100,1.000888
2020-02-24,sz300750,157.0000,159.8500,152.4800,154.5520,36523000,1.000920
2020-02-25,sz300750,149.7400,165.5000,148.8400,161.9920,51602600,1.000877
2020-02-26,sz300750,158.7000,160.8500,150.7000,153.0020,33827900,1.000929
2020-02-27,sz300750,155.1000,156.6600,148.8000,149.6220,33200200,1.000950
2020-02-28,sz300750,139.9900,145.0000,135.5100,135.8120,50844700,1.001047
2020-03-02,sz300750,138.8000,141.9500,134.9500,140.1320,31815000,1.001014
2020-03-03,sz300750,146.0000,149.6900,143.9000,145.9220,29691000,1.000974
2020-03-04,sz300750,143.9900,145.8800,139.7800,143.8420,20594600,1.000988
2020-03-05,sz300750,146.5400,147.8300,142.0000,145.3620,22463300,1.000978
2020-03-06,sz300750,142.0100,147.3000,141.5000,143.6620,15980800,1.000989
2020-03-09,sz300750,138.9900,140.9000,133.0000,133.5920,29425200,1.001064
2020-03-10,sz300750,133.6100,141.6900,133.0100,140.6720,29274400,1.001010
2020-03-11,sz300750,143.0000,148.5800,138.8000,140.9220,33923200,1.001009
2020-03-12,sz300750,136.2000,136.7700,131.3200,134.3420,33385800,1.001058
2020-03-13,sz300750,126.1000,133.8000,126.0100,132.2420,27455300,1.001075
2020-03-16,sz300750,128.0000,128.8800,118.8900,119.2020,49048500,1.001193
2020-03-17,sz300750,121.0000,122.9300,111.2500,118.0920,39220300,1.001204
2020-03-18,sz300750,118.9000,123.5000,116.0000,117.4920,31338400,1.001210
2020-03-19,sz300750,119.0000,119.5000,111.6900,115.1820,33156300,1.001234
2020-03-20,sz300750,118.0000,119.7000,113.2200,116.0020,22514200,1.001226
2020-03-23,sz300750,110.8000,111.5700,105.0100,107.6220,30761800,1.001321
2020-03-24,sz300750,110.6000,112.8800,107.0000,111.7120,29117000,1.001273
2020-03-25,sz300750,116.2000,122.1800,116.0000,121.1420,38592800,1.001174
2020-03-26,sz300750,119.0100,122.3500,118.3000,119.7720,19437100,1.001187
2020-03-27,sz300750,122.2100,123.3300,117.3600,118.8520,17499100,1.001196
2020-03-30,sz300750,116.0000,120.6400,110.7000,119.4520,26165500,1.001190
2020-03-31,sz300750,120.2700,123.1300,117.8600,120.5320,19485200,1.001179
2020-04-01,sz300750,123.1000,125.5600,119.0800,120.5420,29895100,1.001179
2020-04-02,sz300750,117.5000,123.6000,116.7100,123.7420,20958800,1.001149
2020-04-03,sz300750,124.6500,125.0000,119.8000,121.1420,18220400,1.001174
2020-04-07,sz300750,123.6000,126.0900,123.0200,124.8420,18372900,1.001139
2020-04-08,sz300750,123.9000,125.4900,122.6000,123.1420,11947000,1.001154
2020-04-09,sz300750,123.9800,124.4800,119.8100,120.3520,16052800,1.001181
2020-04-10,sz300750,121.1500,123.0700,117.9300,118.6020,14569600,1.001199
2020-04-13,sz300750,114.9000,116.9900,113.0800,114.8320,12458100,1.001238
2020-04-14,sz300750,118.0000,126.1600,117.5000,126.3020,38893900,1.001126
2020-04-15,sz300750,129.8000,131.8900,127.2300,128.1420,32564500,1.001109
2020-04-16,sz300750,128.2700,133.7100,126.8200,133.0920,21638100,1.001068
2020-04-17,sz300750,136.0800,140.5800,135.1000,137.0920,29252200,1.001037
2020-04-20,sz300750,136.4000,136.7500,131.8800,134.6520,18700200,1.001056
2020-04-21,sz300750,131.9900,132.8600,127.0000,130.6620,19391700,1.001088
2020-04-22,sz300750,127.3300,132.3000,127.3000,130.9920,14686900,1.001085
2020-04-23,sz300750,132.9000,132.9000,128.6000,130.0420,12537900,1.001093
2020-04-24,sz300750,130.0000,136.0000,130.0000,131.8320,16991600,1.001078
2020-04-27,sz300750,133.0200,136.0000,132.0800,134.0520,14365500,1.001060
2020-04-28,sz300750,137.0000,140.1000,131.6200,138.4420,22691700,1.001027
2020-04-29,sz300750,136.1300,140.1900,136.0100,138.8620,11954400,1.001024
2020-04-30,sz300750,144.0000,148.5100,144.0000,144.5220,23338500,1.000984
2020-05-06,sz300750,139.0000,146.8000,138.7500,145.9320,19146400,1.000974
2020-05-07,sz300750,146.3000,147.2000,141.0000,143.3420,16078700,1.000992
2020-05-08,sz300750,143.0000,145.2200,140.8900,144.2220,14133900,1.000986
2020-05-11,sz300750,144.2000,145.9800,135.0600,137.7620,28536400,1.001032
2020-05-12,sz300750,139.0600,139.8800,135.7300,139.1420,16027700,1.001022
2020-05-13,sz300750,137.3300,139.6500,136.8800,138.4020,12154200,1.001027
2020-05-14,sz300750,137.8500,138.2500,135.5000,135.7420,11433500,1.001047
2020-05-15,sz300750,139.9400,147.6900,138.9600,145.6220,32212100,1.000976
2020-05-18,sz300750,145.0000,145.0000,139.6900,141.9520,16088900,1.001001
2020-05-19,sz300750,143.2000,145.8000,142.5200,143.4020,10425200,1.000991
2020-05-20,sz300750,150.0000,155.4000,149.0100,149.4420,32969300,1.000951
2020-05-21,sz300750,151.8100,153.5500,146.5800,147.6020,15487600,1.000963
2020-05-22,sz300750,146.6200,146.8600,141.0000,142.9520,14817300,1.000994
2020-05-25,sz300750,142.6800,144.4100,140.5500,144.4420,10378200,1.000984
2020-05-26,sz300750,145.7700,150.4100,145.2000,150.1720,17486500,1.000946
2020-05-27,sz300750,149.9600,155.0000,149.9000,151.6420,18104900,1.000937
2020-05-28,sz300750,149.9900,150.9000,143.5000,147.9820,17424700,1.000960
2020-05-29,sz300750,147.0000,147.8300,144.5000,145.6720,14142800,1.000976
2020-06-01,sz300750,147.4700,153.0300,146.3600,151.0920,15176600,1.000941
2020-06-02,sz300750,154.0000,154.8900,146.9800,149.6020,13703000,1.000950
2020-06-03,sz300750,150.0000,151.1200,147.8100,148.6420,11363500,1.000956
2020-06-04,sz300750,149.8000,154.1300,148.6000,150.3620,13757400,1.002413
2020-06-05,sz300750,149.5500,151.3500,147.2600,151.5620,9862700,1.002394
2020-06-08,sz300750,153.7400,154.5500,150.4600,151.7620,10560400,1.002391
2020-06-09,sz300750,154.5000,155.9700,153.1000,154.3220,15069900,1.002351
2020-06-10,sz300750,159.9000,159.9000,153.5000,157.0420,19821000,1.002310
2020-06-11,sz300750,160.0000,170.0800,158.1300,164.3420,36817700,1.002208
2020-06-12,sz300750,160.1800,162.5000,158.8800,159.6620,25244600,1.002272
2020-06-15,sz300750,156.2300,161.2600,155.5100,158.0620,15945200,1.002295
2020-06-16,sz300750,161.0000,163.2800,158.0100,160.3620,13129700,1.002263
2020-06-17,sz300750,159.0400,160.5000,156.0100,158.1620,12529100,1.002294
2020-06-18,sz300750,157.8000,159.5700,156.0000,159.3120,9656200,1.002277
2020-06-19,sz300750,159.9800,168.8000,159.1500,166.2620,25019300,1.002182
2020-06-22,sz300750,165.7500,171.3000,164.5000,165.3620,19041200,1.002194
2020-06-23,sz300750,166.0000,169.1300,163.5200,169.2520,15947500,1.002143
2020-06-24,sz300750,170.5200,173.5800,169.3000,171.8620,14660400,1.002111
2020-06-29,sz300750,170.5000,172.5000,169.0100,171.4020,11604000,1.002116
2020-06-30,sz300750,173.0000,179.4700,173.0000,174.7220,16251400,1.002076
2020-07-01,sz300750,178.5000,181.9000,167.8800,169.7620,28657500,1.002137
2020-07-02,sz300750,172.0000,172.1800,164.5100,167.5620,27048000,1.002165
2020-07-03,sz300750,170.0000,170.7400,167.0300,167.9620,24026400,1.002160
2020-07-06,sz300750,168.2000,180.0000,167.5900,178.1620,30715300,1.002036
2020-07-07,sz300750,188.0000,195.5800,187.5000,195.9420,25360400,1.001851
2020-07-08,sz300750,197.9900,198.8200,189.9800,197.9320,28889000,1.001832
2020-07-09,sz300750,197.0000,206.7700,196.0000,205.3820,27903600,1.001766
2020-07-10,sz300750,202.9800,207.1600,200.6000,204.2620,16829300,1.001775
2020-07-13,sz300750,211.6000,224.2900,211.6000,224.4720,30326900,1.001615
2020-07-14,sz300750,214.0000,220.7000,208.8600,216.3120,33329600,1.001676
2020-07-15,sz300750,219.0000,220.5700,202.1100,207.3920,27435100,1.001749
2020-07-16,sz300750,208.0000,212.8800,196.4000,197.1320,27255000,1.001840
2020-07-17,sz300750,197.0100,201.1800,188.0800,196.0620,30378600,1.001850
2020-07-20,sz300750,204.0900,211.1100,199.0900,205.6620,28999900,1.001763
2020-07-21,sz300750,209.9900,209.9900,203.0000,207.3620,18656600,1.001749
2020-07-22,sz300750,205.0000,211.1900,203.0300,208.2520,19165800,1.001741
2020-07-23,sz300750,207.0000,215.5100,206.0000,213.8620,25590000,1.001696
2020-07-24,sz300750,209.0000,209.9000,195.8500,199.0420,34398300,1.001822
2020-07-27,sz300750,198.0000,200.9800,189.9900,191.6620,25155600,1.001892
2020-07-28,sz300750,196.0500,200.5000,195.5100,197.8820,20149000,1.001833
2020-07-29,sz300750,197.5200,205.0000,195.2700,204.5420,18998600,1.001773
2020-07-30,sz300750,205.0000,206.9800,202.4000,205.7120,14353100,1.001763
2020-07-31,sz300750,206.0000,215.3000,205.5000,212.5320,20705000,1.001706
2020-08-03,sz300750,213.8800,215.8000,210.0500,215.9620,15106100,1.001679
2020-08-04,sz300750,214.3000,222.9800,210.3200,211.0520,19958100,1.001718
2020-08-05,sz300750,210.7400,212.8000,206.5500,210.7120,12730100,1.001721
2020-08-06,sz300750,216.8800,217.8800,208.0000,211.8620,14565700,1.001712
2020-08-07,sz300750,209.0000,214.3000,202.1100,204.6520,18055200,1.001772
2020-08-10,sz300750,204.2000,205.3000,198.0800,201.0420,13078700,1.001804
2020-08-11,sz300750,200.7500,204.6000,198.1300,198.7820,12233200,1.001824
2020-08-12,sz300750,199.9000,200.2600,188.2000,196.0920,25272700,1.001849
2020-08-13,sz300750,200.8000,201.9800,194.4700,196.3520,13061200,1.001847
2020-08-14,sz300750,197.7000,200.4500,195.9900,200.7320,11970000,1.001807
2020-08-17,sz300750,200.0000,200.3700,194.2000,196.9820,19707400,1.001841
2020-08-18,sz300750,199.6000,205.0000,195.8800,199.6420,22122400,1.001817
2020-08-19,sz300750,197.8000,197.8000,190.0000,190.5520,18714700,1.001903
2020-08-20,sz300750,187.0000,191.0000,185.0000,188.7820,13020100,1.001921
2020-08-21,sz300750,191.3600,193.9400,190.0000,192.5920,14655300,1.001883
2020-08-24,sz300750,194.2000,208.0000,192.2400,202.3720,25807000,1.001792
2020-08-25,sz300750,202.0100,206.0000,198.9600,200.2820,14549100,1.001811
2020-08-26,sz300750,199.0100,199.9800,192.9400,194.7620,15240300,1.001862
2020-08-27,sz300750,202.5000,208.5000,199.0000,205.3120,28397800,1.001766
2020-08-28,sz300750,206.3200,209.5000,203.6800,208.6620,16967100,1.001738
2020-08-31,sz300750,209.6600,210.7600,205.0100,206.7120,13514500,1.001754
2020-09-01,sz300750,206.5000,215.0000,205.0100,214.6120,19716200,1.001690
2020-09-02,sz300750,213.3600,214.1300,208.0000,211.6720,14608600,1.001713
2020-09-03,sz300750,210.0000,211.0000,205.8900,210.2620,12452900,1.001725
2020-09-04,sz300750,202.2200,205.6600,200.5800,204.6220,14773700,1.001772
2020-09-07,sz300750,202.9000,204.8500,180.0000,186.7620,44789700,1.001942
2020-09-08,sz300750,185.0000,188.0000,179.5100,187.2620,22073300,1.001937
2020-09-09,sz300750,179.0000,187.5000,177.9900,184.6820,18934400,1.001964
2020-09-10,sz300750,185.0000,189.5000,184.5000,185.3220,14826400,1.001957
2020-09-11,sz300750,186.0000,189.3000,183.3500,187.6620,11765000,1.001933
2020-09-14,sz300750,190.5000,194.9800,190.0000,193.1420,14289600,1.001878
2020-09-15,sz300750,195.5000,197.0000,192.8200,195.0620,11703700,1.001859
2020-09-16,sz300750,196.7900,196.9000,190.5000,192.6220,11837900,1.001883
2020-09-17,sz300750,192.2400,201.9500,191.0000,198.7620,18130800,1.001825
2020-09-18,sz300750,198.9100,200.0000,195.2300,198.3920,10548700,1.001828
2020-09-21,sz300750,201.9000,208.0000,196.8600,198.2920,16068300,1.001829
2020-09-22,sz300750,200.0000,204.2000,197.9300,200.8620,12339400,1.001805
2020-09-23,sz300750,199.6000,199.8200,191.1000,197.3620,15719400,1.001838
2020-09-24,sz300750,193.6500,195.8000,190.1100,191.1820,10668000,1.001897
2020-09-25,sz300750,193.6000,194.7000,190.5900,191.8620,6801200,1.001890
2020-09-28,sz300750,193.4500,196.9500,191.8100,193.2720,8233200,1.001877
2020-09-29,sz300750,195.4900,206.2500,195.4300,205.3520,20243600,1.001766
2020-09-30,sz300750,205.3000,211.0100,203.8000,209.5620,15990800,1.001730
2020-10-09,sz300750,219.9900,228.8800,219.7700,225.2320,23959200,1.001610
2020-10-12,sz300750,228.0000,235.0000,227.3000,235.1420,18938200,1.001542
2020-10-13,sz300750,234.8800,238.5800,229.0000,236.0320,10746700,1.001536
2020-10-14,sz300750,237.0000,244.0000,234.8000,237.6620,13770200,1.001525
2020-10-15,sz300750,241.1100,244.1000,237.0000,238.9620,9953500,1.001517
2020-10-16,sz300750,239.5000,240.0000,224.3100,228.4620,20304100,1.001587
2020-10-19,sz300750,231.3300,236.1000,228.0000,229.7720,13002500,1.001578
2020-10-20,sz300750,230.6300,241.6000,228.9400,241.9620,13596600,1.001498
2020-10-21,sz300750,240.0600,240.6300,227.6800,232.6920,16167900,1.001558
2020-10-22,sz300750,230.2000,233.8000,227.0000,232.2420,9055200,1.001561
2020-10-23,sz300750,232.5100,238.7600,224.4500,225.3620,11593800,1.001609
2020-10-26,sz300750,225.9700,233.6300,219.3300,233.5120,10802800,1.001553
2020-10-27,sz300750,235.0000,238.7000,232.0000,237.5720,9101500,1.001526
2020-10-28,sz300750,227.6500,245.4700,226.6600,240.6220,22415800,1.001507
2020-10-29,sz300750,237.0200,244.0200,232.3200,240.3620,17435200,1.001508
2020-10-30,sz300750,241.0200,256.6000,238.3000,247.5320,22958700,1.001465
2020-11-02,sz300750,247.0000,265.5000,244.5100,260.5020,18946100,1.001392
2020-11-03,sz300750,260.0000,260.0000,247.1800,256.3820,18456700,1.001414
2020-11-04,sz300750,255.0000,260.0000,250.0000,255.9120,11061700,1.001417
2020-11-05,sz300750,261.0000,268.5000,260.9600,268.8620,15795900,1.001348
2020-11-06,sz300750,271.3800,275.2300,260.0000,263.8620,15658400,1.001374
2020-11-09,sz300750,268.0000,272.9000,261.1000,266.7920,13228600,1.001359
2020-11-10,sz300750,265.3200,271.8800,255.5500,266.2820,14417500,1.001361
2020-11-11,sz300750,264.1100,267.4800,250.8400,251.2020,15758400,1.001443
2020-11-12,sz300750,260.0000,260.0000,252.5800,254.6120,9716900,1.001424
2020-11-13,sz300750,258.1200,260.7700,253.0000,253.5720,11377700,1.001430
2020-11-16,sz300750,253.8900,257.7000,247.4300,255.2620,12312100,1.001420
2020-11-17,sz300750,257.3000,260.0000,246.5000,251.0420,13674900,1.001444
2020-11-18,sz300750,250.1200,252.0600,236.8200,240.8620,19283300,1.001505
2020-11-19,sz300750,241.0100,243.5500,237.1100,242.4620,9758000,1.001495
2020-11-20,sz300750,244.4900,253.6000,244.4800,252.4420,12303500,1.001436
2020-11-23,sz300750,252.0800,259.7000,250.1000,253.3620,12091300,1.001431
2020-11-24,sz300750,258.0000,259.1000,250.0100,255.0620,9792000,1.001421
2020-11-25,sz300750,256.6000,256.8800,244.4000,246.5820,11709900,1.001470
2020-11-26,sz300750,246.6000,246.6000,239.2000,245.7020,8629500,1.001476
2020-11-27,sz300750,245.4200,248.7700,238.0000,242.3620,8433200,1.001496
2020-11-30,sz300750,244.0000,244.0000,234.0200,243.1620,12666200,1.001491
2020-12-01,sz300750,238.8000,246.6500,238.0000,246.5320,9492000,1.001471
2020-12-02,sz300750,246.0000,246.0000,236.6000,244.0520,11965300,1.001485
2020-12-03,sz300750,243.6900,246.9700,238.3700,246.3520,10688600,1.001472
2020-12-04,sz300750,245.0600,251.3000,244.3500,250.0820,9233800,1.001450
2020-12-07,sz300750,250.9000,264.8300,250.9000,261.8220,17113000,1.001385
2020-12-08,sz300750,265.5000,269.8900,264.5000,266.3920,11636200,1.001361
2020-12-09,sz300750,268.7300,272.6000,262.0800,266.3620,15363600,1.001361
2020-12-10,sz300750,263.1500,267.5000,259.0000,265.1820,9985700,1.001367
2020-12-11,sz300750,263.3100,267.5200,261.7000,266.9220,12893700,1.001358
2020-12-14,sz300750,266.5700,268.7300,262.1000,266.3620,10724100,1.001361
2020-12-15,sz300750,268.0000,279.3700,264.4500,278.8620,17781300,1.001300
2020-12-16,sz300750,280.2000,286.3000,277.0000,286.4220,14288800,1.001265
2020-12-17,sz300750,284.2000,287.8000,282.0100,285.1720,8812300,1.001271
2020-12-18,sz300750,285.5000,292.9500,283.2200,290.3520,9512600,1.001248
2020-12-21,sz300750,296.7500,325.0000,293.3000,325.3620,19810400,1.001114
2020-12-22,sz300750,319.9900,330.3300,311.7000,314.0020,16874400,1.001154
2020-12-23,sz300750,313.6700,329.3000,307.1800,318.3620,17390300,1.001138
2020-12-24,sz300750,317.0000,318.6600,308.5000,311.3620,9478600,1.001164
2020-12-25,sz300750,309.0000,315.2000,306.0100,313.1520,9539900,1.001157
2020-12-28,sz300750,315.2000,320.0000,311.0000,317.1420,11973100,1.001143
2020-12-29,sz300750,316.7900,318.8000,303.3800,308.3620,12174800,1.001175
2020-12-30,sz300750,320.0000,347.9400,320.0000,340.3620,22881700,1.001065
2020-12-31,sz300750,344.9800,353.9000,341.7100,351.4720,15200500,1.001031
2021-01-04,sz300750,358.1000,411.1100,358.1000,404.4620,22480800,1.000896
2021-01-05,sz300750,395.0000,403.8000,386.0100,402.3620,22745200,1.000900
2021-01-06,sz300750,408.0000,416.0000,391.0100,407.1320,18668100,1.000890
2021-01-07,sz300750,400.9900,415.0000,396.8800,413.5920,17389500,1.000876
2021-01-08,sz300750,419.0000,424.9900,397.4000,404.8620,21006700,1.000895
2021-01-11,sz300750,409.8800,409.8800,386.0000,390.3620,23005000,1.000928
2021-01-12,sz300750,385.5000,404.4000,380.0000,401.5320,16559700,1.000902
2021-01-13,sz300750,400.0000,410.5000,372.9800,385.3620,27262000,1.000940
2021-01-14,sz300750,375.2000,384.0000,368.0200,369.3720,19606600,1.000981
2021-01-15,sz300750,367.9900,383.9800,365.0000,380.9120,19822900,1.000951
2021-01-18,sz300750,376.7400,391.8000,375.7700,384.2620,14201200,1.000943
2021-01-19,sz300750,384.0000,386.0000,364.5500,366.4720,16286700,1.000989
2021-01-20,sz300750,373.8000,393.3800,370.9100,391.7620,21341600,1.000925
2021-01-21,sz300750,387.0000,399.0000,380.0000,391.6620,17479200,1.000925
2021-01-22,sz300750,391.5000,410.2800,391.5000,408.3620,19044200,1.000887
2021-01-25,sz300750,406.3000,418.3400,392.3400,397.3120,21741400,1.000912
2021-01-26,sz300750,396.8100,396.8100,383.7600,385.8620,15104400,1.000939
2021-01-27,sz300750,392.0000,393.2000,372.0000,390.8820,14838500,1.000927
2021-01-28,sz300750,380.0000,383.0100,368.0000,370.2620,18182000,1.000979
2021-01-29,sz300750,376.0100,377.0000,342.5600,354.4720,27601300,1.001022
2021-02-01,sz300750,353.0000,356.9000,346.2000,350.6920,17525100,1.001033
2021-02-02,sz300750,352.0100,369.9900,337.3700,368.1620,25086500,1.000984
2021-02-03,sz300750,379.0000,387.5600,375.0500,381.3420,21107300,1.000950
2021-02-04,sz300750,384.9100,393.8000,379.5000,388.8620,21630200,1.000932
2021-02-05,sz300750,395.0000,396.9900,372.8500,373.8120,18411700,1.000969
2021-02-08,sz300750,375.0000,404.8000,373.0100,404.3620,24402700,1.000896
2021-02-09,sz300750,411.2000,415.0000,400.8000,410.5620,16203700,1.000882
2021-02-10,sz300750,413.9900,416.6000,406.0000,413.0220,16283000,1.000877
2021-02-18,sz300750,422.0000,422.0000,386.8800,397.3620,23824900,1.000912
2021-02-19,sz300750,390.0000,396.0000,374.2000,387.8620,18690400,1.000934
2021-02-22,sz300750,387.5000,395.8000,374.9000,375.3620,16720400,1.000965
2021-02-23,sz300750,370.0000,376.5400,360.8800,376.9020,13604700,1.000961
2021-02-24,sz300750,375.0000,378.0000,339.4000,347.3620,30272100,1.001043
2021-02-25,sz300750,353.8500,353.8500,335.0000,337.4620,24575700,1.001074
2021-02-26,sz300750,323.0000,333.0000,317.7900,322.5920,22950600,1.001123
2021-03-01,sz300750,331.5100,345.6200,328.2800,344.9620,20539400,1.001050
2021-03-02,sz300750,353.0000,353.2000,341.0600,349.9620,15281100,1.001035
2021-03-03,sz300750,346.0500,349.6300,340.3600,349.9920,10464400,1.001035
2021-03-04,sz300750,345.0000,345.0000,322.9100,325.9320,18103400,1.001112
2021-03-05,sz300750,313.0100,326.8800,308.3300,320.3620,17307300,1.001131
2021-03-08,sz300750,323.0000,334.7200,300.8800,305.3620,21295500,1.001187
2021-03-09,sz300750,300.0000,310.5000,289.0000,300.3620,27357700,1.001207
2021-03-10,sz300750,316.0000,322.2800,313.0000,314.8620,23763800,1.001151
2021-03-11,sz300750,316.0000,333.4800,311.3000,331.6420,20964300,1.001093
2021-03-12,sz300750,336.9100,345.0000,331.3000,341.8220,18952000,1.001060
2021-03-15,sz300750,340.0000,340.0000,307.0000,312.6620,23040400,1.001159
2021-03-16,sz300750,317.0000,324.9900,313.5000,323.3620,13712400,1.001121
2021-03-17,sz300750,317.8800,336.2000,313.1000,333.3620,14672600,1.001087
2021-03-18,sz300750,334.0000,343.1100,333.5100,336.1620,11367000,1.001078
2021-03-19,sz300750,325.0000,332.9900,311.0000,316.8620,18971600,1.001144
2021-03-22,sz300750,319.0000,321.0000,298.8900,308.1620,23171900,1.001176
2021-03-23,sz300750,305.0000,310.6400,300.1200,304.2720,15116900,1.001191
2021-03-24,sz300750,305.0000,305.1000,285.0000,289.1520,25208200,1.001254
2021-03-25,sz300750,280.5100,293.3500,280.0500,291.9120,18439900,1.001242
2021-03-26,sz300750,295.0000,314.0500,293.0000,313.9820,23710300,1.001154
2021-03-29,sz300750,313.5000,319.7700,305.0100,311.9620,15563200,1.001162
2021-03-30,sz300750,311.6100,320.9800,308.0000,319.3420,12640400,1.001135
2021-03-31,sz300750,318.8900,326.1600,313.0000,322.5320,16054600,1.001124
2021-04-01,sz300750,323.8000,335.4900,323.3000,330.3520,11333800,1.001097
2021-04-02,sz300750,332.9500,336.1800,326.8800,332.7620,9262900,1.001089
2021-04-06,sz300750,335.0000,338.0000,319.0900,326.1620,10463800,1.001111
2021-04-07,sz300750,332.9100,332.9100,312.1500,320.3620,13393100,1.001131
2021-04-08,sz300750,314.0000,321.6600,311.0000,320.2120,7871000,1.001132
2021-04-09,sz300750,324.0100,324.0100,310.0000,312.3620,9323700,1.001160
2021-04-12,sz300750,318.2600,325.0400,313.1000,315.3720,14059500,1.001149
2021-04-13,sz300750,313.3000,333.0000,313.1000,325.1220,14021100,1.001115
2021-04-14,sz300750,331.2600,347.4900,328.6800,346.3620,18504300,1.001046
2021-04-15,sz300750,339.9600,341.5000,333.1700,337.3620,12474100,1.001074
2021-04-16,sz300750,340.0000,340.4000,324.6000,334.2020,11536300,1.001084
2021-04-19,sz300750,335.0000,364.5000,331.3500,364.3620,20547700,1.000995
2021-04-20,sz300750,357.9800,368.7900,353.5000,359.3620,14283400,1.001008
2021-04-21,sz300750,351.1600,357.9000,347.8000,356.0520,12399600,1.001018
2021-04-22,sz300750,366.0000,366.6000,353.6300,362.7220,10791300,1.000999
2021-04-23,sz300750,362.3600,373.0000,360.0100,371.8620,11536500,1.000974
2021-04-26,sz300750,373.6000,380.0000,347.2000,349.3620,25623700,1.001037
2021-04-27,sz300750,350.0000,350.8000,340.2600,348.9620,15181000,1.001038
2021-04-28,sz300750,353.0100,375.0000,352.0000,367.3920,23632600,1.000986
2021-04-29,sz300750,370.8100,381.9000,367.8700,380.3520,18086300,1.000953
2021-04-30,sz300750,373.0000,392.0000,367.9200,388.5320,25865100,1.000933
2021-05-06,sz300750,390.0000,390.0000,368.5000,384.3620,18968000,1.000943
2021-05-07,sz300750,384.0000,387.5500,366.1300,367.6420,15138500,1.000986
2021-05-10,sz300750,364.8000,373.9900,360.0000,368.5720,12455300,1.000983
2021-05-11,sz300750,362.0000,369.9000,353.0000,366.9620,11412100,1.000987
2021-05-12,sz300750,367.0000,369.0700,355.5900,361.8620,13360200,1.001001
2021-05-13,sz300750,354.3000,358.7800,349.7000,351.4620,11347600,1.001031
2021-05-14,sz300750,353.5200,360.5000,343.1700,359.3620,17657700,1.001008
2021-05-17,sz300750,360.0000,375.8800,359.9900,373.5420,19330900,1.000970
2021-05-18,sz300750,372.0000,379.2000,366.4600,369.4620,8962000,1.000981
2021-05-19,sz300750,366.5000,380.0000,363.0000,375.4120,11746400,1.000965
2021-05-20,sz300750,377.8000,383.8900,370.1000,378.1020,12844000,1.000958
2021-05-21,sz300750,382.7700,387.2800,368.9700,375.9320,14056600,1.000964
2021-05-24,sz300750,380.0000,388.5500,376.1800,388.3220,16961100,1.000933
2021-05-25,sz300750,389.4400,396.0000,385.7000,395.8920,14957700,1.000915
2021-05-26,sz300750,395.0000,399.9800,384.6600,385.7820,12698900,1.000939
2021-05-27,sz300750,387.5100,390.0000,381.8500,384.3620,7959800,1.000943
2021-05-28,sz300750,390.0000,421.5000,390.0000,409.9620,27715100,1.000884
2021-05-31,sz300750,416.0000,435.5700,414.0000,434.4620,20006300,1.000834
2021-06-01,sz300750,420.0000,431.0000,416.5200,425.7020,15875400,1.000851
2021-06-02,sz300750,429.1000,433.6900,419.2700,424.8620,11571200,1.000853
2021-06-03,sz300750,426.0000,428.2800,410.0000,415.1420,12376000,1.000873
2021-06-04,sz300750,419.0000,439.5000,415.1600,432.5720,18010200,1.000838
2021-06-07,sz300750,423.8500,423.9900,400.0000,407.8620,21529400,1.000888
2021-06-08,sz300750,404.0000,424.8500,404.0000,409.9520,16631700,1.000884
2021-06-09,sz300750,409.0000,416.0000,403.0000,409.7320,9358200,1.000884
2021-06-10,sz300750,410.0900,444.6600,410.0900,434.9920,19350200,1.000833
2021-06-11,sz300750,443.0000,457.8400,430.0600,452.3420,19796100,1.000801
2021-06-15,sz300750,453.0000,455.9000,435.5000,445.3620,10252200,1.000813
2021-06-16,sz300750,440.9100,443.8000,417.0100,420.5420,13969400,1.000862
2021-06-17,sz300750,424.2500,437.7400,424.2500,434.8720,10272400,1.000833
2021-06-18,sz300750,437.1900,455.2000,437.1900,450.3620,15600000,1.000804
2021-06-21,sz300750,451.8000,455.9000,440.2200,453.1620,12082300,1.000799
2021-06-22,sz300750,450.1800,453.9900,440.2200,450.5920,8847000,1.000804
2021-06-23,sz300750,454.0800,472.0100,451.5000,468.8120,12445700,1.000773
2021-06-24,sz300750,473.1300,474.8800,462.0100,467.6620,9213200,1.000775
2021-06-25,sz300750,473.0000,477.0000,459.0000,476.5920,9955500,1.000760
2021-06-28,sz300750,476.2200,502.9800,468.3100,494.2620,14643900,1.000733
2021-06-29,sz300750,513.6500,519.6000,504.2200,508.8720,15340200,1.000712
2021-06-30,sz300750,509.0100,542.0000,498.0000,535.1620,14455700,1.000677
2021-07-01,sz300750,536.8000,540.0000,518.0100,529.8620,11324700,1.000684
2021-07-02,sz300750,524.1300,535.1600,509.6600,519.9520,13871700,1.000697
2021-07-05,sz300750,515.0000,528.6800,508.0700,519.8720,14351500,1.001159
2021-07-06,sz300750,520.0000,540.9700,501.9100,515.8320,18055500,1.001168
2021-07-07,sz300750,520.0000,542.5000,507.1300,543.1020,18145700,1.001110
2021-07-08,sz300750,550.9900,571.5000,542.6400,559.7620,15879000,1.001077
2021-07-09,sz300750,558.9900,558.9900,534.5500,546.4820,15660700,1.001103
2021-07-12,sz300750,556.1100,577.0000,556.1100,566.3920,15476300,1.001064
2021-07-13,sz300750,560.0000,579.6000,552.0000,563.6120,13637100,1.001069
2021-07-14,sz300750,555.0000,561.8800,541.0000,551.9720,12587900,1.001092
2021-07-15,sz300750,545.0000,568.8800,541.0500,568.6020,13733300,1.001060
2021-07-16,sz300750,567.0000,567.0000,528.1300,531.6020,17849500,1.001134
2021-07-19,sz300750,540.0000,541.6800,516.0000,524.1020,18012900,1.001150
2021-07-20,sz300750,515.0000,539.2700,515.0000,528.6420,13000500,1.001140
2021-07-21,sz300750,530.0200,556.0800,526.0100,556.3820,18204900,1.001083
2021-07-22,sz300750,556.6000,563.6900,545.6900,557.6820,10883600,1.001081
2021-07-23,sz300750,555.0000,563.9900,546.0000,547.6120,9332900,1.001101
2021-07-26,sz300750,544.0000,552.9300,522.5000,540.3820,12729000,1.001115
2021-07-27,sz300750,543.0200,559.1900,495.0000,495.6020,17846000,1.001216
2021-07-28,sz300750,496.0000,533.3000,496.0000,525.6520,21724700,1.001147
2021-07-29,sz300750,546.0000,557.7400,529.0000,557.4020,18620200,1.001081
2021-07-30,sz300750,565.0000,582.2000,540.0000,551.0020,20181000,1.001094
2021-08-02,sz300750,557.0000,574.9900,532.8800,552.6020,18297300,1.001091
2021-08-03,sz300750,555.0000,556.0000,523.0000,531.6020,12238300,1.001134
2021-08-04,sz300750,534.0000,570.9900,525.0000,569.6020,17400400,1.001058
2021-08-05,sz300750,566.0000,566.0000,546.5300,557.6020,12979200,1.001081
2021-08-06,sz300750,564.7900,567.0000,539.0000,544.4820,14371200,1.001107
2021-08-09,sz300750,532.0000,532.5000,502.9900,516.6020,18583100,1.001167
2021-08-10,sz300750,511.0100,519.1900,499.0000,511.1020,18016900,1.001179
2021-08-11,sz300750,510.0000,523.0000,504.8800,517.8520,11236400,1.001164
2021-08-12,sz300750,512.0100,512.9900,494.0000,502.6020,17116200,1.001199
2021-08-13,sz300750,480.0000,529.9000,480.0000,502.6520,27725800,1.001199
2021-08-16,sz300750,494.0000,503.8900,469.8800,477.6020,22044000,1.001262
2021-08-17,sz300750,485.0000,494.8000,477.2400,480.6020,15610600,1.001254
2021-08-18,sz300750,486.5400,502.9000,477.4100,495.6020,15957500,1.001216
2021-08-19,sz300750,502.0000,509.7300,484.0000,503.6020,14453500,1.001197
2021-08-20,sz300750,499.0000,499.2000,482.5000,494.7120,12527600,1.001218
2021-08-23,sz300750,505.0000,523.2200,502.0100,522.5020,16224400,1.001153
2021-08-24,sz300750,516.4000,540.1000,515.1200,523.6020,13313700,1.001151
2021-08-25,sz300750,524.0000,532.2000,511.2000,530.8420,9530300,1.001135
2021-08-26,sz300750,539.9800,558.9400,520.8900,521.6020,16798300,1.001155
2021-08-27,sz300750,520.0000,524.0000,502.0000,508.1020,11958200,1.001186
2021-08-30,sz300750,507.4500,525.8000,498.8600,505.8420,15714300,1.001192
2021-08-31,sz300750,511.9400,511.9400,485.8500,495.4720,14762100,1.001216
2021-09-01,sz300750,492.0000,494.0000,471.5000,489.3120,14462700,1.001232
2021-09-02,sz300750,492.0000,496.1100,485.7800,494.1020,11464900,1.001220
2021-09-03,sz300750,498.0000,503.8800,480.8800,487.1020,11282000,1.001237
2021-09-06,sz300750,493.0000,518.0000,483.0000,516.7020,14792000,1.001166
2021-09-07,sz300750,515.0000,526.6600,510.0000,514.6120,9422200,1.001171
2021-09-08,sz300750,519.0000,523.5800,500.0000,503.6020,9739400,1.001197
2021-09-09,sz300750,509.5000,518.9800,490.8000,507.8020,11016200,1.001187
2021-09-10,sz300750,493.4400,503.7800,490.6800,502.7020,11296900,1.001199
2021-09-13,sz300750,502.1000,512.1000,496.0000,503.4020,8969000,1.001197
2021-09-14,sz300750,507.1200,541.0000,502.9200,530.5020,23383700,1.001136
2021-09-15,sz300750,530.0000,531.9900,511.8100,525.9520,10501500,1.001146
2021-09-16,sz300750,523.0000,523.0000,498.0000,498.6020,11260400,1.001209
2021-09-17,sz300750,497.0000,509.0000,492.1300,503.6020,8193800,1.001197
2021-09-22,sz300750,494.6000,501.0000,488.1000,493.9120,6423900,1.001220
2021-09-23,sz300750,504.8600,504.8600,491.8000,493.5920,7971400,1.001221
2021-09-24,sz300750,494.8700,512.5100,490.5000,500.5820,10262500,1.001204
2021-09-27,sz300750,505.0000,519.8000,499.7900,514.1020,14496300,1.001172
2021-09-28,sz300750,512.0000,517.9500,498.2000,501.0320,9222500,1.001203
2021-09-29,sz300750,496.0000,511.8000,494.0000,503.1120,9395500,1.001198
2021-09-30,sz300750,505.0000,532.5000,502.0100,526.3320,16714200,1.001145
2021-10-08,sz300750,534.0000,550.0700,522.9000,534.6020,12516900,1.001127
2021-10-11,sz300750,535.0000,537.6000,518.0600,521.6020,7830900,1.001155
2021-10-12,sz300750,521.5800,522.6200,498.8800,505.6020,9590700,1.001192
2021-10-13,sz300750,505.0000,522.5000,504.0000,522.8620,7652200,1.001153
2021-10-14,sz300750,525.0000,534.8800,525.0000,532.9020,7841600,1.001131
2021-10-15,sz300750,532.0000,578.8700,528.1000,569.6020,22951300,1.001058
2021-10-18,sz300750,581.0000,595.2400,570.0000,595.6220,18670200,1.001012
2021-10-19,sz300750,604.0000,614.9800,585.0000,591.2020,15089000,1.001019
2021-10-20,sz300750,595.0000,613.3800,587.0000,590.1020,12466600,1.001021
2021-10-21,sz300750,590.0000,599.0000,580.0000,596.6020,10142300,1.001010
2021-10-22,sz300750,605.9800,605.9800,590.3300,602.0020,11021600,1.001001
2021-10-25,sz300750,612.0000,625.1600,603.3300,611.3720,14052100,1.000986
2021-10-26,sz300750,635.7600,638.4800,595.9300,598.5920,14827700,1.001007
2021-10-27,sz300750,597.9900,615.0400,593.1700,615.6420,13548600,1.000979
2021-10-28,sz300750,625.0000,635.0000,602.9300,607.8020,17282900,1.000991
2021-10-29,sz300750,615.2900,645.4900,598.9400,639.8220,20268700,1.000942
2021-11-01,sz300750,641.0000,679.0000,631.1300,650.6020,22179700,1.000926
2021-11-02,sz300750,655.0000,665.7600,648.0000,658.6020,13140800,1.000915
2021-11-03,sz300750,651.0000,656.0200,628.0000,640.6020,12760600,1.000941
2021-11-04,sz300750,648.0000,655.0000,636.0500,647.4520,9201000,1.000931
2021-11-05,sz300750,639.0000,649.7800,633.9900,634.6920,8555100,1.000949
2021-11-08,sz300750,637.0000,664.9800,631.0000,661.4020,12269600,1.000911
2021-11-09,sz300750,667.7400,668.0000,653.1300,663.8820,6674600,1.000908
2021-11-10,sz300750,651.1300,656.4700,635.0000,648.6020,12739800,1.000929
2021-11-11,sz300750,651.0000,665.1300,650.1000,656.4520,7701400,1.000918
2021-11-12,sz300750,657.0000,661.8600,633.9200,641.6020,11420200,1.000939
2021-11-15,sz300750,640.9900,640.9900,607.9600,620.6020,14007600,1.000971
2021-11-16,sz300750,620.0000,625.1200,607.0000,615.5720,8433500,1.000979
2021-11-17,sz300750,623.0000,630.4300,617.5600,626.4820,7561600,1.000962
2021-11-18,sz300750,625.8800,636.6600,613.5900,626.6020,7527300,1.000962
2021-11-19,sz300750,631.0000,639.0000,620.0500,639.6020,8456800,1.000942
2021-11-22,sz300750,644.9900,681.0000,642.1100,681.6020,15309000,1.000884
2021-11-23,sz300750,680.3100,680.3100,666.0000,672.6020,9931200,1.000896
2021-11-24,sz300750,670.1700,675.8000,650.3400,659.4020,8550400,1.000914
2021-11-25,sz300750,653.0000,658.5000,645.2900,654.6020,5822000,1.000920
2021-11-26,sz300750,651.0000,668.8000,651.0000,658.6020,5850200,1.000915
2021-11-29,sz300750,654.0000,684.5000,653.0000,680.4020,11465300,1.000886
2021-11-30,sz300750,684.7600,685.6600,673.3300,680.6020,7188100,1.000885
2021-12-01,sz300750,680.0000,684.9900,664.1100,672.6020,6984600,1.000896
2021-12-02,sz300750,671.9800,689.2000,669.0000,688.6020,9179000,1.000875
2021-12-03,sz300750,688.9600,692.0000,671.0000,687.6020,8078200,1.000876
2021-12-06,sz300750,676.1000,680.2000,656.0000,657.8820,11261200,1.000916
2021-12-07,sz300750,662.0000,663.0000,612.2000,629.6020,22139100,1.000957
2021-12-08,sz300750,634.7900,644.7800,626.2500,639.6020,11886600,1.000942
2021-12-09,sz300750,639.0000,640.0000,622.9000,634.4020,13427200,1.000950
2021-12-10,sz300750,622.2200,653.3600,621.1800,640.5520,21384400,1.000941
2021-12-13,sz300750,639.9000,660.6600,630.0800,658.9620,16082800,1.000914
2021-12-14,sz300750,657.3400,657.3400,643.9800,651.6120,8781100,1.000925
2021-12-15,sz300750,649.4300,661.0000,646.9500,649.6020,7048000,1.000928
2021-12-16,sz300750,657.3000,657.3000,647.0800,655.6620,6150200,1.000919
2021-12-17,sz300750,651.0100,653.9900,639.7000,651.7920,13649100,1.000924
2021-12-20,sz300750,649.0000,649.0000,607.6800,610.8120,15511400,1.000987
2021-12-21,sz300750,606.0000,614.6900,594.0800,604.6720,12565800,1.000997
2021-12-22,sz300750,608.8000,617.0000,603.0000,610.8420,8361800,1.000986
2021-12-23,sz300750,618.9800,630.8000,612.0800,622.6720,7971800,1.000968
2021-12-24,sz300750,624.0000,625.2500,563.0000,577.4020,24608100,1.001044
2021-12-27,sz300750,574.2000,587.9900,573.5000,579.2020,10183500,1.001040
2021-12-28,sz300750,578.0000,587.2800,569.9100,585.6020,9659600,1.001029
2021-12-29,sz300750,585.0000,585.9900,569.7800,576.1520,9964000,1.001046
2021-12-30,sz300750,577.0000,596.2900,575.5700,590.6020,12420900,1.001020
2021-12-31,sz300750,598.3000,605.9900,582.0000,588.6020,9371100,1.001024
2022-01-04,sz300750,606.0000,607.0000,561.0000,569.4820,17456800,1.001058
2022-01-05,sz300750,566.4000,566.8800,540.0000,548.1020,16657900,1.001100
2022-01-06,sz300750,538.5100,547.0000,531.7900,542.0720,13882600,1.001112
2022-01-07,sz300750,550.0000,556.0000,528.0000,540.5020,13169500,1.001115
2022-01-10,sz300750,534.9800,549.0000,524.2400,539.0020,14862900,1.001118
2022-01-11,sz300750,541.1100,549.9000,536.4100,537.3020,8472300,1.001122
2022-01-12,sz300750,551.0000,569.9600,550.9000,565.6420,19164200,1.001065
2022-01-13,sz300750,571.0000,582.0000,554.7400,565.6020,13899700,1.001065
2022-01-14,sz300750,557.0600,580.8000,556.0000,578.0020,11612800,1.001043
2022-01-17,sz300750,588.8600,608.5000,578.8000,607.4520,14352800,1.000992
2022-01-18,sz300750,606.8500,607.7700,586.0000,587.4020,10701700,1.001026
2022-01-19,sz300750,589.5000,595.0000,558.5000,570.5920,14487400,1.001056
2022-01-20,sz300750,566.0000,578.0000,563.3500,569.7320,8065400,1.001058
2022-01-21,sz300750,563.0000,579.6000,552.0000,570.0920,9917400,1.001057
2022-01-24,sz300750,564.0000,592.2600,559.0100,581.5920,11562100,1.001036
2022-01-25,sz300750,573.2100,583.3300,565.0000,566.2020,7199200,1.001064
2022-01-26,sz300750,571.8000,590.6000,566.5000,588.1020,11603700,1.001025
2022-01-27,sz300750,585.0000,594.9900,570.0000,575.5920,12948200,1.001047
2022-01-28,sz300750,594.6000,604.0000,570.4400,593.2020,24331700,1.001016
2022-02-07,sz300750,606.0000,609.9800,574.1800,580.0420,14528900,1.001039
2022-02-08,sz300750,579.4400,579.4400,521.8200,541.4620,20650300,1.001113
2022-02-09,sz300750,539.0000,550.9000,527.0000,547.8020,11494700,1.001100
2022-02-10,sz300750,551.8000,552.0000,499.8900,518.7020,29233600,1.001162
2022-02-11,sz300750,506.0000,513.5800,489.0000,490.5920,23979800,1.001229
2022-02-14,sz300750,486.0000,512.8900,485.0600,508.6020,19628600,1.001185
2022-02-15,sz300750,519.0000,530.3300,511.0000,527.6020,15150800,1.001142
2022-02-16,sz300750,528.0000,542.4300,523.9900,531.4020,12706800,1.001134
2022-02-17,sz300750,529.9800,543.5000,525.5800,535.6020,10747200,1.001125
2022-02-18,sz300750,530.0000,535.0000,522.9800,528.1020,11384800,1.001141
2022-02-21,sz300750,526.5000,526.5000,505.4700,510.6020,15630600,1.001180
2022-02-22,sz300750,506.6500,508.0000,492.3700,504.6020,13632900,1.001194
2022-02-23,sz300750,506.0000,519.0500,502.4800,519.6020,15433200,1.001160
2022-02-24,sz300750,508.0000,521.5800,501.0000,508.3020,16160000,1.001186
2022-02-25,sz300750,521.0000,535.0000,520.8900,529.4020,16967200,1.001138
2022-02-28,sz300750,524.0000,536.5000,524.0000,533.9620,9965700,1.001129
2022-03-01,sz300750,539.2000,548.0800,530.0000,536.7820,9749000,1.001123
2022-03-02,sz300750,531.0000,531.7900,508.8800,514.4420,13412900,1.001172
2022-03-03,sz300750,517.2000,518.8000,506.9700,513.5920,8698900,1.001174
2022-03-04,sz300750,505.0000,509.0000,488.0000,492.3920,16283400,1.001224
2022-03-07,sz300750,475.0000,485.0000,454.0100,455.4920,24599300,1.001323
2022-03-08,sz300750,463.9800,466.4600,443.0100,456.0520,22754100,1.001322
2022-03-09,sz300750,456.0000,474.0000,448.0000,474.0720,23457400,1.001271
2022-03-10,sz300750,490.0000,505.5500,485.3100,491.4120,23961700,1.001227
2022-03-11,sz300750,480.8300,495.0000,474.1000,494.1520,17102200,1.001220
2022-03-14,sz300750,483.0000,487.2300,463.0000,463.6020,16291000,1.001300
2022-03-15,sz300750,461.0000,481.2900,450.6000,463.8020,21268700,1.001300
2022-03-16,sz300750,476.2000,503.4700,468.4900,503.7020,28223700,1.001197
2022-03-17,sz300750,517.5000,535.0000,515.1000,525.1020,27630100,1.001148
2022-03-18,sz300750,519.0000,524.4700,504.0000,511.1020,16391800,1.001179
2022-03-21,sz300750,520.0000,534.2000,517.6000,520.6020,13634100,1.001158
2022-03-22,sz300750,520.0000,520.0000,507.0000,513.6020,10228300,1.001173
2022-03-23,sz300750,520.0000,522.9800,509.9000,515.8920,8411000,1.001168
2022-03-24,sz300750,509.9500,517.6800,498.3800,514.6020,8480600,1.001171
2022-03-25,sz300750,511.9200,518.1800,502.0000,502.6720,9283600,1.001199
2022-03-28,sz300750,508.8800,508.8800,478.0800,487.6020,14946500,1.001236
2022-03-29,sz300750,487.0000,500.0000,482.0000,487.5020,11235900,1.001236
2022-03-30,sz300750,492.0000,519.0000,492.0000,519.6020,16217000,1.001160
2022-03-31,sz300750,515.1500,518.0000,503.1500,512.9020,9623900,1.001175
2022-04-01,sz300750,508.0000,524.5000,505.1300,519.5020,9518200,1.001160
2022-04-06,sz300750,516.5200,518.0000,503.0000,508.7720,8542800,1.001185
2022-04-07,sz300750,500.5500,505.0000,487.0500,495.8220,11958100,1.001216
2022-04-08,sz300750,492.7000,504.8700,489.0000,495.6020,9357100,1.001216
2022-04-11,sz300750,475.2700,478.0000,452.1000,459.6020,20738200,1.001312
2022-04-12,sz300750,460.7700,472.7800,460.5000,472.6020,12498200,1.001275
2022-04-13,sz300750,465.8900,481.8000,462.0000,466.6020,9523100,1.001292
2022-04-14,sz300750,475.0000,476.0000,454.0000,460.4020,13752400,1.001309
2022-04-15,sz300750,451.1400,456.9900,432.7700,451.4620,19989100,1.001335
2022-04-18,sz300750,442.0000,451.9800,435.3000,451.6020,11957600,1.001335
2022-04-19,sz300750,450.4600,459.5800,438.4500,440.8620,14382100,1.001367
2022-04-20,sz300750,439.0100,443.0000,405.7800,407.6020,31199600,1.001479
2022-04-21,sz300750,411.8800,417.5000,398.9000,409.7120,21116600,1.001471
2022-04-22,sz300750,408.0000,423.1800,405.0000,415.9420,20136700,1.001449
2022-04-25,sz300750,397.8000,406.1000,390.0000,390.7020,21316500,1.001543
2022-04-26,sz300750,386.1100,392.0000,377.0000,377.6020,18510500,1.001597
2022-04-27,sz300750,367.0000,408.7600,366.7400,407.6520,31612400,1.001479
2022-04-28,sz300750,399.9800,402.5000,382.0000,388.1020,25917700,1.001554
2022-04-29,sz300750,394.0000,409.9800,375.0200,409.9520,33647700,1.001471
2022-05-05,sz300750,365.0000,385.2800,353.0000,376.6020,60277200,1.001601
2022-05-06,sz300750,362.0000,386.7300,361.8200,376.5920,24080100,1.001601
2022-05-09,sz300750,374.0000,376.9600,363.7100,369.1020,16668000,1.001634
2022-05-10,sz300750,359.3000,385.0000,357.1400,379.7720,24437800,1.001588
2022-05-11,sz300750,379.9700,418.7800,379.5000,410.3520,31754000,1.001469
2022-05-12,sz300750,404.4000,409.2000,397.8800,404.1120,13420800,1.001492
2022-05-13,sz300750,407.0000,418.4500,400.5100,415.4020,14854600,1.001451
2022-05-16,sz300750,416.9900,427.8000,407.0100,407.6120,14387800,1.001479
2022-05-17,sz300750,409.9800,424.5800,408.2500,423.1620,13889900,1.001425
2022-05-18,sz300750,424.4400,426.0000,414.4400,419.6020,10712000,1.001437
2022-05-19,sz300750,414.4500,421.9000,408.6600,419.6020,12633000,1.001437
2022-05-20,sz300750,428.0000,432.0000,417.5000,427.5020,15826800,1.001410
2022-05-23,sz300750,426.9000,426.9000,410.0000,417.3020,13791800,1.001445
2022-05-24,sz300750,413.6600,413.6700,401.8300,402.6420,15012700,1.001497
2022-05-25,sz300750,404.5000,406.0600,394.5000,399.5820,13934900,1.001509
2022-05-26,sz300750,398.4900,401.8300,388.8800,390.6120,14059800,1.001544
2022-05-27,sz300750,396.0000,409.1400,392.1300,395.0020,18780200,1.001526
2022-05-30,sz300750,402.2900,407.2000,398.8000,402.4020,12529500,1.001498
2022-05-31,sz300750,399.9000,411.9900,393.5000,408.6020,17799500,1.001475
2022-06-01,sz300750,410.1000,431.0000,406.0000,425.6320,19178500,1.001416
2022-06-02,sz300750,422.7800,443.7800,421.0100,437.4020,17447800,1.001378
2022-06-06,sz300750,437.0000,469.0100,437.0000,466.5920,19037800,1.001292
2022-06-07,sz300750,465.1900,466.9900,450.8000,459.6020,12759500,1.001312
2022-06-08,sz300750,456.0000,460.0000,425.9900,460.6020,40541400,1.001309
2022-06-09,sz300750,445.0100,448.0000,430.5000,431.9520,20255700,1.001396
2022-06-10,sz300750,427.9700,455.8000,427.9700,454.6020,24766300,1.001326
2022-06-13,sz300750,444.0100,454.1800,438.2600,443.6320,18621600,1.001359
2022-06-14,sz300750,438.2200,442.6000,428.7000,442.4220,17481100,1.001363
2022-06-15,sz300750,452.0000,478.0000,446.1100,466.2620,37861900,1.001293
2022-06-16,sz300750,466.0000,474.1100,454.5100,460.9020,24020200,1.001308
2022-06-17,sz300750,452.3000,490.6800,451.2200,486.6620,28293900,1.001239
2022-06-20,sz300750,493.8300,516.1100,493.8300,507.1220,25114300,1.001189
2022-06-21,sz300750,504.0000,512.8800,496.1100,508.4520,14566600,1.001185
2022-06-22,sz300750,514.0000,522.2500,506.9000,507.6020,14663200,1.001187
2022-06-23,sz300750,515.0000,536.9700,511.8800,537.5720,17713900,1.001121
2022-06-24,sz300750,548.0000,563.5000,529.7900,564.1020,19301200,1.001068
2022-06-27,sz300750,563.9900,564.9700,544.9900,549.6020,16624000,1.001097
2022-06-28,sz300750,545.0000,549.3600,525.1000,544.6020,18643300,1.001107
2022-06-29,sz300750,532.9900,542.5000,525.9900,533.1420,14583000,1.001130
2022-06-30,sz300750,532.5200,539.8000,526.6700,534.6020,13076100,1.001127
2022-07-01,sz300750,532.9800,536.0000,517.7000,523.2420,12292800,1.001152
2022-07-04,sz300750,510.0100,525.6700,510.0000,522.6020,12193200,1.001153
2022-07-05,sz300750,524.5000,536.1700,512.6800,524.4720,15459400,1.001149
2022-07-06,sz300750,527.1100,533.4800,514.5800,522.6020,13081400,1.001153
2022-07-07,sz300750,531.8500,554.5500,531.0000,550.6020,24601400,1.001095
2022-07-08,sz300750,555.0000,564.9700,535.2300,541.6020,16577000,1.001113
2022-07-11,sz300750,534.2400,535.5000,516.3000,519.1020,13807000,1.001161
2022-07-12,sz300750,519.0000,525.3000,499.6200,504.2920,15130200,1.001195
2022-07-13,sz300750,508.3000,543.2300,501.7700,539.6020,24564500,1.001117
2022-07-14,sz300750,535.5000,562.0000,530.2500,556.6120,19955600,1.001083
2022-07-15,sz300750,549.5000,563.4500,533.0000,533.6020,15862800,1.001129
2022-07-18,sz300750,542.0000,552.0500,530.3500,552.2620,14371100,1.001091
2022-07-19,sz300750,550.5600,550.5600,524.0000,525.2120,16308700,1.001148
2022-07-20,sz300750,529.9800,535.1400,522.8600,526.6020,7835900,1.001144
2022-07-21,sz300750,523.0000,538.0500,518.2200,521.6020,8807100,1.001155
2022-07-22,sz300750,537.7200,543.9900,526.0400,532.6020,14281700,1.001132
2022-07-25,sz300750,532.0000,533.9500,519.0000,522.3520,8648900,1.001154
2022-07-26,sz300750,521.7800,528.0000,515.2500,522.6020,7969300,1.001153
2022-07-27,sz300750,521.5000,522.1000,511.2000,515.8020,9335500,1.001168
2022-07-28,sz300750,518.5000,526.7000,513.0200,516.2020,9267500,1.001168
2022-07-29,sz300750,523.9500,524.0000,503.1100,509.2020,11912500,1.001184
2022-08-01,sz300750,507.8700,535.8000,504.6000,535.5220,16299200,1.001125
2022-08-02,sz300750,522.2800,532.4400,519.4500,524.4720,12143000,1.001149
2022-08-03,sz300750,524.0000,533.8800,498.8000,504.6020,17025600,1.001194
2022-08-04,sz300750,507.0000,509.0900,495.1000,501.5020,11365100,1.001202
2022-08-05,sz300750,500.0000,513.9000,495.0000,506.2520,12183100,1.001191
2022-08-08,sz300750,496.0000,506.1800,489.0000,502.1020,8964700,1.001200
2022-08-09,sz300750,501.0000,518.6000,497.5000,512.1620,11307900,1.001177
2022-08-10,sz300750,510.1000,512.8000,500.0000,504.5820,8049100,1.001194
2022-08-11,sz300750,504.1400,513.0200,494.0000,510.6020,9800700,1.001180
2022-08-12,sz300750,510.2000,512.0000,497.9200,502.6020,7383800,1.001199
2022-08-15,sz300750,504.8900,523.0000,502.8800,516.7020,13757500,1.001166
2022-08-16,sz300750,519.9000,538.0000,518.1800,524.4020,16097400,1.001149
2022-08-17,sz300750,527.4800,549.9700,523.9800,547.6020,18350700,1.001101
2022-08-18,sz300750,547.0000,560.0000,542.4500,545.4020,14280000,1.001105
2022-08-19,sz300750,549.0000,549.6900,530.0200,532.6020,10769600,1.001132
2022-08-22,sz300750,534.0000,555.6600,527.2000,552.1320,14305400,1.001092
2022-08-23,sz300750,549.9800,564.6600,545.4500,557.4920,13156200,1.001081
2022-08-24,sz300750,573.0300,575.0000,522.0000,524.6020,30068400,1.001149
2022-08-25,sz300750,525.0000,526.5300,505.0900,514.6020,18017500,1.001171
2022-08-26,sz300750,513.0000,518.9800,503.0000,507.3820,12217000,1.001188
2022-08-29,sz300750,502.9900,506.7800,496.3200,502.6020,11261000,1.001199
2022-08-30,sz300750,502.0000,502.0000,485.8000,492.1020,15616100,1.001225
2022-08-31,sz300750,481.6900,489.8000,474.5200,483.6020,17450200,1.001246
2022-09-01,sz300750,480.0000,485.0000,466.6600,468.1420,15476600,1.001288
2022-09-02,sz300750,474.8800,476.0000,461.7800,466.8620,11560900,1.001291
2022-09-05,sz300750,462.0100,472.0000,459.0100,468.9620,9110000,1.001285
2022-09-06,sz300750,468.0000,468.3600,443.8800,455.8020,27524600,1.001322
2022-09-07,sz300750,451.4900,476.4900,450.0000,474.5220,21677700,1.001270
2022-09-08,sz300750,468.3500,471.0000,448.5000,450.1020,21552600,1.001339
2022-09-09,sz300750,452.6000,454.4300,446.5000,452.8220,12246800,1.001331
2022-09-13,sz300750,459.0000,460.2000,446.8500,457.5120,10202900,1.001318
2022-09-14,sz300750,450.0000,453.0000,428.2800,434.9020,25893800,1.001386
2022-09-15,sz300750,434.3000,435.0000,411.2000,414.9520,25383600,1.001453
2022-09-16,sz300750,414.3000,418.3000,409.0000,410.6020,14963200,1.001468
2022-09-19,sz300750,409.6300,421.6000,409.0400,414.2720,13964400,1.001455
2022-09-20,sz300750,418.0000,430.0000,415.0000,421.6120,16569000,1.001430
2022-09-21,sz300750,417.0000,423.4600,413.3700,420.9020,8809900,1.001432
2022-09-22,sz300750,415.3000,420.0000,406.0000,415.5920,9642100,1.001451
2022-09-23,sz300750,415.9600,424.8000,410.0500,417.9420,12018500,1.001442
2022-09-26,sz300750,413.0400,435.0000,413.0400,429.2620,18835200,1.001404
2022-09-27,sz300750,433.8900,435.3300,423.0100,430.1020,11561900,1.001402
2022-09-28,sz300750,427.0000,428.8300,412.7900,418.0450,10697400,1.003011
2022-09-29,sz300750,424.2200,425.5000,415.0800,420.2550,8894800,1.002995
2022-09-30,sz300750,419.2800,420.2000,400.5000,402.1450,11814000,1.003131
2022-10-10,sz300750,402.0000,404.5000,391.2300,394.1150,11465400,1.003195
2022-10-11,sz300750,404.0000,416.3000,402.8900,417.5550,18444100,1.003015
2022-10-12,sz300750,416.0000,438.2800,413.4900,439.0850,18514700,1.002866
2022-10-13,sz300750,434.0000,438.2800,429.0100,433.2550,10443400,1.002905
2022-10-14,sz300750,438.0000,442.3400,428.5800,438.1650,13565300,1.002872
2022-10-17,sz300750,433.0000,433.0000,420.7500,430.6050,10537300,1.002923
2022-10-18,sz300750,433.0300,438.8800,428.4400,430.7950,9101900,1.002922
2022-10-19,sz300750,430.0200,442.0000,429.6800,432.5950,12333000,1.002910
2022-10-20,sz300750,420.2800,423.6700,404.0000,416.2550,17120200,1.003024
2022-10-21,sz300750,408.0000,416.9600,407.2000,414.2550,8259900,1.003039
2022-10-24,sz300750,406.6200,414.0000,399.0100,405.2750,14532700,1.003106
2022-10-25,sz300750,403.0000,408.0700,391.9800,402.9550,14039100,1.003124
2022-10-26,sz300750,405.0000,408.5600,398.0800,402.3150,14072400,1.003129
2022-10-27,sz300750,398.0000,402.0700,390.0000,391.5550,15281700,1.003215
2022-10-28,sz300750,385.3000,387.5000,365.0000,366.7550,24071200,1.003434
2022-10-31,sz300750,360.0000,380.2200,356.5800,374.1350,16554600,1.003366
2022-11-01,sz300750,376.5000,388.8800,368.1200,387.4550,19916500,1.003250
2022-11-02,sz300750,385.0000,396.3900,380.0100,392.7550,14267000,1.003206
2022-11-03,sz300750,390.0000,394.0000,381.0300,385.3750,14717500,1.003267
2022-11-04,sz300750,385.8000,408.3100,384.0000,405.6550,20971100,1.003103
2022-11-07,sz300750,408.0000,414.5400,405.0000,411.7550,14778100,1.003057
2022-11-08,sz300750,410.5000,422.8000,403.5000,411.0550,12080900,1.003062
2022-11-09,sz300750,406.0000,407.5800,395.0000,398.3150,10941100,1.003161
2022-11-10,sz300750,393.0000,394.0000,384.0000,386.5550,12924200,1.003257
2022-11-11,sz300750,401.0000,405.6900,394.2200,403.7350,19482000,1.003118
2022-11-14,sz300750,404.1000,408.0000,385.5500,388.4350,18481700,1.003241
2022-11-15,sz300750,388.1600,397.4800,378.0000,397.4350,17274000,1.003168
2022-11-16,sz300750,393.0100,394.1800,383.2800,385.3250,13603700,1.003268
2022-11-17,sz300750,381.6200,381.9900,370.0100,376.3750,14217200,1.003346
2022-11-18,sz300750,378.0000,387.0000,371.0000,382.0450,16407300,1.003296
2022-11-21,sz300750,375.1200,385.8500,374.3000,383.6550,8038700,1.003282
2022-11-22,sz300750,380.0000,382.8700,373.0000,376.2550,9836200,1.003347
2022-11-23,sz300750,375.0000,382.8900,373.5000,380.7750,8829400,1.003307
2022-11-24,sz300750,383.1200,383.2200,375.0100,377.8750,8546500,1.003332
2022-11-25,sz300750,373.0600,375.0000,371.0000,373.4550,6138900,1.003372
2022-11-28,sz300750,365.0000,372.3100,360.0200,371.5650,11114100,1.003389
2022-11-29,sz300750,372.0100,381.4000,367.5000,379.1550,11717200,1.003321
2022-11-30,sz300750,379.0000,385.0000,372.1700,386.2550,14042000,1.003260
2022-12-01,sz300750,397.1500,402.1500,394.9200,396.5050,20937500,1.003175
2022-12-02,sz300750,397.0000,399.2900,391.8000,393.1350,8292600,1.003203
2022-12-05,sz300750,391.8800,396.8700,388.0000,393.5650,12098500,1.003199
2022-12-06,sz300750,389.1200,404.0400,389.0000,401.2750,13661200,1.003137
2022-12-07,sz300750,400.0000,421.6800,399.0000,419.5650,24410800,1.003000
2022-12-08,sz300750,418.3200,425.0000,414.0100,421.7250,10433700,1.002985
2022-12-09,sz300750,421.5800,425.7000,420.5000,425.8550,9353900,1.002956
2022-12-12,sz300750,421.1000,423.5300,414.1400,415.6050,8790000,1.003029
2022-12-13,sz300750,415.0000,415.9000,402.0500,406.6650,11270700,1.003096
2022-12-14,sz300750,410.0000,411.9500,399.2800,403.5550,9197300,1.003120
2022-12-15,sz300750,402.1100,424.1700,401.0000,425.0550,17298800,1.002961
2022-12-16,sz300750,418.5100,422.8000,413.8800,419.2650,8942200,1.003002
2022-12-19,sz300750,419.0000,430.1000,418.0600,421.6550,10105900,1.002985
2022-12-20,sz300750,420.0000,420.6000,409.0000,410.7750,8120800,1.003065
2022-12-21,sz300750,410.0000,412.4700,404.5100,408.0750,5403100,1.003085
2022-12-22,sz300750,410.9900,410.9900,400.0000,403.2550,7390500,1.003122
2022-12-23,sz300750,396.9000,402.8300,394.1000,399.7350,7385800,1.003149
2022-12-26,sz300750,398.4800,407.2500,391.1000,405.1750,11512300,1.003107
2022-12-27,sz300750,402.2300,405.9900,396.6600,404.8250,8139700,1.003110
2022-12-28,sz300750,398.0600,398.3000,380.2800,395.2550,18529300,1.003185
2022-12-29,sz300750,391.0000,397.8000,390.4000,395.2150,9897500,1.003186
2022-12-30,sz300750,398.5000,402.0000,393.0000,394.6750,7405200,1.003190
2023-01-03,sz300750,392.0000,392.5700,381.7200,390.8950,10482000,1.003221
2023-01-04,sz300750,386.5000,387.0000,382.0500,385.2650,19602300,1.003268
2023-01-05,sz300750,388.0000,410.1700,385.0100,408.7650,26043300,1.003080
2023-01-06,sz300750,406.0000,424.9800,404.0600,417.9150,18392500,1.003012
2023-01-09,sz300750,422.8800,422.8800,414.0000,417.8550,12840300,1.003012
2023-01-10,sz300750,417.6600,435.0000,413.3000,433.2550,18260700,1.002905
2023-01-11,sz300750,430.5000,436.0000,424.0000,429.1150,12241800,1.002933
2023-01-12,sz300750,432.0000,438.7800,429.6800,434.7550,11136800,1.002895
2023-01-13,sz300750,444.0000,452.5200,430.0000,440.7550,20757500,1.002856
2023-01-16,sz300750,438.5000,449.5000,435.1100,447.8850,16809100,1.002810
2023-01-17,sz300750,446.9300,451.8700,443.6100,446.8650,9895800,1.002816
2023-01-18,sz300750,448.5100,450.8800,443.1100,449.7550,7344300,1.002798
2023-01-19,sz300750,445.3300,451.5000,442.1900,448.0250,7310000,1.002809
2023-01-20,sz300750,446.7700,452.2000,444.2600,453.2550,10765700,1.002777
2023-01-30,sz300750,479.3700,490.5600,467.4700,471.9050,21174300,1.002667
2023-01-31,sz300750,469.8800,477.5000,462.4400,466.4550,13954000,1.002698
2023-02-01,sz300750,470.9900,479.3600,470.4800,478.0550,11502200,1.002632
2023-02-02,sz300750,478.8700,479.7000,464.8800,467.3550,13455700,1.002693
2023-02-03,sz300750,464.0000,466.2000,451.3800,457.4550,12020000,1.002751
2023-02-06,sz300750,452.0000,453.5200,441.0900,451.8550,10752900,1.002785
2023-02-07,sz300750,450.4900,453.8000,444.6600,449.3550,7211200,1.002801
2023-02-08,sz300750,449.6000,453.4500,445.0000,448.4650,7329900,1.002806
2023-02-09,sz300750,447.2100,455.9900,441.5000,454.2450,8031400,1.002770
2023-02-10,sz300750,453.0000,455.6800,445.0100,447.2050,8397800,1.002814
2023-02-13,sz300750,450.9800,461.5700,447.0100,461.2550,13418500,1.002728
2023-02-14,sz300750,469.0000,469.3000,445.7900,452.3050,12812200,1.002782
2023-02-15,sz300750,453.1000,457.0000,448.0000,449.8550,7773400,1.002798
2023-02-16,sz300750,451.9900,454.5000,438.0000,444.4550,10091100,1.002832
2023-02-17,sz300750,442.0000,442.0000,420.0000,421.4450,21469600,1.002987
2023-02-20,sz300750,416.0000,421.8800,406.3300,421.7250,16829900,1.002985
2023-02-21,sz300750,417.4800,422.4900,412.0000,416.2650,13184600,1.003024
2023-02-22,sz300750,409.0000,414.1000,406.6700,410.7250,12363900,1.003065
2023-02-23,sz300750,410.0000,415.1300,407.4000,414.4850,9537300,1.003037
2023-02-24,sz300750,411.0000,411.8000,404.0200,406.6550,9989400,1.003096
2023-02-27,sz300750,402.7300,405.4800,400.1000,402.3550,9220600,1.003129
2023-02-28,sz300750,403.9900,408.3000,401.5000,405.1550,9323100,1.003107
2023-03-01,sz300750,403.1000,414.1800,403.0300,413.0350,12602000,1.003048
2023-03-02,sz300750,409.5000,411.0000,396.2000,402.0550,16145300,1.003131
2023-03-03,sz300750,402.3000,405.7100,400.0000,403.5750,8203100,1.003119
2023-03-06,sz300750,402.1700,408.8700,392.0100,409.6750,16626700,1.003073
2023-03-07,sz300750,404.0000,408.9900,401.8300,403.4550,9918400,1.003120
2023-03-08,sz300750,400.0100,402.9300,395.1100,398.9850,8129400,1.003155
2023-03-09,sz300750,396.2000,401.2800,388.2400,398.2650,8136700,1.003161
2023-03-10,sz300750,401.6900,409.9300,395.9000,407.0450,19142600,1.003093
2023-03-13,sz300750,403.0300,406.6600,390.0000,393.2550,18833200,1.003202
2023-03-14,sz300750,390.8800,391.0000,378.0000,388.4850,18484700,1.003241
2023-03-15,sz300750,393.0000,395.7400,383.6200,389.2550,12968300,1.003235
2023-03-16,sz300750,384.0000,389.9100,383.5000,386.3650,10113200,1.003259
2023-03-17,sz300750,389.0000,389.9900,375.5000,377.2350,20144700,1.003338
2023-03-20,sz300750,374.5400,384.6000,368.0000,381.2050,15837000,1.003303
2023-03-21,sz300750,382.2000,394.1800,378.7000,395.0350,17292400,1.003187
2023-03-22,sz300750,398.7400,408.6600,397.0200,400.4550,17687200,1.003144
2023-03-23,sz300750,398.0000,401.9200,394.4300,399.6350,10028900,1.003150
2023-03-24,sz300750,398.4000,402.2600,390.0000,394.8350,11765300,1.003189
2023-03-27,sz300750,391.1100,398.6000,384.4200,397.7550,16115700,1.003165
2023-03-28,sz300750,394.0000,396.1800,390.2000,393.8550,7590600,1.003197
2023-03-29,sz300750,395.2100,404.2800,393.0300,401.4350,13754600,1.003136
2023-03-30,sz300750,400.9900,402.0000,397.3500,401.3650,8681900,1.003137
2023-03-31,sz300750,404.5000,414.9800,404.5000,407.3050,19607600,1.003091
2023-04-03,sz300750,406.1100,406.8000,396.0000,399.9650,16763200,1.003148
2023-04-04,sz300750,399.9900,399.9900,381.8100,389.2550,20089700,1.003235
2023-04-06,sz300750,384.0000,389.5500,380.1500,389.2750,10581600,1.003234
2023-04-07,sz300750,386.1500,394.0000,384.3600,391.7650,10058100,1.003214
2023-04-10,sz300750,393.8900,402.1100,388.0000,403.2650,17237900,1.003122
2023-04-11,sz300750,400.0100,409.8700,398.0000,401.2050,14366300,1.003138
2023-04-12,sz300750,400.0000,400.0000,392.0000,393.2650,8736700,1.003201
2023-04-13,sz300750,390.0000,391.3600,385.0000,389.5150,10046400,1.003232
2023-04-14,sz300750,387.9000,402.3700,387.5000,398.5450,15923700,1.003159
2023-04-17,sz300750,396.3300,410.0000,395.8000,409.1350,17663200,1.003077
2023-04-18,sz300750,407.8900,418.0000,407.2900,410.2550,14060500,1.003068
2023-04-19,sz300750,414.5000,414.8400,406.0000,411.6250,11622400,1.003058
2023-04-20,sz300750,410.3000,410.3000,396.0000,397.2550,15843800,1.003169
2023-04-21,sz300750,404.5000,414.9200,399.0000,406.2450,25276000,1.003099
2023-04-24,sz300750,405.1000,406.0000,392.8800,398.1350,17377400,1.003162
2023-04-25,sz300750,398.0000,398.0000,380.0000,387.1550,16898900,1.003252
2023-04-26,sz300750,213.0000,227.9500,210.0100,407.8750,39707500,1.816815
2023-04-27,sz300750,224.0000,232.4800,222.3100,419.5750,33969100,1.816342
2023-04-28,sz300750,234.0000,237.3300,226.8900,419.3050,27104800,1.816353
2023-05-04,sz300750,231.0000,232.5000,224.5500,409.7110,19409100,1.816739
2023-05-05,sz300750,225.0000,230.0000,223.7200,412.3750,16740900,1.816630
2023-05-08,sz300750,230.0000,233.7900,226.0600,419.2330,22753100,1.816355
2023-05-09,sz300750,230.3800,230.3800,224.0500,410.2690,19653800,1.816716
2023-05-10,sz300750,225.8000,234.2500,221.2100,422.3110,28956800,1.816235
2023-05-11,sz300750,232.5500,242.9800,231.2000,436.4950,34747400,1.815703
2023-05-12,sz300750,241.9900,244.5600,237.9800,432.1390,22310000,1.815863
2023-05-15,sz300750,241.0100,244.0000,235.1000,432.6970,26706500,1.815842
2023-05-16,sz300750,238.4000,240.9700,236.7700,433.9750,13974000,1.815795
2023-05-17,sz300750,239.0000,241.6800,236.0600,435.7750,18246400,1.815729
2023-05-18,sz300750,241.3000,241.3700,231.0400,422.0950,24123900,1.816244
2023-05-19,sz300750,231.7500,234.1800,230.0000,417.7750,19472200,1.816413
2023-05-22,sz300750,229.0000,232.5000,227.0000,418.3150,14679100,1.816392
2023-05-23,sz300750,230.8800,231.7100,225.1500,409.5310,19613200,1.816747
2023-05-24,sz300750,224.8000,228.5100,223.7200,409.2250,14785700,1.816759
2023-05-25,sz300750,224.8500,227.6800,222.4900,407.1370,13753300,1.816846
2023-05-26,sz300750,224.2000,224.5000,217.5000,399.7750,18211700,1.817159
2023-05-29,sz300750,222.2000,222.2200,215.6000,394.4830,16537200,1.817392
2023-05-30,sz300750,217.0000,224.9900,216.0100,408.7570,26467100,1.816779
2023-05-31,sz300750,225.0500,226.8900,220.1600,401.8810,18869700,1.817068
2023-06-01,sz300750,222.6400,228.0000,221.5100,404.9950,15941000,1.816936
2023-06-02,sz300750,224.9000,229.9900,224.0000,414.9670,23181500,1.816525
2023-06-05,sz300750,225.9000,225.9000,216.3900,399.4150,33595100,1.817175
2023-06-06,sz300750,218.0100,222.3000,216.9800,398.4790,17242500,1.817215
2023-06-07,sz300750,216.3800,216.5000,204.4500,376.9150,50093900,1.818210
2023-06-08,sz300750,212.7500,213.3000,207.0000,378.1930,23857900,1.818148
2023-06-09,sz300750,208.5500,213.1300,208.5500,385.4470,24261700,1.817803
2023-06-12,sz300750,211.9500,214.0000,208.9000,385.2850,18131600,1.817811
2023-06-13,sz300750,211.0100,213.9300,210.6800,387.3550,13243700,1.817715
2023-06-14,sz300750,217.1500,217.6300,213.0000,387.8950,16362900,1.817690
2023-06-15,sz300750,214.9900,230.8800,214.8900,419.3590,50495700,1.816350
2023-06-16,sz300750,232.0000,234.1700,228.3000,419.7550,29639800,1.816335
2023-06-19,sz300750,232.9900,232.9900,226.0000,413.9590,18707100,1.816566
2023-06-20,sz300750,227.8700,231.3100,225.7700,414.1750,17960500,1.816557
2023-06-21,sz300750,228.8100,230.5000,224.9000,408.6130,17118400,1.816784
2023-06-26,sz300750,219.9100,226.9500,219.6800,409.0810,15910600,1.816765
2023-06-27,sz300750,223.9800,226.3000,221.1800,406.0210,13420600,1.816893
2023-06-28,sz300750,222.2200,226.5000,222.0000,407.8750,13558600,1.816815
2023-06-29,sz300750,223.5100,226.9100,222.5000,404.2750,9930200,1.816966
2023-06-30,sz300750,223.9900,229.9900,220.3500,415.5970,21551500,1.816500
2023-07-03,sz300750,231.9500,233.9500,228.5500,417.5590,15554400,1.816422
2023-07-04,sz300750,228.5000,230.0500,227.6800,416.4250,10155700,1.816467
2023-07-05,sz300750,229.2600,230.4100,225.5000,413.2930,8636400,1.816593
2023-07-06,sz300750,227.0000,228.4800,223.9700,408.5050,10283600,1.816789
2023-07-07,sz300750,224.8000,224.8500,221.6000,403.8250,9808400,1.816985
2023-07-10,sz300750,223.0000,230.0000,223.0000,415.6150,16093800,1.816499
2023-07-11,sz300750,229.6500,229.9900,226.5800,416.1370,9158800,1.816478
2023-07-12,sz300750,228.5000,229.4000,226.5000,412.3570,8693300,1.816631
2023-07-13,sz300750,228.2100,235.0000,228.2100,417.7750,22257700,1.816413
2023-07-14,sz300750,230.1500,230.9300,226.5500,414.6790,13004100,1.816537
2023-07-17,sz300750,227.0100,228.0000,223.6000,409.9450,10452500,1.816729
2023-07-18,sz300750,227.8000,227.8800,224.5000,409.6750,8575800,1.816741
2023-07-19,sz300750,224.0000,224.9500,218.5800,398.8750,17600200,1.817198
2023-07-20,sz300750,219.0000,226.6900,219.0000,401.6650,14441600,1.817078
2023-07-21,sz300750,220.8500,222.9800,219.7600,402.6370,8393500,1.817036
2023-07-24,sz300750,217.1500,220.8800,214.1400,397.9390,13719300,1.817239
2023-07-25,sz300750,224.9000,227.6400,221.0200,411.2050,19286200,1.816678
2023-07-26,sz300750,225.1200,227.0000,223.6600,411.7630,15456800,1.816655
2023-07-27,sz300750,231.0000,232.8800,226.8800,412.3390,20859200,1.816631
2023-07-28,sz300750,226.9800,231.0000,225.0500,417.8650,18803100,1.816409
2023-07-31,sz300750,234.0000,239.5000,233.1000,431.7250,29902800,1.815878
2023-08-01,sz300750,237.4000,239.1000,234.5000,427.6750,15615200,1.816030
2023-08-02,sz300750,237.0000,239.4900,235.5000,429.4750,14147200,1.815962
2023-08-03,sz300750,236.0000,239.9700,235.5300,434.2270,16180500,1.815786
2023-08-04,sz300750,245.0000,249.9600,241.1100,445.6930,31569700,1.815376
2023-08-07,sz300750,244.5000,246.9400,243.3100,447.4570,14927700,1.815315
2023-08-08,sz300750,245.9800,249.3300,244.8800,448.6270,15066700,1.815275
2023-08-09,sz300750,245.5000,247.6800,243.1400,448.3750,11684700,1.815283
2023-08-10,sz300750,247.9000,251.3300,244.1200,447.4750,14041000,1.815314
2023-08-11,sz300750,248.9500,248.9500,241.5000,438.4750,17204100,1.815631
2023-08-14,sz300750,239.2000,239.9800,230.2100,422.9950,25693200,1.816209
2023-08-15,sz300750,232.8800,234.6000,229.4000,420.1150,14610100,1.816321
2023-08-16,sz300750,231.5200,234.3800,230.1100,422.4550,14009000,1.816230
2023-08-17,sz300750,234.9900,236.5000,228.8800,427.2250,20442800,1.816047
2023-08-18,sz300750,235.2900,239.1200,234.4200,428.3410,16770000,1.816005
2023-08-21,sz300750,233.9900,235.8700,232.2000,423.1030,10780400,1.816204
2023-08-22,sz300750,234.8000,235.1800,227.5100,419.1250,15188900,1.816360
2023-08-23,sz300750,230.7000,231.9000,227.0000,413.2750,11874900,1.816593
2023-08-24,sz300750,228.8800,231.5400,226.5000,415.8850,14157700,1.816488
2023-08-25,sz300750,227.9300,229.9700,225.8100,414.7870,11185100,1.816532
2023-08-28,sz300750,241.5000,243.9600,229.5000,418.6750,22311500,1.816377
2023-08-29,sz300750,231.2000,243.0000,230.9200,433.0750,29175000,1.815828
2023-08-30,sz300750,239.4000,242.0000,237.5000,431.2750,14591600,1.815895
2023-08-31,sz300750,237.1000,238.5000,236.1300,429.5650,9671500,1.815959
2023-09-01,sz300750,236.6000,239.5100,234.6000,429.2950,9101100,1.815969
2023-09-04,sz300750,238.2100,238.7600,233.4000,431.5450,14052400,1.815885
2023-09-05,sz300750,237.0000,239.5000,236.1600,430.0510,11581700,1.815940
2023-09-06,sz300750,236.0500,237.1700,232.8000,425.7310,12474800,1.816104
2023-09-07,sz300750,233.0000,233.7500,226.5100,411.4930,19266100,1.816666
2023-09-08,sz300750,225.0000,227.2000,220.5000,405.0670,16499400,1.816933
2023-09-11,sz300750,222.9000,223.5500,219.6800,402.5290,17060900,1.817041
2023-09-12,sz300750,222.0000,222.4100,217.5400,396.0490,18231200,1.817322
2023-09-13,sz300750,217.0000,219.1500,215.0300,393.6550,15135700,1.817428
2023-09-14,sz300750,213.6800,216.3000,213.0300,390.6490,18294100,1.817564
2023-09-15,sz300750,212.0000,214.0000,206.6000,377.7430,33680000,1.818170
2023-09-18,sz300750,206.0000,214.6900,206.0000,387.2830,26593500,1.817718
2023-09-19,sz300750,213.0600,213.4800,210.6000,385.9510,15024400,1.817780
2023-09-20,sz300750,213.0000,213.3300,208.6800,381.5950,13087500,1.817985
2023-09-21,sz300750,210.0100,210.9500,206.6700,375.8890,16214900,1.818261
2023-09-22,sz300750,205.5000,211.4500,205.5000,383.4490,22509100,1.817897
2023-09-25,sz300750,213.0200,213.6200,208.7100,380.4790,13605400,1.818038
2023-09-26,sz300750,206.6700,207.3500,203.5000,371.8750,20253800,1.818460
2023-09-27,sz300750,206.3000,208.4900,202.4500,370.3630,21849000,1.818536
2023-09-28,sz300750,204.0000,206.5000,202.5800,369.2290,15809500,1.818593
2023-10-09,sz300750,201.0000,201.2800,193.0000,355.6750,33742800,1.819309
2023-10-10,sz300750,197.8800,198.0000,194.7200,354.2710,19865500,1.819387
2023-10-11,sz300750,197.8700,198.6000,194.1000,354.3610,20248200,1.819382
2023-10-12,sz300750,195.0100,197.8000,194.0000,356.4670,24205900,1.819266
2023-10-13,sz300750,193.8500,194.8300,189.6000,346.8550,28422200,1.819806
2023-10-16,sz300750,190.3400,190.5300,183.9100,336.3430,24683600,1.820432
2023-10-17,sz300750,185.5100,189.3000,184.5700,337.5670,21558300,1.820357
2023-10-18,sz300750,185.1000,188.2500,183.6000,339.1150,17651900,1.820263
2023-10-19,sz300750,184.4100,185.6800,182.2800,332.6350,17454200,1.820662
2023-10-20,sz300750,179.0000,187.6900,179.0000,329.5750,30026900,1.820856
2023-10-23,sz300750,180.3000,180.3000,175.8000,322.8430,20223300,1.821296
2023-10-24,sz300750,178.0000,179.2000,175.3000,321.3310,24379500,1.821398
2023-10-25,sz300750,178.2000,179.5000,175.6800,320.5390,21534200,1.821451
2023-10-26,sz300750,174.0000,178.3000,168.8100,324.3010,41420600,1.821200
2023-10-27,sz300750,177.8500,185.8800,176.0200,336.2710,47795300,1.820436
2023-10-30,sz300750,187.0000,189.8800,184.8000,342.2110,32259500,1.820078
2023-10-31,sz300750,186.6800,187.2200,184.6000,337.8550,18152500,1.820339
2023-11-01,sz300750,185.7900,190.3000,184.5000,341.3470,19727300,1.820129
2023-11-02,sz300750,188.5000,189.8800,185.5700,337.8010,13762700,1.820343
2023-11-03,sz300750,186.0000,188.6800,184.6000,341.1670,14365500,1.820140
2023-11-06,sz300750,188.5700,197.1000,188.4500,358.5190,34968400,1.819155
2023-11-07,sz300750,195.9900,196.1100,190.1200,348.0070,26080300,1.819740
2023-11-08,sz300750,190.1800,192.9400,190.0000,349.0870,14652200,1.819678
2023-11-09,sz300750,190.6300,192.5800,190.5300,348.3850,10997100,1.819718
2023-11-10,sz300750,189.0000,189.9700,188.0500,344.0290,11610000,1.819970
2023-11-13,sz300750,192.0000,192.2000,187.0200,341.9050,12519600,1.820096
2023-11-14,sz300750,187.8500,188.8000,183.0000,334.3990,23488300,1.820552
2023-11-15,sz300750,186.8900,188.5900,183.5800,335.8390,23807200,1.820463
2023-11-16,sz300750,185.4800,185.4900,180.1000,329.8450,17466200,1.820839
2023-11-17,sz300750,179.8500,181.2500,179.4900,329.0890,11084000,1.820888
2023-11-20,sz300750,180.7400,181.8000,179.0100,328.3150,12408700,1.820937
2023-11-21,sz300750,182.0000,184.0000,180.0100,328.8730,19766200,1.820901
2023-11-22,sz300750,179.5500,181.3000,177.0000,322.3750,18688600,1.821328
2023-11-23,sz300750,176.0100,177.7000,174.8900,323.6350,15720300,1.821244
2023-11-24,sz300750,177.0300,178.2000,174.5000,318.7750,16621200,1.821571
2023-11-27,sz300750,174.2900,174.5000,170.6000,311.0350,18422000,1.822115
2023-11-28,sz300750,170.0300,171.9700,168.8700,313.2310,20210700,1.821958
2023-11-29,sz300750,171.0000,171.3800,166.3700,304.1050,25188500,1.822625
2023-11-30,sz300750,165.2200,168.6600,164.4900,304.3750,23027200,1.822605
2023-12-01,sz300750,167.2900,167.7000,164.4300,301.6750,16962200,1.822810
2023-12-04,sz300750,163.5000,164.4400,161.2400,294.7450,23930400,1.823353
2023-12-05,sz300750,160.1500,162.3700,158.6500,289.6330,24807700,1.823771
2023-12-06,sz300750,158.6500,166.8600,158.2200,296.9590,36769300,1.823177
2023-12-07,sz300750,162.0000,166.3600,161.6000,299.8570,26908400,1.822950
2023-12-08,sz300750,165.0000,166.3300,163.1200,298.2370,24502000,1.823076
2023-12-11,sz300750,162.0100,165.6900,160.1600,301.4050,21489600,1.822830
2023-12-12,sz300750,164.0000,165.2200,162.9800,298.3090,14733900,1.823070
2023-12-13,sz300750,162.5500,163.5900,158.7100,290.6050,25259400,1.823690
2023-12-14,sz300750,160.8800,161.4900,156.4400,285.7090,22751400,1.824101
2023-12-15,sz300750,157.2000,158.6800,154.6000,282.7750,20204600,1.824355
2023-12-18,sz300750,153.1100,153.6900,146.2800,268.3210,42912900,1.825686
2023-12-19,sz300750,146.3100,149.9800,146.2700,271.9750,25185200,1.825336
2023-12-20,sz300750,149.2000,151.2000,148.3200,270.9850,21249400,1.825429
2023-12-21,sz300750,147.5700,155.3300,147.5700,281.6770,42131500,1.824451
2023-12-22,sz300750,153.5000,158.4100,152.2000,285.0970,28032100,1.824154
2023-12-25,sz300750,155.5000,157.8800,154.8000,287.3470,13005600,1.823962
2023-12-26,sz300750,156.9700,157.5000,154.7400,284.8090,12767300,1.824179
2023-12-27,sz300750,157.5300,158.0000,153.8700,281.5690,17356500,1.824461
2023-12-28,sz300750,154.2200,163.1600,153.5700,297.1570,37850200,1.823161
2023-12-29,sz300750,163.9800,165.0000,162.0000,297.6430,22683800,1.823123
2024-01-02,sz300750,162.2200,162.5300,156.6200,286.0690,21403300,1.824071
2024-01-03,sz300750,156.1000,157.2800,154.4000,284.2150,19757600,1.824230
2024-01-04,sz300750,155.5000,155.7200,149.7700,275.9350,27241800,1.824967
2024-01-05,sz300750,150.9900,154.7300,149.4900,275.3950,21035300,1.825017
2024-01-08,sz300750,150.2000,153.3900,149.0800,273.7750,19385400,1.825167
2024-01-09,sz300750,149.9600,151.3700,145.7500,271.4350,23391600,1.825387
2024-01-10,sz300750,146.9400,153.1100,146.5500,274.9630,23212000,1.825056
2024-01-11,sz300750,150.6600,157.7700,148.5100,282.4510,32801800,1.824383
2024-01-12,sz300750,154.0000,157.3300,152.2000,282.1090,25462200,1.824413
2024-01-15,sz300750,153.5000,153.7000,149.3500,276.8350,17272200,1.824885
2024-01-16,sz300750,151.6600,157.2500,150.5600,286.2850,28469300,1.824052
2024-01-17,sz300750,156.8600,156.8600,151.7500,277.8070,21761500,1.824796
2024-01-18,sz300750,150.1000,155.2000,150.0100,282.0730,30778800,1.824416
2024-01-19,sz300750,153.8000,157.8900,153.4000,282.5950,26594900,1.824371
2024-01-22,sz300750,153.5000,159.9500,150.6500,283.9630,40488800,1.824252
2024-01-23,sz300750,155.0000,158.8000,153.1900,280.8130,32305900,1.824527
2024-01-24,sz300750,154.5000,154.9900,149.5100,280.0390,24871000,1.824596
2024-01-25,sz300750,152.0000,155.1000,149.7100,282.7750,29479600,1.824355
2024-01-26,sz300750,152.5000,154.4800,150.0000,273.7750,27181300,1.825167
2024-01-29,sz300750,149.4400,150.7800,147.0200,268.4110,21767500,1.825677
2024-01-30,sz300750,145.5000,147.4400,140.4000,257.1250,32727400,1.826821
2024-01-31,sz300750,145.0000,152.9600,144.0000,276.6370,59522100,1.824903
2024-02-01,sz300750,151.5800,152.5200,148.5800,272.0110,27968800,1.825332
2024-02-02,sz300750,148.0000,149.0000,143.3700,266.5750,30706000,1.825856
2024-02-05,sz300750,142.6100,154.5000,142.3000,277.2670,47132600,1.824845
2024-02-06,sz300750,151.1900,159.2600,150.8200,288.7690,43745900,1.823843
2024-02-07,sz300750,158.0000,159.7900,156.0000,291.0550,36607000,1.823653
2024-02-08,sz300750,159.5000,165.0000,158.8800,296.8870,30901200,1.823182
2024-02-19,sz300750,164.9600,164.9600,159.0900,291.9370,27092500,1.823580
2024-02-20,sz300750,161.8800,161.8800,156.0700,288.7690,22194800,1.823843
2024-02-21,sz300750,157.3800,163.3000,156.3400,293.9350,25782700,1.823418
2024-02-22,sz300750,161.3300,161.3300,158.8800,292.4050,20955900,1.823542
2024-02-23,sz300750,161.9700,162.0000,159.0600,292.6750,21017600,1.823520
2024-02-26,sz300750,159.2300,159.9900,154.7000,284.5750,36066400,1.824199
2024-02-27,sz300750,155.0800,157.8500,154.5400,287.8690,29040100,1.823918
2024-02-28,sz300750,158.1800,163.3000,157.0100,286.3930,40091700,1.824043
2024-02-29,sz300750,156.1000,163.7700,155.6600,298.0930,39167500,1.823087
2024-03-01,sz300750,163.5300,165.5600,162.4000,299.9650,28101300,1.822941
2024-03-04,sz300750,165.0000,167.8600,162.7700,298.7950,26808600,1.823032
2024-03-05,sz300750,162.1000,165.2000,160.0000,300.1450,27549600,1.822927
2024-03-06,sz300750,162.5800,166.9000,161.7000,298.3270,18718000,1.823069
2024-03-07,sz300750,163.0000,164.1700,159.4800,292.0450,22145000,1.823572
2024-03-08,sz300750,159.1300,160.8000,156.6500,288.1750,20217000,1.823892
2024-03-11,sz300750,165.0000,181.6500,164.1000,329.3050,76335000,1.820874
2024-03-12,sz300750,183.3400,186.4300,180.0000,338.2870,62164900,1.820313
2024-03-13,sz300750,187.0000,187.6900,183.3000,337.0990,34795800,1.820386
2024-03-14,sz300750,184.8900,187.9600,182.9600,334.6330,30535600,1.820538
2024-03-15,sz300750,183.6300,183.9000,176.8500,329.5750,35483600,1.820856
2024-03-18,sz300750,190.0400,193.7600,188.9500,347.5030,48305200,1.819769
2024-03-19,sz300750,190.4900,192.3000,186.6000,340.8250,26957600,1.820160
2024-03-20,sz300750,185.5100,191.2400,185.5100,344.8390,21031600,1.819923
2024-03-21,sz300750,189.5100,191.8800,189.0800,344.1190,18756700,1.819965
2024-03-22,sz300750,189.0900,189.9100,184.9900,339.4930,19103400,1.820240
2024-03-25,sz300750,185.5700,188.2000,184.4800,336.4150,16413400,1.820427
2024-03-26,sz300750,185.7000,193.1300,185.6900,349.0150,30247300,1.819682
2024-03-27,sz300750,191.7400,191.7500,188.0000,342.1750,20645700,1.820080
2024-03-28,sz300750,188.0700,191.7000,186.6000,343.5790,20036700,1.819997
2024-03-29,sz300750,190.3000,195.0000,189.3800,346.0630,16464800,1.819852
2024-04-01,sz300750,194.0000,199.8300,193.4000,359.8870,27513200,1.819081
2024-04-02,sz300750,198.1000,201.5700,196.5000,363.2350,24038100,1.818903
2024-04-03,sz300750,198.9400,198.9500,194.6000,359.5450,23489000,1.819099
2024-04-08,sz300750,197.6500,199.9000,194.6000,354.0550,18957600,1.819399
2024-04-09,sz300750,194.0000,196.5000,193.7100,356.5750,14570000,1.819260
2024-04-10,sz300750,194.1100,195.0000,191.5300,350.7070,17961500,1.819586
2024-04-11,sz300750,190.8100,194.3000,187.0000,350.4550,19295400,1.819600
2024-04-12,sz300750,191.0000,191.9800,188.0100,342.8770,16625600,1.820038
2024-04-15,sz300750,193.8500,197.1400,191.8600,358.6270,30548300,1.819149
2024-04-16,sz300750,199.0000,199.3000,194.9200,358.6450,27623100,1.819148
2024-04-17,sz300750,195.3500,196.9300,193.0200,356.5570,21619200,1.819261
2024-04-18,sz300750,193.9700,197.4500,191.3900,355.7830,19539600,1.819304
2024-04-19,sz300750,193.0600,194.4600,189.5100,347.2150,18491500,1.819785
2024-04-22,sz300750,192.8000,194.8900,190.5700,346.8550,15098700,1.819806
2024-04-23,sz300750,191.1300,192.5000,187.8800,345.6490,11113800,1.819876
2024-04-24,sz300750,192.0000,192.4000,186.4000,345.0550,15154300,1.819910
2024-04-25,sz300750,188.5700,194.3500,187.8900,351.5350,16418300,1.819539
2024-04-26,sz300750,192.0100,198.8800,192.0100,361.0390,22488100,1.819020
2024-04-29,sz300750,200.5700,213.5000,200.0000,381.1090,43863000,1.818008
2024-04-30,sz300750,205.7600,205.7600,202.0000,377.4820,21433000,1.863189
2024-05-06,sz300750,211.0000,211.7000,206.0300,385.3660,27099900,1.861851
2024-05-07,sz300750,206.1800,207.8800,205.1500,385.1860,13179900,1.861881
2024-05-08,sz300750,207.0000,207.8000,203.1100,378.6160,12433000,1.862993
2024-05-09,sz300750,206.2700,210.5100,206.2000,389.7220,21921600,1.861137
2024-05-10,sz300750,209.4000,209.4000,203.0000,379.1020,22801100,1.862909
2024-05-13,sz300750,196.3000,201.7700,195.5100,371.6320,22196700,1.864219
2024-05-14,sz300750,200.6000,201.2000,198.1200,371.0200,10694700,1.864328
2024-05-15,sz300750,199.0100,203.3300,197.5000,369.0040,13074100,1.864693
2024-05-16,sz300750,198.8000,201.6400,196.9800,372.2080,15378200,1.864116
2024-05-17,sz300750,199.7000,203.0000,198.5800,378.2020,18496200,1.863064
2024-05-20,sz300750,207.2000,207.8800,203.0100,379.0120,19917200,1.862925
2024-05-21,sz300750,203.6700,204.5800,200.5600,375.6100,12296400,1.863515
2024-05-22,sz300750,202.5000,207.0000,201.6000,381.6040,25236600,1.862482
2024-05-23,sz300750,204.2000,205.6500,203.1300,380.6140,17654800,1.862650
2024-05-24,sz300750,202.8000,204.8600,200.7900,374.5660,15510700,1.863698
2024-05-27,sz300750,201.8000,201.8000,198.5000,372.8200,16361800,1.864007
2024-05-28,sz300750,199.4600,200.5800,197.6000,368.8420,12690000,1.864722
2024-05-29,sz300750,198.0100,202.5000,197.8000,370.6240,13338800,1.864400
2024-05-30,sz300750,199.0500,200.8800,197.6600,371.6320,12784000,1.864219
2024-05-31,sz300750,199.3500,202.2500,197.7600,368.7700,13808600,1.864735
2024-06-03,sz300750,197.7600,203.6000,195.8000,377.3020,18718100,1.863220
2024-06-04,sz300750,201.9900,207.2400,201.0000,383.5480,17714900,1.862155
2024-06-05,sz300750,205.7000,207.8500,204.0100,380.2180,11777400,1.862718
2024-06-06,sz300750,203.9800,206.8800,202.2000,381.4240,12412600,1.862513
2024-06-07,sz300750,198.8600,202.4500,187.5900,360.5620,51686800,1.866263
2024-06-11,sz300750,189.0000,192.0000,184.6100,352.5880,42072400,1.867818
2024-06-12,sz300750,186.0000,189.7600,185.4800,346.8820,20310400,1.868976
2024-06-13,sz300750,187.0000,190.0100,185.1200,346.1260,22117600,1.869133
2024-06-14,sz300750,186.1000,186.5800,178.5800,345.6040,37184900,1.869241
2024-06-17,sz300750,182.5500,190.5000,182.3100,351.5620,26929300,1.868023
2024-06-18,sz300750,188.1500,190.4700,187.0200,355.3960,15652900,1.867262
2024-06-19,sz300750,190.6000,190.7000,187.6800,353.0200,10754000,1.867732
2024-06-20,sz300750,189.9900,190.1100,187.1000,351.1840,11562400,1.868099
2024-06-21,sz300750,188.3100,188.9600,182.3700,346.0900,18467700,1.869140
2024-06-24,sz300750,183.0000,187.9900,183.0000,349.3660,18035500,1.868467
2024-06-25,sz300750,187.0000,189.2000,185.6000,348.1780,14414400,1.868710
2024-06-26,sz300750,185.1200,186.6300,183.2000,346.7200,10481400,1.869010
2024-06-27,sz300750,185.5100,185.8800,183.0100,345.8020,12653600,1.869200
2024-06-28,sz300750,183.8000,185.4800,179.8400,336.8560,19420500,1.871110
2024-07-01,sz300750,179.1900,179.2800,171.1700,329.7280,26995700,1.872710
2024-07-02,sz300750,173.8500,176.9600,172.1100,329.7460,14415600,1.872706
2024-07-03,sz300750,177.0000,182.5000,176.3100,335.9020,16205300,1.871320
2024-07-04,sz300750,180.3900,182.9900,179.2000,336.0820,11834600,1.871281
2024-07-05,sz300750,181.0000,182.4900,176.5000,332.5180,13524700,1.872075
2024-07-08,sz300750,176.0100,178.3700,175.0100,329.4400,10806400,1.872776
2024-07-09,sz300750,175.3000,177.3000,173.0900,329.1880,16443900,1.872834
2024-07-10,sz300750,175.0100,180.0900,173.0500,324.2920,17772900,1.873979
2024-07-11,sz300750,175.0000,178.9800,173.4900,331.4200,20811100,1.872324
2024-07-12,sz300750,177.8500,181.7700,177.0000,336.4420,19550500,1.871201
2024-07-15,sz300750,178.3000,179.9500,177.1100,333.4180,11469700,1.871873
2024-07-16,sz300750,177.5000,180.5000,177.3000,335.5420,15148700,1.871400
2024-07-17,sz300750,178.0000,182.6600,175.9400,338.4040,18590100,1.870772
2024-07-18,sz300750,180.0000,189.1000,179.6800,351.8320,31994400,1.867969
2024-07-19,sz300750,186.3500,190.0900,186.2000,353.7940,20847600,1.867578
2024-07-22,sz300750,191.1900,194.1800,187.4000,353.9380,17168300,1.867550
2024-07-23,sz300750,189.0100,189.7000,186.2000,347.9620,11903100,1.868754
2024-07-24,sz300750,186.0000,189.0900,185.3900,348.1780,14468100,1.868710
2024-07-25,sz300750,186.1200,190.7300,185.0600,350.7160,20595900,1.868194
2024-07-26,sz300750,190.0000,193.3000,188.0500,353.6320,23347700,1.867610
2024-07-29,sz300750,187.0000,187.0000,180.0000,344.9560,21362400,1.869376
2024-07-30,sz300750,183.2200,185.3300,183.2200,345.6040,12725200,1.869241
2024-07-31,sz300750,182.0000,186.8800,182.0000,348.1600,19896900,1.868713
2024-08-01,sz300750,185.0000,186.0000,180.1000,337.3420,23012700,1.871004
2024-08-02,sz300750,179.0000,180.0000,176.7400,331.5640,15493700,1.872291
2024-08-05,sz300750,175.0100,180.1900,175.0000,331.4020,19347700,1.872328
2024-08-06,sz300750,178.4100,179.3900,173.7100,327.7120,15768700,1.873175
2024-08-07,sz300750,174.9500,176.2300,173.6700,325.4080,12754000,1.873715
2024-08-08,sz300750,173.0100,173.6000,170.1200,323.1220,14659000,1.874258
2024-08-09,sz300750,173.6000,174.8700,170.0000,318.8020,15413000,1.875306
2024-08-12,sz300750,170.5700,171.1200,166.8000,317.0020,17415600,1.875751
2024-08-13,sz300750,168.8900,174.9600,168.3800,325.6060,19389300,1.873668
2024-08-14,sz300750,172.9900,174.4500,171.7200,322.7800,9966300,1.874339
2024-08-15,sz300750,172.0000,174.6000,171.2900,324.9220,14481200,1.873829
2024-08-16,sz300750,173.4000,176.0000,172.8800,325.3180,11150600,1.873736
2024-08-19,sz300750,173.3500,177.9400,173.1500,328.8820,14035800,1.872904
2024-08-20,sz300750,175.0000,176.0000,173.6600,327.5680,8437000,1.873209
2024-08-21,sz300750,174.0000,175.4100,172.0000,326.0200,11147400,1.873570
2024-08-22,sz300750,174.9800,179.9700,174.3000,334.6420,19901100,1.871600
2024-08-23,sz300750,177.0000,182.5200,177.0000,340.0420,18415200,1.870418
2024-08-26,sz300750,181.9000,184.5600,181.0000,343.8580,14838700,1.869606
2024-08-27,sz300750,182.5200,184.4900,181.5000,343.1020,9977000,1.869766
2024-08-28,sz300750,182.8000,183.6900,181.2800,341.8780,10639000,1.870025
2024-08-29,sz300750,179.1700,182.9900,179.1700,338.2420,15670200,1.870808
2024-08-30,sz300750,180.8000,185.9600,180.8000,344.6140,25429200,1.869448
2024-09-02,sz300750,184.4400,185.5900,181.0000,338.9440,12985200,1.870655
2024-09-03,sz300750,180.3000,186.7000,180.0200,346.9720,18196900,1.868958
2024-09-04,sz300750,185.3200,189.0000,184.8500,349.6720,16564500,1.868405
2024-09-05,sz300750,187.1500,189.5500,185.8000,349.0420,12318200,1.868533
2024-09-06,sz300750,186.1200,188.5000,185.4000,347.5120,7525500,1.868846
2024-09-09,sz300750,185.1100,188.6600,183.4700,346.0720,13475400,1.869144
2024-09-10,sz300750,185.5000,185.5000,181.0500,338.8900,15424400,1.870667
2024-09-11,sz300750,182.4000,187.7800,181.1600,348.6100,21197100,1.868621
2024-09-12,sz300750,188.0000,192.1600,186.7100,353.6320,20710000,1.867610
2024-09-13,sz300750,188.8800,188.8800,183.5000,343.1020,17287300,1.869766
2024-09-18,sz300750,183.6000,187.4300,183.2900,348.3220,11377900,1.868680
2024-09-19,sz300750,187.0000,188.2200,183.6000,349.2220,15769400,1.868497
2024-09-20,sz300750,186.9000,187.9000,183.6800,346.8820,15502700,1.868976
2024-09-23,sz300750,186.6600,189.4300,185.5000,351.5620,15792500,1.868023
2024-09-24,sz300750,191.9600,198.1700,188.8900,368.3380,35451700,1.864814
2024-09-25,sz300750,207.3900,207.4000,202.5900,378.3820,42010100,1.863033
2024-09-26,sz300750,203.7000,207.3300,198.9300,382.7200,35489300,1.862294
2024-09-27,sz300750,212.0000,231.6800,211.6700,421.0600,70181300,1.856444
2024-09-30,sz300750,233.0200,255.0000,232.0000,466.2040,91361100,1.850824
2024-10-08,sz300750,296.0000,301.5000,267.6600,551.0020,137646500,1.842816
2024-10-09,sz300750,279.9000,279.9900,255.0000,471.8020,108691600,1.850204
2024-10-10,sz300750,255.0000,265.9900,250.1600,477.2020,60833800,1.849620
2024-10-11,sz300750,255.5000,255.5000,237.9300,448.0240,47640200,1.852947
2024-10-14,sz300750,249.9900,252.8000,244.9400,462.2980,46759900,1.851265
2024-10-15,sz300750,249.8100,250.8400,241.1300,446.9980,32765300,1.853072
2024-10-16,sz300750,238.8200,238.8200,233.3300,433.7320,33586000,1.854744
2024-10-17,sz300750,234.0000,238.8800,230.8600,429.5020,26164700,1.855300
2024-10-18,sz300750,230.0000,258.8800,229.6000,462.6040,68013800,1.851231
2024-10-21,sz300750,259.0000,262.5300,251.7500,468.8500,58455800,1.850529
2024-10-22,sz300750,254.0000,254.5600,247.2600,463.7920,27876000,1.851096
2024-10-23,sz300750,247.8100,254.9400,246.8600,461.5420,32154100,1.851352
2024-10-24,sz300750,249.7700,251.5000,245.0000,455.8900,21465800,1.852007
2024-10-25,sz300750,252.3400,265.0000,246.3000,478.7860,57898600,1.849451
2024-10-28,sz300750,256.1300,258.6100,253.0000,474.0340,27601900,1.849961
2024-10-29,sz300750,256.2400,257.7100,251.2400,466.0060,26994800,1.850846
2024-10-30,sz300750,250.0000,252.3000,244.5000,459.2560,27134400,1.851615
2024-10-31,sz300750,246.9900,250.5000,244.0000,455.5660,25500300,1.852045
2024-11-01,sz300750,246.5300,249.8200,245.1800,455.9620,25915800,1.851998
2024-11-04,sz300750,244.0000,254.3000,244.0000,464.9620,24247200,1.850963
2024-11-05,sz300750,250.5800,262.8200,249.1300,483.3040,48482100,1.848977
2024-11-06,sz300750,258.9900,269.5000,253.5000,474.5020,45239300,1.849910
2024-11-07,sz300750,258.0000,262.8000,253.8800,485.8420,33571000,1.848714
2024-11-08,sz300750,269.6600,272.0000,257.1000,476.3020,40294100,1.849717
2024-11-11,sz300750,252.3500,268.9900,251.0100,494.3020,49153900,1.847858
2024-11-12,sz300750,278.2800,285.2000,270.9800,504.2380,74403000,1.846890
2024-11-13,sz300750,269.0000,288.2000,266.7700,520.4020,55773700,1.845397
2024-11-14,sz300750,283.0000,284.9900,274.6600,507.8020,42657200,1.846553
2024-11-15,sz300750,269.5000,275.0000,265.5600,490.8100,35198300,1.848208
2024-11-18,sz300750,265.5600,270.9500,261.0000,486.0580,30650000,1.848692
2024-11-19,sz300750,262.0200,272.0000,258.0000,496.4980,34812900,1.847641
2024-11-20,sz300750,266.9500,269.9000,264.6000,494.3920,22708800,1.847849
2024-11-21,sz300750,265.6600,271.4300,263.6600,495.6700,20550800,1.847722
2024-11-22,sz300750,267.9300,269.0000,258.8800,479.1820,22555100,1.849409
2024-11-25,sz300750,263.0600,266.5600,261.1800,488.1820,26239100,1.848474
2024-11-26,sz300750,261.5700,263.9700,255.6600,474.8980,27360400,1.849868
2024-11-27,sz300750,254.7000,260.9000,251.4700,480.6220,27400700,1.849257
2024-11-28,sz300750,259.2000,259.5300,253.5000,471.2620,22355600,1.850263
2024-11-29,sz300750,251.2300,267.9900,251.2300,483.0340,31366300,1.849005
2024-12-02,sz300750,258.6400,263.5500,257.2100,484.7440,20647500,1.848827
2024-12-03,sz300750,261.0000,262.9900,259.0000,484.1140,17310800,1.848892
2024-12-04,sz300750,260.0000,262.0000,257.5000,478.9480,16181400,1.849434
2024-12-05,sz300750,257.9900,258.9500,255.0100,473.6020,16021600,1.850008
2024-12-06,sz300750,256.0000,269.9000,255.0000,492.5920,33038100,1.848029
2024-12-09,sz300750,266.9900,269.6600,264.4100,495.2920,22456100,1.847760
2024-12-10,sz300750,281.2800,281.5000,269.3300,499.8280,32904400,1.847315
2024-12-11,sz300750,273.9600,279.5000,266.5200,493.5820,19400800,1.847930
2024-12-12,sz300750,265.9000,275.3800,265.2000,505.4800,22329500,1.846772
2024-12-13,sz300750,269.8800,272.0000,266.0000,493.4560,28316400,1.847942
2024-12-16,sz300750,266.2200,269.5000,264.0500,493.7620,16257500,1.847912
2024-12-17,sz300750,267.0000,278.0000,266.5400,505.6420,28214600,1.846757
2024-12-18,sz300750,274.3100,274.7300,270.3100,501.3400,15085300,1.847168
2024-12-19,sz300750,269.2600,272.3500,266.6200,498.4240,15346000,1.847452
2024-12-20,sz300750,269.7900,270.8000,260.3200,485.6800,27740100,1.848731
2024-12-23,sz300750,262.7100,268.8800,262.7100,487.1020,20639400,1.848584
2024-12-24,sz300750,263.0000,268.2500,263.0000,495.6160,19615400,1.847728
2024-12-25,sz300750,268.9100,270.9100,266.2600,495.1480,11413800,1.847774
2024-12-26,sz300750,267.2000,267.2000,261.0000,483.0520,22443800,1.849003
2024-12-27,sz300750,260.5700,263.4200,255.0000,484.4020,24351900,1.848863
2024-12-30,sz300750,260.8800,267.5000,260.5100,492.6460,22631400,1.848023
2024-12-31,sz300750,265.0900,270.5000,265.0900,491.6020,24934000,1.848128
2025-01-02,sz300750,266.2500,266.3000,257.0000,478.6060,23354600,1.849471
2025-01-03,sz300750,258.7800,263.0000,257.2100,476.5360,18523800,1.849691
2025-01-06,sz300750,258.0000,260.0000,253.0000,474.9520,17289100,1.849862
2025-01-07,sz300750,243.0000,252.0000,241.0800,461.8120,40103600,1.851321
2025-01-08,sz300750,245.9900,248.3100,243.3200,454.4140,27185800,1.852181
2025-01-09,sz300750,241.3500,250.2500,241.1600,457.9960,16932900,1.851761
2025-01-10,sz300750,246.5000,249.9500,244.6800,455.6020,14729400,1.852041
2025-01-13,sz300750,243.5000,250.0000,242.0000,457.2400,18092200,1.851849
2025-01-14,sz300750,247.7100,257.0000,245.2100,473.9620,20246700,1.849969
2025-01-15,sz300750,256.2000,256.4000,249.6700,464.3680,15062700,1.851030
2025-01-16,sz300750,252.0000,254.6000,248.2600,462.6760,16188400,1.851222
2025-01-17,sz300750,248.5000,253.5000,248.0800,465.5020,11106600,1.850903
2025-01-20,sz300750,256.5000,267.6100,256.3100,490.7380,34283500,1.848215
2025-01-21,sz300750,268.5000,268.7600,263.2200,488.3260,13893300,1.848459
2025-01-22,sz300750,262.0000,264.9000,254.2100,477.2020,25040700,1.849620
2025-01-23,sz300750,259.8500,262.5000,256.9800,476.3020,16553700,1.849717
2025-01-24,sz300750,256.0100,264.7800,256.0100,484.1240,22439800,1.857586
2025-01-27,sz300750,260.6300,262.9700,257.0000,477.6080,17102600,1.858397
2025-02-05,sz300750,260.0000,262.0000,251.0500,468.8240,24048100,1.859527
2025-02-06,sz300750,251.0000,253.4900,249.2000,470.5880,24896100,1.859297
2025-02-07,sz300750,257.0000,262.5600,251.6200,485.3120,34441300,1.857440
2025-02-10,sz300750,261.2800,261.4700,255.1800,480.2180,22926700,1.858069
2025-02-11,sz300750,260.4400,260.5000,251.0600,468.2480,24792000,1.859603
2025-02-12,sz300750,250.0100,256.0000,247.0800,474.5480,27382200,1.858786
2025-02-13,sz300750,255.9900,263.9900,255.1000,485.5100,37535000,1.857416
2025-02-14,sz300750,261.5300,273.0000,261.5300,500.4860,38780000,1.855645
2025-02-17,sz300750,274.9000,274.9000,266.0200,499.9280,24183000,1.855709
2025-02-18,sz300750,272.9600,275.5000,269.0000,502.3940,23845800,1.855427
2025-02-19,sz300750,268.5700,276.0000,268.5500,507.3980,20445500,1.854864
2025-02-20,sz300750,272.8000,272.8000,267.0000,501.3680,19589000,1.855544
2025-02-21,sz300750,268.5800,276.8800,267.7800,510.9980,30951900,1.854466
2025-02-24,sz300750,273.0100,274.7000,268.1600,503.7080,27753800,1.855278
2025-02-25,sz300750,267.4800,274.0000,264.5100,500.0720,23209400,1.855692
2025-02-26,sz300750,271.4500,272.8800,267.1800,498.5240,21173100,1.855871
2025-02-27,sz300750,270.2700,271.7000,267.6700,501.0080,23185100,1.855585
2025-02-28,sz300750,269.6000,271.3100,263.6100,490.7480,22265500,1.856784
2025-03-03,sz300750,265.0000,279.3000,262.2400,507.3620,38736400,1.854868
2025-03-04,sz300750,270.0000,271.0000,262.7300,488.4080,26836500,1.857065
2025-03-05,sz300750,263.0000,263.8900,258.5000,484.7900,20869600,1.857504
2025-03-06,sz300750,262.2500,265.5300,261.0000,490.7660,25027300,1.856782
2025-03-07,sz300750,262.9600,263.5800,258.6800,484.3760,22287100,1.857555
2025-03-10,sz300750,261.8000,261.8600,253.6100,476.7080,28675100,1.858511
2025-03-11,sz300750,253.0700,255.5000,253.0500,474.3680,17135100,1.858809
2025-03-12,sz300750,256.0100,256.6200,251.4900,473.1080,19914700,1.858971
2025-03-13,sz300750,254.0000,259.2000,253.0000,470.8040,16885200,1.859269
2025-03-14,sz300750,253.0000,264.8500,252.6500,486.6080,35108900,1.857282
2025-03-17,sz300750,263.1000,265.4700,255.7400,475.8080,33515500,1.858625
2025-03-18,sz300750,258.0000,260.7800,255.5000,477.6080,22576700,1.858397
2025-03-19,sz300750,257.2000,266.9700,256.7800,492.7100,36954100,1.856551
2025-03-20,sz300750,265.3900,266.5000,261.0200,486.8780,14424700,1.857250
2025-03-21,sz300750,262.6800,264.5300,255.6700,475.8080,19432000,1.858625
2025-03-24,sz300750,257.7000,258.9800,256.2800,479.6960,16730200,1.858134
2025-03-25,sz300750,257.7100,260.0000,255.2900,482.0720,12785800,1.857839
2025-03-26,sz300750,259.4000,262.7000,256.7000,477.4640,12904600,1.858415
2025-03-27,sz300750,256.1900,262.8000,254.2500,480.9920,14179200,1.857973
2025-03-28,sz300750,256.1100,258.8800,255.8000,477.2480,11242100,1.858442
2025-03-31,sz300750,256.0600,257.9800,252.1200,470.3000,19463400,1.859334
2025-04-01,sz300750,252.9400,254.5000,248.5800,463.3160,19416200,1.860259
2025-04-02,sz300750,250.2000,252.4600,247.5600,463.4600,13732100,1.860239
2025-04-03,sz300750,245.0000,247.7000,242.5500,452.5520,23281600,1.861741
2025-04-07,sz300750,226.0900,230.0000,209.1100,402.4040,72364600,1.869733
2025-04-08,sz300750,219.9500,225.0000,216.4000,409.2980,47659400,1.868514
2025-04-09,sz300750,212.9200,218.7500,210.0900,395.5100,53602300,1.870997
2025-04-10,sz300750,221.0000,222.7900,215.4600,407.3720,37274100,1.868850
2025-04-11,sz300750,216.0000,225.5500,214.7000,418.2080,30299100,1.867000
2025-04-14,sz300750,227.1500,228.0000,222.6800,418.2080,20696500,1.867000
2025-04-15,sz300750,226.0000,230.4500,225.1200,425.6780,26686500,1.865781
2025-04-16,sz300750,227.0000,227.1800,221.5500,419.8100,21655100,1.866735
2025-04-17,sz300750,223.0000,227.3300,222.2200,421.8080,15737700,1.866407
2025-04-18,sz300750,225.2100,226.5000,223.6600,420.8360,11512800,1.866566
2025-04-21,sz300750,225.4600,235.0000,224.1800,431.4560,22008200,1.864869
2025-04-22,sz300750,230.0000,231.1600,227.2000,438.4150,16935400,1.900451
2025-04-23,sz300750,235.0000,238.7500,233.0000,443.2030,19198000,1.899306
2025-04-24,sz300750,234.5000,238.6600,232.2500,449.5390,18155400,1.897830
2025-04-25,sz300750,237.2000,237.9200,235.0900,449.0530,12762000,1.897942
2025-04-28,sz300750,238.2500,238.2600,233.2000,445.9030,14312400,1.898671
2025-04-29,sz300750,234.0000,234.8000,230.7200,440.8270,16742400,1.899871
2025-04-30,sz300750,233.0500,234.3800,231.5000,439.8730,15632800,1.900099
2025-05-06,sz300750,233.9100,236.3000,231.2000,440.1070,19687700,1.900043
2025-05-07,sz300750,236.4500,240.8800,236.0800,452.6710,31281000,1.897117
2025-05-08,sz300750,239.4900,248.6800,237.9800,463.3990,31285600,1.894750
2025-05-09,sz300750,246.0700,249.7700,244.6500,470.0590,23693300,1.893338
2025-05-12,sz300750,255.0000,257.9900,253.0000,485.7730,30231500,1.890167
2025-05-13,sz300750,262.0000,262.0000,255.0200,488.9590,20480600,1.889551
2025-05-14,sz300750,258.7700,264.4600,256.0100,495.8530,23146300,1.888244
2025-05-15,sz300750,262.6200,262.8700,259.6000,491.4970,14111900,1.889065
2025-05-16,sz300750,259.1400,261.7300,257.7300,490.0210,18900100,1.889347
2025-05-19,sz300750,260.5000,260.5400,257.2700,491.1730,16974000,1.889127
2025-05-20,sz300750,264.4400,265.5000,255.2000,496.5730,34642400,1.888110
2025-05-21,sz300750,266.9900,279.9900,265.8000,516.5170,56524500,1.884548
2025-05-22,sz300750,277.8000,277.9400,268.2700,509.8390,27608100,1.885708
2025-05-23,sz300750,271.0100,274.0000,266.9500,503.7550,23000400,1.886794
2025-05-26,sz300750,265.0000,266.3800,252.9000,483.7930,33012200,1.890555
2025-05-27,sz300750,255.8900,257.2100,252.3900,480.3550,17668000,1.891236
2025-05-28,sz300750,255.6100,258.2700,253.3200,479.6530,15456300,1.891376
2025-05-29,sz300750,253.0000,253.9800,249.0000,476.5030,21788300,1.892011
2025-05-30,sz300750,250.9000,252.6500,247.4700,473.1730,20433700,1.892692
2025-06-03,sz300750,252.0000,253.9000,250.4400,475.2430,15841200,1.892268
2025-06-04,sz300750,252.5000,253.6000,250.7000,475.0630,13040200,1.892304
2025-06-05,sz300750,251.3600,252.4400,248.2700,475.8730,13525900,1.892139
2025-06-06,sz300750,252.0000,253.3300,248.5000,471.1570,16551500,1.893109
2025-06-09,sz300750,248.8800,250.8800,245.5000,465.2170,18549800,1.894360
2025-06-10,sz300750,245.0000,246.8600,242.2200,460.8250,13932500,1.895307
2025-06-11,sz300750,246.0900,252.4400,244.8000,474.0730,27993400,1.892507
2025-06-12,sz300750,252.0000,252.5000,248.7700,472.8310,17569600,1.892762
2025-06-13,sz300750,248.1000,250.4100,246.3700,469.9330,17403200,1.893364
2025-06-16,sz300750,248.0000,248.7000,245.8000,467.1610,12217600,1.893947
2025-06-17,sz300750,246.9600,248.4300,245.2200,466.4410,9765000,1.894100
2025-06-18,sz300750,246.9800,249.5800,245.5700,465.1990,10460600,1.894364
2025-06-19,sz300750,245.3000,246.1600,241.6000,458.9530,14798500,1.895717
2025-06-20,sz300750,241.0600,243.1200,239.5000,455.6410,13688300,1.896450
2025-06-23,sz300750,239.3000,240.6000,238.0300,454.4710,12709900,1.896711
2025-06-24,sz300750,240.5800,248.0800,240.5800,465.8290,23501100,1.894230
2025-06-25,sz300750,246.5000,255.8800,246.0000,481.9930,31537700,1.890910
2025-06-26,sz300750,255.8800,256.2900,252.3600,478.1950,19914500,1.891669
2025-06-27,sz300750,256.5000,257.4500,250.1100,474.9550,23620100,1.892326
2025-06-30,sz300750,251.5000,253.5000,249.7000,477.1690,17623400,1.891876
2025-07-01,sz300750,252.5000,252.7400,249.8800,475.8730,9532300,1.892139
2025-07-02,sz300750,251.5000,252.0100,249.1900,473.9830,11571400,1.892525
2025-07-03,sz300750,251.4700,263.2100,250.5900,495.8350,33803700,1.888248
2025-07-04,sz300750,265.0100,269.9800,260.9800,501.6130,27206000,1.887182
2025-07-07,sz300750,265.8000,268.8800,258.8800,492.7750,17466500,1.888823
2025-07-08,sz300750,260.7000,265.9000,259.8200,497.1310,15592300,1.888007
2025-07-09,sz300750,262.2000,274.4600,262.1000,510.6130,29388400,1.885572
2025-07-10,sz300750,274.9900,274.9900,268.5000,512.7730,24239300,1.885195
2025-07-11,sz300750,271.5000,274.0000,270.1000,511.8730,21328200,1.885352
2025-07-14,sz300750,271.0000,271.3200,266.1000,506.4730,14978900,1.886305
2025-07-15,sz300750,268.5000,272.5000,266.0000,505.1230,16952600,1.886547
2025-07-16,sz300750,268.5000,268.7000,263.0400,499.0930,15626500,1.887644
2025-07-17,sz300750,265.3700,267.7500,264.3600,501.0730,14511000,1.887281
2025-07-18,sz300750,268.7000,272.4500,265.8000,511.3330,22186600,1.885446
2025-07-21,sz300750,277.0000,282.0000,273.5500,526.5610,32486300,1.882861
2025-07-22,sz300750,280.0000,290.0000,279.1800,539.1610,33309000,1.880838
2025-07-23,sz300750,288.1600,290.7500,286.5900,539.8090,20019000,1.880737
2025-07-24,sz300750,289.0000,289.2000,282.9100,536.5330,22389100,1.881252
2025-07-25,sz300750,285.2000,285.2000,281.7500,532.2130,13432600,1.881941
2025-07-28,sz300750,283.0200,289.0900,281.3000,538.5130,23897300,1.880940
2025-07-29,sz300750,286.7000,292.0000,286.6800,548.4490,23394600,1.879409
2025-07-30,sz300750,292.2000,292.2000,276.3600,521.9350,41594300,1.883630
2025-07-31,sz300750,280.8000,281.9800,264.6200,499.4890,44710400,1.887571
2025-08-01,sz300750,264.8000,266.6000,262.7500,496.6990,25250000,1.888087
2025-08-04,sz300750,263.0000,268.0000,261.7000,502.8370,23768200,1.886960
2025-08-05,sz300750,267.5000,269.0000,263.5000,501.4330,21976000,1.887215
2025-08-06,sz300750,265.2200,266.9000,263.2300,500.1730,15323300,1.887445
2025-08-07,sz300750,265.0000,266.4900,262.2000,496.6630,16548100,1.888094
2025-08-08,sz300750,264.0000,266.1600,262.0100,497.4370,17428200,1.887950
2025-08-11,sz300750,263.4800,266.1500,262.5000,497.7610,21330900,1.887890
2025-08-12,sz300750,263.5000,265.1800,257.7200,497.0230,22240700,1.888027
2025-08-13,sz300750,264.7700,275.0000,264.5100,515.6530,39466800,1.884697
2025-08-14,sz300750,276.8900,282.0000,274.4800,526.9750,37170800,1.882793
2025-08-15,sz300750,278.3800,282.3000,276.1000,528.3790,24109200,1.882563
2025-08-18,sz300750,280.6700,285.4800,278.0200,532.5730,28528800,1.881883
2025-08-19,sz300750,283.0000,284.0000,276.2200,523.2130,24428600,1.883416
2025-08-20,sz300750,277.5000,279.9900,272.0500,527.5360,23353500,1.889456
2025-08-21,sz300750,279.2700,281.8000,278.0000,527.1760,18269800,1.889520
2025-08-22,sz300750,278.9300,289.3500,278.6000,541.9000,26421900,1.886970
2025-08-25,sz300750,290.0000,293.8800,286.7800,547.4800,31229700,1.886041
2025-08-26,sz300750,287.0200,290.9900,285.5800,546.0760,23024500,1.886273
2025-08-27,sz300750,289.0000,289.5400,278.1900,525.9160,38258400,1.889745
2025-08-28,sz300750,276.0600,278.9900,272.7200,524.3140,30466400,1.890033
2025-08-29,sz300750,278.3100,316.6600,277.9500,576.1000,78013900,1.881573
2025-09-01,sz300750,306.5000,306.9000,299.3000,572.1760,42996400,1.882158
2025-09-02,sz300750,304.0300,311.1000,299.0300,570.1420,37116900,1.882464
2025-09-03,sz300750,303.5000,311.6500,303.0300,581.1760,50897500,1.880828
2025-09-04,sz300750,313.4700,323.3300,300.6300,572.2300,65754800,1.882150
2025-09-05,sz300750,299.9000,325.1100,299.8200,610.1740,70819800,1.876823
2025-09-08,sz300750,334.0000,337.6500,323.5000,610.6420,58834600,1.876762
2025-09-09,sz300750,322.8000,334.5800,317.1600,600.9760,43402400,1.878050
2025-09-10,sz300750,317.9900,322.0000,313.0000,593.8480,36752700,1.879028
2025-09-11,sz300750,315.5500,322.9800,309.0400,605.5660,38034500,1.877433
2025-09-12,sz300750,325.9000,329.9000,322.2000,609.9760,33871300,1.876849
2025-09-15,sz300750,346.0100,371.5200,344.0200,663.4360,71841000,1.870414
2025-09-16,sz300750,356.1100,359.0000,348.5000,661.1320,37744500,1.870669
2025-09-17,sz300750,356.8000,381.8800,354.0000,703.7560,54377100,1.866232
2025-09-18,sz300750,374.5900,380.0000,360.8000,685.3780,51889700,1.868075
2025-09-19,sz300750,365.0000,375.7100,361.7200,688.2580,33914900,1.867779
2025-09-22,sz300750,370.5000,372.7200,362.7800,691.0660,28527800,1.867494
2025-09-23,sz300750,368.0000,376.9600,360.0000,687.6460,34849300,1.867842
2025-09-24,sz300750,371.0000,380.0000,366.0600,708.8500,38314500,1.865738
2025-09-25,sz300750,376.6000,402.5900,376.4700,732.1060,46639300,1.863576
2025-09-26,sz300750,392.0200,399.9900,380.0000,709.6960,36263300,1.865657
2025-09-29,sz300750,386.3400,399.8900,386.0100,740.2420,38964700,1.862853
2025-09-30,sz300750,396.0000,408.8800,396.0000,748.5760,33031300,1.862129
2025-10-09,sz300750,399.9800,424.3600,399.7400,762.7780,41208800,1.860933
2025-10-10,sz300750,401.0000,403.8000,379.0100,712.4860,53311800,1.865391
2025-10-13,sz300750,362.8600,384.6000,362.8600,699.0760,47151000,1.866692
2025-10-14,sz300750,381.0000,385.8000,355.7700,669.3760,49639900,1.869765
2025-10-15,sz300750,358.5000,369.7100,354.7600,689.7160,36993400,1.867631
2025-10-16,sz300750,367.5000,373.9000,364.5000,688.2760,27629500,1.867777
2025-10-17,sz300750,367.5000,375.0000,356.9900,669.6280,31905800,1.869738
2025-10-20,sz300750,365.0000,368.8900,359.5300,684.6760,28432400,1.868147
2025-10-21,sz300750,373.0000,381.3500,363.1000,701.5960,44632900,1.866443
2025-10-22,sz300750,375.9000,378.8800,368.2000,696.1240,21945900,1.866985
2025-10-23,sz300750,373.8000,378.8000,369.0000,702.5860,23998100,1.866346
2025-10-24,sz300750,379.9700,387.8000,378.0000,719.3620,32041600,1.864743
2025-10-27,sz300750,393.0000,393.0000,376.5700,720.1000,40451000,1.864675
2025-10-28,sz300750,386.1600,393.8000,383.0200,720.6400,28708300,1.864624
2025-10-29,sz300750,386.0000,400.0400,384.7000,744.9760,34474000,1.862440
2025-10-30,sz300750,405.9800,409.0800,396.8300,741.8980,34306100,1.862708
2025-10-31,sz300750,398.0000,406.8000,388.2000,724.7620,34048400,1.864244
2025-11-03,sz300750,387.0000,391.9100,375.7700,721.3240,26368200,1.864561
2025-11-04,sz300750,383.0600,386.5000,374.0000,707.0860,23939100,1.865908
2025-11-05,sz300750,372.8500,393.0000,372.0000,724.6360,31142500,1.864255
2025-11-06,sz300750,390.0000,399.4900,388.7000,735.4000,23447500,1.863282
2025-11-07,sz300750,393.5000,397.5100,388.8800,736.6420,16554900,1.863171
2025-11-10,sz300750,398.4000,400.3100,383.3200,717.0940,23896000,1.864955
2025-11-11,sz300750,386.0000,394.7700,384.5000,719.0560,19303200,1.864772
2025-11-12,sz300750,390.7800,392.9900,383.9800,720.4600,21299800,1.864641
2025-11-13,sz300750,385.0500,421.3000,385.0500,773.0560,56265400,1.860096
2025-11-14,sz300750,407.0000,414.6000,403.8800,752.3920,24172100,1.861803
2025-11-17,sz300750,388.0000,392.4000,382.5000,728.3800,47685500,1.863913
2025-11-18,sz300750,389.0000,398.6300,381.0000,717.9760,39565800,1.864873
2025-11-19,sz300750,385.5000,398.4400,384.9600,728.9560,29266700,1.863861
2025-11-20,sz300750,394.9000,395.0000,377.0100,707.8780,33674300,1.865832
2025-11-21,sz300750,375.0000,383.0000,370.0000,690.9760,31631300,1.867503
2025-11-24,sz300750,373.8000,374.9000,367.1800,691.9660,22845800,1.867403
2025-11-25,sz300750,375.0000,379.6600,370.5900,695.2240,20633200,1.867075
2025-11-26,sz300750,375.5000,375.5000,370.0700,696.0520,18910700,1.866992
2025-11-27,sz300750,373.0000,378.8800,370.0000,693.1360,22200300,1.867284
2025-11-28,sz300750,370.5000,375.4800,366.1600,696.7360,20340300,1.866924
2025-12-01,sz300750,374.7600,382.9700,374.0300,714.3220,26751000,1.865217
2025-12-02,sz300750,383.5000,384.9800,377.4000,709.1200,16348500,1.865712
2025-12-03,sz300750,380.0900,383.3700,375.0000,701.9200,13991100,1.866411
2025-12-04,sz300750,379.1900,383.6000,375.1500,715.0060,19165800,1.865152
2025-12-05,sz300750,387.2000,389.3100,382.0000,725.3380,23291600,1.864191
2025-12-08,sz300750,390.4300,395.3800,385.5000,731.4760,21659800,1.863633
2025-12-09,sz300750,391.5000,392.2600,386.0000,722.6380,18691800,1.864439
2025-12-10,sz300750,385.0500,388.0000,377.2600,713.2600,19433400,1.865317
2025-12-11,sz300750,384.9000,398.8600,383.3800,725.1580,28215400,1.864207
2025-12-12,sz300750,392.0000,393.3900,385.5000,730.2160,24002000,1.863747
2025-12-15,sz300750,391.5000,394.9700,385.2100,718.8760,18275000,1.864789
2025-12-16,sz300750,386.0000,389.0800,378.0300,706.1140,19121700,1.866002
2025-12-17,sz300750,376.4500,384.5000,375.0600,715.1320,22257400,1.865140
2025-12-18,sz300750,379.5700,380.9500,370.0100,694.5760,29639300,1.867140
2025-12-19,sz300750,374.0800,377.6800,370.8000,698.1760,17559900,1.866781
2025-12-22,sz300750,376.0000,377.9900,368.1000,694.2880,25493500,1.867169
2025-12-23,sz300750,372.0000,380.5000,371.6000,705.5560,23604100,1.866057
2025-12-24,sz300750,378.0800,378.0800,372.0000,701.0560,21088400,1.866496
2025-12-25,sz300750,374.2100,374.2100,369.1200,696.3940,20343100,1.866958
2025-12-26,sz300750,372.9600,378.0000,370.1000,698.9500,25723700,1.866704
2025-12-29,sz300750,374.0000,374.4300,368.0000,689.7340,24124100,1.867629
2025-12-30,sz300750,367.1000,371.0000,366.5600,689.5360,19030800,1.867649
2025-12-31,sz300750,369.7900,372.0000,367.1500,686.0440,16026600,1.868006
2026-01-05,sz300750,370.0000,378.0000,368.1900,704.4760,33688100,1.866162
2026-01-06,sz300750,380.0000,380.5000,369.0400,698.1580,34147700,1.866783
2026-01-07,sz300750,372.9500,375.4800,368.4900,692.7940,26228500,1.867319
2026-01-08,sz300750,368.0000,373.3300,367.0000,689.5540,26959000,1.867647
2026-01-09,sz300750,369.1700,377.6300,367.0100,689.5900,31477200,1.867643
2026-01-12,sz300750,368.0000,368.0000,351.6600,676.0000,48830700,1.869056
2026-01-13,sz300750,366.2500,367.7700,357.0000,671.1760,29670900,1.869571
2026-01-14,sz300750,360.0300,361.2200,351.7100,662.1400,38083400,1.870558
2026-01-15,sz300750,352.7500,358.2800,351.8000,661.7260,32370900,1.870604
2026-01-16,sz300750,357.9900,361.7200,351.5100,659.1520,31981800,1.870890
2026-01-19,sz300750,351.4700,355.3400,345.3300,652.9960,33864300,1.871585
2026-01-20,sz300750,350.0000,356.9100,347.9000,654.2560,35440600,1.871442
2026-01-21,sz300750,351.9400,357.6900,349.0000,654.6340,39393600,1.871399
2026-01-22,sz300750,351.0300,353.7300,339.5000,647.4160,45994800,1.872227
2026-01-23,sz300750,348.0100,350.0000,343.2500,649.5760,33976100,1.871977
2026-01-26,sz300750,352.0200,352.5500,341.2100,640.6660,33291400,1.873019
2026-01-27,sz300750,344.8900,344.9000,334.0200,635.8960,32294900,1.873589
2026-01-28,sz300750,337.8800,344.0000,333.0100,636.9580,46308200,1.873461
2026-01-29,sz300750,340.5000,345.1600,338.1600,640.3780,33844400,1.873053
2026-01-30,sz300750,348.4000,353.7600,344.1000,654.9760,48650100,1.871360
2026-02-02,sz300750,357.0000,357.9900,344.1300,653.1400,39191700,1.871569
2026-02-03,sz300750,349.0000,352.8000,343.5000,651.2140,26516300,1.871789
2026-02-04,sz300750,350.9600,366.6500,347.5100,682.0300,48531700,1.868422
2026-02-05,sz300750,365.7700,366.7500,356.0200,678.2680,28427200,1.868816
2026-02-06,sz300750,359.3200,372.8800,358.0100,689.3740,39372600,1.867665
2026-02-09,sz300750,370.5000,372.5000,362.6000,688.8520,27448600,1.867719
2026-02-10,sz300750,365.1700,370.8000,364.0000,681.9220,18563500,1.868433
2026-02-11,sz300750,366.9000,370.9900,364.5000,687.3760,19653500,1.867870
2026-02-12,sz300750,370.0000,377.8800,368.0300,701.5420,27754600,1.866449
2026-02-13,sz300750,375.6100,377.0000,365.0100,682.5880,22314500,1.868364
2026-02-24,sz300750,372.6400,373.5000,361.9500,676.4860,22695100,1.869004
2026-02-25,sz300750,363.6900,366.6000,360.1000,676.9000,18716600,1.868960
2026-02-26,sz300750,356.0500,358.2000,343.5000,647.7760,43541400,1.872185
2026-02-27,sz300750,347.1200,348.9400,342.0100,640.5940,25446600,1.873027
2026-03-02,sz300750,341.0000,344.9000,336.6800,637.3720,28351300,1.873411
2026-03-03,sz300750,346.3300,354.3500,344.0300,644.3020,40007500,1.872590
2026-03-04,sz300750,341.1000,342.0200,334.2000,634.9960,25080400,1.873697
2026-03-05,sz300750,344.5800,353.8500,342.6600,655.4260,31006100,1.871309
2026-03-06,sz300750,349.0000,357.0200,344.6600,663.5620,20963100,1.870401
2026-03-09,sz300750,348.8400,359.8500,345.0600,668.4760,31797600,1.869863
2026-03-10,sz300750,375.0000,379.7700,366.5000,702.3160,50741700,1.866373
2026-03-11,sz300750,379.5800,403.5500,378.9800,739.2160,57598700,1.862944
2026-03-12,sz300750,400.0000,400.9000,392.7000,736.8760,29150400,1.863150
2026-03-13,sz300750,393.8800,403.9900,393.8000,739.5760,35582600,1.862912
2026-03-16,sz300750,401.7700,413.1700,398.0000,760.0960,37352100,1.861156
2026-03-17,sz300750,415.7800,420.0000,404.5600,753.9760,35980700,1.861669
2026-03-18,sz300750,405.3600,406.0000,396.7700,748.6120,26530000,1.862126
2026-03-19,sz300750,401.9400,414.0000,400.0000,745.8760,29286600,1.862362
2026-03-20,sz300750,405.0800,422.0800,400.1300,768.3760,53729700,1.860475
2026-03-23,sz300750,417.3300,417.3600,398.7500,748.5580,44614100,1.862131
2026-03-24,sz300750,405.0000,411.9000,388.0000,739.5580,36410500,1.862913
2026-03-25,sz300750,393.0000,400.5000,387.8000,741.0340,26752800,1.862784
2026-03-26,sz300750,393.8400,413.7200,392.0000,749.4760,26763700,1.862052
2026-03-27,sz300750,406.1200,418.3300,401.7300,774.1000,30258000,1.860012
2026-03-30,sz300750,413.0000,418.8500,405.6000,768.3760,25348400,1.860475
2026-03-31,sz300750,413.0000,416.9500,401.5800,748.0360,24925600,1.862176
2026-04-01,sz300750,409.7300,409.8700,396.0000,755.2540,23170100,1.861561
2026-04-02,sz300750,407.9000,411.9900,397.2000,747.0820,22305600,1.862258
2026-04-03,sz300750,400.0000,400.8000,385.1300,720.6040,24751500,1.864628
2026-04-07,sz300750,389.9800,393.2000,381.4900,717.2380,17257600,1.864942
2026-04-08,sz300750,396.5000,397.6500,388.2200,729.3160,36418400,1.863828
2026-04-09,sz300750,394.1000,394.2800,386.6600,726.9580,25955200,1.864043
2026-04-10,sz300750,394.0000,419.0000,392.6800,773.7760,50788700,1.860038
2026-04-13,sz300750,418.0000,433.3300,416.0000,793.8100,41239900,1.858474
2026-04-14,sz300750,421.5000,432.4900,414.4000,800.3980,44220800,1.857977
2026-04-15,sz300750,438.8800,439.4600,427.0700,800.7760,37353600,1.857949
2026-04-16,sz300750,441.0000,460.0000,433.0200,842.1400,63506200,1.855016
2026-04-17,sz300750,455.9600,457.6400,441.0100,824.5360,36535800,1.856227
2026-04-20,sz300750,433.0000,437.9000,426.0100,803.4760,52927800,1.857748
2026-04-21,sz300750,435.0000,450.1300,425.1000,830.6560,57774600,1.855800
2026-04-22,sz300750,441.0100,447.9700,433.1300,822.8380,46025400,1.885729
2026-04-23,sz300750,443.5000,443.6000,435.0000,827.4280,35431000,1.885231
2026-04-24,sz300750,442.0000,448.4500,438.0000,838.2280,39542500,1.884082
2026-04-27,sz300750,444.6300,448.7600,433.8000,820.1920,33061300,1.886019
2026-04-28,sz300750,426.1900,433.3000,423.0000,807.2140,35012100,1.887469
2026-04-29,sz300750,432.0000,445.1500,428.0000,838.4080,37633600,1.884063
2026-04-30,sz300750,446.5000,449.5000,436.0000,822.2080,29812100,1.885798
2026-05-06,sz300750,457.5000,465.8800,448.6300,865.4080,47372700,1.881322
2026-05-07,sz300750,468.7500,468.7500,447.0000,850.3600,38621300,1.882827
2026-05-08,sz300750,449.0000,455.5000,436.2000,824.0080,36604900,1.885602
2026-05-11,sz300750,440.0000,450.5100,435.1000,840.4060,34190100,1.883854
2026-05-12,sz300750,446.5900,446.8500,429.2900,813.6580,34151500,1.886743
2026-05-13,sz300750,431.0100,436.5800,427.0800,818.6980,31685800,1.886184
2026-05-14,sz300750,449.3800,450.4500,427.0000,806.0080,34704600,1.887607
2026-05-15,sz300750,428.0800,431.5000,421.0000,799.8880,29704900,1.888310
2026-05-18,sz300750,420.5800,422.9000,414.0000,788.4220,28498300,1.889658
2026-05-19,sz300750,415.8600,419.9000,406.8000,789.6640,26087700,1.889510
2026-05-20,sz300750,417.0000,422.9900,412.6600,783.9580,28119000,1.890194
2026-05-21,sz300750,419.8700,427.6200,411.4200,778.3420,33867200,1.890878
2026-05-22,sz300750,414.7000,416.5000,410.0000,777.4960,27788400,1.890982
2026-05-25,sz300750,411.2800,414.5000,400.0000,762.5920,38197700,1.892851
2026-05-26,sz300750,406.1900,408.7700,400.3600,761.9080,35062700,1.892939
2026-05-27,sz300750,413.9200,428.9000,411.2900,784.0480,53372900,1.890183
2026-05-28,sz300750,420.0000,420.5800,406.2000,785.6320,32777100,1.889992
2026-05-29,sz300750,423.0000,430.8600,416.5500,800.6080,49811900,1.888226
2026-06-01,sz300750,432.1000,438.2400,418.1800,793.5880,38600500,1.889045
2026-06-02,sz300750,425.0000,437.7500,423.0000,818.4100,38798200,1.886215
2026-06-03,sz300750,437.0000,437.0000,420.1000,804.9640,38552600,1.887726
2026-06-04,sz300750,426.4200,426.9000,407.1800,772.1680,43115500,1.891641
2026-06-05,sz300750,407.8900,412.6500,402.7000,762.8080,28738900,1.892824
2026-06-08,sz300750,395.8000,402.6800,390.7000,744.8440,28652600,1.895181
2026-06-09,sz300750,399.9900,401.8700,388.0000,756.5080,27735100,1.893637
2026-06-10,sz300750,395.2800,399.0000,385.1200,736.7080,24435700,1.896288
2026-06-11,sz300750,386.9800,391.3400,380.0300,725.3680,26865400,1.897875
2026-06-12,sz300750,389.9900,399.5400,383.3000,748.1380,41420800,1.894740
2026-06-15,sz300750,402.0000,407.9000,393.4100,753.9880,34074900,1.893966
2026-06-16,sz300750,408.8800,409.0200,398.5000,763.7620,34839300,1.892702
2026-06-17,sz300750,400.0000,403.3000,395.5800,755.6080,25009300,1.893754
2026-06-18,sz300750,400.3900,409.8900,389.9200,742.1980,38548100,1.895538
2026-06-22,sz300750,393.0000,413.3300,386.0000,773.5720,59464800,1.891467
2026-06-23,sz300750,411.0000,414.0400,390.7300,743.9260,37374100,1.895305
2026-06-24,sz300750,392.0000,399.2700,386.6600,749.0560,34427100,1.894618
2026-06-25,sz300750,399.8800,402.5500,392.5800,760.8280,32404600,1.893078
2026-06-26,sz300750,401.0000,409.8100,381.0000,723.2080,46525300,1.898184
2026-06-29,sz300750,386.9600,396.0000,378.2000,743.6560,42525900,1.895341
2026-06-30,sz300750,392.4900,402.3600,390.0000,744.8260,27038300,1.895183
2026-07-01,sz300750,390.0000,391.0000,370.0000,728.3200,44088600,1.897457
2026-07-02,sz300750,387.6800,390.9900,380.3900,725.6380,34075400,1.897837
2026-07-03,sz300750,381.9600,387.9500,379.0000,721.4080,25884900,1.898442
2026-07-06,sz300750,379.2300,381.8900,374.0500,711.5260,21648000,1.899885
2026-07-07,sz300750,376.0000,378.8800,370.7600,707.8900,20848600,1.900427
2026-07-08,sz300750,374.0000,376.6800,361.0000,687.2080,27051900,1.903623
2026-07-09,sz300750,361.0000,376.6600,360.0700,713.3080,37794200,1.899622
2026-07-10,sz300750,375.0000,375.2000,346.1600,665.1760,55601400,1.907260
2026-07-13,sz300750,349.0000,362.0000,348.0000,683.7160,46290700,1.904183
2026-07-14,sz300750,352.6000,364.6300,352.4900,692.6260,43631600,1.902766
2026-07-15,sz300750,368.0100,379.9900,363.0800,708.8080,35849300,1.900290
2026-07-16,sz300750,369.4800,375.0200,364.5000,696.5680,25186900,1.902152
2026-07-17,sz300750,372.3000,375.2400,360.0000,685.4080,51245300,1.903911
2026-07-20,sz300750,354.0000,377.6000,353.8000,714.9820,44790800,1.899376
2026-07-21,sz300750,372.6700,391.0000,372.5000,725.3680,44036000,1.897875
2026-07-22,sz300750,382.8500,385.0000,369.8700,707.4760,31193800,1.900489
2026-07-23,sz300750,373.0000,386.0000,366.0100,732.1900,35940900,1.896914
2026-07-24,sz300750,383.1800,390.8600,382.6500,726.8260,25454200,1.897668
2026-07-27,sz300750,398.0100,403.8000,394.0000,757.4080,47327200,1.893520
2026-07-28,sz300750,396.2600,399.9900,390.8600,740.9560,37191100,1.895707
2026-07-29,sz300750,390.0000,401.8600,381.3800,751.7200,40435900,1.894265
2026-07-30,sz300750,390.0000,403.8000,389.8000,760.7920,45239000,1.893083
2026-07-31,sz300750,395.5500,400.2000,389.0000,748.9480,39414900,1.894632
2026-08-03,sz300750,392.6000,395.8800,389.6000,747.3280,21522300,1.894848
2026-08-04,sz300750,395.0000,397.8600,391.2200,748.5880,26165400,1.894680
2026-08-05,sz300750,400.0200,407.9000,398.0000,766.7680,30011200,1.892320
2026-08-06,sz300750,410.0000,410.0000,384.1600,735.8080,45320100,1.896412
2026-08-07,sz300750,387.9900,388.8800,384.0200,735.9340,25519300,1.896395
2026-08-10,sz300750,385.6100,394.6200,384.6300,748.8980,23160900,1.901384
2026-08-11,sz300750,395.0000,395.2800,389.5200,742.6520,16299200,1.902285
2026-08-12,sz300750,388.4300,395.9100,387.5200,749.0060,20236400,1.901368
2026-08-13,sz300750,393.0400,399.3900,391.0400,753.2720,24429300,1.900762
2026-08-14,sz300750,395.0000,400.9900,393.6800,749.0060,15930200,1.901368
2026-08-17,sz300750,393.9300,400.5000,390.5000,759.8960,20399800,1.899835
2026-08-18,sz300750,399.0000,400.7500,394.5000,753.2000,16933200,1.900772
2026-08-19,sz300750,394.0000,396.9900,388.3300,740.1320,21157200,1.902653
2026-08-20,sz300750,391.5100,392.0900,384.0000,732.9320,17909600,1.903719
2026-08-21,sz300750,386.0000,397.8300,383.0500,744.0020,20449600,1.902089
2026-08-24,sz300750,391.1500,394.4000,386.6800,738.1340,13973000,1.902947
2026-08-25,sz300750,391.0000,391.1500,376.0600,718.0460,26064600,1.905996
2026-08-26,sz300750,379.9000,385.5000,373.7100,722.1320,20716200,1.905361
2026-08-27,sz300750,376.5000,378.6600,370.0500,711.3320,23373800,1.907056
2026-08-28,sz300750,368.0000,371.2500,364.1300,703.2320,26377000,1.908364
2026-08-31,sz300750,366.6000,367.3300,357.3000,694.3220,26242400,1.909839
2026-09-01,sz300750,362.4900,363.5600,358.0300,684.5120,19808700,1.911511
2026-09-02,sz300750,355.9800,356.5000,347.5500,666.8540,27806700,1.914652
2026-09-03,sz300750,349.9900,354.8000,348.1000,669.0320,26286400,1.914255
2026-09-04,sz300750,351.4000,354.6600,349.5600,671.7320,22738100,1.913766
2026-09-07,sz300750,351.0500,351.8000,345.5000,666.6920,24678800,1.914681
2026-09-08,sz300750,345.6700,346.6000,326.0000,643.8140,51955100,1.919026
2026-09-09,sz300750,332.4800,337.6600,327.1000,646.2440,39024000,1.918549
2026-09-10,sz300750,335.9000,340.8000,330.5000,648.4400,29118400,1.918121
2026-09-11,sz300750,333.0600,335.6600,328.3000,634.8500,27660000,1.920819
2026-09-14,sz300750,334.5100,341.8100,334.0000,646.7300,26184900,1.918454
2026-09-15,sz300750,335.0000,335.7300,316.0000,609.3800,48048300,1.926223
2026-09-16,sz300750,313.0100,315.0000,299.0000,589.7960,78716300,1.930719
2026-09-17,sz300750,306.0000,308.6600,302.7000,587.6720,34489600,1.931226
2026-09-18,sz300750,309.7700,310.0000,300.2700,583.4420,38071300,1.932247
2026-09-21,sz300750,303.0400,303.6000,295.5000,574.7120,49488300,1.934406
2026-09-22,sz300750,298.0000,308.6900,297.7400,588.2660,47381100,1.931084
2026-09-23,sz300750,304.5000,305.7600,299.1000,581.7320,24744100,1.932664
2026-09-24,sz300750,300.0000,302.0000,293.0000,568.2320,28008500,1.936055
2026-09-28,sz300750,289.0000,292.6600,286.6600,565.5140,33914400,1.936758
