date,symbol,open,high,low,close,volume,factor
2007-03-19,aapl,90.2400,91.5500,89.5900,91.1300,25471457,1.000000
2007-03-20,aapl,91.3500,91.8400,91.0600,91.4800,17474064,1.000000
2007-03-21,aapl,91.9900,94.0000,91.6500,93.8700,24551703,1.000000
2007-03-22,aapl,93.7300,94.3600,93.0000,93.9600,20188862,1.000000
2007-03-23,aapl,93.3500,94.0700,93.3000,93.5200,16119797,1.000000
2007-03-26,aapl,93.9900,95.9000,93.3000,95.8500,30916304,1.000000
2007-03-27,aapl,95.7100,96.8300,95.0000,95.4600,33310415,1.000000
2007-03-28,aapl,94.8800,95.4000,93.1500,93.2400,33906998,1.000000
2007-03-29,aapl,94.1900,94.1900,92.2300,93.7500,25928348,1.000000
2007-03-30,aapl,94.2800,94.6800,92.7500,92.9100,21460993,1.000000
2007-04-02,aapl,94.1400,94.2500,93.0200,93.6500,17936060,1.000000
2007-04-03,aapl,94.1400,95.2300,93.7600,94.5000,20870473,1.000000
2007-04-04,aapl,94.9400,95.1400,94.1300,94.2700,17039354,1.000000
2007-04-05,aapl,94.1200,94.6800,93.5200,94.6800,12705136,1.000000
2007-04-09,aapl,95.2100,95.3000,93.0400,93.6500,14772985,1.000000
2007-04-10,aapl,93.6700,94.2580,93.4100,94.2500,12598044,1.000000
2007-04-11,aapl,93.9000,93.9500,92.3300,92.5900,19633372,1.000000
2007-04-12,aapl,92.0400,92.3100,90.7200,92.1900,23711969,1.000000
2007-04-13,aapl,90.9000,91.4000,90.0600,90.2400,25722969,1.000000
2007-04-16,aapl,90.5700,91.5000,90.2500,91.4300,21764792,1.000000
2007-04-17,aapl,92.0000,92.3000,89.7000,90.3500,26870049,1.000000
2007-04-18,aapl,90.1600,90.8500,89.6000,90.4000,16585134,1.000000
2007-04-19,aapl,90.1900,91.2500,89.8300,90.2700,15230508,1.000000
2007-04-20,aapl,90.8890,91.1800,90.5500,90.9700,18770432,1.000000
2007-04-23,aapl,91.5850,93.8000,91.4200,93.5100,27903253,1.000000
2007-04-24,aapl,93.9600,96.3900,91.3000,93.2400,37729878,1.000000
2007-04-25,aapl,94.2300,95.4000,93.8000,95.3480,43744704,1.000000
2007-04-26,aapl,101.6000,102.5000,98.3000,98.8400,62153471,1.000000
2007-04-27,aapl,98.1800,99.9500,97.6900,99.9200,25003311,1.000000
2007-04-30,aapl,100.0900,101.0000,99.6700,99.8000,22051686,1.000000
2007-05-01,aapl,99.5900,100.3500,98.5500,99.4700,19023775,1.000000
2007-05-02,aapl,99.6500,100.5400,99.4700,100.3900,18125753,1.000000
2007-05-03,aapl,100.7300,101.4500,100.0100,100.4000,20599706,1.000000
2007-05-04,aapl,100.8000,101.6000,100.5000,100.8100,13653785,1.000000
2007-05-07,aapl,101.0800,104.3500,101.0100,103.9200,30796827,1.000000
2007-05-08,aapl,103.4700,105.1500,103.4200,105.0600,28026515,1.000000
2007-05-09,aapl,104.9100,106.9600,104.8900,106.8800,25662805,1.000000
2007-05-10,aapl,106.6300,108.8400,105.9200,107.3400,42777381,1.000000
2007-05-11,aapl,107.7400,109.1300,106.7800,108.7400,23325550,1.000000
2007-05-14,aapl,109.6200,110.0000,108.2500,109.3600,23298835,1.000000
2007-05-15,aapl,109.5700,110.2000,106.4800,107.5200,34116236,1.000000
2007-05-16,aapl,108.5300,108.8300,103.4200,107.3400,40275055,1.000000
2007-05-17,aapl,107.1500,109.8700,107.1500,109.4400,26358332,1.000000
2007-05-18,aapl,110.2300,110.6400,109.7700,110.0200,22197222,1.000000
2007-05-21,aapl,110.3100,112.4500,110.0500,111.9800,22896870,1.000000
2007-05-22,aapl,112.4900,113.7500,112.0100,113.5400,20457942,1.000000
2007-05-23,aapl,114.0200,115.0000,112.5900,112.8900,32699553,1.000000
2007-05-24,aapl,112.8100,114.4600,110.3700,110.6900,31740524,1.000000
2007-05-25,aapl,112.0000,113.7800,111.5000,113.6200,22607957,1.000000
2007-05-29,aapl,114.4500,114.8600,112.6900,114.3500,23074604,1.000000
2007-05-30,aapl,114.3000,118.8800,113.5300,118.7700,52962727,1.000000
2007-05-31,aapl,120.0700,122.1700,119.5410,121.1910,46464443,1.000000
2007-06-01,aapl,121.1000,121.1900,118.2900,118.4000,31642848,1.000000
2007-06-04,aapl,118.6300,121.7300,117.9000,121.3300,31714050,1.000000
2007-06-05,aapl,121.4100,122.6900,120.5000,122.6700,32923607,1.000000
2007-06-06,aapl,122.3000,124.0500,121.9500,123.6400,39784327,1.000000
2007-06-07,aapl,124.9900,127.6100,123.1900,124.0690,68502341,1.000000
2007-06-08,aapl,125.8250,125.8300,122.2900,124.4900,44441019,1.000000
2007-06-11,aapl,126.0000,126.1500,119.5400,120.1900,67169301,1.000000
2007-06-12,aapl,119.3500,121.7100,118.3100,120.3800,50996330,1.000000
2007-06-13,aapl,121.1500,121.1900,115.4000,117.5000,61533464,1.000000
2007-06-14,aapl,117.2000,119.4500,116.4200,118.7500,34787691,1.000000
2007-06-15,aapl,120.6200,120.6700,119.8600,120.5000,29000628,1.000000
2007-06-18,aapl,123.2800,125.1800,122.5400,125.0900,32567397,1.000000
2007-06-19,aapl,124.6900,125.0100,122.9100,123.6600,33739070,1.000000
2007-06-20,aapl,123.8700,124.6600,121.5000,121.5500,32081485,1.000000
2007-06-21,aapl,121.7000,124.2900,120.7200,123.9000,30988733,1.000000
2007-06-22,aapl,123.8500,124.4500,122.3800,123.0000,22707862,1.000000
2007-06-25,aapl,124.1900,125.0900,121.0600,122.3400,34502566,1.000000
2007-06-26,aapl,123.9800,124.0000,118.7200,119.6500,48035816,1.000000
2007-06-27,aapl,120.6100,122.0400,119.2600,121.8900,34843108,1.000000
2007-06-28,aapl,122.3600,122.4900,120.0000,120.5600,30085840,1.000000
2007-06-29,aapl,121.9700,124.0000,121.0900,122.0400,40637106,1.000000
2007-07-02,aapl,121.0500,122.0900,119.3000,121.2600,35578565,1.000000
2007-07-03,aapl,122.0000,127.4000,121.5000,127.1700,41517190,1.000000
2007-07-05,aapl,128.8000,132.9700,128.6900,132.7500,51894676,1.000000
2007-07-06,aapl,133.1300,133.3400,130.4000,132.3000,31239020,1.000000
2007-07-09,aapl,132.3800,132.9000,129.1800,130.3300,35565002,1.000000
2007-07-10,aapl,128.8800,134.5000,128.8100,132.3500,44821783,1.000000
2007-07-11,aapl,132.0700,133.7000,131.3100,132.3900,29348984,1.000000
2007-07-12,aapl,133.8500,134.2400,132.3900,134.0700,25164507,1.000000
2007-07-13,aapl,135.0300,137.8500,134.5200,137.7300,32414435,1.000000
2007-07-16,aapl,138.3900,139.9800,137.5000,138.1000,33432591,1.000000
2007-07-17,aapl,138.3000,139.6000,137.5000,138.9100,25355612,1.000000
2007-07-18,aapl,138.1900,138.4400,136.0400,138.1200,27049910,1.000000
2007-07-19,aapl,140.3000,140.8100,139.6500,140.0000,26174616,1.000000
2007-07-20,aapl,141.6500,144.1800,140.0000,143.7500,41706200,1.000000
2007-07-23,aapl,143.3100,145.2200,140.9300,143.7000,37017446,1.000000
2007-07-24,aapl,138.8800,141.0000,134.1500,134.8900,64468105,1.000000
2007-07-25,aapl,137.3500,138.3600,135.0000,137.2600,58254048,1.000000
2007-07-26,aapl,145.9100,148.5000,136.9600,146.0000,78198293,1.000000
2007-07-27,aapl,146.1900,148.9200,143.7800,143.8500,41468016,1.000000
2007-07-30,aapl,144.3300,145.4500,139.5700,141.4300,39590684,1.000000
2007-07-31,aapl,142.9700,143.4800,131.5200,131.7600,63252957,1.000000
2007-08-01,aapl,133.6400,135.3800,127.7700,135.0000,62549932,1.000000
2007-08-02,aapl,136.6500,136.9600,134.1500,136.4900,30492699,1.000000
2007-08-03,aapl,135.2600,135.9500,131.5000,131.8500,24256611,1.000000
2007-08-06,aapl,132.9000,135.2700,128.3000,135.2500,33068267,1.000000
2007-08-07,aapl,134.9400,137.2400,132.6300,135.0300,33981278,1.000000
2007-08-08,aapl,136.7600,136.8600,132.0000,134.0100,28883504,1.000000
2007-08-09,aapl,131.1100,133.0000,125.0900,126.3900,40243225,1.000000
2007-08-10,aapl,123.1200,127.7500,120.3000,125.0000,50384937,1.000000
2007-08-13,aapl,128.3200,129.3500,126.5000,127.7900,26932558,1.000000
2007-08-14,aapl,128.2900,128.3000,123.7100,124.0300,26398699,1.000000
2007-08-15,aapl,122.7400,124.8600,119.6500,119.9000,35458951,1.000000
2007-08-16,aapl,117.0100,118.5000,111.6200,117.0500,66667828,1.000000
2007-08-17,aapl,122.0100,123.5000,119.8200,122.0600,42680817,1.000000
2007-08-20,aapl,123.9600,124.5000,120.5000,122.2200,28697254,1.000000
2007-08-21,aapl,122.2100,128.9600,121.0000,127.5700,46537395,1.000000
2007-08-22,aapl,131.2200,132.7500,130.3300,132.5100,37920229,1.000000
2007-08-23,aapl,133.0900,133.3400,129.7600,131.0700,30958438,1.000000
2007-08-24,aapl,130.5300,135.3700,129.8100,135.3000,32565459,1.000000
2007-08-27,aapl,133.3910,134.6600,132.1000,132.2500,25265816,1.000000
2007-08-28,aapl,130.9900,132.4100,126.6300,126.8200,42120365,1.000000
2007-08-29,aapl,129.8800,134.1800,129.5400,134.0800,41674427,1.000000
2007-08-30,aapl,132.6700,138.2500,132.3000,136.2500,51272577,1.000000
2007-08-31,aapl,139.4900,139.6500,137.4100,138.4800,31317540,1.000000
2007-09-04,aapl,139.9400,145.7300,139.8400,144.1600,47030096,1.000000
2007-09-05,aapl,144.9700,145.8400,136.1000,136.7600,83151957,1.000000
2007-09-06,aapl,135.5600,137.5700,132.7100,135.0100,67902198,1.000000
2007-09-07,aapl,132.0100,132.3000,130.0000,131.7700,51091917,1.000000
2007-09-10,aapl,136.9950,138.0400,133.9500,136.7100,53137352,1.000000
2007-09-11,aapl,137.9000,138.3000,133.7500,135.4900,34710176,1.000000
2007-09-12,aapl,135.9900,139.4000,135.7500,136.8500,36548046,1.000000
2007-09-13,aapl,138.8300,139.0000,136.6500,137.2000,23434314,1.000000
2007-09-14,aapl,136.5700,138.9800,136.2000,138.8100,21689990,1.000000
2007-09-17,aapl,138.9900,140.5900,137.6000,138.4100,28334614,1.000000
2007-09-18,aapl,139.0600,142.8500,137.8300,140.9200,38003145,1.000000
2007-09-19,aapl,143.0200,143.1600,139.4000,140.7700,36674264,1.000000
2007-09-20,aapl,140.1500,141.7900,139.3200,140.3100,24708539,1.000000
2007-09-21,aapl,141.1400,144.6500,140.3100,144.1500,40674221,1.000000
2007-09-24,aapl,146.7300,149.8500,146.6500,148.2800,37577154,1.000000
2007-09-25,aapl,146.8400,153.2200,146.8200,153.1800,42591025,1.000000
2007-09-26,aapl,154.4700,155.0000,151.2500,152.7700,34830970,1.000000
2007-09-27,aapl,153.7700,154.5200,152.3200,154.5000,23507014,1.000000
2007-09-28,aapl,153.4400,154.6000,152.7500,153.4700,21967883,1.000000
2007-10-01,aapl,154.6300,157.4100,152.9300,156.3390,29895206,1.000000
2007-10-02,aapl,156.5500,158.5900,155.8900,158.4500,28288192,1.000000
2007-10-03,aapl,157.7800,159.1800,157.0100,157.9200,24732737,1.000000
2007-10-04,aapl,158.0000,158.0800,153.5000,156.2400,23462781,1.000000
2007-10-05,aapl,158.3700,161.5800,157.7000,161.4500,33695315,1.000000
2007-10-08,aapl,163.4900,167.9100,162.9700,167.9100,29854511,1.000000
2007-10-09,aapl,170.2000,171.1100,166.6800,167.8600,39494476,1.000000
2007-10-10,aapl,167.5500,167.8800,165.6000,166.7900,23842437,1.000000
2007-10-11,aapl,169.4900,171.8800,153.2100,162.2300,58713949,1.000000
2007-10-12,aapl,163.0100,167.2800,161.8000,167.2540,35291917,1.000000
2007-10-15,aapl,167.9800,169.5700,163.5000,166.9800,38497463,1.000000
2007-10-16,aapl,165.5400,170.1800,165.1500,169.5800,38136777,1.000000
2007-10-17,aapl,172.6900,173.0400,169.1800,172.7500,40271862,1.000000
2007-10-18,aapl,171.5000,174.1900,171.0500,173.5000,29440947,1.000000
2007-10-19,aapl,174.2400,174.6300,170.0000,170.4200,46134986,1.000000
2007-10-22,aapl,170.3500,174.9000,169.9600,174.3600,58910605,1.000000
2007-10-23,aapl,188.5600,188.6000,182.7600,186.1600,64112989,1.000000
2007-10-24,aapl,185.8100,187.2100,179.2400,185.9300,46017132,1.000000
2007-10-25,aapl,184.8700,185.9000,181.6600,182.7800,34771995,1.000000
2007-10-26,aapl,185.2900,185.3700,182.8800,184.7000,25245570,1.000000
2007-10-29,aapl,185.4500,186.5900,184.7000,185.0900,19305477,1.000000
2007-10-30,aapl,186.1800,189.3700,184.7300,187.0000,33550461,1.000000
2007-10-31,aapl,187.6300,190.1200,184.9500,189.9500,29761088,1.000000
2007-11-01,aapl,188.6000,190.1000,180.0000,187.4400,28751248,1.000000
2007-11-02,aapl,189.2100,189.4400,183.4900,187.8700,35789773,1.000000
2007-11-05,aapl,185.2900,188.9600,184.2400,186.1800,28720523,1.000000
2007-11-06,aapl,187.0500,192.0000,185.2700,191.7900,34097332,1.000000
2007-11-07,aapl,190.6100,192.6800,186.1300,186.3000,35511653,1.000000
2007-11-08,aapl,186.6700,186.9000,167.7700,175.4660,67513466,1.000000
2007-11-09,aapl,171.1500,175.1200,165.2100,165.3700,54513504,1.000000
2007-11-12,aapl,165.2800,167.7000,150.6300,153.7600,63180824,1.000000
2007-11-13,aapl,160.8700,170.9800,153.7600,169.9600,62123079,1.000000
2007-11-14,aapl,177.2300,177.5700,163.7400,166.1100,51755984,1.000000
2007-11-15,aapl,166.3900,169.5900,160.3000,164.3000,53121785,1.000000
2007-11-16,aapl,165.3000,167.0200,159.3300,166.3900,49410423,1.000000
2007-11-19,aapl,166.1000,168.2000,162.1000,163.9500,41229585,1.000000
2007-11-20,aapl,165.6700,171.7900,163.5300,168.8500,55130014,1.000000
2007-11-21,aapl,165.8400,172.3500,164.6700,168.4600,43520912,1.000000
2007-11-23,aapl,172.0000,172.0500,169.7500,171.5400,16634143,1.000000
2007-11-26,aapl,173.5900,177.2700,172.3500,172.5420,46634062,1.000000
2007-11-27,aapl,175.2200,175.7900,170.0100,174.8100,47036711,1.000000
2007-11-28,aapl,176.8200,180.6000,175.3500,180.2200,41103967,1.000000
2007-11-29,aapl,179.4300,185.1700,179.1500,184.2900,37533058,1.000000
2007-11-30,aapl,187.3400,187.7000,179.7000,182.2200,42421483,1.000000
2007-12-03,aapl,181.8600,184.1400,177.7000,178.8600,34338178,1.000000
2007-12-04,aapl,177.1500,180.9000,176.9900,179.8100,27635681,1.000000
2007-12-05,aapl,182.8900,186.0000,182.4100,185.5000,31871473,1.000000
2007-12-06,aapl,186.1900,190.1000,186.1200,189.9530,32159573,1.000000
2007-12-07,aapl,190.5400,194.9900,188.0400,194.3000,38073707,1.000000
2007-12-10,aapl,193.5900,195.6600,192.6900,194.2100,25799130,1.000000
2007-12-11,aapl,194.7500,196.8300,187.3900,188.5400,39675869,1.000000
2007-12-12,aapl,193.4400,194.4800,185.7600,190.8600,43773562,1.000000
2007-12-13,aapl,190.1900,192.1200,187.8200,191.8300,30925621,1.000000
2007-12-14,aapl,190.3700,200.0000,189.5400,190.3900,24092389,1.000000
2007-12-17,aapl,190.7200,192.6500,182.9800,184.4000,36596134,1.000000
2007-12-18,aapl,186.5200,187.3300,178.6000,182.9800,43664353,1.000000
2007-12-19,aapl,182.9800,184.6390,180.9000,183.1200,29552784,1.000000
2007-12-20,aapl,185.4300,187.8300,183.3300,187.2100,27644803,1.000000
2007-12-21,aapl,190.1200,193.9120,189.8900,193.9100,35544882,1.000000
2007-12-24,aapl,195.0300,199.3300,194.7900,198.8000,17152410,1.000000
2007-12-26,aapl,199.0100,200.9600,196.8200,198.9500,25133289,1.000000
2007-12-27,aapl,198.7700,202.9600,197.8000,198.5700,28411624,1.000000
2007-12-28,aapl,200.5900,201.5600,196.8800,199.8300,24987398,1.000000
2007-12-31,aapl,199.5000,200.5000,197.7500,198.0800,19261842,1.000000
2008-01-02,aapl,199.2700,200.2600,192.5500,194.8400,38542020,1.000000
2008-01-03,aapl,195.4100,197.3900,192.6900,194.9300,30073780,1.000000
2008-01-04,aapl,191.4500,193.0000,178.8900,180.0500,51993904,1.000000
2008-01-07,aapl,181.2500,183.6000,170.2300,177.6400,74006846,1.000000
2008-01-08,aapl,180.1400,182.4600,170.8000,171.2500,54421984,1.000000
2008-01-09,aapl,171.3000,179.5000,168.3000,179.4000,64840673,1.000000
2008-01-10,aapl,177.5800,181.0000,175.4100,178.0200,52963350,1.000000
2008-01-11,aapl,176.0000,177.8500,170.0000,172.6900,44010111,1.000000
2008-01-14,aapl,177.5200,179.4200,175.1700,178.7800,39301774,1.000000
2008-01-15,aapl,177.7200,179.2200,164.6600,169.0400,83937922,1.000000
2008-01-16,aapl,165.2300,169.0100,156.7000,159.6400,79191989,1.000000
2008-01-17,aapl,161.5100,165.3600,158.4200,160.8900,62853413,1.000000
2008-01-18,aapl,161.7100,165.7500,159.6100,161.3600,61583651,1.000000
2008-01-22,aapl,148.0200,159.9800,146.0000,155.6400,86963480,1.000000
2008-01-23,aapl,136.2100,140.0000,126.1400,139.0720,120466292,1.000000
2008-01-24,aapl,139.9900,140.7000,132.0100,135.6000,71638013,1.000000
2008-01-25,aapl,138.9900,139.0900,129.6100,130.0100,55526314,1.000000
2008-01-28,aapl,128.1600,133.2000,126.4500,130.0100,52672974,1.000000
2008-01-29,aapl,131.1500,132.7900,129.0500,131.5400,39285086,1.000000
2008-01-30,aapl,131.3700,135.4500,130.0000,132.1800,44394619,1.000000
2008-01-31,aapl,129.4500,136.6500,129.4000,135.3600,48059713,1.000000
2008-02-01,aapl,136.2400,136.5900,132.1800,133.7500,36097982,1.000000
2008-02-04,aapl,134.2100,135.9000,131.4200,131.6500,32115481,1.000000
2008-02-05,aapl,130.4300,134.0000,128.9000,129.3600,40751491,1.000000
2008-02-06,aapl,130.8300,131.9200,121.7700,122.0000,56188205,1.000000
2008-02-07,aapl,119.9700,124.7800,117.2700,121.2400,74450275,1.000000
2008-02-08,aapl,122.0800,125.7000,121.6000,125.4800,48427520,1.000000
2008-02-11,aapl,128.0100,129.9800,127.2000,129.4500,42908217,1.000000
2008-02-12,aapl,130.7000,131.0000,123.6200,124.8600,43784943,1.000000
2008-02-13,aapl,126.6800,129.7800,125.6300,129.4000,34590469,1.000000
2008-02-14,aapl,129.4000,130.8000,127.0100,127.4600,34080728,1.000000
2008-02-15,aapl,126.2700,127.0800,124.0600,124.6300,32189246,1.000000
2008-02-19,aapl,125.9900,126.7500,121.4400,122.1800,35894478,1.000000
2008-02-20,aapl,122.2000,124.6000,121.6800,123.8200,34551356,1.000000
2008-02-21,aapl,126.0500,126.4700,120.8600,121.5400,33504078,1.000000
2008-02-22,aapl,122.4800,122.5100,115.8700,119.4600,54638437,1.000000
2008-02-25,aapl,118.5900,120.1700,116.6640,119.7400,44884740,1.000000
2008-02-26,aapl,117.6400,121.0900,115.4400,119.1500,53745939,1.000000
2008-02-27,aapl,118.2300,123.0500,118.0900,122.9600,52683413,1.000000
2008-02-28,aapl,127.2000,132.2000,125.7700,129.9100,57794704,1.000000
2008-02-29,aapl,129.2900,130.2100,124.8000,125.0200,44838544,1.000000
2008-03-03,aapl,124.4400,125.9800,118.0000,121.7300,56920466,1.000000
2008-03-04,aapl,121.9900,124.8800,120.4000,124.6200,63763682,1.000000
2008-03-05,aapl,123.5800,125.1400,122.2500,124.4900,43636940,1.000000
2008-03-06,aapl,124.6150,127.5000,120.8100,120.9300,52632054,1.000000
2008-03-07,aapl,120.4100,122.9800,119.0500,122.2500,43953695,1.000000
2008-03-10,aapl,121.9800,123.4600,119.3700,119.6900,35739047,1.000000
2008-03-11,aapl,124.1000,127.4800,122.0000,127.3500,41622202,1.000000
2008-03-12,aapl,127.0400,128.6800,125.1700,126.0300,37843856,1.000000
2008-03-13,aapl,124.1000,129.5000,123.0000,127.9400,45151255,1.000000
2008-03-14,aapl,129.8800,130.3000,124.2000,126.6100,41316269,1.000000
2008-03-17,aapl,122.5500,128.5900,122.5500,126.7300,38307074,1.000000
2008-03-18,aapl,129.1800,133.0010,128.6700,132.8200,43039945,1.000000
2008-03-19,aapl,133.1200,134.2900,129.6700,129.6700,36090600,1.000000
2008-03-20,aapl,131.1200,133.2920,129.1800,133.2700,32456650,1.000000
2008-03-24,aapl,134.0100,140.8500,133.6400,139.5300,38119507,1.000000
2008-03-25,aapl,139.9600,143.1000,137.3300,140.9800,37596140,1.000000
2008-03-26,aapl,140.8700,145.7400,140.6400,145.0600,42217233,1.000000
2008-03-27,aapl,144.9500,145.3100,139.9900,140.2500,35708131,1.000000
2008-03-28,aapl,141.8000,144.6500,141.6000,143.0100,25547083,1.000000
2008-03-31,aapl,143.2700,145.7100,142.5200,143.5000,27430839,1.000000
2008-04-01,aapl,146.3000,149.6600,143.6100,149.5300,36877317,1.000000
2008-04-02,aapl,148.7800,151.2000,145.8500,147.4900,37320214,1.000000
2008-04-03,aapl,147.0600,153.6300,147.0000,151.6100,37563004,1.000000
2008-04-04,aapl,152.1900,154.7150,150.7500,153.0800,30527914,1.000000
2008-04-07,aapl,156.1300,159.6900,155.1100,155.8900,41395988,1.000000
2008-04-08,aapl,153.5500,156.4500,152.3200,152.8400,36258626,1.000000
2008-04-09,aapl,153.3100,153.8900,150.4600,151.4400,31211125,1.000000
2008-04-10,aapl,151.1300,155.4200,150.6000,154.5500,34160321,1.000000
2008-04-11,aapl,152.7200,153.3000,146.4000,147.1400,43216946,1.000000
2008-04-14,aapl,146.7700,149.2500,144.5400,147.7800,30189396,1.000000
2008-04-15,aapl,149.4000,149.7200,145.7200,148.3800,24929883,1.000000
2008-04-16,aapl,151.7200,154.1000,150.6200,153.7000,28420420,1.000000
2008-04-17,aapl,154.1700,156.0000,153.3500,154.4900,25189279,1.000000
2008-04-18,aapl,159.1200,162.2600,158.3800,161.0400,36670142,1.000000
2008-04-21,aapl,162.2100,168.5000,161.7600,168.1600,37112590,1.000000
2008-04-22,aapl,167.4000,168.0000,158.0900,160.2000,51413219,1.000000
2008-04-23,aapl,164.0500,164.8400,161.0800,162.8900,53721101,1.000000
2008-04-24,aapl,165.3400,169.9800,159.1940,168.9400,60616273,1.000000
2008-04-25,aapl,170.7000,171.1000,166.4200,169.7300,35445425,1.000000
2008-04-28,aapl,169.7500,173.7500,169.1300,172.2400,28114734,1.000000
2008-04-29,aapl,171.1100,175.6600,170.2500,175.0500,32981265,1.000000
2008-04-30,aapl,176.1900,180.0000,172.9200,173.9500,40697228,1.000000
2008-05-01,aapl,174.9600,180.0000,174.8600,180.0000,32270581,1.000000
2008-05-02,aapl,180.1900,181.9200,178.5500,180.9400,35931418,1.000000
2008-05-05,aapl,181.9200,185.3100,181.0500,184.7300,30519889,1.000000
2008-05-06,aapl,184.6600,187.1200,182.1800,186.6600,32816765,1.000000
2008-05-07,aapl,186.0500,188.2000,180.5400,182.5900,41326175,1.000000
2008-05-08,aapl,183.7700,186.5000,183.0700,185.0600,32110148,1.000000
2008-05-09,aapl,183.1600,184.2500,181.3700,183.4500,24038245,1.000000
2008-05-12,aapl,185.2100,188.8700,182.8500,188.1600,29263070,1.000000
2008-05-13,aapl,188.6100,191.4500,187.8600,189.9600,29401281,1.000000
2008-05-14,aapl,191.2300,192.2400,185.5700,186.2600,32743680,1.000000
2008-05-15,aapl,186.8100,189.9000,184.2000,189.7300,31185978,1.000000
2008-05-16,aapl,190.1100,190.3000,187.0000,187.6200,27348837,1.000000
2008-05-19,aapl,187.8600,188.6900,181.3000,183.6000,33796411,1.000000
2008-05-20,aapl,181.8200,186.1600,180.1200,185.9000,34637473,1.000000
2008-05-21,aapl,185.6700,188.0000,176.2500,178.1900,41344865,1.000000
2008-05-22,aapl,179.2600,181.3300,172.0000,177.0500,43105919,1.000000
2008-05-23,aapl,180.7700,181.9900,177.8000,181.1700,32440244,1.000000
2008-05-27,aapl,182.7500,186.4300,181.8400,186.4300,28210871,1.000000
2008-05-28,aapl,187.4100,187.9500,183.7200,187.0100,26570641,1.000000
2008-05-29,aapl,186.7600,188.2000,185.5000,186.6900,23113799,1.000000
2008-05-30,aapl,187.4500,189.5400,187.3800,188.7500,21792225,1.000000
2008-06-02,aapl,188.6000,189.6500,184.5300,186.1000,24280000,1.000000
2008-06-03,aapl,186.8600,188.2000,182.3350,185.3700,27049567,1.000000
2008-06-04,aapl,184.0200,187.0900,183.2300,185.1900,25981128,1.000000
2008-06-05,aapl,186.3400,189.8400,185.7000,189.4300,26980102,1.000000
2008-06-06,aapl,188.0000,189.9500,185.5500,185.6400,34515075,1.000000
2008-06-09,aapl,184.7900,184.9400,175.7500,181.6100,67442535,1.000000
2008-06-10,aapl,180.5100,186.7800,179.0200,185.6400,40747845,1.000000
2008-06-11,aapl,184.3400,186.0000,179.5900,180.8100,34341045,1.000000
2008-06-12,aapl,181.4900,182.6000,171.2000,173.2600,46726115,1.000000
2008-06-13,aapl,171.6400,174.1600,165.3100,172.3700,48069881,1.000000
2008-06-16,aapl,171.3000,177.9000,169.0700,176.8400,37561768,1.000000
2008-06-17,aapl,178.1000,181.9900,177.4100,181.4300,32148419,1.000000
2008-06-18,aapl,181.1200,182.2000,177.3500,178.7500,28980970,1.000000
2008-06-19,aapl,178.5500,182.3400,176.8000,180.9000,28311343,1.000000
2008-06-20,aapl,179.3500,181.0000,175.0000,175.2700,31727397,1.000000
2008-06-23,aapl,174.7400,175.8800,171.5600,173.1600,23072024,1.000000
2008-06-24,aapl,172.3700,175.7800,171.6300,173.2500,22216923,1.000000
2008-06-25,aapl,174.6100,178.8300,173.8800,177.3900,23016067,1.000000
2008-06-26,aapl,174.0700,174.8440,168.0100,168.2600,31057440,1.000000
2008-06-27,aapl,166.5100,170.5700,164.1500,170.0900,37223115,1.000000
2008-06-30,aapl,170.1900,172.0000,166.6200,167.4400,24440648,1.000000
2008-07-01,aapl,164.2300,174.7200,164.0000,174.6800,39688556,1.000000
2008-07-02,aapl,175.2000,177.4500,168.1790,168.1800,29951728,1.000000
2008-07-03,aapl,169.5900,172.1700,165.7500,170.1200,18694175,1.000000
2008-07-07,aapl,173.1600,177.1300,171.9000,175.1600,29299603,1.000000
2008-07-08,aapl,175.4000,179.7000,172.7400,179.5500,31738989,1.000000
2008-07-09,aapl,180.2000,180.9100,174.1400,174.2500,32003589,1.000000
2008-07-10,aapl,174.9200,177.3400,171.3700,176.6300,30024547,1.000000
2008-07-11,aapl,175.4700,177.1100,171.0000,172.5800,33214614,1.000000
2008-07-14,aapl,179.2400,179.3000,173.0800,173.8800,31644790,1.000000
2008-07-15,aapl,172.4800,173.7400,166.3900,169.6400,37144352,1.000000
2008-07-16,aapl,170.2000,172.9300,168.6000,172.8100,26716567,1.000000
2008-07-17,aapl,174.1000,174.9800,171.3900,171.8100,27054456,1.000000
2008-07-18,aapl,168.5200,169.6500,165.0000,165.1500,31014721,1.000000
2008-07-21,aapl,166.9000,167.5000,161.1200,166.2900,48588195,1.000000
2008-07-22,aapl,149.0000,162.7600,146.5300,162.0200,67128289,1.000000
2008-07-23,aapl,164.9900,168.3700,161.5600,166.2600,37920218,1.000000
2008-07-24,aapl,164.3200,165.2600,158.4500,159.0300,29986320,1.000000
2008-07-25,aapl,160.4000,163.0000,158.6500,162.1200,22629822,1.000000
2008-07-28,aapl,162.3400,162.4700,154.0200,154.4000,27891235,1.000000
2008-07-29,aapl,155.4100,159.4500,153.6500,157.0800,24437215,1.000000
2008-07-30,aapl,157.7800,160.4900,156.0800,159.8800,25902261,1.000000
2008-07-31,aapl,157.5400,162.2000,156.9800,158.9500,22768525,1.000000
2008-08-01,aapl,159.9000,159.9900,155.7500,156.6600,19461195,1.000000
2008-08-04,aapl,156.6000,157.9000,152.9100,153.2300,21167696,1.000000
2008-08-05,aapl,155.4200,160.8000,154.8200,160.6400,24594669,1.000000
2008-08-06,aapl,159.9700,167.4000,158.0000,164.1900,28266458,1.000000
2008-08-07,aapl,162.7100,166.1500,161.5000,163.5700,24017815,1.000000
2008-08-08,aapl,163.8600,169.6500,163.7500,169.5500,25508020,1.000000
2008-08-11,aapl,170.0700,176.5000,169.6700,173.5600,31832206,1.000000
2008-08-12,aapl,173.5200,179.2900,173.5100,176.7300,29872166,1.000000
2008-08-13,aapl,177.9800,180.0000,175.9000,179.3000,30100786,1.000000
2008-08-14,aapl,178.3300,180.4500,177.8400,179.3200,25403601,1.000000
2008-08-15,aapl,179.0400,179.7500,175.0500,175.7400,25297183,1.000000
2008-08-18,aapl,175.5700,177.8100,173.8200,175.3900,19714732,1.000000
2008-08-19,aapl,174.5400,177.0700,171.8100,173.5300,22007236,1.000000
2008-08-20,aapl,174.7730,176.9400,173.6100,175.8400,18111738,1.000000
2008-08-21,aapl,174.4700,175.4500,171.8900,174.2900,19286365,1.000000
2008-08-22,aapl,175.8200,177.5000,175.5700,176.7900,15705673,1.000000
2008-08-25,aapl,176.1500,176.2300,171.6600,172.5500,17303450,1.000000
2008-08-26,aapl,172.7600,174.8800,172.6100,173.6400,15920648,1.000000
2008-08-27,aapl,173.3100,175.7600,172.1910,174.6700,17063546,1.000000
2008-08-28,aapl,175.2800,176.2500,172.7500,173.7400,15406578,1.000000
2008-08-29,aapl,172.9600,173.5000,169.0400,169.5300,21405304,1.000000
2008-09-02,aapl,172.4000,173.5000,165.0000,166.1900,27908193,1.000000
2008-09-03,aapl,166.8400,168.6800,164.0000,166.9600,26248117,1.000000
2008-09-04,aapl,165.8600,167.9120,160.8100,161.2200,26578982,1.000000
2008-09-05,aapl,158.5900,162.4000,157.6500,160.1800,28102959,1.000000
2008-09-08,aapl,164.5700,164.8900,151.4580,157.9200,37365411,1.000000
2008-09-09,aapl,156.8600,159.9600,149.7900,151.6800,44465156,1.000000
2008-09-10,aapl,152.3200,154.9900,148.8000,151.6100,34761594,1.000000
2008-09-11,aapl,148.1800,152.9900,146.0000,152.6500,34683322,1.000000
2008-09-12,aapl,150.9100,150.9100,146.5000,148.9400,28332372,1.000000
2008-09-15,aapl,142.0300,147.6900,140.3600,140.3600,32879787,1.000000
2008-09-16,aapl,133.8600,142.5000,132.1500,139.8800,42851292,1.000000
2008-09-17,aapl,138.4900,138.5100,127.8300,127.8300,42873320,1.000000
2008-09-18,aapl,130.5700,135.4300,120.6800,134.0900,59866187,1.000000
2008-09-19,aapl,142.6000,144.2000,136.3100,140.9100,51134048,1.000000
2008-09-22,aapl,139.9400,140.2500,130.6600,131.0500,30596882,1.000000
2008-09-23,aapl,131.8500,135.8000,126.6600,126.8400,45827195,1.000000
2008-09-24,aapl,127.2700,130.9500,125.1500,128.7100,37405903,1.000000
2008-09-25,aapl,129.8000,134.7900,128.5200,131.9300,35930140,1.000000
2008-09-26,aapl,124.9100,129.8000,123.0000,128.2400,40230348,1.000000
2008-09-29,aapl,119.6200,119.6800,100.5900,105.2600,93644809,1.000000
2008-09-30,aapl,108.2500,115.0000,106.3000,113.6600,58133772,1.000000
2008-10-01,aapl,111.9200,112.3600,107.3900,109.1200,46335451,1.000000
2008-10-02,aapl,108.0100,108.7900,100.0000,100.1000,57518522,1.000000
2008-10-03,aapl,104.0000,106.5000,94.6500,97.0700,82140284,1.000000
2008-10-06,aapl,91.9600,98.7800,87.5400,98.1400,75279639,1.000000
2008-10-07,aapl,100.4800,101.5000,88.9500,89.1600,67205977,1.000000
2008-10-08,aapl,85.9120,96.3300,85.6800,89.7900,78903010,1.000000
2008-10-09,aapl,93.3500,95.8000,86.6000,88.7400,57792499,1.000000
2008-10-10,aapl,85.7000,100.0000,85.0000,96.8000,79296481,1.000000
2008-10-13,aapl,104.5500,110.5300,101.0200,110.2600,55017170,1.000000
2008-10-14,aapl,116.2600,116.4000,103.1400,104.0800,70799596,1.000000
2008-10-15,aapl,103.8400,107.0000,97.8900,97.9500,56577695,1.000000
2008-10-16,aapl,99.7700,103.4300,91.7400,101.8900,70732875,1.000000
2008-10-17,aapl,99.6000,102.0400,85.8850,97.4000,62969711,1.000000
2008-10-20,aapl,99.7800,100.0300,93.6400,98.4400,55327434,1.000000
2008-10-21,aapl,96.9500,97.9000,91.1600,91.4900,78344909,1.000000
2008-10-22,aapl,97.3700,101.2500,92.9300,96.8700,80314583,1.000000
2008-10-23,aapl,96.5100,99.2500,91.9000,98.2300,59836774,1.000000
2008-10-24,aapl,90.3300,97.9000,90.1100,96.3800,56787793,1.000000
2008-10-27,aapl,95.0700,97.6300,91.8600,92.0900,43192456,1.000000
2008-10-28,aapl,95.4300,100.5000,92.3700,99.9100,58418200,1.000000
2008-10-29,aapl,100.8600,109.5400,99.9400,104.5500,69761344,1.000000
2008-10-30,aapl,108.2300,112.1900,107.6100,111.0400,58503130,1.000000
2008-10-31,aapl,107.4000,110.7800,105.1400,107.5900,59291831,1.000000
2008-11-03,aapl,105.9300,109.1000,104.8600,106.9600,37801380,1.000000
2008-11-04,aapl,109.9900,111.7900,106.6700,110.9900,49998779,1.000000
2008-11-05,aapl,108.9100,109.7200,102.9900,103.3000,44915163,1.000000
2008-11-06,aapl,101.0500,102.7800,98.0000,99.1000,47129942,1.000000
2008-11-07,aapl,99.2400,99.8500,95.7200,98.2400,39129879,1.000000
2008-11-10,aapl,100.1700,100.4000,94.5000,95.8800,40210214,1.000000
2008-11-11,aapl,94.8100,97.1700,92.2600,94.7700,43749871,1.000000
2008-11-12,aapl,92.4300,93.2400,90.0100,90.1200,42104581,1.000000
2008-11-13,aapl,89.8700,96.4400,86.0200,96.4400,66262918,1.000000
2008-11-14,aapl,93.7600,93.9900,90.0000,90.2400,50188530,1.000000
2008-11-17,aapl,88.4800,90.5500,87.2600,88.1400,41532997,1.000000
2008-11-18,aapl,89.6400,90.9900,86.8600,89.9100,43226932,1.000000
2008-11-19,aapl,89.4400,91.5800,86.2100,86.2900,41866901,1.000000
2008-11-20,aapl,85.2400,86.4500,80.0000,80.4900,61312137,1.000000
2008-11-21,aapl,81.9300,84.1200,79.1400,82.5800,56056064,1.000000
2008-11-24,aapl,85.2100,94.7900,84.8400,92.9500,51524734,1.000000
2008-11-25,aapl,94.6300,94.7100,88.1600,90.8000,44127030,1.000000
2008-11-26,aapl,89.9200,95.2500,89.8500,95.0000,32160801,1.000000
2008-11-28,aapl,94.7000,94.7600,91.8600,92.6700,10757337,1.000000
2008-12-01,aapl,91.3000,92.2700,88.9230,88.9300,33005789,1.000000
2008-12-02,aapl,90.0300,92.6500,86.5000,92.4700,41050587,1.000000
2008-12-03,aapl,89.4000,96.2300,88.8000,95.9000,47864908,1.000000
2008-12-04,aapl,94.4300,95.2100,89.0600,91.4100,38988771,1.000000
2008-12-05,aapl,90.3500,94.4900,88.8600,94.0000,37300120,1.000000
2008-12-08,aapl,97.2800,100.8000,95.8000,99.7200,42346166,1.000000
2008-12-09,aapl,98.0400,103.6000,97.2100,100.0600,43004198,1.000000
2008-12-10,aapl,97.8700,99.4900,96.5000,98.2100,33517137,1.000000
2008-12-11,aapl,97.3500,101.2400,94.8300,95.0000,37260007,1.000000
2008-12-12,aapl,92.8000,99.0000,92.5300,98.2700,37243348,1.000000
2008-12-15,aapl,95.9900,96.2100,93.0000,94.7500,31858968,1.000000
2008-12-16,aapl,93.9800,96.4800,92.7500,95.4300,40159758,1.000000
2008-12-17,aapl,91.0300,91.1000,88.0200,89.1600,46432736,1.000000
2008-12-18,aapl,89.3100,90.8300,88.4400,89.4300,30633639,1.000000
2008-12-19,aapl,89.9400,90.9400,88.8000,90.0000,29105844,1.000000
2008-12-22,aapl,90.0200,90.0300,84.6900,85.7400,30182216,1.000000
2008-12-23,aapl,86.8700,87.8700,85.9000,86.3800,22917026,1.000000
2008-12-24,aapl,86.1400,86.2500,84.5500,85.0400,9694994,1.000000
2008-12-26,aapl,86.6400,87.4200,85.2400,85.8100,11043071,1.000000
2008-12-29,aapl,86.5200,87.6200,85.0700,86.6100,24567225,1.000000
2008-12-30,aapl,87.4200,88.0500,84.7200,86.2900,34579620,1.000000
2008-12-31,aapl,85.9700,87.7400,85.3400,85.3500,21715763,1.000000
2009-01-02,aapl,85.8800,91.0400,85.1600,90.7500,26964210,1.000000
2009-01-05,aapl,93.1700,96.1800,92.7100,94.5800,42458779,1.000000
2009-01-06,aapl,95.9500,97.1700,92.3900,93.0200,46149129,1.000000
2009-01-07,aapl,91.8100,92.5000,90.2600,91.0100,27042958,1.000000
2009-01-08,aapl,90.4300,93.1500,90.0400,92.7000,24052284,1.000000
2009-01-09,aapl,93.2100,93.3800,90.1400,90.5800,19635107,1.000000
2009-01-12,aapl,90.4600,90.9900,87.5500,88.6600,22075734,1.000000
2009-01-13,aapl,88.2400,89.7400,86.3500,87.7100,28532683,1.000000
2009-01-14,aapl,86.2400,87.2500,84.7200,85.3300,38285202,1.000000
2009-01-15,aapl,80.5700,84.1200,80.0500,83.3800,65829770,1.000000
2009-01-16,aapl,84.3000,84.3800,80.4000,82.3300,37445787,1.000000
2009-01-20,aapl,81.9300,82.0000,78.2000,78.2000,32886821,1.000000
2009-01-21,aapl,79.3900,82.8800,79.3100,82.8300,39287517,1.000000
2009-01-22,aapl,88.0400,90.0000,85.8200,88.3600,50340261,1.000000
2009-01-23,aapl,86.8200,89.8700,86.5000,88.3600,27277482,1.000000
2009-01-26,aapl,88.8600,90.9700,88.3000,89.6400,24979122,1.000000
2009-01-27,aapl,90.1900,91.5500,89.7400,90.7300,22090209,1.000000
2009-01-28,aapl,92.1200,95.0000,91.5000,94.2000,31385983,1.000000
2009-01-29,aapl,93.0900,94.3400,92.6000,93.0000,21185715,1.000000
2009-01-30,aapl,92.6000,93.6200,90.0100,90.1300,23279341,1.000000
2009-02-02,aapl,89.1000,92.0000,88.9000,91.5100,19943336,1.000000
2009-02-03,aapl,91.9200,93.3800,90.2800,92.9800,21408688,1.000000
2009-02-04,aapl,93.2200,96.2500,93.1000,93.5500,28871894,1.000000
2009-02-05,aapl,92.7700,97.2500,92.6200,96.4600,26764791,1.000000
2009-02-06,aapl,97.0200,100.0000,97.0000,99.7200,24540631,1.000000
2009-02-09,aapl,100.0000,103.0000,99.5000,102.5100,25535704,1.000000
2009-02-10,aapl,101.3300,102.5100,97.0600,97.8300,30332806,1.000000
2009-02-11,aapl,96.3700,98.3100,95.7700,96.8200,24110999,1.000000
2009-02-12,aapl,95.8300,99.7500,95.8300,99.2700,29190809,1.000000
2009-02-13,aapl,98.9900,99.9400,98.1200,99.1600,21752370,1.000000
2009-02-17,aapl,96.8700,97.0400,94.2800,94.5300,24222626,1.000000
2009-02-18,aapl,95.0500,95.8500,92.7200,94.3700,24448863,1.000000
2009-02-19,aapl,93.3700,94.2500,90.1100,90.6400,32957221,1.000000
2009-02-20,aapl,89.4000,92.4000,89.0000,91.2000,26796442,1.000000
2009-02-23,aapl,91.6500,92.0000,86.5100,86.9500,28106145,1.000000
2009-02-24,aapl,87.4480,90.8900,87.0000,90.2500,28824737,1.000000
2009-02-25,aapl,89.8600,92.9200,89.2500,91.1600,29761143,1.000000
2009-02-26,aapl,92.0000,92.9200,88.9600,89.1900,22501991,1.000000
2009-02-27,aapl,87.9300,91.3000,87.6700,89.3100,25240864,1.000000
2009-03-02,aapl,88.1200,91.2000,87.6700,87.9400,27534710,1.000000
2009-03-03,aapl,88.9300,90.7400,87.8800,88.3700,25869274,1.000000
2009-03-04,aapl,90.1800,92.7700,89.4500,91.1700,26483089,1.000000
2009-03-05,aapl,90.4600,91.8700,88.4500,88.8400,25246234,1.000000
2009-03-06,aapl,88.3400,88.4000,82.3300,85.3000,36112366,1.000000
2009-03-09,aapl,84.1800,87.6000,82.5700,83.1100,24945622,1.000000
2009-03-10,aapl,84.8700,89.1700,84.3600,88.6270,30160893,1.000000
2009-03-11,aapl,89.8100,94.0700,89.5800,92.6800,30242322,1.000000
2009-03-12,aapl,92.9000,96.5800,92.0000,96.3500,27457620,1.000000
2009-03-13,aapl,96.3000,97.2000,95.0100,95.9300,21474296,1.000000
2009-03-16,aapl,96.5300,97.3900,94.1800,95.4200,28483820,1.000000
2009-03-17,aapl,95.2400,99.6900,95.0700,99.6600,28143586,1.000000
2009-03-18,aapl,99.9100,103.4800,99.7200,101.5200,28435765,1.000000
2009-03-19,aapl,101.8500,103.2000,100.2500,101.6200,17868495,1.000000
2009-03-20,aapl,102.0900,103.1100,100.5700,101.5900,24846589,1.000000
2009-03-23,aapl,102.7100,108.1600,101.7500,107.6600,23805871,1.000000
2009-03-24,aapl,106.3600,109.4400,105.3870,106.5010,22979535,1.000000
2009-03-25,aapl,107.5800,108.3600,103.8600,106.4900,23094698,1.000000
2009-03-26,aapl,107.8300,109.9800,107.5800,109.8700,22008968,1.000000
2009-03-27,aapl,108.2300,108.5300,106.4000,106.8500,17608669,1.000000
2009-03-30,aapl,104.5100,105.0100,102.6100,104.4900,17959335,1.000000
2009-03-31,aapl,105.4500,107.4500,105.0000,105.1200,20359987,1.000000
2009-04-01,aapl,104.0900,109.0000,103.8900,108.6900,21056938,1.000000
2009-04-02,aapl,110.1450,114.7500,109.7800,112.7100,29013066,1.000000
2009-04-03,aapl,114.1900,116.1300,113.5200,115.9900,22726609,1.000000
2009-04-06,aapl,114.9400,118.7500,113.2800,118.4500,23502232,1.000000
2009-04-07,aapl,116.5300,116.6700,114.1900,115.0000,19170924,1.000000
2009-04-08,aapl,115.4300,116.7900,114.5800,116.3200,16272481,1.000000
2009-04-09,aapl,118.4200,120.0000,117.9600,119.5700,18962010,1.000000
2009-04-13,aapl,120.0100,120.9800,119.0000,120.2200,13909579,1.000000
2009-04-14,aapl,119.5700,120.1700,117.2500,118.3100,16241275,1.000000
2009-04-15,aapl,117.2000,118.2500,115.7600,117.6400,14750970,1.000000
2009-04-16,aapl,119.1900,123.1500,118.7900,121.4500,21199366,1.000000
2009-04-17,aapl,121.1800,124.2500,120.2500,123.4200,17774382,1.000000
2009-04-20,aapl,121.7300,122.9900,119.1600,120.5000,16666217,1.000000
2009-04-21,aapl,118.8900,122.1400,118.6000,121.7600,16810144,1.000000
2009-04-22,aapl,122.6300,125.3500,121.2000,121.5100,33527396,1.000000
2009-04-23,aapl,126.6200,127.2000,123.5100,125.4000,33755599,1.000000
2009-04-24,aapl,124.6400,125.1400,122.9700,123.9000,19319523,1.000000
2009-04-27,aapl,122.9000,125.0000,122.6600,124.7300,17171919,1.000000
2009-04-28,aapl,123.3500,126.2100,123.2600,123.9020,16280594,1.000000
2009-04-29,aapl,124.8500,126.8500,123.8300,125.1400,16366365,1.000000
2009-04-30,aapl,126.2200,127.0000,124.9200,125.8300,17803154,1.000000
2009-05-01,aapl,125.8000,127.9500,125.8000,127.2400,14199605,1.000000
2009-05-04,aapl,128.2400,132.2500,127.6800,132.0700,21770742,1.000000
2009-05-05,aapl,131.7500,132.8600,131.1200,132.7100,14228616,1.000000
2009-05-06,aapl,133.3300,133.5000,130.2200,132.5000,16915788,1.000000
2009-05-07,aapl,132.3300,132.3900,127.9000,129.0600,18996275,1.000000
2009-05-08,aapl,129.0400,131.2340,126.2600,129.1900,16715152,1.000000
2009-05-11,aapl,127.3700,130.9600,127.1200,129.5700,14452181,1.000000
2009-05-12,aapl,129.5600,129.7100,123.2500,124.4200,21757209,1.000000
2009-05-13,aapl,123.2100,124.0200,119.3800,119.4900,21268988,1.000000
2009-05-14,aapl,119.7800,123.5300,119.7000,122.9500,15994155,1.000000
2009-05-15,aapl,122.3200,124.6200,121.6100,122.4200,13125520,1.000000
2009-05-18,aapl,123.7300,126.7000,121.5700,126.6500,16394068,1.000000
2009-05-19,aapl,126.8200,129.3100,125.7400,127.4500,13290807,1.000000
2009-05-20,aapl,127.6300,129.2100,125.3000,125.8700,13884031,1.000000
2009-05-21,aapl,125.1500,126.7800,122.8900,124.1800,14574744,1.000000
2009-05-22,aapl,124.0500,124.1800,121.7500,122.5000,10645315,1.000000
2009-05-26,aapl,124.7600,130.8300,124.5500,130.7800,22727040,1.000000
2009-05-27,aapl,131.7800,134.9800,130.9100,133.0500,23104100,1.000000
2009-05-28,aapl,133.4500,135.3900,132.0300,135.0700,17409624,1.000000
2009-05-29,aapl,135.3900,135.9000,133.8500,135.8100,16309086,1.000000
2009-06-01,aapl,136.4700,139.9900,136.0000,139.3500,16165868,1.000000
2009-06-02,aapl,138.9900,141.3400,138.3500,139.4900,16289927,1.000000
2009-06-03,aapl,140.0000,141.1100,139.0700,140.9500,20184645,1.000000
2009-06-04,aapl,140.1300,144.1800,140.0400,143.7400,19561246,1.000000
2009-06-05,aapl,145.3100,146.4000,143.2100,144.6700,22596982,1.000000
2009-06-08,aapl,143.8200,144.2300,139.4300,143.8500,33270765,1.000000
2009-06-09,aapl,143.8100,144.5600,140.5500,142.7200,24169551,1.000000
2009-06-10,aapl,142.2800,142.3500,138.3000,140.2500,24599561,1.000000
2009-06-11,aapl,139.5500,141.5600,138.5500,139.9500,18738620,1.000000
2009-06-12,aapl,138.8100,139.1000,136.0400,136.9700,20110176,1.000000
2009-06-15,aapl,136.0100,136.9300,134.8900,136.0900,19280038,1.000000
2009-06-16,aapl,136.6600,138.4700,136.1000,136.3500,18385691,1.000000
2009-06-17,aapl,136.6700,137.4500,134.5300,135.5800,20404246,1.000000
2009-06-18,aapl,136.1100,138.0000,135.5900,135.8800,15268069,1.000000
2009-06-19,aapl,138.0700,139.5000,136.9000,139.4800,25780518,1.000000
2009-06-22,aapl,140.6700,141.5600,136.3300,137.3700,22659036,1.000000
2009-06-23,aapl,136.4000,136.9500,132.8800,134.0100,25226770,1.000000
2009-06-24,aapl,135.4200,137.5000,134.8600,136.2200,17338233,1.000000
2009-06-25,aapl,135.7500,140.2000,135.2100,139.8600,21059298,1.000000
2009-06-26,aapl,139.7900,143.5600,139.7400,142.4400,15695426,1.000000
2009-06-29,aapl,143.4600,143.9500,141.5400,141.9700,20273057,1.000000
2009-06-30,aapl,142.5800,143.8000,141.8000,142.4300,15508920,1.000000
2009-07-01,aapl,143.5000,144.6600,142.5200,142.8300,14794889,1.000000
2009-07-02,aapl,141.2500,142.8300,139.7900,140.0200,13236264,1.000000
2009-07-06,aapl,138.7000,138.9900,136.2500,138.6100,17803745,1.000000
2009-07-07,aapl,138.4800,139.6800,135.1800,135.4000,16488859,1.000000
2009-07-08,aapl,135.9200,138.0400,134.4200,137.2200,20568564,1.000000
2009-07-09,aapl,137.7600,137.9900,135.9300,136.3600,12254847,1.000000
2009-07-10,aapl,136.3400,138.9700,136.3200,138.5200,15901347,1.000000
2009-07-13,aapl,139.5400,142.3400,137.5300,142.3400,17276082,1.000000
2009-07-14,aapl,142.0300,143.1800,141.1610,142.2700,12408693,1.000000
2009-07-15,aapl,145.0400,147.0000,144.3200,146.8800,17337629,1.000000
2009-07-16,aapl,145.7600,148.0200,145.5700,147.5200,14055385,1.000000
2009-07-17,aapl,149.0800,152.0200,148.6300,151.7500,21490313,1.000000
2009-07-20,aapl,153.2700,155.0360,150.8900,152.9090,26238227,1.000000
2009-07-21,aapl,153.2900,153.4300,149.7500,151.5100,31216353,1.000000
2009-07-22,aapl,157.7900,158.7300,156.1100,156.7400,31213703,1.000000
2009-07-23,aapl,156.6300,158.4400,155.5600,157.8200,18817444,1.000000
2009-07-24,aapl,156.9500,160.0000,156.5000,159.9860,15653102,1.000000
2009-07-27,aapl,160.1700,160.8800,157.2600,160.1000,15475101,1.000000
2009-07-28,aapl,158.8800,160.1050,157.6000,160.0000,12982446,1.000000
2009-07-29,aapl,158.9000,160.4500,158.2500,160.0300,13656318,1.000000
2009-07-30,aapl,161.7000,164.7200,161.5000,162.7900,16768270,1.000000
2009-07-31,aapl,162.9900,165.0000,162.9100,163.3900,15096136,1.000000
2009-08-03,aapl,165.2100,166.6400,164.8700,166.4300,14075832,1.000000
2009-08-04,aapl,164.9300,165.5700,164.2100,165.5500,14086212,1.000000
2009-08-05,aapl,165.7500,167.3900,164.2100,165.1100,14743654,1.000000
2009-08-06,aapl,165.5800,166.5100,163.0900,163.9100,12176266,1.000000
2009-08-07,aapl,165.4900,166.6000,164.8000,165.5100,13813876,1.000000
2009-08-10,aapl,165.6600,166.6000,163.6600,164.7200,10712965,1.000000
2009-08-11,aapl,163.6900,164.3800,161.8800,162.8300,12673536,1.000000
2009-08-12,aapl,162.5500,166.7100,162.4600,165.3100,15845009,1.000000
2009-08-13,aapl,166.6500,168.6700,166.5000,168.4200,15687899,1.000000
2009-08-14,aapl,167.9400,168.2300,165.5300,166.7800,10905474,1.000000
2009-08-17,aapl,163.5500,163.5900,159.4200,159.5900,18638915,1.000000
2009-08-18,aapl,161.6300,164.2400,161.4100,164.0000,15138421,1.000000
2009-08-19,aapl,162.7500,165.3000,162.4500,164.6000,14706802,1.000000
2009-08-20,aapl,164.9800,166.7200,164.6100,166.3300,12194282,1.000000
2009-08-21,aapl,167.6500,169.3700,166.8000,169.2200,14803147,1.000000
2009-08-24,aapl,170.1200,170.7100,168.2700,169.0600,14497546,1.000000
2009-08-25,aapl,169.4600,170.9400,169.1300,169.4000,11535594,1.000000
2009-08-26,aapl,168.9200,169.5500,166.7600,167.4100,10817683,1.000000
2009-08-27,aapl,168.7500,169.5700,164.8300,169.4500,15971201,1.000000
2009-08-28,aapl,172.2700,172.4900,168.5300,170.0500,16177947,1.000000
2009-08-31,aapl,168.1600,168.8500,166.5000,168.2100,11090367,1.000000
2009-09-01,aapl,167.9900,170.0000,164.9400,165.3000,16714537,1.000000
2009-09-02,aapl,164.6200,167.6100,164.1100,165.1800,12995417,1.000000
2009-09-03,aapl,166.4400,167.1000,165.0000,166.5500,10485845,1.000000
2009-09-04,aapl,167.2760,170.7000,167.0900,170.3100,13379522,1.000000
2009-09-07,aapl,167.2800,170.7000,167.0900,170.3100,13379522,1.000000
2009-09-08,aapl,172.9800,173.1400,172.0000,172.9300,11212247,1.000000
2009-09-09,aapl,172.7800,174.4700,169.7000,171.1400,28922118,1.000000
2009-09-10,aapl,172.0600,173.2500,170.8100,172.5600,17512842,1.000000
2009-09-11,aapl,172.9100,173.1800,170.8700,172.1600,12440163,1.000000
2009-09-14,aapl,170.8300,173.9000,170.2500,173.7200,11468073,1.000000
2009-09-15,aapl,174.0400,175.6500,173.5900,175.1600,14791179,1.000000
2009-09-16,aapl,177.9900,182.7500,177.8800,181.8700,26486534,1.000000
2009-09-17,aapl,181.9800,186.7900,181.9700,184.5500,28945041,1.000000
2009-09-18,aapl,185.8300,186.5500,184.7600,185.0200,21428926,1.000000
2009-09-21,aapl,184.2900,185.1600,181.6200,184.0200,15615327,1.000000
2009-09-22,aapl,185.1900,185.3800,182.8500,184.4800,12326115,1.000000
2009-09-23,aapl,185.4000,188.9000,185.0300,185.5000,21117031,1.000000
2009-09-24,aapl,187.2000,187.7000,182.7700,183.8200,19665619,1.000000
2009-09-25,aapl,182.0100,185.5000,181.4400,182.3700,15889632,1.000000
2009-09-28,aapl,183.8700,186.6800,183.3300,186.1500,12022252,1.000000
2009-09-29,aapl,186.7300,187.4000,184.3100,185.3800,12073165,1.000000
2009-09-30,aapl,186.1300,186.4500,182.6100,185.3500,19224259,1.000000
2009-10-01,aapl,185.3500,186.2200,180.7000,180.8600,18623859,1.000000
2009-10-02,aapl,181.4100,185.9400,181.3500,184.9000,19733997,1.000000
2009-10-05,aapl,186.2000,186.8600,184.2700,186.0200,14993553,1.000000
2009-10-06,aapl,187.7400,190.0100,187.3000,190.0100,21555413,1.000000
2009-10-07,aapl,189.7600,190.5500,189.0300,190.2500,16569591,1.000000
2009-10-08,aapl,190.6600,191.4500,188.8900,189.2700,15611727,1.000000
2009-10-09,aapl,188.9700,190.7000,188.6200,190.4700,10455953,1.000000
2009-10-12,aapl,191.0200,191.5100,189.6400,190.8100,10277893,1.000000
2009-10-13,aapl,190.6300,191.1700,189.7000,190.0200,12288749,1.000000
2009-10-14,aapl,192.2500,192.3200,190.2300,191.2900,13389808,1.000000
2009-10-15,aapl,189.6300,190.9200,189.5300,190.5600,13235766,1.000000
2009-10-16,aapl,189.3500,190.3600,187.8400,188.0500,15272590,1.000000
2009-10-19,aapl,187.8500,190.0000,185.5500,189.8600,29067314,1.000000
2009-10-20,aapl,200.5700,201.7500,197.8500,198.7600,40422307,1.000000
2009-10-21,aapl,199.5200,208.7100,199.2300,204.9200,42504633,1.000000
2009-10-22,aapl,204.7000,207.8500,202.5100,205.2000,28194635,1.000000
2009-10-23,aapl,205.7000,205.8000,203.2300,203.9400,14995366,1.000000
2009-10-26,aapl,203.6700,206.7500,200.1000,202.4800,17186371,1.000000
2009-10-27,aapl,201.6600,202.8100,196.4500,197.3700,26912966,1.000000
2009-10-28,aapl,197.7100,198.0200,191.1000,192.4000,29111359,1.000000
2009-10-29,aapl,195.0000,196.8100,192.1400,196.3500,20309245,1.000000
2009-10-30,aapl,196.0600,196.8000,186.0700,188.5000,25501871,1.000000
2009-11-02,aapl,189.8000,192.8800,185.5700,189.2500,23184989,1.000000
2009-11-03,aapl,187.8500,189.5200,185.9200,188.6000,17344394,1.000000
2009-11-04,aapl,190.7300,193.8500,190.2300,191.0700,16039007,1.000000
2009-11-05,aapl,192.4000,195.0000,191.8200,193.4400,12268079,1.000000
2009-11-06,aapl,192.5100,195.1900,192.4000,194.0500,9732086,1.000000
2009-11-09,aapl,196.9400,201.2200,196.2600,200.8200,16931806,1.000000
2009-11-10,aapl,201.0200,204.9800,201.0100,202.4500,13253783,1.000000
2009-11-11,aapl,204.5600,205.0000,201.8300,203.2100,14981910,1.000000
2009-11-12,aapl,203.1400,204.8700,201.4300,201.7100,11361095,1.000000
2009-11-13,aapl,202.8700,204.8300,202.0700,204.3300,10991352,1.000000
2009-11-16,aapl,205.4800,208.0000,205.0100,206.3400,15121476,1.000000
2009-11-17,aapl,206.0800,207.4400,205.0000,206.1600,12705298,1.000000
2009-11-18,aapl,206.5400,207.0000,204.0000,205.3900,12111850,1.000000
2009-11-19,aapl,204.6100,204.6100,199.8000,201.0200,17639725,1.000000
2009-11-20,aapl,199.1500,200.3900,197.7600,199.9600,12970850,1.000000
2009-11-23,aapl,203.0000,205.4400,202.9500,204.8800,15057401,1.000000
2009-11-24,aapl,205.3300,205.8800,202.9000,204.3900,10121553,1.000000
2009-11-25,aapl,205.4000,205.6500,203.8300,204.0800,9177958,1.000000
2009-11-27,aapl,199.2200,202.9600,198.3700,200.5900,10540899,1.000000
2009-11-30,aapl,201.1100,201.6800,198.7700,200.4400,13338072,1.000000
2009-12-01,aapl,202.2400,202.7700,199.5400,199.8400,12395372,1.000000
2009-12-02,aapl,198.9600,201.4200,195.7500,196.4900,22393211,1.000000
2009-12-03,aapl,197.4200,198.9800,196.2700,197.2100,14290900,1.000000
2009-12-04,aapl,199.7000,199.8800,190.2800,193.5000,27970512,1.000000
2009-12-07,aapl,193.3200,193.7700,188.6800,189.1320,23456956,1.000000
2009-12-08,aapl,189.3600,192.3500,188.7000,190.0200,23164530,1.000000
2009-12-09,aapl,191.2800,197.1600,190.3100,197.1300,21274853,1.000000
2009-12-10,aapl,199.5000,199.7000,196.1200,196.4700,16073135,1.000000
2009-12-11,aapl,197.7800,198.0000,193.5000,194.6200,13653220,1.000000
2009-12-14,aapl,195.3700,197.4300,192.5600,196.6700,15167115,1.000000
2009-12-15,aapl,195.8300,197.5100,193.2700,193.5800,13619905,1.000000
2009-12-16,aapl,195.1000,196.5000,194.5500,194.8500,10939589,1.000000
2009-12-17,aapl,194.2600,195.0000,191.9000,192.3300,11963217,1.000000
2009-12-18,aapl,193.1700,195.1300,192.6000,195.0300,18178063,1.000000
2009-12-21,aapl,196.0500,199.7500,195.6700,198.1800,20839514,1.000000
2009-12-22,aapl,199.4400,200.8500,198.6600,200.0700,11285607,1.000000
2009-12-23,aapl,201.2500,202.3800,200.8100,202.0910,11480733,1.000000
2009-12-24,aapl,203.5500,209.3500,203.3500,209.0400,17884651,1.000000
2009-12-28,aapl,211.7200,213.9500,209.6100,211.3500,21405091,1.000000
2009-12-29,aapl,212.6300,212.7200,208.8100,209.0600,14643342,1.000000
2009-12-30,aapl,208.8300,211.7900,208.3100,211.5100,13233402,1.000000
2009-12-31,aapl,213.1300,213.3500,210.5600,210.8000,10726954,1.000000
2010-01-04,aapl,213.4300,214.5000,212.3800,214.2100,16137968,1.000000
2010-01-05,aapl,214.6000,215.5900,213.2500,214.1900,20494531,1.000000
2010-01-06,aapl,214.3800,215.2300,211.0500,211.2200,17732950,1.000000
2010-01-07,aapl,211.7500,212.0000,209.0500,210.0300,15649371,1.000000
2010-01-08,aapl,210.3000,211.7900,209.0600,211.6200,14369803,1.000000
2010-01-11,aapl,212.8000,213.0000,208.4500,210.2700,15225556,1.000000
2010-01-12,aapl,209.1900,209.7700,206.4200,206.8810,19590155,1.000000
2010-01-13,aapl,207.8700,210.9300,204.1000,210.6800,20042347,1.000000
2010-01-14,aapl,210.1100,210.4600,209.0200,209.6500,14210536,1.000000
2010-01-15,aapl,210.9300,211.6000,206.1400,206.2400,18764539,1.000000
2010-01-19,aapl,208.3300,215.0800,207.2400,214.8700,23823993,1.000000
2010-01-20,aapl,214.9100,215.5500,209.5000,211.5100,20420762,1.000000
2010-01-21,aapl,212.0800,213.3130,207.2100,208.4300,19302617,1.000000
2010-01-22,aapl,206.7800,207.5000,197.2600,197.4800,27632123,1.000000
2010-01-25,aapl,202.5100,204.7000,200.1900,203.7500,30110141,1.000000
2010-01-26,aapl,205.9500,213.7100,202.5800,205.5800,63398681,1.000000
2010-01-27,aapl,206.8500,210.5800,199.5300,207.9900,58476580,1.000000
2010-01-28,aapl,204.9300,205.5000,198.7000,200.0500,38940301,1.000000
2010-01-29,aapl,201.0800,202.2000,190.2500,192.7700,41446941,1.000000
2010-02-01,aapl,192.3700,196.0000,191.3000,194.4600,25007904,1.000000
2010-02-02,aapl,195.9100,196.3200,193.3800,195.8600,24933416,1.000000
2010-02-03,aapl,195.1700,200.2000,194.4200,199.2300,21960068,1.000000
2010-02-04,aapl,196.7300,198.3700,191.5700,192.0500,27038037,1.000000
2010-02-05,aapl,192.6200,196.0000,190.8500,195.4600,30351714,1.000000
2010-02-08,aapl,195.6900,197.8800,194.0000,194.1200,17038514,1.000000
2010-02-09,aapl,196.4200,197.5000,194.7500,196.1900,22598287,1.000000
2010-02-10,aapl,195.8900,196.6000,194.2600,195.1200,13182384,1.000000
2010-02-11,aapl,194.8800,199.7500,194.0600,198.6700,19497034,1.000000
2010-02-12,aapl,198.1100,201.6400,195.5000,200.3800,22973301,1.000000
2010-02-16,aapl,201.9400,203.6900,201.5200,203.4000,19364754,1.000000
2010-02-17,aapl,204.1900,204.3100,200.8600,202.5500,15524086,1.000000
2010-02-18,aapl,201.6300,203.8900,200.9200,202.9300,14996822,1.000000
2010-02-19,aapl,201.8600,203.2000,201.1100,201.6700,14825016,1.000000
2010-02-22,aapl,202.3400,202.5000,199.1900,200.4200,13940237,1.000000
2010-02-23,aapl,200.0000,201.3300,195.7100,197.0600,20528061,1.000000
2010-02-24,aapl,198.2300,201.4400,197.8400,200.6600,16428643,1.000000
2010-02-25,aapl,197.3800,202.8600,196.8900,202.0000,23733065,1.000000
2010-02-26,aapl,202.3800,205.1700,202.0000,204.6200,18078289,1.000000
2010-03-01,aapl,205.7500,209.5000,205.4500,208.9900,19606818,1.000000
2010-03-02,aapl,209.9300,210.8300,207.7400,208.8500,20208319,1.000000
2010-03-03,aapl,208.9400,209.8700,207.9400,209.3300,13258018,1.000000
2010-03-04,aapl,209.2800,210.9200,208.6300,210.7100,12792635,1.000000
2010-03-05,aapl,214.9400,219.7000,214.6300,218.9500,32066941,1.000000
2010-03-08,aapl,220.0100,220.0900,218.2500,219.0800,15327179,1.000000
2010-03-09,aapl,218.3100,225.0000,217.8900,223.0200,32837405,1.000000
2010-03-10,aapl,223.8300,225.4800,223.2000,224.8400,21265741,1.000000
2010-03-11,aapl,223.9100,225.5000,223.3200,225.5000,14441396,1.000000
2010-03-12,aapl,227.3700,227.7300,225.7500,226.6000,14825808,1.000000
2010-03-15,aapl,225.3800,225.5000,220.2500,223.8400,17575582,1.000000
2010-03-16,aapl,224.1800,224.9800,222.5100,224.4500,15944477,1.000000
2010-03-17,aapl,224.9000,226.4500,223.2700,224.1200,16076915,1.000000
2010-03-18,aapl,224.1000,225.0000,222.6100,224.6500,12169801,1.000000
2010-03-19,aapl,224.7900,225.2400,221.2300,222.2500,19955124,1.000000
2010-03-22,aapl,220.4700,226.0000,220.1500,224.7500,16263453,1.000000
2010-03-23,aapl,225.6400,228.7800,224.1000,228.3600,21487200,1.000000
2010-03-24,aapl,227.6400,230.2000,227.5100,229.3700,21348547,1.000000
2010-03-25,aapl,230.9200,230.9700,226.2500,226.6500,19360045,1.000000
2010-03-26,aapl,228.9500,231.9500,228.5500,230.9000,22858329,1.000000
2010-03-29,aapl,233.0000,233.8700,231.6200,232.3900,18907825,1.000000
2010-03-30,aapl,236.6000,237.4800,234.2500,235.8400,18762297,1.000000
2010-03-31,aapl,235.4900,236.6100,234.4600,235.0000,15352691,1.000000
2010-04-01,aapl,237.4900,238.7300,232.7500,235.9700,21514577,1.000000
2010-04-05,aapl,234.9700,238.5100,234.7700,238.4900,24345651,1.000000
2010-04-06,aapl,238.2000,240.2400,237.0000,239.5400,15924750,1.000000
2010-04-07,aapl,239.7200,241.9200,238.6600,240.6000,22419797,1.000000
2010-04-08,aapl,240.4400,241.5400,238.0400,239.9500,20448486,1.000000
2010-04-09,aapl,241.4300,241.8900,240.4600,241.7900,11922310,1.000000
2010-04-12,aapl,242.2000,243.0700,241.8100,242.2900,11892931,1.000000
2010-04-13,aapl,241.8600,242.8000,241.1100,242.4300,10890658,1.000000
2010-04-14,aapl,245.2800,245.8100,244.0700,245.6900,14411290,1.000000
2010-04-15,aapl,245.7800,249.0300,245.5100,248.9200,13452315,1.000000
2010-04-16,aapl,248.5700,251.1400,244.5500,247.4000,26803796,1.000000
2010-04-19,aapl,247.0300,247.8900,241.7700,247.0700,20241493,1.000000
2010-04-20,aapl,248.5400,249.2500,242.9600,244.5900,26297345,1.000000
2010-04-21,aapl,258.7900,260.2500,255.7300,259.2200,35082638,1.000000
2010-04-22,aapl,258.2400,266.7500,256.2000,266.4700,28328795,1.000000
2010-04-23,aapl,267.9900,272.1800,267.0000,270.8300,28457569,1.000000
2010-04-26,aapl,271.8800,272.4600,268.1900,269.5000,17107636,1.000000
2010-04-27,aapl,267.2700,267.8400,260.5200,262.0400,25330299,1.000000
2010-04-28,aapl,263.2500,264.0000,256.4100,261.6000,27077046,1.000000
2010-04-29,aapl,263.0200,270.0000,262.0100,268.6400,19952965,1.000000
2010-04-30,aapl,269.3100,270.5700,261.0000,261.0900,19373668,1.000000
2010-05-03,aapl,263.8400,267.8800,262.8800,266.3500,16224205,1.000000
2010-05-04,aapl,262.8900,263.2900,256.7500,258.6800,25840419,1.000000
2010-05-05,aapl,253.0300,258.1400,248.7300,255.9900,31523334,1.000000
2010-05-06,aapl,253.8300,258.2500,199.2500,246.2500,45901563,1.000000
2010-05-07,aapl,243.7100,246.5700,225.2100,235.8600,59857756,1.000000
2010-05-10,aapl,250.2400,254.6500,248.5300,253.9900,35139516,1.000000
2010-05-11,aapl,251.8400,259.8900,250.5000,256.5200,30363502,1.000000
2010-05-12,aapl,259.2500,263.1300,258.7000,262.0900,23366926,1.000000
2010-05-13,aapl,263.2200,265.0000,256.4000,258.3600,21402707,1.000000
2010-05-14,aapl,255.1600,256.4800,249.5000,253.8200,27120051,1.000000
2010-05-17,aapl,254.7000,256.1800,247.7100,254.2200,27238638,1.000000
2010-05-18,aapl,256.9800,258.5500,250.2600,252.3600,27931617,1.000000
2010-05-19,aapl,249.5000,252.9200,244.8500,248.3400,36627466,1.000000
2010-05-20,aapl,241.8800,243.8500,236.2100,237.7600,45799626,1.000000
2010-05-21,aapl,232.8200,244.5000,231.3500,242.3200,43710965,1.000000
2010-05-24,aapl,247.2800,250.9000,246.2600,246.7600,26929259,1.000000
2010-05-25,aapl,239.3500,246.7600,237.1600,245.2200,37417361,1.000000
2010-05-26,aapl,250.0800,252.1300,243.7500,244.1100,30364211,1.000000
2010-05-27,aapl,250.6000,253.8900,249.1100,253.3500,23783290,1.000000
2010-05-28,aapl,259.3900,259.4000,253.3500,256.8800,29129031,1.000000
2010-06-01,aapl,259.6900,265.9400,258.9600,260.8300,31286065,1.000000
2010-06-02,aapl,264.5400,264.8000,260.3300,263.9500,24571856,1.000000
2010-06-03,aapl,265.1800,265.5500,260.4100,263.1200,23215662,1.000000
2010-06-04,aapl,258.2100,261.9000,254.6300,255.9700,27087206,1.000000
2010-06-07,aapl,258.2900,259.1500,250.5500,250.9400,31669899,1.000000
2010-06-08,aapl,253.2400,253.8000,245.6500,249.3300,35730676,1.000000
2010-06-09,aapl,251.4700,251.9000,242.4900,243.2000,30497516,1.000000
2010-06-10,aapl,244.8400,250.9800,242.2000,250.5100,27715417,1.000000
2010-06-11,aapl,248.2200,253.8600,247.3700,253.5100,19491412,1.000000
2010-06-14,aapl,255.9600,259.1500,254.0100,254.2800,21528502,1.000000
2010-06-15,aapl,255.6400,259.8500,255.5000,259.6900,20875569,1.000000
2010-06-16,aapl,261.1000,267.7500,260.6300,267.2500,27981801,1.000000
2010-06-17,aapl,270.6000,272.9000,269.5000,271.8700,31185911,1.000000
2010-06-18,aapl,272.2500,275.0000,271.4200,274.0700,28022135,1.000000
2010-06-21,aapl,277.6900,279.0100,268.7300,270.1700,27727130,1.000000
2010-06-22,aapl,272.1600,275.9700,271.5000,273.8500,25605297,1.000000
2010-06-23,aapl,274.5800,274.6600,267.9000,270.9700,27440564,1.000000
2010-06-24,aapl,271.0000,273.1900,268.1000,269.0000,25525981,1.000000
2010-06-25,aapl,270.0600,270.2700,265.8100,266.7000,19640753,1.000000
2010-06-28,aapl,266.9300,269.7500,264.5200,268.3000,20903083,1.000000
2010-06-29,aapl,264.1200,264.3900,254.3000,256.1700,40466546,1.000000
2010-06-30,aapl,256.7100,257.9700,250.0100,251.5300,26398177,1.000000
2010-07-01,aapl,254.3000,254.8000,243.2200,248.4800,36530395,1.000000
2010-07-02,aapl,250.4900,250.9300,243.2000,246.9400,24803483,1.000000
2010-07-06,aapl,251.0000,252.8000,246.1600,248.6300,21963773,1.000000
2010-07-07,aapl,250.4900,258.7700,249.7500,258.6700,23370575,1.000000
2010-07-08,aapl,262.4800,262.9000,254.8900,258.0900,26357383,1.000000
2010-07-09,aapl,256.8900,259.9000,255.1600,259.6200,15484791,1.000000
2010-07-12,aapl,258.5300,261.8500,254.8600,257.2900,20096721,1.000000
2010-07-13,aapl,256.3200,256.4000,246.4300,251.8000,42523482,1.000000
2010-07-14,aapl,249.3800,255.8000,249.0000,252.7300,29004012,1.000000
2010-07-15,aapl,248.2300,256.9700,247.3000,251.4500,29445743,1.000000
2010-07-16,aapl,253.1800,254.9700,248.4100,249.9000,37137768,1.000000
2010-07-19,aapl,249.8800,249.8800,239.6000,245.5800,36577177,1.000000
2010-07-20,aapl,242.9000,252.9000,240.0100,251.8900,38363299,1.000000
2010-07-21,aapl,265.0000,265.1500,254.0000,254.2400,42341300,1.000000
2010-07-22,aapl,257.6800,260.0000,255.3100,259.0200,23042049,1.000000
2010-07-23,aapl,257.0900,260.3800,256.2800,259.9400,19049523,1.000000
2010-07-26,aapl,260.0000,260.1000,257.7100,259.2800,15017756,1.000000
2010-07-27,aapl,260.8700,264.8000,260.3000,264.0800,20879673,1.000000
2010-07-28,aapl,263.6700,265.9900,260.2500,260.9600,18566041,1.000000
2010-07-29,aapl,260.7100,262.6500,256.1000,258.1100,22990736,1.000000
2010-07-30,aapl,255.8900,259.7000,254.9000,257.2500,16016280,1.000000
2010-08-02,aapl,260.4400,262.5900,259.6200,261.8500,15248407,1.000000
2010-08-03,aapl,261.0100,263.2600,259.4200,261.9300,14912876,1.000000
2010-08-04,aapl,262.8400,264.2800,260.3100,262.9800,15018350,1.000000
2010-08-05,aapl,261.7300,263.1800,260.5500,261.7000,10332762,1.000000
2010-08-06,aapl,259.7800,261.4900,257.6300,260.0900,15893330,1.000000
2010-08-09,aapl,261.4800,262.1500,259.5700,261.7500,10822908,1.000000
2010-08-10,aapl,259.8500,260.4500,257.5500,259.4100,16138560,1.000000
2010-08-11,aapl,255.4000,255.6900,249.8100,250.1900,22133436,1.000000
2010-08-12,aapl,246.6900,253.1000,246.1200,251.7900,19093244,1.000000
2010-08-13,aapl,251.6500,251.8800,249.0900,249.1000,12673805,1.000000
2010-08-16,aapl,247.5800,250.0100,246.6200,247.6400,11364322,1.000000
2010-08-17,aapl,250.0800,254.6300,249.2000,251.9700,15091210,1.000000
2010-08-18,aapl,252.3600,254.6700,251.5800,253.0700,12106769,1.000000
2010-08-19,aapl,252.8400,253.4800,248.6800,249.8800,15236111,1.000000
2010-08-20,aapl,249.3900,253.9200,249.0000,249.6400,13722458,1.000000
2010-08-23,aapl,251.7900,252.0000,245.2500,245.8000,14785811,1.000000
2010-08-24,aapl,242.6700,243.0000,238.6500,239.9300,21502556,1.000000
2010-08-25,aapl,238.0400,243.9900,237.2000,242.8900,21313319,1.000000
2010-08-26,aapl,245.4500,245.7500,240.2800,240.2800,16655689,1.000000
2010-08-27,aapl,241.7500,242.6100,235.5600,241.6200,19592368,1.000000
2010-08-30,aapl,240.7600,245.7500,240.6800,242.5000,13685583,1.000000
2010-08-31,aapl,241.8500,244.5600,240.3500,243.1000,15002895,1.000000
2010-09-01,aapl,247.4700,251.4600,246.2800,250.3300,24887951,1.000000
2010-09-02,aapl,251.2600,252.1700,248.5700,252.1700,14804751,1.000000
2010-09-03,aapl,255.0900,258.7800,254.5000,258.7700,18599581,1.000000
2010-09-07,aapl,256.6400,259.5300,256.2500,257.8100,12240641,1.000000
2010-09-08,aapl,259.7800,264.3900,259.1000,262.9200,18802723,1.000000
2010-09-09,aapl,265.0400,266.5200,262.9200,263.0700,15652671,1.000000
2010-09-10,aapl,263.1900,264.5000,261.4000,263.4100,13848617,1.000000
2010-09-13,aapl,265.8200,268.2800,265.7600,267.0400,13883489,1.000000
2010-09-14,aapl,266.2100,269.1700,265.5200,268.0600,14564173,1.000000
2010-09-15,aapl,268.1700,270.3800,267.8400,270.2200,15305050,1.000000
2010-09-16,aapl,270.2400,276.6700,269.5000,276.5700,23224167,1.000000
2010-09-17,aapl,277.6900,277.9600,273.6800,275.3700,22659813,1.000000
2010-09-20,aapl,276.0800,283.7800,275.8500,283.2300,23518285,1.000000
2010-09-21,aapl,283.8600,287.3500,282.7900,283.7700,23914006,1.000000
2010-09-22,aapl,282.7100,287.9800,282.4100,287.7500,20884021,1.000000
2010-09-23,aapl,286.3300,292.7600,286.0000,288.9200,28065128,1.000000
2010-09-24,aapl,292.1000,293.5300,290.5500,292.3200,23195972,1.000000
2010-09-27,aapl,293.9800,294.7300,291.0100,291.1600,17248434,1.000000
2010-09-28,aapl,291.7700,291.7700,275.0000,286.8600,36936223,1.000000
2010-09-29,aapl,287.2300,289.8100,286.0000,287.3700,16768694,1.000000
2010-09-30,aapl,289.0000,290.0000,281.2500,283.7500,24029147,1.000000
2010-10-01,aapl,286.1500,286.5800,281.3500,282.5200,16014492,1.000000
2010-10-04,aapl,281.6000,282.9000,277.7700,278.6400,15521767,1.000000
2010-10-05,aapl,282.0000,289.4500,281.8200,288.9400,17872948,1.000000
2010-10-06,aapl,289.5900,291.9900,285.2600,289.1900,23893058,1.000000
2010-10-07,aapl,291.7100,292.7000,290.6100,291.9800,3236436,1.000000
2010-10-08,aapl,291.7100,294.5000,290.0000,294.0700,23514402,1.000000
2010-10-11,aapl,294.7400,297.2400,294.6000,295.3600,15241040,1.000000
2010-10-12,aapl,295.4100,299.5000,292.4900,298.5400,19941320,1.000000
2010-10-13,aapl,300.2000,301.9600,299.8000,300.1400,22207569,1.000000
2010-10-14,aapl,301.6900,302.4700,300.4000,302.3100,15482070,1.000000
2010-10-15,aapl,307.4400,315.0000,304.9100,314.7400,32935492,1.000000
2010-10-18,aapl,318.4700,319.0000,314.2900,318.0000,38795950,1.000000
2010-10-19,aapl,303.4800,313.7700,300.0200,309.4900,43880778,1.000000
2010-10-20,aapl,309.0000,314.2500,306.8700,310.5300,25647970,1.000000
2010-10-21,aapl,312.3600,314.7400,306.8000,309.5200,19549676,1.000000
2010-10-22,aapl,309.0700,310.0400,306.3000,307.4700,13313408,1.000000
2010-10-25,aapl,309.0900,311.6000,308.4400,308.8400,13746320,1.000000
2010-10-26,aapl,306.8700,309.7400,305.6500,308.0500,13894408,1.000000
2010-10-27,aapl,307.6500,309.9000,305.6000,307.8300,14027563,1.000000
2010-10-28,aapl,307.9500,308.0000,300.9000,305.2400,19594613,1.000000
2010-10-29,aapl,304.2300,305.8800,300.8700,300.9800,15375304,1.000000
2010-11-01,aapl,302.2200,305.6000,302.2000,304.1800,15072562,1.000000
2010-11-02,aapl,307.0000,310.1900,307.0000,309.3600,15393549,1.000000
2010-11-03,aapl,311.3700,312.8800,308.5300,312.8000,18101121,1.000000
2010-11-04,aapl,315.4500,320.1800,315.0300,318.2700,22809371,1.000000
2010-11-05,aapl,317.9900,319.5700,316.7500,317.1300,12901895,1.000000
2010-11-08,aapl,317.2000,319.7700,316.7600,318.6200,9979102,1.000000
2010-11-09,aapl,321.0500,321.3000,314.5000,316.0800,13629725,1.000000
2010-11-10,aapl,316.6400,318.7700,313.5500,318.0300,13524481,1.000000
2010-11-11,aapl,315.0000,318.4000,314.2500,316.6500,12880271,1.000000
2010-11-12,aapl,316.0000,316.5000,303.6300,308.0300,28423066,1.000000
2010-11-15,aapl,308.4600,310.5400,306.2700,307.0400,14328021,1.000000
2010-11-16,aapl,305.7200,307.6000,299.3200,301.5900,23425851,1.000000
2010-11-17,aapl,301.2000,303.9900,297.7600,300.5000,17086914,1.000000
2010-11-18,aapl,305.2000,309.6700,304.6900,308.4300,17556497,1.000000
2010-11-19,aapl,307.9700,308.4000,305.2400,306.7300,13744399,1.000000
2010-11-22,aapl,306.6800,313.3600,305.8700,313.3600,13948259,1.000000
2010-11-23,aapl,310.4500,311.7500,306.5600,308.7300,18458096,1.000000
2010-11-24,aapl,312.0000,315.4000,311.7500,314.8000,14795448,1.000000
2010-11-26,aapl,313.7400,317.7000,312.9400,315.0000,8490891,1.000000
2010-11-29,aapl,315.5000,317.4800,311.3800,316.8700,15777092,1.000000
2010-11-30,aapl,313.5400,314.3600,310.8700,311.1500,17838897,1.000000
2010-12-01,aapl,315.2700,317.7500,315.0000,316.4000,16491096,1.000000
2010-12-02,aapl,317.5300,319.0000,314.8900,318.1500,16511813,1.000000
2010-12-03,aapl,317.0100,318.6500,316.3400,317.4400,12227469,1.000000
2010-12-06,aapl,318.6400,322.3300,318.4200,320.1500,15875367,1.000000
2010-12-07,aapl,319.6300,320.3700,317.1100,317.5590,3920125,1.000000
2010-12-08,aapl,319.6300,321.0200,317.1100,321.0100,11433030,1.000000
2010-12-09,aapl,322.1300,322.5000,319.0200,319.7600,10474694,1.000000
2010-12-10,aapl,319.6500,321.0500,318.6000,320.5600,9377749,1.000000
2010-12-13,aapl,324.3700,325.0600,321.0000,321.6700,15642677,1.000000
2010-12-14,aapl,321.7300,322.5400,319.0000,320.2900,12512910,1.000000
2010-12-15,aapl,320.0000,323.0000,319.1900,320.3600,14809880,1.000000
2010-12-16,aapl,321.0900,322.6100,320.1000,321.2500,11226999,1.000000
2010-12-17,aapl,321.6300,321.7900,320.2300,320.6100,13826724,1.000000
2010-12-20,aapl,321.6000,323.2500,318.2300,322.2100,13681551,1.000000
2010-12-21,aapl,323.0000,324.3900,322.0500,324.2000,9099204,1.000000
2010-12-22,aapl,324.3600,325.7200,323.5500,325.1600,9459163,1.000000
2010-12-23,aapl,325.0000,325.1500,323.1700,323.6000,7982168,1.000000
2010-12-27,aapl,322.8500,325.4400,321.5200,324.6800,8886355,1.000000
2010-12-28,aapl,325.9100,326.6600,325.0600,325.4700,6268402,1.000000
2010-12-29,aapl,326.2200,326.4500,325.1000,325.2900,5817500,1.000000
2010-12-30,aapl,325.4800,325.5100,323.0500,323.6600,5616028,1.000000
2010-12-31,aapl,322.9500,323.4800,321.3100,322.5600,6916261,1.000000
2011-01-03,aapl,325.6400,330.2600,324.8400,329.5700,15835566,1.000000
2011-01-04,aapl,332.4400,332.5000,328.1500,331.2900,11019265,1.000000
2011-01-05,aapl,329.5500,334.3400,329.5000,334.0000,9074409,1.000000
2011-01-06,aapl,334.7200,335.2500,332.9000,333.7300,10705797,1.000000
2011-01-07,aapl,333.9900,336.3500,331.9000,336.1200,11140316,1.000000
2011-01-10,aapl,338.8300,343.2300,337.1700,342.4500,15970331,1.000000
2011-01-11,aapl,344.8800,344.9600,339.4700,341.6400,15759255,1.000000
2011-01-12,aapl,343.2500,344.4300,342.0000,344.4200,10768729,1.000000
2011-01-13,aapl,345.1600,346.6400,343.8500,345.6800,10536100,1.000000
2011-01-14,aapl,345.8900,348.4800,344.4400,348.4800,11029964,1.000000
2011-01-18,aapl,329.4900,344.7600,326.0000,340.6500,62293119,1.000000
2011-01-19,aapl,348.3600,348.6000,336.8800,338.8400,40409433,1.000000
2011-01-20,aapl,336.4300,338.3000,330.1200,332.6800,27217619,1.000000
2011-01-21,aapl,333.7700,334.8800,326.6300,326.7200,26942816,1.000000
2011-01-24,aapl,326.8700,337.4500,326.7200,337.4500,20442654,1.000000
2011-01-25,aapl,336.3300,341.4400,334.5700,341.4000,19417257,1.000000
2011-01-26,aapl,342.9600,345.6000,341.5000,343.8500,17990443,1.000000
2011-01-27,aapl,343.7800,344.6930,342.8310,343.2100,10068016,1.000000
2011-01-28,aapl,344.1700,344.4000,333.5280,336.1000,20451851,1.000000
2011-01-31,aapl,335.8000,340.0400,334.3000,339.3200,13347214,1.000000
2011-02-01,aapl,341.3000,345.6500,340.9800,345.0300,15063083,1.000000
2011-02-02,aapl,344.4500,345.2500,343.5500,344.3200,9196862,1.000000
2011-02-03,aapl,343.8000,344.2400,338.5500,343.4400,14006982,1.000000
2011-02-04,aapl,343.6400,346.7000,343.5100,346.5000,11436127,1.000000
2011-02-07,aapl,347.8900,353.2500,347.6400,351.8800,17061579,1.000000
2011-02-08,aapl,353.6800,355.5200,352.1500,355.2000,13434889,1.000000
2011-02-09,aapl,355.1900,359.0000,354.8700,358.1600,17089330,1.000000
2011-02-10,aapl,357.3900,360.0000,348.0000,354.5400,32878344,1.000000
2011-02-11,aapl,354.7530,357.8000,353.5400,356.8500,13067054,1.000000
2011-02-14,aapl,356.7900,359.4800,356.7100,359.1800,11002321,1.000000
2011-02-15,aapl,359.1900,359.9700,357.5500,359.9000,9994761,1.000000
2011-02-16,aapl,360.8000,364.9000,360.5000,363.1300,16864990,1.000000
2011-02-17,aapl,357.2500,360.2700,356.5200,358.3000,18811723,1.000000
2011-02-18,aapl,358.7100,359.5000,349.5200,350.5600,29144532,1.000000
2011-02-22,aapl,342.1500,345.4000,337.7200,338.6100,30904642,1.000000
2011-02-23,aapl,338.7700,344.6400,338.6100,342.6200,23826372,1.000000
2011-02-24,aapl,344.0200,345.1500,338.3700,342.8800,17608418,1.000000
2011-02-25,aapl,345.2600,348.4300,344.8000,348.1600,13368900,1.000000
2011-02-28,aapl,351.2400,355.0500,351.1200,353.2100,14061428,1.000000
2011-03-01,aapl,355.4700,355.7200,347.6810,349.3100,16018591,1.000000
2011-03-02,aapl,349.9600,354.3500,348.4000,352.1200,21414198,1.000000
2011-03-03,aapl,357.1900,359.7900,355.9200,359.5600,17746095,1.000000
2011-03-04,aapl,360.0700,360.2900,357.7500,360.0000,15532253,1.000000
2011-03-07,aapl,361.4000,361.6700,351.3100,355.3600,19308532,1.000000
2011-03-08,aapl,354.9100,357.4000,352.2500,355.7600,12589684,1.000000
2011-03-09,aapl,354.6900,354.7600,350.6000,352.4700,16115916,1.000000
2011-03-10,aapl,349.1200,349.7700,344.9000,346.6700,17964119,1.000000
2011-03-11,aapl,345.3300,352.3200,345.0000,351.9900,16722402,1.000000
2011-03-14,aapl,353.1800,356.4840,351.3100,353.5600,15392611,1.000000
2011-03-15,aapl,342.1000,347.8400,340.1000,345.4300,25434014,1.000000
2011-03-16,aapl,342.0000,343.0000,326.2600,330.0100,40739464,1.000000
2011-03-17,aapl,336.8300,339.6100,330.6600,334.6400,23321071,1.000000
2011-03-18,aapl,337.1300,338.2000,330.0000,330.6700,26221516,1.000000
2011-03-21,aapl,335.9900,339.7400,335.2600,339.3000,14488835,1.000000
2011-03-22,aapl,342.5600,342.6200,339.1400,341.2000,11562447,1.000000
2011-03-23,aapl,339.2800,340.2200,335.9500,339.1900,13275021,1.000000
2011-03-24,aapl,341.8500,346.0000,338.8600,344.9700,14274352,1.000000
2011-03-25,aapl,348.0700,352.0600,347.0200,351.5400,15876736,1.000000
2011-03-28,aapl,353.1500,354.3200,350.4400,350.4400,10879890,1.000000
2011-03-29,aapl,347.6600,350.9600,346.0600,350.9600,12434509,1.000000
2011-03-30,aapl,350.6400,350.8800,347.4400,348.6300,11627409,1.000000
2011-03-31,aapl,346.3600,349.8000,346.0600,348.5080,9635221,1.000000
2011-04-01,aapl,351.1100,351.5870,343.3000,344.5600,14741937,1.000000
2011-04-04,aapl,344.3100,344.6000,338.4000,341.1900,16338321,1.000000
2011-04-05,aapl,336.9900,342.2500,336.0000,338.8900,17074032,1.000000
2011-04-06,aapl,341.2200,343.9000,337.1400,338.0400,14209435,1.000000
2011-04-07,aapl,338.1000,340.4300,336.0300,338.0800,13276704,1.000000
2011-04-08,aapl,339.9200,340.1500,333.9500,335.0600,13403514,1.000000
2011-04-11,aapl,334.0600,335.6700,330.0200,330.8000,14182767,1.000000
2011-04-12,aapl,330.4900,333.7300,330.2000,332.4000,15113003,1.000000
2011-04-13,aapl,335.0200,336.1400,332.5200,336.1300,12147974,1.000000
2011-04-14,aapl,334.8000,336.0000,332.0600,332.4200,10658202,1.000000
2011-04-15,aapl,333.3000,333.6400,326.8000,327.4600,16063189,1.000000
2011-04-18,aapl,326.1000,332.2300,320.1600,331.8500,21643468,1.000000
2011-04-19,aapl,333.1000,337.9800,331.7100,337.8600,14777699,1.000000
2011-04-20,aapl,343.5100,345.7500,341.5000,342.4100,19745974,1.000000
2011-04-21,aapl,355.0000,355.1300,348.5200,350.6960,26746331,1.000000
2011-04-25,aapl,350.3400,353.7500,350.3000,353.0090,9396092,1.000000
2011-04-26,aapl,353.6200,354.9900,349.3500,350.4200,11959787,1.000000
2011-04-27,aapl,352.2400,352.3500,347.1000,350.1500,12495702,1.000000
2011-04-28,aapl,346.1900,349.7500,345.5200,346.7500,12650806,1.000000
2011-04-29,aapl,346.7800,353.9500,346.6660,350.1300,28671115,1.000000
2011-05-02,aapl,349.7400,350.4690,345.5000,346.2800,15732208,1.000000
2011-05-03,aapl,347.9900,349.8900,345.6200,348.2000,11093036,1.000000
2011-05-04,aapl,348.2600,351.8300,346.8800,349.5700,13624382,1.000000
2011-05-05,aapl,348.4000,350.9500,346.0500,346.7500,11859289,1.000000
2011-05-06,aapl,349.6900,350.0000,346.2100,346.6600,9915649,1.000000
2011-05-09,aapl,347.8600,349.2000,346.5280,347.6000,7216205,1.000000
2011-05-10,aapl,348.8900,349.6900,346.6600,349.4500,9892036,1.000000
2011-05-11,aapl,349.0200,350.0000,345.2400,347.2300,11865025,1.000000
2011-05-12,aapl,346.1200,347.1200,342.2700,346.5700,11347005,1.000000
2011-05-13,aapl,345.6600,346.2500,340.3500,340.5000,11537376,1.000000
2011-05-16,aapl,339.2000,341.2200,332.6000,333.3000,15871384,1.000000
2011-05-17,aapl,332.0000,336.1400,330.7300,336.1400,16092594,1.000000
2011-05-18,aapl,336.4700,341.0500,336.0000,339.8700,11900471,1.000000
2011-05-19,aapl,342.0800,342.4140,338.6700,340.5300,9118493,1.000000
2011-05-20,aapl,339.5600,340.9500,335.0200,335.2200,11966380,1.000000
2011-05-23,aapl,329.9700,335.9800,329.4200,334.4000,13574667,1.000000
2011-05-24,aapl,335.5000,335.8990,331.3400,332.1900,11435117,1.000000
2011-05-25,aapl,333.4300,338.5600,332.8500,336.7800,10392327,1.000000
2011-05-26,aapl,335.9700,336.8900,334.4350,335.0000,7842296,1.000000
2011-05-27,aapl,334.8000,337.6300,334.3100,337.4100,7214975,1.000000
2011-05-31,aapl,341.1000,347.8300,341.0000,347.8300,14432921,1.000000
2011-06-01,aapl,348.8700,352.1320,344.6500,345.5100,19667083,1.000000
2011-06-02,aapl,346.2200,347.8400,344.5300,346.2200,16780815,1.000000
2011-06-03,aapl,343.1800,345.3300,342.0100,343.4400,11027105,1.000000
2011-06-06,aapl,345.7000,347.0500,337.8100,338.0400,16309959,1.000000
2011-06-07,aapl,338.1700,338.2200,331.9000,332.0400,18806935,1.000000
2011-06-08,aapl,331.7800,334.8000,330.6500,332.2400,11844874,1.000000
2011-06-09,aapl,333.2500,333.6700,330.7500,331.4900,9764713,1.000000
2011-06-10,aapl,330.5500,331.6600,325.5100,325.9000,15365802,1.000000
2011-06-13,aapl,327.2000,328.3100,325.0700,326.6000,11726178,1.000000
2011-06-14,aapl,330.0000,333.2500,329.3100,332.4400,11663024,1.000000
2011-06-15,aapl,329.7500,330.3000,324.8800,326.7500,13695747,1.000000
2011-06-16,aapl,326.9000,328.6810,318.3300,325.1600,18033630,1.000000
2011-06-17,aapl,328.9900,329.2500,319.3600,320.2600,21395808,1.000000
2011-06-20,aapl,317.3550,317.7000,310.5000,315.3200,22770148,1.000000
2011-06-21,aapl,316.6800,325.8000,315.2000,325.3000,17468389,1.000000
2011-06-22,aapl,325.1600,328.9000,322.3800,322.6100,13856682,1.000000
2011-06-23,aapl,318.9400,331.6900,318.1200,331.2300,19820526,1.000000
2011-06-24,aapl,331.3700,333.1500,325.0900,326.3500,15373054,1.000000
2011-06-27,aapl,327.5900,333.9000,327.2500,332.0400,12044073,1.000000
2011-06-28,aapl,333.6500,336.7000,333.4400,335.2600,10351819,1.000000
2011-06-29,aapl,336.0400,336.3700,331.8800,334.0400,12555867,1.000000
2011-06-30,aapl,334.7000,336.1300,332.8400,335.6700,11420240,1.000000
2011-07-01,aapl,335.9500,343.5000,334.2000,343.2600,15450575,1.000000
2011-07-05,aapl,343.0000,349.8300,342.5000,349.4300,12561327,1.000000
2011-07-06,aapl,348.9500,354.1000,346.7100,351.7600,15793787,1.000000
2011-07-07,aapl,354.6700,358.0000,354.0000,357.2000,14158328,1.000000
2011-07-08,aapl,353.3400,360.0000,352.2000,359.7100,17381049,1.000000
2011-07-11,aapl,356.3400,359.7700,352.8200,354.0000,15679191,1.000000
2011-07-12,aapl,353.5300,357.6800,348.6200,353.7500,16043538,1.000000
2011-07-13,aapl,358.3300,360.0000,356.3800,358.0200,13847071,1.000000
2011-07-14,aapl,361.0100,361.6100,356.3400,357.7700,14982998,1.000000
2011-07-15,aapl,361.1700,365.0000,359.1700,364.9200,17063115,1.000000
2011-07-18,aapl,365.4300,374.6500,365.2800,373.8000,20250016,1.000000
2011-07-19,aapl,378.0000,378.6500,373.3200,376.8500,24570247,1.000000
2011-07-20,aapl,396.1200,396.2700,386.0000,386.9000,33459356,1.000000
2011-07-21,aapl,386.9500,390.0600,383.9000,387.2900,18478111,1.000000
2011-07-22,aapl,388.3200,395.0500,387.7500,393.3000,18341935,1.000000
2011-07-25,aapl,390.3500,400.0000,389.6200,398.5000,20944106,1.000000
2011-07-26,aapl,400.0000,404.5000,399.6800,403.4100,16911938,1.000000
2011-07-27,aapl,400.5900,402.6400,392.1500,392.5900,23344066,1.000000
2011-07-28,aapl,391.6200,396.9900,388.1300,391.8200,21062882,1.000000
2011-07-29,aapl,387.6400,395.1500,384.0000,390.4800,22373677,1.000000
2011-08-01,aapl,397.7800,399.5000,392.3700,396.7500,21653206,1.000000
2011-08-02,aapl,397.6500,397.9000,388.3500,388.9100,22700509,1.000000
2011-08-03,aapl,390.9800,393.5500,382.2400,392.5700,25783213,1.000000
2011-08-04,aapl,389.4100,391.3200,377.3500,377.3700,30858066,1.000000
2011-08-05,aapl,380.4400,383.5000,362.5700,373.6200,42719143,1.000000
2011-08-08,aapl,361.6900,367.7700,353.0200,353.2100,40355888,1.000000
2011-08-09,aapl,361.3000,374.6100,355.0000,374.0100,38170750,1.000000
2011-08-10,aapl,371.1500,374.6500,362.5000,363.6900,31123138,1.000000
2011-08-11,aapl,370.5200,375.4500,364.7200,373.7000,26140897,1.000000
2011-08-12,aapl,378.0700,379.6400,374.2300,376.9900,18817569,1.000000
2011-08-15,aapl,379.6300,384.9700,378.0900,383.4100,16323133,1.000000
2011-08-16,aapl,381.5200,383.3700,376.0600,380.4800,17671571,1.000000
2011-08-17,aapl,382.3100,384.5200,378.0000,380.4400,15634891,1.000000
2011-08-18,aapl,370.8400,372.6500,361.3700,366.0500,30138885,1.000000
2011-08-19,aapl,362.1700,367.0000,356.0000,356.0300,27485367,1.000000
2011-08-22,aapl,364.5100,364.8800,355.0900,356.4400,19039076,1.000000
2011-08-23,aapl,360.3000,373.6400,357.0000,373.6000,23239125,1.000000
2011-08-24,aapl,373.4700,378.9600,370.6000,376.1800,20832685,1.000000
2011-08-25,aapl,365.0800,375.4500,365.0000,373.7200,30981372,1.000000
2011-08-26,aapl,371.1700,383.8000,370.8010,383.5800,22758664,1.000000
2011-08-29,aapl,388.1800,391.5000,388.0000,389.9700,14376215,1.000000
2011-08-30,aapl,388.2500,391.8400,386.2100,389.9900,14868989,1.000000
2011-08-31,aapl,390.5700,392.0800,381.8600,384.8300,18378515,1.000000
2011-09-01,aapl,385.8200,387.3400,380.7200,381.0300,12087458,1.000000
2011-09-02,aapl,374.7400,378.0000,371.8300,374.0500,15547467,1.000000
2011-09-06,aapl,367.3700,380.3300,366.4800,379.7400,18099979,1.000000
2011-09-07,aapl,385.5600,385.6000,382.0000,383.9300,12365902,1.000000
2011-09-08,aapl,382.4000,388.6100,382.3100,384.1400,14778833,1.000000
2011-09-09,aapl,383.9300,386.0000,375.0200,377.4800,20058033,1.000000
2011-09-12,aapl,373.0000,380.8800,371.9000,379.9400,16554022,1.000000
2011-09-13,aapl,382.1400,386.2100,380.2500,384.6200,15620673,1.000000
2011-09-14,aapl,387.0200,392.2100,385.7600,389.3000,18924253,1.000000
2011-09-15,aapl,391.4300,393.6600,389.9000,392.9600,14513050,1.000000
2011-09-16,aapl,395.5400,400.5000,395.0300,400.5000,23930950,1.000000
2011-09-19,aapl,397.0000,413.2300,395.2050,411.6300,29266264,1.000000
2011-09-20,aapl,415.2500,422.8600,411.1900,413.4500,27472280,1.000000
2011-09-21,aapl,419.6400,421.5900,412.0000,412.1400,21404617,1.000000
2011-09-22,aapl,401.0300,409.8200,396.7000,401.8200,34330721,1.000000
2011-09-23,aapl,400.2800,406.7400,399.8500,404.3000,19336597,1.000000
2011-09-26,aapl,399.8600,403.9800,391.3000,403.1700,28821009,1.000000
2011-09-27,aapl,408.7300,409.2500,398.0600,399.2600,22434335,1.000000
2011-09-28,aapl,400.1900,403.7400,396.5100,397.0100,15211914,1.000000
2011-09-29,aapl,401.9200,402.2100,386.2100,390.5700,23181445,1.000000
2011-09-30,aapl,387.1200,388.8900,381.1800,381.3200,19218286,1.000000
2011-10-03,aapl,380.3700,382.6400,373.1710,374.6000,23618255,1.000000
2011-10-04,aapl,374.5700,381.8000,354.2400,372.5000,43740903,1.000000
2011-10-05,aapl,367.8600,379.8200,360.3000,378.2500,27901296,1.000000
2011-10-06,aapl,373.3300,384.7800,371.8050,377.3700,28896516,1.000000
2011-10-07,aapl,375.7800,377.7400,368.4890,369.8000,18998434,1.000000
2011-10-10,aapl,379.0900,388.8100,378.2100,388.8100,15566257,1.000000
2011-10-11,aapl,392.5700,403.1800,391.5000,400.2900,21537162,1.000000
2011-10-12,aapl,407.3400,409.2500,400.1400,402.1900,22076844,1.000000
2011-10-13,aapl,404.9800,408.4300,402.8500,408.4300,14851382,1.000000
2011-10-14,aapl,416.8300,422.0000,415.2700,422.0000,19984956,1.000000
2011-10-17,aapl,421.7400,426.7000,415.9400,419.9900,23974401,1.000000
2011-10-18,aapl,421.7600,424.8070,415.9900,422.2400,24299067,1.000000
2011-10-19,aapl,401.3500,408.4190,397.8000,398.6200,39262346,1.000000
2011-10-20,aapl,400.0000,400.3500,394.2100,395.3100,19500267,1.000000
2011-10-21,aapl,398.1000,399.1400,390.7500,392.8700,21950962,1.000000
2011-10-24,aapl,396.1800,406.5000,395.4000,405.7700,17842424,1.000000
2011-10-25,aapl,405.0300,406.5500,397.3800,397.7700,15214579,1.000000
2011-10-26,aapl,401.7600,402.5500,393.1510,400.6000,16067516,1.000000
2011-10-27,aapl,407.5600,409.0000,401.8900,404.6900,17399338,1.000000
2011-10-28,aapl,403.0000,406.3500,402.5100,404.9500,11327285,1.000000
2011-10-31,aapl,402.4200,409.3300,401.0500,404.7800,13617546,1.000000
2011-11-01,aapl,397.4100,399.5000,393.2200,396.5100,18851286,1.000000
2011-11-02,aapl,400.0900,400.4400,395.1100,397.4100,11376477,1.000000
2011-11-03,aapl,399.0700,403.4000,395.3600,403.0700,15640256,1.000000
2011-11-04,aapl,402.0300,403.4400,399.1600,400.3000,10592860,1.000000
2011-11-07,aapl,399.9100,400.0000,396.1300,399.7300,9505252,1.000000
2011-11-08,aapl,402.2100,408.0000,401.5600,406.2300,14163741,1.000000
2011-11-09,aapl,396.9700,400.8900,394.2300,395.2800,19663510,1.000000
2011-11-10,aapl,397.0300,397.2100,382.1500,385.2200,26498687,1.000000
2011-11-11,aapl,386.6100,388.7000,380.2600,384.6200,23189218,1.000000
2011-11-14,aapl,383.5200,385.2500,378.2000,379.2600,15257196,1.000000
2011-11-15,aapl,380.8000,389.5000,379.4500,388.8300,15286678,1.000000
2011-11-16,aapl,389.2500,391.1400,384.3200,384.7700,12340203,1.000000
2011-11-17,aapl,383.9800,384.5800,375.5000,377.4100,17019512,1.000000
2011-11-18,aapl,378.9200,379.9900,374.8800,374.9400,13088070,1.000000
2011-11-21,aapl,370.4000,371.6800,365.9100,369.0100,15780318,1.000000
2011-11-22,aapl,371.0200,377.9300,370.9400,376.5100,14291595,1.000000
2011-11-23,aapl,374.5100,375.8400,366.8800,366.9900,15195163,1.000000
2011-11-25,aapl,368.4200,371.1500,363.3200,363.5700,9092755,1.000000
2011-11-28,aapl,372.3500,376.7200,370.3300,376.1200,12136756,1.000000
2011-11-29,aapl,375.8400,378.8300,370.2000,373.2000,13376608,1.000000
2011-11-30,aapl,381.2900,382.2000,378.3000,382.2000,14038533,1.000000
2011-12-01,aapl,382.5400,389.0000,380.7500,387.9300,13529916,1.000000
2011-12-02,aapl,389.8300,393.6300,388.5800,389.7000,13421692,1.000000
2011-12-05,aapl,393.4900,396.4100,390.3880,393.0100,12603785,1.000000
2011-12-06,aapl,392.5100,394.6300,389.3800,390.9500,10094360,1.000000
2011-12-07,aapl,389.9300,390.9400,386.7630,389.0900,10692779,1.000000
2011-12-08,aapl,391.4500,395.5000,390.2300,390.6600,13353407,1.000000
2011-12-09,aapl,392.8500,394.0400,391.0300,393.6200,10531982,1.000000
2011-12-12,aapl,391.6800,393.9000,389.4500,391.8400,10612882,1.000000
2011-12-13,aapl,393.0000,395.4000,387.1000,388.8100,11991133,1.000000
2011-12-14,aapl,386.7000,387.3800,377.6800,380.1900,14412374,1.000000
2011-12-15,aapl,383.3300,383.7400,378.3100,378.9400,9107179,1.000000
2011-12-16,aapl,380.3600,384.1500,379.5700,381.0200,13746207,1.000000
2011-12-19,aapl,382.4700,384.8500,380.4800,382.2100,8235349,1.000000
2011-12-20,aapl,387.7600,396.1000,387.2600,395.9500,11886001,1.000000
2011-12-21,aapl,396.6900,397.3000,392.0100,396.4450,9284041,1.000000
2011-12-22,aapl,397.0000,399.1300,396.1000,398.5500,7096689,1.000000
2011-12-23,aapl,399.6900,403.5900,399.4950,403.3300,9588317,1.000000
2011-12-27,aapl,403.1000,409.0900,403.0200,406.5300,9430760,1.000000
2011-12-28,aapl,406.8900,408.2500,401.3400,402.6400,8080603,1.000000
2011-12-29,aapl,403.4000,405.6500,400.5100,405.1200,7308723,1.000000
2011-12-30,aapl,403.5100,406.2800,403.4900,405.0000,6295885,1.000000
2012-01-03,aapl,409.4000,412.5000,409.0000,411.2300,10690270,1.000000
2012-01-04,aapl,410.0000,414.6800,409.2800,413.4400,9181249,1.000000
2012-01-05,aapl,414.9500,418.5500,412.6700,418.0300,9606776,1.000000
2012-01-06,aapl,419.7700,422.7500,419.2200,422.4000,11291702,1.000000
2012-01-09,aapl,425.5000,427.7500,421.3500,421.7300,13988481,1.000000
2012-01-10,aapl,425.9100,426.0000,421.5000,423.2400,9101673,1.000000
2012-01-11,aapl,422.6800,422.8500,419.3100,422.5500,7625850,1.000000
2012-01-12,aapl,422.2800,422.9000,418.7500,421.3900,7560105,1.000000
2012-01-13,aapl,419.7000,420.4500,418.6600,419.8100,7951992,1.000000
2012-01-17,aapl,424.2000,425.9900,422.9600,424.7000,8518366,1.000000
2012-01-18,aapl,426.9600,429.4700,426.3000,429.1100,9736615,1.000000
2012-01-19,aapl,430.1500,431.3690,426.5100,427.7500,9185228,1.000000
2012-01-20,aapl,427.4900,427.5000,419.7500,420.3000,14555057,1.000000
2012-01-23,aapl,422.6700,428.4500,422.3000,427.4090,10801856,1.000000
2012-01-24,aapl,425.1000,425.1000,419.5500,420.4100,13458650,1.000000
2012-01-25,aapl,454.4400,454.4500,443.7300,446.6600,34048471,1.000000
2012-01-26,aapl,448.3600,448.7900,443.1400,444.6300,11497751,1.000000
2012-01-27,aapl,444.3400,448.4800,443.7700,447.2800,10630874,1.000000
2012-01-30,aapl,445.7100,453.9000,445.3900,453.0100,13295526,1.000000
2012-01-31,aapl,455.5900,458.2400,453.0700,456.4800,13481635,1.000000
2012-02-01,aapl,458.4100,458.9900,455.5500,456.1900,9508157,1.000000
2012-02-02,aapl,455.9000,457.1700,453.9800,455.1200,6625272,1.000000
2012-02-03,aapl,457.3000,460.0000,455.5600,459.6800,10164851,1.000000
2012-02-06,aapl,458.3800,464.9800,458.2010,463.9700,8825968,1.000000
2012-02-07,aapl,465.2500,469.7500,464.5810,468.8300,11235701,1.000000
2012-02-08,aapl,470.5000,476.7900,469.7000,476.6800,14458651,1.000000
2012-02-09,aapl,480.7600,496.7500,480.5600,493.1700,31376086,1.000000
2012-02-10,aapl,490.9600,497.6200,488.5500,493.4200,22330169,1.000000
2012-02-13,aapl,499.5300,503.8300,497.0900,502.6000,18274178,1.000000
2012-02-14,aapl,504.6600,509.5600,502.0000,509.4600,16232930,1.000000
2012-02-15,aapl,514.2600,526.2900,496.8900,497.6700,53306870,1.000000
2012-02-16,aapl,491.5000,504.8900,486.6300,502.2100,33241808,1.000000
2012-02-17,aapl,503.1100,507.7700,500.3000,502.1200,18765242,1.000000
2012-02-21,aapl,506.8800,514.8500,504.1200,514.8500,21287220,1.000000
2012-02-22,aapl,515.0800,517.8300,509.5000,516.3900,20172814,1.000000
2012-02-23,aapl,515.0800,517.8300,509.5000,516.3900,20172814,1.000000
2012-02-24,aapl,519.6700,522.9000,518.6400,522.4100,14442899,1.000000
2012-02-27,aapl,521.3100,528.5000,516.2800,525.7600,19391974,1.000000
2012-02-28,aapl,527.9600,535.4100,525.8500,535.4100,21056216,1.000000
2012-02-29,aapl,541.5600,547.6100,535.7000,542.4400,33320628,1.000000
2012-03-01,aapl,548.1700,548.2100,538.7700,544.4700,24292048,1.000000
2012-03-02,aapl,544.2400,546.8000,542.5200,545.1800,15181228,1.000000
2012-03-05,aapl,545.4200,547.4800,526.0000,533.1600,28771193,1.000000
2012-03-06,aapl,523.6600,533.6900,516.2210,530.2600,28794217,1.000000
2012-03-07,aapl,536.8000,537.7800,523.3000,530.6900,28293036,1.000000
2012-03-08,aapl,534.6900,542.9900,532.1200,541.9900,18340291,1.000000
2012-03-09,aapl,544.2100,547.7400,543.1100,545.1700,14838263,1.000000
2012-03-12,aapl,548.9820,552.0000,547.0000,552.0000,14337321,1.000000
2012-03-13,aapl,557.5400,568.1800,555.7500,568.1000,24296862,1.000000
2012-03-14,aapl,578.0500,594.7200,575.4000,589.5800,50357525,1.000000
2012-03-15,aapl,599.6100,600.0100,578.5500,585.5600,41222038,1.000000
2012-03-16,aapl,584.7200,589.2000,578.0000,585.5900,18913416,1.000000
2012-03-19,aapl,598.3700,601.7700,589.0500,601.1000,31650160,1.000000
2012-03-20,aapl,599.5100,606.9000,582.0000,605.9600,28873489,1.000000
2012-03-21,aapl,602.7400,609.6500,601.4100,602.5000,22272427,1.000000
2012-03-22,aapl,597.7800,604.5000,595.5300,599.3400,22095841,1.000000
2012-03-23,aapl,600.4900,601.8000,594.4010,596.0500,15216789,1.000000
2012-03-26,aapl,599.7900,606.7200,595.2600,606.3500,17195036,1.000000
2012-03-27,aapl,606.1800,616.2800,606.0600,614.4800,21477276,1.000000
2012-03-28,aapl,618.3800,621.4500,610.3100,617.6200,23153951,1.000000
2012-03-29,aapl,612.7800,616.5600,607.2300,609.8600,21099577,1.000000
2012-03-30,aapl,608.7700,610.5600,597.9400,599.5500,25766741,1.000000
2012-04-02,aapl,601.8300,618.7700,600.3800,618.6300,21195261,1.000000
2012-04-03,aapl,627.3000,632.2100,622.5100,629.3200,29658352,1.000000
2012-04-04,aapl,624.3500,625.8600,617.0000,624.3100,20146150,1.000000
2012-04-05,aapl,626.9800,634.6600,623.4000,633.6800,22784225,1.000000
2012-04-09,aapl,626.1300,639.8400,625.3000,636.2300,21230393,1.000000
2012-04-10,aapl,639.9300,644.0000,626.0000,628.4400,31555681,1.000000
2012-04-11,aapl,636.2000,636.8700,623.3420,626.2000,24749920,1.000000
2012-04-12,aapl,625.0000,631.3300,620.5000,622.7700,21746783,1.000000
2012-04-13,aapl,624.1100,624.7000,603.5100,605.2300,30541381,1.000000
2012-04-16,aapl,610.0600,610.2800,578.2500,580.1300,37345204,1.000000
2012-04-17,aapl,578.9400,610.0000,571.9100,609.7000,36263222,1.000000
2012-04-18,aapl,613.7200,620.2500,602.7100,608.3400,33833839,1.000000
2012-04-19,aapl,600.2200,604.7320,584.5200,588.2160,27782816,1.000000
2012-04-20,aapl,591.3800,594.6200,570.4200,572.9800,36396709,1.000000
2012-04-23,aapl,570.6100,576.6700,556.6200,571.7000,34356921,1.000000
2012-04-24,aapl,562.6100,567.6900,555.0000,560.2800,32093202,1.000000
2012-04-25,aapl,615.6350,618.0000,606.0000,610.0000,32164585,1.000000
2012-04-26,aapl,614.2700,614.6900,602.1300,607.7000,18935027,1.000000
2012-04-27,aapl,605.0700,606.1800,600.5000,603.0000,14399693,1.000000
2012-04-30,aapl,597.8000,598.4000,583.0000,583.9800,17860973,1.000000
2012-05-01,aapl,584.9000,596.7600,581.2300,582.1300,21668674,1.000000
2012-05-02,aapl,580.2400,587.4000,578.8600,585.9800,15183387,1.000000
2012-05-03,aapl,590.5000,591.4000,580.3000,581.8200,13739505,1.000000
2012-05-04,aapl,577.0800,578.3600,565.1700,565.2500,18752364,1.000000
2012-05-07,aapl,561.5000,572.7700,561.2300,569.4800,16387245,1.000000
2012-05-08,aapl,569.5800,571.5000,558.7300,568.1800,17674209,1.000000
2012-05-09,aapl,563.7000,573.9780,560.8500,569.1800,17045096,1.000000
2012-05-10,aapl,574.5800,575.8800,568.4410,570.5200,11742281,1.000000
2012-05-11,aapl,565.0000,574.4700,564.3500,566.7100,14182292,1.000000
2012-05-14,aapl,562.5700,567.5100,557.6000,558.2200,12510803,1.000000
2012-05-15,aapl,561.4500,563.2200,551.7500,553.1700,16938245,1.000000
2012-05-16,aapl,554.0500,556.8900,541.0400,546.0750,19899741,1.000000
2012-05-17,aapl,545.3100,547.5000,530.1200,530.1200,25364722,1.000000
2012-05-18,aapl,533.9600,543.4100,522.1800,530.3800,25937677,1.000000
2012-05-21,aapl,534.5000,561.5400,534.0500,561.2800,22281521,1.000000
2012-05-22,aapl,569.5500,573.8800,552.5800,556.9700,24717703,1.000000
2012-05-23,aapl,557.5000,572.8000,553.2300,570.5600,20587044,1.000000
2012-05-24,aapl,575.8700,576.5000,561.2300,565.3200,17631778,1.000000
2012-05-25,aapl,564.5900,565.8500,558.4720,562.2900,11669061,1.000000
2012-05-29,aapl,570.9000,574.0000,565.3100,572.2700,13464166,1.000000
2012-05-30,aapl,569.2000,579.9900,566.5600,579.1700,18798659,1.000000
2012-05-31,aapl,580.7400,581.5000,571.4600,577.7300,17280851,1.000000
2012-06-01,aapl,569.1600,572.6500,560.5200,560.9900,18494664,1.000000
2012-06-04,aapl,561.5000,567.5000,548.5000,564.2900,19754906,1.000000
2012-06-05,aapl,561.2700,566.4700,558.3300,562.8300,13798208,1.000000
2012-06-06,aapl,567.7700,573.8500,565.5000,571.4600,14245285,1.000000
2012-06-07,aapl,577.2900,577.3200,570.5000,571.7200,13480672,1.000000
2012-06-08,aapl,571.6000,580.5840,569.0000,580.3200,12217633,1.000000
2012-06-11,aapl,587.7200,588.5000,570.6300,571.1700,20940058,1.000000
2012-06-12,aapl,574.4600,576.6200,566.7000,576.1600,15377065,1.000000
2012-06-13,aapl,574.5200,578.4800,570.3800,572.1600,10117134,1.000000
2012-06-14,aapl,571.2400,573.5000,567.2600,571.5300,12254015,1.000000
2012-06-15,aapl,571.0000,574.6200,569.5500,574.1300,11418748,1.000000
2012-06-18,aapl,570.9600,587.8900,570.3700,585.7800,15506726,1.000000
2012-06-19,aapl,583.4000,590.0000,583.1000,587.4100,12813489,1.000000
2012-06-20,aapl,588.2100,589.2500,580.8000,585.7410,12706191,1.000000
2012-06-21,aapl,585.4400,588.2200,577.4400,577.6700,11549648,1.000000
2012-06-22,aapl,579.0400,582.1900,575.4200,582.1000,9660953,1.000000
2012-06-25,aapl,577.3000,579.8000,570.3700,570.7650,10797549,1.000000
2012-06-26,aapl,571.3300,574.4900,567.3300,572.0250,9800576,1.000000
2012-06-27,aapl,575.0000,576.7400,571.9200,574.5000,7222796,1.000000
2012-06-28,aapl,571.6700,574.0000,565.6100,569.0500,10013701,1.000000
2012-07-02,aapl,584.7300,593.4700,583.6000,592.5200,14186051,1.000000
2012-07-03,aapl,594.8800,600.0000,594.0000,599.4100,8625608,1.000000
2012-07-05,aapl,600.5600,614.3400,599.6500,609.9400,17186072,1.000000
2012-07-06,aapl,607.0900,608.4400,601.5800,605.8800,14906219,1.000000
2012-07-09,aapl,605.3000,613.9000,604.1100,613.8900,13471926,1.000000
2012-07-10,aapl,617.9700,619.8700,605.3100,608.2100,18165175,1.000000
2012-07-11,aapl,606.1200,607.6600,597.2200,604.4300,16617613,1.000000
2012-07-12,aapl,600.2400,603.4700,592.6800,598.9000,15239351,1.000000
2012-07-13,aapl,602.9500,607.1900,600.0000,604.9700,11062114,1.000000
2012-07-16,aapl,605.1200,611.6200,605.0200,606.9100,10661257,1.000000
2012-07-17,aapl,610.7900,611.5000,603.1500,606.9400,10429507,1.000000
2012-07-18,aapl,606.5900,608.3400,603.5600,606.2600,8799789,1.000000
2012-07-19,aapl,611.2800,615.3500,606.0000,614.3200,15496417,1.000000
2012-07-20,aapl,613.0300,614.4400,603.7000,604.3000,14030992,1.000000
2012-07-23,aapl,594.4000,605.9000,587.7100,603.8300,17317457,1.000000
2012-07-24,aapl,607.3800,609.6800,598.5100,600.9200,15481042,1.000000
2012-07-25,aapl,574.4600,580.8000,570.0000,574.9700,31250167,1.000000
2012-07-26,aapl,579.7600,580.4000,570.3600,574.8800,14467071,1.000000
2012-07-27,aapl,575.0100,585.8300,571.5900,585.1600,14335922,1.000000
2012-07-30,aapl,590.9200,599.4400,587.8200,595.0300,13464349,1.000000
2012-07-31,aapl,603.2300,611.7000,602.7200,610.7600,16362464,1.000000
2012-08-01,aapl,615.9050,616.4000,603.0000,606.8100,13685396,1.000000
2012-08-02,aapl,602.8400,610.6900,600.2500,607.7900,11142125,1.000000
2012-08-03,aapl,613.6300,617.9800,611.5600,615.7000,12186234,1.000000
2012-08-06,aapl,617.2900,624.8680,615.2600,622.5500,10759421,1.000000
2012-08-07,aapl,622.7700,625.0000,618.0400,620.9140,10348051,1.000000
2012-08-08,aapl,619.3900,623.8800,617.1000,619.8600,8676148,1.000000
2012-08-09,aapl,617.8500,621.7300,617.8000,620.7300,7840259,1.000000
2012-08-10,aapl,618.7100,621.7600,618.7000,621.7000,6929456,1.000000
2012-08-13,aapl,623.3900,630.0000,623.2500,630.0000,9884385,1.000000
2012-08-14,aapl,631.8700,638.6100,630.2100,631.6900,12084206,1.000000
2012-08-15,aapl,631.3000,634.0000,627.7500,630.8300,9148419,1.000000
2012-08-16,aapl,631.2100,636.7600,630.5000,636.3400,9040252,1.000000
2012-08-17,aapl,640.0000,648.1900,638.8100,648.1100,15683848,1.000000
2012-08-20,aapl,650.0100,665.1500,649.9000,665.1500,21807417,1.000000
2012-08-21,aapl,670.8200,674.8800,650.3300,656.0600,28806279,1.000000
2012-08-22,aapl,654.4200,669.0000,648.1100,668.8700,20091618,1.000000
2012-08-23,aapl,666.1100,669.9000,661.1500,662.6300,14934753,1.000000
2012-08-24,aapl,659.5100,669.4800,655.5500,663.2220,15249541,1.000000
2012-08-27,aapl,679.9900,680.8700,673.5400,675.6800,15150681,1.000000
2012-08-28,aapl,674.9770,676.1000,670.6730,674.8000,9477019,1.000000
2012-08-29,aapl,675.2500,677.6700,672.6000,673.4660,7181017,1.000000
2012-08-30,aapl,670.6400,671.5540,662.8530,663.8680,10536301,1.000000
2012-08-31,aapl,667.2500,668.6000,657.2500,665.2400,11913095,1.000000
2012-09-04,aapl,665.7600,675.1400,664.5000,674.9700,13090385,1.000000
2012-09-05,aapl,675.5700,676.3500,669.6000,670.2300,11965453,1.000000
2012-09-06,aapl,673.1700,678.2900,670.8000,676.2700,13882778,1.000000
2012-09-07,aapl,678.0500,682.4800,675.7700,680.4400,11651332,1.000000
2012-09-10,aapl,680.4500,683.2900,662.1000,662.7400,17157880,1.000000
2012-09-11,aapl,665.1100,670.1000,656.5000,660.5900,17932537,1.000000
2012-09-12,aapl,666.8500,669.9000,656.0000,669.7900,25161970,1.000000
2012-09-13,aapl,677.3700,685.5000,674.7700,682.9800,21258553,1.000000
2012-09-14,aapl,689.9550,696.9800,687.8900,691.2800,21314633,1.000000
2012-09-17,aapl,699.3500,699.8000,694.6100,699.7810,13832452,1.000000
2012-09-18,aapl,699.8800,702.3300,696.4200,701.9100,13127569,1.000000
2012-09-19,aapl,700.2600,703.9900,699.5700,702.1000,11561454,1.000000
2012-09-20,aapl,699.1600,700.0600,693.6200,698.7000,11936829,1.000000
2012-09-21,aapl,702.4100,705.0700,699.3620,700.0950,19195495,1.000000
2012-09-24,aapl,686.8600,695.1200,683.0000,690.7900,22716319,1.000000
2012-09-25,aapl,688.2600,692.7800,673.0000,673.5400,18274398,1.000000
2012-09-26,aapl,668.7400,672.6900,661.2000,665.1800,20521751,1.000000
2012-09-27,aapl,664.2900,682.1700,660.3500,681.3200,21046667,1.000000
2012-09-28,aapl,678.7500,681.1100,666.7500,667.1050,18953936,1.000000
2012-10-01,aapl,671.1600,676.7500,656.5000,659.3900,19321086,1.000000
2012-10-02,aapl,661.8100,666.3500,650.6500,661.3100,22280413,1.000000
2012-10-03,aapl,664.8600,671.8600,662.6300,671.4500,15027250,1.000000
2012-10-04,aapl,671.2500,674.2500,665.5500,666.8000,13144251,1.000000
2012-10-05,aapl,665.2000,666.0000,651.2800,652.5900,20925361,1.000000
2012-10-08,aapl,646.8800,647.5600,636.1100,638.1700,22689941,1.000000
2012-10-09,aapl,638.6500,640.4900,623.5500,635.8500,29830301,1.000000
2012-10-10,aapl,639.7400,644.9800,637.0000,640.9100,18149307,1.000000
2012-10-11,aapl,646.5000,647.2000,628.1000,628.1000,19425720,1.000000
2012-10-12,aapl,629.5600,635.3800,625.3000,629.7140,16345527,1.000000
2012-10-15,aapl,632.3500,635.1300,623.8500,634.7600,15371571,1.000000
2012-10-16,aapl,635.3700,650.3000,631.0000,649.7930,19504205,1.000000
2012-10-17,aapl,648.8700,652.7900,644.0000,644.6140,13855138,1.000000
2012-10-18,aapl,639.5900,642.0600,630.0000,632.6400,16953029,1.000000
2012-10-19,aapl,631.0500,631.7700,609.6200,609.8400,26273765,1.000000
2012-10-22,aapl,612.4200,635.3800,610.7600,634.0300,19395313,1.000000
2012-10-23,aapl,631.0000,633.9000,611.7000,613.3550,25155946,1.000000
2012-10-24,aapl,621.4400,626.5500,610.6400,616.8300,19823377,1.000000
2012-10-25,aapl,620.0000,622.0000,605.5500,609.5380,20143462,1.000000
2012-10-26,aapl,609.4300,614.0000,591.0000,604.0000,36276458,1.000000
2012-10-31,aapl,594.8800,601.9600,587.7000,595.3200,18043028,1.000000
2012-11-01,aapl,598.2200,603.0000,594.1700,596.5400,12680892,1.000000
2012-11-02,aapl,595.8900,596.9500,574.7500,576.8000,21216045,1.000000
2012-11-05,aapl,583.5150,587.7700,577.6000,584.6210,18833909,1.000000
2012-11-06,aapl,590.2300,590.7400,580.0900,582.8500,13228409,1.000000
2012-11-07,aapl,573.8350,574.5400,555.7500,558.0020,28188519,1.000000
2012-11-08,aapl,560.6300,562.2300,535.2900,537.7500,37540077,1.000000
2012-11-09,aapl,540.4200,554.8800,533.7200,547.0600,33137967,1.000000
2012-11-12,aapl,554.1500,554.5000,538.6500,542.8300,18527030,1.000000
2012-11-13,aapl,538.9100,550.4800,536.3600,542.8980,18714088,1.000000
2012-11-14,aapl,545.5000,547.4500,536.1800,536.8800,16918792,1.000000
2012-11-15,aapl,537.5300,539.5000,522.6200,525.6200,28112056,1.000000
2012-11-16,aapl,525.2000,530.0000,505.7500,527.6780,44930252,1.000000
2012-11-19,aapl,540.7100,567.5000,539.8800,565.7300,29176652,1.000000
2012-11-20,aapl,571.9100,606.5000,554.5800,560.9130,22906806,1.000000
2012-11-21,aapl,564.2500,567.3700,556.6000,561.7000,13240795,1.000000
2012-11-23,aapl,567.1700,572.0000,562.6000,571.5000,9738065,1.000000
2012-11-26,aapl,575.9000,590.0000,573.7100,589.5300,22404298,1.000000
2012-11-27,aapl,589.5500,590.4200,580.1000,584.7800,18955234,1.000000
2012-11-28,aapl,577.2700,585.8000,572.2600,582.9400,18519191,1.000000
2012-11-29,aapl,590.2150,594.2500,585.2500,589.3600,18268534,1.000000
2012-11-30,aapl,586.7900,588.4000,582.6800,585.2800,13436871,1.000000
2012-12-03,aapl,593.6500,594.5900,585.5000,586.1900,12929634,1.000000
2012-12-04,aapl,581.8000,581.8000,572.1300,575.8450,19652237,1.000000
2012-12-05,aapl,568.9100,569.2500,538.7700,538.7920,36819185,1.000000
2012-12-06,aapl,528.9400,553.3100,518.6300,547.2450,41823059,1.000000
2012-12-07,aapl,553.4000,555.2000,530.0000,533.2500,27988293,1.000000
2012-12-10,aapl,525.0000,538.5100,521.5800,529.8210,22362559,1.000000
2012-12-11,aapl,539.7700,549.5600,537.3700,541.3880,21037756,1.000000
2012-12-12,aapl,547.7700,548.0000,536.2700,539.0000,17343894,1.000000
2012-12-13,aapl,531.1500,537.6400,525.8000,529.6900,22160229,1.000000
2012-12-14,aapl,514.7500,518.1320,505.5800,509.7940,35798627,1.000000
2012-12-17,aapl,508.9300,520.0000,501.2300,518.8300,26869029,1.000000
2012-12-18,aapl,525.0000,534.9000,520.2500,533.9000,22230362,1.000000
2012-12-19,aapl,531.4700,533.7000,525.5000,526.3100,15943141,1.000000
2012-12-20,aapl,530.0000,530.2000,518.8800,521.7300,16986997,1.000000
2012-12-21,aapl,512.4700,519.6700,510.2400,519.3300,20496211,1.000000
2012-12-24,aapl,520.3500,524.2500,518.7100,520.1680,6275120,1.000000
2012-12-26,aapl,519.0000,519.4600,511.1200,513.0000,10739501,1.000000
2012-12-27,aapl,513.5400,516.2500,504.6600,515.0600,16146587,1.000000
2012-12-28,aapl,510.2900,514.4800,508.1200,509.5890,12458115,1.000000
2012-12-31,aapl,510.5300,535.4000,509.0000,532.1730,23202165,1.000000
2013-01-02,aapl,553.8200,555.0000,541.6300,549.0300,19918296,1.000000
2013-01-03,aapl,547.8800,549.6700,541.0000,542.0960,12457760,1.000000
2013-01-04,aapl,536.9650,538.6300,525.8290,527.0000,21116100,1.000000
2013-01-07,aapl,522.0000,529.3000,515.2000,523.9000,17237398,1.000000
2013-01-08,aapl,529.2100,531.8900,521.2500,525.3100,16237608,1.000000
2013-01-09,aapl,522.5000,525.0050,515.9900,517.1000,14476472,1.000000
2013-01-10,aapl,528.5500,528.7200,515.5200,523.5100,21379755,1.000000
2013-01-11,aapl,521.0000,525.3200,519.0200,520.3000,12378489,1.000000
2013-01-14,aapl,502.6800,507.5000,498.5100,501.7500,26040750,1.000000
2013-01-15,aapl,498.3000,498.9900,483.3800,485.9200,30978767,1.000000
2013-01-16,aapl,494.6400,509.4400,492.5000,506.0900,24519615,1.000000
2013-01-17,aapl,510.3100,510.7500,502.0300,502.6800,16052095,1.000000
2013-01-18,aapl,498.5160,502.2200,496.4000,500.0000,16605202,1.000000
2013-01-22,aapl,504.5600,507.8800,496.6300,504.7700,16128528,1.000000
2013-01-23,aapl,508.8100,514.9900,504.7700,514.0050,22232471,1.000000
2013-01-24,aapl,460.0000,465.7300,450.2500,450.5000,51888775,1.000000
2013-01-25,aapl,451.6900,456.2300,435.0000,439.8800,42653526,1.000000
2013-01-28,aapl,437.8250,453.2100,435.8600,449.8300,27873491,1.000000
2013-01-29,aapl,458.5000,460.2000,452.1200,458.2700,20313194,1.000000
2013-01-30,aapl,457.0000,462.6000,454.5000,456.8300,14717980,1.000000
2013-01-31,aapl,456.9800,459.2800,454.9800,455.4900,11228690,1.000000
2013-02-01,aapl,459.1100,459.4800,448.3500,453.6200,19196848,1.000000
2013-02-04,aapl,453.9100,455.9400,442.0000,442.3160,16931445,1.000000
2013-02-05,aapl,444.0500,459.7400,442.2200,457.8440,20330063,1.000000
2013-02-06,aapl,456.4700,466.5000,452.5800,457.3500,21035785,1.000000
2013-02-07,aapl,463.2500,470.0000,454.1200,468.2200,24922500,1.000000
2013-02-08,aapl,474.0000,478.8100,470.2500,474.9800,22529866,1.000000
2013-02-11,aapl,476.5000,484.9400,473.2500,479.9300,18170425,1.000000
2013-02-12,aapl,479.5100,482.3800,467.7440,467.9000,21604505,1.000000
2013-02-13,aapl,467.2100,473.6400,463.2200,467.0100,16924996,1.000000
2013-02-14,aapl,464.5200,471.6400,464.0200,466.5900,12366681,1.000000
2013-02-15,aapl,468.8500,470.1600,459.9200,460.1600,13892780,1.000000
2013-02-19,aapl,461.1000,462.7300,453.8500,459.9900,15487334,1.000000
2013-02-20,aapl,457.6900,457.6900,448.8000,448.8500,16889065,1.000000
2013-02-21,aapl,446.0000,449.1700,442.8200,446.0600,15541637,1.000000
2013-02-22,aapl,449.2500,451.6000,446.6000,450.8100,11682732,1.000000
2013-02-25,aapl,453.8500,455.1200,442.5700,442.8000,13117898,1.000000
2013-02-26,aapl,443.8200,451.5400,437.6600,448.9700,17822423,1.000000
2013-02-27,aapl,448.4300,452.4400,440.6500,444.5700,20905531,1.000000
2013-02-28,aapl,444.0500,447.8700,441.4000,441.4000,11116028,1.000000
2013-03-01,aapl,438.0000,438.1800,429.9800,430.4700,19544287,1.000000
2013-03-04,aapl,427.8000,428.2000,419.0000,420.0500,20562691,1.000000
2013-03-05,aapl,421.4800,435.1900,420.7500,431.1440,22548015,1.000000
2013-03-06,aapl,434.5100,435.2500,424.4300,425.6620,16363743,1.000000
2013-03-07,aapl,424.5000,432.0100,421.0600,430.5820,16638398,1.000000
2013-03-08,aapl,429.8000,435.4300,428.6100,431.7200,13815814,1.000000
2013-03-11,aapl,429.7500,439.0100,425.1400,437.8700,16474783,1.000000
2013-03-12,aapl,435.6000,438.8800,427.5700,428.4300,16533808,1.000000
2013-03-13,aapl,428.4500,434.5000,425.3600,428.3500,14389219,1.000000
2013-03-14,aapl,432.8300,434.6400,430.4500,432.5000,10750828,1.000000
2013-03-15,aapl,437.9300,444.2300,437.2500,443.6600,22431493,1.000000
2013-03-18,aapl,441.4500,457.4600,441.2000,455.7200,21323310,1.000000
2013-03-19,aapl,459.5000,460.9700,448.5000,454.4900,18718733,1.000000
2013-03-20,aapl,457.4200,457.6300,449.5900,452.0800,10929598,1.000000
2013-03-21,aapl,450.2200,457.9800,450.1000,452.7300,13535977,1.000000
2013-03-22,aapl,454.5800,462.1000,453.1100,461.9100,13919378,1.000000
2013-03-25,aapl,464.6900,469.9500,461.7800,463.5800,17807602,1.000000
2013-03-26,aapl,465.4400,465.8400,460.5300,461.1360,10402131,1.000000
2013-03-27,aapl,456.4600,456.8000,450.7300,452.0800,11623487,1.000000
2013-03-28,aapl,449.8200,451.8190,441.6200,442.6600,15574723,1.000000
2013-04-01,aapl,441.9000,443.6980,427.7400,428.9100,13795202,1.000000
2013-04-02,aapl,427.6000,438.1400,426.4000,429.7920,18649096,1.000000
2013-04-03,aapl,431.3700,437.2800,430.3100,431.9900,12883821,1.000000
2013-04-04,aapl,433.7600,435.0000,425.2500,427.7200,12765029,1.000000
2013-04-05,aapl,424.5000,424.9500,419.6800,423.2000,13602267,1.000000
2013-04-08,aapl,424.8500,427.5000,422.4900,426.2100,10683094,1.000000
2013-04-09,aapl,426.3600,428.5000,422.7500,426.9800,10909171,1.000000
2013-04-10,aapl,428.1000,437.0600,426.0100,435.6900,13369846,1.000000
2013-04-11,aapl,433.7200,437.9900,431.2000,434.3300,11699081,1.000000
2013-04-12,aapl,434.1500,434.1500,429.0900,429.8000,8418531,1.000000
2013-04-15,aapl,427.0000,427.8900,419.5500,419.8500,11231721,1.000000
2013-04-16,aapl,421.5700,426.6100,420.5700,426.2400,10819025,1.000000
2013-04-17,aapl,420.2700,420.6000,398.1100,402.8000,33630797,1.000000
2013-04-18,aapl,404.9900,405.7900,389.7420,392.0500,23672170,1.000000
2013-04-19,aapl,387.9700,399.6000,385.1000,390.5300,21630475,1.000000
2013-04-22,aapl,392.6400,402.2000,391.2750,398.6700,15271434,1.000000
2013-04-23,aapl,403.9900,408.3810,398.8100,406.1300,18496158,1.000000
2013-04-24,aapl,393.5400,415.2500,392.5000,405.4620,34277609,1.000000
2013-04-25,aapl,411.2250,413.9400,407.0000,408.3800,13681215,1.000000
2013-04-26,aapl,409.8100,418.7690,408.2500,417.2050,27217949,1.000000
2013-04-29,aapl,420.4500,433.6170,420.0000,430.1200,22768940,1.000000
2013-04-30,aapl,435.1000,445.2500,432.0700,442.7800,24506982,1.000000
2013-05-01,aapl,444.4600,444.9300,434.3900,439.2900,18049279,1.000000
2013-05-02,aapl,441.7800,448.5900,440.6300,445.5200,14999234,1.000000
2013-05-03,aapl,451.3100,453.2300,449.1500,449.9800,12829211,1.000000
2013-05-06,aapl,455.7100,462.2000,454.3100,460.7100,17656752,1.000000
2013-05-07,aapl,464.9700,465.7500,453.7000,458.6580,17185826,1.000000
2013-05-08,aapl,459.0400,465.3700,455.8100,463.8400,16741560,1.000000
2013-05-09,aapl,459.8100,463.0000,455.5800,456.7700,13928899,1.000000
2013-05-10,aapl,457.9700,459.7100,450.4800,452.9700,11899096,1.000000
2013-05-13,aapl,451.5100,457.9000,451.5000,454.7400,11260518,1.000000
2013-05-14,aapl,453.8500,455.2000,442.1500,443.8600,15839824,1.000000
2013-05-15,aapl,439.1600,441.0000,422.3600,428.8500,25683158,1.000000
2013-05-16,aapl,423.2400,437.8500,418.9000,434.5780,21493167,1.000000
2013-05-17,aapl,439.0500,440.0900,431.0100,433.2600,15239018,1.000000
2013-05-20,aapl,431.9100,445.8000,430.1000,442.9300,15936816,1.000000
2013-05-21,aapl,438.1500,445.4800,434.2000,439.6600,16242694,1.000000
2013-05-22,aapl,444.0500,448.3500,438.2200,441.3540,15745635,1.000000
2013-05-23,aapl,435.9500,446.1600,435.7900,442.1400,12537936,1.000000
2013-05-24,aapl,440.8500,445.6600,440.3600,445.1500,9710046,1.000000
2013-05-28,aapl,449.9000,451.1100,440.8500,441.4390,13663179,1.000000
2013-05-29,aapl,440.0000,447.5000,439.4000,444.9500,11760963,1.000000
2013-05-30,aapl,445.6500,454.5000,444.5100,451.5800,12552222,1.000000
2013-05-31,aapl,452.5000,457.1000,449.5000,449.7350,13067676,1.000000
2013-06-03,aapl,450.7300,452.3600,442.4800,450.7200,13175665,1.000000
2013-06-04,aapl,453.2200,454.4300,447.3900,449.3100,10260581,1.000000
2013-06-05,aapl,445.6500,450.7200,443.7100,445.1100,10308490,1.000000
2013-06-06,aapl,445.4700,447.0000,434.0500,438.4600,14774923,1.000000
2013-06-07,aapl,436.5000,443.2400,432.7700,441.8110,14364826,1.000000
2013-06-10,aapl,444.7300,449.0790,436.8000,438.8900,15969384,1.000000
2013-06-11,aapl,435.7400,442.7600,433.3200,437.6000,10194324,1.000000
2013-06-12,aapl,439.5000,441.2500,431.5000,432.1900,9416279,1.000000
2013-06-13,aapl,432.5000,437.1400,428.7500,435.9650,10099092,1.000000
2013-06-14,aapl,435.4000,436.2900,428.5000,430.0500,9348249,1.000000
2013-06-17,aapl,431.4400,435.7000,430.3620,432.0000,9189258,1.000000
2013-06-18,aapl,431.5600,434.9000,430.2100,431.7700,6877502,1.000000
2013-06-19,aapl,431.4000,431.6600,423.0000,423.0000,10345190,1.000000
2013-06-20,aapl,419.3000,425.9800,415.1700,416.8380,12604898,1.000000
2013-06-21,aapl,418.4900,420.0000,408.1000,413.5000,16829170,1.000000
2013-06-24,aapl,407.4000,408.6600,398.0500,402.5400,16630294,1.000000
2013-06-25,aapl,405.7000,407.7900,398.8300,402.6300,11193057,1.000000
2013-06-26,aapl,403.9000,404.7900,395.6600,398.0700,13088762,1.000000
2013-06-27,aapl,399.2500,401.3900,393.5400,393.7800,11734600,1.000000
2013-06-28,aapl,391.3600,400.2700,388.8700,396.5300,16841623,1.000000
2013-07-01,aapl,402.6900,412.2700,401.2200,409.2200,13904204,1.000000
2013-07-02,aapl,409.9600,421.6300,409.4700,418.4900,16643113,1.000000
2013-07-03,aapl,420.8600,422.9800,417.4500,420.8000,8603985,1.000000
2013-07-05,aapl,420.3900,423.2900,415.3500,417.4200,9577696,1.000000
2013-07-08,aapl,420.1100,421.0000,410.6500,415.0500,10432375,1.000000
2013-07-09,aapl,413.6000,423.5000,410.3800,422.3500,12549966,1.000000
2013-07-10,aapl,419.6000,424.8000,418.2500,420.7300,9970138,1.000000
2013-07-11,aapl,422.9500,428.2500,421.1700,427.2880,11600975,1.000000
2013-07-12,aapl,427.6500,429.7900,423.4100,426.5100,9926730,1.000000
2013-07-15,aapl,425.0100,431.4600,424.8000,427.4400,8618095,1.000000
2013-07-16,aapl,426.5200,430.7100,424.1700,430.1950,7617346,1.000000
2013-07-17,aapl,429.7000,432.2200,428.2200,430.3100,7091064,1.000000
2013-07-18,aapl,433.3800,434.8700,430.6100,431.7580,7777683,1.000000
2013-07-19,aapl,433.1000,433.9800,424.3500,424.9500,9485232,1.000000
2013-07-22,aapl,429.4600,429.7500,425.4680,426.3100,7271905,1.000000
2013-07-23,aapl,426.0000,426.9600,418.7100,418.9900,9407814,1.000000
2013-07-24,aapl,438.9300,444.5900,435.2600,440.5100,21050187,1.000000
2013-07-25,aapl,440.7000,441.4000,435.8100,438.5000,8178860,1.000000
2013-07-26,aapl,435.3000,441.0400,434.3400,440.9900,7115630,1.000000
2013-07-29,aapl,440.8000,449.9900,440.2000,447.7900,8814022,1.000000
2013-07-30,aapl,449.9600,457.1500,449.2300,453.3200,11010899,1.000000
2013-07-31,aapl,454.9900,457.3430,449.4300,452.5300,11488900,1.000000
2013-08-01,aapl,455.7530,456.8000,453.2600,456.6760,7294178,1.000000
2013-08-02,aapl,458.0100,462.8500,456.6600,462.5400,9695154,1.000000
2013-08-05,aapl,464.6900,470.6700,462.1500,469.4500,11307912,1.000000
2013-08-06,aapl,468.0200,471.8900,462.1700,465.2500,11809093,1.000000
2013-08-07,aapl,463.8000,467.0000,461.7700,464.9800,10635261,1.000000
2013-08-08,aapl,463.8550,464.1000,457.9500,461.0100,9112579,1.000000
2013-08-09,aapl,458.6400,460.4600,453.6500,454.4500,9451904,1.000000
2013-08-12,aapl,456.8600,468.6500,456.6300,467.3600,12941550,1.000000
2013-08-13,aapl,470.9400,494.6600,468.0500,489.5700,31220429,1.000000
2013-08-14,aapl,497.8800,504.2500,493.4000,498.5000,26793605,1.000000
2013-08-15,aapl,496.4200,502.3990,489.0830,497.9100,17274963,1.000000
2013-08-16,aapl,500.1500,502.9400,498.8600,502.3300,12129344,1.000000
2013-08-19,aapl,504.3400,513.7400,504.0000,507.7400,18128174,1.000000
2013-08-20,aapl,509.7100,510.5700,500.8200,501.0700,12718777,1.000000
2013-08-21,aapl,503.5900,507.1500,501.2000,502.3600,11815580,1.000000
2013-08-22,aapl,504.9800,505.5900,498.2000,502.9600,8669317,1.000000
2013-08-23,aapl,503.2700,503.3500,499.3500,501.0200,7878271,1.000000
2013-08-26,aapl,500.7500,510.2000,500.5000,502.9700,11748281,1.000000
2013-08-27,aapl,498.0000,502.5100,486.3000,488.5900,15068218,1.000000
2013-08-28,aapl,486.0000,495.8000,486.0000,490.8960,10861444,1.000000
2013-08-29,aapl,491.6500,496.5000,491.1300,491.7000,8454973,1.000000
2013-08-30,aapl,492.0000,492.9500,486.5000,487.2160,9537385,1.000000
2013-09-03,aapl,493.1000,500.6000,487.3500,488.5800,11824824,1.000000
2013-09-04,aapl,499.5600,502.2400,496.2800,498.6910,12236672,1.000000
2013-09-05,aapl,500.2500,500.6800,493.6400,495.2700,8348169,1.000000
2013-09-06,aapl,498.4400,499.3800,489.9500,498.2200,12497319,1.000000
2013-09-09,aapl,505.0000,507.9200,503.4800,506.1700,12004896,1.000000
2013-09-10,aapl,506.2000,507.4500,489.5000,494.6400,26314428,1.000000
2013-09-11,aapl,467.0100,473.6900,464.8100,467.7100,31712886,1.000000
2013-09-12,aapl,468.5000,475.4000,466.0100,472.6900,14366516,1.000000
2013-09-13,aapl,469.3400,471.8290,464.7000,464.9000,10552171,1.000000
2013-09-16,aapl,461.0000,461.6100,447.2200,450.1200,19424286,1.000000
2013-09-17,aapl,447.9600,459.7100,447.5000,455.3200,14217192,1.000000
2013-09-18,aapl,463.1800,466.3500,460.6600,464.6800,16182035,1.000000
2013-09-19,aapl,470.7000,475.8300,469.2500,472.3000,14321462,1.000000
2013-09-20,aapl,478.0000,478.5500,466.0000,467.4100,21014197,1.000000
2013-09-23,aapl,496.1000,496.9100,482.6000,490.6400,27096208,1.000000
2013-09-24,aapl,494.8800,495.4700,487.8200,489.1000,12901860,1.000000
2013-09-25,aapl,489.2000,489.6400,481.4300,481.5300,11240103,1.000000
2013-09-26,aapl,486.0000,488.5600,483.9000,486.2200,8300802,1.000000
2013-09-27,aapl,483.7800,484.6700,480.7200,482.7500,8073543,1.000000
2013-09-30,aapl,477.2500,481.6600,474.4110,476.7500,9147113,1.000000
2013-10-01,aapl,478.4500,489.1400,478.3810,487.9600,12000740,1.000000
2013-10-02,aapl,485.6300,491.8000,483.7500,489.5600,10218213,1.000000
2013-10-03,aapl,490.5100,492.3500,480.7390,483.4100,10476127,1.000000
2013-10-04,aapl,483.8600,484.6000,478.6000,483.0300,9201717,1.000000
2013-10-07,aapl,486.5600,492.6500,485.3500,487.7500,11086670,1.000000
2013-10-08,aapl,489.9400,490.6400,480.5400,480.9400,10234876,1.000000
2013-10-09,aapl,484.6400,487.7900,478.2800,486.5880,10340236,1.000000
2013-10-10,aapl,491.3200,492.3800,487.0400,489.6380,9813733,1.000000
2013-10-11,aapl,486.9900,493.8400,485.1600,492.8120,9497347,1.000000
2013-10-14,aapl,489.8300,497.5800,489.3500,496.0400,9276534,1.000000
2013-10-15,aapl,497.5050,502.0000,495.5200,498.6800,11337014,1.000000
2013-10-16,aapl,500.7900,502.5300,499.2300,501.1140,8857223,1.000000
2013-10-17,aapl,499.9800,504.7800,499.6800,504.5000,8944990,1.000000
2013-10-18,aapl,505.9900,509.2600,505.7100,508.8900,10228743,1.000000
2013-10-21,aapl,511.7700,524.3000,511.5200,521.3620,14044336,1.000000
2013-10-22,aapl,526.4050,528.4500,508.0300,519.8670,18995236,1.000000
2013-10-23,aapl,519.0000,525.6700,519.0000,524.9600,11133678,1.000000
2013-10-24,aapl,525.0000,532.4700,522.4500,531.9100,12283362,1.000000
2013-10-25,aapl,531.3150,533.2300,525.1100,525.9580,11966505,1.000000
2013-10-28,aapl,529.0400,531.0000,523.2100,529.8760,14244044,1.000000
2013-10-29,aapl,536.2700,539.2500,514.5400,516.6780,22548872,1.000000
2013-10-30,aapl,519.6100,527.5200,517.0200,524.8960,12517318,1.000000
2013-10-31,aapl,525.0000,527.4900,521.2700,522.7020,9476817,1.000000
2013-11-01,aapl,524.0200,524.8000,515.8400,520.0300,9691573,1.000000
2013-11-04,aapl,521.1000,526.8200,518.8100,526.7500,8676409,1.000000
2013-11-05,aapl,524.5800,528.8850,523.0000,525.4490,9391326,1.000000
2013-11-06,aapl,524.1500,524.8600,518.2000,520.9200,7460519,1.000000
2013-11-07,aapl,519.5800,523.1900,512.3800,512.4920,9309980,1.000000
2013-11-08,aapl,514.5800,521.1300,512.5900,520.5600,9889882,1.000000
2013-11-11,aapl,519.9900,521.6700,514.4100,519.0480,8090822,1.000000
2013-11-12,aapl,517.6700,523.9200,517.0000,520.0100,7277666,1.000000
2013-11-13,aapl,518.0000,522.2500,516.9600,520.6340,6986345,1.000000
2013-11-14,aapl,522.8100,529.2800,521.8700,528.1600,10008490,1.000000
2013-11-15,aapl,526.5800,529.0900,524.4900,524.9910,11313140,1.000000
2013-11-18,aapl,524.9900,527.1900,518.2000,518.6290,8685237,1.000000
2013-11-19,aapl,519.0300,523.3800,517.9700,519.5500,7396988,1.000000
2013-11-20,aapl,519.2300,520.4200,514.3300,515.0000,6873146,1.000000
2013-11-21,aapl,517.6000,521.2100,513.6700,521.1360,9284785,1.000000
2013-11-22,aapl,519.5200,522.1600,518.5300,519.8000,7252882,1.000000
2013-11-25,aapl,521.0200,525.8700,521.0000,523.7400,8162701,1.000000
2013-11-26,aapl,524.1200,536.1400,524.0000,533.4000,13589260,1.000000
2013-11-27,aapl,536.3100,546.0000,536.1700,545.9600,12828079,1.000000
2013-11-29,aapl,549.4800,558.3300,547.8100,556.0700,11353916,1.000000
2013-12-02,aapl,558.0000,564.3300,550.8200,551.2300,16773781,1.000000
2013-12-03,aapl,558.3000,566.3800,557.6800,566.3220,15977418,1.000000
2013-12-04,aapl,565.5000,569.1900,560.8200,565.0000,13441048,1.000000
2013-12-05,aapl,572.6500,575.1360,566.4100,567.9010,15906061,1.000000
2013-12-06,aapl,565.7900,566.7500,559.5700,560.0200,12181090,1.000000
2013-12-09,aapl,560.9000,569.5800,560.9000,566.4300,11378451,1.000000
2013-12-10,aapl,563.5800,567.8800,561.2000,565.5500,9434633,1.000000
2013-12-11,aapl,567.0000,570.9700,559.6900,561.3600,12785322,1.000000
2013-12-12,aapl,562.1420,565.3400,560.0300,560.5400,9274940,1.000000
2013-12-13,aapl,562.8500,562.8800,553.6700,554.4300,11808403,1.000000
2013-12-16,aapl,555.0200,562.6390,555.0100,557.5000,10016255,1.000000
2013-12-17,aapl,555.8100,559.4400,553.3750,554.9900,8121883,1.000000
2013-12-18,aapl,549.7000,551.4500,538.8000,550.7700,20019525,1.000000
2013-12-19,aapl,549.5000,550.0000,543.7300,544.4600,11370063,1.000000
2013-12-20,aapl,545.4300,551.6100,544.8180,549.0200,14234716,1.000000
2013-12-23,aapl,568.0000,570.7200,562.7600,570.0900,17753807,1.000000
2013-12-24,aapl,569.8900,571.8800,566.0300,567.6700,5980842,1.000000
2013-12-26,aapl,568.1000,569.5000,563.3760,563.9000,7261541,1.000000
2013-12-27,aapl,563.8200,564.4100,559.5000,560.0900,8014229,1.000000
2013-12-30,aapl,557.4600,558.0500,552.3210,554.5200,8833377,1.000000
2013-12-31,aapl,554.1700,561.2800,554.0000,561.0200,7917083,1.000000
2014-01-02,aapl,555.6800,557.0300,552.0210,553.1300,8307539,1.000000
2014-01-03,aapl,552.8600,553.7000,540.4300,540.9800,13865515,1.000000
2014-01-06,aapl,537.4500,546.8000,533.6000,543.9300,14506214,1.000000
2014-01-07,aapl,544.3200,545.9600,537.9250,540.0380,11377006,1.000000
2014-01-08,aapl,538.8100,545.5600,538.6900,543.4600,9141088,1.000000
2014-01-09,aapl,546.8000,546.8600,535.3500,536.5190,9913317,1.000000
2014-01-10,aapl,539.8300,540.8000,531.1100,532.9400,10838490,1.000000
2014-01-13,aapl,529.9100,542.5000,529.8800,535.7300,13550709,1.000000
2014-01-14,aapl,538.2200,546.7300,537.6600,546.3900,11795088,1.000000
2014-01-15,aapl,553.5200,560.2000,551.6600,557.3600,13763437,1.000000
2014-01-16,aapl,554.9000,556.8500,551.6800,554.2500,8151629,1.000000
2014-01-17,aapl,551.4800,552.0700,539.9000,540.6700,15145596,1.000000
2014-01-21,aapl,540.9900,550.0700,540.4200,549.0700,11649150,1.000000
2014-01-22,aapl,550.9150,557.2900,547.8100,551.5100,13516116,1.000000
2014-01-23,aapl,549.9400,556.5000,544.8060,556.1800,14346031,1.000000
2014-01-24,aapl,554.0000,555.6200,544.7500,546.0700,15349129,1.000000
2014-01-27,aapl,550.0700,554.8000,545.7500,550.5000,15087736,1.000000
2014-01-28,aapl,508.7600,515.0000,502.0700,506.5000,37009491,1.000000
2014-01-29,aapl,503.9500,507.3700,498.6200,500.7500,17902189,1.000000
2014-01-30,aapl,502.5400,506.5000,496.7000,499.7820,24131649,1.000000
2014-01-31,aapl,495.1800,501.5300,493.5500,500.6000,16465665,1.000000
2014-02-03,aapl,502.6100,507.7300,499.3000,501.5300,13705873,1.000000
2014-02-04,aapl,505.8500,509.4600,502.7600,508.7900,13715155,1.000000
2014-02-05,aapl,506.5600,515.2800,506.2520,512.5900,11540851,1.000000
2014-02-06,aapl,510.0600,513.5000,507.8100,512.5100,9179317,1.000000
2014-02-07,aapl,521.3800,522.9300,517.3800,519.6800,13176301,1.000000
2014-02-10,aapl,518.6600,531.9900,518.0000,529.1000,12308288,1.000000
2014-02-11,aapl,530.6100,537.7500,529.5000,535.9600,10030234,1.000000
2014-02-12,aapl,536.9500,539.5600,533.2400,535.9100,10979741,1.000000
2014-02-13,aapl,534.6600,544.8500,534.2000,544.4200,10938196,1.000000
2014-02-14,aapl,542.4700,545.9800,541.2100,544.0000,9724007,1.000000
2014-02-18,aapl,546.0000,551.1900,545.6100,545.9400,9259399,1.000000
2014-02-19,aapl,544.7500,546.8900,534.3500,537.3700,11077559,1.000000
2014-02-20,aapl,532.9900,537.0000,529.0000,531.1500,10868982,1.000000
2014-02-21,aapl,532.7930,534.5700,524.6000,525.2500,9903193,1.000000
2014-02-24,aapl,523.1500,529.9200,522.4200,527.5500,10135383,1.000000
2014-02-25,aapl,529.3800,529.5650,521.0000,522.0600,8251273,1.000000
2014-02-26,aapl,523.6100,525.0000,515.6000,517.3500,9821812,1.000000
2014-02-27,aapl,517.1400,528.7800,516.0500,527.6700,10605129,1.000000
2014-02-28,aapl,529.0800,532.7500,522.1200,526.2400,13047056,1.000000
2014-03-03,aapl,523.4200,530.6500,522.8100,527.7600,8485142,1.000000
2014-03-04,aapl,531.0000,532.6400,527.7700,531.2400,9225291,1.000000
2014-03-05,aapl,530.9200,534.7500,529.1300,532.3600,7102358,1.000000
2014-03-06,aapl,532.7900,534.4400,528.1000,530.7500,6332715,1.000000
2014-03-07,aapl,531.0900,531.9800,526.0500,530.4400,7819701,1.000000
2014-03-10,aapl,528.3600,533.3300,528.3390,530.9200,6236914,1.000000
2014-03-11,aapl,535.4500,538.7400,532.5900,536.0900,9906677,1.000000
2014-03-12,aapl,534.5100,537.3500,532.0000,536.6100,7104558,1.000000
2014-03-13,aapl,537.4400,539.6600,529.1600,530.6500,9156898,1.000000
2014-03-14,aapl,528.7900,530.8900,523.0000,524.6900,8407142,1.000000
2014-03-17,aapl,527.7000,529.9700,525.8500,526.7400,7067002,1.000000
2014-03-18,aapl,525.9000,531.9700,525.2000,531.3200,7450577,1.000000
2014-03-19,aapl,532.2600,536.2400,529.0000,531.2600,7996733,1.000000
2014-03-20,aapl,529.8900,532.6700,527.3500,528.7000,7398578,1.000000
2014-03-21,aapl,531.9300,533.7500,526.3300,532.8700,12773939,1.000000
2014-03-24,aapl,538.4200,540.5000,535.0600,539.1900,12559176,1.000000
2014-03-25,aapl,541.5000,545.7500,539.5900,544.9900,9956036,1.000000
2014-03-26,aapl,546.5200,549.0000,538.8600,539.7800,10530916,1.000000
2014-03-27,aapl,540.0150,541.5000,535.1200,537.4600,7877778,1.000000
2014-03-28,aapl,538.3200,538.9400,534.2500,536.8600,7068978,1.000000
2014-03-31,aapl,539.2300,540.8100,535.9300,536.7300,5957782,1.000000
2014-04-01,aapl,537.7600,541.8700,536.7700,541.6500,7135437,1.000000
2014-04-02,aapl,542.3800,543.4800,540.2600,542.5500,6387115,1.000000
2014-04-03,aapl,541.3900,542.5000,537.6400,538.7900,5774737,1.000000
2014-04-04,aapl,539.8100,540.0000,530.5800,531.8200,9778646,1.000000
2014-04-07,aapl,528.0200,530.9000,521.8900,523.4700,10250516,1.000000
2014-04-08,aapl,525.1900,526.1200,518.7000,523.4400,8684407,1.000000
2014-04-09,aapl,522.6400,530.4900,522.0200,530.3200,7312505,1.000000
2014-04-10,aapl,530.6800,532.2400,523.1700,523.4800,8493543,1.000000
2014-04-11,aapl,519.0000,522.8300,517.1400,519.6100,9687084,1.000000
2014-04-14,aapl,521.9000,522.1600,517.2100,521.6800,7305003,1.000000
2014-04-15,aapl,520.2700,521.6400,511.3300,517.9600,9460375,1.000000
2014-04-16,aapl,518.0500,521.0900,514.1350,519.0100,7460654,1.000000
2014-04-17,aapl,520.0000,527.7600,519.2000,524.9400,10086672,1.000000
2014-04-21,aapl,525.3400,532.1400,523.9600,531.1700,6503377,1.000000
2014-04-22,aapl,528.3100,531.8260,526.5010,531.6990,7201111,1.000000
2014-04-23,aapl,529.0600,531.1300,524.4500,524.7500,9412480,1.000000
2014-04-24,aapl,568.2100,570.0000,560.7300,567.7700,26993490,1.000000
2014-04-25,aapl,564.5300,571.9900,563.9600,571.9400,13844013,1.000000
2014-04-28,aapl,572.8000,595.7500,572.5500,594.0900,23834137,1.000000
2014-04-29,aapl,593.7400,595.9800,589.5100,592.3300,11948444,1.000000
2014-04-30,aapl,592.6400,599.4300,589.8000,590.0900,16139441,1.000000
2014-05-01,aapl,592.0000,594.8000,586.3600,591.4800,8693603,1.000000
2014-05-02,aapl,592.3400,594.2000,589.7100,592.5800,6773534,1.000000
2014-05-05,aapl,590.1400,601.0000,590.0000,600.9600,10008699,1.000000
2014-05-06,aapl,601.8000,604.4100,594.4100,594.4100,13203343,1.000000
2014-05-07,aapl,595.2500,597.2900,587.7300,592.3300,10043238,1.000000
2014-05-08,aapl,588.2500,595.3200,586.4000,587.9900,8157473,1.000000
2014-05-09,aapl,584.5400,586.2500,580.3300,585.5430,10381509,1.000000
2014-05-12,aapl,587.4900,593.6600,587.4000,592.8300,7574251,1.000000
2014-05-13,aapl,592.0000,594.5400,590.7000,593.7600,5685246,1.000000
2014-05-14,aapl,592.4300,597.4000,591.7400,593.8700,5914424,1.000000
2014-05-15,aapl,594.7000,596.6000,588.0400,588.8200,8183686,1.000000
2014-05-16,aapl,588.6300,597.5300,585.4000,597.5100,9800339,1.000000
2014-05-19,aapl,597.8500,607.3300,597.3300,604.5900,11237928,1.000000
2014-05-20,aapl,604.5100,606.4000,600.7300,604.7100,8299732,1.000000
2014-05-21,aapl,603.8300,606.7000,602.0600,606.3100,7021664,1.000000
2014-05-22,aapl,606.6000,609.8500,604.1000,607.2700,7156763,1.000000
2014-05-23,aapl,607.2500,614.7290,606.4700,614.1300,8255316,1.000000
2014-05-27,aapl,615.8800,625.8600,615.6300,625.6300,12385615,1.000000
2014-05-28,aapl,626.0200,629.8300,623.7800,624.0100,11197092,1.000000
2014-05-29,aapl,627.8500,636.8700,627.7700,635.3800,13349622,1.000000
2014-05-30,aapl,637.9800,644.1700,628.9000,633.0000,20048504,1.000000
2014-06-02,aapl,633.9600,634.8300,622.5000,628.6500,13149270,1.000000
2014-06-03,aapl,628.4600,638.7400,628.2500,637.5400,10418117,1.000000
2014-06-04,aapl,637.4400,647.8900,636.1100,644.8200,11948915,1.000000
2014-06-05,aapl,646.2000,649.3700,642.6100,647.3500,10653582,1.000000
2014-06-06,aapl,649.9000,651.2600,644.4700,645.5700,12444887,1.000000
2014-06-09,aapl,92.7000,93.8800,91.7500,93.7000,74772959,1.000000
2014-06-10,aapl,94.7300,95.0500,93.5700,94.2500,62456975,1.000000
2014-06-11,aapl,94.1300,94.7600,93.4700,93.8600,45468152,1.000000
2014-06-12,aapl,94.0400,94.1200,91.9000,92.2900,54407287,1.000000
2014-06-13,aapl,92.2000,92.4400,90.8800,91.2800,54206612,1.000000
2014-06-16,aapl,91.5100,92.7500,91.4500,92.2000,34969622,1.000000
2014-06-17,aapl,92.3100,92.7000,91.8000,92.0800,29657413,1.000000
2014-06-18,aapl,92.2700,92.2900,91.3500,92.1800,33285334,1.000000
2014-06-19,aapl,92.2900,92.3000,91.3390,91.8600,35423532,1.000000
2014-06-20,aapl,91.8500,92.5500,90.9000,90.9100,88578875,1.000000
2014-06-23,aapl,91.3200,91.6200,90.6000,90.8300,43539287,1.000000
2014-06-24,aapl,90.7500,91.7400,90.1900,90.2800,38894434,1.000000
2014-06-25,aapl,90.2100,90.7000,89.6500,90.3600,36631760,1.000000
2014-06-26,aapl,90.3700,91.0500,89.8000,90.9000,32111724,1.000000
2014-06-27,aapl,90.8200,92.0000,90.7700,91.9600,50894644,1.000000
2014-06-30,aapl,92.1000,93.7250,92.0900,92.9300,49386780,1.000000
2014-07-01,aapl,93.5200,94.0700,93.1300,93.5200,38037121,1.000000
2014-07-02,aapl,93.8650,94.0600,93.0900,93.4800,28343765,1.000000
2014-07-03,aapl,93.6700,94.1000,93.2000,94.0300,22886359,1.000000
2014-07-07,aapl,94.1400,95.9900,94.1000,95.9680,54570619,1.000000
2014-07-08,aapl,96.2700,96.8000,93.9200,95.3500,65074661,1.000000
2014-07-09,aapl,95.4400,95.9500,94.7600,95.3900,36236232,1.000000
2014-07-10,aapl,93.7600,95.5500,93.5200,95.0350,39570082,1.000000
2014-07-11,aapl,95.3600,95.8900,94.8630,95.2200,33914154,1.000000
2014-07-14,aapl,95.8600,96.8900,95.6500,96.4500,42575961,1.000000
2014-07-15,aapl,96.9700,97.1000,94.7400,94.7800,52974407,1.000000
2014-07-17,aapl,95.0300,95.2790,92.5700,93.0900,56733209,1.000000
2014-07-18,aapl,93.6200,94.7400,93.0200,94.4300,49301565,1.000000
2014-07-21,aapl,94.9900,95.0000,93.7200,93.9390,38644135,1.000000
2014-07-22,aapl,94.6800,94.8900,94.1200,94.7200,49090426,1.000000
2014-07-23,aapl,95.4200,97.8800,95.1700,97.1900,90553266,1.000000
2014-07-24,aapl,97.0350,97.3200,96.4200,97.0300,45397505,1.000000
2014-07-25,aapl,96.8500,97.8400,96.6400,97.6710,42670488,1.000000
2014-07-28,aapl,97.8200,99.2400,97.5500,99.0200,53357141,1.000000
2014-07-29,aapl,99.3300,99.4400,98.2500,98.3800,42823320,1.000000
2014-07-30,aapl,98.4400,98.7000,97.6700,98.1500,32820948,1.000000
2014-07-31,aapl,97.1600,97.4500,95.3300,95.6000,56011277,1.000000
2014-08-01,aapl,94.9000,96.6200,94.8100,96.1300,48106779,1.000000
2014-08-04,aapl,96.3700,96.5800,95.1700,95.5900,39482091,1.000000
2014-08-05,aapl,95.3600,95.6800,94.3600,95.1200,55726491,1.000000
2014-08-06,aapl,94.7500,95.4800,94.7100,94.9600,36470299,1.000000
2014-08-07,aapl,94.9300,95.9500,94.1000,94.4800,45683802,1.000000
2014-08-08,aapl,94.2600,94.8200,93.2800,94.7400,41687523,1.000000
2014-08-11,aapl,95.2700,96.0800,94.8360,95.9900,36373831,1.000000
2014-08-12,aapl,96.0400,96.8800,95.6100,95.9700,33332465,1.000000
2014-08-13,aapl,96.1500,97.2400,96.0400,97.2400,31752828,1.000000
2014-08-14,aapl,97.3300,97.5700,96.8000,97.5000,27995904,1.000000
2014-08-15,aapl,97.9000,98.1900,96.8600,97.9800,48566668,1.000000
2014-08-18,aapl,98.4900,99.3700,97.9800,99.1600,45923961,1.000000
2014-08-19,aapl,99.4100,100.6800,99.3200,100.5300,68907841,1.000000
2014-08-20,aapl,100.4400,101.0900,99.9500,100.5700,52013032,1.000000
2014-08-21,aapl,100.5700,100.9400,100.1100,100.5800,33236081,1.000000
2014-08-22,aapl,100.2900,101.4700,100.1900,101.3200,43668706,1.000000
2014-08-25,aapl,101.7900,102.1700,101.2800,101.5400,39998789,1.000000
2014-08-26,aapl,101.4200,101.5000,100.8600,100.8890,32786749,1.000000
2014-08-27,aapl,101.0200,102.5700,100.7000,102.1300,46636284,1.000000
2014-08-28,aapl,101.5900,102.7800,101.5600,102.2500,67850210,1.000000
2014-08-29,aapl,102.8600,102.9000,102.2000,102.5000,43036344,1.000000
2014-09-02,aapl,103.0600,103.7400,102.7200,103.3000,53005018,1.000000
2014-09-03,aapl,103.1000,103.2000,98.5800,98.9400,124419956,1.000000
2014-09-04,aapl,98.8500,100.0900,97.7900,98.1200,85177863,1.000000
2014-09-05,aapl,98.8000,99.3900,98.3100,98.9700,57315005,1.000000
2014-09-08,aapl,99.3000,99.3100,98.0500,98.3490,45914526,1.000000
2014-09-09,aapl,99.0800,103.0800,96.1400,97.9900,188968299,1.000000
2014-09-10,aapl,98.0100,101.1100,97.7600,101.0000,99914457,1.000000
2014-09-11,aapl,100.4100,101.4400,99.6200,101.4300,61703948,1.000000
2014-09-12,aapl,101.2100,102.1900,101.0800,101.6600,62377851,1.000000
2014-09-15,aapl,102.8100,103.0500,101.4400,101.6000,60922636,1.000000
2014-09-16,aapl,99.8000,101.2600,98.8900,100.8600,66538949,1.000000
2014-09-17,aapl,101.2700,101.8000,100.5920,101.5800,60572156,1.000000
2014-09-18,aapl,101.9300,102.3500,101.5600,101.7900,36684935,1.000000
2014-09-19,aapl,102.2900,102.3500,100.5000,100.9600,64082802,1.000000
2014-09-22,aapl,101.8000,102.1400,100.5800,101.0690,51828046,1.000000
2014-09-23,aapl,100.6000,102.9400,100.5400,102.6400,62457203,1.000000
2014-09-24,aapl,102.1600,102.8500,101.2000,101.7300,59683737,1.000000
2014-09-25,aapl,100.5100,100.7100,97.7200,97.8700,99212535,1.000000
2014-09-26,aapl,98.5300,100.7500,98.4000,100.7500,61969503,1.000000
2014-09-29,aapl,98.6500,100.4350,98.6300,100.1100,48358424,1.000000
2014-09-30,aapl,100.8100,101.5400,100.5300,100.7500,53825369,1.000000
2014-10-01,aapl,100.5900,100.6900,98.7000,99.1800,50979438,1.000000
2014-10-02,aapl,99.2700,100.2200,98.0400,99.9000,46901901,1.000000
2014-10-03,aapl,99.4400,100.2100,99.0400,99.6200,43294537,1.000000
2014-10-06,aapl,99.9500,100.6500,99.4200,99.6200,36634150,1.000000
2014-10-07,aapl,99.4300,100.1200,98.7300,98.7500,41682271,1.000000
2014-10-08,aapl,98.7600,101.1100,98.3100,100.8000,57154990,1.000000
2014-10-09,aapl,101.5400,102.3800,100.6100,101.0200,76012441,1.000000
2014-10-10,aapl,100.6900,102.0300,100.3000,100.7300,65815091,1.000000
2014-10-13,aapl,101.3300,101.7800,99.8100,99.8100,53195148,1.000000
2014-10-14,aapl,100.3900,100.5200,98.5700,98.7500,63219839,1.000000
2014-10-15,aapl,97.9700,99.1500,95.1800,97.5400,99712880,1.000000
2014-10-16,aapl,95.5500,97.7200,95.4100,96.2600,71780146,1.000000
2014-10-17,aapl,97.5000,99.0000,96.8100,97.6700,67510006,1.000000
2014-10-20,aapl,98.3150,99.9600,98.2200,99.7600,65923560,1.000000
2014-10-21,aapl,103.0200,103.0200,101.2700,102.4700,93317209,1.000000
2014-10-22,aapl,102.8400,104.1100,102.6000,102.9900,66985937,1.000000
2014-10-23,aapl,104.0800,105.0510,103.6300,104.8300,69703727,1.000000
2014-10-24,aapl,105.1800,105.4900,104.5300,105.2200,44285746,1.000000
2014-10-27,aapl,104.8500,105.4800,104.7000,105.1100,33575985,1.000000
2014-10-28,aapl,105.4000,106.7400,105.3500,106.7400,44559449,1.000000
2014-10-29,aapl,106.6500,107.3700,106.3600,107.3400,52422678,1.000000
2014-10-30,aapl,106.9590,107.3500,105.9000,106.9800,40432696,1.000000
2014-10-31,aapl,108.0100,108.0400,107.2100,108.0000,43558852,1.000000
2014-11-03,aapl,108.2200,110.3000,108.0100,109.4000,51850856,1.000000
2014-11-04,aapl,109.3600,109.4900,107.7200,108.6000,41338461,1.000000
2014-11-05,aapl,109.1000,109.3000,108.1250,108.8600,34695092,1.000000
2014-11-06,aapl,108.6000,108.7900,107.8000,108.7000,34394437,1.000000
2014-11-07,aapl,108.7500,109.3200,108.5500,109.0100,31237676,1.000000
2014-11-10,aapl,109.0200,109.3300,108.6700,108.8300,26990603,1.000000
2014-11-11,aapl,108.7000,109.7500,108.4000,109.7000,27039663,1.000000
2014-11-12,aapl,109.3800,111.4300,109.3700,111.2500,46248700,1.000000
2014-11-13,aapl,111.8000,113.4500,111.6000,112.8200,59295310,1.000000
2014-11-14,aapl,113.1500,114.1900,113.0500,114.1800,42988621,1.000000
2014-11-17,aapl,114.2700,117.2800,113.3000,113.9900,46505601,1.000000
2014-11-18,aapl,113.9400,115.6900,113.8900,115.4700,42716607,1.000000
2014-11-19,aapl,115.4400,115.7400,113.8000,114.6600,41693807,1.000000
2014-11-20,aapl,114.9100,116.8600,114.8500,116.3100,42799527,1.000000
2014-11-21,aapl,117.5100,117.5700,116.0300,116.3500,56545658,1.000000
2014-11-24,aapl,116.8500,118.7700,116.6200,118.6250,46178432,1.000000
2014-11-25,aapl,119.0700,119.7500,117.4500,117.6100,67418118,1.000000
2014-11-26,aapl,117.9400,119.1000,117.8300,119.0000,40234040,1.000000
2014-11-28,aapl,119.2700,119.4000,118.0500,118.9300,24813038,1.000000
2014-12-01,aapl,118.8100,119.2500,111.2700,115.0500,83375327,1.000000
2014-12-02,aapl,113.5000,115.7500,112.7500,114.6300,59056541,1.000000
2014-12-03,aapl,115.7500,116.3500,115.1100,115.9500,42561296,1.000000
2014-12-04,aapl,115.7700,117.2000,115.2900,115.4590,41826869,1.000000
2014-12-05,aapl,115.9900,116.0800,114.6400,114.9800,37853309,1.000000
2014-12-08,aapl,114.1000,114.6480,111.6200,112.4000,57241451,1.000000
2014-12-09,aapl,110.1900,114.3000,109.3500,114.1320,59979644,1.000000
2014-12-10,aapl,114.4100,114.8500,111.5400,111.9900,44291075,1.000000
2014-12-11,aapl,112.2600,113.8000,111.3400,111.6200,41199481,1.000000
2014-12-12,aapl,110.4600,111.8700,109.5800,109.8500,55294242,1.000000
2014-12-15,aapl,110.7000,111.6000,106.3500,108.2400,66952449,1.000000
2014-12-16,aapl,106.3700,110.1600,106.2600,106.6900,60213091,1.000000
2014-12-17,aapl,107.1200,109.8400,106.8200,109.2900,52822001,1.000000
2014-12-18,aapl,111.8700,112.6500,110.6600,112.6500,58115649,1.000000
2014-12-19,aapl,112.2600,113.2400,111.6600,111.7800,77769246,1.000000
2014-12-22,aapl,112.1600,113.4900,111.9700,112.9400,42983036,1.000000
2014-12-23,aapl,113.2300,113.3300,112.4600,112.5400,25694516,1.000000
2014-12-24,aapl,112.5800,112.7100,112.0100,112.0100,14477978,1.000000
2014-12-26,aapl,112.1000,114.5200,112.0100,113.9900,33376330,1.000000
2014-12-29,aapl,113.7900,114.7700,113.7000,113.9100,27403882,1.000000
2014-12-30,aapl,113.6400,113.9200,112.1100,112.5200,28898816,1.000000
2014-12-31,aapl,112.8200,113.1300,110.2100,110.3800,40897671,1.000000
2015-01-02,aapl,111.3900,111.4400,107.3500,109.3300,53096191,1.000000
2015-01-05,aapl,108.2900,108.6500,105.4100,106.2580,61065973,1.000000
2015-01-06,aapl,106.5400,107.4300,104.6300,106.2600,65565949,1.000000
2015-01-07,aapl,107.2000,108.2000,106.6950,107.7500,39723689,1.000000
2015-01-08,aapl,109.2300,112.1500,108.7000,111.8700,58761565,1.000000
2015-01-09,aapl,112.6700,113.2500,110.2100,112.0100,53452528,1.000000
2015-01-12,aapl,112.6000,112.6300,108.8000,109.2500,49297135,1.000000
2015-01-13,aapl,111.4300,112.8000,108.9100,110.1600,66704571,1.000000
2015-01-14,aapl,109.0400,110.4900,108.5000,109.7000,48197982,1.000000
2015-01-15,aapl,110.0000,110.0600,106.6600,106.8600,58558205,1.000000
2015-01-16,aapl,107.0300,107.5800,105.2000,105.9400,76790477,1.000000
2015-01-20,aapl,107.8400,108.9670,106.5000,108.7800,47700888,1.000000
2015-01-21,aapl,108.9500,111.0600,108.2700,110.3700,22291410,1.000000
2015-01-22,aapl,110.2600,112.4700,109.7200,112.4000,49684704,1.000000
2015-01-23,aapl,112.3000,113.7500,111.5300,112.9800,45951078,1.000000
2015-01-26,aapl,113.7400,114.3630,112.8000,113.1000,52580597,1.000000
2015-01-27,aapl,112.4200,112.4800,109.0300,109.1300,77719040,1.000000
2015-01-28,aapl,117.6250,118.1200,115.3100,115.3100,145104646,1.000000
2015-01-29,aapl,116.3200,119.1900,115.5600,118.9000,83729464,1.000000
2015-01-30,aapl,118.4000,120.0000,116.8500,117.1600,82447706,1.000000
2015-02-02,aapl,118.0500,119.1700,116.0800,118.6300,62078735,1.000000
2015-02-03,aapl,118.5000,119.0900,117.6100,118.5730,51573567,1.000000
2015-02-04,aapl,118.5000,120.5100,118.3090,119.5600,69707153,1.000000
2015-02-05,aapl,120.0200,120.2300,119.2500,119.9400,42049717,1.000000
2015-02-06,aapl,120.0200,120.2500,118.4500,118.9300,43327287,1.000000
2015-02-09,aapl,118.5500,119.8400,118.4300,119.7000,37748448,1.000000
2015-02-10,aapl,120.1700,122.1500,120.1600,122.0200,61615410,1.000000
2015-02-11,aapl,122.7700,124.9200,122.5000,124.8800,72734227,1.000000
2015-02-12,aapl,126.0600,127.4800,125.5700,126.4170,73386944,1.000000
2015-02-13,aapl,127.2800,127.2800,125.6500,127.0800,52053515,1.000000
2015-02-17,aapl,127.4900,128.8800,126.9200,127.8300,62947443,1.000000
2015-02-18,aapl,127.6250,128.7800,127.4500,128.7100,44050161,1.000000
2015-02-19,aapl,128.4800,129.0300,128.3300,128.4500,37172719,1.000000
2015-02-20,aapl,128.6200,129.5000,128.0500,129.4900,48442705,1.000000
2015-02-23,aapl,130.0200,133.0000,129.6600,133.0000,67810009,1.000000
2015-02-24,aapl,132.9400,133.6000,131.1700,132.1700,68916484,1.000000
2015-02-25,aapl,131.5600,131.6000,128.1500,128.7300,73773018,1.000000
2015-02-26,aapl,128.7850,130.8700,126.6100,130.4150,88008744,1.000000
2015-02-27,aapl,130.0000,130.5700,128.2400,128.4800,61180707,1.000000
2015-03-02,aapl,129.2500,130.2800,128.3000,129.0900,47911463,1.000000
2015-03-03,aapl,128.9600,129.5200,128.0900,129.3700,37341916,1.000000
2015-03-04,aapl,129.1000,129.5600,128.3200,128.5400,30327290,1.000000
2015-03-05,aapl,128.5800,128.7500,125.7600,126.3880,55911547,1.000000
2015-03-06,aapl,128.4000,129.3700,126.2600,126.6000,72129896,1.000000
2015-03-09,aapl,127.9600,129.5700,125.0600,127.0890,88277136,1.000000
2015-03-10,aapl,126.4100,127.2200,123.8000,124.5570,68119299,1.000000
2015-03-11,aapl,124.7500,124.7700,122.1100,122.2400,68140747,1.000000
2015-03-12,aapl,122.3100,124.9000,121.6300,124.4500,48061226,1.000000
2015-03-13,aapl,124.4000,125.3950,122.5800,123.5400,51551864,1.000000
2015-03-16,aapl,123.8800,124.9500,122.8700,124.9500,35419236,1.000000
2015-03-17,aapl,125.9000,127.3200,125.6500,127.0400,50809550,1.000000
2015-03-18,aapl,127.0000,129.1600,126.3700,128.5000,64987351,1.000000
2015-03-19,aapl,128.7500,129.2450,127.4000,127.4950,45582287,1.000000
2015-03-20,aapl,128.2500,128.4000,125.1600,126.0500,64530868,1.000000
2015-03-23,aapl,127.1200,127.8500,126.5200,127.2100,36732439,1.000000
2015-03-24,aapl,127.2300,128.0400,126.5600,126.6900,32630243,1.000000
2015-03-25,aapl,126.5400,126.8200,123.3800,123.3800,51018821,1.000000
2015-03-26,aapl,122.7600,124.8800,122.6000,124.2400,47331485,1.000000
2015-03-27,aapl,124.5700,124.7000,122.9100,123.2500,39008160,1.000000
2015-03-30,aapl,124.0500,126.4000,124.0000,126.3700,46765028,1.000000
2015-03-31,aapl,126.0900,126.4900,124.3550,124.4300,41524877,1.000000
2015-04-01,aapl,124.8200,125.1200,123.1000,124.2300,40281311,1.000000
2015-04-02,aapl,125.0300,125.5600,124.1900,125.3110,32025449,1.000000
2015-04-06,aapl,124.4700,127.5100,124.3300,127.3500,36810662,1.000000
2015-04-07,aapl,127.6400,128.1220,125.9800,126.0100,34783598,1.000000
2015-04-08,aapl,125.8500,126.4000,124.9700,125.6000,37155299,1.000000
2015-04-09,aapl,125.8500,126.5800,124.6600,126.5600,32051764,1.000000
2015-04-10,aapl,125.9500,127.2100,125.2600,127.1000,40006020,1.000000
2015-04-13,aapl,128.3700,128.5700,126.6100,126.8500,35920646,1.000000
2015-04-14,aapl,127.0000,127.2900,125.9100,126.3000,25308109,1.000000
2015-04-15,aapl,126.4100,127.1300,126.0100,126.7700,28723069,1.000000
2015-04-16,aapl,126.2800,127.1000,126.1100,126.1700,27820704,1.000000
2015-04-17,aapl,125.5500,126.1400,124.4600,124.7500,51200870,1.000000
2015-04-20,aapl,125.5700,128.1200,125.1700,127.6000,46904457,1.000000
2015-04-21,aapl,128.1000,128.2000,126.6700,126.9100,32151426,1.000000
2015-04-22,aapl,126.9900,128.8700,126.3200,128.6200,37353142,1.000000
2015-04-23,aapl,128.3000,130.4200,128.1400,129.6700,45364469,1.000000
2015-04-24,aapl,130.4900,130.6300,129.2300,130.2800,43082986,1.000000
2015-04-27,aapl,132.3100,133.1300,131.1500,132.6500,80014663,1.000000
2015-04-28,aapl,134.4550,134.5400,129.5700,130.5600,118453393,1.000000
2015-04-29,aapl,130.1600,131.5900,128.3000,128.6400,58838154,1.000000
2015-04-30,aapl,127.5000,127.8800,124.5800,125.1500,82218415,1.000000
2015-05-01,aapl,126.1000,130.1300,125.3000,128.9500,56985694,1.000000
2015-05-04,aapl,129.5000,130.5700,128.2600,128.7000,50694608,1.000000
2015-05-05,aapl,128.1500,128.4500,125.7800,125.8000,48842861,1.000000
2015-05-06,aapl,126.5600,126.7500,123.3600,125.0100,71773614,1.000000
2015-05-07,aapl,124.7700,126.0800,124.0200,125.2440,42348847,1.000000
2015-05-08,aapl,126.6800,127.6200,126.1100,127.5200,55529272,1.000000
2015-05-11,aapl,127.3900,127.5600,125.6250,126.3200,41477605,1.000000
2015-05-12,aapl,125.6000,126.8800,124.8200,125.8650,47108261,1.000000
2015-05-13,aapl,126.1500,127.1900,125.8700,126.0100,34288330,1.000000
2015-05-14,aapl,127.4100,128.9500,127.1600,128.9500,44176463,1.000000
2015-05-15,aapl,129.0700,129.4900,128.2100,128.7510,37816314,1.000000
2015-05-18,aapl,128.3800,130.7200,128.3600,130.1900,49831842,1.000000
2015-05-19,aapl,130.6900,130.8800,129.6400,130.0700,44273523,1.000000
2015-05-20,aapl,130.0000,130.9800,129.3400,130.1140,35942565,1.000000
2015-05-21,aapl,130.0700,131.6300,129.8300,131.3900,39297340,1.000000
2015-05-22,aapl,131.6000,132.9700,131.4000,132.5400,45079070,1.000000
2015-05-26,aapl,132.6000,132.9100,129.1200,129.6200,65519215,1.000000
2015-05-27,aapl,130.3400,132.2600,130.0500,132.0450,45563271,1.000000
2015-05-28,aapl,131.8600,131.9500,131.1000,131.7800,30638331,1.000000
2015-05-29,aapl,131.2300,131.4500,129.9000,130.3200,46672858,1.000000
2015-06-01,aapl,131.2000,131.3900,130.0500,130.5350,31951288,1.000000
2015-06-02,aapl,129.8600,130.6550,129.3200,129.9590,33548717,1.000000
2015-06-03,aapl,130.6600,130.9400,129.9000,130.1600,30856938,1.000000
2015-06-04,aapl,129.5800,130.5800,128.9100,129.3600,38191860,1.000000
2015-06-05,aapl,129.5000,129.6900,128.3600,128.6500,35243828,1.000000
2015-06-08,aapl,128.9000,129.2100,126.8300,127.8000,52527641,1.000000
2015-06-09,aapl,126.7000,128.0800,125.6200,127.4200,55746184,1.000000
2015-06-10,aapl,127.9200,129.3400,127.8500,128.8800,38898205,1.000000
2015-06-11,aapl,129.1800,130.1800,128.4750,128.5900,35080002,1.000000
2015-06-12,aapl,128.1850,128.3300,127.1100,127.1700,36697451,1.000000
2015-06-15,aapl,126.1000,127.2400,125.7100,126.9200,39646000,1.000000
2015-06-16,aapl,127.0300,127.8500,126.3700,127.6000,31313044,1.000000
2015-06-17,aapl,127.7200,127.8800,126.7400,127.3000,32670853,1.000000
2015-06-18,aapl,127.2300,128.3100,127.2200,127.8550,35211674,1.000000
2015-06-19,aapl,127.7100,127.8200,126.4000,126.6000,49048480,1.000000
2015-06-22,aapl,127.4900,128.0600,127.0800,127.6100,33799604,1.000000
2015-06-23,aapl,127.4800,127.6100,126.8790,127.0300,29950032,1.000000
2015-06-24,aapl,127.2100,129.8000,127.1200,128.1800,54924245,1.000000
2015-06-25,aapl,128.8600,129.2000,127.5000,127.5000,31798666,1.000000
2015-06-26,aapl,127.6700,127.9900,126.5100,126.7920,37976986,1.000000
2015-06-29,aapl,125.4600,126.4700,124.4800,124.5500,48849032,1.000000
2015-06-30,aapl,125.5700,126.1200,124.8600,125.4250,43794410,1.000000
2015-07-01,aapl,126.9000,126.9400,125.9900,126.5200,30028055,1.000000
2015-07-02,aapl,126.4300,126.6900,125.7700,126.4000,26997705,1.000000
2015-07-06,aapl,124.9400,126.2300,124.8500,126.0000,27844079,1.000000
2015-07-07,aapl,125.8900,126.1500,123.7700,125.6900,46692274,1.000000
2015-07-08,aapl,124.4800,124.6400,122.5400,122.5900,60291169,1.000000
2015-07-09,aapl,123.8500,124.0600,119.2200,120.0700,77719722,1.000000
2015-07-10,aapl,121.9400,123.8500,121.2100,123.3000,60995670,1.000000
2015-07-13,aapl,125.0300,125.7550,124.3200,125.6600,37144543,1.000000
2015-07-14,aapl,126.0400,126.3700,125.0400,125.6000,31494459,1.000000
2015-07-15,aapl,125.7200,127.1500,125.5800,126.8200,33425557,1.000000
2015-07-16,aapl,127.7400,128.5700,127.3500,128.4900,35758398,1.000000
2015-07-17,aapl,129.0800,129.6200,128.3100,129.5700,45638110,1.000000
2015-07-20,aapl,130.9700,132.9700,130.7000,132.0700,54109241,1.000000
2015-07-21,aapl,132.8500,132.9200,130.3200,130.7100,58670648,1.000000
2015-07-22,aapl,121.9900,125.5000,121.9900,125.1400,114535846,1.000000
2015-07-23,aapl,126.2000,127.0900,125.0600,125.1600,50322371,1.000000
2015-07-24,aapl,125.3200,125.7400,123.9000,124.4800,41021612,1.000000
2015-07-27,aapl,123.0900,123.6100,122.1200,122.8900,44233507,1.000000
2015-07-28,aapl,123.3800,123.9100,122.5500,123.3200,33346467,1.000000
2015-07-29,aapl,123.1500,123.5000,122.2700,122.9900,35803824,1.000000
2015-07-30,aapl,122.3200,122.5700,121.7100,122.3800,31949522,1.000000
2015-07-31,aapl,122.6000,122.6430,120.9100,121.4600,41840314,1.000000
2015-08-03,aapl,121.5000,122.5700,117.5200,118.4350,69287823,1.000000
2015-08-04,aapl,117.4200,117.7000,113.2500,114.6400,123109831,1.000000
2015-08-05,aapl,112.9500,117.4400,112.1000,115.4000,99099556,1.000000
2015-08-06,aapl,115.9700,116.5000,114.1150,115.1700,52522639,1.000000
2015-08-07,aapl,114.5800,116.2500,114.5000,115.5100,38400676,1.000000
2015-08-10,aapl,116.5300,119.9900,116.5300,119.6900,54369105,1.000000
2015-08-11,aapl,117.8100,118.1800,113.3300,113.5500,95642638,1.000000
2015-08-12,aapl,112.5300,115.4200,109.6300,115.2400,100940069,1.000000
2015-08-13,aapl,116.0400,116.4000,114.5400,115.1500,48169510,1.000000
2015-08-14,aapl,114.3200,116.3100,114.0100,116.0000,42648949,1.000000
2015-08-17,aapl,116.0400,117.6500,115.5000,117.1600,40691480,1.000000
2015-08-18,aapl,116.4300,117.4400,116.0100,116.5000,34430532,1.000000
2015-08-19,aapl,116.1000,116.5200,114.6800,115.0100,47393371,1.000000
2015-08-20,aapl,114.0800,114.3500,111.6300,112.6500,67628667,1.000000
2015-08-21,aapl,110.4300,111.9000,105.6450,106.0500,126102401,1.000000
2015-08-24,aapl,94.8700,108.8000,92.0000,103.1500,161237945,1.000000
2015-08-25,aapl,111.1100,111.1100,103.5000,103.7400,102075436,1.000000
2015-08-26,aapl,107.0850,109.8900,105.0500,109.6250,96088856,1.000000
2015-08-27,aapl,112.2300,113.2400,110.0200,112.8440,83056017,1.000000
2015-08-28,aapl,112.1700,113.3100,111.5400,113.2800,52848964,1.000000
2015-08-31,aapl,112.0300,114.5300,112.0000,112.7600,55818896,1.000000
2015-09-01,aapl,110.1500,111.8800,107.3600,107.9600,75779924,1.000000
2015-09-02,aapl,110.2300,112.3400,109.1310,112.3400,61456220,1.000000
2015-09-03,aapl,112.4900,112.7800,110.0400,110.3700,52876736,1.000000
2015-09-04,aapl,108.9700,110.4500,108.5100,109.2700,49588899,1.000000
2015-09-08,aapl,111.6500,112.5600,110.3200,112.3100,53918828,1.000000
2015-09-09,aapl,113.7600,114.0200,109.7700,110.1500,84256455,1.000000
2015-09-10,aapl,110.2700,113.2830,109.9000,112.5700,62646669,1.000000
2015-09-11,aapl,111.7900,114.2100,111.7600,114.2100,49380376,1.000000
2015-09-14,aapl,116.5800,116.8900,114.8600,115.3000,57795498,1.000000
2015-09-15,aapl,115.9300,116.5300,114.4200,116.2800,42897721,1.000000
2015-09-16,aapl,116.2500,116.5400,115.4400,116.3500,36896469,1.000000
2015-09-17,aapl,115.6600,116.4900,113.7150,113.9300,63355565,1.000000
2015-09-18,aapl,112.2100,114.3000,111.8700,113.4500,71116161,1.000000
2015-09-21,aapl,113.6700,115.3700,113.6600,115.2100,46068491,1.000000
2015-09-22,aapl,113.3800,114.1800,112.5200,113.4320,49721342,1.000000
2015-09-23,aapl,113.6300,114.7200,113.3000,114.3200,35549888,1.000000
2015-09-24,aapl,113.2500,115.5000,112.3700,115.0000,49555865,1.000000
2015-09-25,aapl,116.4400,116.6900,114.0200,114.7200,55710956,1.000000
2015-09-28,aapl,113.8500,114.5700,112.4400,112.4400,51609501,1.000000
2015-09-29,aapl,112.8300,113.5100,107.8600,109.1700,73002489,1.000000
2015-09-30,aapl,110.1700,111.5400,108.7300,109.9500,65855140,1.000000
2015-10-01,aapl,109.0700,109.6200,107.3100,109.5700,63521560,1.000000
2015-10-02,aapl,108.0100,111.0140,107.5500,110.2800,57475884,1.000000
2015-10-05,aapl,109.8800,111.3700,109.0700,110.7800,51702594,1.000000
2015-10-06,aapl,110.6300,111.7400,109.7650,111.3100,48391545,1.000000
2015-10-07,aapl,111.7400,111.7700,109.4100,110.6700,46589157,1.000000
2015-10-08,aapl,110.1900,110.1900,108.2100,109.5000,61633372,1.000000
2015-10-09,aapl,110.0000,112.2800,109.4900,112.0900,51847168,1.000000
2015-10-12,aapl,112.7300,112.7500,111.4400,111.5830,30060536,1.000000
2015-10-13,aapl,110.8200,112.4500,110.6800,111.7900,32245682,1.000000
2015-10-14,aapl,111.2900,111.5200,109.5600,110.2100,44169251,1.000000
2015-10-15,aapl,110.9300,112.1000,110.4900,111.8000,37330049,1.000000
2015-10-16,aapl,111.7800,112.0000,110.5300,111.0200,38149742,1.000000
2015-10-19,aapl,110.8000,111.7500,110.1100,111.7300,29595225,1.000000
2015-10-20,aapl,111.3400,114.1700,110.8200,113.7800,48758213,1.000000
2015-10-21,aapl,114.0000,115.5800,113.7000,113.7600,41735296,1.000000
2015-10-22,aapl,114.3300,115.5000,114.1000,115.4700,41007136,1.000000
2015-10-23,aapl,116.7000,119.2280,116.3300,119.0900,58815443,1.000000
2015-10-26,aapl,118.0800,118.1300,114.9200,115.2100,65967988,1.000000
2015-10-27,aapl,115.4000,116.5400,113.9900,114.5500,57725775,1.000000
2015-10-28,aapl,116.9300,119.3000,116.0600,119.2900,84799574,1.000000
2015-10-29,aapl,118.7000,120.6900,118.2700,120.5300,50131673,1.000000
2015-10-30,aapl,120.9900,121.2200,119.4500,119.5000,48522708,1.000000
2015-11-02,aapl,119.8700,121.3600,119.6100,121.1800,31744041,1.000000
2015-11-03,aapl,120.7900,123.4900,120.7000,122.5700,45205251,1.000000
2015-11-04,aapl,123.1300,123.8200,121.6200,122.0000,44315025,1.000000
2015-11-05,aapl,121.8500,122.6900,120.1800,120.9200,39390763,1.000000
2015-11-06,aapl,121.1100,121.8100,120.6200,121.0600,32946033,1.000000
2015-11-09,aapl,120.9600,121.8100,120.0500,120.5700,33671674,1.000000
2015-11-10,aapl,116.9000,118.0700,116.0610,116.7300,58718419,1.000000
2015-11-11,aapl,116.3700,117.4200,115.2100,116.1200,45106003,1.000000
2015-11-12,aapl,116.2600,116.8200,115.6500,115.7200,32280318,1.000000
2015-11-13,aapl,115.2000,115.5700,112.2700,112.3400,45174623,1.000000
2015-11-16,aapl,111.3800,114.2400,111.0000,114.1750,37732241,1.000000
2015-11-17,aapl,114.9200,115.0500,113.3200,113.6900,27271168,1.000000
2015-11-18,aapl,115.7600,117.4900,115.5000,117.2900,46168632,1.000000
2015-11-19,aapl,117.6400,119.7500,116.7600,118.7800,42908979,1.000000
2015-11-20,aapl,119.2000,119.9200,118.8500,119.3000,34116462,1.000000
2015-11-23,aapl,119.2700,119.7300,117.3400,117.7600,32331458,1.000000
2015-11-24,aapl,117.3300,119.3500,117.1200,118.8800,42428511,1.000000
2015-11-25,aapl,119.2100,119.2300,117.9200,118.0300,21323962,1.000000
2015-11-27,aapl,118.2900,118.4100,117.6000,117.8100,13043720,1.000000
2015-11-30,aapl,117.9900,119.4100,117.7500,118.3500,37741074,1.000000
2015-12-01,aapl,118.7500,118.8100,116.8600,117.3400,34707566,1.000000
2015-12-02,aapl,117.0500,118.1100,116.0800,116.2800,33242860,1.000000
2015-12-03,aapl,116.5500,116.7900,114.2200,115.2000,41481588,1.000000
2015-12-04,aapl,115.2900,119.2500,115.1100,119.0300,57329283,1.000000
2015-12-07,aapl,118.9800,119.8600,117.8100,118.2700,32023214,1.000000
2015-12-08,aapl,117.5200,118.6000,116.8600,118.2300,34258913,1.000000
2015-12-09,aapl,117.6400,117.6900,115.0800,115.6200,45024538,1.000000
2015-12-10,aapl,116.0400,116.9400,115.5100,116.1700,29105438,1.000000
2015-12-11,aapl,115.1900,115.3900,112.8510,113.1800,46658825,1.000000
2015-12-14,aapl,112.1800,112.6800,109.7900,112.4500,64424377,1.000000
2015-12-15,aapl,111.9400,112.8000,110.3500,110.4600,53109075,1.000000
2015-12-16,aapl,111.0700,111.9900,108.8000,111.3380,55998747,1.000000
2015-12-17,aapl,112.0200,112.2500,108.9800,109.0000,44577847,1.000000
2015-12-18,aapl,108.9100,109.5200,105.8100,105.9000,95840992,1.000000
2015-12-21,aapl,107.2800,107.3700,105.5700,107.3300,47200280,1.000000
2015-12-22,aapl,107.4000,107.7200,106.4510,107.2300,32692694,1.000000
2015-12-23,aapl,107.2700,108.8500,107.2000,108.6200,32563176,1.000000
2015-12-24,aapl,109.0000,109.0000,107.9500,108.0300,13595753,1.000000
2015-12-28,aapl,107.5900,107.6900,106.1810,106.8200,26589783,1.000000
2015-12-29,aapl,106.9600,109.4300,106.8600,108.7400,30856272,1.000000
2015-12-30,aapl,108.5800,108.7000,107.1800,107.3200,25119371,1.000000
2015-12-31,aapl,107.0100,107.0300,104.8200,105.2300,40662306,1.000000
2016-01-04,aapl,102.6100,105.3680,102.0000,105.3300,67350475,1.000000
2016-01-05,aapl,105.7500,105.8500,102.4100,102.7140,55324704,1.000000
2016-01-06,aapl,100.5600,102.3700,99.8700,100.7000,68253944,1.000000
2016-01-07,aapl,98.6800,100.1300,96.4300,96.5600,80471152,1.000000
2016-01-08,aapl,98.5500,99.1100,96.7600,96.9600,70534672,1.000000
2016-01-11,aapl,98.9700,99.0600,97.3400,98.5300,49570798,1.000000
2016-01-12,aapl,100.5500,100.6900,98.8400,99.9700,48885086,1.000000
2016-01-13,aapl,100.3200,101.1900,97.3000,97.3710,62207388,1.000000
2016-01-14,aapl,97.9600,100.4800,95.7400,99.5200,62427712,1.000000
2016-01-15,aapl,96.2000,97.7100,95.3600,97.0500,79056816,1.000000
2016-01-19,aapl,98.4100,98.6500,95.5000,96.6800,52843989,1.000000
2016-01-20,aapl,95.1000,98.1900,93.4200,96.8260,72020767,1.000000
2016-01-21,aapl,97.0600,97.8800,94.9400,96.2900,52063481,1.000000
2016-01-22,aapl,98.6300,101.4600,98.3700,101.4200,65567471,1.000000
2016-01-25,aapl,101.5200,101.5300,99.2100,99.4100,51296581,1.000000
2016-01-26,aapl,99.9300,100.8800,98.0700,99.9900,65735133,1.000000
2016-01-27,aapl,96.0400,96.6290,93.3400,93.4200,133162294,1.000000
2016-01-28,aapl,93.7900,94.5200,92.3900,94.0900,55626535,1.000000
2016-01-29,aapl,94.7900,97.3400,94.3500,97.3400,64335619,1.000000
2016-02-01,aapl,96.4700,96.7100,95.4000,96.4300,40815093,1.000000
2016-02-02,aapl,95.4200,96.0400,94.2800,94.4800,37204107,1.000000
2016-02-03,aapl,95.0000,96.8400,94.0800,96.3500,45881429,1.000000
2016-02-04,aapl,95.8600,97.3300,95.1900,96.6000,46425539,1.000000
2016-02-05,aapl,96.5200,96.9200,93.6900,94.0200,46327213,1.000000
2016-02-08,aapl,93.1300,95.7000,93.0400,95.0100,53989732,1.000000
2016-02-09,aapl,94.2900,95.9400,93.9300,94.9900,44290152,1.000000
2016-02-10,aapl,95.9200,96.3500,94.1000,94.2700,42300225,1.000000
2016-02-11,aapl,93.7900,94.7200,92.5900,93.7000,50023107,1.000000
2016-02-12,aapl,94.1900,94.5000,93.0100,93.9900,40323252,1.000000
2016-02-16,aapl,95.0200,96.8500,94.6100,96.6400,48123160,1.000000
2016-02-17,aapl,96.6700,98.2100,96.1500,98.1200,44814070,1.000000
2016-02-18,aapl,98.8400,98.8900,96.0910,96.2600,38915119,1.000000
2016-02-19,aapl,96.0000,96.7600,95.8000,96.0400,35304263,1.000000
2016-02-22,aapl,96.3100,96.9000,95.9200,96.8800,34248101,1.000000
2016-02-23,aapl,96.4000,96.5000,94.5500,94.6900,31858749,1.000000
2016-02-24,aapl,93.9800,96.3800,93.3200,96.1000,36195864,1.000000
2016-02-25,aapl,96.0500,96.7600,95.2500,96.7600,27527313,1.000000
2016-02-26,aapl,97.2000,98.0240,96.5800,96.9100,28951699,1.000000
2016-02-29,aapl,96.8600,98.2300,96.6500,96.6900,35134974,1.000000
2016-03-01,aapl,97.6500,100.7700,97.4200,100.5300,50306260,1.000000
2016-03-02,aapl,100.5100,100.8900,99.6400,100.7500,33130261,1.000000
2016-03-03,aapl,100.5800,101.7100,100.4500,101.5000,36887816,1.000000
2016-03-04,aapl,102.3700,103.7500,101.3700,103.0100,46028635,1.000000
2016-03-07,aapl,102.3900,102.8300,100.9600,101.8700,35894097,1.000000
2016-03-08,aapl,100.7800,101.7600,100.4000,101.0300,31540011,1.000000
2016-03-09,aapl,101.3100,101.5800,100.2700,101.1200,27149730,1.000000
2016-03-10,aapl,101.4100,102.2400,100.1500,101.1700,33494298,1.000000
2016-03-11,aapl,102.2400,102.2800,101.5000,102.2600,27411975,1.000000
2016-03-14,aapl,101.9100,102.9100,101.7800,102.5200,25059912,1.000000
2016-03-15,aapl,103.9600,105.1800,103.8500,104.5800,40028408,1.000000
2016-03-16,aapl,104.6100,106.3100,104.5900,105.9700,38250029,1.000000
2016-03-17,aapl,105.5200,106.4700,104.9600,105.8000,34395898,1.000000
2016-03-18,aapl,106.3400,106.5000,105.1900,105.9200,43588345,1.000000
2016-03-21,aapl,105.9300,107.6500,105.1400,105.9100,35461853,1.000000
2016-03-22,aapl,105.2500,107.2900,105.2100,106.7200,32348253,1.000000
2016-03-23,aapl,106.4800,107.0700,105.9000,106.1300,25687967,1.000000
2016-03-24,aapl,105.4700,106.2500,104.8900,105.6700,25881055,1.000000
2016-03-28,aapl,106.0000,106.1900,105.0600,105.1900,19375349,1.000000
2016-03-29,aapl,104.8900,107.7900,104.8800,107.6800,31156123,1.000000
2016-03-30,aapl,108.6500,110.4200,108.6000,109.5600,45553831,1.000000
2016-03-31,aapl,109.7200,109.9000,108.8800,108.9900,25870281,1.000000
2016-04-01,aapl,108.7800,110.0000,108.2000,109.9900,25824427,1.000000
2016-04-04,aapl,110.4200,112.1900,110.2700,111.1200,37325902,1.000000
2016-04-05,aapl,109.5100,110.7300,109.4200,109.8100,26562168,1.000000
2016-04-06,aapl,110.2300,110.9800,109.2000,110.9600,26370512,1.000000
2016-04-07,aapl,109.9500,110.4200,108.1210,108.5400,31741981,1.000000
2016-04-08,aapl,108.9100,109.7700,108.1700,108.6600,23554920,1.000000
2016-04-11,aapl,108.9700,110.6100,108.8300,109.0200,29362091,1.000000
2016-04-12,aapl,109.3400,110.5000,108.6600,110.4400,27153415,1.000000
2016-04-13,aapl,110.8000,112.3400,110.8000,112.0400,33229215,1.000000
2016-04-14,aapl,111.6200,112.3900,111.3300,112.1000,25367601,1.000000
2016-04-15,aapl,112.1100,112.3000,109.7300,109.8500,46884697,1.000000
2016-04-18,aapl,108.8900,108.9500,106.9400,107.4800,60787091,1.000000
2016-04-19,aapl,107.8800,108.0000,106.2300,106.9100,32343740,1.000000
2016-04-20,aapl,106.6400,108.0900,106.0600,107.1300,30585716,1.000000
2016-04-21,aapl,106.9300,106.9300,105.5200,105.9700,31439426,1.000000
2016-04-22,aapl,105.0100,106.4800,104.6200,105.6800,33661909,1.000000
2016-04-25,aapl,105.0000,105.6500,104.5100,105.0800,28011101,1.000000
2016-04-26,aapl,103.9100,105.3000,103.9100,104.3500,53916253,1.000000
2016-04-27,aapl,96.0000,98.7100,95.6800,97.8200,114481056,1.000000
2016-04-28,aapl,97.6100,97.8800,94.2500,94.8300,82145557,1.000000
2016-04-29,aapl,93.9900,94.7200,92.5100,93.7400,68449915,1.000000
2016-05-02,aapl,93.9650,94.0800,92.4000,93.6400,47880187,1.000000
2016-05-03,aapl,94.2000,95.7400,93.6800,95.1800,56778182,1.000000
2016-05-04,aapl,95.2000,95.9000,93.8200,94.1900,40987290,1.000000
2016-05-05,aapl,94.0000,94.0700,92.6800,93.2400,35853612,1.000000
2016-05-06,aapl,93.3700,93.4500,91.8500,92.7200,43669334,1.000000
2016-05-09,aapl,93.0000,93.7700,92.5900,92.7900,32899501,1.000000
2016-05-10,aapl,93.3300,93.5700,92.1100,93.4200,33655288,1.000000
2016-05-11,aapl,93.4800,93.5700,92.4600,92.5100,28672877,1.000000
2016-05-12,aapl,92.7200,92.7800,89.4700,90.3400,76194690,1.000000
2016-05-13,aapl,90.0000,91.6700,90.0000,90.5200,44337703,1.000000
2016-05-16,aapl,92.3900,94.3900,91.6500,93.8800,61195802,1.000000
2016-05-17,aapl,94.5500,94.7000,93.0100,93.4900,46862564,1.000000
2016-05-18,aapl,94.1600,95.2100,93.8900,94.5600,42019707,1.000000
2016-05-19,aapl,94.6400,94.6400,93.5700,94.2000,30418556,1.000000
2016-05-20,aapl,94.6400,95.4300,94.5200,95.2200,31840795,1.000000
2016-05-23,aapl,95.8700,97.1900,95.6700,96.4300,37978108,1.000000
2016-05-24,aapl,97.2200,98.0900,96.8400,97.9000,35093988,1.000000
2016-05-25,aapl,98.6700,99.7400,98.1100,99.6200,38264530,1.000000
2016-05-26,aapl,99.6800,100.7300,98.6400,100.4100,56308978,1.000000
2016-05-27,aapl,99.4400,100.4700,99.2450,100.3500,36309750,1.000000
2016-05-31,aapl,99.6000,100.4000,98.8200,99.8600,42269041,1.000000
2016-06-01,aapl,99.0200,99.5400,98.3300,98.4600,29141459,1.000000
2016-06-02,aapl,97.6000,97.8400,96.6300,97.7200,40173487,1.000000
2016-06-03,aapl,97.7900,98.2700,97.4500,97.9200,28488266,1.000000
2016-06-06,aapl,97.9900,101.8900,97.5500,98.6300,23269272,1.000000
2016-06-07,aapl,99.2500,99.8700,98.9600,99.0300,22389975,1.000000
2016-06-08,aapl,99.0200,99.5600,98.6800,98.9400,20839962,1.000000
2016-06-09,aapl,98.5000,99.9900,98.4600,99.6500,26576389,1.000000
2016-06-10,aapl,98.5300,99.3460,98.4800,98.8300,31673522,1.000000
2016-06-13,aapl,98.6900,99.1200,97.1000,97.3400,37963009,1.000000
2016-06-14,aapl,97.3200,98.4750,96.7500,97.4600,31904866,1.000000
2016-06-15,aapl,97.8200,98.4100,97.0300,97.1400,29414892,1.000000
2016-06-16,aapl,96.4500,97.7500,96.0700,97.5500,31256237,1.000000
2016-06-17,aapl,96.6200,96.6500,95.3000,95.3300,60899727,1.000000
2016-06-20,aapl,96.0000,96.5700,95.0300,95.1000,34359678,1.000000
2016-06-21,aapl,94.9400,96.3500,94.6760,95.9100,35433857,1.000000
2016-06-22,aapl,96.2500,96.8900,95.3500,95.5500,29163295,1.000000
2016-06-23,aapl,95.9400,96.2900,95.2500,96.1000,32046033,1.000000
2016-06-24,aapl,92.9100,94.6550,92.6500,93.4000,75226324,1.000000
2016-06-27,aapl,93.0000,93.0500,91.9100,91.9200,5199206,1.000000
2016-06-28,aapl,92.9000,93.6600,92.1400,93.5900,40396753,1.000000
2016-06-29,aapl,93.9700,94.5500,93.6300,94.4000,36508623,1.000000
2016-06-30,aapl,94.4400,95.7700,94.3000,95.6000,35819997,1.000000
2016-07-01,aapl,95.4900,96.4650,95.3300,95.8900,25982640,1.000000
2016-07-05,aapl,95.3900,95.4000,94.4600,95.0400,27692895,1.000000
2016-07-06,aapl,94.6000,95.6600,94.3700,95.5300,30877539,1.000000
2016-07-07,aapl,95.7000,96.5000,95.6200,95.9400,24463250,1.000000
2016-07-08,aapl,96.4900,96.8900,96.0500,96.6800,28878352,1.000000
2016-07-11,aapl,96.7500,97.6500,96.7300,96.9800,23320137,1.000000
2016-07-12,aapl,97.1700,97.7000,97.1200,97.4200,24129808,1.000000
2016-07-13,aapl,97.4100,97.6700,96.8400,96.8700,25880916,1.000000
2016-07-14,aapl,97.3900,98.9900,97.3200,98.7900,38890562,1.000000
2016-07-15,aapl,98.9200,99.3000,98.5000,98.7800,30048063,1.000000
2016-07-18,aapl,98.7000,100.1300,98.6000,99.8300,36482746,1.000000
2016-07-19,aapl,99.5600,100.0000,99.3400,99.8700,23767714,1.000000
2016-07-20,aapl,100.0000,100.4600,99.7350,99.9600,26238016,1.000000
2016-07-21,aapl,99.8300,101.0000,99.1300,99.4300,32713153,1.000000
2016-07-22,aapl,99.2600,99.3000,98.3100,98.6600,28259407,1.000000
2016-07-25,aapl,98.2500,98.8400,96.9200,97.3400,40295391,1.000000
2016-07-26,aapl,96.8200,97.9700,96.4200,96.6700,54525662,1.000000
2016-07-27,aapl,104.2650,104.3500,102.7500,102.9500,92153927,1.000000
2016-07-28,aapl,102.8300,104.4500,102.8200,104.3400,38781019,1.000000
2016-07-29,aapl,104.1900,104.5500,103.6800,104.2100,27703415,1.000000
2016-08-01,aapl,104.4100,106.1500,104.4100,106.0500,38050547,1.000000
2016-08-02,aapl,106.0500,106.0700,104.0000,104.4800,33771402,1.000000
2016-08-03,aapl,104.8100,105.8400,104.7700,105.7900,30155882,1.000000
2016-08-04,aapl,105.5800,106.0000,105.2800,105.8700,26787586,1.000000
2016-08-05,aapl,106.2700,107.6500,106.1800,107.4800,39553042,1.000000
2016-08-08,aapl,107.5200,108.3700,107.1600,108.3700,28012348,1.000000
2016-08-09,aapl,108.2300,108.9400,108.0100,108.8100,26298170,1.000000
2016-08-10,aapl,108.7100,108.9000,107.7600,108.0000,23865560,1.000000
2016-08-11,aapl,108.5200,108.9300,107.8500,107.9300,27460690,1.000000
2016-08-12,aapl,107.7800,108.4400,107.7800,108.1800,18650951,1.000000
2016-08-15,aapl,108.1400,109.5400,108.0800,109.4800,25713808,1.000000
2016-08-16,aapl,109.6300,110.2300,109.2100,109.3800,33758908,1.000000
2016-08-17,aapl,109.1000,109.3700,108.3400,109.2200,25330383,1.000000
2016-08-18,aapl,109.2300,109.6000,109.0200,109.0800,21937570,1.000000
2016-08-19,aapl,108.7700,109.6900,108.3600,109.3600,25110724,1.000000
2016-08-22,aapl,108.8600,109.1000,107.8500,108.5100,25792882,1.000000
2016-08-23,aapl,108.5900,109.3200,108.5300,108.8500,21238293,1.000000
2016-08-24,aapl,108.5650,108.7500,107.6800,108.0300,23607398,1.000000
2016-08-25,aapl,107.3900,107.8800,106.6800,107.5700,25056494,1.000000
2016-08-26,aapl,107.4100,107.9500,106.3100,106.9400,27744430,1.000000
2016-08-29,aapl,106.6200,107.4400,106.2900,106.8200,24935895,1.000000
2016-08-30,aapl,105.8000,106.5000,105.5000,106.0000,24820535,1.000000
2016-08-31,aapl,105.6600,106.5700,105.6400,106.1000,31643037,1.000000
2016-09-01,aapl,106.1400,106.8000,105.6200,106.7300,26677458,1.000000
2016-09-02,aapl,107.7000,108.0000,106.8200,107.7300,26446979,1.000000
2016-09-06,aapl,107.9000,108.3000,107.5100,107.7000,26672175,1.000000
2016-09-07,aapl,107.8300,108.7600,107.0700,108.3600,42256233,1.000000
2016-09-08,aapl,107.2500,107.2700,105.2400,105.5200,52962240,1.000000
2016-09-09,aapl,104.6400,105.7200,103.1300,103.1300,46469296,1.000000
2016-09-12,aapl,102.6500,105.7200,102.5300,105.4400,45123027,1.000000
2016-09-13,aapl,107.5100,108.7900,107.2400,107.9500,62090266,1.000000
2016-09-14,aapl,108.7300,113.0300,108.6000,111.7700,111188584,1.000000
2016-09-15,aapl,113.8600,115.7300,113.4900,115.5700,90480397,1.000000
2016-09-16,aapl,115.1200,116.1300,114.0400,114.9200,79774346,1.000000
2016-09-19,aapl,115.1900,116.1800,113.2500,113.5800,46942749,1.000000
2016-09-20,aapl,113.0500,114.1200,112.5100,113.5700,34497736,1.000000
2016-09-21,aapl,113.8500,113.9890,112.4410,113.5500,35954094,1.000000
2016-09-22,aapl,114.3500,114.9400,114.0000,114.6200,31048487,1.000000
2016-09-23,aapl,114.4200,114.7900,111.5500,112.7100,52423526,1.000000
2016-09-26,aapl,111.6400,113.3900,111.5500,112.8800,29817758,1.000000
2016-09-27,aapl,113.0000,113.1800,112.3400,113.0900,24588226,1.000000
2016-09-28,aapl,113.6900,114.6400,113.4300,113.9500,29613175,1.000000
2016-09-29,aapl,113.1600,113.8000,111.8000,112.1800,35855884,1.000000
2016-09-30,aapl,112.4600,113.3700,111.8000,113.0500,36343003,1.000000
2016-10-03,aapl,112.7100,113.0500,112.2800,112.5200,21688897,1.000000
2016-10-04,aapl,113.0600,114.3100,112.6300,113.0000,29709251,1.000000
2016-10-05,aapl,113.4000,113.6600,112.6900,113.0500,21409495,1.000000
2016-10-06,aapl,113.7000,114.3400,113.1300,113.8900,28748170,1.000000
2016-10-07,aapl,114.3100,114.5600,113.5100,114.0600,24339516,1.000000
2016-10-10,aapl,115.0200,116.7500,114.7200,116.0500,36129675,1.000000
2016-10-11,aapl,117.7000,118.6900,116.2000,116.3000,63967575,1.000000
2016-10-12,aapl,117.3500,117.9800,116.7500,117.3400,37538535,1.000000
2016-10-13,aapl,116.7900,117.4400,115.7200,116.9800,35049854,1.000000
2016-10-14,aapl,117.8800,118.1700,117.1300,117.6300,35633687,1.000000
2016-10-17,aapl,117.3300,117.8400,116.7800,117.5500,23598247,1.000000
2016-10-18,aapl,118.1800,118.2100,117.4500,117.4700,24506854,1.000000
2016-10-19,aapl,117.2500,117.7600,113.8000,117.1200,19992614,1.000000
2016-10-20,aapl,116.8600,117.3800,116.3300,117.0600,24105541,1.000000
2016-10-21,aapl,116.8100,116.9100,116.2800,116.6000,22529486,1.000000
2016-10-24,aapl,117.1000,117.7400,117.0000,117.6500,23506417,1.000000
2016-10-25,aapl,117.9500,118.3600,117.3100,118.2500,47394866,1.000000
2016-10-26,aapl,114.3100,115.7000,113.3100,115.5900,66031410,1.000000
2016-10-27,aapl,115.3900,115.8600,114.1000,114.4800,34422012,1.000000
2016-10-28,aapl,113.8700,115.2100,113.4500,113.7200,36795783,1.000000
2016-10-31,aapl,113.6500,114.2300,113.2000,113.5400,26379632,1.000000
2016-11-01,aapl,113.4600,113.7700,110.5300,111.4900,43661178,1.000000
2016-11-02,aapl,111.4000,112.3500,111.2300,111.5900,28191471,1.000000
2016-11-03,aapl,110.9800,111.4600,109.5500,109.8300,26541093,1.000000
2016-11-04,aapl,108.5300,110.2500,108.1100,108.8400,30804148,1.000000
2016-11-07,aapl,110.0800,110.5100,109.4600,110.4100,32364590,1.000000
2016-11-08,aapl,110.3100,111.7200,109.7000,111.0600,24132181,1.000000
2016-11-09,aapl,109.8800,111.3200,108.0500,110.8800,59156836,1.000000
2016-11-10,aapl,111.0900,111.0900,105.8300,107.7900,57105664,1.000000
2016-11-11,aapl,107.1200,108.8700,106.5500,108.4300,34125281,1.000000
2016-11-14,aapl,107.7100,107.8090,104.0800,105.7100,50907153,1.000000
2016-11-15,aapl,106.5700,107.6800,106.1590,107.1100,32230627,1.000000
2016-11-16,aapl,106.7000,110.2300,106.6000,109.9900,58809804,1.000000
2016-11-17,aapl,109.8100,110.3500,108.8300,109.9500,27624576,1.000000
2016-11-18,aapl,109.7200,110.5400,109.6600,110.0600,28331669,1.000000
2016-11-21,aapl,110.1200,111.9900,110.0100,111.7300,29170024,1.000000
2016-11-22,aapl,111.9500,112.4200,111.4000,111.8000,25936177,1.000000
2016-11-23,aapl,111.3600,111.5100,110.3300,111.2300,27420959,1.000000
2016-11-25,aapl,111.1300,111.8700,110.9500,111.7900,11475922,1.000000
2016-11-28,aapl,111.4300,112.4650,111.3900,111.5700,27099626,1.000000
2016-11-29,aapl,110.7800,112.0300,110.0700,111.4600,28510409,1.000000
2016-11-30,aapl,111.6000,112.2000,110.2700,110.5200,36152776,1.000000
2016-12-01,aapl,110.3650,110.9400,109.0300,109.4900,37035119,1.000000
2016-12-02,aapl,109.1700,110.0900,108.8500,109.9000,26482265,1.000000
2016-12-05,aapl,110.0000,110.0300,108.2500,109.1100,34114147,1.000000
2016-12-06,aapl,109.5000,110.3600,109.1900,109.9500,26165916,1.000000
2016-12-07,aapl,109.2600,111.1900,109.1600,111.0300,29978926,1.000000
2016-12-08,aapl,110.8600,112.4300,110.6000,112.1200,27053247,1.000000
2016-12-09,aapl,112.3100,114.7000,112.3100,113.9500,34376027,1.000000
2016-12-12,aapl,113.2900,115.0000,112.4900,113.3000,26180189,1.000000
2016-12-13,aapl,113.8400,115.9200,113.7500,115.1900,43296981,1.000000
2016-12-14,aapl,115.0400,116.2000,114.9800,115.1900,33968745,1.000000
2016-12-15,aapl,115.3800,116.7300,115.2300,115.8200,46286513,1.000000
2016-12-16,aapl,116.4700,116.5000,115.6450,115.9700,44285171,1.000000
2016-12-19,aapl,115.8000,117.3800,115.7500,116.6400,27759619,1.000000
2016-12-20,aapl,116.7400,117.5000,116.6800,116.9500,21401196,1.000000
2016-12-21,aapl,116.8000,117.4000,116.7800,117.0600,23724774,1.000000
2016-12-22,aapl,116.3500,116.5100,115.6400,116.2900,26044771,1.000000
2016-12-23,aapl,115.5900,116.5200,115.5900,116.5200,14244752,1.000000
2016-12-27,aapl,116.5200,117.8000,116.4900,117.2600,18133456,1.000000
2016-12-28,aapl,117.5200,118.0170,116.2000,116.7600,20691106,1.000000
2016-12-29,aapl,116.4500,117.1100,116.4000,116.7300,14980035,1.000000
2016-12-30,aapl,116.6500,117.2000,115.4300,115.8200,30561669,1.000000
2017-01-03,aapl,115.8000,116.3300,114.7600,116.1500,28763145,1.000000
2017-01-04,aapl,115.8500,116.5100,115.7500,116.0200,21082181,1.000000
2017-01-05,aapl,115.9200,116.8640,115.8100,116.6100,22115396,1.000000
2017-01-06,aapl,116.7800,118.1600,116.4700,117.9100,31717029,1.000000
2017-01-09,aapl,117.9500,119.4300,117.9400,118.9900,33523959,1.000000
2017-01-10,aapl,118.7700,119.3800,118.3000,119.1100,24434145,1.000000
2017-01-11,aapl,118.7400,119.9300,118.6000,119.7500,27453380,1.000000
2017-01-12,aapl,118.8950,119.3000,118.2100,119.2500,27065129,1.000000
2017-01-13,aapl,119.1100,119.6200,118.8100,119.0400,26087411,1.000000
2017-01-17,aapl,118.3400,120.2400,118.2200,120.0000,34413608,1.000000
2017-01-18,aapl,120.0000,120.5000,119.7100,119.9900,23687925,1.000000
2017-01-19,aapl,119.4000,120.0900,119.3700,119.7800,25556709,1.000000
2017-01-20,aapl,120.4500,120.4500,119.7350,120.0000,29923001,1.000000
2017-01-23,aapl,120.0000,120.8100,119.7700,120.0800,21985311,1.000000
2017-01-24,aapl,119.5500,120.1000,119.5000,119.9700,23193797,1.000000
2017-01-25,aapl,120.4200,122.1000,120.2800,121.8800,32564729,1.000000
2017-01-26,aapl,121.6700,122.4400,121.6000,121.9400,26322394,1.000000
2017-01-27,aapl,122.1400,122.3500,121.6000,121.9500,20496585,1.000000
2017-01-30,aapl,120.9300,121.6300,120.6600,121.6300,30329859,1.000000
2017-01-31,aapl,121.1500,121.3900,120.6200,121.3500,48247083,1.000000
2017-02-01,aapl,127.0300,130.4900,127.0100,128.7500,111855283,1.000000
2017-02-02,aapl,127.9750,129.3900,127.7800,128.5300,33672447,1.000000
2017-02-03,aapl,128.3100,129.1900,128.1600,129.0800,24471696,1.000000
2017-02-06,aapl,129.1300,130.5000,128.9000,130.2900,26793715,1.000000
2017-02-07,aapl,130.5400,132.0900,130.4500,131.5300,38161997,1.000000
2017-02-08,aapl,131.3500,132.2200,131.2200,132.0400,22945646,1.000000
2017-02-09,aapl,131.6500,132.4450,131.1200,132.4200,28323962,1.000000
2017-02-10,aapl,132.4600,132.9400,132.0500,132.1200,20050615,1.000000
2017-02-13,aapl,133.0800,133.8200,132.7500,133.2900,22998364,1.000000
2017-02-14,aapl,133.4700,135.0900,133.2500,135.0200,33064858,1.000000
2017-02-15,aapl,135.5200,136.2700,134.6200,135.5100,35579916,1.000000
2017-02-16,aapl,135.6700,135.9000,134.8400,135.3450,22543246,1.000000
2017-02-17,aapl,135.1000,135.8300,135.1000,135.7200,22180744,1.000000
2017-02-21,aapl,136.2300,136.7500,135.9800,136.7000,24488341,1.000000
2017-02-22,aapl,136.4300,137.1200,136.1100,137.1100,20794431,1.000000
2017-02-23,aapl,137.3800,137.4800,136.3000,136.5300,20762716,1.000000
2017-02-24,aapl,135.9100,136.6600,135.2800,136.6600,21755623,1.000000
2017-02-27,aapl,137.1400,137.4350,136.2800,136.9300,20224176,1.000000
2017-02-28,aapl,137.0800,137.4350,136.7000,136.9900,23449576,1.000000
2017-03-01,aapl,137.8900,140.1500,137.5950,139.7900,36363807,1.000000
2017-03-02,aapl,140.0000,140.2790,138.7600,138.9600,26182197,1.000000
2017-03-03,aapl,138.7800,139.8300,138.5900,139.7800,21556130,1.000000
2017-03-06,aapl,139.3650,139.7700,138.5960,139.3400,21230350,1.000000
2017-03-07,aapl,139.0600,139.9800,138.7900,139.5200,17439815,1.000000
2017-03-08,aapl,138.9500,139.8000,138.8200,139.0000,18697403,1.000000
2017-03-09,aapl,138.7400,138.7900,137.0500,138.6800,22134841,1.000000
2017-03-10,aapl,139.2500,139.3570,138.6400,139.1400,19586140,1.000000
2017-03-13,aapl,138.8500,139.4300,138.8200,139.2000,17052208,1.000000
2017-03-14,aapl,139.3000,139.6500,138.8400,138.9900,15291388,1.000000
2017-03-15,aapl,139.4100,140.7500,139.0250,140.4600,25678446,1.000000
2017-03-16,aapl,140.7200,141.0200,140.2600,140.6900,19214921,1.000000
2017-03-17,aapl,141.0000,141.0000,139.8900,139.9900,43710004,1.000000
2017-03-20,aapl,140.4000,141.5000,140.2300,141.4600,21479678,1.000000
2017-03-21,aapl,142.1100,142.8000,139.7300,139.8400,39463155,1.000000
2017-03-22,aapl,139.8450,141.6000,139.7600,141.4200,25811516,1.000000
2017-03-23,aapl,141.2600,141.5840,140.6100,140.9200,20299845,1.000000
2017-03-24,aapl,141.5000,141.7400,140.3500,140.6400,22365272,1.000000
2017-03-27,aapl,139.3900,141.2200,138.6200,140.8800,23562018,1.000000
2017-03-28,aapl,140.9100,144.0400,140.6200,143.8000,33353285,1.000000
2017-03-29,aapl,143.6800,144.4900,143.1900,144.1200,29174267,1.000000
2017-03-30,aapl,144.1900,144.5000,143.5000,143.9300,21189560,1.000000
2017-03-31,aapl,143.7200,144.2700,143.0100,143.6600,19642715,1.000000
2017-04-03,aapl,143.7100,144.1200,143.0500,143.7000,19975980,1.000000
2017-04-04,aapl,143.2500,144.8900,143.1700,144.7700,19877676,1.000000
2017-04-05,aapl,144.2200,145.4600,143.8100,144.0200,27663728,1.000000
2017-04-06,aapl,144.2900,144.5200,143.4500,143.6600,21132002,1.000000
2017-04-07,aapl,143.7300,144.1800,143.2700,143.3400,16659657,1.000000
2017-04-10,aapl,143.6000,143.8790,142.9000,143.1700,18905364,1.000000
2017-04-11,aapl,142.9400,143.3500,140.0600,141.6300,30353007,1.000000
2017-04-12,aapl,141.6000,142.1500,141.0100,141.8000,20321631,1.000000
2017-04-13,aapl,141.9100,142.3800,141.0500,141.0500,17778143,1.000000
2017-04-17,aapl,141.4800,141.8800,140.8700,141.8300,16557234,1.000000
2017-04-18,aapl,141.4100,142.0400,141.1100,141.2000,14677941,1.000000
2017-04-19,aapl,141.8800,142.0000,140.4500,140.6800,17303881,1.000000
2017-04-20,aapl,141.2200,142.9200,141.1600,142.4400,23297505,1.000000
2017-04-21,aapl,142.4400,142.6800,141.8500,142.2700,17297819,1.000000
2017-04-24,aapl,143.5000,143.9500,143.1800,143.6400,17118457,1.000000
2017-04-25,aapl,143.9100,144.9000,143.8700,144.5300,18671987,1.000000
2017-04-26,aapl,144.4700,144.6000,143.3760,143.6800,20016925,1.000000
2017-04-27,aapl,143.9230,144.1600,143.3100,143.7900,14207643,1.000000
2017-04-28,aapl,144.0900,144.3000,143.2700,143.6500,20831183,1.000000
2017-05-01,aapl,145.1000,147.2000,144.9600,146.5800,33527080,1.000000
2017-05-02,aapl,147.5400,148.0900,146.8400,147.5100,44432690,1.000000
2017-05-03,aapl,145.5900,147.4900,144.2700,147.0600,45609582,1.000000
2017-05-04,aapl,146.5200,147.1400,145.8100,146.5300,23346293,1.000000
2017-05-05,aapl,146.7600,148.9800,146.7600,148.9600,27290897,1.000000
2017-05-08,aapl,149.0300,153.7000,149.0300,153.0100,48684137,1.000000
2017-05-09,aapl,153.8700,154.8800,153.4500,153.9900,39031970,1.000000
2017-05-10,aapl,153.6300,153.9400,152.1100,153.2600,25780583,1.000000
2017-05-11,aapl,152.4500,154.0700,152.3100,153.9500,27239428,1.000000
2017-05-12,aapl,154.7000,156.4200,154.6700,156.1000,32498413,1.000000
2017-05-15,aapl,156.0100,156.6500,155.0500,155.7000,25915047,1.000000
2017-05-16,aapl,155.9400,156.0600,154.7200,155.4700,19996232,1.000000
2017-05-17,aapl,153.6000,154.5700,149.7100,150.2500,50679848,1.000000
2017-05-18,aapl,151.2700,153.3400,151.1300,152.5400,33525106,1.000000
2017-05-19,aapl,153.3800,153.9800,152.6300,153.0600,26933815,1.000000
2017-05-22,aapl,154.0000,154.5800,152.9100,153.9900,22934398,1.000000
2017-05-23,aapl,154.9000,154.9000,153.3100,153.8000,19908957,1.000000
2017-05-24,aapl,153.8400,154.1700,152.6700,153.3400,19207232,1.000000
2017-05-25,aapl,153.7300,154.3500,153.0300,153.8700,19219081,1.000000
2017-05-26,aapl,154.0000,154.2400,153.3100,153.6100,21902211,1.000000
2017-05-30,aapl,153.4200,154.4300,153.3300,153.6700,20119009,1.000000
2017-05-31,aapl,153.9700,154.1700,152.3800,152.7600,24455800,1.000000
2017-06-01,aapl,153.1700,153.3300,152.2200,153.1800,16384407,1.000000
2017-06-02,aapl,153.5800,155.4500,152.8900,155.4500,27732984,1.000000
2017-06-05,aapl,154.3400,154.4500,153.4600,153.9300,25284641,1.000000
2017-06-06,aapl,153.9000,155.8100,153.7800,154.4500,26593991,1.000000
2017-06-07,aapl,155.0200,155.9800,154.4800,155.3700,21020366,1.000000
2017-06-08,aapl,155.2500,155.5400,154.4000,154.9900,21146643,1.000000
2017-06-09,aapl,155.1900,155.1900,146.0200,148.9800,64788624,1.000000
2017-06-12,aapl,145.7400,146.0900,142.5100,145.4200,72202819,1.000000
2017-06-13,aapl,147.1600,147.4500,145.1500,146.5900,34096538,1.000000
2017-06-14,aapl,147.5000,147.5000,143.8400,145.1600,31455996,1.000000
2017-06-15,aapl,143.3200,144.4800,142.2100,144.2900,31662421,1.000000
2017-06-16,aapl,143.7800,144.5000,142.2000,142.2700,50267760,1.000000
2017-06-19,aapl,143.6600,146.7400,143.6600,146.3400,32466322,1.000000
2017-06-20,aapl,146.8700,146.8700,144.9400,145.0100,24886167,1.000000
2017-06-21,aapl,145.5200,146.0690,144.6100,145.8700,21248410,1.000000
2017-06-22,aapl,145.7700,146.7000,145.1200,145.6300,19086118,1.000000
2017-06-23,aapl,145.1300,147.1600,145.1100,146.2800,35423678,1.000000
2017-06-26,aapl,147.1700,148.2800,145.3800,145.8200,25679183,1.000000
2017-06-27,aapl,145.0100,146.1600,143.6200,143.7300,24731399,1.000000
2017-06-28,aapl,144.4900,146.1100,143.1600,145.8300,22056060,1.000000
2017-06-29,aapl,144.7100,145.1300,142.2800,143.6800,31454522,1.000000
2017-06-30,aapl,144.4500,144.9600,143.7800,144.0200,23004137,1.000000
2017-07-03,aapl,144.8800,145.3000,143.1000,143.5000,14277848,1.000000
2017-07-05,aapl,143.6900,144.7900,142.7240,144.0900,21551200,1.000000
2017-07-06,aapl,143.0200,143.5000,142.4100,142.7300,24110718,1.000000
2017-07-07,aapl,142.9000,144.7500,142.9000,144.1800,18719095,1.000000
2017-07-10,aapl,144.1100,145.9500,143.3700,145.0600,21080738,1.000000
2017-07-11,aapl,144.7300,145.8500,144.3800,145.5300,19722786,1.000000
2017-07-12,aapl,145.8700,146.1800,144.8200,145.7400,24863461,1.000000
2017-07-13,aapl,145.5000,148.4900,145.4400,147.7700,25081482,1.000000
2017-07-14,aapl,147.9700,149.3300,147.3300,149.0400,20117229,1.000000
2017-07-17,aapl,148.8200,150.9000,148.5700,149.5600,23770580,1.000000
2017-07-18,aapl,149.2000,150.1300,148.6700,150.0800,17850366,1.000000
2017-07-19,aapl,150.4800,151.4200,149.9500,151.0200,20910670,1.000000
2017-07-20,aapl,151.5000,151.7400,150.1900,150.3400,17200437,1.000000
2017-07-21,aapl,149.9900,150.4400,148.8800,150.2700,25121233,1.000000
2017-07-24,aapl,150.5800,152.4400,149.9000,152.0900,21469192,1.000000
2017-07-25,aapl,151.8000,153.8400,151.8000,152.7400,18830024,1.000000
2017-07-26,aapl,153.3500,153.9300,153.0600,153.4600,15734376,1.000000
2017-07-27,aapl,153.7500,153.9900,147.3000,150.5600,32434022,1.000000
2017-07-28,aapl,149.8900,150.2300,149.1900,149.5000,17196259,1.000000
2017-07-31,aapl,149.9000,150.3300,148.1300,148.7300,19713816,1.000000
2017-08-01,aapl,149.1000,150.2200,148.4100,150.0500,34137031,1.000000
2017-08-02,aapl,159.2800,159.7500,156.1600,157.1400,69736736,1.000000
2017-08-03,aapl,157.0500,157.2100,155.0200,155.5700,26624776,1.000000
2017-08-04,aapl,156.0700,157.4000,155.6900,156.3900,20521046,1.000000
2017-08-07,aapl,157.0600,158.9200,156.6700,158.8100,21829586,1.000000
2017-08-08,aapl,158.6000,161.8300,158.2700,160.0800,36133179,1.000000
2017-08-09,aapl,159.2600,161.2700,159.1100,161.0600,26064481,1.000000
2017-08-10,aapl,159.9000,160.0000,154.6300,155.3200,39658841,1.000000
2017-08-11,aapl,156.6000,158.5730,156.0700,157.4800,26237148,1.000000
2017-08-14,aapl,159.3200,160.2100,158.7500,159.8500,22075129,1.000000
2017-08-15,aapl,160.6600,162.1950,160.1400,161.6000,29380214,1.000000
2017-08-16,aapl,161.9400,162.5100,160.1500,160.9500,27623607,1.000000
2017-08-17,aapl,160.5200,160.7100,157.8400,157.8600,27496490,1.000000
2017-08-18,aapl,157.8600,159.5000,156.7200,157.5000,27398404,1.000000
2017-08-21,aapl,157.5000,157.8900,155.1100,157.2100,26340866,1.000000
2017-08-22,aapl,158.2300,160.0000,158.0200,159.7800,21569088,1.000000
2017-08-23,aapl,159.0700,160.4700,158.8800,159.9800,19378689,1.000000
2017-08-24,aapl,160.4300,160.7400,158.5500,159.2700,19803306,1.000000
2017-08-25,aapl,159.6500,160.5600,159.2700,159.8600,25467662,1.000000
2017-08-28,aapl,160.1400,162.0000,159.9300,161.4700,25698608,1.000000
2017-08-29,aapl,160.1000,163.1200,160.0000,162.9100,29457846,1.000000
2017-08-30,aapl,163.8000,163.8900,162.6100,163.3500,27223127,1.000000
2017-08-31,aapl,163.6400,164.5200,163.4800,164.0000,26746233,1.000000
2017-09-01,aapl,164.8000,164.9400,163.6300,164.0500,16575670,1.000000
2017-09-05,aapl,163.7500,164.2500,160.5600,162.0800,29505379,1.000000
2017-09-06,aapl,162.7100,162.9900,160.5200,161.9100,21612366,1.000000
2017-09-07,aapl,162.0900,162.2400,160.3600,161.2600,21907296,1.000000
2017-09-08,aapl,160.8600,161.1500,158.5300,158.6300,28425332,1.000000
2017-09-11,aapl,160.5000,162.0500,159.8900,161.5000,31516887,1.000000
2017-09-12,aapl,162.6100,163.9600,158.7700,160.8600,71607414,1.000000
2017-09-13,aapl,159.8700,159.9600,157.9100,159.6500,44868014,1.000000
2017-09-14,aapl,158.9900,159.4000,158.0900,158.2800,23639906,1.000000
2017-09-15,aapl,158.4700,160.9700,158.0000,159.8800,48849126,1.000000
2017-09-18,aapl,160.1100,160.5000,157.9950,158.6700,28159420,1.000000
2017-09-19,aapl,159.5100,159.7700,158.4400,158.7300,20594332,1.000000
2017-09-20,aapl,157.9000,158.2600,153.8300,156.0700,52199166,1.000000
2017-09-21,aapl,155.8000,155.8000,152.7500,153.3900,37369912,1.000000
2017-09-22,aapl,152.0200,152.2700,150.5600,151.8900,46583292,1.000000
2017-09-25,aapl,149.9900,151.8300,149.1600,150.5500,44368820,1.000000
2017-09-26,aapl,151.7800,153.9200,151.6900,153.1400,36626224,1.000000
2017-09-27,aapl,153.8000,154.7190,153.5400,154.2300,25403371,1.000000
2017-09-28,aapl,153.8900,154.2800,152.7000,153.2800,21984310,1.000000
2017-09-29,aapl,153.2100,154.1300,152.0000,154.1200,26265166,1.000000
2017-10-02,aapl,154.2600,154.4500,152.7200,153.8100,18682698,1.000000
2017-10-03,aapl,154.0100,155.0900,153.9100,154.4800,16219180,1.000000
2017-10-04,aapl,153.6300,153.8600,152.4600,153.4800,20115963,1.000000
2017-10-05,aapl,154.1800,155.4400,154.0500,155.3900,21265357,1.000000
2017-10-06,aapl,154.9700,155.4900,154.5600,155.3000,17385744,1.000000
2017-10-09,aapl,155.8100,156.7300,155.4850,155.8400,16243796,1.000000
2017-10-10,aapl,156.0550,158.0000,155.1000,155.9000,15603773,1.000000
2017-10-11,aapl,155.9700,156.9800,155.7500,156.5500,16881639,1.000000
2017-10-12,aapl,156.3500,157.3700,155.7300,156.0000,16381113,1.000000
2017-10-13,aapl,156.7300,157.2800,156.4100,156.9900,16373804,1.000000
2017-10-16,aapl,157.9000,160.0000,157.6500,159.8800,24096191,1.000000
2017-10-17,aapl,159.7800,160.8700,159.2300,160.4700,18972354,1.000000
2017-10-18,aapl,160.4200,160.7100,159.6000,159.7600,16256410,1.000000
2017-10-19,aapl,156.7500,157.0800,155.0200,155.9800,42386836,1.000000
2017-10-20,aapl,156.6100,157.7500,155.9600,156.2500,23911656,1.000000
2017-10-23,aapl,156.8900,157.6900,155.5000,156.1700,21960123,1.000000
2017-10-24,aapl,156.2900,157.4200,156.2000,157.1000,17638333,1.000000
2017-10-25,aapl,156.9100,157.5500,155.2700,156.4100,21177499,1.000000
2017-10-26,aapl,157.2300,157.8300,156.7800,157.4100,16932722,1.000000
2017-10-27,aapl,159.2900,163.6000,158.7000,163.0500,44401408,1.000000
2017-10-30,aapl,163.8900,168.0700,163.7200,166.7200,44663218,1.000000
2017-10-31,aapl,167.9000,169.6500,166.9400,169.0400,35993089,1.000000
2017-11-01,aapl,169.8700,169.9400,165.6100,166.8900,33522007,1.000000
2017-11-02,aapl,167.6400,168.5000,165.2800,168.1100,40425556,1.000000
2017-11-03,aapl,174.0000,174.2600,171.1200,172.5000,59337190,1.000000
2017-11-06,aapl,172.3650,174.9900,171.7200,174.2500,34776225,1.000000
2017-11-07,aapl,173.9100,175.2500,173.6000,174.8100,24337387,1.000000
2017-11-08,aapl,174.6600,176.2400,174.3300,176.2400,24363582,1.000000
2017-11-09,aapl,175.1100,176.0950,173.1400,175.8800,29427304,1.000000
2017-11-10,aapl,175.1100,175.3800,174.2700,174.6700,25130494,1.000000
2017-11-13,aapl,173.5000,174.5000,173.4000,173.9700,16958894,1.000000
2017-11-14,aapl,173.0400,173.4800,171.1800,171.3400,24692542,1.000000
2017-11-15,aapl,169.9700,170.3200,168.3800,169.0800,28999800,1.000000
2017-11-16,aapl,171.1800,171.8700,170.3000,171.1000,23605545,1.000000
2017-11-17,aapl,171.0400,171.3900,169.6400,170.1500,21886418,1.000000
2017-11-20,aapl,170.2900,170.5600,169.5600,169.9800,16041774,1.000000
2017-11-21,aapl,170.7800,173.7000,170.7800,173.1400,25050754,1.000000
2017-11-22,aapl,173.3600,175.0000,173.0500,174.9600,25561616,1.000000
2017-11-24,aapl,175.1000,175.5000,174.6460,174.9700,14026673,1.000000
2017-11-27,aapl,175.0500,175.0800,173.3400,174.0900,20592911,1.000000
2017-11-28,aapl,174.3000,174.8700,171.8600,173.0700,26403425,1.000000
2017-11-29,aapl,172.6300,172.9200,167.1600,169.4800,41475324,1.000000
2017-11-30,aapl,170.4300,172.1400,168.4400,171.8500,41490376,1.000000
2017-12-01,aapl,169.9500,171.6700,168.5000,171.0500,39735863,1.000000
2017-12-04,aapl,172.4800,172.6200,169.6300,169.8000,32514492,1.000000
2017-12-05,aapl,169.0600,171.5200,168.4000,169.6400,27316624,1.000000
2017-12-06,aapl,167.5000,170.2050,166.4600,169.0100,28400454,1.000000
2017-12-07,aapl,169.0300,170.4400,168.9100,169.3200,25656352,1.000000
2017-12-08,aapl,170.4900,171.0000,168.8200,169.3700,23295478,1.000000
2017-12-11,aapl,169.2000,172.8900,168.7900,172.6700,34266394,1.000000
2017-12-12,aapl,172.1500,172.3900,171.4610,171.7000,19392999,1.000000
2017-12-13,aapl,172.5000,173.5400,172.0000,172.2700,23403468,1.000000
2017-12-14,aapl,172.4000,173.1300,171.6500,172.2200,20442879,1.000000
2017-12-15,aapl,173.6300,174.1700,172.4600,173.9700,40130512,1.000000
2017-12-18,aapl,174.8800,177.2000,174.8600,176.4200,29387842,1.000000
2017-12-19,aapl,175.0300,175.3900,174.0900,174.5400,27394404,1.000000
2017-12-20,aapl,174.8700,175.4200,173.2500,174.3500,23456926,1.000000
2017-12-21,aapl,174.1700,176.0200,174.1000,175.0100,20850979,1.000000
2017-12-22,aapl,174.6800,175.4240,174.5000,175.0100,16340802,1.000000
2017-12-26,aapl,170.8000,171.4700,169.6790,170.5700,33145030,1.000000
2017-12-27,aapl,170.1000,170.7800,169.7100,170.6000,21480257,1.000000
2017-12-28,aapl,171.0000,171.8500,170.4800,171.0800,16457921,1.000000
2017-12-29,aapl,170.5200,170.5900,169.2200,169.2300,25945878,1.000000
2018-01-02,aapl,170.1600,172.3000,169.2600,172.2600,25519354,1.000000
2018-01-03,aapl,172.5300,174.5500,171.9600,172.2300,29466656,1.000000
2018-01-04,aapl,172.5400,173.4700,172.0800,173.0300,22348889,1.000000
2018-01-05,aapl,173.4400,175.3700,173.0500,175.0000,23596446,1.000000
2018-01-08,aapl,174.3500,175.6100,173.9300,174.3500,20530355,1.000000
2018-01-09,aapl,174.5500,175.0600,173.4100,174.3300,21533193,1.000000
2018-01-10,aapl,173.1600,174.3000,173.0000,174.2900,23938930,1.000000
2018-01-11,aapl,174.5900,175.4890,174.4900,175.2800,18653784,1.000000
2018-01-12,aapl,176.1800,177.3600,175.6500,177.0900,25332836,1.000000
2018-01-16,aapl,177.9000,179.3900,176.1400,176.1900,29517766,1.000000
2018-01-17,aapl,176.1500,179.2500,175.0700,179.1000,34269354,1.000000
2018-01-18,aapl,179.3700,180.1000,178.2500,179.2600,31090545,1.000000
2018-01-19,aapl,178.6100,179.5800,177.4100,178.4600,31479768,1.000000
2018-01-22,aapl,177.3000,177.7800,176.6020,177.0000,27063087,1.000000
2018-01-23,aapl,177.3000,179.4400,176.8200,177.0400,32540742,1.000000
2018-01-24,aapl,177.2500,177.3000,173.2000,174.2200,51378606,1.000000
2018-01-25,aapl,174.5050,174.9500,170.5300,171.1100,41448316,1.000000
2018-01-26,aapl,172.0000,172.0000,170.0600,171.5100,39091379,1.000000
2018-01-29,aapl,170.1600,170.1600,167.0700,167.9600,50568640,1.000000
2018-01-30,aapl,165.5250,167.3700,164.7000,166.9700,45704073,1.000000
2018-01-31,aapl,166.8700,168.4420,166.5000,167.4300,32273638,1.000000
2018-02-01,aapl,167.1650,168.6200,166.7600,167.7800,45924503,1.000000
2018-02-02,aapl,166.0000,166.8000,160.1000,160.5000,85981617,1.000000
2018-02-05,aapl,159.1000,163.8800,156.0000,156.4900,72244564,1.000000
2018-02-06,aapl,154.8300,163.7200,154.0000,163.0300,68182050,1.000000
2018-02-07,aapl,163.0850,163.4000,159.0690,159.5400,51483030,1.000000
2018-02-08,aapl,160.2900,161.0000,155.0300,155.1500,54182478,1.000000
2018-02-09,aapl,157.0700,157.8900,150.2400,156.4100,70600835,1.000000
2018-02-12,aapl,158.5000,163.8900,157.5100,162.7100,60780643,1.000000
2018-02-13,aapl,161.9500,164.7500,161.6500,164.3400,32484550,1.000000
2018-02-14,aapl,163.0450,167.5400,162.8800,167.3700,40483717,1.000000
2018-02-15,aapl,169.7900,173.0900,169.0000,172.9900,50916265,1.000000
2018-02-16,aapl,172.3600,174.8200,171.7700,172.4300,40121019,1.000000
2018-02-20,aapl,172.0500,174.2600,171.4200,171.8500,33894602,1.000000
2018-02-21,aapl,172.8300,174.1200,171.0100,171.0700,37385711,1.000000
2018-02-22,aapl,171.8000,173.9500,171.7100,172.5000,30955132,1.000000
2018-02-23,aapl,173.6700,175.6500,173.5400,175.5000,33784469,1.000000
2018-02-26,aapl,176.3500,179.3900,176.2100,178.9700,37860929,1.000000
2018-02-27,aapl,179.1000,180.4800,178.1600,178.3900,38890723,1.000000
2018-02-28,aapl,179.2600,180.6150,178.0500,178.1200,37570142,1.000000
2018-03-01,aapl,178.5400,179.7750,172.6600,175.0000,48758798,1.000000
2018-03-02,aapl,172.8000,176.3000,172.4500,176.2100,38428861,1.000000
2018-03-05,aapl,175.2100,177.7400,174.5200,176.8200,28384875,1.000000
2018-03-06,aapl,177.9100,178.2500,176.1300,176.6700,23331256,1.000000
2018-03-07,aapl,174.9400,175.8500,174.2700,175.0300,31687262,1.000000
2018-03-08,aapl,175.4800,177.1200,175.0700,176.9400,23394093,1.000000
2018-03-09,aapl,177.9600,180.0000,177.3900,179.9800,32136250,1.000000
2018-03-12,aapl,180.2900,182.3900,180.2100,181.7200,32193031,1.000000
2018-03-13,aapl,182.5900,183.5000,179.2400,179.9700,31416695,1.000000
2018-03-14,aapl,180.3200,180.5200,177.8100,178.4400,29339023,1.000000
2018-03-15,aapl,178.5000,180.2400,178.0700,178.6500,22677918,1.000000
2018-03-16,aapl,178.6500,179.1200,177.6200,178.0200,39381801,1.000000
2018-03-19,aapl,177.3200,177.4700,173.6600,175.3000,32976197,1.000000
2018-03-20,aapl,175.2400,176.8000,174.9400,175.2400,19626217,1.000000
2018-03-21,aapl,175.0400,175.0900,171.2600,171.2700,36394348,1.000000
2018-03-22,aapl,170.0000,172.6800,168.6000,168.8500,41338705,1.000000
2018-03-23,aapl,168.3900,169.9200,164.9400,164.9400,40990307,1.000000
2018-03-26,aapl,168.0700,173.1000,166.4400,172.7700,36781620,1.000000
2018-03-27,aapl,173.6800,175.1500,166.9200,168.3400,40851838,1.000000
2018-03-28,aapl,167.2500,170.0200,165.1900,166.4800,41609832,1.000000
2018-03-29,aapl,167.8050,171.7500,166.9000,167.7800,38165564,1.000000
2018-04-02,aapl,167.8800,168.9400,164.4700,166.6800,37430722,1.000000
2018-04-03,aapl,167.6400,168.7460,164.8800,168.3900,30251956,1.000000
2018-04-04,aapl,164.8800,172.0100,164.7700,171.6100,34583362,1.000000
2018-04-05,aapl,172.5800,174.2300,172.0800,172.8000,26750635,1.000000
2018-04-06,aapl,170.9700,172.4800,168.2000,168.3800,34955074,1.000000
2018-04-09,aapl,169.8800,173.0900,169.8450,170.0500,28979294,1.000000
2018-04-10,aapl,173.0000,174.0000,171.5300,173.2500,28575456,1.000000
2018-04-11,aapl,172.2300,173.9230,171.7000,172.4400,22401871,1.000000
2018-04-12,aapl,173.4100,175.0000,173.0400,174.1400,22858877,1.000000
2018-04-13,aapl,174.7800,175.8400,173.8500,174.7300,25103810,1.000000
2018-04-16,aapl,175.0300,176.1900,174.8300,175.8200,21562308,1.000000
2018-04-17,aapl,176.4900,178.9370,176.4100,178.2400,26585417,1.000000
2018-04-18,aapl,177.8100,178.8200,176.8800,177.8400,20549430,1.000000
2018-04-19,aapl,174.9500,175.3900,172.6600,172.8000,34701648,1.000000
2018-04-20,aapl,170.5950,171.2180,165.4300,165.7200,65431315,1.000000
2018-04-23,aapl,166.8350,166.9200,164.0900,165.2400,36398840,1.000000
2018-04-24,aapl,165.6700,166.3300,161.2200,162.9400,33680500,1.000000
2018-04-25,aapl,162.6200,165.4200,162.4100,163.6500,28346135,1.000000
2018-04-26,aapl,164.1200,165.7300,163.3700,164.2200,27860943,1.000000
2018-04-27,aapl,164.0000,164.3300,160.6300,162.3200,35618898,1.000000
2018-04-30,aapl,162.1300,167.2600,161.8400,165.2600,42259556,1.000000
2018-05-01,aapl,166.4100,169.2000,165.2700,169.1000,52616559,1.000000
2018-05-02,aapl,175.2250,177.7500,173.8000,176.5700,66485611,1.000000
2018-05-03,aapl,175.8800,177.5000,174.4410,176.8900,34032376,1.000000
2018-05-04,aapl,178.2500,184.2500,178.1700,183.8300,56142840,1.000000
2018-05-07,aapl,185.1800,187.6700,184.7500,185.1600,42560528,1.000000
2018-05-08,aapl,184.9900,186.2200,183.6650,186.0500,28055323,1.000000
2018-05-09,aapl,186.5500,187.4000,185.2200,187.3600,23153291,1.000000
2018-05-10,aapl,187.7400,190.3700,187.6500,190.0400,27950879,1.000000
2018-05-11,aapl,189.4900,190.0600,187.4500,188.5900,26172983,1.000000
2018-05-14,aapl,189.0100,189.5300,187.8600,188.1500,20401235,1.000000
2018-05-15,aapl,186.7800,187.0700,185.1000,186.4400,23642661,1.000000
2018-05-16,aapl,186.0700,188.4600,186.0000,188.1800,19049732,1.000000
2018-05-17,aapl,188.0000,188.9100,186.3600,186.9900,17018076,1.000000
2018-05-18,aapl,187.1900,187.8100,186.1300,186.3100,18084883,1.000000
2018-05-21,aapl,188.0000,189.2700,186.9110,187.6300,18385069,1.000000
2018-05-22,aapl,188.3750,188.8800,186.7800,187.1600,15230994,1.000000
2018-05-23,aapl,186.3500,188.5000,185.7600,188.3600,19981464,1.000000
2018-05-24,aapl,188.7700,188.8400,186.2100,188.1500,23180031,1.000000
2018-05-25,aapl,188.2300,189.6500,187.6500,188.5800,17447533,1.000000
2018-05-29,aapl,187.6000,188.7500,186.8700,187.9000,22499535,1.000000
2018-05-30,aapl,187.7200,188.0000,186.7800,187.5000,18503683,1.000000
2018-05-31,aapl,187.2200,188.2300,186.1400,186.8700,27470247,1.000000
2018-06-01,aapl,187.9910,190.2600,187.7500,190.2400,23398009,1.000000
2018-06-04,aapl,191.6350,193.4200,191.3500,191.8300,26208252,1.000000
2018-06-05,aapl,193.0650,193.9400,192.3600,193.3100,21539008,1.000000
2018-06-06,aapl,193.6300,194.0800,191.9200,193.9800,20913775,1.000000
2018-06-07,aapl,194.1400,194.2000,192.3350,193.4600,21332417,1.000000
2018-06-08,aapl,191.1700,192.0000,189.7700,191.7000,26582402,1.000000
2018-06-11,aapl,191.3500,191.9700,190.2100,191.2300,18071917,1.000000
2018-06-12,aapl,191.3850,192.6110,191.1500,192.2800,16859242,1.000000
2018-06-13,aapl,192.4200,192.8800,190.4400,190.7000,21535530,1.000000
2018-06-14,aapl,191.5500,191.5700,190.2200,190.8000,21588810,1.000000
2018-06-15,aapl,190.0300,190.1600,188.2600,188.8400,61702393,1.000000
2018-06-18,aapl,187.8800,189.2200,187.2000,188.7400,18459252,1.000000
2018-06-19,aapl,185.1400,186.3300,183.4500,185.6900,33543990,1.000000
2018-06-20,aapl,186.3500,187.2000,185.7300,186.5000,20503665,1.000000
2018-06-21,aapl,187.2500,188.3500,184.9400,185.4600,25690500,1.000000
2018-06-22,aapl,186.1200,186.1500,184.7000,184.9200,27186757,1.000000
2018-06-25,aapl,183.4000,184.9200,180.7300,182.1700,31639154,1.000000
2018-06-26,aapl,182.9900,186.5300,182.5400,184.4300,24414342,1.000000
2018-06-27,aapl,185.2280,187.2800,184.0300,184.1600,25035500,1.000000
2018-06-28,aapl,184.1000,186.2100,183.8000,185.5000,17347622,1.000000
2018-06-29,aapl,186.2900,187.1900,182.9100,185.1100,22559323,1.000000
2018-07-02,aapl,183.8200,187.3000,183.4200,187.1800,17692017,1.000000
2018-07-03,aapl,187.7900,187.9500,183.5400,183.9200,13954806,1.000000
2018-07-05,aapl,185.2600,186.4100,184.2800,185.4000,16550268,1.000000
2018-07-06,aapl,185.4200,188.4340,185.2000,187.9700,17442989,1.000000
2018-07-09,aapl,189.5000,190.6800,189.3000,190.5800,19670138,1.000000
2018-07-10,aapl,190.7100,191.2800,190.1800,190.3500,15808001,1.000000
2018-07-11,aapl,188.5000,189.7800,187.6100,187.8800,18799643,1.000000
2018-07-12,aapl,189.5300,191.4100,189.3100,191.0300,18001923,1.000000
2018-07-13,aapl,191.0800,191.8400,190.9000,191.3300,12508004,1.000000
2018-07-16,aapl,191.5200,192.6500,190.4150,190.9100,15021892,1.000000
2018-07-17,aapl,189.7500,191.8700,189.2000,191.4500,15516926,1.000000
2018-07-18,aapl,191.7800,191.8000,189.9300,190.4000,16369706,1.000000
2018-07-19,aapl,189.6900,192.5500,189.6900,191.8800,20189608,1.000000
2018-07-20,aapl,191.7800,192.4300,190.1700,191.4400,20672642,1.000000
2018-07-23,aapl,190.6800,191.9600,189.5600,191.6100,15956564,1.000000
2018-07-24,aapl,192.4500,193.6600,192.0500,193.0000,18682369,1.000000
2018-07-25,aapl,193.0600,194.8500,192.4300,194.8200,16598179,1.000000
2018-07-26,aapl,194.6100,195.9600,193.6100,194.2100,19030708,1.000000
2018-07-27,aapl,194.9900,195.1900,190.1000,190.9800,23979310,1.000000
2018-07-30,aapl,191.9000,192.2000,189.0700,189.9100,20972482,1.000000
2018-07-31,aapl,190.3000,192.1400,189.3400,190.2900,38131100,1.000000
2018-08-01,aapl,199.1300,201.7600,197.3100,201.5000,67824569,1.000000
2018-08-02,aapl,200.5800,208.3800,200.3500,207.3900,62330358,1.000000
2018-08-03,aapl,207.0300,208.7400,205.4800,207.9900,33417121,1.000000
2018-08-06,aapl,208.0000,209.2500,207.0700,209.0700,25397636,1.000000
2018-08-07,aapl,209.3200,209.5000,206.7600,207.1100,25540483,1.000000
2018-08-08,aapl,206.0500,207.8100,204.5200,207.2500,22495156,1.000000
2018-08-09,aapl,207.2800,209.7800,207.2000,208.8800,23393058,1.000000
2018-08-10,aapl,207.3600,209.1000,206.6700,207.5300,24597385,1.000000
2018-08-13,aapl,207.7000,210.9520,207.7000,208.8700,25865183,1.000000
2018-08-14,aapl,210.1550,210.5600,208.2600,209.7500,20684341,1.000000
2018-08-15,aapl,209.2200,210.7400,208.3300,210.2400,28617311,1.000000
2018-08-16,aapl,211.7500,213.8120,211.4700,213.3200,27605431,1.000000
2018-08-17,aapl,213.4400,217.9500,213.1600,217.5800,35046544,1.000000
2018-08-20,aapl,218.1000,219.1800,215.1100,215.4600,30158836,1.000000
2018-08-21,aapl,216.8000,217.1900,214.0250,215.0400,25899099,1.000000
2018-08-22,aapl,214.1000,216.3600,213.8400,215.0500,18967428,1.000000
2018-08-23,aapl,214.6500,217.0500,214.6000,215.4900,18531323,1.000000
2018-08-24,aapl,216.6000,216.9000,215.1100,216.1600,18458273,1.000000
2018-08-27,aapl,217.1500,218.7400,216.3300,217.9400,20401966,1.000000
2018-08-28,aapl,219.0100,220.5400,218.9200,219.7000,22751847,1.000000
2018-08-29,aapl,220.1500,223.4900,219.4100,222.9800,27122288,1.000000
2018-08-30,aapl,223.2500,228.2600,222.4000,225.0300,48700421,1.000000
2018-08-31,aapl,226.5100,228.8700,226.0000,227.6300,43244857,1.000000
2018-09-04,aapl,228.4100,229.1800,226.6300,228.3600,27367607,1.000000
2018-09-05,aapl,228.9900,229.6700,225.1000,226.8700,33294246,1.000000
2018-09-06,aapl,226.2300,227.3500,221.3000,223.1000,34170207,1.000000
2018-09-07,aapl,221.8500,225.3700,220.7100,221.3000,37454998,1.000000
2018-09-10,aapl,220.9500,221.8500,216.4700,218.3300,39226401,1.000000
2018-09-11,aapl,218.0100,224.2990,216.5600,223.8500,35659136,1.000000
2018-09-12,aapl,224.9400,225.0000,219.8400,221.0700,49128341,1.000000
2018-09-13,aapl,223.5200,228.3500,222.5700,226.4100,41419736,1.000000
2018-09-14,aapl,225.7500,226.8400,222.5220,223.8400,31814638,1.000000
2018-09-17,aapl,222.1500,222.9500,217.2700,217.8800,36816831,1.000000
2018-09-18,aapl,217.7900,221.8500,217.1200,218.2400,31497808,1.000000
2018-09-19,aapl,218.5000,219.6200,215.3000,218.3700,27099872,1.000000
2018-09-20,aapl,220.2400,222.2800,219.1500,220.0300,26456505,1.000000
2018-09-21,aapl,220.7800,221.3600,217.2900,217.6600,95594181,1.000000
2018-09-24,aapl,216.8200,221.2600,216.6300,220.7900,27582306,1.000000
2018-09-25,aapl,219.7500,222.8200,219.7000,222.1900,22812221,1.000000
2018-09-26,aapl,221.0000,223.7500,219.7600,220.4200,23432118,1.000000
2018-09-27,aapl,223.8200,226.4400,223.5400,224.9500,29735406,1.000000
2018-09-28,aapl,224.7900,225.8400,224.0200,225.7400,22631005,1.000000
2018-10-01,aapl,227.9500,229.4200,226.3500,227.2600,23172205,1.000000
2018-10-02,aapl,227.2500,230.0000,226.6300,229.2800,24599949,1.000000
2018-10-03,aapl,230.0500,233.4700,229.7800,232.0700,28548107,1.000000
2018-10-04,aapl,230.7800,232.3500,226.7300,227.9900,31971750,1.000000
2018-10-05,aapl,227.9600,228.4100,220.5800,224.2900,33509997,1.000000
2018-10-08,aapl,222.2100,224.8000,220.2000,223.7700,28789497,1.000000
2018-10-09,aapl,223.6400,227.2700,222.2460,226.8700,26870868,1.000000
2018-10-10,aapl,225.4600,226.3500,216.0500,216.3600,41117998,1.000000
2018-10-11,aapl,214.5200,219.5000,212.3200,214.4500,52906227,1.000000
2018-10-12,aapl,220.4200,222.8800,216.8400,222.1100,39502388,1.000000
2018-10-15,aapl,221.1600,221.8300,217.2700,217.3600,30286032,1.000000
2018-10-16,aapl,218.9300,222.9900,216.7630,222.1500,28809136,1.000000
2018-10-17,aapl,222.3000,222.6400,219.3400,221.1900,22694893,1.000000
2018-10-18,aapl,217.8600,219.7400,213.0000,216.0200,32409439,1.000000
2018-10-19,aapl,218.0600,221.2600,217.4300,219.3100,33024120,1.000000
2018-10-22,aapl,219.7900,223.3600,218.9400,220.6500,28754304,1.000000
2018-10-23,aapl,215.8300,223.2500,214.7000,222.7300,38690466,1.000000
2018-10-24,aapl,222.6000,224.2300,214.5400,215.0900,40007285,1.000000
2018-10-25,aapl,217.7100,221.3800,216.7500,219.8000,29061442,1.000000
2018-10-26,aapl,215.9000,220.1900,212.6700,216.3000,47202812,1.000000
2018-10-29,aapl,219.1900,219.6900,206.0900,212.2400,45745387,1.000000
2018-10-30,aapl,211.1500,215.1800,209.2700,213.3000,36541037,1.000000
2018-10-31,aapl,216.8800,220.4500,216.6200,218.8600,38031466,1.000000
2018-11-01,aapl,219.0500,222.3600,216.8100,222.2200,55528066,1.000000
2018-11-02,aapl,209.5500,213.6500,205.4300,207.4800,91117729,1.000000
2018-11-05,aapl,204.3000,204.3900,198.1700,201.5900,66086134,1.000000
2018-11-06,aapl,201.9200,204.7200,201.6900,203.7700,31792408,1.000000
2018-11-07,aapl,205.9700,210.0600,204.1300,209.9500,33304532,1.000000
2018-11-08,aapl,209.9800,210.1200,206.7500,208.4900,25292064,1.000000
2018-11-09,aapl,205.5500,206.0100,202.2500,204.4700,34321452,1.000000
2018-11-12,aapl,199.0000,199.8500,193.7900,194.1700,51007817,1.000000
2018-11-13,aapl,191.6300,197.1800,191.4500,192.2300,46780945,1.000000
2018-11-14,aapl,193.9000,194.4800,185.9300,186.8000,60620573,1.000000
2018-11-15,aapl,188.3900,191.9700,186.9000,191.4100,46407492,1.000000
2018-11-16,aapl,190.5000,194.9700,189.4600,193.5300,36200752,1.000000
2018-11-19,aapl,190.0000,190.7000,184.9900,185.8600,41654666,1.000000
2018-11-20,aapl,178.3700,181.4700,175.5100,176.9800,67685709,1.000000
2018-11-21,aapl,179.7300,180.2700,176.5500,176.7800,31100324,1.000000
2018-11-23,aapl,174.9400,176.5950,172.1000,172.2900,23623972,1.000000
2018-11-26,aapl,174.2400,174.9500,170.2600,174.6200,44686825,1.000000
2018-11-27,aapl,171.5100,174.7700,170.8800,174.2400,41221486,1.000000
2018-11-28,aapl,176.7300,181.2900,174.9300,180.9400,45969999,1.000000
2018-11-29,aapl,182.6600,182.8000,177.7000,179.5500,41530844,1.000000
2018-11-30,aapl,180.2900,180.3300,177.0300,178.5800,39436043,1.000000
2018-12-03,aapl,184.4600,184.9400,181.2100,184.8200,40579449,1.000000
2018-12-04,aapl,180.9500,182.3900,176.2700,176.6900,41171056,1.000000
2018-12-06,aapl,171.7600,174.7800,170.4200,174.7200,42713881,1.000000
2018-12-07,aapl,173.4900,174.4900,168.3000,168.4900,41688217,1.000000
2018-12-10,aapl,165.0000,170.0900,163.3300,169.6000,61764270,1.000000
2018-12-11,aapl,171.6600,171.7900,167.0000,168.6300,45971831,1.000000
2018-12-12,aapl,170.4000,171.9200,169.0200,169.1000,35484428,1.000000
2018-12-13,aapl,170.4900,172.5700,169.5500,170.9500,31760526,1.000000
2018-12-14,aapl,169.0000,169.0800,165.2800,165.4800,40624319,1.000000
2018-12-17,aapl,165.4500,168.3500,162.7300,163.9400,44287922,1.000000
2018-12-18,aapl,165.3800,167.5300,164.3900,166.0700,33841518,1.000000
2018-12-19,aapl,166.0000,167.4500,159.0900,160.8900,49047297,1.000000
2018-12-20,aapl,160.4000,162.1100,155.3000,156.8300,64772960,1.000000
2018-12-21,aapl,156.8600,158.1600,149.6300,150.7300,95744384,1.000000
2018-12-24,aapl,148.1500,151.5500,146.5900,146.8300,37169232,1.000000
2018-12-26,aapl,148.3000,157.2300,146.7200,157.1700,58162734,1.000000
2018-12-27,aapl,155.8400,156.7700,150.0700,156.1500,51642852,1.000000
2018-12-28,aapl,157.5000,158.5200,154.5500,156.2300,41743185,1.000000
2018-12-31,aapl,158.5300,159.3600,156.4800,157.7400,34501540,1.000000
2019-01-02,aapl,154.8900,158.8500,154.2300,157.9200,36000459,1.000000
2019-01-03,aapl,143.9800,145.7200,142.0000,142.1900,91226280,1.000000
2019-01-04,aapl,144.5300,148.5500,143.8000,148.2600,57433264,1.000000
2019-01-07,aapl,148.7000,148.8300,145.9000,147.9300,54598472,1.000000
2019-01-08,aapl,149.5600,151.8200,148.5200,150.7500,40859050,1.000000
2019-01-09,aapl,151.2900,154.5300,149.6300,153.3100,45040415,1.000000
2019-01-10,aapl,152.5000,153.9700,150.8600,153.8000,35662319,1.000000
2019-01-11,aapl,152.8800,153.7000,151.5100,152.2900,26926439,1.000000
2019-01-14,aapl,150.8500,151.2700,149.2200,150.0000,32019362,1.000000
2019-01-15,aapl,150.2700,153.3900,150.0500,153.0700,28656999,1.000000
2019-01-16,aapl,153.0800,155.8800,153.0000,154.9400,30488645,1.000000
2019-01-17,aapl,154.2000,157.6600,153.2600,155.8600,29621101,1.000000
2019-01-18,aapl,157.5000,157.8800,155.9810,156.8200,33387114,1.000000
2019-01-22,aapl,156.4100,156.7300,152.6200,153.3000,30276354,1.000000
2019-01-23,aapl,154.1500,155.1400,151.7000,153.9200,23048643,1.000000
2019-01-24,aapl,154.1100,154.4800,151.7400,152.7000,25420334,1.000000
2019-01-25,aapl,155.4800,158.1300,154.3200,157.7600,33511610,1.000000
2019-01-28,aapl,155.7900,156.3300,153.6600,156.3000,26149638,1.000000
2019-01-29,aapl,156.2500,158.1300,154.1100,154.6800,40578459,1.000000
2019-01-30,aapl,163.2500,166.1500,160.2300,165.2500,60923800,1.000000
2019-01-31,aapl,166.1100,169.0000,164.5600,166.4400,40628758,1.000000
2019-02-01,aapl,166.9600,168.9800,165.9300,166.5200,32646154,1.000000
2019-02-04,aapl,167.4100,171.6550,167.2800,171.2500,31392898,1.000000
2019-02-05,aapl,172.8600,175.0800,172.3500,174.1800,36060469,1.000000
2019-02-06,aapl,174.6500,175.5700,172.8530,174.2400,28207113,1.000000
2019-02-07,aapl,172.4000,173.9400,170.3400,170.9400,31654651,1.000000
2019-02-08,aapl,168.9900,170.6600,168.4200,170.4100,23796600,1.000000
2019-02-11,aapl,171.0500,171.2100,169.2500,169.4300,20941062,1.000000
2019-02-12,aapl,170.1000,171.0000,169.7000,170.8900,22226519,1.000000
2019-02-13,aapl,171.3900,172.4800,169.9200,170.1800,22413444,1.000000
2019-02-14,aapl,169.7100,171.2620,169.3800,170.8000,21789653,1.000000
2019-02-15,aapl,171.2500,171.7000,169.7500,170.4200,24605058,1.000000
2019-02-19,aapl,169.7100,171.4400,169.4900,170.9300,18959122,1.000000
2019-02-20,aapl,171.1900,173.3200,170.9900,172.0300,26102232,1.000000
2019-02-21,aapl,171.8000,172.3700,170.3000,171.0600,17155938,1.000000
2019-02-22,aapl,171.5800,173.0000,171.3800,172.9700,18892215,1.000000
2019-02-25,aapl,174.1600,175.8700,173.9500,174.2300,21851370,1.000000
2019-02-26,aapl,173.7100,175.3000,173.1730,174.3300,16996345,1.000000
2019-02-27,aapl,173.2100,175.0000,172.7300,174.8700,27820913,1.000000
2019-02-28,aapl,174.3200,174.9100,172.9200,173.1500,28154902,1.000000
2019-03-01,aapl,174.2800,175.1500,172.8900,174.9700,25869957,1.000000
2019-03-04,aapl,175.6900,177.7500,173.9700,175.8500,27417029,1.000000
2019-03-05,aapl,175.9400,176.0000,174.5400,175.5300,19242250,1.000000
2019-03-06,aapl,174.6700,175.4900,173.9400,174.5200,20790497,1.000000
2019-03-07,aapl,173.8700,174.4400,172.0200,172.5000,24758689,1.000000
2019-03-08,aapl,170.3200,173.0700,169.5000,172.9100,23988598,1.000000
2019-03-11,aapl,175.4900,179.1200,175.3500,178.9000,31941496,1.000000
2019-03-12,aapl,180.0000,182.6700,179.3700,180.9100,32420382,1.000000
2019-03-13,aapl,182.2500,183.3000,180.9200,181.7100,30945948,1.000000
2019-03-14,aapl,183.9000,184.1000,182.5600,183.7300,23531030,1.000000
2019-03-15,aapl,184.8500,187.3300,183.7400,186.1200,39021168,1.000000
2019-03-18,aapl,185.8000,188.3900,185.7900,188.0200,26149181,1.000000
2019-03-19,aapl,188.3500,188.9900,185.9200,186.5300,31516425,1.000000
2019-03-20,aapl,186.2300,189.4900,184.7300,188.1600,31015250,1.000000
2019-03-21,aapl,190.0200,196.3300,189.8100,195.0900,50955329,1.000000
2019-03-22,aapl,195.3400,197.6900,190.7800,191.0500,42295129,1.000000
2019-03-25,aapl,191.5100,191.9800,186.6000,188.7400,43762002,1.000000
2019-03-26,aapl,191.6640,192.8800,184.5800,186.7900,49707413,1.000000
2019-03-27,aapl,188.7500,189.7600,186.5500,188.4700,29807401,1.000000
2019-03-28,aapl,188.9500,189.5590,187.5300,188.7200,20712228,1.000000
2019-03-29,aapl,189.8300,190.0800,188.5400,189.9500,23546247,1.000000
2019-04-01,aapl,191.6400,191.6800,188.3800,191.2400,27309892,1.000000
2019-04-02,aapl,191.0900,194.4600,191.0500,194.0200,22730640,1.000000
2019-04-03,aapl,193.2500,196.5000,193.1500,195.3500,23246066,1.000000
2019-04-04,aapl,194.7900,196.3700,193.1400,195.6900,19093309,1.000000
2019-04-05,aapl,196.4500,197.1000,195.9300,197.0000,18476416,1.000000
2019-04-08,aapl,196.4200,200.2300,196.3400,200.1000,25837552,1.000000
2019-04-09,aapl,200.3200,202.8500,199.2300,199.5000,35744327,1.000000
2019-04-10,aapl,198.6800,200.7400,198.1800,200.6200,21660659,1.000000
2019-04-11,aapl,200.8500,201.0000,198.4430,198.9500,20876691,1.000000
2019-04-12,aapl,199.2000,200.1400,196.2100,198.8700,27740027,1.000000
2019-04-15,aapl,198.5800,199.8500,198.0100,199.2300,17524467,1.000000
2019-04-16,aapl,199.4600,201.3700,198.5600,199.2500,25674673,1.000000
2019-04-17,aapl,199.5400,203.3800,198.6100,203.1300,28869403,1.000000
2019-04-18,aapl,203.1200,204.1500,202.5200,203.8600,24189575,1.000000
2019-04-22,aapl,202.8300,204.9400,202.3400,204.5300,17844999,1.000000
2019-04-23,aapl,204.4300,207.7500,203.9000,207.4800,23306301,1.000000
2019-04-24,aapl,207.3600,208.4800,207.0500,207.1600,17481686,1.000000
2019-04-25,aapl,206.8300,207.7600,205.1200,205.2800,18490040,1.000000
2019-04-26,aapl,204.9000,205.0000,202.1200,204.3000,18628190,1.000000
2019-04-29,aapl,204.4000,205.9700,203.8600,204.6100,22073555,1.000000
2019-04-30,aapl,203.0600,203.4000,199.1100,200.6700,45955251,1.000000
2019-05-01,aapl,209.8800,215.3100,209.2300,210.5200,64677420,1.000000
2019-05-02,aapl,209.8400,212.6500,208.1300,209.1500,31968974,1.000000
2019-05-03,aapl,210.8900,211.8400,210.2300,211.7500,20846874,1.000000
2019-05-06,aapl,204.2900,208.8400,203.5000,208.4800,32356193,1.000000
2019-05-07,aapl,205.8800,207.4180,200.8250,202.8600,38693319,1.000000
2019-05-08,aapl,201.9000,205.3400,201.7500,202.9000,26339504,1.000000
2019-05-09,aapl,200.4000,201.6800,196.6600,200.7200,34908607,1.000000
2019-05-10,aapl,197.4190,198.8500,192.7700,197.1800,41208712,1.000000
2019-05-13,aapl,187.7100,189.4800,182.8500,185.7200,57430623,1.000000
2019-05-14,aapl,186.4100,189.7000,185.4100,188.6600,36529677,1.000000
2019-05-15,aapl,186.2700,191.7500,186.0200,190.9200,26544718,1.000000
2019-05-16,aapl,189.9100,192.4690,188.8400,190.0800,33031364,1.000000
2019-05-17,aapl,186.9300,190.9000,186.7600,189.0000,32879090,1.000000
2019-05-20,aapl,183.5200,184.3490,180.2840,183.0900,38612290,1.000000
2019-05-21,aapl,185.2200,188.0000,184.7000,186.6000,28364848,1.000000
2019-05-22,aapl,184.6600,185.7100,182.5500,182.7800,29748556,1.000000
2019-05-23,aapl,179.8000,180.5400,177.8100,179.6600,36529736,1.000000
2019-05-24,aapl,180.2000,182.1400,178.6200,178.9700,23714686,1.000000
2019-05-28,aapl,178.9200,180.5900,177.9100,178.2300,27948160,1.000000
2019-05-29,aapl,176.4200,179.3500,176.0000,177.3800,28481165,1.000000
2019-05-30,aapl,177.9500,179.2300,176.6700,178.3000,21218412,1.000000
2019-05-31,aapl,176.2300,177.9900,174.9900,175.0700,27043584,1.000000
2019-06-03,aapl,175.6000,177.9200,170.2700,173.3000,40396069,1.000000
2019-06-04,aapl,175.4400,179.8300,174.5200,179.6400,30967961,1.000000
2019-06-05,aapl,184.2800,184.9900,181.1400,182.5400,29773427,1.000000
2019-06-06,aapl,183.0800,185.4700,182.1490,185.2200,22526311,1.000000
2019-06-07,aapl,186.5100,191.9200,185.7700,190.1500,30684393,1.000000
2019-06-10,aapl,191.8100,195.3700,191.6200,192.5800,26220851,1.000000
2019-06-11,aapl,194.8600,196.0000,193.6000,194.8100,26932882,1.000000
2019-06-12,aapl,193.9500,195.9700,193.3850,194.1900,18253189,1.000000
2019-06-13,aapl,194.7000,196.7900,193.6000,194.1500,21674625,1.000000
2019-06-14,aapl,191.5450,193.5860,190.3000,192.7400,18761474,1.000000
2019-06-17,aapl,192.9000,194.9600,192.1700,193.8900,14669144,1.000000
2019-06-18,aapl,196.0500,200.2900,195.2100,198.4500,26551004,1.000000
2019-06-19,aapl,199.6800,199.8800,197.3100,197.8700,21124235,1.000000
2019-06-20,aapl,200.3700,200.6100,198.0300,199.4600,21513988,1.000000
2019-06-21,aapl,198.8000,200.8500,198.1500,198.7800,47800589,1.000000
2019-06-24,aapl,198.5400,200.1600,198.1700,198.5800,18220421,1.000000
2019-06-25,aapl,198.4300,199.2600,195.2900,195.5700,21070334,1.000000
2019-06-26,aapl,197.7700,200.9900,197.3500,199.8000,26067512,1.000000
2019-06-27,aapl,200.2900,201.5700,199.5700,199.7400,20899717,1.000000
2019-06-28,aapl,198.6800,199.4950,197.0500,197.9200,31110642,1.000000
2019-07-01,aapl,203.1700,204.4900,200.6500,201.5500,27316739,1.000000
2019-07-02,aapl,201.4100,203.1320,201.3600,202.7300,16935217,1.000000
2019-07-03,aapl,203.2800,204.4400,202.6900,204.4100,11362045,1.000000
2019-07-05,aapl,203.3500,205.0800,202.9000,204.2300,17265518,1.000000
2019-07-08,aapl,200.8100,201.4000,198.4100,200.0200,25338628,1.000000
2019-07-09,aapl,199.2000,201.5100,198.8100,201.2400,20578015,1.000000
2019-07-10,aapl,201.8500,203.7300,201.5600,203.2300,17897138,1.000000
2019-07-11,aapl,203.3100,204.3900,201.7100,201.7500,20191842,1.000000
2019-07-12,aapl,202.4500,204.0000,202.2000,203.3000,17595212,1.000000
2019-07-15,aapl,204.0900,205.8700,204.0000,205.2100,16947420,1.000000
2019-07-16,aapl,204.5900,206.1100,203.5000,204.5000,16866816,1.000000
2019-07-17,aapl,204.0500,205.0920,203.2700,203.3500,14107450,1.000000
2019-07-18,aapl,204.0000,205.8800,203.7000,205.6600,18582161,1.000000
2019-07-19,aapl,205.7900,206.5000,202.3600,202.5900,20929307,1.000000
2019-07-22,aapl,203.6500,207.2300,203.6100,207.2200,22277932,1.000000
2019-07-23,aapl,208.4600,208.9100,207.2900,208.8400,18355210,1.000000
2019-07-24,aapl,207.6700,209.1500,207.1700,208.6700,14991567,1.000000
2019-07-25,aapl,208.8900,209.2400,206.7300,207.0200,13909562,1.000000
2019-07-26,aapl,207.4800,209.7300,207.1400,207.7400,17618874,1.000000
2019-07-29,aapl,208.4600,210.6400,208.4400,209.6800,21673389,1.000000
2019-07-30,aapl,208.7600,210.1600,207.3100,208.7800,33935718,1.000000
2019-07-31,aapl,216.4200,221.3700,211.3000,213.0400,69281361,1.000000
2019-08-01,aapl,213.9000,218.0300,206.7440,208.4300,54017922,1.000000
2019-08-02,aapl,205.5300,206.4300,201.6300,204.0200,40862122,1.000000
2019-08-05,aapl,197.9900,198.6490,192.5800,193.3400,52392969,1.000000
2019-08-06,aapl,196.3100,198.0670,194.0400,197.0000,35824787,1.000000
2019-08-07,aapl,195.4100,199.5600,193.8200,199.0400,33364400,1.000000
2019-08-08,aapl,200.2000,203.5300,199.3900,203.4300,27009523,1.000000
2019-08-09,aapl,201.3000,202.7600,199.2900,200.9900,24619746,1.000000
2019-08-12,aapl,199.6200,202.0520,199.1500,200.4800,22481889,1.000000
2019-08-13,aapl,201.0200,212.1400,200.8300,208.9700,47539786,1.000000
2019-08-14,aapl,203.1600,206.4400,202.5870,202.7500,36547443,1.000000
2019-08-15,aapl,203.4600,205.1400,199.6700,201.7400,27883363,1.000000
2019-08-16,aapl,204.2800,207.1600,203.8400,206.5000,28813624,1.000000
2019-08-19,aapl,210.6200,212.7310,210.0250,210.3500,24431915,1.000000
2019-08-20,aapl,210.8800,213.3500,210.3200,210.3600,26919529,1.000000
2019-08-21,aapl,212.9900,213.6500,211.6030,212.6400,21564747,1.000000
2019-08-22,aapl,213.1900,214.4350,210.7500,212.4600,22267819,1.000000
2019-08-23,aapl,209.4300,212.0510,201.0000,202.6400,46882843,1.000000
2019-08-26,aapl,205.8600,207.1900,205.0570,206.4900,26066130,1.000000
2019-08-27,aapl,207.8600,208.5500,203.5300,204.1600,25897344,1.000000
2019-08-28,aapl,204.1000,205.7200,203.3200,205.5300,15957632,1.000000
2019-08-29,aapl,208.5000,209.3200,206.6550,209.0100,21007652,1.000000
2019-08-30,aapl,210.1600,210.4500,207.2000,208.7400,21162561,1.000000
2019-09-03,aapl,206.4300,206.9800,204.2200,205.7000,20059574,1.000000
2019-09-04,aapl,208.3900,209.4800,207.3200,209.1900,19216820,1.000000
2019-09-05,aapl,212.0000,213.9700,211.5100,213.2800,23946984,1.000000
2019-09-06,aapl,214.0500,214.4200,212.5100,213.2600,19362294,1.000000
2019-09-09,aapl,214.8400,216.4400,211.0700,214.1700,27309401,1.000000
2019-09-10,aapl,213.8600,216.7800,211.7100,216.7000,31777931,1.000000
2019-09-11,aapl,218.0700,223.7100,217.7300,223.5900,44289646,1.000000
2019-09-12,aapl,224.8000,226.4200,222.8600,223.0850,32226669,1.000000
2019-09-13,aapl,220.0000,220.7900,217.0200,218.7500,39763296,1.000000
2019-09-16,aapl,217.7300,220.1300,217.5600,219.9000,21158141,1.000000
2019-09-17,aapl,219.9600,220.8200,219.1200,220.7000,18386468,1.000000
2019-09-18,aapl,221.0600,222.8500,219.4400,222.7700,25643093,1.000000
2019-09-19,aapl,222.0100,223.7600,220.3700,220.9600,22187876,1.000000
2019-09-20,aapl,221.3800,222.5600,217.4730,217.7300,57977094,1.000000
2019-09-23,aapl,218.9500,219.8400,217.6500,218.7200,19419648,1.000000
2019-09-24,aapl,221.0300,222.4900,217.1900,217.6800,31434367,1.000000
2019-09-25,aapl,218.5500,221.5000,217.1400,221.0300,22481006,1.000000
2019-09-26,aapl,220.0000,220.9400,218.8300,219.8900,19088312,1.000000
2019-09-27,aapl,220.5400,220.9600,217.2810,218.8200,25361285,1.000000
2019-09-30,aapl,220.9000,224.5800,220.7900,223.9700,26318583,1.000000
2019-10-01,aapl,225.0700,228.2200,224.2000,224.5900,36187163,1.000000
2019-10-02,aapl,223.0600,223.5800,217.9300,218.9600,35767257,1.000000
2019-10-03,aapl,218.4300,220.9600,215.1320,220.8200,30352686,1.000000
2019-10-04,aapl,225.6400,227.4900,223.8900,227.0100,34755553,1.000000
2019-10-07,aapl,226.2700,229.9300,225.8400,227.0600,30889269,1.000000
2019-10-08,aapl,225.8200,228.0600,224.3300,224.4000,29282700,1.000000
2019-10-09,aapl,227.0300,227.7900,225.6400,227.0300,19029424,1.000000
2019-10-10,aapl,227.9300,230.4400,227.3000,230.0900,28962984,1.000000
2019-10-11,aapl,232.9500,237.6400,232.3080,236.2100,41990210,1.000000
2019-10-14,aapl,234.9000,238.1340,234.6700,235.8700,24413484,1.000000
2019-10-15,aapl,236.3900,237.6500,234.8800,235.3200,23040483,1.000000
2019-10-16,aapl,233.3700,235.2400,233.2000,234.3700,19286694,1.000000
2019-10-17,aapl,235.0900,236.1500,233.5200,235.2800,17272897,1.000000
2019-10-18,aapl,234.5900,237.5800,234.2900,236.4100,24377166,1.000000
2019-10-21,aapl,237.5200,240.9900,237.3200,240.5100,22367483,1.000000
2019-10-22,aapl,241.1600,242.2000,239.6220,239.9600,22684001,1.000000
2019-10-23,aapl,242.1000,243.2400,241.2200,243.1800,19932545,1.000000
2019-10-24,aapl,244.5100,244.8000,241.8050,243.5800,17916255,1.000000
2019-10-25,aapl,243.1600,246.7300,242.8800,246.5800,18369296,1.000000
2019-10-28,aapl,247.4200,249.2500,246.7200,249.0500,24143241,1.000000
2019-10-29,aapl,248.9700,249.7500,242.5700,243.2900,35709867,1.000000
2019-10-30,aapl,244.7600,245.3000,241.2100,243.2600,31130522,1.000000
2019-10-31,aapl,247.2400,249.1700,237.2600,248.7600,34790520,1.000000
2019-11-01,aapl,249.5400,255.9300,249.1600,255.8200,37781334,1.000000
2019-11-04,aapl,257.3300,257.8450,255.3800,257.5000,25817952,1.000000
2019-11-05,aapl,257.0500,258.1900,256.3200,257.1300,19974427,1.000000
2019-11-06,aapl,256.7700,257.4900,255.3650,257.2400,18966124,1.000000
2019-11-07,aapl,258.7400,260.3500,258.1100,259.4300,23735083,1.000000
2019-11-08,aapl,258.6900,260.4400,256.8500,260.1400,17520495,1.000000
2019-11-11,aapl,258.3000,262.4700,258.2800,262.2000,20507459,1.000000
2019-11-12,aapl,261.5500,262.7900,260.9200,261.9600,21847226,1.000000
2019-11-13,aapl,261.1300,264.7800,261.0700,264.4700,25817593,1.000000
2019-11-14,aapl,263.7500,264.8800,262.1000,262.6400,22395556,1.000000
2019-11-15,aapl,263.6800,265.7800,263.0100,265.7600,25093666,1.000000
2019-11-18,aapl,265.8000,267.4300,264.2300,267.1000,21700897,1.000000
2019-11-19,aapl,267.9000,268.0000,265.3930,266.2900,19069597,1.000000
2019-11-20,aapl,265.5400,266.0830,260.4000,263.1900,26609919,1.000000
2019-11-21,aapl,263.6900,264.0050,261.1800,262.0100,30348778,1.000000
2019-11-22,aapl,262.5900,263.1800,260.8400,261.7800,16331263,1.000000
2019-11-25,aapl,262.7100,266.4400,262.5200,266.3700,21029517,1.000000
2019-11-26,aapl,266.9400,267.1600,262.5000,264.2900,26334882,1.000000
2019-11-27,aapl,265.5800,267.9800,265.3100,267.8400,16386122,1.000000
2019-11-29,aapl,266.6000,268.0000,265.9000,267.2500,11654363,1.000000
2019-12-02,aapl,267.2700,268.2500,263.4500,264.1600,23693550,1.000000
2019-12-03,aapl,258.3100,259.5300,256.2900,259.4500,29377268,1.000000
2019-12-04,aapl,261.0700,263.3100,260.6800,261.7400,16810388,1.000000
2019-12-05,aapl,263.7900,265.8900,262.7300,265.5800,18661343,1.000000
2019-12-06,aapl,267.4800,271.0000,267.3000,270.7100,26547493,1.000000
2019-12-09,aapl,270.0000,270.8000,264.9100,266.9200,32182645,1.000000
2019-12-10,aapl,268.6000,270.0700,265.8600,268.4800,22632383,1.000000
2019-12-11,aapl,268.8100,271.1000,268.5000,270.7700,19723391,1.000000
2019-12-12,aapl,267.7800,272.5600,267.3210,271.4600,34437042,1.000000
2019-12-13,aapl,271.4600,275.3000,270.9300,275.1500,33432806,1.000000
2019-12-16,aapl,277.0000,280.7900,276.9800,279.8600,32081105,1.000000
2019-12-17,aapl,279.5700,281.7700,278.8000,280.4100,28575798,1.000000
2019-12-18,aapl,279.8000,281.9000,279.1200,279.7400,29024687,1.000000
2019-12-19,aapl,279.5000,281.1800,278.9500,280.0200,24626947,1.000000
2019-12-20,aapl,282.2300,282.6500,278.5600,279.4400,69032743,1.000000
2019-12-23,aapl,280.5300,284.2500,280.3740,284.0000,24677883,1.000000
2019-12-24,aapl,284.6900,284.8900,282.9200,284.2700,12119714,1.000000
2019-12-26,aapl,284.8200,289.9800,284.7000,289.9100,23334004,1.000000
2019-12-27,aapl,291.1200,293.9700,288.1200,289.8000,36592936,1.000000
2019-12-30,aapl,289.4600,292.6900,285.2200,291.5200,36059614,1.000000
2019-12-31,aapl,289.9300,293.6800,289.5200,293.6500,25247625,1.000000
2020-01-02,aapl,296.2400,300.6000,295.1900,300.3500,33911864,1.000000
2020-01-03,aapl,297.1500,300.5800,296.5000,297.4300,36633878,1.000000
2020-01-06,aapl,293.7900,299.9600,292.7500,299.8000,29644644,1.000000
2020-01-07,aapl,299.8400,300.9000,297.4800,298.3900,27877655,1.000000
2020-01-08,aapl,297.1600,304.4400,297.1560,303.1900,33090946,1.000000
2020-01-09,aapl,307.2350,310.4300,306.2000,309.6300,42621542,1.000000
2020-01-10,aapl,310.6000,312.6700,308.2500,310.3300,35217272,1.000000
2020-01-13,aapl,311.6400,317.0700,311.1500,316.9600,30521722,1.000000
2020-01-14,aapl,316.7000,317.5700,312.1700,312.6800,40653457,1.000000
2020-01-15,aapl,311.8500,315.5000,309.5500,311.3400,30480882,1.000000
2020-01-16,aapl,313.5900,315.7000,312.0900,315.2400,27207254,1.000000
2020-01-17,aapl,316.2700,318.7400,315.0000,318.7300,34454117,1.000000
2020-01-21,aapl,317.1900,319.0200,316.0000,316.5700,27710814,1.000000
2020-01-22,aapl,318.5800,319.9900,317.3100,317.7000,25458115,1.000000
2020-01-23,aapl,317.9200,319.5600,315.6500,319.2300,26117993,1.000000
2020-01-24,aapl,320.2500,323.3300,317.5190,318.3100,36634380,1.000000
2020-01-27,aapl,310.0600,311.7700,304.8800,308.9500,40485005,1.000000
2020-01-28,aapl,312.6000,318.4000,312.1900,317.6900,40558486,1.000000
2020-01-29,aapl,324.4500,327.8500,321.3800,324.3400,54149928,1.000000
2020-01-30,aapl,320.5440,324.0900,318.7500,323.8700,31685808,1.000000
2020-01-31,aapl,320.9300,322.6800,308.2900,309.5100,49897096,1.000000
2020-02-03,aapl,304.3000,313.4900,302.2200,308.6600,43496401,1.000000
2020-02-04,aapl,315.3100,319.6400,313.6350,318.8500,34154134,1.000000
2020-02-05,aapl,323.5200,324.7600,318.9500,321.4500,29706718,1.000000
2020-02-06,aapl,322.5700,325.2200,320.2650,325.2100,26356385,1.000000
2020-02-07,aapl,322.3700,323.4000,318.0000,320.0300,29421012,1.000000
2020-02-10,aapl,314.1800,321.5500,313.8500,321.5500,27337215,1.000000
2020-02-11,aapl,323.6000,323.9000,318.7100,319.6100,23580780,1.000000
2020-02-12,aapl,321.4700,327.2200,321.4700,327.2000,28432573,1.000000
2020-02-13,aapl,324.1900,326.2200,323.3500,324.8700,23686892,1.000000
2020-02-14,aapl,324.7400,325.9800,322.8500,324.9500,20028447,1.000000
2020-02-18,aapl,315.3600,319.7500,314.6100,319.0000,38190545,1.000000
2020-02-19,aapl,320.0000,324.5700,320.0000,323.6200,23495991,1.000000
2020-02-20,aapl,322.6300,324.6500,318.2100,320.3000,25141489,1.000000
2020-02-21,aapl,318.6200,320.4500,310.5000,313.0500,32426415,1.000000
2020-02-24,aapl,297.2600,304.1800,289.2300,298.1800,55548828,1.000000
2020-02-25,aapl,300.9500,302.5300,286.1300,288.0800,57668364,1.000000
2020-02-26,aapl,286.5300,297.8800,286.5000,292.6500,49678431,1.000000
2020-02-27,aapl,281.1000,286.0000,272.9600,273.5200,80151381,1.000000
2020-02-28,aapl,257.2600,278.4100,256.3700,273.3600,106721230,1.000000
2020-03-02,aapl,282.2800,301.4400,277.7200,298.8100,85349339,1.000000
2020-03-03,aapl,303.6700,304.0000,285.8000,289.3200,79868852,1.000000
2020-03-04,aapl,296.4400,303.4000,293.1300,302.7400,54794568,1.000000
2020-03-05,aapl,295.5200,299.5500,291.4100,292.9200,46893219,1.000000
2020-03-06,aapl,282.0000,290.8200,281.2300,289.0300,56544246,1.000000
2020-03-09,aapl,263.7500,278.0900,263.0000,266.1700,71686208,1.000000
2020-03-10,aapl,277.1400,286.4400,269.3700,285.3400,71322520,1.000000
2020-03-11,aapl,277.3900,281.2200,271.8600,275.4300,64094970,1.000000
2020-03-12,aapl,255.9400,270.0000,248.0000,248.2300,104618517,1.000000
2020-03-13,aapl,264.8900,279.9200,252.9500,277.9700,92683032,1.000000
2020-03-16,aapl,241.9500,259.0800,240.0000,242.2100,80605865,1.000000
2020-03-17,aapl,247.5100,257.6100,238.4000,252.8600,81013965,1.000000
2020-03-18,aapl,239.7700,250.0000,237.1200,246.6700,75058406,1.000000
2020-03-19,aapl,247.3850,252.8400,242.6100,244.7800,67964255,1.000000
2020-03-20,aapl,247.1800,251.8300,228.0000,229.2400,100423346,1.000000
2020-03-23,aapl,228.0800,228.5000,212.6100,224.3700,84188208,1.000000
2020-03-24,aapl,236.3600,247.6900,234.3000,246.8800,71882773,1.000000
2020-03-25,aapl,250.7500,258.2500,244.3000,245.5200,75900510,1.000000
2020-03-26,aapl,246.5200,258.6800,246.3600,258.4400,63140169,1.000000
2020-03-27,aapl,252.7500,255.8700,247.0500,247.7400,51054153,1.000000
2020-03-30,aapl,250.7400,255.5200,249.4000,254.8100,41994110,1.000000
2020-03-31,aapl,255.6000,262.4900,252.0000,254.2900,49250501,1.000000
2020-04-01,aapl,246.5000,248.7200,239.1300,240.9100,44054638,1.000000
2020-04-02,aapl,240.3400,245.1500,236.9000,244.9300,41483493,1.000000
2020-04-03,aapl,242.8000,245.7000,238.9740,241.4100,32470017,1.000000
2020-04-06,aapl,250.9000,263.1100,249.3800,262.4700,50455071,1.000000
2020-04-07,aapl,270.8000,271.7000,259.0000,259.4300,50721831,1.000000
2020-04-08,aapl,262.7400,267.3700,261.2300,266.0700,42223821,1.000000
2020-04-09,aapl,268.7000,270.0700,264.7000,267.9900,40529123,1.000000
2020-04-13,aapl,268.3100,273.7000,265.8300,273.2500,32755731,1.000000
2020-04-14,aapl,280.0000,288.2500,278.0500,287.0500,48748672,1.000000
2020-04-15,aapl,282.4000,286.3300,280.6300,284.4300,32788641,1.000000
2020-04-16,aapl,287.3800,288.1980,282.3500,286.6900,39281290,1.000000
2020-04-17,aapl,284.6900,286.9450,276.8600,282.8000,53812478,1.000000
2020-04-20,aapl,277.9500,281.6800,276.8500,276.9300,32503750,1.000000
2020-04-21,aapl,276.2800,277.2500,265.4300,268.3700,45247893,1.000000
2020-04-22,aapl,273.6100,277.9000,272.2000,276.1000,29264342,1.000000
2020-04-23,aapl,275.8700,281.7500,274.8700,275.0300,31203582,1.000000
2020-04-24,aapl,277.2000,283.0100,277.0000,282.9700,31627183,1.000000
2020-04-27,aapl,281.8000,284.5400,279.9500,283.1700,29271893,1.000000
2020-04-28,aapl,285.0800,285.8300,278.2000,278.5800,28001187,1.000000
2020-04-29,aapl,284.7300,289.6700,283.8900,287.7300,34320204,1.000000
2020-04-30,aapl,289.9600,294.5300,288.3500,293.8000,45765968,1.000000
2020-05-01,aapl,286.2500,299.0000,285.8500,289.0700,60154175,1.000000
2020-05-04,aapl,289.1700,293.6900,286.3170,293.1600,33391986,1.000000
2020-05-05,aapl,295.0600,301.0000,294.4600,297.5600,36937795,1.000000
2020-05-06,aapl,300.4600,303.2400,298.8700,300.6300,35583438,1.000000
2020-05-07,aapl,303.2200,305.1700,301.9700,303.7400,28803764,1.000000
2020-05-08,aapl,305.6400,310.3500,304.2900,310.1300,33511985,1.000000
2020-05-11,aapl,308.1000,317.0500,307.2400,315.0100,36486561,1.000000
2020-05-12,aapl,317.8300,319.6880,310.9100,311.4100,40575263,1.000000
2020-05-13,aapl,312.1500,315.9500,303.2100,307.6500,50155639,1.000000
2020-05-14,aapl,304.5100,309.7900,301.5300,309.5400,39732269,1.000000
2020-05-15,aapl,300.3500,307.9000,300.2100,307.7100,41587094,1.000000
2020-05-18,aapl,313.1700,316.5000,310.3240,314.9600,33843125,1.000000
2020-05-19,aapl,315.0300,318.5200,313.0100,313.1400,25432385,1.000000
2020-05-20,aapl,316.6800,319.5200,316.2000,319.2300,27876215,1.000000
2020-05-21,aapl,318.6600,320.8900,315.8700,316.8500,25672211,1.000000
2020-05-22,aapl,315.7700,319.2300,315.3500,318.8900,20450754,1.000000
2020-05-26,aapl,323.5000,324.2400,316.5000,316.7300,31380454,1.000000
2020-05-27,aapl,316.1400,318.7100,313.0900,318.1100,28236274,1.000000
2020-05-28,aapl,316.7700,323.4400,315.6300,318.2500,33449103,1.000000
2020-05-29,aapl,319.2500,321.1500,316.4700,317.9400,38399532,1.000000
2020-06-01,aapl,317.7500,322.3500,317.2100,321.8500,20254653,1.000000
2020-06-02,aapl,320.7450,323.4400,318.9300,323.3400,21910704,1.000000
2020-06-03,aapl,324.6600,326.2000,322.3000,325.1200,26122804,1.000000
2020-06-04,aapl,324.3900,325.6200,320.7800,322.3200,21890091,1.000000
2020-06-05,aapl,323.3500,331.7500,323.2300,331.5000,34312550,1.000000
2020-06-08,aapl,330.2500,333.6000,327.3200,333.4600,23913634,1.000000
2020-06-09,aapl,332.1400,345.6100,332.0100,343.9900,36928091,1.000000
2020-06-10,aapl,347.9000,354.7700,346.0900,352.8400,41662938,1.000000
2020-06-11,aapl,349.3100,351.0600,335.4800,335.9000,50415613,1.000000
2020-06-12,aapl,344.7200,347.8000,334.2230,338.8000,50036513,1.000000
2020-06-15,aapl,333.2500,345.6800,332.5800,342.9900,34702230,1.000000
2020-06-16,aapl,351.4600,353.2000,344.7200,352.0800,41357182,1.000000
2020-06-17,aapl,355.1500,355.4000,351.0900,351.5900,28601626,1.000000
2020-06-18,aapl,351.4100,353.4500,349.2200,351.7300,24205096,1.000000
2020-06-19,aapl,354.6350,356.5600,345.1500,349.7200,66118952,1.000000
2020-06-22,aapl,351.3400,359.4600,351.1500,358.8700,33861316,1.000000
2020-06-23,aapl,364.0000,372.3800,362.2700,366.5300,53038869,1.000000
2020-06-24,aapl,365.0000,368.7900,358.5200,360.0600,48155849,1.000000
2020-06-25,aapl,360.7000,365.0000,357.5700,364.8400,34380628,1.000000
2020-06-26,aapl,364.4100,365.3200,353.0200,353.6300,51314211,1.000000
2020-06-29,aapl,353.2500,362.1740,351.2800,361.7800,32661519,1.000000
2020-06-30,aapl,360.0800,365.9800,360.0000,364.8000,35055821,1.000000
2020-07-01,aapl,365.1200,367.3600,363.9100,364.1100,27684309,1.000000
2020-07-02,aapl,367.8500,370.4700,363.6400,364.1100,28510367,1.000000
2020-07-06,aapl,370.0000,375.7800,369.8700,373.8500,29663913,1.000000
2020-07-07,aapl,375.4100,378.6200,372.2300,372.6900,28106114,1.000000
2020-07-08,aapl,376.7200,381.5000,376.3600,381.3700,29272970,1.000000
2020-07-09,aapl,385.0500,385.2700,378.6900,382.7300,31410652,1.000000
2020-07-10,aapl,381.3400,383.9200,378.8210,383.6800,22564330,1.000000
2020-07-13,aapl,389.0600,399.8200,381.0300,381.9100,47912285,1.000000
2020-07-14,aapl,379.3600,389.0200,375.5100,388.2300,42747341,1.000000
2020-07-15,aapl,395.9600,396.9900,385.9600,390.9000,38299483,1.000000
2020-07-16,aapl,386.2500,389.6200,383.6200,386.0900,27644418,1.000000
2020-07-17,aapl,387.9500,388.5900,383.3600,385.3100,23046725,1.000000
2020-07-20,aapl,385.6650,394.0000,384.2500,393.4300,22579477,1.000000
2020-07-21,aapl,396.6900,397.0000,386.9700,388.0000,25911459,1.000000
2020-07-22,aapl,386.7700,391.9000,386.4100,389.0900,22250413,1.000000
2020-07-23,aapl,387.9940,388.3100,368.0390,371.3800,49251108,1.000000
2020-07-24,aapl,363.9500,371.8800,356.5800,370.4600,46359716,1.000000
2020-07-27,aapl,374.8400,379.6200,373.9200,379.2400,30303548,1.000000
2020-07-28,aapl,377.4700,378.1990,372.9900,373.0100,25906375,1.000000
2020-07-29,aapl,375.0000,380.9200,374.8500,380.1600,22582314,1.000000
2020-07-30,aapl,376.7500,385.1900,375.0700,384.7600,39532505,1.000000
2020-07-31,aapl,411.5350,425.6600,403.3000,425.0400,93573867,1.000000
2020-08-03,aapl,432.8000,446.5460,431.5700,435.7500,77037847,1.000000
2020-08-04,aapl,436.5300,443.1600,433.5500,438.6600,43198092,1.000000
2020-08-05,aapl,437.5100,441.5700,435.5900,440.2500,30497988,1.000000
2020-08-06,aapl,441.6200,457.6500,439.1900,455.6100,50607225,1.000000
2020-08-07,aapl,452.8200,454.7000,441.1700,444.4500,49511403,1.000000
2020-08-10,aapl,450.4000,455.1000,440.0000,450.9100,53100856,1.000000
2020-08-11,aapl,447.8750,449.9300,436.4270,437.5000,46975594,1.000000
2020-08-12,aapl,441.9900,453.1000,441.1900,452.0400,41486205,1.000000
2020-08-13,aapl,457.7200,464.1700,455.7100,460.0400,52520516,1.000000
2020-08-14,aapl,459.3150,460.0000,452.1800,459.6300,41391302,1.000000
2020-08-17,aapl,464.2500,464.3500,455.8500,458.4300,29890361,1.000000
2020-08-18,aapl,457.4100,464.0000,456.0300,462.2500,26408385,1.000000
2020-08-19,aapl,463.9330,468.6500,462.4400,462.8300,36384502,1.000000
2020-08-20,aapl,463.0000,473.5680,462.9340,473.1000,31726797,1.000000
2020-08-21,aapl,477.0500,499.4720,477.0000,497.4800,84513660,1.000000
2020-08-24,aapl,514.7900,515.1400,495.7450,503.4300,86484442,1.000000
2020-08-25,aapl,498.7900,500.7170,492.2100,499.3000,52873947,1.000000
2020-08-26,aapl,504.7170,507.9700,500.3300,506.0900,40755567,1.000000
2020-08-27,aapl,508.5700,509.9400,495.3300,500.0400,38888096,1.000000
2020-08-28,aapl,504.0500,505.7700,498.3100,499.2300,46907479,1.000000
2020-08-31,aapl,127.5800,131.0000,126.0000,129.0400,225702688,1.000000
2020-09-01,aapl,132.7600,134.8000,130.5300,134.1800,152470142,1.000000
2020-09-02,aapl,137.5900,137.9800,127.0000,131.4000,200118991,1.000000
2020-09-03,aapl,126.9100,128.8400,120.5000,120.8800,257599640,1.000000
2020-09-04,aapl,120.0700,123.7000,110.8900,120.9600,332607163,1.000000
2020-09-08,aapl,113.9500,118.9900,112.6800,112.8200,231366563,1.000000
2020-09-09,aapl,117.2600,119.1400,115.2600,117.3200,176940455,1.000000
2020-09-10,aapl,120.3600,120.5000,112.5000,113.4900,182274391,1.000000
2020-09-11,aapl,114.5700,115.2300,110.0000,112.0000,180860325,1.000000
2020-09-14,aapl,114.7200,115.9300,112.8000,115.3600,140150087,1.000000
2020-09-15,aapl,118.3300,118.8300,113.6100,115.5400,184642039,1.000000
2020-09-16,aapl,115.2300,116.0000,112.0400,112.1300,155026675,1.000000
2020-09-17,aapl,109.7200,112.2000,108.7100,110.3400,178010968,1.000000
2020-09-18,aapl,110.4000,110.8800,106.0900,106.8400,287104882,1.000000
2020-09-21,aapl,104.5400,110.1900,103.1000,110.0800,195713815,1.000000
2020-09-22,aapl,112.6800,112.8600,109.1600,111.8100,183055373,1.000000
2020-09-23,aapl,111.6200,112.1100,106.7700,107.1200,150718671,1.000000
2020-09-24,aapl,105.1700,110.2500,105.0000,108.2200,167743349,1.000000
2020-09-25,aapl,108.4300,112.4400,107.6700,112.2800,149981441,1.000000
2020-09-28,aapl,115.0100,115.3200,112.7800,114.9600,137672403,1.000000
2020-09-29,aapl,114.5500,115.3100,113.5700,114.0900,100060526,1.000000
2020-09-30,aapl,113.7900,117.2600,113.6200,115.8100,142675184,1.000000
2020-10-01,aapl,117.6400,117.7200,115.8300,116.7900,116120440,1.000000
2020-10-02,aapl,112.8900,115.3700,112.2200,113.0200,144711986,1.000000
2020-10-05,aapl,113.9100,116.6500,113.5500,116.5000,106243839,1.000000
2020-10-06,aapl,115.7000,116.1200,112.2500,113.1600,161498212,1.000000
2020-10-07,aapl,114.6200,115.5500,114.1300,115.0800,96848985,1.000000
2020-10-08,aapl,116.2500,116.4000,114.5900,114.9700,83477153,1.000000
2020-10-09,aapl,115.2800,117.0000,114.9200,116.9700,100506865,1.000000
2020-10-12,aapl,120.0600,125.1800,119.2800,124.4000,240226769,1.000000
2020-10-13,aapl,125.2700,125.3900,119.6500,121.1000,262331451,1.000000
2020-10-14,aapl,121.0000,123.0300,119.6200,121.1900,151062308,1.000000
2020-10-15,aapl,118.7200,121.2000,118.1500,120.7100,112559219,1.000000
2020-10-16,aapl,121.2800,121.5500,118.8100,119.0200,115393808,1.000000
2020-10-19,aapl,119.9600,120.4200,115.6600,115.9800,120639337,1.000000
2020-10-20,aapl,116.2000,118.9800,115.6300,117.5100,124423728,1.000000
2020-10-21,aapl,116.6700,118.7100,116.4500,116.8700,89945980,1.000000
2020-10-22,aapl,117.4500,118.0400,114.5900,115.7500,101987954,1.000000
2020-10-23,aapl,116.3900,116.5500,114.2800,115.0400,82572645,1.000000
2020-10-26,aapl,114.0100,116.5500,112.8800,115.0500,111850657,1.000000
2020-10-27,aapl,115.4900,117.2800,114.5400,116.6000,92276772,1.000000
2020-10-28,aapl,115.0500,115.4300,111.1000,111.2000,143937823,1.000000
2020-10-29,aapl,112.3700,116.9300,112.2000,115.3200,146129173,1.000000
2020-10-30,aapl,111.0600,111.9900,107.7200,108.8600,190573476,1.000000
2020-11-02,aapl,109.1100,110.6800,107.3200,108.7700,122866899,1.000000
2020-11-03,aapl,109.6600,111.4900,108.7300,110.4400,107624448,1.000000
2020-11-04,aapl,114.1400,115.5900,112.3500,114.9500,138235482,1.000000
2020-11-05,aapl,117.9500,119.6200,116.8700,119.0300,126387074,1.000000
2020-11-06,aapl,118.3200,119.2000,116.1300,118.6900,114457922,1.000000
2020-11-09,aapl,120.5000,121.9900,116.0500,116.3200,154515315,1.000000
2020-11-10,aapl,115.5500,117.5900,114.1300,115.9700,138023390,1.000000
2020-11-11,aapl,117.1900,119.6300,116.4400,119.4900,112294954,1.000000
2020-11-12,aapl,119.6200,120.5300,118.5700,119.2100,103350674,1.000000
2020-11-13,aapl,119.4400,119.6700,117.8700,119.2600,81688586,1.000000
2020-11-16,aapl,118.9200,120.9900,118.1500,120.3000,91183018,1.000000
2020-11-17,aapl,119.5500,120.6700,118.9600,119.3900,74270973,1.000000
2020-11-18,aapl,118.6100,119.8200,118.0000,118.0300,76322111,1.000000
2020-11-19,aapl,117.5900,119.0600,116.8100,118.6400,74112972,1.000000
2020-11-20,aapl,118.6400,118.7700,117.2900,117.3400,73604287,1.000000
2020-11-23,aapl,117.1800,117.6200,113.7500,113.8500,127959318,1.000000
2020-11-24,aapl,113.9100,115.8500,112.5900,115.1700,113874218,1.000000
2020-11-25,aapl,115.5500,116.7500,115.1700,116.0300,76499234,1.000000
2020-11-27,aapl,116.5700,117.4900,116.2200,116.5900,46691331,1.000000
2020-11-30,aapl,116.9700,120.9700,116.8100,119.0500,169410176,1.000000
2020-12-01,aapl,121.0100,123.4700,120.0100,122.7200,128166803,1.000000
2020-12-02,aapl,122.0200,123.3700,120.8900,123.0800,89004195,1.000000
2020-12-03,aapl,123.5200,123.7800,122.2100,122.9400,78967630,1.000000
2020-12-04,aapl,122.6000,122.8600,121.5200,122.2500,78260421,1.000000
2020-12-07,aapl,122.3100,124.5700,122.2500,123.7500,86711990,1.000000
2020-12-08,aapl,124.3700,124.9800,123.0900,124.3800,82225512,1.000000
2020-12-09,aapl,124.5300,125.9500,121.0000,121.7800,115089193,1.000000
2020-12-10,aapl,120.5000,123.8700,120.1500,123.2400,81312170,1.000000
2020-12-11,aapl,122.4300,122.7600,120.5500,122.4100,86939786,1.000000
2020-12-14,aapl,122.6000,123.3500,121.5400,121.7800,79075988,1.000000
2020-12-15,aapl,124.3400,127.9000,124.1300,127.8800,157572262,1.000000
2020-12-16,aapl,127.4100,128.3700,126.5600,127.8100,98208591,1.000000
2020-12-17,aapl,128.9000,129.5800,128.0500,128.7000,94359811,1.000000
2020-12-18,aapl,128.9600,129.1000,126.1200,126.6600,192541496,1.000000
2020-12-21,aapl,125.0200,128.3100,123.4500,128.2300,121251553,1.000000
2020-12-22,aapl,131.6100,134.4100,129.6500,131.8800,169351825,1.000000
2020-12-23,aapl,132.1600,132.4300,130.7800,130.9600,88223692,1.000000
2020-12-24,aapl,131.3200,133.4600,131.1000,131.9700,54930064,1.000000
2020-12-28,aapl,133.9900,137.3400,133.5100,136.6900,124486237,1.000000
2020-12-29,aapl,138.0500,138.7900,134.3400,134.8700,121047324,1.000000
2020-12-30,aapl,135.5800,135.9900,133.4000,133.7200,96452124,1.000000
2020-12-31,aapl,134.0800,134.7400,131.7200,132.6900,99116586,1.000000
2021-01-04,aapl,133.5200,133.6100,126.7600,129.4100,143301887,1.000000
2021-01-05,aapl,128.8900,131.7400,128.4300,131.0100,97664898,1.000000
2021-01-06,aapl,127.7200,131.0500,126.3800,126.6000,155087970,1.000000
2021-01-07,aapl,128.3600,131.6300,127.8600,130.9200,109578157,1.000000
2021-01-08,aapl,132.4300,132.6300,130.2300,132.0500,105158245,1.000000
2021-01-11,aapl,129.1900,130.1700,128.5000,128.9800,100620880,1.000000
2021-01-12,aapl,128.5000,129.6900,126.8600,128.8000,91951145,1.000000
2021-01-13,aapl,128.7600,131.4500,128.4900,130.8900,88636831,1.000000
2021-01-14,aapl,130.8000,131.0000,128.7600,128.9100,90221755,1.000000
2021-01-15,aapl,128.7800,130.2200,127.0000,127.1400,111598531,1.000000
2021-01-19,aapl,127.7800,128.7100,126.9400,127.8300,90757329,1.000000
2021-01-20,aapl,128.6600,132.4900,128.5500,132.0300,104319489,1.000000
2021-01-21,aapl,133.8000,139.6700,133.5900,136.8700,120529544,1.000000
2021-01-22,aapl,136.2800,139.8500,135.0200,139.0700,114459360,1.000000
2021-01-25,aapl,143.0700,145.0900,136.5400,142.9200,157611713,1.000000
2021-01-26,aapl,143.6000,144.3000,141.3700,143.1600,98390555,1.000000
2021-01-27,aapl,143.4300,144.3000,140.4100,142.0600,140843759,1.000000
2021-01-28,aapl,139.5200,141.9900,136.7000,137.0900,142621128,1.000000
2021-01-29,aapl,135.8300,136.7400,130.2100,131.9600,177523812,1.000000
2021-02-01,aapl,133.7500,135.3800,130.9300,134.1400,106239823,1.000000
2021-02-02,aapl,135.7300,136.3100,134.6100,134.9900,83305367,1.000000
2021-02-03,aapl,135.7600,135.7700,133.6100,133.9400,89880937,1.000000
2021-02-04,aapl,136.3000,137.4000,134.5900,137.3900,84183061,1.000000
2021-02-05,aapl,137.3500,137.4200,135.8600,136.7600,75693830,1.000000
2021-02-08,aapl,136.0300,136.9600,134.9200,136.9100,71297214,1.000000
2021-02-09,aapl,136.6200,137.8800,135.8500,136.0100,76774213,1.000000
2021-02-10,aapl,136.4800,136.9900,134.4000,135.3900,73046563,1.000000
2021-02-11,aapl,135.9000,136.3900,133.7700,135.1300,64280029,1.000000
2021-02-12,aapl,134.3500,135.5300,133.6900,135.3700,60145130,1.000000
2021-02-16,aapl,135.4900,136.0100,132.7900,133.1900,80576316,1.000000
2021-02-17,aapl,131.2500,132.2200,129.4700,130.8400,98085249,1.000000
2021-02-18,aapl,129.2000,130.0000,127.4100,129.7100,96856748,1.000000
2021-02-19,aapl,130.2400,130.7100,128.8000,129.8700,87668834,1.000000
2021-02-22,aapl,128.0100,129.7200,125.6000,126.0000,103916419,1.000000
2021-02-23,aapl,123.7600,126.7100,118.3900,125.8600,158273022,1.000000
2021-02-24,aapl,124.9400,125.5600,122.2300,125.3500,111039904,1.000000
2021-02-25,aapl,124.6800,126.4600,120.5400,120.9900,148199540,1.000000
2021-02-26,aapl,122.5900,124.8500,121.2000,121.2600,164560394,1.000000
2021-03-01,aapl,123.7500,127.9300,122.7900,127.7900,116307892,1.000000
2021-03-02,aapl,128.4100,128.7200,125.0100,125.1200,102260945,1.000000
2021-03-03,aapl,124.8100,125.7100,121.8400,122.0600,112966340,1.000000
2021-03-04,aapl,121.7500,123.6000,118.6200,120.1300,178154975,1.000000
2021-03-05,aapl,120.9800,121.9400,117.5700,121.4200,153766601,1.000000
2021-03-08,aapl,120.9300,121.0000,116.2100,116.3600,154376610,1.000000
2021-03-09,aapl,119.0300,122.0600,118.7900,121.0900,129525780,1.000000
2021-03-10,aapl,121.6900,122.1700,119.4500,119.9800,111943326,1.000000
2021-03-11,aapl,122.5400,123.2100,121.2600,121.9600,103026528,1.000000
2021-03-12,aapl,120.4000,121.1700,119.1600,121.0300,88105050,1.000000
2021-03-15,aapl,121.4100,124.0000,120.4200,123.9900,92590555,1.000000
2021-03-16,aapl,125.7000,127.2200,124.7200,125.5700,115227936,1.000000
2021-03-17,aapl,124.0500,125.8600,122.3400,124.7600,111932636,1.000000
2021-03-18,aapl,122.8800,123.1800,120.3300,120.5300,121469830,1.000000
2021-03-19,aapl,119.9000,121.4300,119.6800,119.9900,185549522,1.000000
2021-03-22,aapl,120.3300,123.8700,120.2600,123.3900,111912284,1.000000
2021-03-23,aapl,123.3300,124.2400,122.1400,122.5400,95467142,1.000000
2021-03-24,aapl,122.8200,122.9000,120.0700,120.0900,88530485,1.000000
2021-03-25,aapl,119.5400,121.6600,119.0000,120.5900,98844681,1.000000
2021-03-26,aapl,120.3500,121.4800,118.9200,121.2100,94071234,1.000000
2021-03-29,aapl,121.6500,122.5800,120.7300,121.3900,80819203,1.000000
2021-03-30,aapl,120.1100,120.4000,118.8600,119.9000,85671919,1.000000
2021-03-31,aapl,121.6500,123.5200,121.1500,122.1500,118323826,1.000000
2021-04-01,aapl,123.6600,124.1800,122.4900,123.0000,75089134,1.000000
2021-04-05,aapl,123.8700,126.1600,123.0700,125.9000,88651215,1.000000
2021-04-06,aapl,126.5000,127.1300,125.6500,126.2100,80171253,1.000000
2021-04-07,aapl,125.8300,127.9200,125.1400,127.9000,83466716,1.000000
2021-04-08,aapl,128.9500,130.3900,128.5200,130.3600,88844591,1.000000
2021-04-09,aapl,129.8000,133.0400,129.4700,133.0000,106686703,1.000000
2021-04-12,aapl,132.5200,132.8500,130.6300,131.2400,91419983,1.000000
2021-04-13,aapl,132.4400,134.6600,131.9300,134.4300,91266545,1.000000
2021-04-14,aapl,134.9400,135.0000,131.6600,132.0300,87222782,1.000000
2021-04-15,aapl,133.8200,135.0000,133.6400,134.5000,89347102,1.000000
2021-04-16,aapl,134.3000,134.6700,133.2800,134.1600,84922386,1.000000
2021-04-19,aapl,133.5100,135.4700,133.3400,134.9400,94265007,1.000000
2021-04-20,aapl,135.0200,135.5300,131.8100,133.1100,94812349,1.000000
2021-04-21,aapl,132.3600,133.7500,131.3000,133.5000,68847136,1.000000
2021-04-22,aapl,133.0400,134.1500,131.4100,131.9400,84566456,1.000000
2021-04-23,aapl,132.1600,135.1200,132.1600,134.3200,78756779,1.000000
2021-04-26,aapl,134.8300,135.0600,133.5600,134.7200,66905069,1.000000
2021-04-27,aapl,135.0100,135.4100,134.1100,134.3900,66015804,1.000000
2021-04-28,aapl,134.3100,135.0200,133.0900,133.5800,107763392,1.000000
2021-04-29,aapl,136.4700,137.0700,132.4500,133.4800,151101053,1.000000
2021-04-30,aapl,131.7800,133.5600,131.0700,131.4600,109839466,1.000000
2021-05-03,aapl,132.0400,134.0700,131.8300,132.5400,75135100,1.000000
2021-05-04,aapl,131.1900,131.4900,126.7000,127.8500,137564718,1.000000
2021-05-05,aapl,129.2000,130.4500,127.9700,128.1000,84000900,1.000000
2021-05-06,aapl,127.8900,129.7500,127.1300,129.7400,78131336,1.000000
2021-05-07,aapl,130.8500,131.2600,129.4800,130.2100,78973273,1.000000
2021-05-10,aapl,129.4100,129.5400,126.8100,126.8500,88071229,1.000000
2021-05-11,aapl,123.5000,126.2700,122.7700,125.9100,126142826,1.000000
2021-05-12,aapl,123.4000,124.6400,122.2500,122.7700,112172282,1.000000
2021-05-13,aapl,124.5800,126.1500,124.2600,124.9700,105861339,1.000000
2021-05-14,aapl,126.2500,127.8800,125.8500,127.4500,81917959,1.000000
2021-05-17,aapl,126.8200,126.9300,125.1700,126.2700,74244624,1.000000
2021-05-18,aapl,126.5600,126.9900,124.7800,124.8500,63342929,1.000000
2021-05-19,aapl,123.1600,124.9200,122.8600,124.6900,92611989,1.000000
2021-05-20,aapl,125.2300,127.7200,125.1000,127.3100,76857123,1.000000
2021-05-21,aapl,127.8200,128.0000,125.2100,125.4300,79295436,1.000000
2021-05-24,aapl,126.0100,127.9400,125.9400,127.1000,63092945,1.000000
2021-05-25,aapl,127.8200,128.3200,126.3200,126.9000,72009482,1.000000
2021-05-26,aapl,126.9600,127.3900,126.4200,126.8500,56575920,1.000000
2021-05-27,aapl,126.4400,127.6400,125.0800,125.2800,94625601,1.000000
2021-05-28,aapl,125.5700,125.8000,124.5500,124.6100,71311109,1.000000
2021-06-01,aapl,125.0800,125.3500,123.9400,124.2800,67637118,1.000000
2021-06-02,aapl,124.2800,125.2400,124.0500,125.0600,59278862,1.000000
2021-06-03,aapl,124.6800,124.8500,123.1300,123.5400,76229170,1.000000
2021-06-04,aapl,124.0700,126.1600,123.8500,125.8900,75169343,1.000000
2021-06-07,aapl,126.1700,126.3200,124.8300,125.9000,71057550,1.000000
2021-06-08,aapl,126.6000,128.4600,126.2100,126.7400,74403774,1.000000
2021-06-09,aapl,127.2100,127.7500,126.5200,127.1300,56877937,1.000000
2021-06-10,aapl,127.0200,128.1900,125.9400,126.1100,71186421,1.000000
2021-06-11,aapl,126.5300,127.4400,126.1000,127.3500,53522373,1.000000
2021-06-14,aapl,127.8200,130.5400,127.0700,130.4800,96906490,1.000000
2021-06-15,aapl,129.9400,130.6000,129.3900,129.6400,62746332,1.000000
2021-06-16,aapl,130.3700,130.8900,128.4600,130.1500,91815026,1.000000
2021-06-17,aapl,129.8000,132.5500,129.6500,131.7900,96721669,1.000000
2021-06-18,aapl,130.7100,131.5100,130.2400,130.4600,108953309,1.000000
2021-06-21,aapl,130.3000,132.4100,129.2100,132.3000,79663316,1.000000
2021-06-22,aapl,132.1300,134.0800,131.6200,133.9800,74783618,1.000000
2021-06-23,aapl,133.7700,134.3200,133.2300,133.7000,60214200,1.000000
2021-06-24,aapl,134.4500,134.6400,132.9300,133.4100,68710998,1.000000
2021-06-25,aapl,133.4600,133.8900,132.8100,133.1100,70783746,1.000000
2021-06-28,aapl,133.4100,135.2500,133.3500,134.7800,62111303,1.000000
2021-06-29,aapl,134.8000,136.4900,134.3500,136.3300,64556081,1.000000
2021-06-30,aapl,136.1700,137.4100,135.8700,136.9600,63261393,1.000000
2021-07-01,aapl,136.6000,137.3300,135.7600,137.2700,52485781,1.000000
2021-07-02,aapl,137.9000,140.0000,137.7500,139.9600,78945572,1.000000
2021-07-06,aapl,140.0700,143.1500,140.0700,142.0200,108181793,1.000000
2021-07-07,aapl,143.5400,144.8900,142.6600,144.5700,104911589,1.000000
2021-07-08,aapl,141.5800,144.0600,140.6700,143.2400,105575458,1.000000
2021-07-09,aapl,142.7500,145.6500,142.6500,145.1100,99890800,1.000000
2021-07-12,aapl,146.2100,146.3200,144.0000,144.5000,76299719,1.000000
2021-07-13,aapl,144.0300,147.4600,143.6300,145.6400,100827099,1.000000
2021-07-14,aapl,148.1000,149.5700,147.6800,149.1500,127050785,1.000000
2021-07-15,aapl,149.2400,150.0000,147.0900,148.4800,106820297,1.000000
2021-07-16,aapl,148.4600,149.7600,145.8800,146.3900,93251426,1.000000
2021-07-19,aapl,143.7500,144.0700,141.6700,142.4500,121434571,1.000000
2021-07-20,aapl,143.4600,147.1000,142.9600,146.1500,96350036,1.000000
2021-07-21,aapl,145.5300,146.1300,144.6300,145.4000,74993460,1.000000
2021-07-22,aapl,145.9400,148.2000,145.8100,146.8000,77338156,1.000000
2021-07-23,aapl,147.5500,148.7200,146.9200,148.5600,71447416,1.000000
2021-07-26,aapl,148.2700,149.8300,147.7000,148.9900,72434089,1.000000
2021-07-27,aapl,149.1200,149.2100,145.5500,146.7700,104818578,1.000000
2021-07-28,aapl,144.8100,146.9700,142.5400,144.9800,118931191,1.000000
2021-07-29,aapl,144.6900,146.5500,144.5800,145.6400,56699475,1.000000
2021-07-30,aapl,144.3800,146.3300,144.1100,145.8600,70440626,1.000000
2021-08-02,aapl,146.3600,146.9500,145.2500,145.5200,62879961,1.000000
2021-08-03,aapl,145.8100,148.0500,145.1800,147.3600,64786618,1.000000
2021-08-04,aapl,147.2700,147.7900,146.2800,146.9500,56368271,1.000000
2021-08-05,aapl,146.9800,147.8400,146.1700,147.0600,46397674,1.000000
2021-08-06,aapl,146.3500,147.1100,145.6300,146.1400,54126813,1.000000
2021-08-09,aapl,146.2000,146.7000,145.5200,146.0900,48908689,1.000000
2021-08-10,aapl,146.4400,147.7100,145.3000,145.6000,69023081,1.000000
2021-08-11,aapl,146.0500,146.7200,145.5300,145.8600,48493463,1.000000
2021-08-12,aapl,146.1900,149.0500,145.8400,148.8900,73779113,1.000000
2021-08-13,aapl,148.9700,149.4400,148.2700,149.1000,59375009,1.000000
2021-08-16,aapl,148.5400,151.1900,146.4700,151.1200,103558782,1.000000
2021-08-17,aapl,150.2300,151.6800,149.0900,150.1900,92229735,1.000000
2021-08-18,aapl,149.8000,150.7200,146.1500,146.3600,86325990,1.000000
2021-08-19,aapl,145.0300,148.0000,144.5000,146.7000,86960310,1.000000
2021-08-20,aapl,147.4400,148.5000,146.7800,148.1900,60549630,1.000000
2021-08-23,aapl,148.3100,150.1900,147.8900,149.7100,60131810,1.000000
2021-08-24,aapl,149.4500,150.8600,149.1500,149.6200,48606428,1.000000
2021-08-25,aapl,149.8100,150.3200,147.8000,148.3600,58991297,1.000000
2021-08-26,aapl,148.3500,149.1200,147.5100,147.5400,48597195,1.000000
2021-08-27,aapl,147.4800,148.7500,146.8300,148.6000,55802388,1.000000
2021-08-30,aapl,149.0000,153.4900,148.6100,153.1200,90956723,1.000000
2021-08-31,aapl,152.6600,152.8000,151.2900,151.8300,86453117,1.000000
2021-09-01,aapl,152.8300,154.9800,152.3400,152.5100,80313711,1.000000
2021-09-02,aapl,153.8700,154.7200,152.4000,153.6500,71171317,1.000000
2021-09-03,aapl,153.7600,154.6300,153.0900,154.3000,57866066,1.000000
2021-09-07,aapl,154.9700,157.2600,154.3900,156.6900,82278261,1.000000
2021-09-08,aapl,156.9800,157.0400,153.9800,155.1100,74420207,1.000000
2021-09-09,aapl,155.4900,156.1100,153.9500,154.0700,57305730,1.000000
2021-09-10,aapl,155.0000,155.4800,148.7000,148.9700,140893235,1.000000
2021-09-13,aapl,150.6300,151.4200,148.7500,149.5500,102404329,1.000000
2021-09-14,aapl,150.3500,151.0700,146.9100,148.1200,109296295,1.000000
2021-09-15,aapl,148.5600,149.4400,146.3700,149.0300,83281315,1.000000
2021-09-16,aapl,148.4400,148.9700,147.2200,148.7900,68034149,1.000000
2021-09-17,aapl,148.8200,148.8200,145.7600,146.0600,129868824,1.000000
2021-09-20,aapl,143.8000,144.8400,141.2700,142.9400,123478863,1.000000
2021-09-21,aapl,143.9300,144.6000,142.7800,143.4300,75833962,1.000000
2021-09-22,aapl,144.4500,146.4300,143.7000,145.8500,76404341,1.000000
2021-09-23,aapl,146.6500,147.0800,145.6400,146.8300,64838170,1.000000
2021-09-24,aapl,145.6600,147.4700,145.5600,146.9200,53477869,1.000000
2021-09-27,aapl,145.4700,145.9600,143.8200,145.3700,74150729,1.000000
2021-09-28,aapl,143.2500,144.7500,141.6900,141.9100,108972340,1.000000
2021-09-29,aapl,142.4700,144.4500,142.0300,142.8300,74602044,1.000000
2021-09-30,aapl,143.6600,144.3800,141.3000,141.5000,89057154,1.000000
2021-10-01,aapl,141.9000,142.9200,139.1100,142.6500,94639581,1.000000
2021-10-04,aapl,141.7600,142.2100,138.2700,139.1400,98322008,1.000000
2021-10-05,aapl,139.4900,142.2400,139.3600,141.1100,80861062,1.000000
2021-10-06,aapl,139.4700,142.1500,138.3700,142.0000,83221119,1.000000
2021-10-07,aapl,143.0600,144.2200,142.7200,143.2900,61732656,1.000000
2021-10-08,aapl,144.0300,144.1800,142.5600,142.9000,58773155,1.000000
2021-10-11,aapl,142.2700,144.8100,141.8100,142.8100,64452219,1.000000
2021-10-12,aapl,143.2300,143.2500,141.0400,141.5100,73035862,1.000000
2021-10-13,aapl,141.2400,141.4000,139.2000,140.9100,78762721,1.000000
2021-10-14,aapl,142.1100,143.8800,141.5100,143.7600,69907100,1.000000
2021-10-15,aapl,143.7700,144.9000,143.5200,144.8400,67940389,1.000000
2021-10-18,aapl,143.4500,146.8400,143.1600,146.5500,85590035,1.000000
2021-10-19,aapl,147.0100,149.1700,146.5500,148.7600,76378894,1.000000
2021-10-20,aapl,148.7000,149.7500,148.1200,149.2600,58418788,1.000000
2021-10-21,aapl,148.8100,149.6400,147.8700,149.4800,61420990,1.000000
2021-10-22,aapl,149.6900,150.1800,148.6400,148.6900,58883443,1.000000
2021-10-25,aapl,148.6800,149.3700,147.6200,148.6400,50720561,1.000000
2021-10-26,aapl,149.3300,150.8400,149.0100,149.3200,60893395,1.000000
2021-10-27,aapl,149.3600,149.7300,148.4900,148.8500,56094929,1.000000
2021-10-28,aapl,149.8200,153.1700,149.7200,152.5700,100077888,1.000000
2021-10-29,aapl,147.2200,149.9400,146.4100,149.8000,124953168,1.000000
2021-11-01,aapl,148.9900,149.7000,147.8000,148.9600,74588258,1.000000
2021-11-02,aapl,148.6600,151.5700,148.6500,150.0200,69121987,1.000000
2021-11-03,aapl,150.3900,151.9700,149.8300,151.4900,54511721,1.000000
2021-11-04,aapl,151.5800,152.4300,150.6400,150.9600,60394616,1.000000
2021-11-05,aapl,151.8900,152.2000,150.0600,151.2800,65463883,1.000000
2021-11-08,aapl,151.4100,151.5700,150.1600,150.4400,55020868,1.000000
2021-11-09,aapl,150.2000,151.4300,150.0600,150.8100,56787930,1.000000
2021-11-10,aapl,150.0200,150.1300,147.8500,147.9200,65187092,1.000000
2021-11-11,aapl,148.9600,149.4300,147.6800,147.8700,40999950,1.000000
2021-11-12,aapl,148.4300,150.4000,147.4800,149.9900,63804008,1.000000
2021-11-15,aapl,150.3700,151.8800,149.4300,150.0000,59222803,1.000000
2021-11-16,aapl,149.9400,151.4900,149.3400,151.0000,59256210,1.000000
2021-11-17,aapl,151.0000,155.0000,150.9900,153.4900,88807000,1.000000
2021-11-18,aapl,153.7100,158.6700,153.0500,157.8700,137827673,1.000000
2021-11-19,aapl,157.6500,161.0200,156.5300,160.5500,117305597,1.000000
2021-11-22,aapl,161.6800,165.7000,161.0000,161.0200,117467889,1.000000
2021-11-23,aapl,161.1200,161.8000,159.0600,161.4100,96041899,1.000000
2021-11-24,aapl,160.7500,162.1400,159.6400,161.9400,69464303,1.000000
2021-11-26,aapl,159.5700,160.4500,156.3600,156.8100,76959752,1.000000
2021-11-29,aapl,159.3700,161.1900,158.7900,160.2400,88748217,1.000000
2021-11-30,aapl,159.9900,165.5200,159.9200,165.3000,174048184,1.000000
2021-12-01,aapl,167.4800,170.3000,164.5300,164.7700,152423003,1.000000
2021-12-02,aapl,158.7400,164.2000,157.8000,163.7600,136739174,1.000000
2021-12-03,aapl,164.0200,164.9600,159.7200,161.8400,118023116,1.000000
2021-12-06,aapl,164.2900,167.8800,164.2800,165.3200,107496982,1.000000
2021-12-07,aapl,169.0800,171.5800,168.3400,171.1800,120405354,1.000000
2021-12-08,aapl,172.1300,175.9600,170.7000,175.0800,116998901,1.000000
2021-12-09,aapl,174.9100,176.7500,173.9200,174.5600,108923739,1.000000
2021-12-10,aapl,175.2100,179.6300,174.6900,179.4500,115402748,1.000000
2021-12-13,aapl,181.1200,182.1300,175.5300,175.7400,153237019,1.000000
2021-12-14,aapl,175.2500,177.7400,172.2100,174.3300,139380382,1.000000
2021-12-15,aapl,175.1100,179.5000,172.3100,179.3000,131063497,1.000000
2021-12-16,aapl,179.2800,181.1400,170.7500,172.2600,150185843,1.000000
2021-12-17,aapl,169.9300,173.4700,169.6900,171.1400,195923441,1.000000
2021-12-20,aapl,168.2800,170.5800,167.4600,169.7500,107499114,1.000000
2021-12-21,aapl,171.5600,173.2000,169.1200,172.9900,91185957,1.000000
2021-12-22,aapl,173.0400,175.8600,172.1500,175.6400,92135303,1.000000
2021-12-23,aapl,175.8500,176.8500,175.2800,176.2800,68356867,1.000000
2021-12-27,aapl,177.0900,180.4200,177.0700,180.3300,74919582,1.000000
2021-12-28,aapl,180.1600,181.3300,178.5300,179.2900,79144339,1.000000
2021-12-29,aapl,179.3300,180.6300,178.1400,179.3800,62348932,1.000000
2021-12-30,aapl,179.4700,180.5700,178.0900,178.2000,59773014,1.000000
2021-12-31,aapl,178.0900,179.2300,177.2600,177.5700,64062281,1.000000
2022-01-03,aapl,177.8300,182.8800,177.7100,182.0100,104701220,1.000000
2022-01-04,aapl,182.6300,182.9400,179.1200,179.7000,99310448,1.000000
2022-01-05,aapl,179.6100,180.1700,174.6400,174.9200,94537602,1.000000
2022-01-06,aapl,172.7000,175.3000,171.6400,172.0000,96903955,1.000000
2022-01-07,aapl,172.8900,174.1400,171.0300,172.1700,86709147,1.000000
2022-01-10,aapl,169.0800,172.5000,168.1700,172.1900,106765552,1.000000
2022-01-11,aapl,172.3200,175.1800,170.8200,175.0800,76138322,1.000000
2022-01-12,aapl,176.1200,177.1800,174.8200,175.5300,74805173,1.000000
2022-01-13,aapl,175.7800,176.6200,171.7900,172.1900,84505790,1.000000
2022-01-14,aapl,171.3400,173.7800,171.0900,173.0700,80440790,1.000000
2022-01-18,aapl,171.5100,172.5400,169.4100,169.8000,91168729,1.000000
2022-01-19,aapl,170.0000,171.0800,165.9400,166.2300,94814990,1.000000
2022-01-20,aapl,166.9800,169.6800,164.1800,164.5100,91420515,1.000000
2022-01-21,aapl,164.4200,166.3300,162.3000,162.4100,122848858,1.000000
2022-01-24,aapl,160.0200,162.3000,154.7000,161.6200,162706686,1.000000
2022-01-25,aapl,158.9800,162.7600,157.0200,159.7800,115798367,1.000000
2022-01-26,aapl,163.5000,164.3900,157.8200,159.6900,108275308,1.000000
2022-01-27,aapl,162.4500,163.8400,158.2800,159.2200,121954638,1.000000
2022-01-28,aapl,165.7100,170.3500,162.8000,170.3300,179935660,1.000000
2022-01-31,aapl,170.1600,175.0000,169.5100,174.7800,115541590,1.000000
2022-02-01,aapl,174.0100,174.8400,172.3100,174.6100,86213911,1.000000
2022-02-02,aapl,174.7500,175.8800,173.3300,175.8400,84914256,1.000000
2022-02-03,aapl,174.4800,176.2400,172.1200,172.9000,89418074,1.000000
2022-02-04,aapl,171.6800,174.1000,170.6800,172.3900,82465400,1.000000
2022-02-07,aapl,172.8600,173.9500,170.9500,171.6600,77251204,1.000000
2022-02-08,aapl,171.7300,175.3500,171.4300,174.8300,74829217,1.000000
2022-02-09,aapl,176.0500,176.6500,174.9000,176.2800,71285038,1.000000
2022-02-10,aapl,174.1400,175.4800,171.5500,172.1200,90865899,1.000000
2022-02-11,aapl,172.3300,173.0800,168.0400,168.6400,98670687,1.000000
2022-02-14,aapl,167.3700,169.5800,166.5600,168.8800,86185530,1.000000
2022-02-15,aapl,170.9700,172.9500,170.2500,172.7900,64286320,1.000000
2022-02-16,aapl,171.8500,173.3400,170.0500,172.5500,61177398,1.000000
2022-02-17,aapl,171.0300,171.9100,168.4700,168.8800,69589344,1.000000
2022-02-18,aapl,169.8200,170.5400,166.1900,167.3000,82772674,1.000000
2022-02-22,aapl,164.9800,166.6900,162.1500,164.3200,91162758,1.000000
2022-02-23,aapl,165.5400,166.1500,159.7500,160.0700,90009247,1.000000
2022-02-24,aapl,152.5800,162.8500,152.0000,162.7400,141147540,1.000000
2022-02-25,aapl,163.8400,165.1200,160.8700,164.8500,91974222,1.000000
2022-02-28,aapl,163.0600,165.4200,162.4300,165.1200,95056629,1.000000
2022-03-01,aapl,164.7000,166.6000,161.9700,163.2000,83474425,1.000000
2022-03-02,aapl,164.3900,167.3600,162.9500,166.5600,79724750,1.000000
2022-03-03,aapl,168.4700,168.9100,165.5500,166.2300,76678441,1.000000
2022-03-04,aapl,164.4900,165.5500,162.1000,163.1700,83819592,1.000000
2022-03-07,aapl,163.3600,165.0200,159.0400,159.3000,96418845,1.000000
2022-03-08,aapl,158.8200,162.8800,155.8000,157.4400,131148280,1.000000
2022-03-09,aapl,161.4800,163.4100,159.4100,162.9500,91454905,1.000000
2022-03-10,aapl,160.2000,160.3900,155.9800,158.5200,105342033,1.000000
2022-03-11,aapl,158.9300,159.2800,154.5000,154.7300,96970102,1.000000
2022-03-14,aapl,151.4500,154.1200,150.1000,150.6200,108732111,1.000000
2022-03-15,aapl,150.9000,155.5700,150.3800,155.0900,92964302,1.000000
2022-03-16,aapl,157.0500,160.0000,154.4600,159.5900,102300157,1.000000
2022-03-17,aapl,158.6100,161.0000,157.6300,160.6200,75615376,1.000000
2022-03-18,aapl,160.5100,164.4800,159.7600,163.9800,123511692,1.000000
2022-03-21,aapl,163.5100,166.3500,163.0200,165.3800,95811352,1.000000
2022-03-22,aapl,165.5100,169.4200,164.9100,168.8200,81532007,1.000000
2022-03-23,aapl,167.9900,172.6400,167.6500,170.2100,98062674,1.000000
2022-03-24,aapl,171.0600,174.1400,170.2100,174.0700,90131418,1.000000
2022-03-25,aapl,173.8800,175.2800,172.7500,174.7200,80546156,1.000000
2022-03-28,aapl,172.1700,175.7300,172.0000,175.6000,90371916,1.000000
2022-03-29,aapl,176.6900,179.0100,176.3400,178.9600,100589440,1.000000
2022-03-30,aapl,178.5500,179.6100,176.7000,177.7700,92633154,1.000000
2022-03-31,aapl,177.8400,178.0300,174.4000,174.6100,103049285,1.000000
2022-04-01,aapl,174.0300,174.8800,171.9400,174.3100,78751328,1.000000
2022-04-04,aapl,174.5700,178.4900,174.4400,178.4400,76545983,1.000000
2022-04-05,aapl,177.5000,178.3000,174.4200,175.0600,73401786,1.000000
2022-04-06,aapl,172.3600,173.6300,170.1300,171.8300,89058782,1.000000
2022-04-07,aapl,171.1600,173.3600,169.8500,172.1400,77594650,1.000000
2022-04-08,aapl,171.7800,171.7800,169.2000,170.0900,76575508,1.000000
2022-04-11,aapl,168.7100,169.0300,165.5000,165.7500,72246706,1.000000
2022-04-12,aapl,168.0200,169.8700,166.6400,167.6600,79265181,1.000000
2022-04-13,aapl,167.3900,171.0400,166.7700,170.4000,70618925,1.000000
2022-04-14,aapl,170.6200,171.2700,165.0400,165.2900,75329376,1.000000
2022-04-18,aapl,163.9200,166.6000,163.5700,165.0700,69023941,1.000000
2022-04-19,aapl,165.0200,167.8200,163.9100,167.4000,67723833,1.000000
2022-04-20,aapl,168.7600,168.8800,166.1000,167.2300,67929814,1.000000
2022-04-21,aapl,168.9100,171.5300,165.9100,166.4200,87227768,1.000000
2022-04-22,aapl,166.4600,167.8700,161.5000,161.7900,84882424,1.000000
2022-04-25,aapl,161.1200,163.1700,158.4600,162.8800,96046376,1.000000
2022-04-26,aapl,162.2500,162.3400,156.7200,156.8000,95623240,1.000000
2022-04-27,aapl,155.9100,159.7900,155.3800,156.5700,88063191,1.000000
2022-04-28,aapl,159.2500,164.5200,158.9300,163.6400,130216792,1.000000
2022-04-29,aapl,161.8400,166.2000,157.2500,157.6500,131747571,1.000000
2022-05-02,aapl,156.7100,158.2300,153.2700,157.9600,123055265,1.000000
2022-05-03,aapl,158.1500,160.7100,156.3200,159.4800,88966526,1.000000
2022-05-04,aapl,159.6700,166.4800,159.2600,166.0200,108256503,1.000000
2022-05-05,aapl,163.8500,164.0800,154.9500,156.7700,130525275,1.000000
2022-05-06,aapl,156.0100,159.4400,154.1800,157.2800,116124647,1.000000
2022-05-09,aapl,154.9300,155.8300,151.4900,152.0600,131577921,1.000000
2022-05-10,aapl,155.5200,156.7400,152.9300,154.5100,115366736,1.000000
2022-05-11,aapl,153.5000,155.4500,145.8100,146.5000,142689825,1.000000
2022-05-12,aapl,142.7700,146.2000,138.8000,142.5600,182602041,1.000000
2022-05-13,aapl,144.5900,148.1100,143.1100,147.1100,113990852,1.000000
2022-05-16,aapl,145.5500,147.5200,144.1800,145.5400,86643781,1.000000
2022-05-17,aapl,148.8600,149.7700,146.6800,149.2400,78336254,1.000000
2022-05-18,aapl,146.8500,147.3600,139.9000,140.8200,109742890,1.000000
2022-05-19,aapl,139.8800,141.6600,136.6000,137.3500,136095640,1.000000
2022-05-20,aapl,139.0900,140.7000,132.6100,137.5900,137426125,1.000000
2022-05-23,aapl,137.7900,143.2600,137.6500,143.1100,117726265,1.000000
2022-05-24,aapl,140.8100,141.9700,137.3300,140.3600,104132756,1.000000
2022-05-25,aapl,138.4300,141.7900,138.3400,140.5200,92482716,1.000000
2022-05-26,aapl,137.3900,144.3400,137.1400,143.7800,90601548,1.000000
2022-05-27,aapl,145.3900,149.6600,145.2600,149.6400,90978504,1.000000
2022-05-31,aapl,149.0700,150.6600,146.8400,148.8400,103718805,1.000000
2022-06-01,aapl,149.9000,151.7400,147.6800,148.7100,74286635,1.000000
2022-06-02,aapl,147.8300,151.2700,146.8600,151.2100,72348055,1.000000
2022-06-03,aapl,146.9000,147.9700,144.4600,145.3800,88570289,1.000000
2022-06-06,aapl,147.0300,148.5700,144.9000,146.1400,71598391,1.000000
2022-06-07,aapl,144.3500,149.0000,144.1000,148.7100,67808152,1.000000
2022-06-08,aapl,148.5800,149.8700,147.4600,147.9600,53950201,1.000000
2022-06-09,aapl,147.0800,147.9500,142.5300,142.6400,69473001,1.000000
2022-06-10,aapl,140.2800,140.7600,137.0600,137.1300,91566637,1.000000
2022-06-13,aapl,132.8700,135.2000,131.4400,131.8800,122207099,1.000000
2022-06-14,aapl,133.1300,133.8900,131.4800,132.7600,84784326,1.000000
2022-06-15,aapl,134.2900,137.3400,132.1600,135.4300,91532972,1.000000
2022-06-16,aapl,132.0800,132.3900,129.0400,130.0600,107961508,1.000000
2022-06-17,aapl,130.0700,133.0800,129.8100,131.5600,134520290,1.000000
2022-06-21,aapl,133.4200,137.0600,133.3200,135.8700,81000488,1.000000
2022-06-22,aapl,134.7900,137.7600,133.9100,135.3500,73409234,1.000000
2022-06-23,aapl,136.8200,138.5900,135.6300,138.2700,72433768,1.000000
2022-06-24,aapl,139.9000,141.9100,139.7700,141.6600,89116837,1.000000
2022-06-27,aapl,142.7000,143.4900,140.9700,141.6600,70207908,1.000000
2022-06-28,aapl,142.1300,143.4200,137.3300,137.4400,67315328,1.000000
2022-06-29,aapl,137.4600,140.6700,136.6700,139.2300,66242411,1.000000
2022-06-30,aapl,137.2500,138.3700,133.7700,136.7200,98964467,1.000000
2022-07-01,aapl,136.0400,139.0400,135.6600,138.9300,71051552,1.000000
2022-07-05,aapl,137.7700,141.6100,136.9300,141.5600,73429641,1.000000
2022-07-06,aapl,141.3600,144.1200,141.0800,142.9200,74064254,1.000000
2022-07-07,aapl,143.2900,146.5500,143.2800,146.3500,66253709,1.000000
2022-07-08,aapl,145.2700,147.5500,145.0000,147.0400,64547798,1.000000
2022-07-11,aapl,145.6700,146.6400,143.7800,144.8700,63305113,1.000000
2022-07-12,aapl,145.7600,148.4500,145.0500,145.8600,77588759,1.000000
2022-07-13,aapl,142.9900,146.4500,142.1200,145.4900,71185560,1.000000
2022-07-14,aapl,144.0800,148.9500,143.2500,148.4700,78140744,1.000000
2022-07-15,aapl,149.7800,150.8600,148.2000,150.1700,76259931,1.000000
2022-07-18,aapl,150.7400,151.5700,146.7000,147.0700,81420868,1.000000
2022-07-19,aapl,147.9200,151.2300,146.9100,151.0000,82982367,1.000000
2022-07-20,aapl,151.1200,153.7200,150.3700,153.0400,64823413,1.000000
2022-07-21,aapl,154.5000,155.5700,151.9400,155.3500,65086636,1.000000
2022-07-22,aapl,155.3900,156.2800,153.4100,154.0900,66675408,1.000000
2022-07-25,aapl,154.0100,155.0400,152.2800,152.9500,53623945,1.000000
2022-07-26,aapl,152.2700,153.0900,150.8000,151.6000,55138691,1.000000
2022-07-27,aapl,152.5800,157.3300,152.1600,156.7900,78620688,1.000000
2022-07-28,aapl,156.9800,157.6400,154.4100,157.3500,81378731,1.000000
2022-07-29,aapl,161.2400,163.6300,159.5000,162.5100,101786860,1.000000
2022-08-01,aapl,161.0100,163.5900,160.8900,161.5100,67829379,1.000000
2022-08-02,aapl,160.1000,162.4100,159.6300,160.0100,59907025,1.000000
2022-08-03,aapl,160.8400,166.5900,160.7500,166.1300,82507488,1.000000
2022-08-04,aapl,166.0100,167.1900,164.4300,165.8100,55474144,1.000000
2022-08-05,aapl,163.2100,165.8500,163.0000,165.3500,56696985,1.000000
2022-08-08,aapl,166.3700,167.8100,164.2000,164.8700,60362338,1.000000
2022-08-09,aapl,164.0200,165.8200,163.2500,164.9200,63135503,1.000000
2022-08-10,aapl,167.6800,169.3400,166.9000,169.2400,70170540,1.000000
2022-08-11,aapl,170.0600,170.9900,168.1900,168.4900,57149159,1.000000
2022-08-12,aapl,169.8200,172.1700,169.4000,172.1000,68039382,1.000000
2022-08-15,aapl,171.5200,173.3900,171.3500,173.1900,54091694,1.000000
2022-08-16,aapl,172.7800,173.7100,171.6600,173.0300,56377050,1.000000
2022-08-17,aapl,172.7700,176.1500,172.5700,174.5500,79542037,1.000000
2022-08-18,aapl,173.7500,174.9000,173.1200,174.1500,62290075,1.000000
2022-08-19,aapl,173.0300,173.7400,171.3100,171.5200,70346295,1.000000
2022-08-22,aapl,169.6900,169.8600,167.1400,167.5700,69026809,1.000000
2022-08-23,aapl,167.0800,168.7100,166.6500,167.2300,54147079,1.000000
2022-08-24,aapl,167.3200,168.1100,166.2500,167.5300,53841524,1.000000
2022-08-25,aapl,168.7800,170.1400,168.3500,170.0300,51218209,1.000000
2022-08-26,aapl,170.5700,171.0500,163.5600,163.6200,78960980,1.000000
2022-08-29,aapl,161.1500,162.9000,159.8200,161.3800,73313953,1.000000
2022-08-30,aapl,162.1300,162.5600,157.7200,158.9100,77906197,1.000000
2022-08-31,aapl,160.3100,160.5800,157.1400,157.2200,87991091,1.000000
2022-09-01,aapl,156.6400,158.4200,154.6700,157.9600,74229896,1.000000
2022-09-02,aapl,159.7500,160.3600,154.9700,155.8100,76957768,1.000000
2022-09-06,aapl,156.4700,157.0900,153.6900,154.5300,73714843,1.000000
2022-09-07,aapl,154.8300,156.6700,153.6100,155.9600,87449574,1.000000
2022-09-08,aapl,154.6400,156.3600,152.6800,154.4600,84923847,1.000000
2022-09-09,aapl,155.4700,157.8200,154.7500,157.3700,68081006,1.000000
2022-09-12,aapl,159.5900,164.2600,159.3000,163.4300,104955962,1.000000
2022-09-13,aapl,159.9000,160.5400,153.3700,153.8400,122656614,1.000000
2022-09-14,aapl,154.7900,157.1000,153.6100,155.3100,87965409,1.000000
2022-09-15,aapl,154.6500,155.2400,151.3800,152.3700,90481110,1.000000
2022-09-16,aapl,151.2100,151.3500,148.3700,150.7000,162278841,1.000000
2022-09-19,aapl,149.3100,154.5600,149.1000,154.4800,81474246,1.000000
2022-09-20,aapl,153.4000,158.0800,153.0800,156.9000,107689796,1.000000
2022-09-21,aapl,157.3400,158.7400,153.6000,153.7200,101696790,1.000000
2022-09-22,aapl,152.3800,154.4700,150.9100,152.7400,86652542,1.000000
2022-09-23,aapl,151.1900,151.4700,148.5600,150.4300,96029909,1.000000
2022-09-26,aapl,149.6600,153.7700,149.6400,150.7700,93339409,1.000000
2022-09-27,aapl,152.7400,154.7200,149.9500,151.7600,84442741,1.000000
2022-09-28,aapl,147.6400,150.6400,144.8400,149.8400,146691387,1.000000
2022-09-29,aapl,146.1000,146.7200,140.6800,142.4800,128138237,1.000000
2022-09-30,aapl,141.2800,143.1000,138.0000,138.2000,124925274,1.000000
2022-10-03,aapl,138.2100,143.0700,137.6900,142.4500,114311663,1.000000
2022-10-04,aapl,145.0300,146.2200,144.2600,146.1000,87830064,1.000000
2022-10-05,aapl,144.0800,147.3800,143.0100,146.4000,79470968,1.000000
2022-10-06,aapl,145.8100,147.5400,145.2200,145.4300,68402169,1.000000
2022-10-07,aapl,142.5400,143.1000,139.4500,140.0900,85925559,1.000000
2022-10-10,aapl,140.4200,141.8900,138.5700,140.4200,74899002,1.000000
2022-10-11,aapl,139.9000,141.3500,138.2200,138.9800,77033672,1.000000
2022-10-12,aapl,139.1300,140.3600,138.1600,138.3400,70433744,1.000000
2022-10-13,aapl,134.9900,143.5900,134.3700,142.9900,113223975,1.000000
2022-10-14,aapl,144.3100,144.5200,138.1900,138.3800,88597969,1.000000
2022-10-17,aapl,141.0700,142.9000,140.2700,142.4100,85250939,1.000000
2022-10-18,aapl,145.4900,146.7000,140.6100,143.7500,99136610,1.000000
2022-10-19,aapl,141.6900,144.9500,141.5000,143.8600,61758340,1.000000
2022-10-20,aapl,143.0200,145.8900,142.6500,143.3900,64521989,1.000000
2022-10-21,aapl,142.8700,147.8500,142.6500,147.2700,86548609,1.000000
2022-10-24,aapl,147.1900,150.2300,146.0000,149.4500,75981918,1.000000
2022-10-25,aapl,150.0900,152.4900,149.3600,152.3400,74732290,1.000000
2022-10-26,aapl,150.9600,151.9900,148.0400,149.3500,88436172,1.000000
2022-10-27,aapl,148.0700,149.0500,144.1300,144.8000,109180150,1.000000
2022-10-28,aapl,148.2000,157.5000,147.8200,155.7400,164762371,1.000000
2022-10-31,aapl,153.1600,154.2400,151.9200,153.3400,97943171,1.000000
2022-11-01,aapl,155.0800,155.4500,149.1300,150.6500,80379345,1.000000
2022-11-02,aapl,148.9500,152.1700,145.0000,145.0300,93604623,1.000000
2022-11-03,aapl,142.0600,142.8000,138.7500,138.8800,97918516,1.000000
2022-11-04,aapl,142.0900,142.6700,134.3800,138.3800,140814796,1.000000
2022-11-07,aapl,137.1100,139.1500,135.6700,138.9200,83374628,1.000000
2022-11-08,aapl,140.4100,141.4300,137.4900,139.5000,89908477,1.000000
2022-11-09,aapl,138.5000,138.5500,134.5900,134.8700,74917794,1.000000
2022-11-10,aapl,141.2400,146.8700,139.5000,146.8700,118854028,1.000000
2022-11-11,aapl,145.8200,150.0100,144.3700,149.7000,93979665,1.000000
2022-11-14,aapl,148.9700,150.2800,147.4300,148.2800,73374114,1.000000
2022-11-15,aapl,152.2200,153.5900,148.5600,150.0400,89868332,1.000000
2022-11-16,aapl,149.1300,149.8700,147.2900,148.7900,64218266,1.000000
2022-11-17,aapl,146.4300,151.4800,146.1500,150.7200,80389400,1.000000
2022-11-18,aapl,152.3100,152.7000,149.9700,151.2900,74829573,1.000000
2022-11-21,aapl,150.1600,150.3700,147.7200,148.0100,58724070,1.000000
2022-11-22,aapl,148.1300,150.4200,146.9300,150.1800,51804132,1.000000
2022-11-23,aapl,149.4500,151.8300,149.3400,151.0700,58301395,1.000000
2022-11-25,aapl,148.3100,148.8800,147.1200,148.1100,35082177,1.000000
2022-11-28,aapl,145.1400,146.6400,143.3800,144.2200,69346522,1.000000
2022-11-29,aapl,144.2900,144.8100,140.3600,141.1700,83763803,1.000000
2022-11-30,aapl,141.4000,148.7200,140.5500,148.0300,111380880,1.000000
2022-12-01,aapl,148.2100,149.1300,146.6100,148.3100,71250416,1.000000
2022-12-02,aapl,145.9600,148.0000,145.6500,147.8100,65447446,1.000000
2022-12-05,aapl,147.7700,150.9200,145.7700,146.6300,68826442,1.000000
2022-12-06,aapl,147.0800,147.3000,141.9200,142.9100,64727186,1.000000
2022-12-07,aapl,142.1900,143.3700,140.0000,140.9400,69721094,1.000000
2022-12-08,aapl,142.3600,143.5200,141.1000,142.6500,62128338,1.000000
2022-12-09,aapl,142.3400,145.5700,140.9000,142.1600,76097011,1.000000
2022-12-12,aapl,142.7000,144.5000,141.0600,144.4900,70462654,1.000000
2022-12-13,aapl,149.5000,149.9700,144.2400,145.4700,93886161,1.000000
2022-12-14,aapl,145.3500,146.6600,141.1600,143.2100,82291182,1.000000
2022-12-15,aapl,141.1100,141.8000,136.0300,136.5000,98931907,1.000000
2022-12-16,aapl,136.6900,137.6500,133.7300,134.5100,160156900,1.000000
2022-12-19,aapl,135.1100,135.2000,131.3200,132.3700,79592614,1.000000
2022-12-20,aapl,131.3900,133.2500,129.8900,132.3000,77432819,1.000000
2022-12-21,aapl,132.9800,136.8100,132.7500,135.4500,85927993,1.000000
2022-12-22,aapl,134.3500,134.5600,130.3000,132.2300,77852108,1.000000
2022-12-23,aapl,130.9200,132.4200,129.6400,131.8600,63814893,1.000000
2022-12-27,aapl,131.3800,131.4100,128.7200,130.0300,69007830,1.000000
2022-12-28,aapl,129.6700,131.0300,125.8700,126.0400,85438391,1.000000
2022-12-29,aapl,127.9900,130.4800,127.7300,129.6100,75703710,1.000000
2022-12-30,aapl,128.4100,129.9500,127.4300,129.9300,77034209,1.000000
2023-01-03,aapl,130.2800,130.9000,124.1700,125.0700,112117471,1.000000
2023-01-04,aapl,126.8900,128.6600,125.0800,126.3600,89113633,1.000000
2023-01-05,aapl,127.1300,127.7700,124.7600,125.0200,80962708,1.000000
2023-01-06,aapl,126.0100,130.2900,124.8900,129.6200,87754715,1.000000
2023-01-09,aapl,130.4700,133.4100,129.8900,130.1500,70790813,1.000000
2023-01-10,aapl,130.2600,131.2600,128.1200,130.7300,63896155,1.000000
2023-01-11,aapl,131.2500,133.5100,130.4600,133.4900,69458949,1.000000
2023-01-12,aapl,133.8800,134.2600,131.4400,133.4100,71379648,1.000000
2023-01-13,aapl,132.0300,134.9200,131.6600,134.7600,57809719,1.000000
2023-01-17,aapl,134.8300,137.2900,134.1300,135.9400,63646627,1.000000
2023-01-18,aapl,136.8200,138.6100,135.0300,135.2100,69672800,1.000000
2023-01-19,aapl,134.0800,136.2500,133.7700,135.2700,58280413,1.000000
2023-01-20,aapl,135.2800,138.0200,134.2200,137.8700,80223626,1.000000
2023-01-23,aapl,138.1200,143.3200,137.9000,141.1100,81760313,1.000000
2023-01-24,aapl,140.3100,143.1600,140.3000,142.5300,66435142,1.000000
2023-01-25,aapl,140.8900,142.4300,138.8100,141.8600,65799349,1.000000
2023-01-26,aapl,143.1700,144.2500,141.9000,143.9600,54105068,1.000000
2023-01-27,aapl,143.1600,147.2300,143.0800,145.9300,70555843,1.000000
2023-01-30,aapl,144.9600,145.5500,142.8500,143.0000,64015274,1.000000
2023-01-31,aapl,142.7000,144.3400,142.2800,144.2900,65874459,1.000000
2023-02-01,aapl,143.9700,146.6100,141.3200,145.4300,77663633,1.000000
2023-02-02,aapl,148.9000,151.1800,148.1700,150.8200,118338980,1.000000
2023-02-03,aapl,148.0300,157.3800,147.8300,154.5000,154357337,1.000000
2023-02-06,aapl,152.5800,153.1000,150.7800,151.7300,69858306,1.000000
2023-02-07,aapl,150.6400,155.2300,150.6400,154.6500,83322551,1.000000
2023-02-08,aapl,153.8800,154.5800,151.1700,151.9200,64120079,1.000000
2023-02-09,aapl,153.7800,154.3300,150.4200,150.8700,56007143,1.000000
2023-02-10,aapl,149.4600,151.3400,149.2200,151.0100,57450708,1.000000
2023-02-13,aapl,150.9500,154.2600,150.9200,153.8500,62199013,1.000000
2023-02-14,aapl,152.1200,153.7700,150.8600,153.2000,61707573,1.000000
2023-02-15,aapl,153.1100,155.5000,152.8800,155.3300,65669252,1.000000
2023-02-16,aapl,153.5100,156.3300,153.3500,153.7100,68167942,1.000000
2023-02-17,aapl,152.3500,153.0000,150.8500,152.5500,59144118,1.000000
2023-02-21,aapl,150.2000,151.3000,148.4100,148.4800,58867230,1.000000
2023-02-22,aapl,148.8700,149.9500,147.1600,148.9100,51011305,1.000000
2023-02-23,aapl,150.0900,150.3400,147.2400,149.4000,48394249,1.000000
2023-02-24,aapl,147.1100,147.1900,145.7200,146.7100,55469606,1.000000
2023-02-27,aapl,147.7100,149.1700,147.4500,147.9200,44998470,1.000000
2023-02-28,aapl,147.0500,149.0800,146.8300,147.4100,50546998,1.000000
2023-03-01,aapl,146.8300,147.2300,145.0100,145.3100,55478991,1.000000
2023-03-02,aapl,144.3800,146.7100,143.9000,145.9100,52279761,1.000000
2023-03-03,aapl,148.0500,151.1100,147.3300,151.0300,70732297,1.000000
2023-03-06,aapl,153.7900,156.3000,153.4600,153.8300,87558028,1.000000
2023-03-07,aapl,153.7000,154.0300,151.1300,151.6000,56182028,1.000000
2023-03-08,aapl,152.8100,153.4700,151.8300,152.8700,47204791,1.000000
2023-03-09,aapl,153.5600,154.5400,150.2300,150.5900,53833582,1.000000
2023-03-10,aapl,150.2100,150.9400,147.6100,148.5000,68572400,1.000000
2023-03-13,aapl,147.8100,153.1400,147.7000,150.4700,84457122,1.000000
2023-03-14,aapl,151.2800,153.4000,150.1000,152.5900,73695893,1.000000
2023-03-15,aapl,151.1900,153.2500,149.9200,152.9900,77167866,1.000000
2023-03-16,aapl,152.1600,156.4600,151.6400,155.8500,76254419,1.000000
2023-03-17,aapl,156.0800,156.7400,154.2800,155.0000,98944633,1.000000
2023-03-20,aapl,155.0700,157.8200,154.1500,157.4000,73641415,1.000000
2023-03-21,aapl,157.3200,159.4000,156.5400,159.2800,73938285,1.000000
2023-03-22,aapl,159.3000,162.1400,157.8100,157.8300,75701811,1.000000
2023-03-23,aapl,158.8300,161.5500,157.6800,158.9300,67622060,1.000000
2023-03-24,aapl,158.8600,160.3400,157.8500,160.2500,59256343,1.000000
2023-03-27,aapl,159.9400,160.7700,157.8700,158.2800,52390266,1.000000
2023-03-28,aapl,157.9700,158.4900,155.9800,157.6500,45992152,1.000000
2023-03-29,aapl,159.3700,161.0500,159.3500,160.7700,51305691,1.000000
2023-03-30,aapl,161.5300,162.4700,161.2700,162.3600,49501689,1.000000
2023-03-31,aapl,162.4400,165.0000,161.9100,164.9000,68749792,1.000000
2023-04-03,aapl,164.2700,166.2900,164.2200,166.1700,56976187,1.000000
2023-04-04,aapl,166.6000,166.8400,165.1100,165.6300,46278295,1.000000
2023-04-05,aapl,164.7400,165.0500,161.8000,163.7600,51511744,1.000000
2023-04-06,aapl,162.4300,164.9600,162.0000,164.6600,45390123,1.000000
2023-04-10,aapl,161.4200,162.0300,160.0800,162.0300,47716882,1.000000
2023-04-11,aapl,162.3500,162.3600,160.5100,160.8000,47644217,1.000000
2023-04-12,aapl,161.2200,162.0600,159.7800,160.1000,50133062,1.000000
2023-04-13,aapl,161.6300,165.8000,161.4200,165.5600,68445649,1.000000
2023-04-14,aapl,164.5900,166.3200,163.8200,165.2100,49386480,1.000000
2023-04-17,aapl,165.0900,165.3900,164.0300,165.2300,41516217,1.000000
2023-04-18,aapl,166.1000,167.4100,165.6500,166.4700,49923008,1.000000
2023-04-19,aapl,165.8000,168.1600,165.5400,167.6300,47720166,1.000000
2023-04-20,aapl,166.0900,167.8700,165.5600,166.6500,52456377,1.000000
2023-04-21,aapl,165.0500,166.4500,164.4900,165.0200,58337341,1.000000
2023-04-24,aapl,165.0000,165.6000,163.8900,165.3300,41949581,1.000000
2023-04-25,aapl,165.1900,166.3100,163.7300,163.7700,48714063,1.000000
2023-04-26,aapl,163.0600,165.2800,162.8000,163.7600,45498796,1.000000
2023-04-27,aapl,165.1900,168.5600,165.1900,168.4100,64902329,1.000000
2023-04-28,aapl,168.4900,169.8500,167.8800,169.6800,55275851,1.000000
2023-05-01,aapl,169.2800,170.4500,168.6400,169.5900,52472936,1.000000
2023-05-02,aapl,170.0900,170.3500,167.5400,168.5400,48425696,1.000000
2023-05-03,aapl,169.5000,170.9200,167.1600,167.4500,65136018,1.000000
2023-05-04,aapl,164.8900,167.0400,164.3100,165.7900,81235427,1.000000
2023-05-05,aapl,170.9800,174.3000,170.7600,173.5700,113453171,1.000000
2023-05-08,aapl,172.4800,173.8500,172.1100,173.5000,55962793,1.000000
2023-05-09,aapl,173.0500,173.5400,171.6000,171.7700,45326874,1.000000
2023-05-10,aapl,173.0200,174.0300,171.9000,173.5600,53724501,1.000000
2023-05-11,aapl,173.8500,174.5900,172.1700,173.7500,49514676,1.000000
2023-05-12,aapl,173.6200,174.0600,171.0000,172.5700,45533138,1.000000
2023-05-15,aapl,173.1600,173.2100,171.4700,172.0700,37266659,1.000000
2023-05-16,aapl,171.9900,173.1400,171.8000,172.0700,42110293,1.000000
2023-05-17,aapl,171.7100,172.9300,170.4200,172.6900,57951604,1.000000
2023-05-18,aapl,173.0000,175.2400,172.5800,175.0500,65496657,1.000000
2023-05-19,aapl,176.3900,176.3900,174.9400,175.1600,55809475,1.000000
2023-05-22,aapl,173.9800,174.7100,173.4500,174.2000,43570932,1.000000
2023-05-23,aapl,173.1300,173.3800,171.2800,171.5600,50747263,1.000000
2023-05-24,aapl,171.0900,172.4200,170.5200,171.8400,45143488,1.000000
2023-05-25,aapl,172.4100,173.9000,171.6900,172.9900,56058258,1.000000
2023-05-26,aapl,173.3200,175.7700,173.1100,175.4300,54834975,1.000000
2023-05-30,aapl,176.9600,178.9900,176.5700,177.3000,55964401,1.000000
2023-05-31,aapl,177.3300,179.3500,176.7600,177.2500,99625288,1.000000
2023-06-01,aapl,177.7000,180.1200,176.9300,180.0900,68901809,1.000000
2023-06-02,aapl,181.0300,181.7800,179.2600,180.9500,61996913,1.000000
2023-06-05,aapl,182.6300,184.9500,178.0400,179.5800,121946497,1.000000
2023-06-06,aapl,179.9700,180.1200,177.4300,179.2100,64848374,1.000000
2023-06-07,aapl,178.4400,181.2100,177.3200,177.8200,61944615,1.000000
2023-06-08,aapl,177.9000,180.8400,177.4600,180.5700,50214881,1.000000
2023-06-09,aapl,181.5000,182.2300,180.6300,180.9600,48899973,1.000000
2023-06-12,aapl,181.2700,183.8900,180.9700,183.7900,54754995,1.000000
2023-06-13,aapl,182.8000,184.1500,182.4400,183.3100,54929129,1.000000
2023-06-14,aapl,183.3700,184.3900,182.0200,183.9500,57462882,1.000000
2023-06-15,aapl,183.9600,186.5200,183.7800,186.0100,65433166,1.000000
2023-06-16,aapl,186.7300,186.9900,184.2700,184.9200,101256225,1.000000
2023-06-20,aapl,184.4100,186.1000,184.4100,185.0100,49799092,1.000000
2023-06-21,aapl,184.9000,185.4100,182.5900,183.9600,49515697,1.000000
2023-06-22,aapl,183.7400,187.0500,183.6700,187.0000,51245327,1.000000
2023-06-23,aapl,185.5500,187.5600,185.0100,186.6800,53116996,1.000000
2023-06-26,aapl,186.8300,188.0500,185.2300,185.2700,48088661,1.000000
2023-06-27,aapl,185.8900,188.3900,185.6700,188.0600,50730846,1.000000
2023-06-28,aapl,187.9300,189.9000,187.6000,189.2500,51216801,1.000000
2023-06-29,aapl,189.0800,190.0700,188.9400,189.5900,46347308,1.000000
2023-06-30,aapl,191.6300,194.4800,191.2600,193.9700,85213216,1.000000
2023-07-03,aapl,193.7800,193.8800,191.7600,192.4600,31458198,1.000000
2023-07-05,aapl,191.5700,192.9800,190.6200,191.3300,46920261,1.000000
2023-07-06,aapl,189.8400,192.0200,189.2000,191.8100,45156009,1.000000
2023-07-07,aapl,191.4100,192.6700,190.2400,190.6800,46814998,1.000000
2023-07-10,aapl,189.2600,189.9900,187.0400,188.6100,59922163,1.000000
2023-07-11,aapl,189.1600,189.3000,186.6000,188.0800,46638119,1.000000
2023-07-12,aapl,189.6800,191.7000,188.4700,189.7700,60750248,1.000000
2023-07-13,aapl,190.5000,191.1900,189.7800,190.5400,41342338,1.000000
2023-07-14,aapl,190.2300,191.1800,189.6300,190.6900,41616242,1.000000
2023-07-17,aapl,191.9000,194.3200,191.8100,193.9900,50520159,1.000000
2023-07-18,aapl,193.3500,194.3300,192.4200,193.7300,48353774,1.000000
2023-07-19,aapl,193.1000,198.2300,192.6500,195.1000,80507323,1.000000
2023-07-20,aapl,195.0900,196.4700,192.5000,193.1300,59581196,1.000000
2023-07-21,aapl,194.1000,194.9700,191.2300,191.9400,71951683,1.000000
2023-07-24,aapl,193.4100,194.9100,192.2500,192.7500,45505097,1.000000
2023-07-25,aapl,193.3300,194.4400,192.9200,193.6200,37283201,1.000000
2023-07-26,aapl,193.6700,195.6400,193.3200,194.5000,47471868,1.000000
2023-07-27,aapl,196.0200,197.2000,192.5500,193.2200,47460180,1.000000
2023-07-28,aapl,194.6700,196.6300,194.1400,195.8300,48291443,1.000000
2023-07-31,aapl,196.0600,196.4900,195.2600,196.4500,38824113,1.000000
2023-08-01,aapl,196.2400,196.7300,195.2800,195.6100,35281426,1.000000
2023-08-02,aapl,195.0400,195.1800,191.8500,192.5800,50389327,1.000000
2023-08-03,aapl,191.5700,192.3700,190.6900,191.1700,62243282,1.000000
2023-08-04,aapl,185.5200,187.3800,181.9200,181.9900,115956841,1.000000
2023-08-07,aapl,182.1300,183.1300,177.3500,178.8500,97576069,1.000000
2023-08-08,aapl,179.6900,180.2700,177.5800,179.8000,67823003,1.000000
2023-08-09,aapl,180.8700,180.9300,177.0100,178.1900,60378492,1.000000
2023-08-10,aapl,179.4800,180.7500,177.6000,177.9700,54686851,1.000000
2023-08-11,aapl,177.3200,178.6200,176.5500,177.7900,52036672,1.000000
2023-08-14,aapl,177.9700,179.6900,177.3100,179.4600,43675627,1.000000
2023-08-15,aapl,178.8800,179.4800,177.0500,177.4500,43622593,1.000000
2023-08-16,aapl,177.1300,178.5400,176.5000,176.5700,46964857,1.000000
2023-08-17,aapl,177.1400,177.5100,173.4800,174.0000,66062882,1.000000
2023-08-18,aapl,172.3000,175.1000,171.9600,174.4900,61172150,1.000000
2023-08-21,aapl,175.0700,176.1300,173.7400,175.8400,46311879,1.000000
2023-08-22,aapl,177.0600,177.6800,176.2500,177.2300,42084245,1.000000
2023-08-23,aapl,178.5200,181.5500,178.3300,181.1200,52722752,1.000000
2023-08-24,aapl,180.6700,181.1000,176.0100,176.3800,54945798,1.000000
2023-08-25,aapl,177.3800,179.1500,175.8200,178.6100,51449594,1.000000
2023-08-28,aapl,180.0900,180.5900,178.5500,180.1900,43820697,1.000000
2023-08-29,aapl,179.7000,184.9000,179.5000,184.1200,53003948,1.000000
2023-08-30,aapl,184.9400,187.8500,184.7400,187.6500,60813888,1.000000
2023-08-31,aapl,187.8400,189.1200,187.4800,187.8700,60794467,1.000000
2023-09-01,aapl,189.4900,189.9200,188.2800,189.4600,45766503,1.000000
2023-09-05,aapl,188.2800,189.9800,187.6100,189.7000,45280027,1.000000
2023-09-06,aapl,188.4000,188.8500,181.4700,182.9100,81755816,1.000000
2023-09-07,aapl,175.1800,178.2100,173.5400,177.5600,112488803,1.000000
2023-09-08,aapl,178.3500,180.2400,177.7900,178.1800,65602066,1.000000
2023-09-11,aapl,180.0700,180.3000,177.3400,179.3600,58953052,1.000000
2023-09-12,aapl,179.4900,180.1300,174.8200,176.3000,90370192,1.000000
2023-09-13,aapl,176.5100,177.3000,173.9800,174.2100,84267928,1.000000
2023-09-14,aapl,174.0000,176.1000,173.5800,175.7400,60895757,1.000000
2023-09-15,aapl,176.4800,176.5000,173.8200,175.0100,109259461,1.000000
2023-09-18,aapl,176.4800,179.3800,176.1700,177.9700,67257573,1.000000
2023-09-19,aapl,177.5200,179.6300,177.1300,179.0700,51826941,1.000000
2023-09-20,aapl,179.2600,179.7000,175.4000,175.4900,58436181,1.000000
2023-09-21,aapl,174.5500,176.3000,173.8600,173.9300,63149116,1.000000
2023-09-22,aapl,174.6700,177.0800,174.0500,174.7900,56725385,1.000000
2023-09-25,aapl,174.2000,176.9700,174.1500,176.0800,46172740,1.000000
2023-09-26,aapl,174.8200,175.2000,171.6600,171.9600,64588945,1.000000
2023-09-27,aapl,172.6200,173.0400,169.0500,170.4300,66921808,1.000000
2023-09-28,aapl,169.3400,172.0300,167.6200,170.6900,56294419,1.000000
2023-09-29,aapl,172.0200,173.0700,170.3400,171.2100,51861083,1.000000
2023-10-02,aapl,171.2200,174.3000,170.9300,173.7500,52164535,1.000000
2023-10-03,aapl,172.2600,173.6300,170.8200,172.4000,49594613,1.000000
2023-10-04,aapl,171.0900,174.2100,170.9700,173.6600,53020286,1.000000
2023-10-05,aapl,173.7900,175.4500,172.6800,174.9100,48527918,1.000000
2023-10-06,aapl,173.8000,177.9900,173.1800,177.4900,57266675,1.000000
2023-10-09,aapl,176.8100,179.0500,175.8000,178.9900,42390772,1.000000
2023-10-10,aapl,178.1000,179.7200,177.9500,178.3900,43698019,1.000000
2023-10-11,aapl,178.2000,179.8500,177.6000,179.8000,47551098,1.000000
2023-10-12,aapl,180.0700,182.3400,179.0400,180.7100,56743119,1.000000
2023-10-13,aapl,181.4200,181.9300,178.1400,178.8500,51456082,1.000000
2023-10-16,aapl,176.7500,179.0800,176.5100,178.7200,52516984,1.000000
2023-10-17,aapl,176.6500,178.4200,174.8000,177.1500,57549350,1.000000
2023-10-18,aapl,175.5800,177.5800,175.1100,175.8400,54764375,1.000000
2023-10-19,aapl,176.0400,177.8400,175.1900,175.4600,59302863,1.000000
2023-10-20,aapl,175.3100,175.4200,172.6400,172.8800,64244028,1.000000
2023-10-23,aapl,170.9100,174.0100,169.9300,173.0000,55980109,1.000000
2023-10-24,aapl,173.0500,173.6700,171.4500,173.4400,43816644,1.000000
2023-10-25,aapl,171.8800,173.0600,170.6500,171.1000,57156962,1.000000
2023-10-26,aapl,170.3700,171.3800,165.6700,166.8900,70625258,1.000000
2023-10-27,aapl,166.9100,168.9600,166.8300,168.2200,58494563,1.000000
2023-10-30,aapl,169.0200,171.1700,168.8700,170.2900,51130955,1.000000
2023-10-31,aapl,169.3500,170.9000,167.9000,170.7700,44846017,1.000000
2023-11-01,aapl,171.0000,174.2300,170.1200,173.9700,56934906,1.000000
2023-11-02,aapl,175.5200,177.7800,175.4600,177.5700,77334752,1.000000
2023-11-03,aapl,174.2400,176.8200,173.3500,176.6500,79829246,1.000000
2023-11-06,aapl,176.3800,179.4300,176.2100,179.2300,63841310,1.000000
2023-11-07,aapl,179.1800,182.4400,178.9700,181.8200,70529966,1.000000
2023-11-08,aapl,182.3500,183.4500,181.5900,182.8900,49340282,1.000000
2023-11-09,aapl,182.9600,184.1200,181.8100,182.4100,53763540,1.000000
2023-11-10,aapl,183.9700,186.5700,183.5300,186.4000,66177922,1.000000
2023-11-13,aapl,185.8200,186.0300,184.2100,184.8000,43627519,1.000000
2023-11-14,aapl,187.7000,188.1100,186.3000,187.4400,60108378,1.000000
2023-11-15,aapl,187.8500,189.5000,187.7800,188.0100,53790499,1.000000
2023-11-16,aapl,189.5700,190.9600,188.6500,189.7100,54412915,1.000000
2023-11-17,aapl,190.2500,190.3800,188.5700,189.6900,50941404,1.000000
2023-11-20,aapl,189.8900,191.9100,189.8800,191.4500,46538614,1.000000
2023-11-21,aapl,191.4100,191.5200,189.7400,190.6400,38134485,1.000000
2023-11-22,aapl,191.4900,192.9300,190.8300,191.3100,39630011,1.000000
2023-11-24,aapl,190.8700,190.9000,189.2500,189.9700,24048344,1.000000
2023-11-27,aapl,189.9200,190.6700,188.9000,189.7900,40552609,1.000000
2023-11-28,aapl,189.7800,191.0800,189.4000,190.4000,38415419,1.000000
2023-11-29,aapl,190.9000,192.0900,188.9700,189.3700,43014224,1.000000
2023-11-30,aapl,189.8400,190.3200,188.1900,189.9500,48794366,1.000000
2023-12-01,aapl,190.3300,191.5600,189.2300,191.2400,45704823,1.000000
2023-12-04,aapl,189.9800,190.0500,187.4500,189.4300,43389519,1.000000
2023-12-05,aapl,190.2100,194.4000,190.1800,193.4200,66628398,1.000000
2023-12-06,aapl,194.4500,194.7600,192.1100,192.3200,41089737,1.000000
2023-12-07,aapl,193.6300,195.0000,193.5900,194.2700,47477655,1.000000
2023-12-08,aapl,194.2000,195.9900,193.6700,195.7100,53406358,1.000000
2023-12-11,aapl,193.1100,193.4900,191.4200,193.1800,60943699,1.000000
2023-12-12,aapl,193.0800,194.7200,191.7200,194.7100,52696900,1.000000
2023-12-13,aapl,195.0900,198.0000,194.8500,197.9600,70404183,1.000000
2023-12-14,aapl,198.0200,199.6200,196.1600,198.1100,66831572,1.000000
2023-12-15,aapl,197.5300,198.4000,197.0000,197.5700,128538401,1.000000
2023-12-18,aapl,196.0900,196.6300,194.3900,195.8900,55751861,1.000000
2023-12-19,aapl,196.1600,196.9500,195.8900,196.9400,40714051,1.000000
2023-12-20,aapl,196.9000,197.6800,194.8300,194.8300,52242815,1.000000
2023-12-21,aapl,196.1000,197.0800,193.5000,194.6800,46482549,1.000000
2023-12-22,aapl,195.1800,195.4100,192.9700,193.6000,37149570,1.000000
2023-12-26,aapl,193.6100,193.8900,192.8300,193.0500,28919310,1.000000
2023-12-27,aapl,192.4900,193.5000,191.0900,193.1500,48087681,1.000000
2023-12-28,aapl,194.1400,194.6600,193.1700,193.5800,34049898,1.000000
2023-12-29,aapl,193.9000,194.4000,191.7300,192.5300,42672148,1.000000
2024-01-02,aapl,187.1500,188.4400,183.8900,185.6400,82488674,1.000000
2024-01-03,aapl,184.2200,185.8800,183.4300,184.2500,58414460,1.000000
2024-01-04,aapl,182.1500,183.0900,180.8800,181.9100,71983570,1.000000
2024-01-05,aapl,181.9900,182.7600,180.1700,181.1800,62379661,1.000000
2024-01-08,aapl,182.0900,185.6000,181.5000,185.5600,59144470,1.000000
2024-01-09,aapl,183.9200,185.1500,182.7300,185.1400,42841809,1.000000
2024-01-10,aapl,184.3500,186.4000,183.9200,186.1900,46792908,1.000000
2024-01-11,aapl,186.5400,187.0500,183.6200,185.5900,49128408,1.000000
2024-01-12,aapl,186.0600,186.7400,185.1900,185.9200,40477782,1.000000
2024-01-16,aapl,182.1600,184.2600,180.9300,183.6300,65603041,1.000000
2024-01-17,aapl,181.2700,182.9300,180.3000,182.6800,47317433,1.000000
2024-01-18,aapl,186.0900,189.1400,185.8300,188.6300,78005754,1.000000
2024-01-19,aapl,189.3300,191.9500,188.8200,191.5600,68902985,1.000000
2024-01-22,aapl,192.3000,195.3300,192.2600,193.8900,60133852,1.000000
2024-01-23,aapl,195.0200,195.7500,193.8300,195.1800,42355590,1.000000
2024-01-24,aapl,195.4200,196.3800,194.3400,194.5000,53631316,1.000000
2024-01-25,aapl,195.2200,196.2700,193.1100,194.1700,54822126,1.000000
2024-01-26,aapl,194.2700,194.7600,191.9400,192.4200,44594011,1.000000
2024-01-29,aapl,192.0100,192.2000,189.5800,191.7300,47145622,1.000000
2024-01-30,aapl,190.9400,191.8000,187.4700,188.0400,55859370,1.000000
2024-01-31,aapl,187.0400,187.1000,184.3500,184.4000,55467803,1.000000
2024-02-01,aapl,183.9900,186.9500,183.8200,186.8600,64885408,1.000000
2024-02-02,aapl,179.8600,187.3300,179.2500,185.8500,102551680,1.000000
2024-02-05,aapl,188.1500,189.2500,185.8400,187.6800,69668820,1.000000
2024-02-06,aapl,186.8600,189.3100,186.7700,189.3000,43490759,1.000000
2024-02-07,aapl,190.6400,191.0500,188.6100,189.4100,53438955,1.000000
2024-02-08,aapl,189.3900,189.5400,187.3500,188.3200,40962046,1.000000
2024-02-09,aapl,188.6500,189.9900,188.0000,188.8500,45155216,1.000000
2024-02-12,aapl,188.4200,188.6700,186.7900,187.1500,41781934,1.000000
2024-02-13,aapl,185.7700,186.2100,183.5100,185.0400,56529529,1.000000
2024-02-14,aapl,185.3200,185.5300,182.4400,184.1500,54630517,1.000000
2024-02-15,aapl,183.5500,184.4900,181.3500,183.8600,65434496,1.000000
2024-02-16,aapl,183.4200,184.8500,181.6700,182.3100,49752465,1.000000
2024-02-20,aapl,181.7900,182.4300,180.0000,181.5600,53665553,1.000000
2024-02-21,aapl,181.9400,182.8900,180.6600,182.3200,41529674,1.000000
2024-02-22,aapl,183.4800,184.9600,182.4600,184.3700,52292208,1.000000
2024-02-23,aapl,185.0100,185.0400,182.2300,182.5200,45119677,1.000000
2024-02-26,aapl,182.2400,182.7600,180.6500,181.1600,40867421,1.000000
2024-02-27,aapl,181.1000,183.9200,179.5600,182.6300,54318851,1.000000
2024-02-28,aapl,182.5100,183.1200,180.1300,181.4200,48953939,1.000000
2024-02-29,aapl,181.2700,182.5700,179.5300,180.7500,136682597,1.000000
2024-03-01,aapl,179.5500,180.5300,177.3800,179.6600,73563082,1.000000
2024-03-04,aapl,176.1500,176.9000,173.7900,175.1000,81510101,1.000000
2024-03-05,aapl,170.7600,172.0400,169.6200,170.1200,95132355,1.000000
2024-03-06,aapl,171.0600,171.2400,168.6800,169.1200,68587707,1.000000
2024-03-07,aapl,169.1500,170.7300,168.4900,169.0000,71765061,1.000000
2024-03-08,aapl,169.0000,173.7000,168.9400,170.7300,76267041,1.000000
2024-03-11,aapl,172.9400,174.3800,172.0500,172.7500,60139473,1.000000
2024-03-12,aapl,173.1500,174.0300,171.0100,173.2300,59825372,1.000000
2024-03-13,aapl,172.7700,173.1900,170.7600,171.1300,52488692,1.000000
2024-03-14,aapl,172.9100,174.3100,172.0500,173.0000,72913507,1.000000
2024-03-15,aapl,171.1700,172.6200,170.2900,172.6200,121752699,1.000000
2024-03-18,aapl,175.5700,177.7100,173.5200,173.7200,75604184,1.000000
2024-03-19,aapl,174.3400,176.6100,173.0300,176.0800,55215244,1.000000
2024-03-20,aapl,175.7200,178.6700,175.0900,178.6700,53423102,1.000000
2024-03-21,aapl,177.0500,177.4900,170.8400,171.3700,106181270,1.000000
2024-03-22,aapl,171.7600,173.0500,170.0600,172.2800,71160138,1.000000
2024-03-25,aapl,170.5700,171.9400,169.4500,170.8500,54288328,1.000000
2024-03-26,aapl,170.0000,171.4200,169.5800,169.7100,57388449,1.000000
2024-03-27,aapl,170.4100,173.6000,170.1100,173.3100,60273265,1.000000
2024-03-28,aapl,171.7500,172.2300,170.5100,171.4800,65672690,1.000000
2024-04-01,aapl,171.1900,171.2500,169.4800,170.0300,46240500,1.000000
2024-04-02,aapl,169.0800,169.3400,168.2300,168.8400,49329481,1.000000
2024-04-03,aapl,168.7900,170.6800,168.5800,169.6500,47691715,1.000000
2024-04-04,aapl,170.2900,171.9200,168.8200,168.8200,53704386,1.000000
2024-04-05,aapl,169.5900,170.3900,168.9500,169.5800,42104826,1.000000
2024-04-08,aapl,169.0300,169.2000,168.2400,168.4500,37425513,1.000000
2024-04-09,aapl,168.7000,170.0800,168.3500,169.6700,42451209,1.000000
2024-04-10,aapl,168.8000,169.0900,167.1100,167.7800,49709336,1.000000
2024-04-11,aapl,168.3400,175.4600,168.1600,175.0400,91070275,1.000000
2024-04-12,aapl,174.2600,178.3600,174.2100,176.5500,101670886,1.000000
2024-04-15,aapl,175.3600,176.6300,172.5000,172.6900,73531773,1.000000
2024-04-16,aapl,171.7500,173.7600,168.2700,169.3800,73711235,1.000000
2024-04-17,aapl,169.6100,170.6500,168.0000,168.0000,50901210,1.000000
2024-04-18,aapl,168.0300,168.6400,166.5500,167.0400,43122903,1.000000
2024-04-19,aapl,166.2100,166.4000,164.0800,165.0000,68149377,1.000000
2024-04-22,aapl,165.5200,167.2600,164.7700,165.8400,48116443,1.000000
2024-04-23,aapl,165.3500,167.0500,164.9200,166.9000,49537761,1.000000
2024-04-24,aapl,166.5400,169.3000,166.2100,169.0200,48251835,1.000000
2024-04-25,aapl,169.5300,170.6100,168.1500,169.8900,50558329,1.000000
2024-04-26,aapl,169.8800,171.3400,169.1800,169.3000,44838354,1.000000
2024-04-29,aapl,173.3700,176.0300,173.1000,173.5000,68169419,1.000000
2024-04-30,aapl,173.3300,174.9900,170.0000,170.3300,65934776,1.000000
2024-05-01,aapl,169.5800,172.7100,169.1100,169.3000,50383147,1.000000
2024-05-02,aapl,172.5100,173.4200,170.8900,173.0300,94214915,1.000000
2024-05-03,aapl,186.6500,187.0000,182.6600,183.3800,163224109,1.000000
2024-05-06,aapl,182.3500,184.2000,180.4200,181.7100,78569667,1.000000
2024-05-07,aapl,183.4500,184.9000,181.3200,182.4000,77305771,1.000000
2024-05-08,aapl,182.8500,183.0700,181.4500,182.7400,45057087,1.000000
2024-05-09,aapl,182.5600,184.6600,182.1100,184.5700,48982972,1.000000
2024-05-10,aapl,184.9000,185.0900,182.1300,183.0500,50759496,1.000000
2024-05-13,aapl,185.4400,187.1000,184.6200,186.2800,72044809,1.000000
2024-05-14,aapl,187.5100,188.3000,186.2900,187.4300,52393619,1.000000
2024-05-15,aapl,187.9100,190.6500,187.3700,189.7200,70399988,1.000000
2024-05-16,aapl,190.4700,191.1000,189.6600,189.8400,52845230,1.000000
2024-05-17,aapl,189.5100,190.8100,189.1800,189.8700,41282925,1.000000
2024-05-20,aapl,189.3300,191.9200,189.0100,191.0400,44361275,1.000000
2024-05-21,aapl,191.0900,192.7300,190.9200,192.3500,42309401,1.000000
2024-05-22,aapl,192.2700,192.8200,190.2700,190.9000,34648547,1.000000
2024-05-23,aapl,190.9800,191.0000,186.6300,186.8800,51005924,1.000000
2024-05-24,aapl,188.8200,190.5800,188.0400,189.9800,36326975,1.000000
2024-05-28,aapl,191.5100,193.0000,189.1000,189.9900,52280051,1.000000
2024-05-29,aapl,189.6100,192.2500,189.5100,190.2900,53068016,1.000000
2024-05-30,aapl,190.7600,192.1800,190.6300,191.2900,49947941,1.000000
2024-05-31,aapl,191.4400,192.5700,189.9100,192.2500,75158277,1.000000
2024-06-03,aapl,192.9000,194.9900,192.5200,194.0300,50080539,1.000000
2024-06-04,aapl,194.6400,195.3200,193.0300,194.3500,47471445,1.000000
2024-06-05,aapl,195.4000,196.9000,194.8700,195.8700,54156785,1.000000
2024-06-06,aapl,195.6900,196.5000,194.1700,194.4800,41181753,1.000000
2024-06-07,aapl,194.6500,196.9400,194.1400,196.8900,53103912,1.000000
2024-06-10,aapl,196.9000,197.3000,192.1500,193.1200,97262077,1.000000
2024-06-11,aapl,193.6500,207.1600,193.6300,207.1500,172373296,1.000000
2024-06-12,aapl,207.3700,220.2000,206.9000,213.0700,198134293,1.000000
2024-06-13,aapl,214.7400,216.7500,211.6000,214.2400,97862729,1.000000
2024-06-14,aapl,213.8500,215.1700,211.3000,212.4900,70122748,1.000000
2024-06-17,aapl,213.3700,218.9500,212.7200,216.6700,93728300,1.000000
2024-06-18,aapl,217.5900,218.6300,213.0000,214.2900,79943254,1.000000
2024-06-20,aapl,213.9300,214.2400,208.8500,209.6800,86172451,1.000000
2024-06-21,aapl,210.3900,211.8900,207.1100,207.4900,246421353,1.000000
2024-06-24,aapl,207.7200,212.7000,206.5900,208.1400,80727006,1.000000
2024-06-25,aapl,209.1500,211.3800,208.6100,209.0700,56713868,1.000000
2024-06-26,aapl,211.5000,214.8600,210.6400,213.2500,66213186,1.000000
2024-06-27,aapl,214.6900,215.7400,212.3500,214.1000,49772707,1.000000
2024-06-28,aapl,215.7700,216.0700,210.3000,210.6200,82542718,1.000000
2024-07-01,aapl,212.0900,217.5100,211.9200,216.7500,60402929,1.000000
2024-07-02,aapl,216.1500,220.3800,215.1000,220.2700,58046178,1.000000
2024-07-03,aapl,220.0000,221.5500,219.0300,221.5500,37369801,1.000000
2024-07-05,aapl,221.6500,226.4500,221.6500,226.3400,60412408,1.000000
2024-07-08,aapl,227.0900,227.8500,223.2500,227.8200,59085861,1.000000
2024-07-09,aapl,227.9300,229.4000,226.3700,228.6800,48169822,1.000000
2024-07-10,aapl,229.3000,233.0800,229.2500,232.9800,62627687,1.000000
2024-07-11,aapl,231.3900,232.3900,225.7700,227.5700,64710617,1.000000
2024-07-12,aapl,228.9200,232.6400,228.6800,230.5400,53046527,1.000000
2024-07-15,aapl,236.4800,237.2300,233.0900,234.4000,62631252,1.000000
2024-07-16,aapl,235.0000,236.2700,232.3300,234.8200,43234278,1.000000
2024-07-17,aapl,229.4500,231.4600,226.6400,228.8800,57345884,1.000000
2024-07-18,aapl,230.2800,230.4400,222.2700,224.1800,66034585,1.000000
2024-07-19,aapl,224.8200,226.8000,223.2800,224.3100,49151453,1.000000
2024-07-22,aapl,227.0100,227.7800,223.0900,223.9600,48201835,1.000000
2024-07-23,aapl,224.3700,226.9400,222.6800,225.0100,39960260,1.000000
2024-07-24,aapl,224.0000,224.8000,217.1300,218.5400,61777576,1.000000
2024-07-25,aapl,218.9300,220.8500,214.6200,217.4900,51391199,1.000000
2024-07-26,aapl,218.7000,219.4900,216.0100,217.9600,41601345,1.000000
2024-07-29,aapl,216.9600,219.3000,215.7500,218.2400,36311778,1.000000
2024-07-30,aapl,219.1900,220.3300,216.1200,218.8000,41643840,1.000000
2024-07-31,aapl,221.4400,223.8200,220.6300,222.0800,50036262,1.000000
2024-08-01,aapl,224.3700,224.4800,217.0200,218.3600,62500996,1.000000
2024-08-02,aapl,219.1500,225.6000,217.7100,219.8600,105568560,1.000000
2024-08-05,aapl,199.0900,213.5000,196.0000,209.2700,119548589,1.000000
2024-08-06,aapl,205.3000,209.9900,201.0700,207.2300,69660488,1.000000
2024-08-07,aapl,206.9000,213.6400,206.3900,209.8200,63516417,1.000000
2024-08-08,aapl,213.1100,214.2000,208.8300,213.3100,47161149,1.000000
2024-08-09,aapl,212.1000,216.7800,211.9700,216.2400,42201646,1.000000
2024-08-12,aapl,216.0700,219.5100,215.6000,217.5300,38028092,1.000000
2024-08-13,aapl,219.0100,221.8900,219.0100,221.2700,44155331,1.000000
2024-08-14,aapl,220.5700,223.0300,219.7000,221.7200,41960574,1.000000
2024-08-15,aapl,224.6000,225.3500,222.7600,224.7200,46414013,1.000000
2024-08-16,aapl,223.9200,226.8300,223.6500,226.0500,44340240,1.000000
2024-08-19,aapl,225.7200,225.9900,223.0400,225.8900,40687813,1.000000
2024-08-20,aapl,225.7700,227.1700,225.4500,226.5100,30299033,1.000000
2024-08-21,aapl,226.5200,227.9800,225.0500,226.4000,34765480,1.000000
2024-08-22,aapl,227.7900,228.3400,223.9000,224.5300,43695321,1.000000
2024-08-23,aapl,225.6600,228.2200,224.3300,226.8400,38677250,1.000000
2024-08-26,aapl,226.7600,227.2800,223.8900,227.1800,30602208,1.000000
2024-08-27,aapl,226.0000,228.8500,224.8900,228.0300,35934559,1.000000
2024-08-28,aapl,227.9200,229.8600,225.6800,226.4900,38052167,1.000000
2024-08-29,aapl,230.1000,232.9200,228.8800,229.7900,51906297,1.000000
2024-08-30,aapl,230.1900,230.4000,227.4800,229.0000,52990770,1.000000
2024-09-03,aapl,228.5500,229.0000,221.1700,222.7700,50190574,1.000000
2024-09-04,aapl,221.6600,221.7800,217.4800,220.8500,43840196,1.000000
2024-09-05,aapl,221.6300,225.4800,221.5200,222.3800,36615398,1.000000
2024-09-06,aapl,223.9500,225.2400,219.7700,220.8200,48423011,1.000000
2024-09-09,aapl,220.8200,221.2700,216.7100,220.9100,67179965,1.000000
2024-09-10,aapl,218.9200,221.4800,216.7300,220.1100,51591033,1.000000
2024-09-11,aapl,221.4600,223.0900,217.8900,222.6600,44587072,1.000000
2024-09-12,aapl,222.5000,223.5500,219.8200,222.7700,37498225,1.000000
2024-09-13,aapl,223.5800,224.0400,221.9100,222.5000,36766619,1.000000
2024-09-16,aapl,216.5400,217.2200,213.9200,216.3200,59357427,1.000000
2024-09-17,aapl,215.7500,216.9000,214.5000,216.7900,45519339,1.000000
2024-09-18,aapl,217.5500,222.7100,217.5400,220.6900,59894928,1.000000
2024-09-19,aapl,224.9900,229.8200,224.6300,228.8700,66781315,1.000000
2024-09-20,aapl,229.9700,233.0900,227.6200,228.2000,318679888,1.000000
2024-09-23,aapl,227.3400,229.4500,225.8100,226.4700,54146023,1.000000
2024-09-24,aapl,228.6500,229.3500,225.7300,227.3700,43556068,1.000000
2024-09-25,aapl,224.9300,227.2900,224.0200,226.3700,42308715,1.000000
2024-09-26,aapl,227.3000,228.5000,225.4100,227.5200,36636707,1.000000
2024-09-27,aapl,228.4600,229.5200,227.3000,227.7900,34025967,1.000000
2024-09-30,aapl,230.0400,233.0000,229.6500,233.0000,54793391,1.000000
2024-10-01,aapl,229.5200,229.6500,223.7400,226.2100,63285048,1.000000
2024-10-02,aapl,225.8900,227.3700,223.0200,226.7800,32880605,1.000000
2024-10-03,aapl,225.1400,226.8100,223.3200,225.6700,34044158,1.000000
2024-10-04,aapl,227.9000,228.0000,224.1300,226.8000,37345098,1.000000
2024-10-07,aapl,224.5000,225.6900,221.3300,221.6900,39505354,1.000000
2024-10-08,aapl,224.3000,225.9800,223.2500,225.7700,31855693,1.000000
2024-10-09,aapl,225.2300,229.7500,224.8300,229.5400,33591091,1.000000
2024-10-10,aapl,227.7800,229.5000,227.1700,229.0400,28183544,1.000000
2024-10-11,aapl,229.3000,229.4100,227.3400,227.5500,31759188,1.000000
2024-10-14,aapl,228.7000,231.7300,228.6000,231.3000,39882085,1.000000
2024-10-15,aapl,233.6100,237.4900,232.3700,233.8500,64751367,1.000000
2024-10-16,aapl,231.6000,232.1200,229.8400,231.7800,34082240,1.000000
2024-10-17,aapl,233.4300,233.8500,230.5200,232.1500,32993810,1.000000
2024-10-18,aapl,236.1800,236.1800,234.0100,235.0000,46431472,1.000000
2024-10-21,aapl,234.4500,236.8500,234.4500,236.4800,36254470,1.000000
2024-10-22,aapl,233.8900,236.2200,232.6000,235.8600,38846578,1.000000
2024-10-23,aapl,234.0800,235.1400,227.7600,230.7600,52286979,1.000000
2024-10-24,aapl,229.9800,230.8200,228.4100,230.5700,31109503,1.000000
2024-10-25,aapl,229.7400,233.2200,229.5700,231.4100,38802304,1.000000
2024-10-28,aapl,233.3200,234.7300,232.5500,233.4000,36087134,1.000000
2024-10-29,aapl,233.1000,234.3300,232.3200,233.6700,35417247,1.000000
2024-10-30,aapl,232.6100,233.4700,229.5500,230.1000,47070907,1.000000
2024-10-31,aapl,229.3400,229.8300,225.3700,225.9100,64370086,1.000000
2024-11-01,aapl,220.9700,225.3500,220.2700,222.9100,65276741,1.000000
2024-11-04,aapl,220.9900,222.7900,219.7100,222.0100,44944468,1.000000
2024-11-05,aapl,221.8000,223.9500,221.1400,223.4500,28111338,1.000000
2024-11-06,aapl,222.6100,226.0700,221.1900,222.7200,54561121,1.000000
2024-11-07,aapl,224.6300,227.8800,224.5700,227.4800,42137691,1.000000
2024-11-08,aapl,227.1700,228.6600,226.4100,226.9600,38328824,1.000000
2024-11-11,aapl,225.0000,225.7000,221.5000,224.2300,42005602,1.000000
2024-11-12,aapl,224.5500,225.5900,223.3600,224.2300,40398299,1.000000
2024-11-13,aapl,224.0100,226.6500,222.7600,225.1200,48566217,1.000000
2024-11-14,aapl,225.0200,228.8700,225.0000,228.2200,44923941,1.000000
2024-11-15,aapl,226.4000,226.9200,224.2700,225.0000,47923696,1.000000
2024-11-18,aapl,225.2500,229.7400,225.1700,228.0200,44686020,1.000000
2024-11-19,aapl,226.9800,230.1600,226.6600,228.2800,36211774,1.000000
2024-11-20,aapl,228.0600,229.9300,225.8900,229.0000,35169566,1.000000
2024-11-21,aapl,228.8800,230.1600,225.7100,228.5200,42108327,1.000000
2024-11-22,aapl,228.0600,230.7200,228.0600,229.8700,38168252,1.000000
2024-11-25,aapl,231.4600,233.2500,229.7400,232.8700,90152832,1.000000
2024-11-26,aapl,233.3300,235.5700,233.3300,235.0600,45986189,1.000000
2024-11-27,aapl,234.4700,235.6900,233.8100,234.9300,33498439,1.000000
2024-11-29,aapl,234.8100,237.8100,233.9700,237.3300,28481377,1.000000
2024-12-02,aapl,237.2700,240.7900,237.1600,239.5900,48137103,1.000000
2024-12-03,aapl,239.8100,242.7600,238.9000,242.6500,38861017,1.000000
2024-12-04,aapl,242.8700,244.1100,241.2500,243.0100,44383935,1.000000
2024-12-05,aapl,243.9900,244.5400,242.1300,243.0400,40033878,1.000000
2024-12-06,aapl,242.9100,244.6300,242.0800,242.8400,36870619,1.000000
2024-12-09,aapl,241.8300,247.2400,241.7500,246.7500,44649232,1.000000
2024-12-10,aapl,246.8900,248.2100,245.3400,247.7700,36914806,1.000000
2024-12-11,aapl,247.9600,250.8000,246.2600,246.4900,45205814,1.000000
2024-12-12,aapl,246.8900,248.7400,245.6800,247.9600,32777532,1.000000
2024-12-13,aapl,247.8200,249.2900,246.2400,248.1300,33155290,1.000000
2024-12-16,aapl,247.9900,251.3800,247.6500,251.0400,51694753,1.000000
2024-12-17,aapl,250.0800,253.8300,249.7800,253.4800,51356360,1.000000
2024-12-18,aapl,252.1600,254.2800,247.7400,248.0500,56774101,1.000000
2024-12-19,aapl,247.5000,252.0000,247.0900,249.7900,60882264,1.000000
2024-12-20,aapl,248.0400,255.0000,245.6900,254.4900,147495267,1.000000
2024-12-23,aapl,254.7700,255.6500,253.4500,255.2700,40858774,1.000000
2024-12-24,aapl,255.4900,258.2100,255.2900,258.2000,23234705,1.000000
2024-12-26,aapl,258.1900,260.1000,257.6300,259.0200,27262983,1.000000
2024-12-27,aapl,257.8300,258.7000,253.0600,255.5900,42355321,1.000000
2024-12-30,aapl,252.2300,253.5000,250.7500,252.2000,35557542,1.000000
2024-12-31,aapl,252.4400,253.2800,249.4300,250.4200,39480718,1.000000
2025-01-02,aapl,248.9300,249.1000,241.8200,243.8500,55740731,1.000000
2025-01-03,aapl,243.3600,244.1800,241.8900,243.3600,40244114,1.000000
2025-01-06,aapl,244.3100,247.3300,243.2000,245.0000,45045571,1.000000
2025-01-07,aapl,242.9800,245.5500,241.3500,242.2100,40855960,1.000000
2025-01-08,aapl,241.9200,243.7100,240.0500,242.7000,37628940,1.000000
2025-01-10,aapl,240.0100,240.1600,233.0000,236.8500,61710856,1.000000
2025-01-13,aapl,233.5300,234.6700,229.7200,234.4000,49630725,1.000000
2025-01-14,aapl,234.7500,236.1200,232.4700,233.2800,39435294,1.000000
2025-01-15,aapl,234.6400,238.9600,234.4300,237.8700,39831969,1.000000
2025-01-16,aapl,237.3500,238.0100,228.0300,228.2600,71759052,1.000000
2025-01-17,aapl,232.1200,232.2900,228.4800,229.9800,68488301,1.000000
2025-01-21,aapl,224.0000,224.4200,219.3800,222.6400,98070429,1.000000
2025-01-22,aapl,219.7900,224.1200,219.7900,223.8300,64126500,1.000000
2025-01-23,aapl,224.7400,227.0300,222.3000,223.6600,60234760,1.000000
2025-01-24,aapl,224.7800,225.6300,221.4100,222.7800,54697907,1.000000
2025-01-27,aapl,224.0200,232.1500,223.9800,229.8600,94863418,1.000000
2025-01-28,aapl,230.8500,240.1900,230.8100,238.2600,75707569,1.000000
2025-01-29,aapl,234.1200,239.8600,234.0100,239.3600,45486100,1.000000
2025-01-30,aapl,238.6700,240.7900,237.2100,237.5900,55658279,1.000000
2025-01-31,aapl,247.1900,247.1900,233.4400,236.0000,101075128,1.000000
2025-02-03,aapl,229.9900,231.8300,225.7000,228.0100,73063301,1.000000
2025-02-04,aapl,227.2500,233.1300,226.6500,232.8000,45067301,1.000000
2025-02-05,aapl,228.5300,232.6700,228.2700,232.4700,39664989,1.000000
2025-02-06,aapl,231.2900,233.8000,230.4300,233.2200,29925349,1.000000
2025-02-07,aapl,232.6000,234.0000,227.2600,227.6300,39707224,1.000000
2025-02-10,aapl,229.5700,230.5900,227.2000,227.6500,33115645,1.000000
2025-02-11,aapl,228.2000,235.2300,228.1300,232.6200,53718362,1.000000
2025-02-12,aapl,231.2000,236.9600,230.6800,236.8700,45243292,1.000000
2025-02-13,aapl,236.9100,242.3400,235.5700,241.5300,53614054,1.000000
2025-02-14,aapl,241.2500,245.5500,240.9900,244.6000,40896227,1.000000
2025-02-18,aapl,244.1500,245.1800,241.8400,244.4700,48822491,1.000000
2025-02-19,aapl,244.6600,246.0100,243.1600,244.8700,32204215,1.000000
2025-02-20,aapl,244.9400,246.7800,244.2900,245.8300,32316907,1.000000
2025-02-21,aapl,245.9500,248.6900,245.2200,245.5500,53197431,1.000000
2025-02-24,aapl,244.9300,248.8600,244.4200,247.1000,51326396,1.000000
2025-02-25,aapl,248.0000,250.0000,244.9100,247.0400,48013272,1.000000
2025-02-26,aapl,244.3300,244.9800,239.1300,240.3600,44433564,1.000000
2025-02-27,aapl,239.4100,242.4600,237.0600,237.3000,41153639,1.000000
2025-02-28,aapl,236.9500,242.0900,230.2000,241.8400,56833360,1.000000
2025-03-03,aapl,241.7900,244.0300,236.1100,238.0300,47183985,1.000000
2025-03-04,aapl,237.7100,240.0700,234.6800,235.9300,53798062,1.000000
2025-03-05,aapl,235.4200,236.5500,229.2300,235.7400,47227643,1.000000
2025-03-06,aapl,234.4400,237.8600,233.1600,235.3300,45170419,1.000000
2025-03-07,aapl,235.1100,241.3700,234.7600,239.0700,46273565,1.000000
2025-03-10,aapl,235.5400,236.1600,224.2200,227.4800,72071197,1.000000
2025-03-11,aapl,223.8100,225.8400,217.4500,220.8400,76137410,1.000000
2025-03-12,aapl,220.1400,221.7500,214.9100,216.9800,62547467,1.000000
2025-03-13,aapl,215.9500,216.8400,208.4200,209.6800,61368330,1.000000
2025-03-14,aapl,211.2500,213.9500,209.5800,213.4900,60107582,1.000000
2025-03-17,aapl,213.3100,215.2200,209.9700,214.0000,48073426,1.000000
2025-03-18,aapl,214.1600,215.1500,211.4900,212.6900,42432426,1.000000
2025-03-19,aapl,214.2200,218.7600,213.7500,215.2400,54385391,1.000000
2025-03-20,aapl,213.9900,217.4900,212.2200,214.1000,48862947,1.000000
2025-03-21,aapl,211.5600,218.8400,211.2800,218.2700,94127768,1.000000
2025-03-24,aapl,221.0000,221.4800,218.5800,220.7300,44299483,1.000000
2025-03-25,aapl,220.7700,224.1000,220.0800,223.7500,34493583,1.000000
2025-03-26,aapl,223.5100,225.0200,220.4700,221.5300,34532656,1.000000
2025-03-27,aapl,221.3900,224.9900,220.5600,223.8500,37094774,1.000000
2025-03-28,aapl,221.6700,223.8100,217.6800,217.9000,39818617,1.000000
2025-03-31,aapl,217.0100,225.6200,216.2300,222.1300,65299321,1.000000
2025-04-01,aapl,219.8100,223.6800,218.9000,223.1900,36412740,1.000000
2025-04-02,aapl,221.3200,225.1900,221.0200,223.8900,35905904,1.000000
2025-04-03,aapl,205.5400,207.4900,201.2500,203.1900,103419006,1.000000
2025-04-04,aapl,193.8900,199.8800,187.3400,188.3800,125910913,1.000000
2025-04-07,aapl,177.2000,194.1500,174.6200,181.4600,160466286,1.000000
2025-04-08,aapl,186.7000,190.3400,169.2100,172.4200,120859491,1.000000
2025-04-09,aapl,171.9500,200.6100,171.8900,198.8500,184395885,1.000000
2025-04-10,aapl,189.0700,194.7800,183.0000,190.4200,121879981,1.000000
2025-04-11,aapl,186.1000,199.5400,186.0600,198.1500,87435915,1.000000
2025-04-14,aapl,211.4400,212.9400,201.1600,202.5200,101352911,1.000000
2025-04-15,aapl,201.8600,203.5100,199.8000,202.1400,51343872,1.000000
2025-04-16,aapl,198.3600,200.7000,192.3700,194.2700,59732423,1.000000
2025-04-17,aapl,197.2000,198.8300,194.4200,196.9800,52164675,1.000000
2025-04-21,aapl,193.2700,193.8000,189.8100,193.1600,46742537,1.000000
2025-04-22,aapl,196.1200,201.5900,195.9700,199.7400,52976371,1.000000
2025-04-23,aapl,206.0000,208.0000,202.8000,204.6000,52929165,1.000000
2025-04-24,aapl,204.8900,208.8300,202.9400,208.3700,47310989,1.000000
2025-04-25,aapl,206.3700,209.7500,206.2000,209.2800,38222258,1.000000
2025-04-28,aapl,210.0000,211.5000,207.4600,210.1400,38743074,1.000000
2025-04-29,aapl,208.6900,212.2400,208.3700,211.2100,36827633,1.000000
2025-04-30,aapl,209.3000,213.5800,206.6700,212.5000,52286454,1.000000
2025-05-01,aapl,209.0800,214.5600,208.9000,213.3200,57365675,1.000000
2025-05-02,aapl,206.0900,206.9900,202.1600,205.3500,101010621,1.000000
2025-05-05,aapl,203.1000,204.1000,198.2100,198.8900,69018452,1.000000
2025-05-06,aapl,198.2100,200.6500,197.0200,198.5100,51216482,1.000000
2025-05-07,aapl,199.1700,199.4400,193.2500,196.2500,68616943,1.000000
2025-05-08,aapl,197.7200,200.0500,194.6800,197.4900,50478872,1.000000
2025-05-09,aapl,199.0000,200.5400,197.5400,198.5300,36453923,1.000000
2025-05-12,aapl,210.9700,211.2700,206.7500,210.7900,63775814,1.000000
2025-05-13,aapl,210.4300,213.4000,209.0000,212.9300,51909332,1.000000
2025-05-14,aapl,212.4300,213.9400,210.5800,212.3300,49325825,1.000000
2025-05-15,aapl,210.9500,212.9600,209.5400,211.4500,45029473,1.000000
2025-05-16,aapl,212.3600,212.5700,209.7700,211.2600,54737850,1.000000
2025-05-19,aapl,207.9100,209.4800,204.2600,208.7800,46140527,1.000000
2025-05-20,aapl,207.6700,208.4700,205.0300,206.8600,42496635,1.000000
2025-05-21,aapl,205.1700,207.0400,200.7100,202.0900,59211774,1.000000
2025-05-22,aapl,200.7100,202.7500,199.7000,201.3600,46742407,1.000000
2025-05-23,aapl,193.6700,197.7000,193.4600,195.2700,78432918,1.000000
2025-05-27,aapl,198.3000,200.7400,197.4300,200.2100,56288475,1.000000
2025-05-28,aapl,200.5900,202.7300,199.9000,200.4200,45339678,1.000000
2025-05-29,aapl,203.5800,203.8100,198.5100,199.9500,51477938,1.000000
2025-05-30,aapl,199.3700,201.9600,196.7800,200.8500,70819942,1.000000
2025-06-02,aapl,200.2800,202.1300,200.1200,201.7000,35423294,1.000000
2025-06-03,aapl,201.3500,203.7700,200.9600,203.2700,46381567,1.000000
2025-06-04,aapl,202.9100,206.2400,202.1000,202.8200,43603985,1.000000
2025-06-05,aapl,203.5000,204.7500,200.1500,200.6300,55221235,1.000000
2025-06-06,aapl,203.0000,205.7000,202.0500,203.9200,46607693,1.000000
2025-06-09,aapl,204.3900,206.0000,200.0200,201.4500,72862557,1.000000
2025-06-10,aapl,200.6000,204.3500,200.5700,202.6700,54672608,1.000000
2025-06-11,aapl,203.5000,204.5000,198.4100,198.7800,60989857,1.000000
2025-06-12,aapl,199.0800,199.6800,197.3600,199.2000,43904635,1.000000
2025-06-13,aapl,199.7300,200.3700,195.7000,196.4500,51447349,1.000000
2025-06-16,aapl,197.3000,198.6900,196.5600,198.4200,43020691,1.000000
2025-06-17,aapl,197.2000,198.3900,195.2100,195.6400,38856152,1.000000
2025-06-18,aapl,195.9400,197.5700,195.0700,196.5800,45394689,1.000000
2025-06-20,aapl,198.2400,201.7000,196.8600,201.0000,96813542,1.000000
2025-06-23,aapl,201.6300,202.3000,198.9600,201.5000,55814272,1.000000
2025-06-24,aapl,202.5900,203.4400,200.2000,200.3000,54064033,1.000000
2025-06-25,aapl,201.4500,203.6700,200.6200,201.5600,39525730,1.000000
2025-06-26,aapl,201.4300,202.6400,199.4600,201.0000,50799121,1.000000
2025-06-27,aapl,201.8900,203.2200,200.0000,201.0800,73188571,1.000000
2025-06-30,aapl,202.0100,207.3900,199.2600,205.1700,91912816,1.000000
2025-07-01,aapl,206.6700,210.1900,206.1400,207.8200,78788867,1.000000
2025-07-02,aapl,208.9100,213.3400,208.1400,212.4400,67941811,1.000000
2025-07-03,aapl,212.1500,214.6500,211.8100,213.5500,34955836,1.000000
2025-07-07,aapl,212.6800,216.2300,208.8000,209.9500,50228984,1.000000
2025-07-08,aapl,210.1000,211.4300,208.4500,210.0100,42848928,1.000000
2025-07-09,aapl,209.5300,211.3300,207.2200,211.1400,48749367,1.000000
2025-07-10,aapl,210.5100,213.4800,210.0300,212.4100,44443635,1.000000
2025-07-11,aapl,210.5700,212.1300,209.8600,211.1600,39765812,1.000000
2025-07-14,aapl,209.9300,210.9100,207.5400,208.6200,38840111,1.000000
2025-07-15,aapl,209.2200,211.8900,208.9200,209.1100,42296339,1.000000
2025-07-16,aapl,210.3000,212.4000,208.6400,210.1600,47490532,1.000000
2025-07-17,aapl,210.5700,211.8000,209.5900,210.0200,48068141,1.000000
2025-07-18,aapl,210.8700,211.7900,209.7000,211.1800,48974591,1.000000
2025-07-21,aapl,212.1000,215.7800,211.6300,212.4800,51377434,1.000000
2025-07-22,aapl,213.1400,214.9500,212.2300,214.4000,46404072,1.000000
2025-07-23,aapl,215.0000,215.1500,212.4100,214.1500,46989301,1.000000
2025-07-24,aapl,213.9000,215.6900,213.5300,213.7600,46022620,1.000000
2025-07-25,aapl,214.7000,215.2400,213.4000,213.8800,40268781,1.000000
2025-07-28,aapl,214.0300,214.8500,213.0600,214.0500,37858017,1.000000
2025-07-29,aapl,214.1800,214.8100,210.8200,211.2700,51411723,1.000000
2025-07-30,aapl,211.9000,212.3900,207.7200,209.0500,45512514,1.000000
2025-07-31,aapl,208.4900,209.8400,207.1600,207.5700,80698431,1.000000
2025-08-01,aapl,210.8700,213.5800,201.5000,202.3800,104434473,1.000000
2025-08-04,aapl,204.5100,207.8800,201.6800,203.3500,75109298,1.000000
2025-08-05,aapl,203.4000,205.3400,202.1600,202.9200,44155079,1.000000
2025-08-06,aapl,205.6300,215.3800,205.5900,213.2500,108483103,1.000000
2025-08-07,aapl,218.8800,220.8500,216.5800,220.0300,90224834,1.000000
2025-08-08,aapl,220.8300,231.0000,219.2500,229.3500,113853967,1.000000
2025-08-11,aapl,227.9200,229.5600,224.7600,227.1800,61806132,1.000000
2025-08-12,aapl,228.0100,230.8000,227.0700,229.6500,55672301,1.000000
2025-08-13,aapl,231.0700,235.0000,230.4300,233.3300,69878546,1.000000
2025-08-14,aapl,234.0600,235.1200,230.8500,232.7800,51916275,1.000000
2025-08-15,aapl,234.0000,234.2800,229.3400,231.5900,56038657,1.000000
2025-08-18,aapl,231.7000,233.1200,230.1100,230.8900,37476188,1.000000
2025-08-19,aapl,231.2800,232.8700,229.3500,230.5600,39402564,1.000000
2025-08-20,aapl,229.9800,230.4700,225.7700,226.0100,42263865,1.000000
2025-08-21,aapl,226.2700,226.5200,223.7800,224.9000,30621249,1.000000
2025-08-22,aapl,226.1700,229.0900,225.4100,227.7600,42477811,1.000000
2025-08-25,aapl,226.4800,229.3000,226.2300,227.1600,30983133,1.000000
2025-08-26,aapl,226.8700,229.4900,224.6900,229.3100,54575107,1.000000
2025-08-27,aapl,228.6100,230.9000,228.2600,230.4900,31259513,1.000000
2025-08-28,aapl,230.8200,233.4100,229.3400,232.5600,38074700,1.000000
2025-08-29,aapl,232.5100,233.3800,231.3700,232.1400,39418437,1.000000
2025-09-02,aapl,229.2500,230.8500,226.9700,229.7200,44075638,1.000000
2025-09-03,aapl,237.2100,238.8500,234.3600,238.4700,66427835,1.000000
2025-09-04,aapl,238.4500,239.9000,236.7400,239.7800,47549429,1.000000
2025-09-05,aapl,240.0000,241.3200,238.4900,239.6900,54851889,1.000000
2025-09-08,aapl,239.3000,240.1500,236.3400,237.8800,48999495,1.000000
2025-09-09,aapl,237.0000,238.7800,233.3600,234.3500,66313918,1.000000
2025-09-10,aapl,232.1900,232.4200,225.9500,226.7900,83440810,1.000000
2025-09-11,aapl,226.8800,230.4500,226.6500,230.0300,50208578,1.000000
2025-09-12,aapl,229.2200,234.5100,229.0200,234.0700,55824216,1.000000
2025-09-15,aapl,237.0000,238.1900,235.0300,236.7000,42699524,1.000000
2025-09-16,aapl,237.1800,241.2200,236.3200,238.1500,63421099,1.000000
2025-09-17,aapl,238.9700,240.1000,237.7300,238.9900,46508017,1.000000
2025-09-18,aapl,239.9700,241.2000,236.6500,237.8800,44249576,1.000000
2025-09-19,aapl,241.2300,246.3000,240.2100,245.5000,163741314,1.000000
2025-09-22,aapl,248.3000,256.6400,248.1200,256.0800,105517416,1.000000
2025-09-23,aapl,255.8800,257.3400,253.5800,254.4300,60275187,1.000000
2025-09-24,aapl,255.2200,255.7400,251.0400,252.3100,42303710,1.000000
2025-09-25,aapl,253.2100,257.1700,251.7100,256.8700,55202075,1.000000
2025-09-26,aapl,254.1000,257.6000,253.7800,255.4600,46076258,1.000000
2025-09-29,aapl,254.5600,255.0000,253.0100,254.4300,40127687,1.000000
2025-09-30,aapl,254.8600,255.9200,253.1100,254.6300,37704259,1.000000
2025-10-01,aapl,255.0400,258.7900,254.9300,255.4500,48713940,1.000000
2025-10-02,aapl,256.5800,258.1800,254.1500,257.1300,42630239,1.000000
2025-10-03,aapl,254.6700,259.2400,253.9500,258.0200,49155614,1.000000
2025-10-06,aapl,257.9900,259.0700,255.0500,256.6900,44664118,1.000000
2025-10-07,aapl,256.8100,257.4000,255.4300,256.4800,31955776,1.000000
2025-10-08,aapl,256.5200,258.5200,256.1100,258.0600,36496895,1.000000
2025-10-09,aapl,257.8100,258.0000,253.1400,254.0400,38322012,1.000000
2025-10-10,aapl,254.9400,256.3800,244.0000,245.2700,61999098,1.000000
2025-10-13,aapl,249.3800,249.6900,245.5600,247.6600,38142942,1.000000
2025-10-14,aapl,246.6000,248.8500,244.7000,247.7700,35477986,1.000000
2025-10-15,aapl,249.4900,251.8200,247.4700,249.3400,33893611,1.000000
2025-10-16,aapl,248.2500,249.0400,245.1300,247.4500,39776974,1.000000
2025-10-17,aapl,248.0200,253.3800,247.2700,252.2900,49146961,1.000000
2025-10-20,aapl,255.8900,264.3800,255.6300,262.2400,90483029,1.000000
2025-10-21,aapl,261.8800,265.2900,261.8300,262.7700,46695948,1.000000
2025-10-22,aapl,262.6500,262.8500,255.4300,258.4500,45015254,1.000000
2025-10-23,aapl,259.9400,260.6200,258.0100,259.5800,32754941,1.000000
2025-10-24,aapl,261.1900,264.1300,259.1800,262.8200,38253717,1.000000
2025-10-27,aapl,264.8800,269.1200,264.6500,268.8100,44888152,1.000000
2025-10-28,aapl,268.9900,269.8900,268.1500,269.0000,41534759,1.000000
2025-10-29,aapl,269.2800,271.4100,267.1100,269.7000,51086742,1.000000
2025-10-30,aapl,271.9900,274.1400,268.4800,271.4000,69886534,1.000000
2025-10-31,aapl,276.9900,277.3200,269.1600,270.3700,86167123,1.000000
2025-11-03,aapl,270.4200,270.8500,266.2500,269.0500,50194583,1.000000
2025-11-04,aapl,268.3300,271.4900,267.6200,270.0400,49274846,1.000000
2025-11-05,aapl,268.6100,271.7000,266.9300,270.1400,43683072,1.000000
2025-11-06,aapl,267.8900,273.4000,267.8900,269.7700,51204045,1.000000
2025-11-07,aapl,269.8000,272.2900,266.7700,268.4700,48227365,1.000000
2025-11-10,aapl,268.9600,273.7300,267.4600,269.4300,41312412,1.000000
2025-11-11,aapl,269.8100,275.9100,269.8000,275.2500,46208318,1.000000
2025-11-12,aapl,275.0000,275.7300,271.7000,273.4700,48397982,1.000000
2025-11-13,aapl,274.1100,276.7000,272.0900,272.9500,49602794,1.000000
2025-11-14,aapl,271.0500,275.9600,269.6000,272.4100,47431331,1.000000
2025-11-17,aapl,268.8200,270.4900,265.7300,267.4600,45018260,1.000000
2025-11-18,aapl,269.9900,270.7100,265.3200,267.4400,45677278,1.000000
2025-11-19,aapl,265.5300,272.2100,265.5000,268.5600,40424492,1.000000
2025-11-20,aapl,270.8300,275.4300,265.9200,266.2500,45823568,1.000000
2025-11-21,aapl,265.9500,273.3300,265.6700,271.4900,59030832,1.000000
2025-11-24,aapl,270.9000,277.0000,270.9000,275.9200,65585796,1.000000
2025-11-25,aapl,275.2700,280.3800,275.2500,276.9700,46914220,1.000000
2025-11-26,aapl,276.9600,279.5300,276.6300,277.5500,33431423,1.000000
2025-11-28,aapl,277.2600,279.0000,275.9900,278.8500,20135620,1.000000
2025-12-01,aapl,278.0100,283.4200,276.1400,283.1000,46587722,1.000000
2025-12-02,aapl,283.0000,287.4000,282.6300,286.1900,53669532,1.000000
2025-12-03,aapl,286.2000,288.6200,283.3000,284.1500,43538687,1.000000
2025-12-04,aapl,284.1000,284.7300,278.5900,280.7000,43989056,1.000000
2025-12-05,aapl,280.5400,281.1400,278.0500,278.7800,47265845,1.000000
2025-12-08,aapl,278.1300,279.6700,276.1500,277.8900,38211832,1.000000
2025-12-09,aapl,278.1600,280.0300,276.9200,277.1800,32193256,1.000000
2025-12-10,aapl,277.7500,279.7500,276.4400,278.7800,33038318,1.000000
2025-12-11,aapl,279.1000,279.5900,273.8100,278.0300,33247986,1.000000
2025-12-12,aapl,277.9000,279.2200,276.8200,278.2800,39532887,1.000000
2025-12-15,aapl,280.1500,280.1500,272.8400,274.1100,50409078,1.000000
2025-12-16,aapl,272.8200,275.5000,271.7900,274.6100,37648628,1.000000
2025-12-17,aapl,275.0100,276.1600,271.6400,271.8400,50138743,1.000000
2025-12-18,aapl,273.6100,273.6300,266.9500,272.1900,51630721,1.000000
2025-12-19,aapl,272.1500,274.6000,269.9000,273.6700,144632048,1.000000
2025-12-22,aapl,272.8600,273.8800,270.5100,270.9700,36571827,1.000000
2025-12-23,aapl,270.8400,272.5000,269.5600,272.3600,29641999,1.000000
2025-12-24,aapl,272.3400,275.4300,272.2000,273.8100,17910574,1.000000
2025-12-26,aapl,274.1600,275.3700,272.8600,273.4000,21521802,1.000000
2025-12-29,aapl,272.6900,274.3600,272.3500,273.7600,23715213,1.000000
2025-12-30,aapl,272.8100,274.0800,272.2800,273.0800,22139617,1.000000
2025-12-31,aapl,273.0600,273.6800,271.7500,271.8600,27293639,1.000000
2026-01-02,aapl,272.2600,277.8400,269.0000,271.0100,37838054,1.000000
2026-01-05,aapl,270.6400,271.5100,266.1400,267.2600,45647190,1.000000
2026-01-06,aapl,267.0000,267.5500,262.1200,262.3600,52352090,1.000000
2026-01-07,aapl,263.2000,263.6800,259.8100,260.3300,48309804,1.000000
2026-01-08,aapl,257.0200,259.2900,255.7000,259.0400,50419337,1.000000
2026-01-09,aapl,259.0800,260.2100,256.2200,259.3700,39996967,1.000000
2026-01-12,aapl,259.1600,261.3000,256.8000,260.2500,45263767,1.000000
2026-01-13,aapl,258.7200,261.8100,258.3900,261.0500,45730847,1.000000
2026-01-14,aapl,259.4900,261.8200,256.7100,259.9600,40019421,1.000000
2026-01-15,aapl,260.6500,261.0400,257.0500,258.2100,39388564,1.000000
2026-01-16,aapl,257.9000,258.9000,254.9300,255.5300,72142773,1.000000
2026-01-20,aapl,252.7300,254.7900,243.4200,246.7000,80267517,1.000000
2026-01-21,aapl,248.7000,251.5600,245.1800,247.6500,54641725,1.000000
2026-01-22,aapl,249.2000,251.0000,248.1500,248.3500,39708340,1.000000
2026-01-23,aapl,247.3200,249.4100,244.6800,248.0400,41688982,1.000000
2026-01-26,aapl,251.4800,256.5600,249.8000,255.4100,55969234,1.000000
2026-01-27,aapl,259.1700,261.9500,258.2100,258.2700,49648271,1.000000
2026-01-28,aapl,257.6500,258.8600,254.5100,256.4400,41287971,1.000000
2026-01-29,aapl,258.0000,259.6500,254.4100,258.2800,67253009,1.000000
2026-01-30,aapl,255.1700,261.9000,252.1800,259.4800,92443408,1.000000
2026-02-02,aapl,260.0300,270.4900,259.2100,270.0100,73913425,1.000000
2026-02-03,aapl,269.2000,271.8800,267.6100,269.4800,64394655,1.000000
2026-02-04,aapl,272.2900,278.9500,272.2900,276.4900,90545710,1.000000
2026-02-05,aapl,278.1300,279.5000,273.2300,275.9100,52977441,1.000000
2026-02-06,aapl,277.1200,280.9100,276.9300,278.1200,50453414,1.000000
2026-02-09,aapl,277.9100,278.2000,271.7000,274.6200,44623396,1.000000
2026-02-10,aapl,274.8900,275.3700,272.9400,273.6800,34376898,1.000000
2026-02-11,aapl,274.7000,280.1800,274.4500,275.5000,51931283,1.000000
2026-02-12,aapl,275.5900,275.7200,260.1800,261.7300,81077229,1.000000
2026-02-13,aapl,262.0100,262.2300,255.4500,255.7800,56290673,1.000000
2026-02-17,aapl,258.0500,266.2900,255.5400,263.8800,58469094,1.000000
2026-02-18,aapl,263.6000,266.8200,262.4500,264.3500,34203337,1.000000
2026-02-19,aapl,262.6000,264.4800,260.0500,260.5800,30845294,1.000000
2026-02-20,aapl,258.9700,264.7500,258.1600,264.5800,42070499,1.000000
2026-02-23,aapl,263.4900,269.4300,263.3800,266.1800,37308155,1.000000
2026-02-24,aapl,267.8600,274.8900,267.7100,272.1400,47014619,1.000000
2026-02-25,aapl,271.7800,274.9400,271.0500,274.2300,33714342,1.000000
2026-02-26,aapl,274.9500,276.1100,270.8000,272.9500,32345114,1.000000
2026-02-27,aapl,272.8100,272.8100,262.8900,264.1800,72366505,1.000000
2026-03-02,aapl,262.4100,266.5300,260.2000,264.7200,41827946,1.000000
2026-03-03,aapl,263.4800,265.5600,260.1300,263.7500,38568921,1.000000
2026-03-04,aapl,264.6500,266.1500,261.4200,262.5200,39803119,1.000000
2026-03-05,aapl,260.7900,261.5600,257.2500,260.2900,49658626,1.000000
2026-03-06,aapl,258.6300,258.7700,254.3700,257.4600,41120042,1.000000
2026-03-09,aapl,255.6900,261.1500,253.6800,259.8800,38218533,1.000000
2026-03-10,aapl,257.6500,262.4800,256.9500,260.8300,30590765,1.000000
2026-03-11,aapl,261.0900,262.1300,259.5500,260.8100,26218927,1.000000
2026-03-12,aapl,258.6600,258.9500,254.1800,255.7600,40794020,1.000000
2026-03-13,aapl,255.4800,256.3300,249.5200,250.1200,36929988,1.000000
2026-03-16,aapl,252.1100,253.8900,249.8800,252.8200,32074209,1.000000
2026-03-17,aapl,252.9600,255.1300,252.1800,254.2300,32361607,1.000000
2026-03-18,aapl,252.6300,254.9400,249.0000,249.9400,35757874,1.000000
2026-03-19,aapl,249.4000,251.8300,247.3000,248.9600,34864082,1.000000
2026-03-20,aapl,247.9800,249.2000,246.0000,247.9900,88331081,1.000000
2026-03-23,aapl,253.9700,254.6000,250.2800,251.4900,40546109,1.000000
2026-03-24,aapl,250.3500,254.8300,249.5500,251.6400,45152288,1.000000
2026-03-25,aapl,254.1000,255.0000,251.6000,252.6200,28476668,1.000000
2026-03-26,aapl,252.1200,257.0000,250.7700,252.8900,41796650,1.000000
2026-03-27,aapl,253.9000,255.4900,248.0700,248.8000,47899998,1.000000
2026-03-30,aapl,250.0700,250.8700,245.5100,246.6300,39446213,1.000000
2026-03-31,aapl,247.9100,255.4800,247.1000,253.7900,49598091,1.000000
2026-04-01,aapl,254.0800,256.1800,253.3300,255.6300,40059432,1.000000
2026-04-02,aapl,254.2000,256.1300,250.6500,255.9200,31289369,1.000000
2026-04-06,aapl,256.5100,262.1600,256.4600,258.8600,29329911,1.000000
2026-04-07,aapl,256.1600,256.2000,245.7000,253.5000,62148008,1.000000
2026-04-08,aapl,258.4500,259.7500,256.5300,258.9000,41032772,1.000000
2026-04-09,aapl,259.0000,261.1200,256.0700,260.4900,28121574,1.000000
2026-04-10,aapl,259.9800,262.1900,259.0200,260.4800,31291473,1.000000
2026-04-13,aapl,259.7300,260.1800,256.6600,259.2000,36234698,1.000000
2026-04-14,aapl,259.2500,261.9300,257.1900,258.8300,48370710,1.000000
2026-04-15,aapl,258.1600,266.5600,257.8100,266.4300,49913510,1.000000
2026-04-16,aapl,266.8000,267.1600,261.2700,263.4000,43323112,1.000000
2026-04-17,aapl,266.9600,272.3000,266.7200,270.2300,61436228,1.000000
2026-04-20,aapl,270.3300,274.2800,270.2900,273.0500,36590169,1.000000
2026-04-21,aapl,271.5000,272.8000,265.4000,266.1700,50209755,1.000000
2026-04-22,aapl,267.8200,273.7400,266.8700,273.1700,43249204,1.000000
2026-04-23,aapl,275.0500,275.7700,271.6500,273.4300,33399639,1.000000
2026-04-24,aapl,272.7600,273.0600,269.6500,271.0600,38157110,1.000000
2026-04-27,aapl,266.0900,268.3600,265.0700,267.6100,41466762,1.000000
2026-04-28,aapl,272.3400,273.2300,268.6600,270.7100,40018940,1.000000
2026-04-29,aapl,267.5500,271.0400,267.0400,270.1700,30047869,1.000000
2026-04-30,aapl,270.5000,276.0000,268.1400,271.3500,91848230,1.000000
2026-05-01,aapl,278.8600,287.2200,278.3700,280.1400,79915442,1.000000
2026-05-04,aapl,279.6600,280.6300,274.8600,276.8300,46668401,1.000000
2026-05-05,aapl,276.9300,284.5700,276.5000,284.1800,49311712,1.000000
2026-05-06,aapl,281.9200,288.0300,281.0700,287.5100,58336072,1.000000
2026-05-07,aapl,289.2700,292.1300,285.7800,287.4400,45224300,1.000000
2026-05-08,aapl,290.0100,294.7600,290.0000,293.3200,52692761,1.000000
2026-05-11,aapl,291.9800,293.8800,290.2300,292.6800,42247285,1.000000
2026-05-12,aapl,292.5600,295.2700,292.5600,294.8000,45748129,1.000000
2026-05-13,aapl,293.5000,300.9200,293.5000,298.8700,52684260,1.000000
2026-05-14,aapl,299.8200,300.4500,295.3800,298.2100,35324922,1.000000
2026-05-15,aapl,297.9000,303.2000,296.5200,300.2300,54862836,1.000000
2026-05-18,aapl,300.2400,300.6600,294.9100,297.8400,34482959,1.000000
2026-05-19,aapl,296.9700,300.5100,296.3500,298.9700,42243561,1.000000
2026-05-20,aapl,298.1800,302.8000,298.0800,302.2500,38229843,1.000000
2026-05-21,aapl,301.0600,305.5400,300.4000,304.9900,42965126,1.000000
2026-05-22,aapl,306.1200,311.4000,305.8400,308.8200,43670223,1.000000
2026-05-26,aapl,309.5600,311.8200,307.6700,308.3300,48000493,1.000000
2026-05-27,aapl,308.3300,313.2600,308.3000,310.8500,50430919,1.000000
2026-05-28,aapl,310.6800,312.8000,309.5700,312.5100,48220390,1.000000
2026-05-29,aapl,311.7800,315.0000,309.5300,312.0600,70026752,1.000000
2026-06-01,aapl,309.6300,310.9400,305.0200,306.3100,48849933,1.000000
2026-06-02,aapl,307.4600,315.4500,306.6900,315.2000,44534716,1.000000
2026-06-03,aapl,314.1800,316.9400,308.8500,310.2600,50836705,1.000000
2026-06-04,aapl,313.2300,313.5400,309.6500,311.2300,44869134,1.000000
2026-06-05,aapl,312.8600,315.1700,307.1500,307.3400,65310502,1.000000
2026-06-08,aapl,308.7400,317.4000,301.1700,301.5400,77949082,1.000000
2026-06-09,aapl,300.2800,300.7500,287.7800,290.5500,70108847,1.000000
2026-06-10,aapl,290.7400,294.7500,287.3800,291.5800,52793266,1.000000
2026-06-11,aapl,293.7200,297.0000,289.5900,295.6300,42572497,1.000000
2026-06-12,aapl,296.0300,297.1400,289.6200,291.1300,38784789,1.000000
2026-06-15,aapl,294.1200,297.7800,291.7000,296.4200,45732573,1.000000
2026-06-16,aapl,295.2500,300.4800,293.9700,299.2400,39874404,1.000000
2026-06-17,aapl,300.8500,302.0700,294.3600,295.9500,42745060,1.000000
2026-06-18,aapl,298.1100,300.5700,295.6200,298.0100,85962201,1.000000
2026-06-22,aapl,297.3100,302.4200,296.7600,297.0100,44879914,1.000000
2026-06-23,aapl,297.5400,301.6400,294.1800,294.3000,52010929,1.000000
2026-06-24,aapl,295.3600,299.7000,292.9400,293.0800,53081859,1.000000
2026-06-25,aapl,287.4000,288.8000,273.7500,275.1500,107253659,1.000000
2026-06-26,aapl,275.0000,285.9500,274.2100,283.7800,261775450,1.000000
2026-06-29,aapl,286.7300,288.3700,279.8500,281.7400,66427002,1.000000
2026-06-30,aapl,281.1700,289.9400,280.7000,289.3600,65100155,1.000000
2026-07-01,aapl,293.4400,296.5900,289.2000,294.3800,50164232,1.000000
2026-07-02,aapl,294.1200,309.4200,293.6800,308.6300,75400626,1.000000
2026-07-06,aapl,307.3600,314.2000,307.0000,312.6600,53589977,1.000000
2026-07-07,aapl,315.2900,315.4800,310.1500,310.6600,42490002,1.000000
2026-07-08,aapl,311.9100,314.8200,307.0500,313.3900,41323480,1.000000
2026-07-09,aapl,310.5100,316.5300,308.1600,316.2200,48124490,1.000000
2026-07-10,aapl,314.7200,316.9100,312.1700,315.3200,34132321,1.000000
2026-07-13,aapl,317.0200,323.4500,315.7800,317.3100,43257804,1.000000
2026-07-14,aapl,313.7600,316.1900,311.9100,314.8600,36336829,1.000000
2026-07-15,aapl,317.6200,328.7300,317.3200,327.5000,60957644,1.000000
2026-07-16,aapl,328.0100,334.6800,326.7900,333.2600,62970617,1.000000
2026-07-17,aapl,331.9800,334.9900,329.0000,333.7400,63407059,1.000000
2026-07-20,aapl,333.5100,333.7100,323.6800,326.5900,53468008,1.000000
2026-07-21,aapl,323.1300,329.6000,322.2200,327.7400,41338917,1.000000
2026-07-22,aapl,327.8700,329.0000,323.3400,325.8900,38755929,1.000000
2026-07-23,aapl,321.7300,323.3000,319.3500,321.6600,40840778,1.000000
2026-07-24,aapl,321.7900,334.3700,321.6200,333.0200,47489415,1.000000
2026-07-27,aapl,334.5400,339.5700,334.0200,336.9100,49604297,1.000000
2026-07-28,aapl,340.0300,342.8900,335.6000,340.0800,51859042,1.000000
2026-07-29,aapl,339.7300,344.5700,337.3500,338.1900,56090840,1.000000
2026-07-30,aapl,333.1000,334.7500,329.5900,333.4300,74817792,1.000000
2026-07-31,aapl,304.8100,310.6900,300.0000,308.9100,132489137,1.000000
2026-08-03,aapl,309.5800,311.8000,302.5600,303.4200,75051951,1.000000
2026-08-04,aapl,302.7300,310.4200,301.3200,309.3800,68000969,1.000000
2026-08-05,aapl,309.3600,311.7100,305.6700,311.0000,49438763,1.000000
2026-08-06,aapl,314.3400,316.2900,309.2300,312.4100,46139901,1.000000
2026-08-07,aapl,311.4500,314.8100,310.7400,313.3300,34437191,1.000000
2026-08-10,aapl,306.8300,308.2600,304.6100,308.2600,44812503,1.000000
2026-08-11,aapl,307.7500,309.9700,302.7900,304.9100,37476746,1.000000
2026-08-12,aapl,305.1000,305.6600,300.5700,302.2500,41657768,1.000000
2026-08-13,aapl,304.2100,306.0000,302.0500,305.2600,40349289,1.000000
2026-08-14,aapl,306.0000,307.4900,304.3000,305.9300,28229375,1.000000
2026-08-17,aapl,306.2100,307.6600,302.9400,305.5900,38169263,1.000000
2026-08-18,aapl,307.5800,311.4900,305.7400,310.0300,53424535,1.000000
2026-08-19,aapl,310.1400,319.2800,309.6000,316.8300,50505646,1.000000
2026-08-20,aapl,317.4600,320.2800,310.6500,311.3000,40959184,1.000000
2026-08-21,aapl,312.0500,312.3800,307.0100,309.3500,46876815,1.000000
2026-08-24,aapl,311.4700,313.3600,309.9700,310.3400,34673582,1.000000
2026-08-25,aapl,310.7900,313.5900,308.2100,309.9000,25869807,1.000000
2026-08-26,aapl,310.3000,315.4300,308.8000,313.4500,34024486,1.000000
2026-08-27,aapl,310.5500,315.4000,309.4000,314.5800,32419233,1.000000
2026-08-28,aapl,316.8500,322.3700,315.4500,319.7000,38649398,1.000000
2026-08-31,aapl,319.6000,321.2400,312.8000,316.8500,41242724,1.000000
2026-09-01,aapl,316.9800,327.3000,314.7300,325.1300,53167388,1.000000
2026-09-02,aapl,326.8700,328.4000,323.5300,324.9600,33776370,1.000000
2026-09-03,aapl,324.8700,330.8100,324.1100,328.2100,37225838,1.000000
2026-09-04,aapl,328.3100,328.9300,317.8600,319.9700,39606884,1.000000
2026-09-08,aapl,317.1000,320.7000,314.9000,316.2200,35477090,1.000000
2026-09-09,aapl,315.4900,319.1500,309.9000,315.3400,65639962,1.000000
2026-09-10,aapl,316.6700,326.7400,316.5100,326.5700,70011913,1.000000
2026-09-11,aapl,327.4500,336.2200,326.3000,332.2700,50716865,1.000000
2026-09-14,aapl,334.7900,335.5000,331.3400,333.0800,39269147,1.000000
2026-09-15,aapl,330.1400,331.7800,328.3500,331.3400,31748183,1.000000
2026-09-16,aapl,332.5300,335.4800,330.7000,332.4100,35981000,1.000000
2026-09-17,aapl,334.7700,338.3400,330.1800,337.0000,36700225,1.000000
2026-09-18,aapl,337.9100,338.4900,332.5300,336.1300,86588203,1.000000
2026-09-21,aapl,335.2800,339.6400,333.0500,338.9800,34999229,1.000000
2026-09-22,aapl,340.1400,345.3400,338.7500,339.7500,40711786,1.000000
2026-09-23,aapl,341.0800,341.8000,335.5000,337.0200,31658823,1.000000
2026-09-24,aapl,336.7200,338.9100,334.3000,335.9200,24733098,1.000000
2026-09-25,aapl,336.0400,341.6700,334.5300,341.0700,30002507,1.000000
2026-09-28,aapl,340.3700,342.9900,338.0400,338.4000,32820848,1.000000
2026-09-29,aapl,336.9700,337.0900,328.7000,329.4000,38478037,1.000000
2026-09-30,aapl,330.8000,339.5000,330.1400,333.0200,49988558,1.000000
2026-10-01,aapl,330.0000,332.4800,325.8100,330.3200,36306346,1.000000
2026-10-02,aapl,333.2600,334.5400,330.6100,333.6900,33278552,1.000000
2026-10-05,aapl,332.8200,336.2100,331.6500,332.8900,34400850,1.000000
2026-10-06,aapl,332.2800,334.3800,330.6200,333.6300,30449005,1.000000
2026-10-07,aapl,336.9600,338.6700,332.7800,336.6700,34147860,1.000000
2026-10-08,aapl,336.8200,341.5700,335.9000,340.4200,35332449,1.000000
