date,symbol,open,high,low,close,volume,factor
2007-03-19,msft,27.3400,27.8300,27.2000,27.8300,49416000,1.000000
2007-03-20,msft,27.9300,28.1600,27.7600,27.8400,47924000,1.000000
2007-03-21,msft,27.8950,28.5200,27.5600,28.5200,75796000,1.000000
2007-03-22,msft,28.5200,28.5500,28.0100,28.2700,49515000,1.000000
2007-03-23,msft,28.2200,28.2700,27.8000,28.0200,50528000,1.000000
2007-03-26,msft,27.9400,28.2200,27.7000,28.2200,47492000,1.000000
2007-03-27,msft,28.0400,28.1600,27.6500,27.7200,58982000,1.000000
2007-03-28,msft,27.5800,28.0000,27.4000,27.6400,49031000,1.000000
2007-03-29,msft,27.8400,27.8450,27.4900,27.7500,42631000,1.000000
2007-03-30,msft,27.7500,27.9500,27.5000,27.8700,47066000,1.000000
2007-04-02,msft,27.8900,27.9300,27.5600,27.7400,41978000,1.000000
2007-04-03,msft,27.8600,28.0600,27.7500,27.8700,42651000,1.000000
2007-04-04,msft,28.0100,28.7800,27.9000,28.5000,63259000,1.000000
2007-04-05,msft,28.3200,28.6500,28.3000,28.5500,30197000,1.000000
2007-04-09,msft,28.5750,28.7200,28.3900,28.5700,31389000,1.000000
2007-04-10,msft,28.5000,28.6400,28.2200,28.4000,38645000,1.000000
2007-04-11,msft,28.3000,28.5700,27.9900,28.1100,44367000,1.000000
2007-04-12,msft,28.0600,28.6200,28.0400,28.5400,43775000,1.000000
2007-04-13,msft,28.4300,28.7000,28.1000,28.6100,36005000,1.000000
2007-04-16,msft,28.6000,28.7500,28.2100,28.7300,30743000,1.000000
2007-04-17,msft,28.6300,28.8900,28.5600,28.8500,33170000,1.000000
2007-04-18,msft,28.6100,28.6700,28.3600,28.6000,41779000,1.000000
2007-04-19,msft,28.3400,28.8900,28.2600,28.6900,44834000,1.000000
2007-04-20,msft,28.9800,29.1000,28.7000,29.0200,61626000,1.000000
2007-04-23,msft,28.9600,28.9900,28.6700,28.7800,41993000,1.000000
2007-04-24,msft,28.7900,28.9600,28.5900,28.7900,34245000,1.000000
2007-04-25,msft,28.8600,29.0000,28.6900,28.9900,39492000,1.000000
2007-04-26,msft,29.0900,29.3500,28.9100,29.1000,69999000,1.000000
2007-04-27,msft,30.1700,30.7400,30.0000,30.1200,128316000,1.000000
2007-04-30,msft,30.1300,30.3700,29.9400,29.9400,67807000,1.000000
2007-05-01,msft,29.9400,30.4200,29.9000,30.4000,74170000,1.000000
2007-05-02,msft,30.3900,30.6900,30.3000,30.6100,81308000,1.000000
2007-05-03,msft,30.6000,31.0000,30.5300,30.9700,82052000,1.000000
2007-05-04,msft,30.6800,30.7000,30.2900,30.5600,104398000,1.000000
2007-05-07,msft,30.5200,30.7600,30.4800,30.7100,59890000,1.000000
2007-05-08,msft,30.6800,30.9400,30.5800,30.7500,60565000,1.000000
2007-05-09,msft,30.7000,30.9300,30.5700,30.7800,51735000,1.000000
2007-05-10,msft,30.6800,30.9300,30.5300,30.5800,55399000,1.000000
2007-05-11,msft,30.5700,30.9800,30.5500,30.8900,43649000,1.000000
2007-05-14,msft,30.8400,30.9900,30.8100,30.9700,70287000,1.000000
2007-05-15,msft,30.9000,31.0900,30.8400,30.9000,75037000,1.000000
2007-05-16,msft,31.0000,31.0900,30.8100,31.0700,45843000,1.000000
2007-05-17,msft,31.0300,31.1400,30.9600,30.9800,41856000,1.000000
2007-05-18,msft,30.9700,30.9900,30.5800,30.8300,58453000,1.000000
2007-05-21,msft,30.7300,31.1600,30.7300,31.0500,42549000,1.000000
2007-05-22,msft,30.9000,30.9300,30.6600,30.6900,40015000,1.000000
2007-05-23,msft,30.8400,30.8400,30.5700,30.5800,46337000,1.000000
2007-05-24,msft,30.5400,30.8000,29.9600,30.1700,64054000,1.000000
2007-05-25,msft,30.2800,30.6600,30.1800,30.4800,47727000,1.000000
2007-05-29,msft,30.4900,30.8300,30.3900,30.7900,42378000,1.000000
2007-05-30,msft,30.5500,31.1300,30.5100,31.1100,57446000,1.000000
2007-05-31,msft,31.1200,31.1600,30.6100,30.6900,86403000,1.000000
2007-06-01,msft,30.7900,30.9000,30.5500,30.5900,39493000,1.000000
2007-06-04,msft,30.4200,30.7600,30.4000,30.7150,41437000,1.000000
2007-06-05,msft,30.6200,30.6300,30.3300,30.5800,44287000,1.000000
2007-06-06,msft,30.3700,30.5300,30.2500,30.2900,38253000,1.000000
2007-06-07,msft,30.0200,30.2900,29.5900,29.6200,71981000,1.000000
2007-06-08,msft,29.5800,30.0600,29.4100,30.0500,61347000,1.000000
2007-06-11,msft,29.9400,30.2500,29.9300,30.0200,48486000,1.000000
2007-06-12,msft,29.9600,30.2400,29.7700,29.8500,56982000,1.000000
2007-06-13,msft,29.9700,30.4100,29.8500,30.3900,64472000,1.000000
2007-06-14,msft,30.3500,30.7100,30.3000,30.5200,59069000,1.000000
2007-06-15,msft,30.8600,30.8800,30.4300,30.4900,100941000,1.000000
2007-06-18,msft,30.6900,30.7200,30.4200,30.5100,45633000,1.000000
2007-06-19,msft,30.4800,30.6600,30.3800,30.4600,46805000,1.000000
2007-06-20,msft,30.4400,30.5100,29.9600,30.0100,47089000,1.000000
2007-06-21,msft,29.9750,30.3000,29.9100,30.2200,57058000,1.000000
2007-06-22,msft,30.0000,30.1000,29.4500,29.4900,88345000,1.000000
2007-06-25,msft,29.4700,29.7700,29.3800,29.4900,53915000,1.000000
2007-06-26,msft,29.5500,29.8000,29.5000,29.5200,48340000,1.000000
2007-06-27,msft,29.3600,29.9500,29.3600,29.8700,54272000,1.000000
2007-06-28,msft,29.8600,29.9700,29.6800,29.8300,46190000,1.000000
2007-06-29,msft,29.8700,29.9300,29.0400,29.4700,71194000,1.000000
2007-07-02,msft,29.6700,29.8000,29.4900,29.7400,47326000,1.000000
2007-07-03,msft,29.7850,30.2200,29.7800,30.0200,35203000,1.000000
2007-07-05,msft,30.0500,30.2200,29.8300,29.9900,47844000,1.000000
2007-07-06,msft,29.9100,30.0400,29.6600,29.9700,57542000,1.000000
2007-07-09,msft,29.8600,29.9500,29.8100,29.8700,33832000,1.000000
2007-07-10,msft,29.7000,29.9900,29.1800,29.3300,66019000,1.000000
2007-07-11,msft,29.2400,29.6500,29.2100,29.4900,48017000,1.000000
2007-07-12,msft,29.5600,30.1100,29.4400,30.0700,54302000,1.000000
2007-07-13,msft,29.9400,30.0200,29.6600,29.8200,42173000,1.000000
2007-07-16,msft,29.7600,30.2400,29.7200,30.0300,48023000,1.000000
2007-07-17,msft,30.0200,30.8800,30.0100,30.7800,77540000,1.000000
2007-07-18,msft,30.5100,30.9700,30.5000,30.9200,64437000,1.000000
2007-07-19,msft,31.0500,31.8400,30.9300,31.5100,121165000,1.000000
2007-07-20,msft,31.1500,31.2000,30.7900,31.1600,98294000,1.000000
2007-07-23,msft,31.2900,31.5200,31.1200,31.1900,48911000,1.000000
2007-07-24,msft,31.0100,31.4800,30.7100,30.8000,62258000,1.000000
2007-07-25,msft,30.9900,31.3000,30.3700,30.7100,55079000,1.000000
2007-07-26,msft,30.2400,30.5300,29.5100,29.9800,87616000,1.000000
2007-07-27,msft,29.9300,30.0000,29.3600,29.3900,69215000,1.000000
2007-07-30,msft,29.4050,29.4900,28.9500,29.4000,67517000,1.000000
2007-07-31,msft,29.7100,29.7160,28.9800,28.9900,66686000,1.000000
2007-08-01,msft,28.9500,29.5500,28.8200,29.3000,80012000,1.000000
2007-08-02,msft,29.1900,29.7900,29.0200,29.5200,47994000,1.000000
2007-08-03,msft,29.4500,29.7800,28.9000,28.9600,61540000,1.000000
2007-08-06,msft,29.0500,29.5400,28.7500,29.5400,59534000,1.000000
2007-08-07,msft,29.3300,29.7900,29.0500,29.5500,49237000,1.000000
2007-08-08,msft,29.7200,30.0100,29.2100,30.0000,52903000,1.000000
2007-08-09,msft,29.6400,30.1000,28.9200,29.3000,72980000,1.000000
2007-08-10,msft,28.9000,29.0500,28.2600,28.7100,76582000,1.000000
2007-08-13,msft,28.9400,28.9900,28.4400,28.6300,55642000,1.000000
2007-08-14,msft,28.7700,28.8900,28.2000,28.2700,42945000,1.000000
2007-08-15,msft,28.2400,28.9900,28.0500,28.1000,48120000,1.000000
2007-08-16,msft,27.8800,28.3500,27.5100,27.8100,81453000,1.000000
2007-08-17,msft,28.0900,28.2500,27.8200,28.2500,76748000,1.000000
2007-08-20,msft,28.1800,28.4900,28.0800,28.2600,49955000,1.000000
2007-08-21,msft,28.1000,28.3200,27.8700,28.0700,50786000,1.000000
2007-08-22,msft,28.2700,28.3200,28.0100,28.2200,44763000,1.000000
2007-08-23,msft,28.2800,28.3300,28.1000,28.3000,33887000,1.000000
2007-08-24,msft,28.2100,28.8400,28.0700,28.8100,45163000,1.000000
2007-08-27,msft,28.6100,28.7700,28.4000,28.4900,32791000,1.000000
2007-08-28,msft,28.3000,28.4900,27.9100,27.9300,43924000,1.000000
2007-08-29,msft,28.1300,28.6100,27.8200,28.5900,45755000,1.000000
2007-08-30,msft,28.4200,28.9300,28.3200,28.4500,33691000,1.000000
2007-08-31,msft,28.7000,28.9200,28.3600,28.7300,42521000,1.000000
2007-09-04,msft,28.5000,29.1000,28.4800,28.8100,45690000,1.000000
2007-09-05,msft,28.6500,28.7300,28.4200,28.4800,47674000,1.000000
2007-09-06,msft,28.5600,29.0100,28.5500,28.9100,45431000,1.000000
2007-09-07,msft,28.6200,28.8300,28.3200,28.4400,52164000,1.000000
2007-09-10,msft,28.6700,28.7500,28.4100,28.4800,37254000,1.000000
2007-09-11,msft,28.6300,28.9500,28.5800,28.9300,34381000,1.000000
2007-09-12,msft,28.8100,29.1700,28.8000,28.9300,42466000,1.000000
2007-09-13,msft,29.1200,29.2600,28.9600,29.1600,35289000,1.000000
2007-09-14,msft,28.9800,29.1100,28.8800,29.0400,33498000,1.000000
2007-09-17,msft,28.7900,28.8800,28.6200,28.7250,39536000,1.000000
2007-09-18,msft,28.7000,28.9650,28.2700,28.9300,77472000,1.000000
2007-09-19,msft,28.8700,28.9100,28.3000,28.6700,94242000,1.000000
2007-09-20,msft,28.4800,28.5800,28.3400,28.4200,67169000,1.000000
2007-09-21,msft,28.7000,28.8100,28.4400,28.6500,135636000,1.000000
2007-09-24,msft,28.8100,29.6100,28.8000,29.0800,104460000,1.000000
2007-09-25,msft,29.1400,29.5600,29.1100,29.5600,75621000,1.000000
2007-09-26,msft,29.6800,29.8500,29.4800,29.5000,60344000,1.000000
2007-09-27,msft,29.7000,29.7200,29.4400,29.4900,43407000,1.000000
2007-09-28,msft,29.4900,29.6900,29.2300,29.4600,45819000,1.000000
2007-10-01,msft,29.4600,29.7900,29.4100,29.7700,43875000,1.000000
2007-10-02,msft,29.7000,29.8500,29.5700,29.7000,33706000,1.000000
2007-10-03,msft,29.7100,29.8500,29.2900,29.4530,37634000,1.000000
2007-10-04,msft,29.5600,29.7700,29.4400,29.7100,37868000,1.000000
2007-10-05,msft,29.8900,29.9900,29.7300,29.8400,45017000,1.000000
2007-10-08,msft,29.6600,29.8500,29.6000,29.8400,30266000,1.000000
2007-10-09,msft,30.0300,30.3900,30.0000,30.1000,63625000,1.000000
2007-10-10,msft,30.0400,30.3700,30.0300,30.2300,32251000,1.000000
2007-10-11,msft,30.3000,30.6300,29.7900,29.9100,50789000,1.000000
2007-10-12,msft,30.0300,30.4000,29.9500,30.1700,31121000,1.000000
2007-10-15,msft,30.1000,30.3300,30.0000,30.0400,47150000,1.000000
2007-10-16,msft,30.2400,30.5800,30.2300,30.3200,56286000,1.000000
2007-10-17,msft,30.7500,31.2300,30.6500,31.0800,86092000,1.000000
2007-10-18,msft,31.2200,31.2300,30.6300,31.1600,49215000,1.000000
2007-10-19,msft,31.0900,31.0900,30.1100,30.1700,75200000,1.000000
2007-10-22,msft,30.1200,30.7000,30.1200,30.5100,58785000,1.000000
2007-10-23,msft,30.7100,31.1200,30.7100,30.9000,49956000,1.000000
2007-10-24,msft,30.8200,31.3000,30.5000,31.2500,77979000,1.000000
2007-10-25,msft,31.5700,32.2200,31.4900,31.9900,169589000,1.000000
2007-10-26,msft,36.0200,36.0300,34.5600,35.0300,288121000,1.000000
2007-10-29,msft,34.8500,35.2900,34.4500,34.5700,114656000,1.000000
2007-10-30,msft,34.3700,35.5900,34.3500,35.5700,107297000,1.000000
2007-10-31,msft,35.5200,37.0000,35.5100,36.8100,185636000,1.000000
2007-11-01,msft,36.5300,37.4900,36.3600,37.0600,152079000,1.000000
2007-11-02,msft,37.2200,37.5000,36.4200,37.0600,96399000,1.000000
2007-11-05,msft,36.7600,37.1000,36.6300,36.7300,75485000,1.000000
2007-11-06,msft,36.5900,36.6600,35.8700,36.4100,100967000,1.000000
2007-11-07,msft,36.0400,36.1600,35.4500,35.5200,74898000,1.000000
2007-11-08,msft,35.6000,35.9000,34.4000,34.7400,133749000,1.000000
2007-11-09,msft,34.1800,34.5400,33.6500,33.7300,125137000,1.000000
2007-11-12,msft,33.3200,33.7100,33.0200,33.3800,84865000,1.000000
2007-11-13,msft,33.5400,34.6700,33.3800,34.4600,104311000,1.000000
2007-11-14,msft,34.6200,34.7500,33.7500,33.9300,84063000,1.000000
2007-11-15,msft,33.7600,34.1000,33.5500,33.7600,64014000,1.000000
2007-11-16,msft,33.8600,34.2600,33.7100,34.0900,71117000,1.000000
2007-11-19,msft,33.9600,34.2400,33.8700,33.9600,63026000,1.000000
2007-11-20,msft,34.2300,34.9700,34.1000,34.5800,100009000,1.000000
2007-11-21,msft,34.4000,34.7300,34.1800,34.2300,89524000,1.000000
2007-11-23,msft,34.3600,34.4400,33.7100,34.1100,33468000,1.000000
2007-11-26,msft,34.0900,34.3700,32.9300,32.9700,80335000,1.000000
2007-11-27,msft,33.2700,33.6000,32.6800,33.0600,84180000,1.000000
2007-11-28,msft,33.3800,33.8900,32.9000,33.7000,88587000,1.000000
2007-11-29,msft,33.5800,33.9300,33.3100,33.5900,53634000,1.000000
2007-11-30,msft,33.9200,34.1200,33.1900,33.6000,71028000,1.000000
2007-12-03,msft,33.5000,33.6400,32.6800,32.9200,61771000,1.000000
2007-12-04,msft,32.7400,33.2400,32.6300,32.7700,54802000,1.000000
2007-12-05,msft,33.1400,34.5200,33.0300,34.1500,84895000,1.000000
2007-12-06,msft,34.2600,34.6100,33.8700,34.5500,50624000,1.000000
2007-12-07,msft,34.6100,34.7000,34.2200,34.5300,40771000,1.000000
2007-12-10,msft,34.6400,34.9500,34.4700,34.7600,36085000,1.000000
2007-12-11,msft,34.7300,34.9900,33.9300,34.1000,55080000,1.000000
2007-12-12,msft,34.6100,35.0900,33.9300,34.4700,63353000,1.000000
2007-12-13,msft,34.4800,35.4500,34.2800,35.2200,73931000,1.000000
2007-12-14,msft,35.0500,35.8400,35.0100,35.3100,71128000,1.000000
2007-12-17,msft,35.0300,35.1300,34.3600,34.3900,58121000,1.000000
2007-12-18,msft,34.6400,35.0000,34.2100,34.7400,52792000,1.000000
2007-12-19,msft,34.6900,35.1400,34.3800,34.7900,58469000,1.000000
2007-12-20,msft,35.2900,35.7900,35.0800,35.5200,59348000,1.000000
2007-12-21,msft,35.9000,36.0620,35.7500,36.0600,83752000,1.000000
2007-12-24,msft,36.1300,36.7200,36.0500,36.5800,29623000,1.000000
2007-12-26,msft,36.4100,36.6400,36.2600,36.6100,30253000,1.000000
2007-12-27,msft,36.3500,36.5500,35.9400,35.9700,33319000,1.000000
2007-12-28,msft,36.1000,36.2300,35.6700,36.1200,33447000,1.000000
2007-12-31,msft,35.9000,35.9900,35.5200,35.6000,35232000,1.000000
2008-01-02,msft,35.7900,35.9600,35.0000,35.2200,63006000,1.000000
2008-01-03,msft,35.2200,35.6500,34.8600,35.3700,49601000,1.000000
2008-01-04,msft,35.1900,35.2000,34.0900,34.3800,72094000,1.000000
2008-01-07,msft,34.5500,34.8000,34.2500,34.6100,80173000,1.000000
2008-01-08,msft,34.7100,34.7100,33.4000,33.4500,79156000,1.000000
2008-01-09,msft,33.3600,34.5400,33.3500,34.4400,74317000,1.000000
2008-01-10,msft,34.3500,34.5000,33.7800,34.3300,72448000,1.000000
2008-01-11,msft,34.1400,34.2400,33.7200,33.9100,55197000,1.000000
2008-01-14,msft,34.4600,34.5700,34.0800,34.3900,52792000,1.000000
2008-01-15,msft,34.0300,34.3800,34.0000,34.0000,61638000,1.000000
2008-01-16,msft,33.4200,33.6500,32.5100,33.2300,120782000,1.000000
2008-01-17,msft,33.5400,33.8000,32.9700,33.1100,94254000,1.000000
2008-01-18,msft,33.1600,34.0000,32.9700,33.0100,117062000,1.000000
2008-01-22,msft,31.5400,32.5300,31.5000,31.9900,108866000,1.000000
2008-01-23,msft,31.4800,32.0500,31.0400,31.9300,137656000,1.000000
2008-01-24,msft,32.3500,33.3600,32.1200,33.2500,155640000,1.000000
2008-01-25,msft,34.9000,35.0000,32.8700,32.9400,196992000,1.000000
2008-01-28,msft,33.0200,33.1000,32.4200,32.7200,81019000,1.000000
2008-01-29,msft,32.8500,32.8900,32.3500,32.6000,68023000,1.000000
2008-01-30,msft,32.5600,32.8000,32.0500,32.2000,106433000,1.000000
2008-01-31,msft,31.9100,32.7400,31.7200,32.6000,103642000,1.000000
2008-02-01,msft,31.0550,33.2500,30.2500,30.4500,291139000,1.000000
2008-02-04,msft,30.4900,30.7200,30.1100,30.1900,119999000,1.000000
2008-02-05,msft,29.9100,29.9400,28.8900,29.0700,137534000,1.000000
2008-02-06,msft,29.2800,29.3500,28.2890,28.5200,138316000,1.000000
2008-02-07,msft,28.3400,28.7800,27.9000,28.1200,165268000,1.000000
2008-02-08,msft,28.2900,29.0800,28.2400,28.5600,124872000,1.000000
2008-02-11,msft,28.5200,28.6100,27.9100,28.2100,156814000,1.000000
2008-02-12,msft,28.4300,28.6200,28.1100,28.3400,84366000,1.000000
2008-02-13,msft,28.6200,29.0500,28.5300,28.9600,88994000,1.000000
2008-02-14,msft,28.8800,29.0400,28.4600,28.5000,69113000,1.000000
2008-02-15,msft,28.3100,28.6400,28.2500,28.4200,68166000,1.000000
2008-02-19,msft,28.8000,28.8400,28.0700,28.1700,68254000,1.000000
2008-02-20,msft,28.1500,28.2600,27.9200,28.2200,93056000,1.000000
2008-02-21,msft,28.6200,28.9600,27.9600,28.1000,98784000,1.000000
2008-02-22,msft,28.2400,28.3900,27.2000,27.6800,125713000,1.000000
2008-02-25,msft,27.6500,28.2400,27.4800,27.8400,109974000,1.000000
2008-02-26,msft,27.7400,28.8600,27.6700,28.3800,108927000,1.000000
2008-02-27,msft,28.1900,28.6800,28.1000,28.2600,75199000,1.000000
2008-02-28,msft,28.0200,28.2700,27.8000,27.9300,83010000,1.000000
2008-02-29,msft,27.6900,27.8300,27.0200,27.2000,117411000,1.000000
2008-03-03,msft,27.2400,27.3900,26.8700,26.9900,76581000,1.000000
2008-03-04,msft,27.0200,27.6300,26.9600,27.5900,86926000,1.000000
2008-03-05,msft,27.7500,28.4100,27.7000,28.1200,106490000,1.000000
2008-03-06,msft,28.0600,28.1700,27.5000,27.5700,91134000,1.000000
2008-03-07,msft,27.3400,28.0700,27.3200,27.8700,77607000,1.000000
2008-03-10,msft,27.8300,28.2600,27.7500,28.0500,72538000,1.000000
2008-03-11,msft,28.4000,29.3400,28.3800,29.2800,98764000,1.000000
2008-03-12,msft,29.4300,29.4900,28.5400,28.6300,75994000,1.000000
2008-03-13,msft,28.5400,28.9900,28.1600,28.6200,84557000,1.000000
2008-03-14,msft,28.7200,29.0100,27.6400,27.9600,105215000,1.000000
2008-03-17,msft,27.3000,28.7300,27.2800,28.3000,84497000,1.000000
2008-03-18,msft,28.6700,29.4820,28.6700,29.4200,83695000,1.000000
2008-03-19,msft,29.3800,29.5900,28.6200,28.6200,61452000,1.000000
2008-03-20,msft,28.7400,29.2210,28.5900,29.1800,60176000,1.000000
2008-03-24,msft,29.3300,29.4000,29.0600,29.1700,48297000,1.000000
2008-03-25,msft,29.3300,29.3700,28.9400,29.1400,49249000,1.000000
2008-03-26,msft,29.0300,29.0700,28.3800,28.5600,45868000,1.000000
2008-03-27,msft,28.4800,28.4900,28.0000,28.0500,47894000,1.000000
2008-03-28,msft,28.2300,28.4300,27.8300,27.9100,49262000,1.000000
2008-03-31,msft,27.8800,28.5900,27.8400,28.3800,46781000,1.000000
2008-04-01,msft,28.8300,29.5400,28.6300,29.5000,65796000,1.000000
2008-04-02,msft,29.5650,29.5800,29.0000,29.1600,49506000,1.000000
2008-04-03,msft,29.0000,29.3200,28.8000,29.0000,38966000,1.000000
2008-04-04,msft,29.1300,29.2600,28.7400,29.1600,43900000,1.000000
2008-04-07,msft,29.5500,29.5900,29.0300,29.1600,44444000,1.000000
2008-04-08,msft,28.9400,29.0000,28.5400,28.7500,46574000,1.000000
2008-04-09,msft,28.7200,29.0400,28.5400,28.8900,45857000,1.000000
2008-04-10,msft,28.8300,29.4000,28.8000,29.1100,65597000,1.000000
2008-04-11,msft,28.8700,29.0100,28.2100,28.2800,54374000,1.000000
2008-04-14,msft,28.2400,28.3100,27.9300,28.0600,43418000,1.000000
2008-04-15,msft,28.1200,28.4800,28.0300,28.2500,34310000,1.000000
2008-04-16,msft,28.5700,29.0500,28.3800,28.9500,54107000,1.000000
2008-04-17,msft,29.1200,29.3400,28.9000,29.2200,48774000,1.000000
2008-04-18,msft,30.0100,30.1000,29.6100,30.0000,73659000,1.000000
2008-04-21,msft,30.1900,30.6000,30.1200,30.4200,54412000,1.000000
2008-04-22,msft,30.6400,30.7000,29.9700,30.2500,67387000,1.000000
2008-04-23,msft,30.4500,31.4600,30.3000,31.4500,98351000,1.000000
2008-04-24,msft,31.6300,32.1000,31.1600,31.8000,116451000,1.000000
2008-04-25,msft,30.0500,30.3900,29.6000,29.8300,145195000,1.000000
2008-04-28,msft,29.8000,29.8350,28.8200,28.9900,97473000,1.000000
2008-04-29,msft,28.8000,28.9000,28.4500,28.6400,84429000,1.000000
2008-04-30,msft,28.7400,29.2100,28.5100,28.5200,74734000,1.000000
2008-05-01,msft,28.5000,29.4900,28.4800,29.4000,71699000,1.000000
2008-05-02,msft,29.5900,29.6200,28.8600,29.2400,66024000,1.000000
2008-05-05,msft,29.9300,30.2300,28.9900,29.0800,119688000,1.000000
2008-05-06,msft,29.0000,29.8600,28.9300,29.7000,93582000,1.000000
2008-05-07,msft,29.6900,30.1400,29.0800,29.2100,88783000,1.000000
2008-05-08,msft,29.2800,29.3900,29.0000,29.2700,69592000,1.000000
2008-05-09,msft,29.2100,29.5500,28.9500,29.3900,51621000,1.000000
2008-05-12,msft,29.4000,30.0600,29.3500,29.9900,64286000,1.000000
2008-05-13,msft,30.0000,30.1300,29.5300,29.7800,70935000,1.000000
2008-05-14,msft,29.8900,30.2600,29.7300,29.9300,66739000,1.000000
2008-05-15,msft,29.9800,30.5300,29.9400,30.4500,53364000,1.000000
2008-05-16,msft,30.4700,30.4800,29.9200,29.9900,81542000,1.000000
2008-05-19,msft,29.8700,29.8900,29.3100,29.4600,59626000,1.000000
2008-05-20,msft,29.3000,29.3100,28.6300,28.7600,75768000,1.000000
2008-05-21,msft,28.8100,29.0500,28.1900,28.2500,60125000,1.000000
2008-05-22,msft,28.2800,28.7000,28.1800,28.4700,52210000,1.000000
2008-05-23,msft,28.2600,28.3300,27.9500,28.0500,48911000,1.000000
2008-05-27,msft,28.1100,28.5000,28.0500,28.4400,47335000,1.000000
2008-05-28,msft,28.5550,28.5700,28.0400,28.1800,52318000,1.000000
2008-05-29,msft,28.2100,28.6800,28.1400,28.3100,47699000,1.000000
2008-05-30,msft,28.3800,28.7000,28.2000,28.3200,63399000,1.000000
2008-06-02,msft,28.2400,28.3600,27.5500,27.8000,77038000,1.000000
2008-06-03,msft,27.9100,28.3100,27.2700,27.3100,91650000,1.000000
2008-06-04,msft,27.2800,27.6400,27.2000,27.5400,79612000,1.000000
2008-06-05,msft,27.7200,28.3000,27.6000,28.3000,76063000,1.000000
2008-06-06,msft,27.9900,28.1700,27.4900,27.4900,78501000,1.000000
2008-06-09,msft,27.6500,27.9100,27.3000,27.7100,66787000,1.000000
2008-06-10,msft,27.3600,28.2900,27.3200,27.8900,77434000,1.000000
2008-06-11,msft,27.8500,27.9400,27.1100,27.1200,59331000,1.000000
2008-06-12,msft,27.4000,28.5500,27.1900,28.2400,113996000,1.000000
2008-06-13,msft,28.6300,29.5700,28.5000,29.0700,131969000,1.000000
2008-06-16,msft,29.0200,29.1100,28.6400,28.9300,74725000,1.000000
2008-06-17,msft,29.0400,29.1200,28.7900,28.8000,44263000,1.000000
2008-06-18,msft,28.5500,28.8600,28.4600,28.4600,49688000,1.000000
2008-06-19,msft,28.5500,29.1900,28.3300,28.9300,62048000,1.000000
2008-06-20,msft,28.8950,28.9200,28.1000,28.2300,97488000,1.000000
2008-06-23,msft,28.3000,28.4100,27.7900,27.9700,57150000,1.000000
2008-06-24,msft,27.9200,28.0100,27.5100,27.7300,65225000,1.000000
2008-06-25,msft,27.8100,28.6700,27.7600,28.3500,64280000,1.000000
2008-06-26,msft,28.0300,28.2000,27.7450,27.7500,67049000,1.000000
2008-06-27,msft,27.6800,27.9100,27.4600,27.6300,73450000,1.000000
2008-06-30,msft,27.7300,27.9800,27.4900,27.5100,57836000,1.000000
2008-07-01,msft,27.2650,27.3800,26.4400,26.8700,100328000,1.000000
2008-07-02,msft,26.8950,27.0000,25.8790,25.8800,84703000,1.000000
2008-07-03,msft,25.9700,26.1000,25.6000,25.9800,37076000,1.000000
2008-07-07,msft,26.1100,26.3900,25.4500,26.0300,71528000,1.000000
2008-07-08,msft,25.9250,26.2000,25.5100,25.8500,65570000,1.000000
2008-07-09,msft,25.7850,25.8500,25.1800,25.2300,54260000,1.000000
2008-07-10,msft,25.2000,25.6700,24.9800,25.4500,57837000,1.000000
2008-07-11,msft,25.1550,25.6400,24.8700,25.2500,69533000,1.000000
2008-07-14,msft,25.4800,25.8100,25.0700,25.1500,51223000,1.000000
2008-07-15,msft,24.9300,26.6400,24.9300,26.1500,92721000,1.000000
2008-07-16,msft,26.1300,27.2900,25.9200,27.2600,82060000,1.000000
2008-07-17,msft,27.5800,27.9100,27.1100,27.5200,96526000,1.000000
2008-07-18,msft,26.3600,26.4700,25.1100,25.8600,150277000,1.000000
2008-07-21,msft,25.6600,26.1700,25.5300,25.6400,77576000,1.000000
2008-07-22,msft,25.5350,25.9400,25.4800,25.8000,88657000,1.000000
2008-07-23,msft,25.8600,26.8400,25.8500,26.4300,79409000,1.000000
2008-07-24,msft,26.0900,26.1700,25.4400,25.4400,81093000,1.000000
2008-07-25,msft,25.6400,26.2200,25.5000,26.1600,58682000,1.000000
2008-07-28,msft,26.0600,26.1100,25.3400,25.5000,59714000,1.000000
2008-07-29,msft,25.5200,26.1900,25.4000,26.1100,66373000,1.000000
2008-07-30,msft,26.2000,26.4900,25.9000,26.2300,51980000,1.000000
2008-07-31,msft,25.8500,26.2800,25.7100,25.7200,60464000,1.000000
2008-08-01,msft,25.9200,25.9500,25.0700,25.4400,82735000,1.000000
2008-08-04,msft,25.3900,25.5450,25.1100,25.2800,60592000,1.000000
2008-08-05,msft,25.6400,26.2800,25.5000,26.2100,84305000,1.000000
2008-08-06,msft,26.7300,27.1600,26.3800,27.0200,95550000,1.000000
2008-08-07,msft,26.8950,27.7500,26.7300,27.3900,82566000,1.000000
2008-08-08,msft,27.3500,28.2300,27.1900,28.1300,80818000,1.000000
2008-08-11,msft,27.8600,28.4000,27.6600,27.9000,68750000,1.000000
2008-08-12,msft,27.7800,28.3600,27.5800,28.1200,62814000,1.000000
2008-08-13,msft,28.0700,28.5000,27.7600,27.9100,51167000,1.000000
2008-08-14,msft,27.8200,28.2800,27.5600,27.9100,49735000,1.000000
2008-08-15,msft,27.9800,28.1500,27.5800,27.8100,47269000,1.000000
2008-08-18,msft,27.7800,28.0500,27.5500,27.6900,38078000,1.000000
2008-08-19,msft,27.5400,27.7500,27.2700,27.3200,40339000,1.000000
2008-08-20,msft,27.5350,27.5800,27.1700,27.2900,41497000,1.000000
2008-08-21,msft,27.1000,27.2300,26.8600,27.1800,43614000,1.000000
2008-08-22,msft,27.2300,27.8800,27.2200,27.8400,47930000,1.000000
2008-08-25,msft,27.6100,27.8400,27.4600,27.6600,51382000,1.000000
2008-08-26,msft,27.5800,27.7200,27.1700,27.2700,44775000,1.000000
2008-08-27,msft,27.3400,27.7900,27.1300,27.5600,33977000,1.000000
2008-08-28,msft,27.6100,28.0100,27.6000,27.9400,48381000,1.000000
2008-08-29,msft,27.6800,27.7800,27.2880,27.2900,50754000,1.000000
2008-09-02,msft,27.6650,27.7600,27.0600,27.1000,66082000,1.000000
2008-09-03,msft,27.0000,27.1800,26.8400,26.9000,57129000,1.000000
2008-09-04,msft,26.7300,26.8900,26.3500,26.3500,66934000,1.000000
2008-09-05,msft,26.0300,26.2200,25.6300,25.6500,82305000,1.000000
2008-09-08,msft,26.2100,26.3300,25.6700,26.1200,62114000,1.000000
2008-09-09,msft,26.2000,26.6000,26.0500,26.1000,85736000,1.000000
2008-09-10,msft,26.5200,26.8600,26.2500,26.4400,75065000,1.000000
2008-09-11,msft,26.1000,27.4600,26.0300,27.3400,72915000,1.000000
2008-09-12,msft,27.1400,27.7400,26.9400,27.6200,75628000,1.000000
2008-09-15,msft,26.9200,27.4900,26.7300,26.8200,82349000,1.000000
2008-09-16,msft,26.0900,26.4900,25.5200,25.9900,111730000,1.000000
2008-09-17,msft,25.7300,25.8700,24.5000,24.5700,106972000,1.000000
2008-09-18,msft,24.8000,25.3500,24.0100,25.2600,132291000,1.000000
2008-09-19,msft,26.3700,26.4000,23.5000,25.1600,134942000,1.000000
2008-09-22,msft,26.2200,26.3200,25.3200,25.4000,105208000,1.000000
2008-09-23,msft,25.6600,26.1700,25.3400,25.4400,92247000,1.000000
2008-09-24,msft,25.5800,26.0900,25.4600,25.7200,80256000,1.000000
2008-09-25,msft,25.8200,26.8800,25.7400,26.6100,96203000,1.000000
2008-09-26,msft,26.1700,27.5600,26.1400,27.4000,100744000,1.000000
2008-09-29,msft,26.9400,27.6600,25.0090,25.0100,134383000,1.000000
2008-09-30,msft,25.7700,26.6910,25.5400,26.6900,107210000,1.000000
2008-10-01,msft,26.3800,26.9900,26.2800,26.4800,88987000,1.000000
2008-10-02,msft,26.1800,26.5300,25.7000,26.2500,93829000,1.000000
2008-10-03,msft,26.3650,27.4700,26.2400,26.3200,116068000,1.000000
2008-10-06,msft,25.6300,25.9900,24.1400,24.9100,146409000,1.000000
2008-10-07,msft,24.9800,25.2100,23.1400,23.2300,145968000,1.000000
2008-10-08,msft,22.9000,24.3000,22.5000,23.0100,171627000,1.000000
2008-10-09,msft,23.7650,23.9100,22.0700,22.3000,131968000,1.000000
2008-10-10,msft,21.7900,22.3500,20.6500,21.5000,228489000,1.000000
2008-10-13,msft,22.8600,25.5000,22.6300,25.5000,144980000,1.000000
2008-10-14,msft,25.6400,25.7300,23.6000,24.1000,165684000,1.000000
2008-10-15,msft,23.7800,24.2500,22.4800,22.6600,113280000,1.000000
2008-10-16,msft,22.9350,24.1900,21.3100,24.1900,161148000,1.000000
2008-10-17,msft,23.5650,25.1100,23.3100,23.9300,133676000,1.000000
2008-10-20,msft,24.2000,24.7500,23.0100,24.7200,93487000,1.000000
2008-10-21,msft,24.3000,25.0100,23.2700,23.3600,100386000,1.000000
2008-10-22,msft,23.0400,23.0600,20.9000,21.5300,150055000,1.000000
2008-10-23,msft,21.5500,22.5900,20.8900,22.3200,154774000,1.000000
2008-10-24,msft,21.0600,22.8600,20.9500,21.9600,153920000,1.000000
2008-10-27,msft,21.6700,21.9600,21.0200,21.1800,117722000,1.000000
2008-10-28,msft,21.6400,23.2100,21.3400,23.1000,134109000,1.000000
2008-10-29,msft,23.1300,23.9700,22.7000,23.0000,111763000,1.000000
2008-10-30,msft,23.6900,23.8800,22.3900,22.6300,95323000,1.000000
2008-10-31,msft,22.5300,22.9100,22.1200,22.3300,93064000,1.000000
2008-11-03,msft,22.4800,22.9100,22.2100,22.6200,61947000,1.000000
2008-11-04,msft,23.1300,23.6600,22.8700,23.5300,72194000,1.000000
2008-11-05,msft,23.3300,23.3400,22.0500,22.0800,81217000,1.000000
2008-11-06,msft,21.8700,22.0800,20.8600,20.8800,95569000,1.000000
2008-11-07,msft,21.3200,21.5400,21.0000,21.5000,71263000,1.000000
2008-11-10,msft,21.8450,21.9700,21.1900,21.3000,67603000,1.000000
2008-11-11,msft,21.2900,21.3000,20.7900,21.2000,78033000,1.000000
2008-11-12,msft,20.8900,21.0000,20.2800,20.3000,90160000,1.000000
2008-11-13,msft,20.1500,21.2500,18.7400,21.2500,148503000,1.000000
2008-11-14,msft,20.5600,21.3400,19.6500,20.0600,96627000,1.000000
2008-11-17,msft,19.7400,20.2400,19.1500,19.3200,97297000,1.000000
2008-11-18,msft,19.5000,19.6600,18.7500,19.6200,108985000,1.000000
2008-11-19,msft,19.6300,19.9500,18.2500,18.2900,103049000,1.000000
2008-11-20,msft,18.1150,18.8400,17.5000,17.5300,139533000,1.000000
2008-11-21,msft,18.0200,19.7000,17.9800,19.6800,157246000,1.000000
2008-11-24,msft,19.8900,20.9400,19.8700,20.6900,125299000,1.000000
2008-11-25,msft,20.8600,20.9300,19.5500,19.9900,92972000,1.000000
2008-11-26,msft,19.7300,20.6760,19.7300,20.4900,79682000,1.000000
2008-11-28,msft,20.2300,20.3100,20.0200,20.2200,31372000,1.000000
2008-12-01,msft,19.8750,19.9500,18.6030,18.6100,79874000,1.000000
2008-12-02,msft,18.9900,19.3100,18.5600,19.1500,79692000,1.000000
2008-12-03,msft,18.6500,19.9000,18.6000,19.8700,80970000,1.000000
2008-12-04,msft,19.4000,19.9200,18.7900,19.1100,78725000,1.000000
2008-12-05,msft,18.9100,19.9800,18.4700,19.8700,91998000,1.000000
2008-12-08,msft,20.3500,21.2500,20.1400,21.0100,107230000,1.000000
2008-12-09,msft,20.6200,21.2500,20.4600,20.6000,80500000,1.000000
2008-12-10,msft,20.8200,20.9600,20.3000,20.6100,61502000,1.000000
2008-12-11,msft,20.1100,20.1200,19.3100,19.4500,83624000,1.000000
2008-12-12,msft,19.1500,19.8500,18.7000,19.3600,78131000,1.000000
2008-12-15,msft,19.3400,19.4400,18.8900,19.0400,59936000,1.000000
2008-12-16,msft,19.2100,20.1800,19.0000,20.1100,97707000,1.000000
2008-12-17,msft,19.8100,20.0500,19.5000,19.6600,79062000,1.000000
2008-12-18,msft,19.8600,20.0200,18.9900,19.3000,80765000,1.000000
2008-12-19,msft,19.4200,19.8000,19.1100,19.1200,115432000,1.000000
2008-12-22,msft,19.2400,19.2900,18.8900,19.1800,58578000,1.000000
2008-12-23,msft,19.2800,19.5700,19.0100,19.2800,47536000,1.000000
2008-12-24,msft,19.2600,19.4500,19.1000,19.1700,16894000,1.000000
2008-12-26,msft,19.2000,19.3300,19.0900,19.1300,23105000,1.000000
2008-12-29,msft,19.1500,19.2100,18.6400,18.9600,58886000,1.000000
2008-12-30,msft,19.0100,19.4900,19.0000,19.3400,43229000,1.000000
2008-12-31,msft,19.3100,19.6800,19.2700,19.4400,46425000,1.000000
2009-01-02,msft,19.5330,20.4000,19.3700,20.3300,50122000,1.000000
2009-01-05,msft,20.2000,20.6700,20.0600,20.5200,61477000,1.000000
2009-01-06,msft,20.7500,21.0000,20.6100,20.7600,58086000,1.000000
2009-01-07,msft,20.1900,20.2900,19.4800,19.5100,72747000,1.000000
2009-01-08,msft,19.6300,20.1900,19.5500,20.1200,70255000,1.000000
2009-01-09,msft,20.1700,20.3000,19.4100,19.5200,49828000,1.000000
2009-01-12,msft,19.7100,19.7900,19.3000,19.4700,52204000,1.000000
2009-01-13,msft,19.5200,19.9900,19.5200,19.8200,65848000,1.000000
2009-01-14,msft,19.5300,19.6800,19.0100,19.0900,80342000,1.000000
2009-01-15,msft,19.0700,19.3000,18.5200,19.2400,96222000,1.000000
2009-01-16,msft,19.6300,19.9100,19.1500,19.7100,79640000,1.000000
2009-01-20,msft,19.4600,19.6200,18.3700,18.4800,89892000,1.000000
2009-01-21,msft,18.8700,19.4500,18.4600,19.3800,68358000,1.000000
2009-01-22,msft,18.0500,18.1800,17.0700,17.1100,222436000,1.000000
2009-01-23,msft,16.9700,17.4900,16.7500,17.2000,117021000,1.000000
2009-01-26,msft,17.2900,17.8100,17.2300,17.6300,93115000,1.000000
2009-01-27,msft,17.7800,17.9700,17.4300,17.6600,61708000,1.000000
2009-01-28,msft,17.8000,18.3100,17.7600,18.0400,64703000,1.000000
2009-01-29,msft,17.7800,17.9600,17.5600,17.5900,49209000,1.000000
2009-01-30,msft,17.7400,17.7900,17.1000,17.1000,62386000,1.000000
2009-02-02,msft,17.0300,18.1300,17.0000,17.8300,88883000,1.000000
2009-02-03,msft,17.8500,18.6100,17.6000,18.5000,86881000,1.000000
2009-02-04,msft,18.5400,19.0000,18.5000,18.6300,75618000,1.000000
2009-02-05,msft,18.5100,19.1400,18.2500,19.0400,75198000,1.000000
2009-02-06,msft,19.1600,19.9300,19.0600,19.6600,86746000,1.000000
2009-02-09,msft,19.6400,19.7700,19.2600,19.4400,52196000,1.000000
2009-02-10,msft,19.2500,19.8000,18.7000,18.8000,83959000,1.000000
2009-02-11,msft,18.9400,19.4900,18.9200,19.2100,58599000,1.000000
2009-02-12,msft,18.9700,19.3200,18.5400,19.2600,75323000,1.000000
2009-02-13,msft,19.2700,19.4700,19.0400,19.0900,47419000,1.000000
2009-02-17,msft,18.4900,18.5000,17.8900,18.0900,75853000,1.000000
2009-02-18,msft,18.2200,18.4500,18.0000,18.1200,54955000,1.000000
2009-02-19,msft,18.3000,18.3800,17.8100,17.9100,49198000,1.000000
2009-02-20,msft,17.7700,18.1900,17.6600,18.0000,69416000,1.000000
2009-02-23,msft,18.0200,18.1500,17.1600,17.2100,70803000,1.000000
2009-02-24,msft,17.0300,17.3500,16.3600,17.1700,122674000,1.000000
2009-02-25,msft,17.0100,17.2400,16.4600,16.9600,105895000,1.000000
2009-02-26,msft,17.0500,17.0800,16.4200,16.4200,83219000,1.000000
2009-02-27,msft,16.2900,16.5200,16.1000,16.1500,93434000,1.000000
2009-03-02,msft,15.9600,16.2500,15.7200,15.7900,80597000,1.000000
2009-03-03,msft,16.0300,16.2400,15.6400,15.8800,80477000,1.000000
2009-03-04,msft,16.1200,16.4000,15.8900,16.1200,69290000,1.000000
2009-03-05,msft,15.8600,15.8800,15.2680,15.2700,89705000,1.000000
2009-03-06,msft,15.3500,15.6200,14.8700,15.2800,92854000,1.000000
2009-03-09,msft,15.2000,15.7400,15.1000,15.1500,66514000,1.000000
2009-03-10,msft,15.3700,16.6200,15.2500,16.4800,95192000,1.000000
2009-03-11,msft,16.6300,17.2000,16.4300,17.1100,84573000,1.000000
2009-03-12,msft,17.0100,17.0400,16.4800,17.0100,93720000,1.000000
2009-03-13,msft,16.9800,17.0500,16.1800,16.6500,82975000,1.000000
2009-03-16,msft,16.8200,16.9600,16.2400,16.2500,67038000,1.000000
2009-03-17,msft,16.3230,16.9000,16.2600,16.9000,62669000,1.000000
2009-03-18,msft,17.0300,17.2200,16.6000,16.9600,70733000,1.000000
2009-03-19,msft,17.3700,17.4500,16.9200,17.1400,58999000,1.000000
2009-03-20,msft,17.3200,17.6500,16.8800,17.0600,81743000,1.000000
2009-03-23,msft,17.3700,18.5900,17.3100,18.3300,71608000,1.000000
2009-03-24,msft,18.0400,18.2120,17.8400,17.9300,50090000,1.000000
2009-03-25,msft,17.9800,18.3100,17.5200,17.8800,73932000,1.000000
2009-03-26,msft,18.1700,18.8800,18.1200,18.8300,63780000,1.000000
2009-03-27,msft,18.5430,18.6150,18.0500,18.1300,47674000,1.000000
2009-03-30,msft,17.7400,17.7600,17.2700,17.4800,49641000,1.000000
2009-03-31,msft,17.8300,18.7900,17.7800,18.3700,92423000,1.000000
2009-04-01,msft,18.2300,19.3600,18.1800,19.3100,96439000,1.000000
2009-04-02,msft,19.5000,19.8900,19.0000,19.2900,99082000,1.000000
2009-04-03,msft,19.1300,19.1500,18.4340,18.7500,81865000,1.000000
2009-04-06,msft,18.5400,18.7600,18.2650,18.7600,47479000,1.000000
2009-04-07,msft,18.7600,19.1400,18.6300,18.7600,65815000,1.000000
2009-04-08,msft,18.9700,19.6200,18.9600,19.1900,56409000,1.000000
2009-04-09,msft,19.4500,19.7000,19.2200,19.6700,55760000,1.000000
2009-04-13,msft,19.6900,19.8500,19.3700,19.5900,44450000,1.000000
2009-04-14,msft,19.4400,19.5500,19.0000,19.3500,63796000,1.000000
2009-04-15,msft,19.2100,19.2500,18.5100,18.8300,72725000,1.000000
2009-04-16,msft,19.1600,19.7800,18.9900,19.7600,67692000,1.000000
2009-04-17,msft,19.6850,19.6900,19.0000,19.2000,61398000,1.000000
2009-04-20,msft,18.8900,18.9500,18.5700,18.6100,62943000,1.000000
2009-04-21,msft,18.5900,19.0800,18.5700,18.9700,60928000,1.000000
2009-04-22,msft,18.7600,19.1900,18.7000,18.7800,59401000,1.000000
2009-04-23,msft,18.9200,18.9400,18.4700,18.9200,86116000,1.000000
2009-04-24,msft,19.8200,21.2000,19.5000,20.9100,168478000,1.000000
2009-04-27,msft,20.5500,20.8200,20.2800,20.4000,68220000,1.000000
2009-04-28,msft,20.2500,20.2700,19.7900,19.9300,76688000,1.000000
2009-04-29,msft,20.1100,20.8900,20.0600,20.2500,79302000,1.000000
2009-04-30,msft,20.6000,21.1000,20.0100,20.2600,87440000,1.000000
2009-05-01,msft,20.1900,20.3500,19.8630,20.2400,63224000,1.000000
2009-05-04,msft,20.3700,20.4000,19.9800,20.1900,54313000,1.000000
2009-05-05,msft,20.1400,20.2400,19.6400,19.7900,67243000,1.000000
2009-05-06,msft,20.0600,20.0700,19.6100,19.7900,59639000,1.000000
2009-05-07,msft,19.9600,19.9900,19.1400,19.3200,68727000,1.000000
2009-05-08,msft,19.4600,19.6400,19.1400,19.4200,67604000,1.000000
2009-05-11,msft,19.2000,19.7300,19.0100,19.3200,63762913,1.000000
2009-05-12,msft,19.5100,20.0600,19.4700,19.8900,71958499,1.000000
2009-05-13,msft,19.9200,20.0000,19.6700,19.7500,49283295,1.000000
2009-05-14,msft,19.8300,20.2300,19.8000,20.0600,54540430,1.000000
2009-05-15,msft,20.1300,20.5000,19.9750,20.2200,61289838,1.000000
2009-05-18,msft,20.3600,20.6000,20.2400,20.6000,46074479,1.000000
2009-05-19,msft,20.5100,20.7400,20.2500,20.3100,51322851,1.000000
2009-05-20,msft,20.4100,20.6900,20.2200,20.3800,47452295,1.000000
2009-05-21,msft,20.1400,20.2300,19.5100,19.8200,58240045,1.000000
2009-05-22,msft,19.9300,20.1700,19.4700,19.7500,37325792,1.000000
2009-05-26,msft,19.5400,20.4500,19.4500,20.3400,44994966,1.000000
2009-05-27,msft,20.2500,20.6000,20.0700,20.1300,42897438,1.000000
2009-05-28,msft,20.3200,20.6300,20.0500,20.4500,45484059,1.000000
2009-05-29,msft,20.5600,20.9400,20.3000,20.8900,46139533,1.000000
2009-06-01,msft,21.0000,21.5000,20.8600,21.4000,57322194,1.000000
2009-06-02,msft,21.3600,21.9800,21.2000,21.4000,48937234,1.000000
2009-06-03,msft,21.3100,21.7600,21.2900,21.7300,56042524,1.000000
2009-06-04,msft,21.7700,21.9000,21.5800,21.8300,42332165,1.000000
2009-06-05,msft,21.9600,22.3100,21.8100,22.1400,59585285,1.000000
2009-06-08,msft,21.9800,22.3200,21.6300,22.0500,49005191,1.000000
2009-06-09,msft,22.0600,22.3200,21.8800,22.0800,50887529,1.000000
2009-06-10,msft,22.1700,22.6200,22.1200,22.5500,61206610,1.000000
2009-06-11,msft,22.5900,23.2600,22.5700,22.8300,65128974,1.000000
2009-06-12,msft,22.9000,23.3800,22.7400,23.3300,50963461,1.000000
2009-06-15,msft,23.2300,23.5400,23.0200,23.4200,69089288,1.000000
2009-06-16,msft,23.4700,24.1100,23.4400,23.4500,105289703,1.000000
2009-06-17,msft,23.5000,23.8200,23.1700,23.6800,86481055,1.000000
2009-06-18,msft,23.6200,23.6900,23.3000,23.5000,58839428,1.000000
2009-06-19,msft,24.0400,24.3400,23.7500,24.0700,115458922,1.000000
2009-06-22,msft,23.9500,23.9500,23.2500,23.2800,71294391,1.000000
2009-06-23,msft,23.3800,23.6600,23.2100,23.3400,56753482,1.000000
2009-06-24,msft,23.4500,23.7500,23.3600,23.4700,54287232,1.000000
2009-06-25,msft,23.4300,23.9200,23.2000,23.7900,57727630,1.000000
2009-06-26,msft,23.5700,23.6900,23.3200,23.3500,65126363,1.000000
2009-06-29,msft,23.6000,24.0300,23.5500,23.8600,62861228,1.000000
2009-06-30,msft,23.9700,24.2400,23.6300,23.7700,66452303,1.000000
2009-07-01,msft,24.0500,24.3000,23.9600,24.0400,54914827,1.000000
2009-07-02,msft,23.7600,24.0400,23.2100,23.3700,65427699,1.000000
2009-07-06,msft,23.2100,23.2800,22.8700,23.2000,48955226,1.000000
2009-07-07,msft,23.0800,23.1400,22.4600,22.5300,52841412,1.000000
2009-07-08,msft,22.3100,22.6900,22.0000,22.5600,73014555,1.000000
2009-07-09,msft,22.6500,22.8100,22.3700,22.4400,46979174,1.000000
2009-07-10,msft,22.1900,22.5400,22.1500,22.3900,43237369,1.000000
2009-07-13,msft,22.4200,23.2900,22.1400,23.2300,67585358,1.000000
2009-07-14,msft,23.2000,23.2200,22.8600,23.1100,45447284,1.000000
2009-07-15,msft,23.7500,24.1200,23.5600,24.1200,67241387,1.000000
2009-07-16,msft,23.9300,24.4400,23.8600,24.4400,64560963,1.000000
2009-07-17,msft,24.4000,24.4500,24.1000,24.2900,52849956,1.000000
2009-07-20,msft,24.4400,24.5300,24.1500,24.5300,47797971,1.000000
2009-07-21,msft,24.6900,24.8300,24.3700,24.8300,52027832,1.000000
2009-07-22,msft,24.7000,24.9000,24.5100,24.8000,66190409,1.000000
2009-07-23,msft,24.9300,25.7200,24.8400,25.5600,106018599,1.000000
2009-07-24,msft,23.6100,23.8900,22.8100,23.4500,215133996,1.000000
2009-07-27,msft,23.4400,23.4500,22.9000,23.1100,80912649,1.000000
2009-07-28,msft,22.9900,23.5500,22.9000,23.4700,70287280,1.000000
2009-07-29,msft,23.7300,23.9100,23.3400,23.8000,73624109,1.000000
2009-07-30,msft,24.2000,24.4300,23.7100,23.8100,67812817,1.000000
2009-07-31,msft,23.7700,24.0700,23.5000,23.5200,54265278,1.000000
2009-08-03,msft,23.8200,23.8600,23.5000,23.8300,46892763,1.000000
2009-08-04,msft,23.6800,23.7900,23.5300,23.7700,49040463,1.000000
2009-08-05,msft,23.8400,24.2500,23.7900,23.8100,53199734,1.000000
2009-08-06,msft,23.9300,23.9800,23.2700,23.4600,59655045,1.000000
2009-08-07,msft,23.7500,23.8200,23.5000,23.5600,46163000,1.000000
2009-08-10,msft,23.4600,23.5500,23.3000,23.4200,35248476,1.000000
2009-08-11,msft,23.3200,23.4000,23.0500,23.1300,33598767,1.000000
2009-08-12,msft,23.1300,23.9000,23.0300,23.5300,61558159,1.000000
2009-08-13,msft,23.6300,23.8500,23.4000,23.6200,38950394,1.000000
2009-08-14,msft,23.6200,23.8000,23.5100,23.6900,46327141,1.000000
2009-08-17,msft,23.3200,23.6000,23.2300,23.2500,42007654,1.000000
2009-08-18,msft,23.2900,23.6500,23.2700,23.5800,38748988,1.000000
2009-08-19,msft,23.2500,23.7200,23.2500,23.6500,41806546,1.000000
2009-08-20,msft,23.6000,23.8700,23.5400,23.6700,39502378,1.000000
2009-08-21,msft,23.9300,24.4200,23.7700,24.4100,68988447,1.000000
2009-08-24,msft,24.4100,24.7300,24.2800,24.6400,54157068,1.000000
2009-08-25,msft,24.6000,24.8200,24.4600,24.6400,43955686,1.000000
2009-08-26,msft,24.5900,24.7500,24.4200,24.5500,41016341,1.000000
2009-08-27,msft,24.4100,24.7800,24.3000,24.6900,45363777,1.000000
2009-08-28,msft,25.0700,25.4900,24.6100,24.6800,55766570,1.000000
2009-08-31,msft,24.5700,24.8500,24.2900,24.6500,49526057,1.000000
2009-09-01,msft,24.3500,24.7400,23.9000,24.0000,62548695,1.000000
2009-09-02,msft,23.8200,24.1400,23.7800,23.8600,40714385,1.000000
2009-09-03,msft,23.9100,24.1400,23.7600,24.1100,34108114,1.000000
2009-09-04,msft,24.0900,24.8000,24.0800,24.6200,44999631,1.000000
2009-09-07,msft,24.0900,24.8000,24.0800,24.6200,44999631,1.000000
2009-09-08,msft,24.6200,24.8400,24.4100,24.8200,53714894,1.000000
2009-09-09,msft,24.7400,24.9500,24.6600,24.7800,49834506,1.000000
2009-09-10,msft,24.8000,25.0500,24.6500,25.0000,46253601,1.000000
2009-09-11,msft,24.9300,25.1700,24.8100,24.8600,54302087,1.000000
2009-09-14,msft,24.6500,25.0900,24.6400,25.0000,42780802,1.000000
2009-09-15,msft,24.9700,25.2700,24.8600,25.2000,44497355,1.000000
2009-09-16,msft,25.2500,25.3500,24.9500,25.2000,49029795,1.000000
2009-09-17,msft,25.0600,25.3800,25.0600,25.3000,42429818,1.000000
2009-09-18,msft,25.4600,25.4800,25.1000,25.2600,67909743,1.000000
2009-09-21,msft,25.1100,25.3700,25.1000,25.3000,28864421,1.000000
2009-09-22,msft,25.4000,25.8200,25.2900,25.7700,61309653,1.000000
2009-09-23,msft,25.9200,26.2500,25.6400,25.7100,60579722,1.000000
2009-09-24,msft,25.9200,26.1100,25.6600,25.9400,56310495,1.000000
2009-09-25,msft,25.6900,25.8200,25.5200,25.5500,50098873,1.000000
2009-09-28,msft,25.6000,26.1600,25.6000,25.8300,44360085,1.000000
2009-09-29,msft,25.9100,25.9600,25.6900,25.7500,38967735,1.000000
2009-09-30,msft,25.7600,25.9900,25.3800,25.7200,63290457,1.000000
2009-10-01,msft,25.4100,25.4700,24.8000,24.8800,75674340,1.000000
2009-10-02,msft,24.4500,25.0900,24.4300,24.9600,51208068,1.000000
2009-10-05,msft,24.9800,25.0600,24.5200,24.6400,60230100,1.000000
2009-10-06,msft,24.6800,25.2100,24.6600,25.1100,48628148,1.000000
2009-10-07,msft,24.9900,25.1800,24.8800,25.1000,38461078,1.000000
2009-10-08,msft,25.4400,25.9000,25.2200,25.6700,60494806,1.000000
2009-10-09,msft,25.5700,25.7900,25.4600,25.5500,39501493,1.000000
2009-10-12,msft,25.6600,25.8900,25.5500,25.7200,29142044,1.000000
2009-10-13,msft,25.5900,25.9400,25.5200,25.8100,37323426,1.000000
2009-10-14,msft,26.1400,26.2000,25.8200,25.9600,45290239,1.000000
2009-10-15,msft,25.9000,26.7100,25.9000,26.7100,63144673,1.000000
2009-10-16,msft,26.4500,26.6300,26.1000,26.5000,56460182,1.000000
2009-10-19,msft,26.4900,26.5800,26.2500,26.3600,47971705,1.000000
2009-10-20,msft,26.4200,26.5100,25.9400,26.3700,54587801,1.000000
2009-10-21,msft,26.4600,26.7500,26.3900,26.5800,61637368,1.000000
2009-10-22,msft,26.5600,26.7200,26.1300,26.5900,61006100,1.000000
2009-10-23,msft,29.2000,29.3500,27.8800,28.0200,281598121,1.000000
2009-10-26,msft,28.1200,29.0200,28.1100,28.6800,123914438,1.000000
2009-10-27,msft,28.7300,28.8800,28.4400,28.5900,68591798,1.000000
2009-10-28,msft,28.2400,28.7700,27.9500,28.0200,73453557,1.000000
2009-10-29,msft,28.0700,28.4100,27.8500,28.2200,65197762,1.000000
2009-10-30,msft,28.0300,28.4000,27.6600,27.7300,72855605,1.000000
2009-11-02,msft,27.7000,28.0500,27.4100,27.8700,52965378,1.000000
2009-11-03,msft,27.6400,27.7400,27.4300,27.5100,40513309,1.000000
2009-11-04,msft,27.6900,28.3900,27.6200,28.1100,49927125,1.000000
2009-11-05,msft,28.5200,28.7400,28.2800,28.4200,42895696,1.000000
2009-11-06,msft,28.3800,28.6300,28.2000,28.4400,34471991,1.000000
2009-11-09,msft,28.6200,29.0000,28.5300,28.9900,45452330,1.000000
2009-11-10,msft,28.8900,29.2800,28.8100,28.9600,59065741,1.000000
2009-11-11,msft,29.0800,29.3000,29.0200,29.1200,45289428,1.000000
2009-11-12,msft,29.0100,29.4900,29.0000,29.3900,45712238,1.000000
2009-11-13,msft,29.4700,29.7900,29.3700,29.6900,48091297,1.000000
2009-11-16,msft,29.6100,29.8000,29.3700,29.4900,48031913,1.000000
2009-11-17,msft,29.5000,30.0000,29.4700,29.9600,66312519,1.000000
2009-11-18,msft,30.0000,30.0800,29.8100,30.0450,52073739,1.000000
2009-11-19,msft,29.9900,30.0000,29.7000,29.8600,45364324,1.000000
2009-11-20,msft,29.6600,29.7700,29.4300,29.7100,37698550,1.000000
2009-11-23,msft,29.8400,30.0100,29.7000,29.8900,36891963,1.000000
2009-11-24,msft,29.9500,29.9900,29.7500,29.8850,32443133,1.000000
2009-11-25,msft,29.8100,29.8600,29.5800,29.7000,26670322,1.000000
2009-11-27,msft,29.1100,29.3900,28.7500,29.2200,29357742,1.000000
2009-11-30,msft,29.1500,29.4500,29.0000,29.4000,35145360,1.000000
2009-12-01,msft,29.5200,30.0000,29.4100,29.9900,40093134,1.000000
2009-12-02,msft,29.9000,29.9900,29.6500,29.7500,31032184,1.000000
2009-12-03,msft,29.8400,30.2000,29.7600,29.9800,36743705,1.000000
2009-12-04,msft,30.0500,30.3700,29.8300,30.0500,54010612,1.000000
2009-12-07,msft,29.7800,30.0800,29.6800,29.7800,33873353,1.000000
2009-12-08,msft,29.5200,29.7400,29.3800,29.6600,31390398,1.000000
2009-12-09,msft,29.4700,29.8100,29.2500,29.7800,38176882,1.000000
2009-12-10,msft,29.7100,29.9500,29.6600,29.9100,34684482,1.000000
2009-12-11,msft,29.9700,30.0000,29.7900,29.8200,37314573,1.000000
2009-12-14,msft,29.9100,30.1600,29.9000,30.1600,29765211,1.000000
2009-12-15,msft,29.8900,30.2100,29.8800,29.9800,39872809,1.000000
2009-12-16,msft,30.0700,30.4100,30.0400,30.1900,42126611,1.000000
2009-12-17,msft,29.9500,29.9600,29.5700,29.7100,35137212,1.000000
2009-12-18,msft,29.8400,30.1600,29.8000,30.1300,58469028,1.000000
2009-12-21,msft,30.4000,30.8400,30.3700,30.5000,34369226,1.000000
2009-12-22,msft,30.6000,30.9300,30.5400,30.7900,29066943,1.000000
2009-12-23,msft,30.7100,30.9500,30.6900,30.9100,24442487,1.000000
2009-12-24,msft,30.8800,31.0000,30.7600,31.0000,11083397,1.000000
2009-12-28,msft,31.0000,31.1400,30.8900,31.1400,20902194,1.000000
2009-12-29,msft,31.3500,31.5000,31.2300,31.4300,24486845,1.000000
2009-12-30,msft,31.1500,31.2900,30.8000,30.9100,34585240,1.000000
2009-12-31,msft,30.9800,30.9900,30.6200,30.6500,19949955,1.000000
2010-01-04,msft,30.6200,31.1000,30.5900,30.9890,30751637,1.000000
2010-01-05,msft,30.8500,31.1000,30.6400,30.9700,42230748,1.000000
2010-01-06,msft,30.8800,31.0800,30.5200,30.6900,48973154,1.000000
2010-01-07,msft,30.6300,30.7000,30.1900,30.4200,42320175,1.000000
2010-01-08,msft,30.2800,30.8800,30.2400,30.6700,42146897,1.000000
2010-01-11,msft,30.7100,30.7600,30.1200,30.2100,57004482,1.000000
2010-01-12,msft,30.1500,30.4000,29.9100,30.0500,52436494,1.000000
2010-01-13,msft,30.2600,30.5200,30.0100,30.3900,37908601,1.000000
2010-01-14,msft,30.3100,31.1000,30.2600,31.0500,53243204,1.000000
2010-01-15,msft,31.0800,31.2400,30.7100,30.8700,68830973,1.000000
2010-01-19,msft,30.7500,31.2400,30.6800,31.1000,36545372,1.000000
2010-01-20,msft,30.8100,30.9400,30.3100,30.5600,47159905,1.000000
2010-01-21,msft,30.6100,30.7200,30.0000,30.1340,60625729,1.000000
2010-01-22,msft,30.0000,30.2000,28.8400,28.8890,85859076,1.000000
2010-01-25,msft,29.2400,29.6600,29.1000,29.3900,52026366,1.000000
2010-01-26,msft,29.2000,29.8500,29.0900,29.5400,56399336,1.000000
2010-01-27,msft,29.3500,29.8200,29.0200,29.7370,52740118,1.000000
2010-01-28,msft,29.8400,29.8700,28.8900,29.3250,92066609,1.000000
2010-01-29,msft,29.9000,29.9200,27.6600,28.0800,176856933,1.000000
2010-02-01,msft,28.3900,28.4800,27.9200,28.3650,79308785,1.000000
2010-02-02,msft,28.3700,28.5000,28.1400,28.4600,54152883,1.000000
2010-02-03,msft,28.2600,28.7900,28.1200,28.6300,61388852,1.000000
2010-02-04,msft,28.3800,28.5000,27.8100,27.8400,77831788,1.000000
2010-02-05,msft,28.0000,28.2800,27.5700,28.0200,80803801,1.000000
2010-02-08,msft,28.0100,28.0800,27.5700,27.7200,52823071,1.000000
2010-02-09,msft,27.9700,28.3400,27.7500,28.0100,59118142,1.000000
2010-02-10,msft,28.0300,28.2400,27.8400,27.9900,47949344,1.000000
2010-02-11,msft,27.9300,28.4000,27.7000,28.1200,65953632,1.000000
2010-02-12,msft,27.8100,28.0600,27.5800,27.9300,77506990,1.000000
2010-02-16,msft,28.1300,28.3700,28.0200,28.3500,51695696,1.000000
2010-02-17,msft,28.5300,28.6500,28.3600,28.5900,45567360,1.000000
2010-02-18,msft,28.5900,29.0300,28.5100,28.9700,42763392,1.000000
2010-02-19,msft,28.7900,28.9200,28.6900,28.7700,44439749,1.000000
2010-02-22,msft,28.8400,28.9400,28.6500,28.7300,36702400,1.000000
2010-02-23,msft,28.6800,28.8300,28.0900,28.3300,52238955,1.000000
2010-02-24,msft,28.5200,28.7900,28.3800,28.6300,42965575,1.000000
2010-02-25,msft,28.2700,28.6500,28.0200,28.6000,48691659,1.000000
2010-02-26,msft,28.6500,28.8500,28.5100,28.6700,40217776,1.000000
2010-03-01,msft,28.7700,29.0500,28.5300,29.0200,43763853,1.000000
2010-03-02,msft,29.0800,29.3000,28.2400,28.4600,93116638,1.000000
2010-03-03,msft,28.5100,28.6100,28.3500,28.4600,48121936,1.000000
2010-03-04,msft,28.4600,28.6500,28.2700,28.6300,42887357,1.000000
2010-03-05,msft,28.6600,28.6800,28.4200,28.5900,55824959,1.000000
2010-03-08,msft,28.5200,28.9300,28.5000,28.6300,39387485,1.000000
2010-03-09,msft,28.5600,29.1100,28.5500,28.8000,49557783,1.000000
2010-03-10,msft,28.8600,29.1100,28.8000,28.9700,44888957,1.000000
2010-03-11,msft,28.8900,29.1900,28.8500,29.1800,35346113,1.000000
2010-03-12,msft,29.3200,29.3800,29.0400,29.2700,31696416,1.000000
2010-03-15,msft,29.1800,29.3700,29.0100,29.2900,37496449,1.000000
2010-03-16,msft,29.4200,29.4900,29.2000,29.3700,36720759,1.000000
2010-03-17,msft,29.5000,29.8700,29.4000,29.6300,50375230,1.000000
2010-03-18,msft,29.6300,29.7200,29.5000,29.6100,43822221,1.000000
2010-03-19,msft,29.7600,29.9000,29.3500,29.5900,81329954,1.000000
2010-03-22,msft,29.5000,29.7000,29.3900,29.6000,37698712,1.000000
2010-03-23,msft,29.5900,29.9000,29.4100,29.8800,41943657,1.000000
2010-03-24,msft,29.7200,29.8500,29.6000,29.6500,33985036,1.000000
2010-03-25,msft,29.8300,30.5700,29.8000,30.0100,73167652,1.000000
2010-03-26,msft,30.0900,30.2000,29.5900,29.6600,55594555,1.000000
2010-03-29,msft,29.7100,29.8200,29.5500,29.5900,33329510,1.000000
2010-03-30,msft,29.6300,29.8600,29.5000,29.7700,34954383,1.000000
2010-03-31,msft,29.6400,29.7200,29.1700,29.2900,63758428,1.000000
2010-04-01,msft,29.3500,29.5400,28.6200,29.1600,74756710,1.000000
2010-04-05,msft,29.1300,29.4300,29.0300,29.2700,34326698,1.000000
2010-04-06,msft,29.1500,29.5800,28.9800,29.3200,47147115,1.000000
2010-04-07,msft,29.1600,29.5600,29.1400,29.3500,58317045,1.000000
2010-04-08,msft,29.3200,29.9800,29.3000,29.9200,63451324,1.000000
2010-04-09,msft,29.9500,30.4100,29.8900,30.3400,54745927,1.000000
2010-04-12,msft,30.2500,30.4900,30.2000,30.3200,37067833,1.000000
2010-04-13,msft,30.1500,30.5000,30.1300,30.4500,41355147,1.000000
2010-04-14,msft,30.7900,31.0000,30.6600,30.8200,68908640,1.000000
2010-04-15,msft,30.8200,30.9500,30.7100,30.8700,52747945,1.000000
2010-04-16,msft,30.7900,30.9800,30.6000,30.6700,88707502,1.000000
2010-04-19,msft,30.7700,31.2500,30.7600,31.0400,64969748,1.000000
2010-04-20,msft,31.2200,31.4400,31.1300,31.3600,52205393,1.000000
2010-04-21,msft,31.3300,31.5000,31.2300,31.3300,55340636,1.000000
2010-04-22,msft,31.0400,31.5300,30.9000,31.3900,84779895,1.000000
2010-04-23,msft,31.1200,31.5800,30.6500,30.9600,126763237,1.000000
2010-04-26,msft,31.0000,31.2700,30.8600,31.1100,63652091,1.000000
2010-04-27,msft,30.9500,31.2500,30.7500,30.8400,68731715,1.000000
2010-04-28,msft,30.9200,31.0000,30.6200,30.9100,64556401,1.000000
2010-04-29,msft,30.9300,31.4300,30.6700,31.0000,52671781,1.000000
2010-04-30,msft,31.0700,31.0800,30.5200,30.5400,63220209,1.000000
2010-05-03,msft,30.6700,31.0600,30.5800,30.8600,43989918,1.000000
2010-05-04,msft,30.5200,30.5500,29.7500,30.1300,82075429,1.000000
2010-05-05,msft,29.7700,30.0900,29.6900,29.8500,66828640,1.000000
2010-05-06,msft,29.5900,29.8800,27.9100,28.9800,128607639,1.000000
2010-05-07,msft,28.9300,28.9500,27.3200,28.2100,173718024,1.000000
2010-05-10,msft,29.0100,29.4800,28.7100,28.9400,86655768,1.000000
2010-05-11,msft,28.6800,29.6500,28.5700,28.8800,63795834,1.000000
2010-05-12,msft,28.9800,29.5800,28.9200,29.4400,47148762,1.000000
2010-05-13,msft,29.2600,29.7300,29.1800,29.2400,45289698,1.000000
2010-05-14,msft,29.2000,29.2100,28.6400,28.9300,63333959,1.000000
2010-05-17,msft,29.1200,29.2300,28.4500,28.9400,46054296,1.000000
2010-05-18,msft,28.8700,29.0000,28.4000,28.6000,52770905,1.000000
2010-05-19,msft,28.5200,28.6900,27.7900,28.2400,61752728,1.000000
2010-05-20,msft,27.6500,27.8400,27.0400,27.1100,87982798,1.000000
2010-05-21,msft,26.6300,27.1100,26.4400,26.8400,117600229,1.000000
2010-05-24,msft,26.8500,26.8600,26.2600,26.2700,73708738,1.000000
2010-05-25,msft,25.6500,26.3300,25.3800,26.0700,98323659,1.000000
2010-05-26,msft,26.2300,26.6100,24.5600,25.0100,176621207,1.000000
2010-05-27,msft,25.7300,26.3600,25.7300,26.0000,136420562,1.000000
2010-05-28,msft,25.8400,26.1200,25.6600,25.8000,67502221,1.000000
2010-06-01,msft,25.5300,26.3100,25.5200,25.8900,76155453,1.000000
2010-06-02,msft,26.0600,26.4800,25.7300,26.4600,65325272,1.000000
2010-06-03,msft,26.5500,26.9300,26.4100,26.8600,67838672,1.000000
2010-06-04,msft,26.1000,26.5700,25.6200,25.7900,89833275,1.000000
2010-06-07,msft,25.8200,25.8300,25.2400,25.2900,80453954,1.000000
2010-06-08,msft,25.2500,25.2600,24.6500,25.1100,87258140,1.000000
2010-06-09,msft,25.2200,25.5200,24.7500,24.7900,87807282,1.000000
2010-06-10,msft,25.1300,25.1500,24.7800,25.0000,78942331,1.000000
2010-06-11,msft,25.0400,25.7200,24.7700,25.6600,68057774,1.000000
2010-06-14,msft,25.8600,25.9600,25.4700,25.5000,50971863,1.000000
2010-06-15,msft,25.7500,26.6500,25.7400,26.5800,81643173,1.000000
2010-06-16,msft,26.4700,26.5800,26.2300,26.3200,48698364,1.000000
2010-06-17,msft,26.5600,26.6700,26.0400,26.3700,47997592,1.000000
2010-06-18,msft,26.3700,26.5300,26.1700,26.4400,52079257,1.000000
2010-06-21,msft,26.7800,26.8900,25.8900,25.9500,54623399,1.000000
2010-06-22,msft,26.1600,26.4500,25.7600,25.7700,55986286,1.000000
2010-06-23,msft,25.7800,25.7800,25.2200,25.3100,61467782,1.000000
2010-06-24,msft,25.4600,25.7200,24.9300,25.0000,85248896,1.000000
2010-06-25,msft,25.0500,25.1100,24.3100,24.5300,156256672,1.000000
2010-06-28,msft,24.5100,24.6100,24.1200,24.3100,73787479,1.000000
2010-06-29,msft,24.1300,24.2000,23.1100,23.3100,119767991,1.000000
2010-06-30,msft,23.3000,23.6800,22.9500,23.0100,81043505,1.000000
2010-07-01,msft,23.0900,23.3200,22.7300,23.1600,92232549,1.000000
2010-07-02,msft,23.3600,23.4800,23.0500,23.2700,62489452,1.000000
2010-07-06,msft,23.7000,24.0900,23.5800,23.8200,73593354,1.000000
2010-07-07,msft,23.8200,24.3200,23.6100,24.3000,81960753,1.000000
2010-07-08,msft,24.6000,24.6200,23.9700,24.4100,50766872,1.000000
2010-07-09,msft,24.3300,24.4100,24.1500,24.2700,53811348,1.000000
2010-07-12,msft,24.4300,24.8900,24.4200,24.8300,49855101,1.000000
2010-07-13,msft,25.1400,25.3000,24.9000,25.1300,61923119,1.000000
2010-07-14,msft,25.5000,25.6100,25.1200,25.4400,72806422,1.000000
2010-07-15,msft,25.5000,25.5900,24.9800,25.5100,56934631,1.000000
2010-07-16,msft,25.5100,25.6400,24.8800,24.8900,65064760,1.000000
2010-07-19,msft,24.9600,25.3000,24.9100,25.2300,38178708,1.000000
2010-07-20,msft,24.8600,25.4800,24.7000,25.4800,45529862,1.000000
2010-07-21,msft,25.6000,25.6500,24.9800,25.1200,73294033,1.000000
2010-07-22,msft,25.5100,25.9900,25.4700,25.8400,73000951,1.000000
2010-07-23,msft,25.8400,26.0200,25.2500,25.8100,108520012,1.000000
2010-07-26,msft,25.8600,26.2000,25.8000,26.1000,67249364,1.000000
2010-07-27,msft,26.1400,26.2400,25.9600,26.1600,60682184,1.000000
2010-07-28,msft,26.0700,26.1900,25.8300,25.9500,69700881,1.000000
2010-07-29,msft,26.1300,26.4100,25.6000,26.0300,69444988,1.000000
2010-07-30,msft,25.7500,25.8400,25.3500,25.8100,83534777,1.000000
2010-08-02,msft,25.9900,26.3800,25.7500,26.3300,54931706,1.000000
2010-08-03,msft,26.2000,26.3500,25.9700,26.1600,56715063,1.000000
2010-08-04,msft,26.1500,26.2400,25.4400,25.7300,78518619,1.000000
2010-08-05,msft,25.4900,25.5800,25.2100,25.3700,64918237,1.000000
2010-08-06,msft,25.1800,25.5600,25.0200,25.5500,55985489,1.000000
2010-08-09,msft,25.5500,25.7300,25.3700,25.6100,57101862,1.000000
2010-08-10,msft,25.3300,25.3400,24.8800,25.0700,87257283,1.000000
2010-08-11,msft,24.6800,24.9000,24.5600,24.8600,76698033,1.000000
2010-08-12,msft,24.4200,24.6800,24.3600,24.4900,70235047,1.000000
2010-08-13,msft,24.3500,24.6700,24.2400,24.4000,45263430,1.000000
2010-08-16,msft,24.3600,24.6100,24.3000,24.5000,40958292,1.000000
2010-08-17,msft,24.7100,24.9600,24.6000,24.7100,52932023,1.000000
2010-08-18,msft,24.6800,24.9500,24.4100,24.8200,45992492,1.000000
2010-08-19,msft,24.6200,24.7400,24.2100,24.4400,54066985,1.000000
2010-08-20,msft,24.3100,24.4000,24.2000,24.2300,49565732,1.000000
2010-08-23,msft,24.4400,24.6400,24.2400,24.2800,51694282,1.000000
2010-08-24,msft,24.0900,24.3500,24.0000,24.0400,66532358,1.000000
2010-08-25,msft,24.0000,24.2200,23.8700,24.1000,47393527,1.000000
2010-08-26,msft,24.0900,24.1900,23.7900,23.8200,49105276,1.000000
2010-08-27,msft,23.8800,24.0200,23.5100,23.9300,60944493,1.000000
2010-08-30,msft,23.7400,23.8200,23.6000,23.6400,45452035,1.000000
2010-08-31,msft,23.6000,23.7300,23.3200,23.4600,66072056,1.000000
2010-09-01,msft,23.6700,23.9500,23.5400,23.9000,65234144,1.000000
2010-09-02,msft,23.8800,23.9500,23.7100,23.9400,48784406,1.000000
2010-09-03,msft,24.2400,24.4500,24.2000,24.2900,64189016,1.000000
2010-09-07,msft,24.1000,24.3000,23.9200,23.9600,51883892,1.000000
2010-09-08,msft,24.0700,24.2000,23.7400,23.9300,65512029,1.000000
2010-09-09,msft,24.1900,24.2100,23.9900,24.0100,46023331,1.000000
2010-09-10,msft,23.9800,24.0300,23.7900,23.8500,58293790,1.000000
2010-09-13,msft,24.2000,25.2900,24.0900,25.1100,114589298,1.000000
2010-09-14,msft,25.0400,25.3500,24.8900,25.0300,87133453,1.000000
2010-09-15,msft,25.1000,25.2200,24.9200,25.1100,56202876,1.000000
2010-09-16,msft,25.0600,25.3700,25.0500,25.3300,44438597,1.000000
2010-09-17,msft,25.4000,25.5300,25.0800,25.2200,70341518,1.000000
2010-09-20,msft,25.2800,25.5200,25.1100,25.4300,49831642,1.000000
2010-09-21,msft,25.4200,25.4200,25.0800,25.1500,52882787,1.000000
2010-09-22,msft,24.8900,24.9700,24.3600,24.6100,94232937,1.000000
2010-09-23,msft,24.5100,24.5900,24.3600,24.4300,46204198,1.000000
2010-09-24,msft,24.6400,24.8000,24.5800,24.7700,51948788,1.000000
2010-09-27,msft,24.8500,24.9900,24.5900,24.7300,43729859,1.000000
2010-09-28,msft,24.8000,24.9000,24.3500,24.6800,56012780,1.000000
2010-09-29,msft,24.6300,24.6600,24.4000,24.5000,44318896,1.000000
2010-09-30,msft,24.6100,24.8300,24.3600,24.4900,61219154,1.000000
2010-10-01,msft,24.7700,24.8200,24.3000,24.3800,62672276,1.000000
2010-10-04,msft,23.9600,23.9900,23.7800,23.9100,98084993,1.000000
2010-10-05,msft,24.0600,24.4500,23.9100,24.3500,78031852,1.000000
2010-10-06,msft,24.3200,24.5400,24.1300,24.4300,50410035,1.000000
2010-10-07,msft,24.6200,24.7500,24.2800,24.5300,50094834,1.000000
2010-10-08,msft,24.6200,24.6500,24.3700,24.5700,41328991,1.000000
2010-10-11,msft,24.7400,24.7400,24.5000,24.5900,27551474,1.000000
2010-10-12,msft,24.6500,24.9300,24.4300,24.8300,50130729,1.000000
2010-10-13,msft,25.0200,25.5400,24.8900,25.3400,75116495,1.000000
2010-10-14,msft,25.2900,25.3400,25.0000,25.2300,51932488,1.000000
2010-10-15,msft,25.3600,25.5500,25.2300,25.5400,68954747,1.000000
2010-10-18,msft,25.5900,25.9500,25.4500,25.8200,48317442,1.000000
2010-10-19,msft,25.2700,25.3700,24.9500,25.1000,66086409,1.000000
2010-10-20,msft,25.2600,25.4000,25.1000,25.3100,56185082,1.000000
2010-10-21,msft,25.4000,25.5400,25.0500,25.4200,49983164,1.000000
2010-10-22,msft,25.5200,25.5400,25.2700,25.3800,25844141,1.000000
2010-10-25,msft,25.2400,25.3500,25.1700,25.1900,50873204,1.000000
2010-10-26,msft,25.1200,25.9700,25.0600,25.9000,69255597,1.000000
2010-10-27,msft,25.7900,26.1100,25.6200,26.0500,64701810,1.000000
2010-10-28,msft,26.2100,26.3800,25.9200,26.2800,80205124,1.000000
2010-10-29,msft,27.1500,27.2000,26.4800,26.6600,114193191,1.000000
2010-11-01,msft,26.8800,27.2200,26.7000,26.9500,61909213,1.000000
2010-11-02,msft,27.0600,27.4200,27.0200,27.3900,54354554,1.000000
2010-11-03,msft,27.4600,27.4900,26.9600,27.0300,110192347,1.000000
2010-11-04,msft,27.4100,27.4300,27.0100,27.1400,93547305,1.000000
2010-11-05,msft,27.1700,27.1900,26.5300,26.8500,110953685,1.000000
2010-11-08,msft,26.6800,28.8700,26.5800,26.8100,71585836,1.000000
2010-11-09,msft,26.8100,27.1100,26.7100,26.9500,58561319,1.000000
2010-11-10,msft,27.0100,27.0800,26.8100,26.9400,52044530,1.000000
2010-11-11,msft,26.6800,26.7200,26.2800,26.6800,62039589,1.000000
2010-11-12,msft,26.4700,26.5200,26.1000,26.2700,64962139,1.000000
2010-11-15,msft,26.3300,26.5000,26.1700,26.2000,51671894,1.000000
2010-11-16,msft,26.0400,26.0400,25.6500,25.8100,65152808,1.000000
2010-11-17,msft,25.9000,25.9100,25.5500,25.5700,58017119,1.000000
2010-11-18,msft,25.7100,26.0800,25.6100,25.8400,59413443,1.000000
2010-11-19,msft,25.8000,25.8300,25.6000,25.6900,52423174,1.000000
2010-11-22,msft,25.6500,25.7400,25.4400,25.7300,53090128,1.000000
2010-11-23,msft,25.5700,25.6000,25.0900,25.1200,69717778,1.000000
2010-11-24,msft,25.2000,25.4600,25.1600,25.3700,56843693,1.000000
2010-11-26,msft,25.2100,25.4100,25.1700,25.2500,21356527,1.000000
2010-11-29,msft,25.1900,25.4200,24.9300,25.3100,56544445,1.000000
2010-11-30,msft,25.0500,25.4700,25.0000,25.2600,75140851,1.000000
2010-12-01,msft,25.5700,26.2500,25.5600,26.0400,74123490,1.000000
2010-12-02,msft,26.2400,26.9800,26.2000,26.8900,91708309,1.000000
2010-12-03,msft,26.8100,27.0600,26.7800,27.0200,52621910,1.000000
2010-12-06,msft,26.9300,26.9800,26.7600,26.8400,36230347,1.000000
2010-12-07,msft,26.8300,27.0900,26.8000,27.0100,12338173,1.000000
2010-12-08,msft,26.8300,27.2400,26.8000,27.2300,41578140,1.000000
2010-12-09,msft,27.2800,27.3400,27.0100,27.0800,46938980,1.000000
2010-12-10,msft,27.1900,27.4000,27.1100,27.3400,37629009,1.000000
2010-12-13,msft,27.2700,27.4500,27.1700,27.2500,47922463,1.000000
2010-12-14,msft,27.3100,27.7500,27.2600,27.6200,63200508,1.000000
2010-12-15,msft,27.5300,27.9900,27.5300,27.8500,69518651,1.000000
2010-12-16,msft,27.7600,27.9900,27.6600,27.9900,55642693,1.000000
2010-12-17,msft,27.9200,28.0900,27.7500,27.9000,87456444,1.000000
2010-12-20,msft,27.9500,27.9900,27.6800,27.8100,52661269,1.000000
2010-12-21,msft,27.8500,28.1400,27.7600,28.0700,37961621,1.000000
2010-12-22,msft,28.0100,28.4000,27.9800,28.1900,40839453,1.000000
2010-12-23,msft,27.9700,28.3200,27.9600,28.3000,24913722,1.000000
2010-12-27,msft,28.1200,28.2000,27.8800,28.0700,21613710,1.000000
2010-12-28,msft,27.9700,28.1700,27.9600,28.0100,23037956,1.000000
2010-12-29,msft,27.9400,28.1200,27.8800,27.9700,19480134,1.000000
2010-12-30,msft,27.9200,28.0000,27.7700,27.8500,20754362,1.000000
2010-12-31,msft,27.8000,27.9200,27.6300,27.9100,24791329,1.000000
2011-01-03,msft,28.0500,28.1800,27.9200,27.9800,53382920,1.000000
2011-01-04,msft,27.9400,28.1700,27.8500,28.0900,54391790,1.000000
2011-01-05,msft,27.9000,28.0100,27.7700,28.0000,58975085,1.000000
2011-01-06,msft,28.0400,28.8500,27.8600,28.8200,87961728,1.000000
2011-01-07,msft,28.6400,28.7400,28.2500,28.6000,73761979,1.000000
2011-01-10,msft,28.2600,28.4000,28.0400,28.2200,57538106,1.000000
2011-01-11,msft,28.2000,28.2500,28.0500,28.1100,50277126,1.000000
2011-01-12,msft,28.1200,28.5900,28.0700,28.5500,52562041,1.000000
2011-01-13,msft,28.3300,28.3900,28.0100,28.1900,66704129,1.000000
2011-01-14,msft,28.0800,28.3800,27.9100,28.3000,62691185,1.000000
2011-01-18,msft,28.1600,28.7400,28.1400,28.6600,53175179,1.000000
2011-01-19,msft,28.4600,28.6800,28.2700,28.4700,49981519,1.000000
2011-01-20,msft,28.5000,28.5500,28.1300,28.3500,58598143,1.000000
2011-01-21,msft,28.4000,28.4300,28.0200,28.0200,58080269,1.000000
2011-01-24,msft,28.0200,28.5600,27.9900,28.3800,51781763,1.000000
2011-01-25,msft,28.1400,28.4500,28.1200,28.4500,42390727,1.000000
2011-01-26,msft,28.5100,28.9900,28.5000,28.7800,72614692,1.000000
2011-01-27,msft,28.7500,29.4600,28.4900,28.8700,141792194,1.000000
2011-01-28,msft,28.8950,28.9300,27.4500,27.7510,136009130,1.000000
2011-01-31,msft,27.7700,27.9000,27.4200,27.7250,64299114,1.000000
2011-02-01,msft,27.8000,28.0600,27.6100,27.9930,62209051,1.000000
2011-02-02,msft,27.9300,28.1100,27.8800,27.9400,45501722,1.000000
2011-02-03,msft,27.9650,27.9700,27.5400,27.6500,60140632,1.000000
2011-02-04,msft,27.7000,27.8400,27.5100,27.7700,40168082,1.000000
2011-02-07,msft,27.8000,28.3400,27.7900,28.1980,67149190,1.000000
2011-02-08,msft,28.1000,28.3400,28.0500,28.2830,34291463,1.000000
2011-02-09,msft,28.1900,28.2600,27.9100,27.9700,52351918,1.000000
2011-02-10,msft,27.9300,27.9400,27.2900,27.5000,76144808,1.000000
2011-02-11,msft,27.7600,27.8100,27.0700,27.2500,83679743,1.000000
2011-02-14,msft,27.2050,27.2700,26.9500,27.2300,56268248,1.000000
2011-02-15,msft,27.0400,27.3300,26.9500,26.9600,42960322,1.000000
2011-02-16,msft,27.0500,27.0700,26.6000,27.0200,70156043,1.000000
2011-02-17,msft,26.9700,27.3700,26.9100,27.2100,56871122,1.000000
2011-02-18,msft,27.1300,27.2100,26.9900,27.0600,68672855,1.000000
2011-02-22,msft,26.7800,27.1000,26.5200,26.5900,60039607,1.000000
2011-02-23,msft,26.5300,26.8600,26.4300,26.5900,52632734,1.000000
2011-02-24,msft,26.6400,27.0600,26.5000,26.7700,62270486,1.000000
2011-02-25,msft,26.9100,26.9500,26.5000,26.5500,52302713,1.000000
2011-02-28,msft,26.6900,26.8600,26.5100,26.5800,49240766,1.000000
2011-03-01,msft,26.6000,26.7800,26.1500,26.1600,58176218,1.000000
2011-03-02,msft,26.1100,26.3700,26.0400,26.0780,48316966,1.000000
2011-03-03,msft,26.2600,26.4000,26.1800,26.2000,67897555,1.000000
2011-03-04,msft,26.2200,26.2400,25.8000,25.9530,69971116,1.000000
2011-03-07,msft,26.1300,26.2700,25.5500,25.7200,64853472,1.000000
2011-03-08,msft,25.7700,26.0200,25.6500,25.9100,49821402,1.000000
2011-03-09,msft,25.8100,25.9800,25.6600,25.8900,39260625,1.000000
2011-03-10,msft,25.6200,25.7100,25.3500,25.4100,65836305,1.000000
2011-03-11,msft,25.4100,25.8500,25.3600,25.6800,49704205,1.000000
2011-03-14,msft,25.4900,25.7600,25.3500,25.6900,54004858,1.000000
2011-03-15,msft,25.0800,25.4700,25.0000,25.3900,74710970,1.000000
2011-03-16,msft,25.2200,25.2800,24.6800,24.7900,99063840,1.000000
2011-03-17,msft,25.0600,25.2200,24.7500,24.7800,61260263,1.000000
2011-03-18,msft,25.0600,25.1800,24.8000,24.8000,75438994,1.000000
2011-03-21,msft,25.1800,25.5800,25.1500,25.3300,46505416,1.000000
2011-03-22,msft,25.3000,25.4600,25.2300,25.2950,28355608,1.000000
2011-03-23,msft,25.2300,25.6100,25.1800,25.5400,43807802,1.000000
2011-03-24,msft,25.6000,25.8700,25.5000,25.8100,38264576,1.000000
2011-03-25,msft,25.9300,25.9500,25.5900,25.6200,56634417,1.000000
2011-03-28,msft,25.6600,25.7200,25.3800,25.4100,48063836,1.000000
2011-03-29,msft,25.3400,25.5200,25.3000,25.4900,40105413,1.000000
2011-03-30,msft,25.6000,25.7200,25.5000,25.6100,35882753,1.000000
2011-03-31,msft,25.6000,25.6800,25.3400,25.3900,62391265,1.000000
2011-04-01,msft,25.5300,25.5300,25.3100,25.4800,62522995,1.000000
2011-04-04,msft,25.4500,25.6600,25.4100,25.5500,35290652,1.000000
2011-04-05,msft,25.8200,26.1800,25.7400,25.7800,73148205,1.000000
2011-04-06,msft,25.9800,26.3100,25.8600,26.1500,64818887,1.000000
2011-04-07,msft,26.1880,26.2600,25.9700,26.2000,45847805,1.000000
2011-04-08,msft,26.1700,26.2800,25.9600,26.0700,39734243,1.000000
2011-04-11,msft,26.1900,26.2500,25.8000,25.9800,33842165,1.000000
2011-04-12,msft,25.8300,25.8500,25.5500,25.6400,36640652,1.000000
2011-04-13,msft,25.6500,25.8700,25.5600,25.6300,32860812,1.000000
2011-04-14,msft,25.4200,25.4400,25.0900,25.4200,54897583,1.000000
2011-04-15,msft,25.4600,25.5600,25.1800,25.3700,64449725,1.000000
2011-04-18,msft,25.1000,25.2800,24.7200,25.0800,57074925,1.000000
2011-04-19,msft,25.0000,25.1690,24.8700,25.1500,38348298,1.000000
2011-04-20,msft,25.5400,26.0000,25.5100,25.7600,61007160,1.000000
2011-04-21,msft,25.7900,25.8900,25.3600,25.5200,46244093,1.000000
2011-04-25,msft,25.5600,25.6200,25.3400,25.6100,33308301,1.000000
2011-04-26,msft,25.7400,26.4400,25.6700,26.1900,68768882,1.000000
2011-04-27,msft,26.3000,26.3900,26.1300,26.3800,52238962,1.000000
2011-04-28,msft,26.4600,26.8700,26.4000,26.7100,72660833,1.000000
2011-04-29,msft,26.5500,26.6400,25.3600,25.9200,261038459,1.000000
2011-05-02,msft,25.9400,26.0000,25.4800,25.6600,83613368,1.000000
2011-05-03,msft,25.6000,25.8500,25.4900,25.8100,71361934,1.000000
2011-05-04,msft,25.8500,26.2500,25.7900,26.0600,71164778,1.000000
2011-05-05,msft,26.0500,26.0800,25.6800,25.7900,54794209,1.000000
2011-05-06,msft,26.0700,26.2200,25.7500,25.8700,55769793,1.000000
2011-05-09,msft,25.8000,25.9600,25.6700,25.8300,38003627,1.000000
2011-05-10,msft,25.3800,25.8500,25.2500,25.6700,119952928,1.000000
2011-05-11,msft,25.6500,25.6600,25.2100,25.3600,78124733,1.000000
2011-05-12,msft,25.3500,25.3900,25.1000,25.3200,74749123,1.000000
2011-05-13,msft,25.2800,25.3200,24.9500,25.0300,66369697,1.000000
2011-05-16,msft,24.9600,25.0700,24.5000,24.5700,89110414,1.000000
2011-05-17,msft,24.3950,24.7000,24.2700,24.5200,70636738,1.000000
2011-05-18,msft,24.5300,24.7400,24.2500,24.6900,53669430,1.000000
2011-05-19,msft,24.8500,24.8800,24.5000,24.7150,37535898,1.000000
2011-05-20,msft,24.7200,24.8700,24.4400,24.4900,45169530,1.000000
2011-05-23,msft,24.2100,24.2500,24.0300,24.1700,52136257,1.000000
2011-05-24,msft,24.2000,24.2900,24.0400,24.1500,46734443,1.000000
2011-05-25,msft,24.1700,24.3100,24.1600,24.1900,34130257,1.000000
2011-05-26,msft,24.3500,25.0300,24.3200,24.6700,77101087,1.000000
2011-05-27,msft,24.6800,24.9000,24.6500,24.7600,49743625,1.000000
2011-05-31,msft,24.9600,25.0600,24.7000,25.0100,55067128,1.000000
2011-06-01,msft,24.9900,25.1000,24.3700,24.4300,73033360,1.000000
2011-06-02,msft,24.1900,24.6200,24.1900,24.1900,72426855,1.000000
2011-06-03,msft,24.0500,24.1400,23.8400,23.9050,59853224,1.000000
2011-06-06,msft,23.8900,24.2500,23.7700,24.0100,53972600,1.000000
2011-06-07,msft,24.0900,24.1700,23.9000,24.0600,40405630,1.000000
2011-06-08,msft,23.9000,24.0200,23.8600,23.9400,41962004,1.000000
2011-06-09,msft,24.0100,24.0400,23.8200,23.9600,42519821,1.000000
2011-06-10,msft,24.0200,24.0200,23.6900,23.7050,47822778,1.000000
2011-06-13,msft,23.7900,24.1900,23.7000,24.0400,47198337,1.000000
2011-06-14,msft,24.3000,24.4500,24.1900,24.2200,40995616,1.000000
2011-06-15,msft,24.0000,24.0100,23.6700,23.7400,48617837,1.000000
2011-06-16,msft,23.7500,24.1000,23.6500,23.9950,56850508,1.000000
2011-06-17,msft,24.2200,24.3000,23.9800,24.2600,79438427,1.000000
2011-06-20,msft,24.1700,24.6600,24.1600,24.4700,53360404,1.000000
2011-06-21,msft,24.5200,24.8600,24.4000,24.7600,48985614,1.000000
2011-06-22,msft,24.6000,24.8100,24.5900,24.6500,43562948,1.000000
2011-06-23,msft,24.4400,24.6500,24.2000,24.6300,58606926,1.000000
2011-06-24,msft,24.5100,24.5400,24.1900,24.3000,63175285,1.000000
2011-06-27,msft,24.2300,25.4600,24.2300,25.2000,84087189,1.000000
2011-06-28,msft,25.3000,25.9200,25.1600,25.8000,71671276,1.000000
2011-06-29,msft,25.7100,25.7100,25.3600,25.6200,65779950,1.000000
2011-06-30,msft,25.7400,26.0000,25.6600,26.0000,51583348,1.000000
2011-07-01,msft,25.9300,26.1700,25.8400,26.0200,49589951,1.000000
2011-07-05,msft,26.1000,26.1500,25.9000,26.0300,36943864,1.000000
2011-07-06,msft,25.9700,26.3700,25.9600,26.3300,47788025,1.000000
2011-07-07,msft,26.4900,26.8800,26.3600,26.7700,51337402,1.000000
2011-07-08,msft,26.5400,26.9800,26.5100,26.9200,57946136,1.000000
2011-07-11,msft,26.6200,26.8000,26.4900,26.6300,42901511,1.000000
2011-07-12,msft,26.5500,26.7900,26.3400,26.5400,46400567,1.000000
2011-07-13,msft,26.6000,26.9600,26.5100,26.6300,40170401,1.000000
2011-07-14,msft,26.6200,27.0100,26.3600,26.4700,45695737,1.000000
2011-07-15,msft,26.4700,26.9300,26.4700,26.7800,48633445,1.000000
2011-07-18,msft,26.6300,26.9000,26.2600,26.5900,43933339,1.000000
2011-07-19,msft,26.8100,27.6400,26.7800,27.5400,85110645,1.000000
2011-07-20,msft,27.2800,27.3500,26.9800,27.0600,49341276,1.000000
2011-07-21,msft,27.0400,27.3100,26.6500,27.0950,75722232,1.000000
2011-07-22,msft,26.8600,27.5500,26.6800,27.5300,76140630,1.000000
2011-07-25,msft,27.2600,28.0900,27.1900,27.9100,107492556,1.000000
2011-07-26,msft,27.8200,28.1450,27.7800,28.0800,74147056,1.000000
2011-07-27,msft,27.8800,27.9850,27.2000,27.3300,70576249,1.000000
2011-07-28,msft,27.2900,28.0700,27.2100,27.7200,82879069,1.000000
2011-07-29,msft,27.5200,27.7100,27.2600,27.4000,103158595,1.000000
2011-08-01,msft,27.5100,27.6850,26.7500,27.2700,61067668,1.000000
2011-08-02,msft,26.9800,27.4500,26.7600,26.8000,63267473,1.000000
2011-08-03,msft,26.8300,27.0000,26.4800,26.9200,63814085,1.000000
2011-08-04,msft,26.5300,26.8700,25.9300,25.9400,91569207,1.000000
2011-08-05,msft,25.9700,26.1000,25.2300,25.6800,110856439,1.000000
2011-08-08,msft,25.0200,25.6000,24.3900,24.4800,132414321,1.000000
2011-08-09,msft,24.7100,25.6200,24.0300,25.5800,123057708,1.000000
2011-08-10,msft,24.9500,25.0900,24.1000,24.2000,125864481,1.000000
2011-08-11,msft,24.5000,25.3800,24.4000,25.1900,86949334,1.000000
2011-08-12,msft,25.1300,25.3350,24.6500,25.1000,64523002,1.000000
2011-08-15,msft,25.2400,25.5800,25.1500,25.5100,55285313,1.000000
2011-08-16,msft,25.2150,25.5900,25.0500,25.3500,52862014,1.000000
2011-08-17,msft,25.2500,25.7000,24.9300,25.2450,49883792,1.000000
2011-08-18,msft,24.5700,25.0900,24.0300,24.6700,104010802,1.000000
2011-08-19,msft,24.4100,24.6200,23.9100,24.0500,76559891,1.000000
2011-08-22,msft,24.4200,24.4900,23.7900,23.9800,54078427,1.000000
2011-08-23,msft,24.0300,24.7500,24.0300,24.7200,58003605,1.000000
2011-08-24,msft,24.6500,24.9300,24.4200,24.9000,44801069,1.000000
2011-08-25,msft,25.0800,25.1600,24.5000,24.5700,47313717,1.000000
2011-08-26,msft,24.5100,25.3400,24.4200,25.2500,69564503,1.000000
2011-08-29,msft,25.5300,25.8600,25.3700,25.8400,38093676,1.000000
2011-08-30,msft,25.7300,26.4300,25.7000,26.2300,56507777,1.000000
2011-08-31,msft,26.2900,26.7100,26.2600,26.6000,57081357,1.000000
2011-09-01,msft,26.4600,26.8600,26.2100,26.2100,57808687,1.000000
2011-09-02,msft,25.7800,26.0000,25.6600,25.8000,43321245,1.000000
2011-09-06,msft,25.2000,25.5900,25.1100,25.5100,54117086,1.000000
2011-09-07,msft,25.6900,26.0000,25.5700,26.0000,40539321,1.000000
2011-09-08,msft,26.0000,26.6600,25.9500,26.2200,65278182,1.000000
2011-09-09,msft,26.0000,26.1800,25.5000,25.7400,63906550,1.000000
2011-09-12,msft,25.4400,25.9300,25.2700,25.8900,54403078,1.000000
2011-09-13,msft,25.9200,26.1850,25.8100,26.0400,47791769,1.000000
2011-09-14,msft,26.1700,26.8000,25.8900,26.5000,66033994,1.000000
2011-09-15,msft,26.7300,27.0300,26.3100,26.9900,67367555,1.000000
2011-09-16,msft,27.0500,27.2700,26.8300,27.1200,83113251,1.000000
2011-09-19,msft,26.8000,27.3100,26.6000,27.2100,51900144,1.000000
2011-09-20,msft,27.3100,27.5000,26.9300,26.9800,47743223,1.000000
2011-09-21,msft,27.0500,27.0600,25.9700,25.9900,71798931,1.000000
2011-09-22,msft,25.3000,25.6500,24.6000,25.0600,95005242,1.000000
2011-09-23,msft,24.9000,25.1500,24.6900,25.0600,62934308,1.000000
2011-09-26,msft,25.1900,25.5200,24.7300,25.4400,50143137,1.000000
2011-09-27,msft,25.6600,25.9200,25.4500,25.6700,55025924,1.000000
2011-09-28,msft,25.9300,26.3700,25.5100,25.5750,60038313,1.000000
2011-09-29,msft,25.9800,26.1700,25.0900,25.4500,62954317,1.000000
2011-09-30,msft,25.2000,25.5000,24.8800,24.8900,51958417,1.000000
2011-10-03,msft,24.7200,25.3350,24.5200,24.5300,62973137,1.000000
2011-10-04,msft,24.3000,25.3900,24.2600,25.3400,81626397,1.000000
2011-10-05,msft,25.4200,26.1600,25.1600,25.8900,92921095,1.000000
2011-10-06,msft,25.9000,26.4000,25.7000,26.3400,54202741,1.000000
2011-10-07,msft,26.3400,26.5100,26.2000,26.2500,52261274,1.000000
2011-10-10,msft,26.5800,26.9700,26.4700,26.9400,40809895,1.000000
2011-10-11,msft,26.8600,27.0700,26.7200,27.0000,38673618,1.000000
2011-10-12,msft,27.1800,27.3100,26.9000,26.9600,51354445,1.000000
2011-10-13,msft,26.7600,27.2000,26.6200,27.1800,43525985,1.000000
2011-10-14,msft,27.3100,27.5000,27.0200,27.2700,49057861,1.000000
2011-10-17,msft,27.1140,27.4200,26.8500,26.9800,38812163,1.000000
2011-10-18,msft,26.9400,27.4000,26.8000,27.3100,51395572,1.000000
2011-10-19,msft,27.3700,27.4700,27.0100,27.1300,42303434,1.000000
2011-10-20,msft,27.2600,27.3400,26.4000,27.0400,74095079,1.000000
2011-10-21,msft,27.1500,27.1900,26.8000,27.1600,75255173,1.000000
2011-10-24,msft,27.0600,27.4000,27.0400,27.1900,56640970,1.000000
2011-10-25,msft,27.0800,27.2300,26.7200,26.8100,52793967,1.000000
2011-10-26,msft,27.0300,27.0600,26.1000,26.5900,61522950,1.000000
2011-10-27,msft,27.1300,27.4000,26.6500,27.2500,72680483,1.000000
2011-10-28,msft,27.1400,27.1900,26.7900,26.9800,56660755,1.000000
2011-10-31,msft,26.7550,27.0000,26.6200,26.6300,45509582,1.000000
2011-11-01,msft,26.1900,26.3200,25.8600,25.9900,60506674,1.000000
2011-11-02,msft,26.1000,26.2000,25.7000,26.0100,51928891,1.000000
2011-11-03,msft,26.2400,26.5850,25.9800,26.5300,63288156,1.000000
2011-11-04,msft,26.3800,26.4000,26.0000,26.2550,35730170,1.000000
2011-11-07,msft,26.2100,26.8200,26.1300,26.8000,41578752,1.000000
2011-11-08,msft,27.0100,27.2000,26.6850,27.1600,47249018,1.000000
2011-11-09,msft,26.5900,26.7500,26.0600,26.2000,61660101,1.000000
2011-11-10,msft,26.4700,26.5000,26.1200,26.2800,32252554,1.000000
2011-11-11,msft,26.5800,27.0750,26.5700,26.9100,37228615,1.000000
2011-11-14,msft,26.8800,27.0000,26.6500,26.7600,31534343,1.000000
2011-11-15,msft,26.5600,26.9400,26.4000,26.7400,43517335,1.000000
2011-11-16,msft,26.4700,26.5100,26.0400,26.0700,52451849,1.000000
2011-11-17,msft,26.0100,26.0400,25.4400,25.5400,70117511,1.000000
2011-11-18,msft,25.4800,25.5000,25.1500,25.3000,47274094,1.000000
2011-11-21,msft,25.2400,25.2500,24.9000,25.0000,61318024,1.000000
2011-11-22,msft,24.8900,24.9600,24.6500,24.7900,49022979,1.000000
2011-11-23,msft,24.6100,24.7900,24.4700,24.4700,48446850,1.000000
2011-11-25,msft,24.3800,24.6700,24.3000,24.3000,26164110,1.000000
2011-11-28,msft,24.9400,24.9700,24.6900,24.8700,44989090,1.000000
2011-11-29,msft,24.8200,25.0400,24.7500,24.8400,40852159,1.000000
2011-11-30,msft,25.3700,25.5800,25.1400,25.5800,77781057,1.000000
2011-12-01,msft,25.5600,25.6300,25.2000,25.2800,48085555,1.000000
2011-12-02,msft,25.5900,25.6200,25.1600,25.2200,51320401,1.000000
2011-12-05,msft,25.7800,25.8000,25.5000,25.7000,56375221,1.000000
2011-12-06,msft,25.8100,25.8700,25.6100,25.6600,46019130,1.000000
2011-12-07,msft,25.6700,25.7600,25.3350,25.6000,62553582,1.000000
2011-12-08,msft,25.4800,25.7200,25.3700,25.4000,60234137,1.000000
2011-12-09,msft,25.5200,25.8700,25.5000,25.7000,53309939,1.000000
2011-12-12,msft,25.4100,25.5700,25.2900,25.5100,38187957,1.000000
2011-12-13,msft,25.7500,26.1000,25.6510,25.7600,53810432,1.000000
2011-12-14,msft,25.7200,25.8600,25.5700,25.5900,47085836,1.000000
2011-12-15,msft,25.7200,25.8800,25.5400,25.5600,45879351,1.000000
2011-12-16,msft,25.6700,26.1700,25.6300,26.0000,84623562,1.000000
2011-12-19,msft,26.0200,26.1200,25.4600,25.5300,51350578,1.000000
2011-12-20,msft,25.8600,26.1000,25.8100,26.0250,59729420,1.000000
2011-12-21,msft,26.0100,26.1900,25.4400,25.7600,63694290,1.000000
2011-12-22,msft,25.8200,25.8600,25.4750,25.8100,35270084,1.000000
2011-12-23,msft,25.9100,26.0400,25.7300,26.0300,22664606,1.000000
2011-12-27,msft,25.9600,26.1400,25.9300,26.0400,21158819,1.000000
2011-12-28,msft,26.1100,26.1500,25.7600,25.8200,29207806,1.000000
2011-12-29,msft,25.9500,26.0500,25.8600,26.0200,22327304,1.000000
2011-12-30,msft,26.0000,26.1200,25.9100,25.9600,26579641,1.000000
2012-01-03,msft,26.5500,26.9600,26.3900,26.7650,63950269,1.000000
2012-01-04,msft,26.8200,27.4700,26.7800,27.4000,79686932,1.000000
2012-01-05,msft,27.3800,27.7280,27.2900,27.6800,55427954,1.000000
2012-01-06,msft,27.5300,28.1900,27.5250,28.1050,98853378,1.000000
2012-01-09,msft,28.0500,28.1000,27.7200,27.7400,59276602,1.000000
2012-01-10,msft,27.9300,28.1500,27.7500,27.8400,58669995,1.000000
2012-01-11,msft,27.4300,27.9800,27.3700,27.7200,65428530,1.000000
2012-01-12,msft,27.8700,28.0200,27.6450,28.0000,49077741,1.000000
2012-01-13,msft,27.9300,28.2500,27.7900,28.2500,59670665,1.000000
2012-01-17,msft,28.4000,28.6500,28.1700,28.2550,71821361,1.000000
2012-01-18,msft,28.3100,28.4000,27.9700,28.2300,64237581,1.000000
2012-01-19,msft,28.1600,28.4350,28.0300,28.1200,71054668,1.000000
2012-01-20,msft,28.8200,29.7400,28.7500,29.7100,165006262,1.000000
2012-01-23,msft,29.5500,29.9500,29.3500,29.7300,75284909,1.000000
2012-01-24,msft,29.4700,29.5700,29.1800,29.3400,51217366,1.000000
2012-01-25,msft,29.0700,29.6500,29.0700,29.5600,58645420,1.000000
2012-01-26,msft,29.6100,29.7000,29.4000,29.5000,48849633,1.000000
2012-01-27,msft,29.4500,29.5300,29.1700,29.2300,43823062,1.000000
2012-01-30,msft,28.9700,29.6200,28.8300,29.6100,50644454,1.000000
2012-01-31,msft,29.6600,29.7000,29.2300,29.5300,46456405,1.000000
2012-02-01,msft,29.7900,30.0500,29.7600,29.8900,66504925,1.000000
2012-02-02,msft,29.9000,30.1700,29.7100,29.9500,51874136,1.000000
2012-02-03,msft,30.1400,30.4000,30.0900,30.2400,41436754,1.000000
2012-02-06,msft,30.0400,30.2200,29.9700,30.2000,27618997,1.000000
2012-02-07,msft,30.1500,30.4850,30.0500,30.3500,38934132,1.000000
2012-02-08,msft,30.2600,30.6700,30.2200,30.6600,49481307,1.000000
2012-02-09,msft,30.6800,30.8000,30.4800,30.7700,50068914,1.000000
2012-02-10,msft,30.6400,30.8000,30.3600,30.4950,41319523,1.000000
2012-02-13,msft,30.6300,30.7700,30.4300,30.5800,32964201,1.000000
2012-02-14,msft,30.3300,30.4600,29.8500,30.2500,58844303,1.000000
2012-02-15,msft,30.3300,30.3900,30.0300,30.0500,42545507,1.000000
2012-02-16,msft,30.3100,31.5500,30.3000,31.2850,93644678,1.000000
2012-02-17,msft,31.2000,31.3200,30.9500,31.2500,68888854,1.000000
2012-02-21,msft,31.1800,31.6100,31.1500,31.4400,50468027,1.000000
2012-02-22,msft,31.2000,31.5900,31.0000,31.3700,34234402,1.000000
2012-02-23,msft,31.2000,31.5900,31.0000,31.3700,34234402,1.000000
2012-02-24,msft,31.4800,31.5000,31.2400,31.4800,31867187,1.000000
2012-02-27,msft,31.2400,31.5000,31.1000,31.3500,34102023,1.000000
2012-02-28,msft,31.4100,31.9300,31.3800,31.8700,43781754,1.000000
2012-02-29,msft,31.8850,32.0000,31.6100,31.7400,58006646,1.000000
2012-03-01,msft,31.9300,32.3900,31.8500,32.2900,77141401,1.000000
2012-03-02,msft,32.3100,32.4400,32.0000,32.0750,46794071,1.000000
2012-03-05,msft,32.0100,32.0500,31.6200,31.8000,45047341,1.000000
2012-03-06,msft,31.5400,31.9800,31.4900,31.5550,51318017,1.000000
2012-03-07,msft,31.6700,31.9200,31.5300,31.8400,34006860,1.000000
2012-03-08,msft,32.0400,32.2100,31.9000,32.0100,36609233,1.000000
2012-03-09,msft,32.1000,32.1600,31.9200,31.9900,33857021,1.000000
2012-03-12,msft,31.9700,32.2000,31.8200,32.0400,33804471,1.000000
2012-03-13,msft,32.2400,32.6900,32.1500,32.6700,47842301,1.000000
2012-03-14,msft,32.5300,32.8800,32.4900,32.7700,41899068,1.000000
2012-03-15,msft,32.7900,32.9400,32.5800,32.8500,48474001,1.000000
2012-03-16,msft,32.9100,32.9500,32.7500,32.8040,40654773,1.000000
2012-03-19,msft,32.5350,32.6100,32.1500,32.2000,44417495,1.000000
2012-03-20,msft,32.1000,32.1500,31.7400,31.9900,41331783,1.000000
2012-03-21,msft,31.9600,32.1500,31.8200,31.9100,36019602,1.000000
2012-03-22,msft,31.8100,32.0900,31.7900,31.9950,31539124,1.000000
2012-03-23,msft,32.1000,32.1100,31.7200,32.0100,34839645,1.000000
2012-03-26,msft,32.1900,32.6100,32.1550,32.5400,27659958,1.000000
2012-03-27,msft,32.6500,32.7000,32.4000,32.5200,36111200,1.000000
2012-03-28,msft,32.5200,32.7000,32.0400,32.1900,40056913,1.000000
2012-03-29,msft,32.0600,32.1900,31.8100,32.1200,36869324,1.000000
2012-03-30,msft,32.4000,32.4100,32.0400,32.2550,31092053,1.000000
2012-04-02,msft,32.2200,32.4600,31.9500,32.2900,35354324,1.000000
2012-04-03,msft,32.1600,32.1900,31.6600,31.9400,42497644,1.000000
2012-04-04,msft,31.6600,31.6900,31.0500,31.2100,48899570,1.000000
2012-04-05,msft,31.1500,31.6300,31.0500,31.5200,37444167,1.000000
2012-04-09,msft,31.2200,31.4000,30.9700,31.1000,30749514,1.000000
2012-04-10,msft,31.0600,31.1900,30.3000,30.4700,53276992,1.000000
2012-04-11,msft,30.4300,30.5300,30.2300,30.3450,42780347,1.000000
2012-04-12,msft,30.4800,31.0400,30.4200,30.9750,37969097,1.000000
2012-04-13,msft,30.8900,31.1600,30.7200,30.8100,39409539,1.000000
2012-04-16,msft,30.9900,31.1900,30.7700,31.0750,37954827,1.000000
2012-04-17,msft,31.2700,31.6100,31.2000,31.4400,33609696,1.000000
2012-04-18,msft,31.2800,31.3100,31.0400,31.1400,40435831,1.000000
2012-04-19,msft,31.1300,31.6800,30.9400,31.0930,44009265,1.000000
2012-04-20,msft,32.1500,32.8900,32.0500,32.4200,104502319,1.000000
2012-04-23,msft,32.3100,32.5000,32.0300,32.1200,61117422,1.000000
2012-04-24,msft,32.2100,32.5200,31.8300,31.9200,40323041,1.000000
2012-04-25,msft,31.9200,32.3200,31.8700,32.2000,62144786,1.000000
2012-04-26,msft,32.1200,32.2300,31.9200,32.1100,40007087,1.000000
2012-04-27,msft,32.1200,32.2200,31.8800,31.9800,39676241,1.000000
2012-04-30,msft,31.9800,32.1100,31.9200,32.0150,34702751,1.000000
2012-05-01,msft,32.0500,32.3350,31.9500,32.0100,43800520,1.000000
2012-05-02,msft,31.8500,31.9250,31.6400,31.8000,37211593,1.000000
2012-05-03,msft,31.8800,31.9000,31.6100,31.7600,31184327,1.000000
2012-05-04,msft,31.4500,31.5700,30.9200,30.9800,57384252,1.000000
2012-05-07,msft,30.7000,30.8600,30.5700,30.6500,48198143,1.000000
2012-05-08,msft,30.4800,30.7800,30.1700,30.5000,45991665,1.000000
2012-05-09,msft,30.1900,30.8300,30.1000,30.7600,50154778,1.000000
2012-05-10,msft,30.8600,31.0200,30.4500,30.7400,43416277,1.000000
2012-05-11,msft,30.6900,31.5400,30.6900,31.1600,43255610,1.000000
2012-05-14,msft,30.8200,31.0400,30.6400,30.6800,40242921,1.000000
2012-05-15,msft,30.6400,30.7950,30.1500,30.2100,61604256,1.000000
2012-05-16,msft,30.3100,30.3200,29.7400,29.9000,59929490,1.000000
2012-05-17,msft,29.9900,30.2080,29.7100,29.7200,47726484,1.000000
2012-05-18,msft,29.7900,29.8100,29.1700,29.2700,55905660,1.000000
2012-05-21,msft,29.1000,29.7900,29.0600,29.7500,38285101,1.000000
2012-05-22,msft,29.6900,29.8800,29.5000,29.7600,39265239,1.000000
2012-05-23,msft,29.3500,29.4000,28.6400,29.1100,64974115,1.000000
2012-05-24,msft,29.1600,29.3000,28.7600,29.0700,52353438,1.000000
2012-05-25,msft,29.2000,29.3600,29.0100,29.0600,29489661,1.000000
2012-05-29,msft,29.3800,29.7200,29.2200,29.5600,37144569,1.000000
2012-05-30,msft,29.3500,29.4790,29.1200,29.3400,41079005,1.000000
2012-05-31,msft,29.3000,29.4200,28.9400,29.1900,37636481,1.000000
2012-06-01,msft,28.7600,28.9600,28.4400,28.4500,54646137,1.000000
2012-06-04,msft,28.6200,28.7800,28.3200,28.5500,47281678,1.000000
2012-06-05,msft,28.5100,28.7500,28.3900,28.5050,45461554,1.000000
2012-06-06,msft,28.8800,29.3700,28.8080,29.3500,46281005,1.000000
2012-06-07,msft,29.6400,29.7000,29.1700,29.2300,36793284,1.000000
2012-06-08,msft,29.2100,29.6800,29.0500,29.6500,42184838,1.000000
2012-06-11,msft,29.7300,29.8100,28.8200,28.8950,45671151,1.000000
2012-06-12,msft,29.1000,29.3000,28.8400,29.2900,34322197,1.000000
2012-06-13,msft,29.2200,29.4400,29.0500,29.1300,32417492,1.000000
2012-06-14,msft,29.3300,29.4600,28.8800,29.3400,39061285,1.000000
2012-06-15,msft,29.5900,30.0800,29.4900,30.0200,60063594,1.000000
2012-06-18,msft,29.9900,30.0300,29.7100,29.8400,58259980,1.000000
2012-06-19,msft,30.1900,31.1100,30.0500,30.7000,74908654,1.000000
2012-06-20,msft,30.9300,31.0500,30.6400,30.9300,35680077,1.000000
2012-06-21,msft,30.9600,31.1400,30.0600,30.1350,47792859,1.000000
2012-06-22,msft,30.3000,30.7300,30.0300,30.7000,41962122,1.000000
2012-06-25,msft,30.3000,30.3200,29.6200,29.8650,41497457,1.000000
2012-06-26,msft,30.0000,30.2700,29.9400,30.0200,37847384,1.000000
2012-06-27,msft,30.1900,30.5000,30.0300,30.1700,33616569,1.000000
2012-06-28,msft,29.9800,30.0500,29.4200,29.9100,45059966,1.000000
2012-07-02,msft,30.6200,30.6200,30.2100,30.5600,30453482,1.000000
2012-07-03,msft,30.2300,30.7600,30.1700,30.7600,20940947,1.000000
2012-07-05,msft,30.5900,30.7800,30.3750,30.7000,28559987,1.000000
2012-07-06,msft,30.6100,30.7000,29.9500,30.1850,38052958,1.000000
2012-07-09,msft,30.1200,30.2300,29.7800,30.0000,30544186,1.000000
2012-07-10,msft,30.0800,30.2200,29.5100,29.7400,37028925,1.000000
2012-07-11,msft,29.7100,29.7350,29.1050,29.3000,38887352,1.000000
2012-07-12,msft,29.1500,29.1800,28.5400,28.6300,63110708,1.000000
2012-07-13,msft,28.7600,29.4800,28.7200,29.3900,38752242,1.000000
2012-07-16,msft,29.4800,29.5300,29.0400,29.4400,27445560,1.000000
2012-07-17,msft,29.6400,29.8600,29.2000,29.6600,33596582,1.000000
2012-07-18,msft,29.6000,30.4500,29.4600,30.4500,40900583,1.000000
2012-07-19,msft,30.5100,30.8000,30.3800,30.6650,44550652,1.000000
2012-07-20,msft,31.0000,31.0500,30.0500,30.1150,63844299,1.000000
2012-07-23,msft,29.5700,29.5800,29.0100,29.2800,54815823,1.000000
2012-07-24,msft,29.2400,29.3600,28.9000,29.1500,47034103,1.000000
2012-07-25,msft,29.2400,29.3300,28.7800,28.8300,45241728,1.000000
2012-07-26,msft,29.2300,29.5000,29.0900,29.1600,45038470,1.000000
2012-07-27,msft,29.4800,29.8500,29.1800,29.7550,44049628,1.000000
2012-07-30,msft,29.7500,29.8200,29.4600,29.6400,28811447,1.000000
2012-07-31,msft,29.4800,29.7100,29.3300,29.4700,37091292,1.000000
2012-08-01,msft,29.5900,29.6500,29.2100,29.4100,31599431,1.000000
2012-08-02,msft,29.2100,29.5250,28.9700,29.1900,39345275,1.000000
2012-08-03,msft,29.5300,29.9400,29.4800,29.7500,35407217,1.000000
2012-08-06,msft,30.0000,30.1100,29.8100,29.9500,27343746,1.000000
2012-08-07,msft,30.0700,30.3500,29.8700,30.2600,27912918,1.000000
2012-08-08,msft,30.2100,30.4700,30.1100,30.3300,25127367,1.000000
2012-08-09,msft,30.3900,30.6500,30.3000,30.5000,22874581,1.000000
2012-08-10,msft,30.5000,30.6200,30.2500,30.4200,27740963,1.000000
2012-08-13,msft,30.3500,30.4600,30.1600,30.3900,22355294,1.000000
2012-08-14,msft,30.3000,30.3900,30.0100,30.1300,34444091,1.000000
2012-08-15,msft,30.1100,30.2800,30.0200,30.2000,24289978,1.000000
2012-08-16,msft,30.3610,30.9400,30.2600,30.7800,35555325,1.000000
2012-08-17,msft,30.9200,30.9200,30.5900,30.9000,32548714,1.000000
2012-08-20,msft,30.8200,30.8500,30.5800,30.7400,23689813,1.000000
2012-08-21,msft,30.7600,30.9600,30.6100,30.8000,28056583,1.000000
2012-08-22,msft,30.5900,30.7600,30.4650,30.5400,33302585,1.000000
2012-08-23,msft,30.3900,30.4000,30.0800,30.2550,28177455,1.000000
2012-08-24,msft,30.2500,30.6300,30.1800,30.5600,22835427,1.000000
2012-08-27,msft,30.9300,30.9600,30.5900,30.6900,34336170,1.000000
2012-08-28,msft,30.7000,30.8000,30.5200,30.6300,23676175,1.000000
2012-08-29,msft,30.6520,30.7500,30.4400,30.6500,23181648,1.000000
2012-08-30,msft,30.5300,30.6100,30.2200,30.3200,23315838,1.000000
2012-08-31,msft,30.6000,30.9600,30.3800,30.8200,35799932,1.000000
2012-09-04,msft,30.4500,30.6600,30.1500,30.3850,48472244,1.000000
2012-09-05,msft,30.2200,30.5300,30.2100,30.3900,33613307,1.000000
2012-09-06,msft,30.5000,31.3600,30.4600,31.3450,47702137,1.000000
2012-09-07,msft,31.0400,31.0700,30.7300,30.9500,42211950,1.000000
2012-09-10,msft,30.8300,30.9000,30.5100,30.7200,40135977,1.000000
2012-09-11,msft,30.6900,30.9100,30.6100,30.7900,24273137,1.000000
2012-09-12,msft,30.9400,31.1800,30.7300,30.7800,30711017,1.000000
2012-09-13,msft,30.8900,31.1800,30.4000,30.9350,44713237,1.000000
2012-09-14,msft,31.0100,31.2500,30.8100,31.2100,51118685,1.000000
2012-09-17,msft,31.1900,31.2600,31.0400,31.2100,36210363,1.000000
2012-09-18,msft,31.1000,31.2100,31.0300,31.1750,33953775,1.000000
2012-09-19,msft,31.0900,31.1900,31.0400,31.0520,47888427,1.000000
2012-09-20,msft,30.9500,31.4800,30.9100,31.4500,44319779,1.000000
2012-09-21,msft,31.4300,31.6100,31.0900,31.1900,93283829,1.000000
2012-09-24,msft,31.0000,31.0700,30.6400,30.7800,46540975,1.000000
2012-09-25,msft,30.9500,31.0000,30.3600,30.3900,53734746,1.000000
2012-09-26,msft,30.2800,30.6000,30.0400,30.1650,54415557,1.000000
2012-09-27,msft,30.1700,30.4000,29.8900,30.1600,46539977,1.000000
2012-09-28,msft,30.1800,30.2600,29.7400,29.7600,53580295,1.000000
2012-10-01,msft,29.8100,29.9800,29.4200,29.4900,53657641,1.000000
2012-10-02,msft,29.6800,29.8900,29.5000,29.6600,42495068,1.000000
2012-10-03,msft,29.7500,29.9900,29.6700,29.8600,46137086,1.000000
2012-10-04,msft,29.9700,30.0300,29.5700,30.0300,43250313,1.000000
2012-10-05,msft,30.2300,30.2500,29.7400,29.8500,40860343,1.000000
2012-10-08,msft,29.6400,29.9200,29.5500,29.7800,29689450,1.000000
2012-10-09,msft,29.6800,29.7400,29.1800,29.2800,44705374,1.000000
2012-10-10,msft,29.1500,29.3100,28.9500,28.9800,47064204,1.000000
2012-10-11,msft,29.2150,29.2500,28.8700,28.9500,41320717,1.000000
2012-10-12,msft,28.9700,29.3200,28.8000,29.2000,45371045,1.000000
2012-10-15,msft,29.3700,29.7200,29.2500,29.5100,41750771,1.000000
2012-10-16,msft,29.4500,29.7400,29.3200,29.4900,47482184,1.000000
2012-10-17,msft,29.3000,29.6400,29.0900,29.5900,44034140,1.000000
2012-10-18,msft,29.6500,29.7300,29.2600,29.4950,55681638,1.000000
2012-10-19,msft,29.0500,29.0800,28.5000,28.6400,90138848,1.000000
2012-10-22,msft,28.7300,28.8300,27.8300,28.0000,82982173,1.000000
2012-10-23,msft,27.7650,28.2000,27.7600,28.0470,64182888,1.000000
2012-10-24,msft,28.1600,28.2000,27.8700,27.9020,52945690,1.000000
2012-10-25,msft,28.1900,28.2000,27.8600,27.8800,51421566,1.000000
2012-10-26,msft,27.8600,28.3400,27.8400,28.2100,57688565,1.000000
2012-10-31,msft,28.5500,28.8800,28.5000,28.5400,68909162,1.000000
2012-11-01,msft,28.8400,29.5600,28.8200,29.5150,71836456,1.000000
2012-11-02,msft,29.5900,29.7700,29.3300,29.5000,56544568,1.000000
2012-11-05,msft,29.6200,29.7400,29.3300,29.6300,37866862,1.000000
2012-11-06,msft,29.8200,30.2000,29.6100,29.8600,42164926,1.000000
2012-11-07,msft,29.5300,29.8250,29.0500,29.0800,57334100,1.000000
2012-11-08,msft,29.1200,29.3700,28.8000,28.8100,49652182,1.000000
2012-11-09,msft,28.8800,29.1900,28.8050,28.8300,43069764,1.000000
2012-11-12,msft,28.9400,29.0100,28.2100,28.2200,60851698,1.000000
2012-11-13,msft,27.0200,27.3000,26.7500,27.0900,131384471,1.000000
2012-11-14,msft,27.2400,27.2900,26.8000,26.8400,75697899,1.000000
2012-11-15,msft,26.8800,26.9700,26.6300,26.6610,50582107,1.000000
2012-11-16,msft,26.6700,26.7000,26.3450,26.5210,62981766,1.000000
2012-11-19,msft,26.8000,26.8000,26.4700,26.7280,55989444,1.000000
2012-11-20,msft,26.7600,26.8000,26.4600,26.7100,46798153,1.000000
2012-11-21,msft,26.7100,27.1670,26.6700,26.9500,63211059,1.000000
2012-11-23,msft,27.2300,27.7700,27.2000,27.7000,57844972,1.000000
2012-11-26,msft,27.5400,27.5800,27.1700,27.3850,82300448,1.000000
2012-11-27,msft,27.3600,27.3800,27.0420,27.0800,44846792,1.000000
2012-11-28,msft,27.0100,27.3900,26.7700,27.3600,51653126,1.000000
2012-11-29,msft,27.1100,27.3600,26.8600,26.9500,69271238,1.000000
2012-11-30,msft,27.0500,27.1300,26.4900,26.6150,78789494,1.000000
2012-12-03,msft,26.7800,26.8200,26.4000,26.4290,53066856,1.000000
2012-12-04,msft,26.5000,26.6300,26.3400,26.3700,49521881,1.000000
2012-12-05,msft,26.3800,26.9300,26.2600,26.6700,57177415,1.000000
2012-12-06,msft,26.8100,26.9800,26.6100,26.7250,38010703,1.000000
2012-12-07,msft,26.8200,26.8200,26.3700,26.4550,45776578,1.000000
2012-12-10,msft,26.5600,26.9700,26.5200,26.9400,46706031,1.000000
2012-12-11,msft,27.0500,27.4900,27.0500,27.3200,51946040,1.000000
2012-12-12,msft,27.5300,27.6200,27.0800,27.2400,43778962,1.000000
2012-12-13,msft,27.3200,27.5200,26.9500,27.1100,44862598,1.000000
2012-12-14,msft,27.1100,27.1300,26.7000,26.8100,41755406,1.000000
2012-12-17,msft,26.7900,27.2150,26.6800,27.0950,41898316,1.000000
2012-12-18,msft,27.2500,27.6300,27.1400,27.5600,50335614,1.000000
2012-12-19,msft,27.6900,27.7300,27.2500,27.3100,52729435,1.000000
2012-12-20,msft,27.3600,27.6800,27.1500,27.6800,49929921,1.000000
2012-12-21,msft,27.4500,27.4900,27.0000,27.4500,89579849,1.000000
2012-12-24,msft,27.2000,27.2500,27.0000,27.0600,20841031,1.000000
2012-12-26,msft,27.0300,27.2000,26.7000,26.8600,31589985,1.000000
2012-12-27,msft,26.8900,27.0900,26.5700,26.9600,39087832,1.000000
2012-12-28,msft,26.7100,26.9000,26.5500,26.5500,27850834,1.000000
2012-12-31,msft,26.5900,26.7700,26.3700,26.7100,42427239,1.000000
2013-01-02,msft,27.2500,27.7300,27.1500,27.6200,52591412,1.000000
2013-01-03,msft,27.6300,27.6500,27.1600,27.2500,47557940,1.000000
2013-01-04,msft,27.2700,27.3400,26.7300,26.7400,52295059,1.000000
2013-01-07,msft,26.7700,26.8800,26.6400,26.6900,36950938,1.000000
2013-01-08,msft,26.7500,26.7900,26.4600,26.5500,44448225,1.000000
2013-01-09,msft,26.7200,26.7500,26.5600,26.7000,38327662,1.000000
2013-01-10,msft,26.6500,26.9800,26.2900,26.4600,71120949,1.000000
2013-01-11,msft,26.4900,26.9300,26.2800,26.8300,54779872,1.000000
2013-01-14,msft,26.9000,27.0800,26.7600,26.8900,48165567,1.000000
2013-01-15,msft,26.8300,27.2900,26.8250,27.2100,47979478,1.000000
2013-01-16,msft,27.1500,27.2300,27.0100,27.0400,40440638,1.000000
2013-01-17,msft,27.1900,27.4700,27.0600,27.2500,51405283,1.000000
2013-01-18,msft,27.1000,27.2900,27.0400,27.2500,52104059,1.000000
2013-01-22,msft,27.3000,27.4500,27.0000,27.1500,58045080,1.000000
2013-01-23,msft,27.2000,27.6350,27.2000,27.6100,49336647,1.000000
2013-01-24,msft,27.7000,28.0700,27.4700,27.6300,99050253,1.000000
2013-01-25,msft,27.5800,28.2300,27.3900,27.8800,81610080,1.000000
2013-01-28,msft,28.0100,28.2250,27.7600,27.9110,56000603,1.000000
2013-01-29,msft,27.8200,28.1300,27.6000,28.0100,46539552,1.000000
2013-01-30,msft,28.0100,28.1900,27.7600,27.8500,43500313,1.000000
2013-01-31,msft,27.7900,27.9700,27.4000,27.4500,49923967,1.000000
2013-02-01,msft,27.6700,28.0500,27.5500,27.9300,55369704,1.000000
2013-02-04,msft,27.8700,28.0200,27.4200,27.4400,50121894,1.000000
2013-02-05,msft,27.6200,27.6600,27.3600,27.4950,35132912,1.000000
2013-02-06,msft,27.3800,27.5400,27.2500,27.3400,41300884,1.000000
2013-02-07,msft,27.3500,27.3900,27.1000,27.2830,37886011,1.000000
2013-02-08,msft,27.3500,27.7100,27.3100,27.5500,33265738,1.000000
2013-02-11,msft,27.6500,27.9200,27.5000,27.8600,32242609,1.000000
2013-02-12,msft,27.8800,28.0000,27.7500,27.8800,35753824,1.000000
2013-02-13,msft,27.9300,28.1100,27.8800,28.0300,41621776,1.000000
2013-02-14,msft,27.9200,28.0600,27.8700,28.0400,32613395,1.000000
2013-02-15,msft,28.0400,28.1600,27.8750,28.0100,49351823,1.000000
2013-02-19,msft,27.8800,28.0900,27.8000,28.0450,38688636,1.000000
2013-02-20,msft,28.1300,28.2000,27.8300,27.8700,43737053,1.000000
2013-02-21,msft,27.7400,27.7400,27.2300,27.4900,48586894,1.000000
2013-02-22,msft,27.6800,27.7600,27.4800,27.7600,30969039,1.000000
2013-02-25,msft,27.9700,28.0500,27.3700,27.3700,47640203,1.000000
2013-02-26,msft,27.3800,27.6000,27.3400,27.3700,49652680,1.000000
2013-02-27,msft,27.4200,28.0000,27.3300,27.8100,36299784,1.000000
2013-02-28,msft,27.8800,27.9700,27.7400,27.8000,34679942,1.000000
2013-03-01,msft,27.7200,27.9800,27.5200,27.9500,34680816,1.000000
2013-03-04,msft,27.8500,28.1500,27.7000,28.1500,37227762,1.000000
2013-03-05,msft,28.2900,28.5400,28.1600,28.3500,41203528,1.000000
2013-03-06,msft,28.2100,28.2300,27.7800,28.0900,51259636,1.000000
2013-03-07,msft,28.1100,28.2800,28.0050,28.1400,29124660,1.000000
2013-03-08,msft,28.2500,28.3300,27.9600,28.0000,37625845,1.000000
2013-03-11,msft,27.9400,27.9700,27.6700,27.8700,35200004,1.000000
2013-03-12,msft,27.8400,27.9500,27.6400,27.9100,37128629,1.000000
2013-03-13,msft,27.8700,28.0200,27.7500,27.9150,27772099,1.000000
2013-03-14,msft,28.0000,28.1600,27.9300,28.1350,55714124,1.000000
2013-03-15,msft,28.0300,28.1600,27.9800,28.0350,89881940,1.000000
2013-03-18,msft,27.8800,28.2800,27.8100,28.1000,44671272,1.000000
2013-03-19,msft,28.1200,28.2200,28.0300,28.1800,51700214,1.000000
2013-03-20,msft,28.3400,28.4900,28.1800,28.3150,35258729,1.000000
2013-03-21,msft,28.1100,28.3600,28.0500,28.1100,33769940,1.000000
2013-03-22,msft,28.1900,28.3380,28.1000,28.2500,28613183,1.000000
2013-03-25,msft,28.3000,28.3500,27.9600,28.1600,43574906,1.000000
2013-03-26,msft,28.2400,28.3400,28.1100,28.1550,27728183,1.000000
2013-03-27,msft,28.1400,28.4450,28.0800,28.3700,35750093,1.000000
2013-03-28,msft,28.3200,28.6600,28.2600,28.6050,54020291,1.000000
2013-04-01,msft,28.6400,28.6600,28.3600,28.6100,28768521,1.000000
2013-04-02,msft,28.5900,28.8500,28.5200,28.8000,28288147,1.000000
2013-04-03,msft,28.7500,28.9500,28.5400,28.5600,34895347,1.000000
2013-04-04,msft,28.3900,28.6100,28.2700,28.5950,44887037,1.000000
2013-04-05,msft,28.2200,28.7800,28.1100,28.7000,50405362,1.000000
2013-04-08,msft,28.7300,28.7300,28.4700,28.5900,34673006,1.000000
2013-04-09,msft,28.7300,29.8150,28.6800,29.6100,77529362,1.000000
2013-04-10,msft,29.5700,30.3200,29.5200,30.2800,70586637,1.000000
2013-04-11,msft,29.1000,29.2000,28.7300,28.9350,129424693,1.000000
2013-04-12,msft,28.8500,29.0200,28.6600,28.7900,62410439,1.000000
2013-04-15,msft,28.6500,28.9800,28.5100,28.6900,56105318,1.000000
2013-04-16,msft,28.9000,29.1400,28.6950,28.9700,51987447,1.000000
2013-04-17,msft,28.8500,29.0400,28.6000,28.8250,52753237,1.000000
2013-04-18,msft,28.9500,28.9800,28.5000,28.7900,55477696,1.000000
2013-04-19,msft,29.6200,30.2400,29.6100,29.7650,98531327,1.000000
2013-04-22,msft,30.3000,31.1800,30.2700,30.8300,137481137,1.000000
2013-04-23,msft,30.7000,30.9000,30.3800,30.6000,58594926,1.000000
2013-04-24,msft,30.6200,31.9200,30.6000,31.7600,89075411,1.000000
2013-04-25,msft,31.7100,32.8400,31.5400,31.9400,107685013,1.000000
2013-04-26,msft,31.9000,31.9800,31.4500,31.7900,47746903,1.000000
2013-04-29,msft,31.8000,32.6800,31.7700,32.6100,58808759,1.000000
2013-04-30,msft,32.5600,33.1100,32.2800,33.1000,74574555,1.000000
2013-05-01,msft,32.9300,33.0800,32.6000,32.7200,53873389,1.000000
2013-05-02,msft,32.6300,33.1700,32.3900,33.1600,45963375,1.000000
2013-05-03,msft,33.2300,33.5200,33.0800,33.4900,46668935,1.000000
2013-05-06,msft,33.4200,33.9100,33.2500,33.7500,40834895,1.000000
2013-05-07,msft,33.6500,33.7900,33.2400,33.3100,42857967,1.000000
2013-05-08,msft,33.0670,33.2400,32.6500,32.9900,50939778,1.000000
2013-05-09,msft,32.8500,33.0000,32.5900,32.6600,46314098,1.000000
2013-05-10,msft,32.6700,32.7200,32.3200,32.6900,36263805,1.000000
2013-05-13,msft,32.6100,33.0700,32.5500,33.0300,35631373,1.000000
2013-05-14,msft,32.8600,33.5300,32.8000,33.5300,56680341,1.000000
2013-05-15,msft,33.4500,33.9000,33.4300,33.8450,45753172,1.000000
2013-05-16,msft,33.6400,34.1500,33.5500,34.0800,59167784,1.000000
2013-05-17,msft,34.1300,34.8700,34.1000,34.8700,60466137,1.000000
2013-05-20,msft,34.7300,35.0950,34.6800,35.0800,53482431,1.000000
2013-05-21,msft,35.1000,35.2730,34.7200,34.8500,48429651,1.000000
2013-05-22,msft,34.7900,34.8400,34.3600,34.6100,65804022,1.000000
2013-05-23,msft,34.2300,34.5500,33.9000,34.1500,50262796,1.000000
2013-05-24,msft,33.9200,34.2800,33.9000,34.2690,32992360,1.000000
2013-05-28,msft,34.4200,35.1800,34.4100,35.0200,48010700,1.000000
2013-05-29,msft,34.7400,35.0200,34.5700,34.8800,38340536,1.000000
2013-05-30,msft,34.8500,35.2500,34.8130,35.0300,51023813,1.000000
2013-05-31,msft,34.8200,35.2800,34.7900,34.9000,50089701,1.000000
2013-06-03,msft,34.9200,35.6300,34.8300,35.5900,50750248,1.000000
2013-06-04,msft,35.6200,35.7400,34.7710,34.9900,65180268,1.000000
2013-06-05,msft,34.6000,34.8900,34.4300,34.7800,45720719,1.000000
2013-06-06,msft,34.8400,35.1100,34.4900,34.9600,37360588,1.000000
2013-06-07,msft,35.2500,35.7800,35.0600,35.6700,40530503,1.000000
2013-06-10,msft,35.5100,35.6500,35.1400,35.4700,35476303,1.000000
2013-06-11,msft,35.0500,35.1800,34.6800,34.8400,39303460,1.000000
2013-06-12,msft,35.1400,35.2700,34.8500,35.0000,37288658,1.000000
2013-06-13,msft,34.9900,35.0200,34.5900,34.7150,45189964,1.000000
2013-06-14,msft,34.5500,34.6900,34.2500,34.4000,53002100,1.000000
2013-06-17,msft,34.6900,35.1600,34.6300,35.0000,49312158,1.000000
2013-06-18,msft,34.9700,35.1700,34.8950,34.9800,28135482,1.000000
2013-06-19,msft,34.9600,35.0900,34.5900,34.5900,30671503,1.000000
2013-06-20,msft,34.2600,34.3300,33.3700,33.4900,52271436,1.000000
2013-06-21,msft,33.6600,33.7300,33.0500,33.2650,83248889,1.000000
2013-06-24,msft,32.9400,34.2000,32.5700,33.7150,55976339,1.000000
2013-06-25,msft,34.0800,34.3800,33.4600,33.6700,43899250,1.000000
2013-06-26,msft,34.1200,34.4800,33.8880,34.3500,48507951,1.000000
2013-06-27,msft,34.5200,34.7800,34.5000,34.6200,28336421,1.000000
2013-06-28,msft,34.3800,34.7900,34.3400,34.5450,49974264,1.000000
2013-07-01,msft,34.7500,34.9900,34.3300,34.3600,30879862,1.000000
2013-07-02,msft,34.4100,34.4390,33.6300,33.9400,36697846,1.000000
2013-07-03,msft,33.6600,34.3700,33.6000,34.0100,15993380,1.000000
2013-07-05,msft,34.0900,34.2400,33.5810,34.2100,26030858,1.000000
2013-07-08,msft,34.3500,34.5900,33.9800,34.3250,31636049,1.000000
2013-07-09,msft,34.5800,34.6000,34.1400,34.3500,24928901,1.000000
2013-07-10,msft,34.3400,34.8100,34.3200,34.6900,29407133,1.000000
2013-07-11,msft,35.0000,35.7700,34.9000,35.6850,53072396,1.000000
2013-07-12,msft,35.5800,35.7300,35.2800,35.6700,35175996,1.000000
2013-07-15,msft,35.6600,36.2200,35.5800,36.1700,33978811,1.000000
2013-07-16,msft,36.0100,36.4300,35.9600,36.2700,36174282,1.000000
2013-07-17,msft,36.3400,36.3900,35.4900,35.7400,37099768,1.000000
2013-07-18,msft,35.7200,35.8900,35.2200,35.4400,44833568,1.000000
2013-07-19,msft,32.4000,32.6700,31.0200,31.4000,245725962,1.000000
2013-07-22,msft,31.7000,32.0100,31.6000,32.0100,78771421,1.000000
2013-07-23,msft,31.9100,32.0400,31.7100,31.8200,65296840,1.000000
2013-07-24,msft,32.0350,32.1900,31.8900,31.9600,52627386,1.000000
2013-07-25,msft,31.6200,31.6500,31.2500,31.3900,63053747,1.000000
2013-07-26,msft,31.2600,31.6200,31.2050,31.6200,38574756,1.000000
2013-07-29,msft,31.4700,31.6000,31.4000,31.5400,28738555,1.000000
2013-07-30,msft,31.7800,32.1200,31.5500,31.8500,45689850,1.000000
2013-07-31,msft,31.9700,32.0500,31.7100,31.8400,43602377,1.000000
2013-08-01,msft,32.0600,32.0900,31.6000,31.6700,42426868,1.000000
2013-08-02,msft,31.6900,31.9000,31.5650,31.8900,28692927,1.000000
2013-08-05,msft,31.9000,32.0000,31.6400,31.7000,30157015,1.000000
2013-08-06,msft,31.5500,31.6700,31.3800,31.5800,35603956,1.000000
2013-08-07,msft,31.5400,32.1000,31.2500,32.0630,38013984,1.000000
2013-08-08,msft,32.2400,33.0700,32.0500,32.8900,58738468,1.000000
2013-08-09,msft,32.7700,32.9000,32.4700,32.7000,26612237,1.000000
2013-08-12,msft,32.4600,32.9700,32.4600,32.8700,25373242,1.000000
2013-08-13,msft,32.5100,32.5500,32.2100,32.2300,39283417,1.000000
2013-08-14,msft,32.1400,33.3600,31.7000,32.3500,47995207,1.000000
2013-08-15,msft,32.0000,32.1800,30.8400,31.7900,32965508,1.000000
2013-08-16,msft,31.7900,31.9900,31.6600,31.8000,32276273,1.000000
2013-08-19,msft,31.7600,31.9700,31.3800,31.3930,27506013,1.000000
2013-08-20,msft,31.4400,31.9000,31.3700,31.6200,22736729,1.000000
2013-08-21,msft,31.6100,32.0100,31.5400,31.6100,37299161,1.000000
2013-08-22,msft,32.1850,32.4900,32.1000,32.3900,31058605,1.000000
2013-08-23,msft,35.1700,35.2000,34.0000,34.7500,223423999,1.000000
2013-08-26,msft,34.4000,34.6700,34.0300,34.1500,72477678,1.000000
2013-08-27,msft,33.5150,34.1000,33.1500,33.2600,58151459,1.000000
2013-08-28,msft,33.3900,33.6000,33.0000,33.0200,43056509,1.000000
2013-08-29,msft,32.9300,33.6000,32.8000,33.5500,44525036,1.000000
2013-08-30,msft,33.3700,33.4800,33.0900,33.4000,40120229,1.000000
2013-09-03,msft,31.7500,32.0700,31.2900,31.8800,154078831,1.000000
2013-09-04,msft,31.3900,31.4700,31.1100,31.1950,141832400,1.000000
2013-09-05,msft,31.1000,31.4400,30.9500,31.2350,71269469,1.000000
2013-09-06,msft,31.3100,31.3900,31.1300,31.1520,75396101,1.000000
2013-09-09,msft,31.2210,31.7900,31.2000,31.6550,49210601,1.000000
2013-09-10,msft,31.9000,32.4000,31.7900,32.3900,55964576,1.000000
2013-09-11,msft,32.5700,32.9300,32.5300,32.7400,38829156,1.000000
2013-09-12,msft,32.7200,32.7800,32.5900,32.6900,32788644,1.000000
2013-09-13,msft,32.7700,33.0700,32.5050,33.0300,40737715,1.000000
2013-09-16,msft,33.3800,33.5000,32.7300,32.8010,52931082,1.000000
2013-09-17,msft,33.4200,33.4700,32.9000,32.9300,83296276,1.000000
2013-09-18,msft,32.9900,33.4000,32.8300,33.3200,62578757,1.000000
2013-09-19,msft,33.4800,33.6800,33.3200,33.6400,41950792,1.000000
2013-09-20,msft,33.4100,33.4800,32.6850,32.7910,95432474,1.000000
2013-09-23,msft,32.5400,32.9690,32.5000,32.7400,38119525,1.000000
2013-09-24,msft,32.8700,32.8700,32.1500,32.4550,39984820,1.000000
2013-09-25,msft,32.4900,32.8000,32.4000,32.5050,28586085,1.000000
2013-09-26,msft,32.6400,33.0000,32.5900,32.7700,28289134,1.000000
2013-09-27,msft,32.8800,33.7500,32.8700,33.2700,55157735,1.000000
2013-09-30,msft,33.0000,33.3100,32.7000,33.2800,39551111,1.000000
2013-10-01,msft,33.3500,33.6100,33.3000,33.5800,36296447,1.000000
2013-10-02,msft,33.3600,34.0300,33.2900,33.9200,46662901,1.000000
2013-10-03,msft,33.8800,34.0000,33.4200,33.8600,38378203,1.000000
2013-10-04,msft,33.6900,33.9900,33.6200,33.8800,32883432,1.000000
2013-10-07,msft,33.6000,33.7100,33.2000,33.3000,34801966,1.000000
2013-10-08,msft,33.3100,33.3300,32.8000,33.0100,40597704,1.000000
2013-10-09,msft,33.0700,33.3500,32.9600,33.0700,35653169,1.000000
2013-10-10,msft,33.3100,33.8900,33.2600,33.7600,42338777,1.000000
2013-10-11,msft,33.6800,34.1400,33.6800,34.1300,29819944,1.000000
2013-10-14,msft,33.9000,34.5000,33.7800,34.4500,27514572,1.000000
2013-10-15,msft,34.6700,34.9900,34.4700,34.4900,46963079,1.000000
2013-10-16,msft,34.6000,34.8950,34.5600,34.6400,34722407,1.000000
2013-10-17,msft,34.4500,34.9900,34.3700,34.9200,31150525,1.000000
2013-10-18,msft,34.8200,34.9900,34.3300,34.9600,41392799,1.000000
2013-10-21,msft,34.9800,35.2000,34.9100,34.9900,27332375,1.000000
2013-10-22,msft,35.0200,35.1000,34.5200,34.5800,40241672,1.000000
2013-10-23,msft,34.3500,34.4900,33.6740,33.7600,58076123,1.000000
2013-10-24,msft,33.8200,34.1000,33.5700,33.7200,49162764,1.000000
2013-10-25,msft,35.8800,36.2900,35.4700,35.7300,112886280,1.000000
2013-10-28,msft,35.6100,35.7300,35.2700,35.5700,37948735,1.000000
2013-10-29,msft,35.6300,35.7200,35.2600,35.5200,31646348,1.000000
2013-10-30,msft,35.5300,35.7900,35.4300,35.5400,36876373,1.000000
2013-10-31,msft,35.6600,35.6900,35.3400,35.4050,39095976,1.000000
2013-11-01,msft,35.6700,35.6900,35.3900,35.5250,39854020,1.000000
2013-11-04,msft,35.5900,35.9800,35.5500,35.9400,27921281,1.000000
2013-11-05,msft,35.7900,36.7100,35.7700,36.6400,51504543,1.000000
2013-11-06,msft,37.2400,38.2200,37.0600,38.1800,88623074,1.000000
2013-11-07,msft,37.9600,38.0100,37.4300,37.5000,60065208,1.000000
2013-11-08,msft,37.6700,37.7800,37.3400,37.7800,36488425,1.000000
2013-11-11,msft,37.6900,37.7750,37.3550,37.5900,26774944,1.000000
2013-11-12,msft,37.3800,37.5950,37.2000,37.3600,31831710,1.000000
2013-11-13,msft,36.9800,38.1600,36.9000,38.1550,44669143,1.000000
2013-11-14,msft,37.8700,38.1300,37.7200,38.0210,44169284,1.000000
2013-11-15,msft,37.9500,38.0200,37.7200,37.8410,50194474,1.000000
2013-11-18,msft,37.3500,37.5800,37.0700,37.2000,53147672,1.000000
2013-11-19,msft,36.8500,37.2300,36.6700,36.7400,43979329,1.000000
2013-11-20,msft,36.9200,37.4100,36.8600,37.0800,31994695,1.000000
2013-11-21,msft,37.2700,37.5300,37.2600,37.4000,22860466,1.000000
2013-11-22,msft,37.5250,37.6800,37.3300,37.5700,27820578,1.000000
2013-11-25,msft,37.9300,37.9500,37.5700,37.6400,30563726,1.000000
2013-11-26,msft,37.5700,37.6500,37.3500,37.3500,31748969,1.000000
2013-11-27,msft,37.5700,37.7600,37.4900,37.6000,25998730,1.000000
2013-11-29,msft,37.8200,38.2900,37.8200,38.1300,22052828,1.000000
2013-12-02,msft,38.0900,38.7800,38.0600,38.4500,42559038,1.000000
2013-12-03,msft,38.1400,38.4900,38.0800,38.3100,51187578,1.000000
2013-12-04,msft,38.2100,38.9800,38.1200,38.9400,51876507,1.000000
2013-12-05,msft,38.8500,38.8750,37.1800,38.0000,116208472,1.000000
2013-12-06,msft,38.4200,38.5500,37.9900,38.3600,35780972,1.000000
2013-12-09,msft,38.5600,38.8700,38.3700,38.7050,30072893,1.000000
2013-12-10,msft,38.6100,38.9000,38.0200,38.1100,36653927,1.000000
2013-12-11,msft,38.0600,38.3000,37.3900,37.6100,39643270,1.000000
2013-12-12,msft,37.6400,37.6400,37.1800,37.2200,35675392,1.000000
2013-12-13,msft,37.4200,37.4500,36.6200,36.6900,40073591,1.000000
2013-12-16,msft,36.7300,37.0000,36.5400,36.8850,30106471,1.000000
2013-12-17,msft,36.9400,37.1100,36.3340,36.5200,45404138,1.000000
2013-12-18,msft,36.3600,36.6000,35.5300,36.5800,59728031,1.000000
2013-12-19,msft,36.5100,36.5500,36.0800,36.2500,33941129,1.000000
2013-12-20,msft,36.2000,36.9300,36.1850,36.8000,57958929,1.000000
2013-12-23,msft,36.8100,36.8900,36.5500,36.6200,24916692,1.000000
2013-12-24,msft,36.7200,37.1700,36.6400,37.0800,14242792,1.000000
2013-12-26,msft,37.2000,37.4900,37.1700,37.4400,17601767,1.000000
2013-12-27,msft,37.5800,37.6200,37.1700,37.2900,14511707,1.000000
2013-12-30,msft,37.2200,37.3800,36.9010,37.2900,16261299,1.000000
2013-12-31,msft,37.4000,37.5800,37.2170,37.4100,17193267,1.000000
2014-01-02,msft,37.3500,37.4000,37.1000,37.1600,30363699,1.000000
2014-01-03,msft,37.2000,37.2200,36.6000,36.9100,31047642,1.000000
2014-01-06,msft,36.8500,36.8900,36.1100,36.1300,42423613,1.000000
2014-01-07,msft,36.3250,36.4900,36.2100,36.4100,35330371,1.000000
2014-01-08,msft,36.0000,36.1400,35.5800,35.7600,59678998,1.000000
2014-01-09,msft,35.8800,35.9100,35.4000,35.5300,36487948,1.000000
2014-01-10,msft,35.9000,36.1500,35.7500,36.0400,40530012,1.000000
2014-01-13,msft,35.9900,36.0200,34.8300,34.9800,45922555,1.000000
2014-01-14,msft,34.7300,35.8800,34.6300,35.7800,41533962,1.000000
2014-01-15,msft,35.9000,36.7900,35.8500,36.7600,44397086,1.000000
2014-01-16,msft,36.6900,37.0000,36.3100,36.8900,37928693,1.000000
2014-01-17,msft,36.8300,36.8300,36.1500,36.3800,45810704,1.000000
2014-01-21,msft,36.8200,36.8200,36.0600,36.1700,30901498,1.000000
2014-01-22,msft,36.2600,36.3200,35.7500,35.9300,21720334,1.000000
2014-01-23,msft,36.0900,36.1300,35.5200,36.0550,40640239,1.000000
2014-01-24,msft,37.4500,37.5500,36.5300,36.8050,76544634,1.000000
2014-01-27,msft,36.8700,36.8900,35.9800,36.0300,44153034,1.000000
2014-01-28,msft,36.1200,36.3900,35.7500,36.2700,35293010,1.000000
2014-01-29,msft,35.9800,36.8800,35.9000,36.6600,52288622,1.000000
2014-01-30,msft,36.7900,36.8800,36.2300,36.8600,34240129,1.000000
2014-01-31,msft,36.9500,37.8900,36.5600,37.8400,86920547,1.000000
2014-02-03,msft,37.7400,37.9850,36.4300,36.4800,61470241,1.000000
2014-02-04,msft,36.9700,37.1890,36.2500,36.3500,54495552,1.000000
2014-02-05,msft,36.2900,36.4700,35.8000,35.8200,55669307,1.000000
2014-02-06,msft,35.8000,36.2500,35.6900,36.1800,35032342,1.000000
2014-02-07,msft,36.3200,36.5900,36.0100,36.5600,33160413,1.000000
2014-02-10,msft,36.6300,36.8000,36.2900,36.7800,26691641,1.000000
2014-02-11,msft,36.8800,37.2600,36.8600,37.1900,31955584,1.000000
2014-02-12,msft,37.3500,37.6000,37.3000,37.4600,27003200,1.000000
2014-02-13,msft,37.3300,37.8600,37.3300,37.6000,37466321,1.000000
2014-02-14,msft,37.3900,37.7800,37.3300,37.6200,31280741,1.000000
2014-02-18,msft,37.6300,37.7800,37.4100,37.4200,32739650,1.000000
2014-02-19,msft,37.2200,37.7500,37.2100,37.5100,29713767,1.000000
2014-02-20,msft,37.5700,37.8700,37.3950,37.7500,27372940,1.000000
2014-02-21,msft,37.9400,38.3500,37.8600,37.9800,37794748,1.000000
2014-02-24,msft,37.6900,37.9750,37.5400,37.6900,31331242,1.000000
2014-02-25,msft,37.6100,37.8500,37.3500,37.5400,30568338,1.000000
2014-02-26,msft,37.5800,37.7400,37.1900,37.4700,40970280,1.000000
2014-02-27,msft,37.4500,37.8900,37.2300,37.8600,33572093,1.000000
2014-02-28,msft,37.9800,38.4600,37.8200,38.3100,38843571,1.000000
2014-03-03,msft,37.9200,38.1300,37.4950,37.7800,29405477,1.000000
2014-03-04,msft,38.2000,38.4800,38.0700,38.4100,26457267,1.000000
2014-03-05,msft,38.2500,38.2700,37.9300,38.1100,20074562,1.000000
2014-03-06,msft,38.1400,38.2400,37.8900,38.1500,23463608,1.000000
2014-03-07,msft,38.2800,38.3600,37.6900,37.9000,26468891,1.000000
2014-03-10,msft,37.9900,38.0100,37.7200,37.8200,18936399,1.000000
2014-03-11,msft,37.8700,38.2300,37.7200,38.0200,25002519,1.000000
2014-03-12,msft,37.8000,38.4300,37.7900,38.2700,30409335,1.000000
2014-03-13,msft,38.4200,38.4500,37.6410,37.9000,32101962,1.000000
2014-03-14,msft,37.6510,38.1350,37.5060,37.7000,26987892,1.000000
2014-03-17,msft,37.9000,38.4100,37.7900,38.0500,20190957,1.000000
2014-03-18,msft,38.2600,39.9000,38.2200,39.5500,63757471,1.000000
2014-03-19,msft,39.4700,39.5500,38.9100,39.2700,35087501,1.000000
2014-03-20,msft,39.2500,40.6490,39.2400,40.3300,57254682,1.000000
2014-03-21,msft,40.7200,40.9400,40.0100,40.1600,77005473,1.000000
2014-03-24,msft,40.3400,40.6400,39.8600,40.5000,45809105,1.000000
2014-03-25,msft,40.6600,40.9900,39.9600,40.3400,42684189,1.000000
2014-03-26,msft,40.4800,40.7050,39.6000,39.7900,41537671,1.000000
2014-03-27,msft,39.7400,39.9700,39.3400,39.3600,34947157,1.000000
2014-03-28,msft,39.7900,40.6350,39.6800,40.3000,43417272,1.000000
2014-03-31,msft,40.4300,41.5000,40.4000,41.0100,46805942,1.000000
2014-04-01,msft,41.1500,41.5900,41.0700,41.4200,32447769,1.000000
2014-04-02,msft,41.4400,41.6600,41.1700,41.3500,28552794,1.000000
2014-04-03,msft,41.2900,41.2900,40.7100,41.0000,29574627,1.000000
2014-04-04,msft,41.2500,41.3900,39.6400,39.8700,51315789,1.000000
2014-04-07,msft,39.9600,40.2700,39.7400,39.8000,37523612,1.000000
2014-04-08,msft,39.7500,39.9300,39.2000,39.8200,35890813,1.000000
2014-04-09,msft,39.9300,40.5500,39.8800,40.4700,27241071,1.000000
2014-04-10,msft,40.4400,40.6900,39.0900,39.3800,45814953,1.000000
2014-04-11,msft,39.0000,39.7900,39.0000,39.2090,34315835,1.000000
2014-04-14,msft,39.1100,39.4100,38.9000,39.1800,31949106,1.000000
2014-04-15,msft,39.3400,39.9600,39.0500,39.7500,33862244,1.000000
2014-04-16,msft,40.0600,40.4150,39.9050,40.4000,29980675,1.000000
2014-04-17,msft,40.0100,40.1950,39.5100,40.0100,36541269,1.000000
2014-04-21,msft,40.1300,40.1500,39.7900,39.9400,22194370,1.000000
2014-04-22,msft,39.9600,40.1400,39.8300,39.9900,26875228,1.000000
2014-04-23,msft,39.9900,39.9900,39.4700,39.6900,24313050,1.000000
2014-04-24,msft,39.7400,39.9700,39.3000,39.8600,41149706,1.000000
2014-04-25,msft,40.2900,40.6800,39.7500,39.9100,56630194,1.000000
2014-04-28,msft,40.1400,41.2900,40.0900,40.8700,50442746,1.000000
2014-04-29,msft,41.1000,41.1900,40.3900,40.5100,29618999,1.000000
2014-04-30,msft,40.4000,40.5000,40.1700,40.4000,35283200,1.000000
2014-05-01,msft,40.2400,40.3600,39.9500,40.0000,28692172,1.000000
2014-05-02,msft,40.3100,40.3400,39.6600,39.6900,43359313,1.000000
2014-05-05,msft,39.5200,39.6400,39.3000,39.4300,22426082,1.000000
2014-05-06,msft,39.2900,39.3500,38.9500,39.0600,25938517,1.000000
2014-05-07,msft,39.2200,39.5100,38.5100,39.4250,41573447,1.000000
2014-05-08,msft,39.3400,39.9000,38.9700,39.6400,31962602,1.000000
2014-05-09,msft,39.5400,39.8500,39.3700,39.5400,29579417,1.000000
2014-05-12,msft,39.7400,40.0200,39.6500,39.9700,22653345,1.000000
2014-05-13,msft,39.9200,40.5000,39.8500,40.4200,26933610,1.000000
2014-05-14,msft,40.3000,40.4500,40.0500,40.2400,18757349,1.000000
2014-05-15,msft,40.0900,40.4000,39.5100,39.6000,37617056,1.000000
2014-05-16,msft,39.6700,39.8400,39.2700,39.8300,29766257,1.000000
2014-05-19,msft,39.6100,39.8200,39.4600,39.7500,21861799,1.000000
2014-05-20,msft,39.6800,39.9400,39.4600,39.6800,21184675,1.000000
2014-05-21,msft,39.8000,40.3500,39.7400,40.3500,22342022,1.000000
2014-05-22,msft,40.2900,40.3500,39.8500,40.1000,20165346,1.000000
2014-05-23,msft,40.3700,40.3700,40.0000,40.1200,17923916,1.000000
2014-05-27,msft,40.2600,40.2600,39.8100,40.1900,26155247,1.000000
2014-05-28,msft,40.1400,40.1900,39.8200,40.0100,25711012,1.000000
2014-05-29,msft,40.1500,40.3500,39.9100,40.3400,19842994,1.000000
2014-05-30,msft,40.4500,40.9700,40.2500,40.9400,34254815,1.000000
2014-06-02,msft,40.9500,41.0900,40.6800,40.7900,18454457,1.000000
2014-06-03,msft,40.6000,40.6800,40.2500,40.2900,17979443,1.000000
2014-06-04,msft,40.2100,40.3700,39.8600,40.3200,23134089,1.000000
2014-06-05,msft,40.5900,41.2500,40.4000,41.2100,31700523,1.000000
2014-06-06,msft,41.4800,41.6600,41.2400,41.4800,23928157,1.000000
2014-06-09,msft,41.3900,41.4800,41.0200,41.2700,15001607,1.000000
2014-06-10,msft,41.0300,41.1600,40.8600,41.1100,14927431,1.000000
2014-06-11,msft,40.9300,41.0700,40.7650,40.8600,16803002,1.000000
2014-06-12,msft,40.8100,40.8800,40.2900,40.5800,29697628,1.000000
2014-06-13,msft,41.1000,41.5650,40.8600,41.2300,26241432,1.000000
2014-06-16,msft,41.0400,41.6100,41.0400,41.5000,24121338,1.000000
2014-06-17,msft,41.2900,41.9100,40.3350,41.6800,22460839,1.000000
2014-06-18,msft,41.6050,41.7400,41.1800,41.6500,27040845,1.000000
2014-06-19,msft,41.5700,41.7700,41.3300,41.5100,19810715,1.000000
2014-06-20,msft,41.4450,41.8300,41.3800,41.6800,46988513,1.000000
2014-06-23,msft,41.7300,42.0000,41.6900,41.9900,18655630,1.000000
2014-06-24,msft,41.8300,41.9400,41.5600,41.7450,26470383,1.000000
2014-06-25,msft,41.7000,42.0500,41.4600,42.0300,19796349,1.000000
2014-06-26,msft,41.9300,41.9400,41.4300,41.7200,23131773,1.000000
2014-06-27,msft,41.6100,42.2900,41.5100,42.2500,53886821,1.000000
2014-06-30,msft,42.1700,42.2100,41.7000,41.7000,30704733,1.000000
2014-07-01,msft,41.8600,42.1500,41.6900,41.8700,26819452,1.000000
2014-07-02,msft,41.7300,41.9000,41.5300,41.9000,20153070,1.000000
2014-07-03,msft,41.9100,41.9900,41.5600,41.8000,15966543,1.000000
2014-07-07,msft,41.7500,42.1200,41.7100,41.9900,21878941,1.000000
2014-07-08,msft,41.8700,42.0000,41.6100,41.7800,31188394,1.000000
2014-07-09,msft,41.9800,41.9900,41.5300,41.6700,18360609,1.000000
2014-07-10,msft,41.3700,42.0000,41.0500,41.6850,21817722,1.000000
2014-07-11,msft,41.7000,42.0900,41.4800,42.0900,24048646,1.000000
2014-07-14,msft,42.2200,42.4500,42.0400,42.1400,21618685,1.000000
2014-07-15,msft,42.5100,44.3100,42.4800,44.0800,63055955,1.000000
2014-07-17,msft,45.4500,45.7100,44.2500,44.5300,81973238,1.000000
2014-07-18,msft,44.6500,44.8400,44.2500,44.6900,43074201,1.000000
2014-07-21,msft,44.5600,45.1600,44.2200,44.8350,37530460,1.000000
2014-07-22,msft,45.0000,45.1500,44.5900,44.8300,40960112,1.000000
2014-07-23,msft,45.4500,45.4500,44.6200,44.8700,52166715,1.000000
2014-07-24,msft,44.9300,45.0000,44.3200,44.4000,30289442,1.000000
2014-07-25,msft,44.3000,44.6600,44.3000,44.5000,26628157,1.000000
2014-07-28,msft,44.3600,44.5100,43.9300,43.9700,29568462,1.000000
2014-07-29,msft,43.9100,44.0900,43.6400,43.8850,27575979,1.000000
2014-07-30,msft,44.0700,44.1000,43.2900,43.5790,31845946,1.000000
2014-07-31,msft,43.3800,43.6900,43.0800,43.1600,30953919,1.000000
2014-08-01,msft,43.2100,43.2500,42.6000,42.8600,30675832,1.000000
2014-08-04,msft,42.9700,43.4700,42.8100,43.3700,33788671,1.000000
2014-08-05,msft,43.3100,43.4600,42.8300,43.0800,26136194,1.000000
2014-08-06,msft,42.7400,43.1700,42.2100,42.7400,24601704,1.000000
2014-08-07,msft,42.8400,43.4500,42.6500,43.2300,30123896,1.000000
2014-08-08,msft,43.2300,43.3150,42.9100,43.2000,28867195,1.000000
2014-08-11,msft,43.2600,43.4500,43.0200,43.2000,19756632,1.000000
2014-08-12,msft,43.0400,43.5900,43.0000,43.5200,20998288,1.000000
2014-08-13,msft,43.6800,44.1800,43.5200,44.0800,22790470,1.000000
2014-08-14,msft,44.0800,44.4170,44.0100,44.2700,19276397,1.000000
2014-08-15,msft,44.5800,44.8950,44.4000,44.7900,41426647,1.000000
2014-08-18,msft,44.9400,45.1100,44.6800,45.1100,26832771,1.000000
2014-08-19,msft,44.9700,45.3400,44.8300,45.3300,27474632,1.000000
2014-08-20,msft,45.3400,45.4000,44.9000,44.9500,24710911,1.000000
2014-08-21,msft,44.8400,45.2500,44.8300,45.2200,22019187,1.000000
2014-08-22,msft,45.3500,45.4700,45.0700,45.1500,18248188,1.000000
2014-08-25,msft,45.4000,45.4400,45.0400,45.1700,16793268,1.000000
2014-08-26,msft,45.3100,45.3950,44.9400,45.0050,14537958,1.000000
2014-08-27,msft,44.9000,45.0000,44.7600,44.8700,18657755,1.000000
2014-08-28,msft,44.7500,44.9800,44.6100,44.8800,17392164,1.000000
2014-08-29,msft,45.0900,45.4400,44.8550,45.4300,21109864,1.000000
2014-09-02,msft,45.4300,45.4600,44.8500,45.0700,22841589,1.000000
2014-09-03,msft,44.5300,45.1100,44.5300,44.9600,33612313,1.000000
2014-09-04,msft,44.7400,45.2700,44.7200,45.2600,26180141,1.000000
2014-09-05,msft,45.1100,45.9300,45.1100,45.9000,36406819,1.000000
2014-09-08,msft,46.0200,46.8000,45.9900,46.4700,45538033,1.000000
2014-09-09,msft,46.4700,46.9700,46.4200,46.7600,40192437,1.000000
2014-09-10,msft,46.8200,46.9400,46.2800,46.8400,27064954,1.000000
2014-09-11,msft,46.7400,47.0000,46.4700,47.0000,28925828,1.000000
2014-09-12,msft,46.9100,47.0200,46.6000,46.6950,37974096,1.000000
2014-09-15,msft,46.5400,46.7100,46.1000,46.2400,35320774,1.000000
2014-09-16,msft,46.3900,46.8500,46.2900,46.7600,27658223,1.000000
2014-09-17,msft,46.2600,46.6900,46.2300,46.5200,38038569,1.000000
2014-09-18,msft,46.5900,46.8300,46.4600,46.6800,35230249,1.000000
2014-09-19,msft,46.8100,47.5700,46.6000,47.5200,143654076,1.000000
2014-09-22,msft,47.3000,47.3800,46.9800,47.0600,38429203,1.000000
2014-09-23,msft,46.8500,46.9800,46.4700,46.5600,33372323,1.000000
2014-09-24,msft,46.6300,47.1100,46.3400,47.0700,26434830,1.000000
2014-09-25,msft,46.8800,47.0900,46.0300,46.0400,32693619,1.000000
2014-09-26,msft,45.9300,46.6200,45.7600,46.4100,26453570,1.000000
2014-09-29,msft,45.9800,46.5600,45.7600,46.4400,25699077,1.000000
2014-09-30,msft,46.3700,46.4760,46.0100,46.3600,32211846,1.000000
2014-10-01,msft,46.2700,46.5300,45.8450,45.9200,37598263,1.000000
2014-10-02,msft,45.8300,46.1000,45.6400,45.7600,25031803,1.000000
2014-10-03,msft,45.9800,46.3000,45.6100,46.0900,32136468,1.000000
2014-10-06,msft,46.1200,46.3000,45.9200,46.0900,20378348,1.000000
2014-10-07,msft,45.8600,45.9300,45.4200,45.5100,25280340,1.000000
2014-10-08,msft,45.4800,46.8900,45.3400,46.7800,32940067,1.000000
2014-10-09,msft,46.5000,46.8000,45.7400,45.8500,32831592,1.000000
2014-10-10,msft,45.6000,46.1200,43.9500,44.0300,51455954,1.000000
2014-10-13,msft,43.8200,44.5600,43.4900,43.6500,36910269,1.000000
2014-10-14,msft,43.8700,44.3800,43.5600,43.7300,37974727,1.000000
2014-10-15,msft,43.0000,43.3900,42.1000,43.2200,60052074,1.000000
2014-10-16,msft,42.5300,43.0800,42.2200,42.7400,48798160,1.000000
2014-10-17,msft,43.2000,43.9350,42.7900,43.6300,40437763,1.000000
2014-10-20,msft,43.0600,44.1400,42.8100,44.0800,34428431,1.000000
2014-10-21,msft,44.3600,44.9750,44.1900,44.8800,34307848,1.000000
2014-10-22,msft,45.0000,45.0700,44.2250,44.3800,33142671,1.000000
2014-10-23,msft,44.6200,45.4450,44.5300,44.9890,41765285,1.000000
2014-10-24,msft,46.8300,46.9000,45.1800,46.1300,60901084,1.000000
2014-10-27,msft,45.7100,46.1000,45.7100,45.9100,28210821,1.000000
2014-10-28,msft,45.8600,46.5000,45.7700,46.4900,28146418,1.000000
2014-10-29,msft,46.4400,46.7000,46.3400,46.6200,30090465,1.000000
2014-10-30,msft,46.3200,46.3200,45.7700,46.0500,29903317,1.000000
2014-10-31,msft,46.9400,46.9700,46.4800,46.9300,34931185,1.000000
2014-11-03,msft,46.8900,47.4600,46.7300,47.4400,22742246,1.000000
2014-11-04,msft,47.3010,47.7300,47.2500,47.5700,21250753,1.000000
2014-11-05,msft,47.8000,47.9000,47.2600,47.8600,22444199,1.000000
2014-11-06,msft,47.8600,48.8600,47.7900,48.7000,32613867,1.000000
2014-11-07,msft,48.9200,48.9200,48.2900,48.6700,27320476,1.000000
2014-11-10,msft,48.6500,49.1500,48.5500,48.8900,36339058,1.000000
2014-11-11,msft,48.8500,48.9300,48.6450,48.8700,22142737,1.000000
2014-11-12,msft,48.5600,48.9200,48.5200,48.7800,22667943,1.000000
2014-11-13,msft,48.8100,49.6450,48.7050,49.6100,26193752,1.000000
2014-11-14,msft,49.7400,50.0450,49.3900,49.5800,28091780,1.000000
2014-11-17,msft,49.4100,49.7050,49.1400,49.4600,30052638,1.000000
2014-11-18,msft,49.1300,49.3250,48.7000,48.7400,23689247,1.000000
2014-11-19,msft,48.6600,48.7550,47.9300,48.2200,26044303,1.000000
2014-11-20,msft,48.0000,48.7000,47.8700,48.7000,21451750,1.000000
2014-11-21,msft,49.0200,49.0500,47.5700,47.9650,42767281,1.000000
2014-11-24,msft,47.9900,48.0000,47.3900,47.5900,34099583,1.000000
2014-11-25,msft,47.6600,47.9700,47.4500,47.4700,26857073,1.000000
2014-11-26,msft,47.4900,47.9900,47.2800,47.7500,26792407,1.000000
2014-11-28,msft,47.9500,48.1950,47.6100,47.8100,21534426,1.000000
2014-12-01,msft,47.8800,48.7800,47.7100,48.6600,30928347,1.000000
2014-12-02,msft,48.8400,49.0500,48.2000,48.4700,25639831,1.000000
2014-12-03,msft,48.4400,48.5000,47.8050,48.0800,22419187,1.000000
2014-12-04,msft,48.3900,49.0600,48.2000,48.8300,30285961,1.000000
2014-12-05,msft,48.8200,48.9700,48.3800,48.4200,26028823,1.000000
2014-12-08,msft,48.2600,48.3500,47.4450,47.6950,26477454,1.000000
2014-12-09,msft,47.1100,47.9200,47.0500,47.6300,24131777,1.000000
2014-12-10,msft,47.5800,47.6600,46.7000,46.9000,30160781,1.000000
2014-12-11,msft,47.0800,47.7400,46.6800,47.1500,28951113,1.000000
2014-12-12,msft,46.7800,47.7300,46.6700,46.9800,34037462,1.000000
2014-12-15,msft,47.2000,47.6700,46.5500,46.6700,29152680,1.000000
2014-12-16,msft,45.9000,46.3400,45.1300,45.2200,47644165,1.000000
2014-12-17,msft,45.0500,45.9450,44.9000,45.7400,34421164,1.000000
2014-12-18,msft,46.5800,47.5200,46.3390,47.5200,39230376,1.000000
2014-12-19,msft,47.6300,48.1000,47.1700,47.6600,60645021,1.000000
2014-12-22,msft,47.7800,48.1200,47.7100,47.9800,26420462,1.000000
2014-12-23,msft,48.3700,48.8000,48.1300,48.4500,23239458,1.000000
2014-12-24,msft,48.6400,48.6400,48.0800,48.1400,11441760,1.000000
2014-12-26,msft,48.4100,48.4100,47.8200,47.8800,12950903,1.000000
2014-12-29,msft,47.7000,47.7800,47.2600,47.4500,14099855,1.000000
2014-12-30,msft,47.4400,47.6200,46.8400,47.0200,15637943,1.000000
2014-12-31,msft,46.7300,47.4400,46.4500,46.4500,21292179,1.000000
2015-01-02,msft,46.6600,47.4200,46.5400,46.7500,27620048,1.000000
2015-01-05,msft,46.3700,46.7300,46.2500,46.3250,38933962,1.000000
2015-01-06,msft,46.3800,46.7490,45.5400,45.6500,35682483,1.000000
2015-01-07,msft,45.9800,46.4600,45.4900,46.2300,28885441,1.000000
2015-01-08,msft,46.7500,47.7500,46.7200,47.5900,29190853,1.000000
2015-01-09,msft,47.6100,47.8200,46.9000,47.1900,23775196,1.000000
2015-01-12,msft,47.4200,47.5400,46.3600,46.6000,23326072,1.000000
2015-01-13,msft,46.9700,47.9100,46.0600,46.3550,35042900,1.000000
2015-01-14,msft,45.9600,46.2400,45.6200,45.9550,29592192,1.000000
2015-01-15,msft,46.2200,46.3800,45.4100,45.4800,30349246,1.000000
2015-01-16,msft,45.3100,46.2800,45.1700,46.2400,35483920,1.000000
2015-01-20,msft,46.3000,46.6500,45.5700,46.3900,36037661,1.000000
2015-01-21,msft,45.9400,46.1400,45.4800,46.0250,16079482,1.000000
2015-01-22,msft,46.3800,47.1350,46.0800,47.1100,35843813,1.000000
2015-01-23,msft,47.3600,47.3900,46.8000,47.1800,26019087,1.000000
2015-01-26,msft,47.0000,47.1340,46.2400,47.0100,38521866,1.000000
2015-01-27,msft,42.9500,43.2000,42.1050,42.6600,168470555,1.000000
2015-01-28,msft,42.7400,42.7900,41.1600,41.1900,84190712,1.000000
2015-01-29,msft,40.9300,42.1200,40.7900,42.0100,59938525,1.000000
2015-01-30,msft,41.5500,41.5800,40.3500,40.4000,77478606,1.000000
2015-02-02,msft,40.5900,41.3700,40.2300,41.2800,49764990,1.000000
2015-02-03,msft,41.6300,41.9300,41.0450,41.6000,51812607,1.000000
2015-02-04,msft,41.9400,42.2100,41.3600,41.8300,41378679,1.000000
2015-02-05,msft,42.2200,42.6400,41.8550,42.4400,36307209,1.000000
2015-02-06,msft,42.6800,42.7900,42.1500,42.4100,34271358,1.000000
2015-02-09,msft,42.2400,42.7400,42.2100,42.3600,27333565,1.000000
2015-02-10,msft,42.7400,42.7700,42.1800,42.6000,29541000,1.000000
2015-02-11,msft,42.6500,42.6500,42.2100,42.3800,38178824,1.000000
2015-02-12,msft,42.6600,43.0900,42.5100,43.0900,33015096,1.000000
2015-02-13,msft,43.3800,43.8700,43.1500,43.8700,39632172,1.000000
2015-02-17,msft,43.9700,44.0000,43.1900,43.5800,33667408,1.000000
2015-02-18,msft,43.6300,43.7000,43.3900,43.5300,27064237,1.000000
2015-02-19,msft,43.1800,43.5260,43.0500,43.5000,27521304,1.000000
2015-02-20,msft,43.5100,43.8800,43.2900,43.8550,29601170,1.000000
2015-02-23,msft,43.7000,44.1900,43.6500,44.1400,32449519,1.000000
2015-02-24,msft,44.1500,44.3000,43.9200,44.0900,25170493,1.000000
2015-02-25,msft,43.9500,44.0900,43.8000,43.9900,28824845,1.000000
2015-02-26,msft,43.9900,44.2300,43.8900,44.0550,26231993,1.000000
2015-02-27,msft,44.1300,44.2000,43.6600,43.8500,33063733,1.000000
2015-03-02,msft,43.6700,44.1900,43.5500,43.8800,31709456,1.000000
2015-03-03,msft,43.5600,43.8250,43.0900,43.2800,31067882,1.000000
2015-03-04,msft,43.0100,43.2100,42.8800,43.0550,25633529,1.000000
2015-03-05,msft,43.0700,43.2400,42.8200,43.1100,23068598,1.000000
2015-03-06,msft,43.0000,43.1100,42.1500,42.3600,35105341,1.000000
2015-03-09,msft,42.1900,43.1250,42.1900,42.8200,31754472,1.000000
2015-03-10,msft,42.3500,42.7100,42.0300,42.0300,38185063,1.000000
2015-03-11,msft,42.3100,42.3700,41.8400,41.9800,28712925,1.000000
2015-03-12,msft,41.3300,41.6500,40.8600,41.0200,59509823,1.000000
2015-03-13,msft,40.7000,41.4700,40.6100,41.3800,54506634,1.000000
2015-03-16,msft,41.4700,41.6400,41.2800,41.5300,34819692,1.000000
2015-03-17,msft,41.3700,41.8300,41.1500,41.6950,31402129,1.000000
2015-03-18,msft,41.4300,42.8300,41.3300,42.5000,43863551,1.000000
2015-03-19,msft,42.2600,42.5900,42.2200,42.2850,33528052,1.000000
2015-03-20,msft,42.5600,42.9800,42.4900,42.7600,68032836,1.000000
2015-03-23,msft,42.8800,43.1300,42.7800,42.8550,26014229,1.000000
2015-03-24,msft,42.7800,43.1700,42.7500,42.9000,25340130,1.000000
2015-03-25,msft,42.9200,42.9250,41.4400,41.4600,42893121,1.000000
2015-03-26,msft,41.2200,41.6100,40.9200,41.2100,37429224,1.000000
2015-03-27,msft,41.1200,41.4300,40.8300,40.9700,33741580,1.000000
2015-03-30,msft,41.1000,41.5400,40.9100,40.9600,34555074,1.000000
2015-03-31,msft,40.7800,41.0300,40.5400,40.6600,34543620,1.000000
2015-04-01,msft,40.6000,40.7600,40.3100,40.7000,36670814,1.000000
2015-04-02,msft,40.6600,40.7400,40.1200,40.2900,37334508,1.000000
2015-04-06,msft,40.3400,41.7800,40.1800,41.5450,39009824,1.000000
2015-04-07,msft,41.6100,41.9100,41.3100,41.5300,28728707,1.000000
2015-04-08,msft,41.4600,41.6900,41.0400,41.4200,24559723,1.000000
2015-04-09,msft,41.2500,41.6200,41.2500,41.4800,25646725,1.000000
2015-04-10,msft,41.6300,41.9500,41.4100,41.7200,27828318,1.000000
2015-04-13,msft,41.4000,42.0600,41.3900,41.7600,29470466,1.000000
2015-04-14,msft,41.8000,42.0300,41.3900,41.6500,23943826,1.000000
2015-04-15,msft,41.7600,42.4600,41.6800,42.2550,27085881,1.000000
2015-04-16,msft,41.9500,42.3400,41.8200,42.1600,22337342,1.000000
2015-04-17,msft,41.6700,41.7400,41.1600,41.6200,41660277,1.000000
2015-04-20,msft,41.7300,43.1700,41.6800,42.9000,44990024,1.000000
2015-04-21,msft,43.0000,43.1500,42.5300,42.6350,25745998,1.000000
2015-04-22,msft,42.6700,43.1300,42.5500,42.9850,24816913,1.000000
2015-04-23,msft,42.8900,43.6100,42.8000,43.3400,44487933,1.000000
2015-04-24,msft,45.6600,48.1400,45.6500,47.8700,127592181,1.000000
2015-04-27,msft,47.2300,48.1300,47.2200,48.0300,58460323,1.000000
2015-04-28,msft,47.7800,49.2100,47.7000,49.1500,59653035,1.000000
2015-04-29,msft,48.7200,49.3100,48.5000,49.0600,47187396,1.000000
2015-04-30,msft,48.7000,49.5400,48.6000,48.6800,63438755,1.000000
2015-05-01,msft,48.5800,48.8750,48.4000,48.6500,36379575,1.000000
2015-05-04,msft,48.3700,48.8700,48.1800,48.2400,33617026,1.000000
2015-05-05,msft,47.8200,48.1600,47.3100,47.6000,49492196,1.000000
2015-05-06,msft,47.5700,47.7700,46.0200,46.2800,51402270,1.000000
2015-05-07,msft,46.2700,47.0850,46.1600,46.7000,32366760,1.000000
2015-05-08,msft,47.5500,47.9800,47.5200,47.7200,33994413,1.000000
2015-05-11,msft,47.5500,47.9100,47.3700,47.3700,23829962,1.000000
2015-05-12,msft,46.8500,47.6800,46.4200,47.3500,28507515,1.000000
2015-05-13,msft,48.1900,48.3200,47.5700,47.6250,33599074,1.000000
2015-05-14,msft,48.0300,48.8200,48.0300,48.7200,31252920,1.000000
2015-05-15,msft,48.8700,48.9050,48.0500,48.2950,27696023,1.000000
2015-05-18,msft,47.9800,48.2200,47.6100,48.0100,23612094,1.000000
2015-05-19,msft,47.5600,47.8100,47.1800,47.5800,27991130,1.000000
2015-05-20,msft,47.3900,47.9300,47.2700,47.5800,23797930,1.000000
2015-05-21,msft,47.2800,47.6000,47.0050,47.4200,22389522,1.000000
2015-05-22,msft,47.3000,47.3500,46.8200,46.9000,25659385,1.000000
2015-05-26,msft,46.8300,46.8800,46.1900,46.5900,28731980,1.000000
2015-05-27,msft,46.8200,47.7700,46.6200,47.6110,25820099,1.000000
2015-05-28,msft,47.5000,48.0200,47.3900,47.4500,18865133,1.000000
2015-05-29,msft,47.4300,47.5700,46.5900,46.8900,33599895,1.000000
2015-06-01,msft,47.0600,47.7700,46.6200,47.2300,28208957,1.000000
2015-06-02,msft,46.9300,47.3500,46.6200,46.9200,21175810,1.000000
2015-06-03,msft,47.3700,47.7350,46.8200,46.8500,27953635,1.000000
2015-06-04,msft,46.7900,47.1600,46.2000,46.3890,26818157,1.000000
2015-06-05,msft,46.3100,46.5200,45.8400,46.1400,25201190,1.000000
2015-06-08,msft,46.3000,46.4300,45.6700,45.7300,21744392,1.000000
2015-06-09,msft,45.7600,45.9400,45.4600,45.6500,24084482,1.000000
2015-06-10,msft,45.7900,46.8300,45.6900,46.5900,27948546,1.000000
2015-06-11,msft,46.6600,46.9200,46.1300,46.4700,26954202,1.000000
2015-06-12,msft,46.2200,46.4700,45.9000,45.9700,23355953,1.000000
2015-06-15,msft,45.4500,45.6500,45.0200,45.4750,29665605,1.000000
2015-06-16,msft,45.3500,46.2400,45.3000,45.8300,26801094,1.000000
2015-06-17,msft,45.7300,46.0700,45.3600,45.9700,28441941,1.000000
2015-06-18,msft,46.2200,46.8000,46.1700,46.7000,32177943,1.000000
2015-06-19,msft,46.7900,46.8250,45.9900,46.1000,48476214,1.000000
2015-06-22,msft,46.3300,46.7200,46.1600,46.2500,20184735,1.000000
2015-06-23,msft,46.1300,46.2800,45.6200,45.9100,24536395,1.000000
2015-06-24,msft,45.6700,46.2450,45.5500,45.6350,29097853,1.000000
2015-06-25,msft,46.0300,46.0600,45.5000,45.6600,20563869,1.000000
2015-06-26,msft,45.6500,46.2800,45.0300,45.3100,38416460,1.000000
2015-06-29,msft,45.0400,45.2300,44.3600,44.3900,33881567,1.000000
2015-06-30,msft,44.7100,44.7200,43.9400,44.1500,34686041,1.000000
2015-07-01,msft,44.4600,45.2300,44.1000,44.4400,28243424,1.000000
2015-07-02,msft,44.4800,44.7500,44.0600,44.3900,21598447,1.000000
2015-07-06,msft,43.9600,44.4800,43.9500,44.3900,22969620,1.000000
2015-07-07,msft,44.3400,44.4900,43.3200,44.3200,36381496,1.000000
2015-07-08,msft,44.4400,44.9000,44.0300,44.2500,39408044,1.000000
2015-07-09,msft,44.7500,45.2200,44.5000,44.5200,32033600,1.000000
2015-07-10,msft,45.0100,45.1400,44.5700,44.5940,25287149,1.000000
2015-07-13,msft,44.9750,45.6200,44.9500,45.5300,24993274,1.000000
2015-07-14,msft,45.4500,45.9600,45.3100,45.6200,22690165,1.000000
2015-07-15,msft,45.6800,45.8900,45.4300,45.7600,23365559,1.000000
2015-07-16,msft,46.0100,46.6900,45.9650,46.6600,25809360,1.000000
2015-07-17,msft,46.5500,46.7800,46.2600,46.6000,29262734,1.000000
2015-07-20,msft,46.6500,47.1300,46.4400,46.9200,30253724,1.000000
2015-07-21,msft,46.7800,47.3300,46.4800,47.2800,40526174,1.000000
2015-07-22,msft,45.4400,46.9300,45.2030,45.5100,57844079,1.000000
2015-07-23,msft,45.2700,46.2300,45.1000,46.1100,33392336,1.000000
2015-07-24,msft,45.9100,46.3200,45.8000,45.9700,32070815,1.000000
2015-07-27,msft,45.9400,46.0100,45.2500,45.3900,39137998,1.000000
2015-07-28,msft,45.5800,45.6390,44.7900,45.3500,34169902,1.000000
2015-07-29,msft,45.4000,46.7800,45.2600,46.2800,40260346,1.000000
2015-07-30,msft,46.2600,47.4000,45.9300,46.9600,39432098,1.000000
2015-07-31,msft,47.2900,47.3700,46.5000,46.7000,31020466,1.000000
2015-08-03,msft,46.9800,47.0000,46.4500,46.8100,23880533,1.000000
2015-08-04,msft,46.7500,47.7100,46.6800,47.5400,33171643,1.000000
2015-08-05,msft,47.9800,48.4100,47.5400,47.5900,26942315,1.000000
2015-08-06,msft,47.7100,47.7700,46.3300,46.6200,26891927,1.000000
2015-08-07,msft,46.3900,46.7800,46.2600,46.7400,19137360,1.000000
2015-08-10,msft,46.9500,47.4900,46.8400,47.3300,22710898,1.000000
2015-08-11,msft,46.8200,46.9400,45.9000,46.4300,28300230,1.000000
2015-08-12,msft,46.1900,46.9000,45.7050,46.7400,29663311,1.000000
2015-08-13,msft,47.0600,47.1000,46.4900,46.7300,22377695,1.000000
2015-08-14,msft,46.5300,47.1000,46.5200,47.0000,21356188,1.000000
2015-08-17,msft,46.8100,47.4500,46.5700,47.3200,20965484,1.000000
2015-08-18,msft,46.8400,47.4300,46.7000,47.2700,23302482,1.000000
2015-08-19,msft,46.7800,47.0800,46.3000,46.6100,31378965,1.000000
2015-08-20,msft,46.0700,46.4700,45.6600,45.7500,35599332,1.000000
2015-08-21,msft,45.3000,45.4800,43.0700,43.0700,68708635,1.000000
2015-08-24,msft,40.4500,43.3100,39.7200,41.7100,87933034,1.000000
2015-08-25,msft,42.5650,43.2400,40.3900,40.5300,69884965,1.000000
2015-08-26,msft,42.0100,42.8400,41.0600,42.7100,62852294,1.000000
2015-08-27,msft,43.2300,43.9500,42.9250,43.9000,50280765,1.000000
2015-08-28,msft,43.4000,44.1500,43.3900,43.9450,28097825,1.000000
2015-08-31,msft,43.5600,43.9300,43.1000,43.5200,33542263,1.000000
2015-09-01,msft,42.1700,42.5900,41.6600,41.8200,48878835,1.000000
2015-09-02,msft,42.3600,43.3800,41.8800,43.3600,37449360,1.000000
2015-09-03,msft,43.4100,43.9800,43.2800,43.5000,28042959,1.000000
2015-09-04,msft,42.8100,43.0400,42.1950,42.6100,36727377,1.000000
2015-09-08,msft,43.3000,44.0000,43.2000,43.8900,31959484,1.000000
2015-09-09,msft,44.2100,44.4000,42.9100,43.0700,33299974,1.000000
2015-09-10,msft,43.1200,43.7900,42.7450,43.2900,31183992,1.000000
2015-09-11,msft,43.1400,43.5900,42.9400,43.4800,26126796,1.000000
2015-09-14,msft,43.4300,43.4400,42.8600,43.0500,23357255,1.000000
2015-09-15,msft,43.1900,44.2900,43.0800,43.9800,28452693,1.000000
2015-09-16,msft,43.9700,44.3800,43.8400,44.3000,23252776,1.000000
2015-09-17,msft,44.2900,45.0000,44.0800,44.2600,29729386,1.000000
2015-09-18,msft,43.5000,43.9900,43.3300,43.4800,58596247,1.000000
2015-09-21,msft,43.6200,44.4700,43.6000,44.1100,25994889,1.000000
2015-09-22,msft,43.3800,44.0500,43.3100,43.9100,27729402,1.000000
2015-09-23,msft,43.9300,44.1700,43.5100,43.8700,17044186,1.000000
2015-09-24,msft,43.4500,44.1300,43.2700,43.9400,27398690,1.000000
2015-09-25,msft,44.4800,44.7300,43.7600,43.9200,29093394,1.000000
2015-09-28,msft,43.8300,44.0850,43.2050,43.2900,27173736,1.000000
2015-09-29,msft,43.3700,43.5700,43.0500,43.4400,32606623,1.000000
2015-09-30,msft,43.8800,44.3000,43.6600,44.2000,34294538,1.000000
2015-10-01,msft,44.7500,44.7500,43.7500,44.6200,28175320,1.000000
2015-10-02,msft,44.2700,45.5700,43.9200,45.5700,41458135,1.000000
2015-10-05,msft,45.7450,46.8900,45.7000,46.6100,32995508,1.000000
2015-10-06,msft,46.3300,47.1750,46.2200,46.7500,27325459,1.000000
2015-10-07,msft,47.1000,47.3500,45.9500,46.7800,27346856,1.000000
2015-10-08,msft,46.5600,47.5150,46.5000,47.4500,33052228,1.000000
2015-10-09,msft,47.4500,47.5400,46.9200,47.1100,28369883,1.000000
2015-10-12,msft,46.9800,47.0700,46.5000,47.0000,19666826,1.000000
2015-10-13,msft,46.5600,47.1300,46.5600,46.8900,18859677,1.000000
2015-10-14,msft,46.6500,47.1000,46.5300,46.6800,24491324,1.000000
2015-10-15,msft,47.0100,47.0300,46.5300,47.0100,27117498,1.000000
2015-10-16,msft,47.0200,47.5400,46.8970,47.5100,25744215,1.000000
2015-10-19,msft,47.4200,47.8800,47.0200,47.6200,29104881,1.000000
2015-10-20,msft,47.4400,47.8100,47.0200,47.7700,30544375,1.000000
2015-10-21,msft,47.9200,47.9900,47.1100,47.2000,25139606,1.000000
2015-10-22,msft,47.5300,48.9500,47.0900,48.0300,53423795,1.000000
2015-10-23,msft,52.3000,54.0700,52.2500,52.9800,134134552,1.000000
2015-10-26,msft,52.5300,54.3200,52.5000,54.2500,63237416,1.000000
2015-10-27,msft,53.9900,54.3700,53.5800,53.6900,48593103,1.000000
2015-10-28,msft,53.5400,53.9800,52.8600,53.9800,45148836,1.000000
2015-10-29,msft,53.5400,53.8300,53.2200,53.3600,30024427,1.000000
2015-10-30,msft,53.3200,53.9900,52.6200,52.6430,46258768,1.000000
2015-11-02,msft,52.8500,53.3600,52.6200,53.2500,29936477,1.000000
2015-11-03,msft,52.9300,54.3900,52.9000,54.1500,35782048,1.000000
2015-11-04,msft,54.1800,54.8800,54.0600,54.4000,36932099,1.000000
2015-11-05,msft,54.4900,54.7000,54.0000,54.3800,30662870,1.000000
2015-11-06,msft,54.0850,54.9800,53.9640,54.9200,30858539,1.000000
2015-11-09,msft,54.5500,54.8700,53.5600,54.1600,32484812,1.000000
2015-11-10,msft,54.0700,54.1300,53.2700,53.5100,55079308,1.000000
2015-11-11,msft,53.7000,54.2000,53.4600,53.6500,34009808,1.000000
2015-11-12,msft,53.4800,53.9790,53.1900,53.3200,34509380,1.000000
2015-11-13,msft,53.0700,53.2900,52.5300,52.8400,36413394,1.000000
2015-11-16,msft,53.0800,53.8900,52.8500,53.7650,31723719,1.000000
2015-11-17,msft,53.1700,53.5300,52.8500,52.9700,31211644,1.000000
2015-11-18,msft,53.0000,53.9800,52.9800,53.8500,28800185,1.000000
2015-11-19,msft,53.9900,54.6600,53.7810,53.9400,28131312,1.000000
2015-11-20,msft,54.2500,54.3000,53.2650,54.1900,37101507,1.000000
2015-11-23,msft,54.2800,54.4600,53.7500,54.1900,27767580,1.000000
2015-11-24,msft,53.9200,54.4400,53.5800,54.2500,24482348,1.000000
2015-11-25,msft,54.0900,54.2300,53.6900,53.6900,20933218,1.000000
2015-11-27,msft,53.8000,54.0800,53.7900,53.9300,9009113,1.000000
2015-11-30,msft,54.5400,54.9600,54.0000,54.3600,53992464,1.000000
2015-12-01,msft,54.4100,55.2300,54.3000,55.2200,39848757,1.000000
2015-12-02,msft,55.3200,55.9600,55.0600,55.2100,47244561,1.000000
2015-12-03,msft,55.4900,55.7700,53.9300,54.2100,38532249,1.000000
2015-12-04,msft,54.1200,56.2300,54.1000,55.9100,42549999,1.000000
2015-12-07,msft,55.7900,55.9700,55.2900,55.8200,30652797,1.000000
2015-12-08,msft,55.4700,56.1000,54.9900,55.7900,32597981,1.000000
2015-12-09,msft,55.3700,55.8700,54.5100,54.9800,36151403,1.000000
2015-12-10,msft,55.3900,55.6550,55.0100,55.2700,31620727,1.000000
2015-12-11,msft,54.7100,55.1000,54.0100,54.0600,39419769,1.000000
2015-12-14,msft,54.3300,55.2100,53.6800,55.1500,46848140,1.000000
2015-12-15,msft,55.6600,55.9000,55.0900,55.2000,39617244,1.000000
2015-12-16,msft,55.5400,56.2450,54.7600,56.1300,37248433,1.000000
2015-12-17,msft,56.3600,56.7900,55.5350,55.7000,41211691,1.000000
2015-12-18,msft,55.7700,56.0000,54.0300,54.1300,83798438,1.000000
2015-12-21,msft,54.8800,55.3500,54.2260,54.8000,36909513,1.000000
2015-12-22,msft,54.9900,55.4800,54.5000,55.3500,28300849,1.000000
2015-12-23,msft,55.7000,55.8800,55.4400,55.8200,27185227,1.000000
2015-12-24,msft,55.8600,55.9600,55.4300,55.6700,9569402,1.000000
2015-12-28,msft,55.3500,55.9500,54.9800,55.9500,21698476,1.000000
2015-12-29,msft,56.2900,56.8500,56.0600,56.5500,27631254,1.000000
2015-12-30,msft,56.4700,56.7800,56.2880,56.3100,21650545,1.000000
2015-12-31,msft,56.0400,56.1900,55.4200,55.4550,26573083,1.000000
2016-01-04,msft,54.3200,54.8000,53.3900,54.7900,52949025,1.000000
2016-01-05,msft,54.9300,55.3900,54.5400,55.0500,34055271,1.000000
2016-01-06,msft,54.3200,54.4000,53.6400,54.0500,39475569,1.000000
2016-01-07,msft,52.7000,53.4850,52.0700,52.2000,55769956,1.000000
2016-01-08,msft,52.3700,53.2800,52.1500,52.3300,48446372,1.000000
2016-01-11,msft,52.5100,52.8500,51.4600,52.3000,36663860,1.000000
2016-01-12,msft,52.7600,53.1000,52.0600,52.7700,35697775,1.000000
2016-01-13,msft,53.8000,54.0700,51.3040,51.6400,66773189,1.000000
2016-01-14,msft,52.0000,53.4160,51.5700,53.1100,51433616,1.000000
2016-01-15,msft,51.3100,51.9700,50.3400,50.9900,70744989,1.000000
2016-01-19,msft,51.4800,51.6800,50.0600,50.5600,43128553,1.000000
2016-01-20,msft,49.9800,51.3800,49.1000,50.7900,63192972,1.000000
2016-01-21,msft,51.0000,51.5800,50.3000,50.4600,40169512,1.000000
2016-01-22,msft,51.4100,52.3300,51.2600,52.2800,36878402,1.000000
2016-01-25,msft,51.9400,52.6500,51.6500,51.7900,34630088,1.000000
2016-01-26,msft,51.7900,52.4400,51.5500,52.1700,28723582,1.000000
2016-01-27,msft,52.0100,52.2000,51.0200,51.2200,36726634,1.000000
2016-01-28,msft,51.8600,52.2100,51.2500,52.0550,61544926,1.000000
2016-01-29,msft,54.7300,55.0900,54.0000,55.0900,83561309,1.000000
2016-02-01,msft,54.8800,55.0900,54.4950,54.7100,44172929,1.000000
2016-02-02,msft,54.1700,54.2600,52.6500,53.0000,56275501,1.000000
2016-02-03,msft,53.2500,53.3900,51.2600,52.1600,57528346,1.000000
2016-02-04,msft,52.1000,52.8100,51.3700,52.0000,46967117,1.000000
2016-02-05,msft,51.9400,52.0000,49.5600,50.1600,61360597,1.000000
2016-02-08,msft,49.5500,49.5700,48.1900,49.4100,59281220,1.000000
2016-02-09,msft,49.0200,50.2400,48.6700,49.2800,46718806,1.000000
2016-02-10,msft,49.8900,50.3900,49.5200,49.7100,38220948,1.000000
2016-02-11,msft,48.6800,50.1100,48.5100,49.6900,48867752,1.000000
2016-02-12,msft,50.2500,50.6800,49.7500,50.5000,34216645,1.000000
2016-02-16,msft,50.9000,51.0900,50.1300,51.0900,36460451,1.000000
2016-02-17,msft,51.4900,52.7700,51.4500,52.4200,40781299,1.000000
2016-02-18,msft,52.3300,52.9500,52.1000,52.1900,27019785,1.000000
2016-02-19,msft,51.9700,52.2800,51.5300,51.8200,33558279,1.000000
2016-02-22,msft,52.2800,53.0000,52.2800,52.6500,24992230,1.000000
2016-02-23,msft,52.3400,52.3700,50.9800,51.1800,28866558,1.000000
2016-02-24,msft,50.6900,51.5000,50.2000,51.3600,32927120,1.000000
2016-02-25,msft,51.7300,52.1000,50.6100,52.1000,26906639,1.000000
2016-02-26,msft,52.6000,52.6800,51.1000,51.3000,35945289,1.000000
2016-02-29,msft,51.3500,51.6500,50.6600,50.8800,31632163,1.000000
2016-03-01,msft,50.9700,52.5900,50.9200,52.5800,33001552,1.000000
2016-03-02,msft,52.4100,52.9600,52.1550,52.9500,29257627,1.000000
2016-03-03,msft,52.9700,52.9700,51.7800,52.3500,24423468,1.000000
2016-03-04,msft,52.4000,52.4500,51.7100,52.0300,33033005,1.000000
2016-03-07,msft,51.5600,51.8000,50.5800,51.0300,38426369,1.000000
2016-03-08,msft,50.8000,52.1300,50.5950,51.6500,33823189,1.000000
2016-03-09,msft,51.8900,52.8500,51.8550,52.8400,28240771,1.000000
2016-03-10,msft,52.9300,52.9400,51.1600,52.0500,38386599,1.000000
2016-03-11,msft,53.0000,53.0700,52.3800,53.0700,32267994,1.000000
2016-03-14,msft,52.7100,53.5900,52.6300,53.1700,24079769,1.000000
2016-03-15,msft,52.7500,53.5900,52.7400,53.5900,21011529,1.000000
2016-03-16,msft,53.4500,54.6000,53.4000,54.3500,31679281,1.000000
2016-03-17,msft,54.2100,55.0000,54.0000,54.6600,28194205,1.000000
2016-03-18,msft,54.9200,54.9700,53.4450,53.4900,67612424,1.000000
2016-03-21,msft,53.2500,53.9300,52.9300,53.8600,23922205,1.000000
2016-03-22,msft,53.6100,54.2500,53.4600,54.0700,23106644,1.000000
2016-03-23,msft,54.1100,54.2400,53.7400,53.9700,20123802,1.000000
2016-03-24,msft,53.8400,54.3300,53.7300,54.2100,19622997,1.000000
2016-03-28,msft,54.2100,54.2900,53.3300,53.5400,17018122,1.000000
2016-03-29,msft,53.6600,54.8600,53.4500,54.7100,23914468,1.000000
2016-03-30,msft,54.9300,55.6400,54.9000,55.0500,22996339,1.000000
2016-03-31,msft,54.9500,55.5900,54.8600,55.2300,26353656,1.000000
2016-04-01,msft,55.0500,55.6100,54.5700,55.5700,24384543,1.000000
2016-04-04,msft,55.4300,55.6600,55.0000,55.4300,18909129,1.000000
2016-04-05,msft,55.1900,55.3000,54.4600,54.5600,19261621,1.000000
2016-04-06,msft,54.3600,55.2000,54.2100,55.1200,21171802,1.000000
2016-04-07,msft,54.8700,54.9100,54.2300,54.4600,19221467,1.000000
2016-04-08,msft,54.6700,55.2800,54.3200,54.4200,22159633,1.000000
2016-04-11,msft,54.4900,55.1500,54.3000,54.3100,21400404,1.000000
2016-04-12,msft,54.3700,54.7800,53.7600,54.6500,24874712,1.000000
2016-04-13,msft,55.1200,55.4380,54.8900,55.3500,20813725,1.000000
2016-04-14,msft,55.2200,55.5750,55.0700,55.3600,20875257,1.000000
2016-04-15,msft,55.3000,55.9200,55.1100,55.6500,28466972,1.000000
2016-04-18,msft,55.4900,56.5900,55.2100,56.4600,23763373,1.000000
2016-04-19,msft,56.6300,56.7700,55.6800,56.3900,29567275,1.000000
2016-04-20,msft,56.2900,56.5000,55.4850,55.5900,36172714,1.000000
2016-04-21,msft,55.8000,56.2300,55.4150,55.7800,38298229,1.000000
2016-04-22,msft,51.9100,52.4300,50.7700,51.7800,126800747,1.000000
2016-04-25,msft,51.7800,52.1300,51.6300,52.1100,33152900,1.000000
2016-04-26,msft,52.2600,52.3500,51.0900,51.4400,33514928,1.000000
2016-04-27,msft,51.4800,51.5000,50.5500,50.9400,43353774,1.000000
2016-04-28,msft,50.6200,50.7700,49.5600,49.9000,43117557,1.000000
2016-04-29,msft,49.3500,50.2500,49.3500,49.8700,48391578,1.000000
2016-05-02,msft,50.0000,50.7500,49.7800,50.6100,33106117,1.000000
2016-05-03,msft,50.3400,50.4100,49.6000,49.7800,26446926,1.000000
2016-05-04,msft,49.8400,50.0600,49.4600,49.8700,24249974,1.000000
2016-05-05,msft,49.8700,50.3000,49.7300,49.9400,25387039,1.000000
2016-05-06,msft,49.9200,50.3900,49.6600,50.3900,24772263,1.000000
2016-05-09,msft,50.4900,50.5850,50.0000,50.0700,17883760,1.000000
2016-05-10,msft,50.3300,51.1000,50.1900,51.0200,22872016,1.000000
2016-05-11,msft,51.1300,51.7800,51.0000,51.0500,24026245,1.000000
2016-05-12,msft,51.2000,51.8100,50.9200,51.5100,24102271,1.000000
2016-05-13,msft,51.4400,51.8950,51.0400,51.0800,22590942,1.000000
2016-05-16,msft,50.8000,51.9600,50.7500,51.8300,19963247,1.000000
2016-05-17,msft,51.7200,51.7300,50.3600,50.5100,27791767,1.000000
2016-05-18,msft,50.4800,51.1400,50.3000,50.8100,24882826,1.000000
2016-05-19,msft,50.4700,50.6200,49.8200,50.3200,23788548,1.000000
2016-05-20,msft,50.4800,51.2200,50.4000,50.6200,23770698,1.000000
2016-05-23,msft,50.6000,50.6800,49.9800,50.0300,26110358,1.000000
2016-05-24,msft,50.7000,51.7100,50.4000,51.5900,34726712,1.000000
2016-05-25,msft,51.9200,52.4900,51.7900,52.1200,24179076,1.000000
2016-05-26,msft,51.9300,51.9790,51.3600,51.8900,24308615,1.000000
2016-05-27,msft,51.9200,52.3200,51.7700,52.3200,17719601,1.000000
2016-05-31,msft,52.2600,53.0000,52.0800,53.0000,37485372,1.000000
2016-06-01,msft,52.4400,52.9500,52.4400,52.8500,25104349,1.000000
2016-06-02,msft,52.6400,52.7400,51.8350,52.4800,22682215,1.000000
2016-06-03,msft,52.3800,52.4200,51.6000,51.7900,23254933,1.000000
2016-06-06,msft,51.9900,52.3500,51.8900,52.1300,18242757,1.000000
2016-06-07,msft,52.2400,52.7300,52.1000,52.1000,20845841,1.000000
2016-06-08,msft,52.0200,52.4400,51.8700,52.0400,21127791,1.000000
2016-06-09,msft,52.0000,52.0000,51.4900,51.6200,20304788,1.000000
2016-06-10,msft,51.0500,52.0500,51.0400,51.4800,25833020,1.000000
2016-06-13,msft,49.5800,50.7150,49.0600,50.1400,83207033,1.000000
2016-06-14,msft,49.9000,50.1000,49.5700,49.8300,42568585,1.000000
2016-06-15,msft,49.7800,50.1200,49.6900,49.6900,33736542,1.000000
2016-06-16,msft,49.5200,50.4700,49.5070,50.3900,31104555,1.000000
2016-06-17,msft,50.4100,50.4300,49.8200,50.1300,45676164,1.000000
2016-06-20,msft,50.6400,50.8300,50.0300,50.0700,35597330,1.000000
2016-06-21,msft,50.2000,51.4300,50.1600,51.1900,34075565,1.000000
2016-06-22,msft,51.0800,51.4600,50.9530,50.9900,28802655,1.000000
2016-06-23,msft,51.2800,52.0600,51.1500,51.9100,28961662,1.000000
2016-06-24,msft,49.8100,50.9400,49.5200,49.8300,133494009,1.000000
2016-06-27,msft,49.1000,49.1200,48.8450,48.9000,4112315,1.000000
2016-06-28,msft,48.9200,49.4700,48.6700,49.4400,38135200,1.000000
2016-06-29,msft,49.9100,50.7200,49.8000,50.5400,31288665,1.000000
2016-06-30,msft,50.7200,51.3000,50.5000,51.1700,28524019,1.000000
2016-07-01,msft,51.1300,51.7200,51.0700,51.1600,21399004,1.000000
2016-07-05,msft,50.8300,51.2800,50.7400,51.1700,24782552,1.000000
2016-07-06,msft,50.7800,51.5400,50.3900,51.3800,28166584,1.000000
2016-07-07,msft,51.4200,51.6100,51.0700,51.3800,19582213,1.000000
2016-07-08,msft,51.7300,52.3600,51.5500,52.3000,28391022,1.000000
2016-07-11,msft,52.5000,52.8300,52.4700,52.5900,21894554,1.000000
2016-07-12,msft,52.9400,53.4000,52.7850,53.2100,27312651,1.000000
2016-07-13,msft,53.5600,53.8600,53.1800,53.5100,25346434,1.000000
2016-07-14,msft,53.8400,53.9900,53.5800,53.7400,24541169,1.000000
2016-07-15,msft,53.9500,54.0000,53.2100,53.7000,31987853,1.000000
2016-07-18,msft,53.7000,54.3400,53.5500,53.9600,31411532,1.000000
2016-07-19,msft,53.7100,53.9000,52.9300,53.0900,51983776,1.000000
2016-07-20,msft,56.1500,56.8400,55.5300,55.9100,89841341,1.000000
2016-07-21,msft,55.9800,56.2300,55.7600,55.8000,32760022,1.000000
2016-07-22,msft,56.0800,56.6280,55.7800,56.5700,32151703,1.000000
2016-07-25,msft,56.4700,56.7400,56.2550,56.7300,24313840,1.000000
2016-07-26,msft,56.5200,57.2900,56.5100,56.7600,28037777,1.000000
2016-07-27,msft,56.6100,56.8000,56.1100,56.1900,32324602,1.000000
2016-07-28,msft,56.0000,56.3700,55.7200,56.2100,37246339,1.000000
2016-07-29,msft,56.2600,56.7600,56.0500,56.6800,30557347,1.000000
2016-08-01,msft,56.6000,56.7500,56.1400,56.5800,26003105,1.000000
2016-08-02,msft,56.8500,56.9000,56.3100,56.5800,35115251,1.000000
2016-08-03,msft,56.6800,57.1100,56.4900,56.9700,22075191,1.000000
2016-08-04,msft,56.8000,57.5190,56.6700,57.3900,26518680,1.000000
2016-08-05,msft,57.6500,58.2100,57.4500,57.9600,28804778,1.000000
2016-08-08,msft,58.0550,58.0850,57.7800,58.0600,19466371,1.000000
2016-08-09,msft,58.1700,58.5000,58.0200,58.2000,16894046,1.000000
2016-08-10,msft,58.1600,58.3200,57.8200,58.0200,15702936,1.000000
2016-08-11,msft,58.0300,58.4500,58.0300,58.3000,18161289,1.000000
2016-08-12,msft,58.0300,58.1900,57.6200,57.9400,21646688,1.000000
2016-08-15,msft,58.0100,58.5000,57.9600,58.1200,19264818,1.000000
2016-08-16,msft,57.6100,57.6200,57.2700,57.4400,20453030,1.000000
2016-08-17,msft,57.5400,57.6800,57.2300,57.5600,18798939,1.000000
2016-08-18,msft,57.4200,57.7000,57.2700,57.6000,14211812,1.000000
2016-08-19,msft,57.4300,57.7300,57.2000,57.6200,17271014,1.000000
2016-08-22,msft,57.6000,57.7500,57.2600,57.6700,15220004,1.000000
2016-08-23,msft,57.9000,58.1800,57.8500,57.8900,18722558,1.000000
2016-08-24,msft,57.8000,58.0400,57.7150,57.9500,17118419,1.000000
2016-08-25,msft,57.8800,58.2900,57.7800,58.1700,18551939,1.000000
2016-08-26,msft,58.2800,58.7000,57.6900,58.0300,20935165,1.000000
2016-08-29,msft,58.1800,58.6000,58.1000,58.1000,16392495,1.000000
2016-08-30,msft,57.9800,58.1900,57.6100,57.8900,16900191,1.000000
2016-08-31,msft,57.6500,57.8000,57.3000,57.4600,20847156,1.000000
2016-09-01,msft,57.0100,57.8200,57.0100,57.5900,26063374,1.000000
2016-09-02,msft,57.6700,58.1900,57.4200,57.6700,18897211,1.000000
2016-09-06,msft,57.7800,57.8000,57.2100,57.6100,16273857,1.000000
2016-09-07,msft,57.4700,57.8400,57.4050,57.6600,17486813,1.000000
2016-09-08,msft,57.6300,57.7900,57.1800,57.4300,20109175,1.000000
2016-09-09,msft,56.7900,57.5200,56.2100,56.2100,35029026,1.000000
2016-09-12,msft,56.0000,57.2050,55.6100,57.0500,29266978,1.000000
2016-09-13,msft,56.5000,56.6500,56.0500,56.5300,30062325,1.000000
2016-09-14,msft,56.3900,56.6300,56.0300,56.2600,24265696,1.000000
2016-09-15,msft,56.1500,57.3500,55.9800,57.1900,27058479,1.000000
2016-09-16,msft,57.6300,57.6300,56.7500,57.2500,44603894,1.000000
2016-09-19,msft,57.2700,57.7500,56.8500,56.9300,20919445,1.000000
2016-09-20,msft,57.3500,57.3500,56.7500,56.8100,17366579,1.000000
2016-09-21,msft,57.5100,57.8500,57.0800,57.7600,33624991,1.000000
2016-09-22,msft,57.9200,58.0000,57.6300,57.8200,19821896,1.000000
2016-09-23,msft,57.8700,57.9100,57.3800,57.4300,19941192,1.000000
2016-09-26,msft,57.0800,57.1400,56.8300,56.9000,21186745,1.000000
2016-09-27,msft,56.9300,58.0600,56.6810,57.9500,28030619,1.000000
2016-09-28,msft,57.8800,58.0600,57.6700,58.0300,20523320,1.000000
2016-09-29,msft,57.8100,58.1680,57.2100,57.4000,25389834,1.000000
2016-09-30,msft,57.5700,57.7700,57.3400,57.6000,29878420,1.000000
2016-10-03,msft,57.4050,57.5500,57.0600,57.4200,19157360,1.000000
2016-10-04,msft,57.2700,57.5950,56.9700,57.2400,20061945,1.000000
2016-10-05,msft,57.2900,57.9600,57.2600,57.6400,16708623,1.000000
2016-10-06,msft,57.7400,57.8600,57.2800,57.7400,16194467,1.000000
2016-10-07,msft,57.8500,57.9800,57.4200,57.8000,20066816,1.000000
2016-10-10,msft,57.9100,58.3900,57.8700,58.0400,18163120,1.000000
2016-10-11,msft,57.8900,58.0200,56.8900,57.1900,26484024,1.000000
2016-10-12,msft,57.1100,57.2700,56.4000,57.1100,22157095,1.000000
2016-10-13,msft,56.7000,57.3000,56.3150,56.9200,25217586,1.000000
2016-10-14,msft,57.1200,57.7400,57.1200,57.4200,27386629,1.000000
2016-10-17,msft,57.3600,57.4600,56.8700,57.2200,23829489,1.000000
2016-10-18,msft,57.5300,57.9450,57.4100,57.6600,19137029,1.000000
2016-10-19,msft,57.4700,57.8400,57.3950,57.5300,22841702,1.000000
2016-10-20,msft,57.5000,57.5200,56.6600,57.2500,48962889,1.000000
2016-10-21,msft,60.2800,60.4500,59.4850,59.6600,80008684,1.000000
2016-10-24,msft,59.9400,61.0000,59.9300,61.0000,54044942,1.000000
2016-10-25,msft,60.8500,61.3700,60.8000,60.9900,35121626,1.000000
2016-10-26,msft,60.8100,61.2000,60.4700,60.6300,29908673,1.000000
2016-10-27,msft,60.6100,60.8300,60.0900,60.1000,28473432,1.000000
2016-10-28,msft,60.0100,60.5200,59.5800,59.8700,33571945,1.000000
2016-10-31,msft,60.1600,60.4200,59.9200,59.9200,26419199,1.000000
2016-11-01,msft,59.9700,60.0200,59.2500,59.8000,24509432,1.000000
2016-11-02,msft,59.8200,59.9300,59.3000,59.4300,22120592,1.000000
2016-11-03,msft,59.5300,59.6400,59.1100,59.2100,21448659,1.000000
2016-11-04,msft,58.6500,59.2800,58.5200,58.7100,28693748,1.000000
2016-11-07,msft,59.7800,60.5200,59.7800,60.4200,31652342,1.000000
2016-11-08,msft,60.5500,60.7800,60.1500,60.4700,22924843,1.000000
2016-11-09,msft,60.0000,60.5900,59.2000,60.1700,49612143,1.000000
2016-11-10,msft,60.4800,60.4900,57.6300,58.7000,57772011,1.000000
2016-11-11,msft,58.2300,59.1160,58.0100,59.0200,38759155,1.000000
2016-11-14,msft,59.0200,59.0800,57.2800,58.1200,41250165,1.000000
2016-11-15,msft,58.3300,59.4900,58.3150,58.8700,35853615,1.000000
2016-11-16,msft,58.9400,59.6600,58.8100,59.6500,27331352,1.000000
2016-11-17,msft,60.4100,60.9500,59.9650,60.6400,32084891,1.000000
2016-11-18,msft,60.7800,61.1400,60.3000,60.3500,27479591,1.000000
2016-11-21,msft,60.5000,60.9700,60.4200,60.8600,19641977,1.000000
2016-11-22,msft,60.9800,61.2600,60.8050,61.1200,23206233,1.000000
2016-11-23,msft,61.0100,61.1000,60.2500,60.4000,21848138,1.000000
2016-11-25,msft,60.3000,60.5300,60.1300,60.5300,8409616,1.000000
2016-11-28,msft,60.3400,61.0200,60.2100,60.6100,20614439,1.000000
2016-11-29,msft,60.6500,61.4100,60.5200,61.0900,22365880,1.000000
2016-11-30,msft,60.8600,61.1800,60.2150,60.2600,34641574,1.000000
2016-12-01,msft,60.1100,60.1500,58.9350,59.2000,34524391,1.000000
2016-12-02,msft,59.0800,59.4700,58.8000,59.2500,25514560,1.000000
2016-12-05,msft,59.7000,60.5850,59.5600,60.2200,23552131,1.000000
2016-12-06,msft,60.4300,60.4600,59.8000,59.9500,19966545,1.000000
2016-12-07,msft,60.0100,61.3800,59.8000,61.3700,30807747,1.000000
2016-12-08,msft,61.3000,61.5800,60.8400,61.0100,21201567,1.000000
2016-12-09,msft,61.1800,61.9900,61.1250,61.9700,27338795,1.000000
2016-12-12,msft,61.8200,62.3000,61.7200,62.1700,20186646,1.000000
2016-12-13,msft,62.5000,63.4200,62.2400,62.9800,35072234,1.000000
2016-12-14,msft,63.0000,63.4500,62.5300,62.6800,30336987,1.000000
2016-12-15,msft,62.7000,63.1540,62.3000,62.5800,27662280,1.000000
2016-12-16,msft,62.9500,62.9500,62.1150,62.3000,42452668,1.000000
2016-12-19,msft,62.5600,63.7700,62.4200,63.6200,34318874,1.000000
2016-12-20,msft,63.6900,63.8000,63.0250,63.5400,26018034,1.000000
2016-12-21,msft,63.4300,63.7000,63.1200,63.5400,17084367,1.000000
2016-12-22,msft,63.8400,64.1000,63.4050,63.5500,22175469,1.000000
2016-12-23,msft,63.4500,63.5400,62.8000,63.2400,12399597,1.000000
2016-12-27,msft,63.2100,64.0700,63.2100,63.2800,11744672,1.000000
2016-12-28,msft,63.4000,63.4000,62.8300,62.9900,14348548,1.000000
2016-12-29,msft,62.8600,63.2000,62.7300,62.9000,10248530,1.000000
2016-12-30,msft,62.9600,62.9900,62.0300,62.1400,25575722,1.000000
2017-01-03,msft,62.7900,62.8400,62.1250,62.5800,20657411,1.000000
2017-01-04,msft,62.4800,62.7500,62.1200,62.3000,21325243,1.000000
2017-01-05,msft,62.1900,62.6600,62.0300,62.3000,24867884,1.000000
2017-01-06,msft,62.3000,63.1500,62.0400,62.8400,19906438,1.000000
2017-01-09,msft,62.7600,63.0800,62.5400,62.6400,20374415,1.000000
2017-01-10,msft,62.7300,63.0700,62.2800,62.6200,18592152,1.000000
2017-01-11,msft,62.6100,63.2300,62.4300,63.1900,21503764,1.000000
2017-01-12,msft,63.0600,63.4000,61.9500,62.6100,20966044,1.000000
2017-01-13,msft,62.6200,62.8650,62.3500,62.7000,19421371,1.000000
2017-01-17,msft,62.6800,62.7000,62.0300,62.5300,20663137,1.000000
2017-01-18,msft,62.6700,62.7000,62.1200,62.5000,19667309,1.000000
2017-01-19,msft,62.2400,62.9800,62.1950,62.3000,18438615,1.000000
2017-01-20,msft,62.6700,62.8200,62.3700,62.7400,30067741,1.000000
2017-01-23,msft,62.7000,63.1160,62.5700,62.9600,23058415,1.000000
2017-01-24,msft,63.2000,63.7350,62.9400,63.5200,24651306,1.000000
2017-01-25,msft,63.9500,64.1000,63.4500,63.6800,24482967,1.000000
2017-01-26,msft,64.1200,64.5350,63.5500,64.2700,42801659,1.000000
2017-01-27,msft,65.3900,65.9100,64.8900,65.7800,44808000,1.000000
2017-01-30,msft,65.6900,65.7900,64.8000,65.1300,31627618,1.000000
2017-01-31,msft,64.8600,65.1500,64.2600,64.6500,25261298,1.000000
2017-02-01,msft,64.3550,64.6200,63.4700,63.5800,39652625,1.000000
2017-02-02,msft,63.2500,63.4100,62.7500,63.1700,45821477,1.000000
2017-02-03,msft,63.5000,63.7000,63.0700,63.6800,30291134,1.000000
2017-02-06,msft,63.5000,63.6500,63.1400,63.6400,19776960,1.000000
2017-02-07,msft,63.7400,63.7800,63.2300,63.4300,20272020,1.000000
2017-02-08,msft,63.5700,63.8100,63.2200,63.3400,18089599,1.000000
2017-02-09,msft,63.5200,64.4350,63.3200,64.0600,22634238,1.000000
2017-02-10,msft,64.2500,64.3000,63.9750,64.0000,18169978,1.000000
2017-02-13,msft,64.2400,64.8600,64.1300,64.7200,22872456,1.000000
2017-02-14,msft,64.4100,64.7200,64.0200,64.5700,23080268,1.000000
2017-02-15,msft,64.5000,64.5700,64.1550,64.5300,16984851,1.000000
2017-02-16,msft,64.7400,65.2400,64.4400,64.5200,20539513,1.000000
2017-02-17,msft,64.4700,64.6900,64.3000,64.6200,21246248,1.000000
2017-02-21,msft,64.6100,64.9500,64.4500,64.4900,20643340,1.000000
2017-02-22,msft,64.3300,64.3900,64.0500,64.3600,19274882,1.000000
2017-02-23,msft,64.4200,64.7290,64.1950,64.6200,20256096,1.000000
2017-02-24,msft,64.5300,64.8000,64.1350,64.6200,21780116,1.000000
2017-02-27,msft,64.5400,64.5400,64.0450,64.2300,15852423,1.000000
2017-02-28,msft,64.0800,64.2000,63.7600,63.9800,23225747,1.000000
2017-03-01,msft,64.1300,64.9900,64.0220,64.9400,26911427,1.000000
2017-03-02,msft,64.6900,64.7500,63.8800,64.0100,24533492,1.000000
2017-03-03,msft,63.9900,64.2800,63.6200,64.2500,18138239,1.000000
2017-03-06,msft,63.9700,64.5600,63.8100,64.2700,17536610,1.000000
2017-03-07,msft,64.1900,64.7750,64.1900,64.4000,18507837,1.000000
2017-03-08,msft,64.2600,65.0850,64.2500,64.9900,21510514,1.000000
2017-03-09,msft,65.1900,65.2000,64.4800,64.7300,19846478,1.000000
2017-03-10,msft,65.1100,65.2600,64.7500,64.9300,19531325,1.000000
2017-03-13,msft,65.0100,65.1950,64.5700,64.7100,19559017,1.000000
2017-03-14,msft,64.5300,64.5500,64.1500,64.4100,14280082,1.000000
2017-03-15,msft,64.5500,64.9200,64.2500,64.7500,24819725,1.000000
2017-03-16,msft,64.7500,64.7600,64.3000,64.6400,20638366,1.000000
2017-03-17,msft,64.9100,65.2400,64.6800,64.8700,49085342,1.000000
2017-03-20,msft,64.9100,65.1750,64.7200,64.9300,14591156,1.000000
2017-03-21,msft,65.1900,65.5000,64.1300,64.2100,26603822,1.000000
2017-03-22,msft,64.1200,65.1400,64.1200,65.0300,20636201,1.000000
2017-03-23,msft,64.9400,65.2350,64.7650,64.8700,19267038,1.000000
2017-03-24,msft,65.1200,65.4500,64.7600,64.9800,22616729,1.000000
2017-03-27,msft,64.6300,65.2200,64.3500,65.1000,18609656,1.000000
2017-03-28,msft,64.9600,65.4700,64.6500,65.2900,20066173,1.000000
2017-03-29,msft,65.1200,65.5000,64.9480,65.4700,13614006,1.000000
2017-03-30,msft,65.4200,65.9800,65.3600,65.7100,15109796,1.000000
2017-03-31,msft,65.6500,66.1900,65.4500,65.8600,21037274,1.000000
2017-04-03,msft,65.8100,65.9400,65.1900,65.5500,20398005,1.000000
2017-04-04,msft,65.3900,65.8100,65.2800,65.7300,12995380,1.000000
2017-04-05,msft,66.3000,66.3500,65.4440,65.5600,21424826,1.000000
2017-04-06,msft,65.6000,66.0550,65.4800,65.7300,18074362,1.000000
2017-04-07,msft,65.8500,65.9600,65.4400,65.6800,14089789,1.000000
2017-04-10,msft,65.6100,65.8200,65.3600,65.5300,17951969,1.000000
2017-04-11,msft,65.6000,65.6100,64.8500,65.4800,18789138,1.000000
2017-04-12,msft,65.4200,65.5100,65.1100,65.2300,17107430,1.000000
2017-04-13,msft,65.2900,65.8600,64.9500,64.9500,17877256,1.000000
2017-04-17,msft,65.0400,65.4900,65.0100,65.4800,16685699,1.000000
2017-04-18,msft,65.3300,65.7100,65.1600,65.3900,15145346,1.000000
2017-04-19,msft,65.6500,65.7500,64.8900,65.0400,26984943,1.000000
2017-04-20,msft,65.4600,65.7500,65.1400,65.5000,22298360,1.000000
2017-04-21,msft,65.6700,66.7000,65.4500,66.4000,32512986,1.000000
2017-04-24,msft,67.4800,67.6600,67.1000,67.5300,29724504,1.000000
2017-04-25,msft,67.9000,68.0400,67.6000,67.9200,30230328,1.000000
2017-04-26,msft,68.0800,68.3100,67.6200,67.8300,26167644,1.000000
2017-04-27,msft,68.1500,68.3800,67.5800,68.2700,34348717,1.000000
2017-04-28,msft,68.9100,69.1400,67.6900,68.4600,39537979,1.000000
2017-05-01,msft,68.6800,69.5500,68.5000,69.4100,31927513,1.000000
2017-05-02,msft,69.7100,69.7100,69.1300,69.3000,23530534,1.000000
2017-05-03,msft,69.3800,69.3800,68.7100,69.0800,28902129,1.000000
2017-05-04,msft,69.0300,69.0800,68.6400,68.8100,21686033,1.000000
2017-05-05,msft,68.9000,69.0300,68.4850,69.0000,19106953,1.000000
2017-05-08,msft,68.9700,69.0500,68.4200,68.9400,18553919,1.000000
2017-05-09,msft,68.8600,69.2800,68.6800,69.0400,22845421,1.000000
2017-05-10,msft,68.9900,69.5600,68.9200,69.3100,17934440,1.000000
2017-05-11,msft,68.3600,68.7300,68.1200,68.4600,28771278,1.000000
2017-05-12,msft,68.6100,68.6100,68.0400,68.3800,18701906,1.000000
2017-05-15,msft,68.1400,68.4800,67.5700,68.4300,30961781,1.000000
2017-05-16,msft,68.2300,69.4400,68.1600,69.4100,34939874,1.000000
2017-05-17,msft,68.8900,69.1000,67.4300,67.4800,30495372,1.000000
2017-05-18,msft,67.4000,68.1300,67.1400,67.7100,25185551,1.000000
2017-05-19,msft,67.5000,68.0950,67.4300,67.6900,26949390,1.000000
2017-05-22,msft,67.8900,68.5000,67.5000,68.4500,16216114,1.000000
2017-05-23,msft,68.7200,68.7500,68.3800,68.6800,15424141,1.000000
2017-05-24,msft,68.8700,68.8800,68.4500,68.7700,14665916,1.000000
2017-05-25,msft,68.9700,69.8800,68.9100,69.6200,21838881,1.000000
2017-05-26,msft,69.8000,70.2200,69.5200,69.9600,19821507,1.000000
2017-05-30,msft,69.7900,70.4100,69.7700,70.4100,17057450,1.000000
2017-05-31,msft,70.5300,70.7400,69.8100,69.8400,30448615,1.000000
2017-06-01,msft,70.2400,70.6100,69.4510,70.1000,21574415,1.000000
2017-06-02,msft,70.4400,71.8600,70.2400,71.7600,34736415,1.000000
2017-06-05,msft,71.9700,72.8900,71.8100,72.2800,33305136,1.000000
2017-06-06,msft,72.3000,72.6200,72.2700,72.5200,31506620,1.000000
2017-06-07,msft,72.6350,72.7700,71.9500,72.3900,22282577,1.000000
2017-06-08,msft,72.5100,72.5200,71.5000,71.9500,24462260,1.000000
2017-06-09,msft,72.0350,72.0800,68.5900,70.3200,49143957,1.000000
2017-06-12,msft,69.2500,69.9400,68.1300,69.7800,47721379,1.000000
2017-06-13,msft,70.0200,70.8200,69.9600,70.6500,25256970,1.000000
2017-06-14,msft,70.9100,71.1000,69.4300,70.2700,25483815,1.000000
2017-06-15,msft,69.2700,70.2100,68.8000,69.9000,26058679,1.000000
2017-06-16,msft,69.7300,70.0250,69.2200,70.0000,48278130,1.000000
2017-06-19,msft,70.5000,70.9450,70.3500,70.8700,23621211,1.000000
2017-06-20,msft,70.8200,70.8700,69.8700,69.9100,21511210,1.000000
2017-06-21,msft,70.2100,70.6200,69.9400,70.2700,19683415,1.000000
2017-06-22,msft,70.5400,70.5900,69.7100,70.2600,22602133,1.000000
2017-06-23,msft,70.0900,71.2500,69.9200,71.2100,27072039,1.000000
2017-06-26,msft,71.4000,71.7100,70.4450,70.5300,19508739,1.000000
2017-06-27,msft,70.1100,70.1800,69.1800,69.2100,25214384,1.000000
2017-06-28,msft,69.2100,69.8410,68.7900,69.8000,25803713,1.000000
2017-06-29,msft,69.3800,69.4900,68.0900,68.4900,28899033,1.000000
2017-06-30,msft,68.7800,69.3800,68.7400,68.9300,24150600,1.000000
2017-07-03,msft,69.3300,69.6000,68.0200,68.1700,16165538,1.000000
2017-07-05,msft,68.2550,69.4400,68.2200,69.0800,21164772,1.000000
2017-07-06,msft,68.2700,68.7800,68.1200,68.5700,21108328,1.000000
2017-07-07,msft,68.7000,69.8400,68.7000,69.4600,16190063,1.000000
2017-07-10,msft,69.4600,70.2500,69.2000,69.9800,15006192,1.000000
2017-07-11,msft,70.0000,70.6800,69.7500,69.9900,17459192,1.000000
2017-07-12,msft,70.6900,71.2800,70.5500,71.1500,17747480,1.000000
2017-07-13,msft,71.5000,72.0400,71.3100,71.7700,20268859,1.000000
2017-07-14,msft,72.2400,73.2700,71.9600,72.7800,25861353,1.000000
2017-07-17,msft,72.8000,73.4500,72.7200,73.3500,21786399,1.000000
2017-07-18,msft,73.0900,73.3900,72.6600,73.3000,26392096,1.000000
2017-07-19,msft,73.5000,74.0400,73.4500,73.8600,22176368,1.000000
2017-07-20,msft,74.1800,74.3000,73.2800,74.2200,39893724,1.000000
2017-07-21,msft,73.4500,74.2900,73.1700,73.7900,46302786,1.000000
2017-07-24,msft,73.5300,73.7500,73.1300,73.6000,21228480,1.000000
2017-07-25,msft,73.8000,74.3100,73.5000,74.1900,22008238,1.000000
2017-07-26,msft,74.3400,74.3800,73.8100,74.0500,16230665,1.000000
2017-07-27,msft,73.7600,74.4200,72.3200,73.1600,35805861,1.000000
2017-07-28,msft,72.6700,73.3100,72.5400,73.0400,17800884,1.000000
2017-07-31,msft,73.3000,73.4400,72.4100,72.7000,23546560,1.000000
2017-08-01,msft,73.1000,73.4200,72.4900,72.5800,20805765,1.000000
2017-08-02,msft,72.5500,72.5600,71.4450,72.2600,26487386,1.000000
2017-08-03,msft,72.1900,72.4400,71.8450,72.1500,18211298,1.000000
2017-08-04,msft,72.4000,73.0400,72.2400,72.6800,22578355,1.000000
2017-08-07,msft,72.8000,72.9000,72.2600,72.4000,18704178,1.000000
2017-08-08,msft,72.0900,73.1300,71.7500,72.7900,22040303,1.000000
2017-08-09,msft,72.2500,72.5100,72.0500,72.4700,22209251,1.000000
2017-08-10,msft,71.9000,72.1900,71.3500,71.4100,23886947,1.000000
2017-08-11,msft,71.6100,72.7000,71.2800,72.5000,21439224,1.000000
2017-08-14,msft,73.0600,73.7200,72.9500,73.5900,20080487,1.000000
2017-08-15,msft,73.5900,73.5900,73.0400,73.2200,19174190,1.000000
2017-08-16,msft,73.3400,74.1000,73.1700,73.6500,18146310,1.000000
2017-08-17,msft,73.5800,73.8700,72.4000,72.4000,22450876,1.000000
2017-08-18,msft,72.2700,72.8400,71.9300,72.4900,18760889,1.000000
2017-08-21,msft,72.4700,72.4800,71.7000,72.1500,17713182,1.000000
2017-08-22,msft,72.3500,73.2400,72.3500,73.1600,14333415,1.000000
2017-08-23,msft,72.9600,73.1500,72.5300,72.7200,13758993,1.000000
2017-08-24,msft,72.7400,72.8600,72.0700,72.6900,17097239,1.000000
2017-08-25,msft,72.8600,73.3500,72.4800,72.8200,12791910,1.000000
2017-08-28,msft,73.0600,73.0900,72.5500,72.8300,14561955,1.000000
2017-08-29,msft,72.2500,73.1600,72.0500,73.0500,11473316,1.000000
2017-08-30,msft,73.0100,74.2100,72.8290,74.0100,16893442,1.000000
2017-08-31,msft,74.0300,74.9600,73.8000,74.7700,27645590,1.000000
2017-09-01,msft,74.7100,74.7400,73.6400,73.9400,21732401,1.000000
2017-09-05,msft,73.3400,73.8900,72.9800,73.6100,22234377,1.000000
2017-09-06,msft,73.7400,74.0400,73.3500,73.4000,16534748,1.000000
2017-09-07,msft,73.6800,74.6000,73.6000,74.3400,17468444,1.000000
2017-09-08,msft,74.3300,74.4400,73.8400,73.9800,14703741,1.000000
2017-09-11,msft,74.3100,74.9450,74.3100,74.7600,17900380,1.000000
2017-09-12,msft,74.7600,75.2400,74.3700,74.6800,14387501,1.000000
2017-09-13,msft,74.9300,75.2300,74.5500,75.2100,13354031,1.000000
2017-09-14,msft,75.0000,75.4900,74.5200,74.7700,15701599,1.000000
2017-09-15,msft,74.8300,75.3900,74.0700,75.3100,38515340,1.000000
2017-09-18,msft,75.2300,75.9700,75.0400,75.1600,23305749,1.000000
2017-09-19,msft,75.2100,75.7100,75.0100,75.4400,15769512,1.000000
2017-09-20,msft,75.3500,75.5500,74.3100,74.9400,20790318,1.000000
2017-09-21,msft,75.1100,75.2400,74.1100,74.2100,19174097,1.000000
2017-09-22,msft,73.9900,74.5100,73.8500,74.4100,14095457,1.000000
2017-09-25,msft,74.0900,74.2500,72.9200,73.2600,24139290,1.000000
2017-09-26,msft,73.6700,73.8100,72.9900,73.2600,18014578,1.000000
2017-09-27,msft,73.5500,74.1700,73.1700,73.8500,19488004,1.000000
2017-09-28,msft,73.5400,73.9700,73.3100,73.8700,10879680,1.000000
2017-09-29,msft,73.9400,74.5350,73.8800,74.4900,17075298,1.000000
2017-10-02,msft,74.7100,75.0100,74.2950,74.6100,15296790,1.000000
2017-10-03,msft,74.6700,74.8800,74.1950,74.2600,12186591,1.000000
2017-10-04,msft,74.0000,74.7200,73.7100,74.6900,13295159,1.000000
2017-10-05,msft,75.2200,76.1200,74.9600,75.9700,21189537,1.000000
2017-10-06,msft,75.6700,76.0300,75.5400,76.0000,13946655,1.000000
2017-10-09,msft,75.9700,76.5500,75.8600,76.2900,11386471,1.000000
2017-10-10,msft,76.3300,76.6300,76.1400,76.2900,13941382,1.000000
2017-10-11,msft,76.3600,76.4600,75.9500,76.4200,15381253,1.000000
2017-10-12,msft,76.4900,77.2900,76.3700,77.1200,17269532,1.000000
2017-10-13,msft,77.5900,77.8700,77.2900,77.4900,15319789,1.000000
2017-10-16,msft,77.4200,77.8100,77.3500,77.6500,12362071,1.000000
2017-10-17,msft,77.4700,77.6200,77.2500,77.5900,16076735,1.000000
2017-10-18,msft,77.6700,77.8500,77.3700,77.6100,13288965,1.000000
2017-10-19,msft,77.5700,77.9300,77.3500,77.9100,15087473,1.000000
2017-10-20,msft,78.3200,78.9700,78.2200,78.8100,22854847,1.000000
2017-10-23,msft,78.9900,79.3400,78.7600,78.8300,20609965,1.000000
2017-10-24,msft,78.9000,79.2000,78.4600,78.8600,17364872,1.000000
2017-10-25,msft,78.5800,79.1000,78.0100,78.6300,20401390,1.000000
2017-10-26,msft,79.2000,79.4200,78.7500,78.7600,31601122,1.000000
2017-10-27,msft,84.3700,86.2000,83.6100,83.8100,71024821,1.000000
2017-10-30,msft,83.7000,84.3250,83.1050,83.8900,31749245,1.000000
2017-10-31,msft,84.3600,84.3600,83.1100,83.1800,27074674,1.000000
2017-11-01,msft,83.6800,83.7600,82.8800,83.1800,22302284,1.000000
2017-11-02,msft,83.3500,84.4600,83.1200,84.0500,23985698,1.000000
2017-11-03,msft,84.0800,84.5400,83.4000,84.1400,17629194,1.000000
2017-11-06,msft,84.2000,84.7000,84.0830,84.4700,19852151,1.000000
2017-11-07,msft,84.7700,84.9000,83.9300,84.2700,17927878,1.000000
2017-11-08,msft,84.1400,84.6100,83.8300,84.5600,18029584,1.000000
2017-11-09,msft,84.1100,84.2700,82.9000,84.0900,21175384,1.000000
2017-11-10,msft,83.7900,84.0950,83.2300,83.8700,19396301,1.000000
2017-11-13,msft,83.6600,83.9400,83.4600,83.9300,14185939,1.000000
2017-11-14,msft,83.5000,84.1000,82.9800,84.0500,18765151,1.000000
2017-11-15,msft,83.4700,83.6900,82.6900,82.9800,19338007,1.000000
2017-11-16,msft,83.1000,83.4200,82.9400,83.2000,20958102,1.000000
2017-11-17,msft,83.1200,83.1200,82.2400,82.4000,22075458,1.000000
2017-11-20,msft,82.4000,82.5900,82.2500,82.5300,16128943,1.000000
2017-11-21,msft,82.7400,83.8400,82.7400,83.7200,21195897,1.000000
2017-11-22,msft,83.8300,83.9000,83.0400,83.1100,20552300,1.000000
2017-11-24,msft,83.0100,83.4300,82.7800,83.2600,7425603,1.000000
2017-11-27,msft,83.3100,83.9800,83.3000,83.8700,17721907,1.000000
2017-11-28,msft,84.0700,85.0600,84.0200,84.8800,21923927,1.000000
2017-11-29,msft,84.7100,84.9170,83.1750,83.3400,27371851,1.000000
2017-11-30,msft,83.5100,84.5200,83.3400,84.1700,33023711,1.000000
2017-12-01,msft,83.6000,84.8100,83.2200,84.2600,29387604,1.000000
2017-12-04,msft,84.4200,84.4300,80.7000,81.0800,39085882,1.000000
2017-12-05,msft,81.3400,82.6800,80.9800,81.5900,26147422,1.000000
2017-12-06,msft,81.5500,83.1400,81.4300,82.7800,24876979,1.000000
2017-12-07,msft,82.5400,82.8000,82.0000,82.4900,23171203,1.000000
2017-12-08,msft,83.6300,84.5800,83.3300,84.1600,24027796,1.000000
2017-12-11,msft,84.2900,85.3700,84.1200,85.2300,21448189,1.000000
2017-12-12,msft,85.3100,86.0500,85.0800,85.5800,23921269,1.000000
2017-12-13,msft,85.7400,86.0000,85.1700,85.3500,21708933,1.000000
2017-12-14,msft,85.4300,85.8740,84.5300,84.6900,19302734,1.000000
2017-12-15,msft,85.2600,87.0900,84.8800,86.8500,53924651,1.000000
2017-12-18,msft,87.1200,87.5000,86.2300,86.3800,22279356,1.000000
2017-12-19,msft,86.3500,86.3500,85.2700,85.8300,23340580,1.000000
2017-12-20,msft,86.2000,86.3000,84.7100,85.5200,23588619,1.000000
2017-12-21,msft,86.0500,86.1000,85.4000,85.5000,17941851,1.000000
2017-12-22,msft,85.4000,85.6300,84.9200,85.5100,14076563,1.000000
2017-12-26,msft,85.3100,85.5350,85.0300,85.4000,9887708,1.000000
2017-12-27,msft,85.6500,85.9800,85.2150,85.7100,14662471,1.000000
2017-12-28,msft,85.9000,85.9300,85.5500,85.7200,10589196,1.000000
2017-12-29,msft,85.6300,86.0500,85.5000,85.5400,18548142,1.000000
2018-01-02,msft,86.1250,86.3100,85.5000,85.9500,22475802,1.000000
2018-01-03,msft,86.0550,86.5100,85.9700,86.3500,25980977,1.000000
2018-01-04,msft,86.5900,87.6600,86.5700,87.1100,21905964,1.000000
2018-01-05,msft,87.6600,88.4100,87.4300,88.1900,23402933,1.000000
2018-01-08,msft,88.2000,88.5800,87.6050,88.2800,22110879,1.000000
2018-01-09,msft,88.6500,88.7270,87.8600,88.2200,19466268,1.000000
2018-01-10,msft,87.8600,88.1900,87.4100,87.8200,18639740,1.000000
2018-01-11,msft,88.1300,88.1300,87.2400,88.0800,17785683,1.000000
2018-01-12,msft,88.6700,89.7800,88.4500,89.6000,24262474,1.000000
2018-01-16,msft,90.1000,90.7900,88.0100,88.3500,36585264,1.000000
2018-01-17,msft,89.0800,90.2800,88.7500,90.1400,25617513,1.000000
2018-01-18,msft,89.8000,90.6700,89.6600,90.1000,24147907,1.000000
2018-01-19,msft,90.1400,90.6100,89.6600,90.0000,35614136,1.000000
2018-01-22,msft,90.0000,91.6200,89.7400,91.6100,23513158,1.000000
2018-01-23,msft,91.9000,92.3000,91.5400,91.9000,23225888,1.000000
2018-01-24,msft,92.5500,93.4300,91.5800,91.8200,32736375,1.000000
2018-01-25,msft,92.4650,93.2400,91.9300,92.3300,26101266,1.000000
2018-01-26,msft,93.1200,94.0600,92.5800,94.0600,28966094,1.000000
2018-01-29,msft,95.1400,95.4500,93.7200,93.9200,31522524,1.000000
2018-01-30,msft,93.3000,93.6600,92.1000,92.7400,37406348,1.000000
2018-01-31,msft,93.7500,95.4000,93.5100,95.0100,47745200,1.000000
2018-02-01,msft,94.7900,96.0700,93.5810,94.2600,46897239,1.000000
2018-02-02,msft,93.6400,93.9700,91.5000,91.7800,47486087,1.000000
2018-02-05,msft,90.5600,93.2400,88.0000,88.0000,50609243,1.000000
2018-02-06,msft,86.8900,91.4750,85.2500,91.3300,67976928,1.000000
2018-02-07,msft,90.4900,91.7700,89.2000,89.6100,41082861,1.000000
2018-02-08,msft,89.7100,89.8750,84.7600,85.0100,55256556,1.000000
2018-02-09,msft,86.3000,88.9300,83.8300,88.1800,63472602,1.000000
2018-02-12,msft,88.7350,89.7800,87.9300,89.1300,35711319,1.000000
2018-02-13,msft,88.9300,90.0000,87.8000,89.8300,26320329,1.000000
2018-02-14,msft,88.5100,90.9900,88.4100,90.8100,34951899,1.000000
2018-02-15,msft,91.2100,92.7200,90.6200,92.6600,27523666,1.000000
2018-02-16,msft,92.4500,93.5000,91.8000,92.0000,30580809,1.000000
2018-02-20,msft,91.4750,93.0600,91.0100,92.7200,30865383,1.000000
2018-02-21,msft,92.9800,93.3600,91.4900,91.4900,26687981,1.000000
2018-02-22,msft,92.0500,92.7300,91.3600,91.7300,23617193,1.000000
2018-02-23,msft,92.7500,94.0700,92.3600,94.0600,26305877,1.000000
2018-02-26,msft,94.4000,95.4500,94.2500,95.4200,30170615,1.000000
2018-02-27,msft,95.7400,95.8400,94.2000,94.2000,25854989,1.000000
2018-02-28,msft,94.8400,95.7050,93.6300,93.7700,30020947,1.000000
2018-03-01,msft,93.9900,94.5700,91.8400,92.8500,37121642,1.000000
2018-03-02,msft,91.5800,93.1500,90.8600,93.0500,32815960,1.000000
2018-03-05,msft,92.3400,94.2700,92.2600,93.6400,23889263,1.000000
2018-03-06,msft,94.3400,94.4900,92.9410,93.3200,21910379,1.000000
2018-03-07,msft,93.1600,93.9410,92.4300,93.8600,26459405,1.000000
2018-03-08,msft,94.2700,95.1000,93.7650,94.4300,25263914,1.000000
2018-03-09,msft,95.2900,96.5400,95.0000,96.5400,36924011,1.000000
2018-03-12,msft,96.5000,97.2100,96.0400,96.7700,26052589,1.000000
2018-03-13,msft,97.0000,97.2400,93.9700,94.4100,34709803,1.000000
2018-03-14,msft,95.1200,95.4100,93.5000,93.8500,32122705,1.000000
2018-03-15,msft,93.5300,94.5800,92.8300,94.1800,27318373,1.000000
2018-03-16,msft,94.6800,95.3800,93.9200,94.6000,49068744,1.000000
2018-03-19,msft,93.7400,93.9000,92.1100,92.8900,32374861,1.000000
2018-03-20,msft,93.0500,93.7700,93.0000,93.1300,22402715,1.000000
2018-03-21,msft,92.9300,94.0500,92.2100,92.4800,24173978,1.000000
2018-03-22,msft,91.2650,91.7500,89.6600,89.7900,38360248,1.000000
2018-03-23,msft,89.5000,90.4600,87.0800,87.1800,43867642,1.000000
2018-03-26,msft,90.6100,94.0000,90.4000,93.7800,56266522,1.000000
2018-03-27,msft,94.9400,95.1390,88.5100,89.4700,55105042,1.000000
2018-03-28,msft,89.8200,91.2300,88.8730,89.3900,52441360,1.000000
2018-03-29,msft,90.1800,92.2900,88.4000,91.2700,45765490,1.000000
2018-04-02,msft,90.4700,90.8800,87.5100,88.5200,48477550,1.000000
2018-04-03,msft,89.5750,90.0500,87.8900,89.7100,37200235,1.000000
2018-04-04,msft,87.8500,92.7600,87.7300,92.3300,35481154,1.000000
2018-04-05,msft,92.4350,93.0650,91.4000,92.3800,29686808,1.000000
2018-04-06,msft,91.4900,92.4600,89.4800,90.2300,37810319,1.000000
2018-04-09,msft,91.0400,93.1700,90.6200,90.7700,31511758,1.000000
2018-04-10,msft,92.3900,93.2800,91.6400,92.8800,26886360,1.000000
2018-04-11,msft,92.0100,93.2900,91.4800,91.8600,24850446,1.000000
2018-04-12,msft,92.4300,94.1600,92.4300,93.5800,26686551,1.000000
2018-04-13,msft,94.0500,94.1800,92.4400,93.0800,23336692,1.000000
2018-04-16,msft,94.0700,94.6600,93.4200,94.1700,20280999,1.000000
2018-04-17,msft,95.0000,96.5400,94.8800,96.0700,25702373,1.000000
2018-04-18,msft,96.2200,96.7200,95.5200,96.4400,21025298,1.000000
2018-04-19,msft,96.4400,97.0700,95.3400,96.1100,23543530,1.000000
2018-04-20,msft,95.9100,96.1100,94.0500,95.0000,31136353,1.000000
2018-04-23,msft,95.7440,96.2900,94.6300,95.3500,22244006,1.000000
2018-04-24,msft,96.2420,96.4700,92.4100,93.1200,34497410,1.000000
2018-04-25,msft,93.3000,93.3000,90.2800,92.3100,33635648,1.000000
2018-04-26,msft,93.5500,95.1500,93.1000,94.2600,41125927,1.000000
2018-04-27,msft,97.6000,97.9000,93.9100,95.8200,48264553,1.000000
2018-04-30,msft,96.3300,96.3960,93.1500,93.5200,41201026,1.000000
2018-05-01,msft,93.2100,95.2900,92.7900,95.0000,31402933,1.000000
2018-05-02,msft,94.9900,95.1700,93.1900,93.5100,27459784,1.000000
2018-05-03,msft,92.9600,94.9250,92.4500,94.0700,31132606,1.000000
2018-05-04,msft,93.3200,95.3700,92.9200,95.1600,22244893,1.000000
2018-05-07,msft,95.1700,96.7100,95.1000,96.2200,23591681,1.000000
2018-05-08,msft,95.8460,96.1600,95.0630,95.8100,22764592,1.000000
2018-05-09,msft,96.0100,96.9700,95.0500,96.9400,27290064,1.000000
2018-05-10,msft,97.4600,97.9500,97.0500,97.9100,22343736,1.000000
2018-05-11,msft,97.8000,97.8700,97.0400,97.7000,16759845,1.000000
2018-05-14,msft,97.9200,98.6900,97.3100,98.0300,19450592,1.000000
2018-05-15,msft,97.2400,97.8500,96.3400,97.3200,24588888,1.000000
2018-05-16,msft,97.3600,97.4000,96.6150,97.1500,17375288,1.000000
2018-05-17,msft,96.7600,97.5400,95.8300,96.1800,17168386,1.000000
2018-05-18,msft,96.0100,96.9300,96.0100,96.3600,17544403,1.000000
2018-05-21,msft,97.0000,98.0100,96.8000,97.6000,18999788,1.000000
2018-05-22,msft,97.6800,98.1700,97.2000,97.5000,15439033,1.000000
2018-05-23,msft,96.7100,98.7300,96.3200,98.6600,21183824,1.000000
2018-05-24,msft,98.7250,98.9400,96.8100,98.3100,26640855,1.000000
2018-05-25,msft,98.3000,98.9800,97.8600,98.3600,18359267,1.000000
2018-05-29,msft,97.8400,98.8800,97.2300,98.0100,28664644,1.000000
2018-05-30,msft,98.3100,99.2500,97.9100,98.9500,21900138,1.000000
2018-05-31,msft,99.2900,99.9900,98.6100,98.8400,34120168,1.000000
2018-06-01,msft,99.2800,100.8600,99.1700,100.7900,28616565,1.000000
2018-06-04,msft,101.2600,101.8600,100.8510,101.6700,27174862,1.000000
2018-06-05,msft,102.0000,102.3300,101.5300,102.1900,23510728,1.000000
2018-06-06,msft,102.4800,102.6000,101.9000,102.4900,21112953,1.000000
2018-06-07,msft,102.6500,102.6900,100.3800,100.8800,28155207,1.000000
2018-06-08,msft,101.0920,101.9500,100.5400,101.6300,22151639,1.000000
2018-06-11,msft,101.3700,101.5900,100.6700,101.0500,22773999,1.000000
2018-06-12,msft,101.1000,101.4490,100.7500,101.3100,18072857,1.000000
2018-06-13,msft,101.7200,102.0100,100.5600,100.8500,29101617,1.000000
2018-06-14,msft,101.6500,102.0300,101.0000,101.4200,25407232,1.000000
2018-06-15,msft,101.5100,101.5300,100.0700,100.1300,65671219,1.000000
2018-06-18,msft,100.0100,101.1100,99.4200,100.8600,22762524,1.000000
2018-06-19,msft,99.6500,101.0000,99.5000,100.8600,27633616,1.000000
2018-06-20,msft,101.3700,102.5200,101.1200,101.8700,26178768,1.000000
2018-06-21,msft,102.0750,102.4600,100.8800,101.1400,23040397,1.000000
2018-06-22,msft,100.4100,100.7700,99.6250,100.4100,38869706,1.000000
2018-06-25,msft,100.0000,100.1100,97.3000,98.3900,35423245,1.000000
2018-06-26,msft,98.8200,100.0800,98.7500,99.0800,26882531,1.000000
2018-06-27,msft,99.5800,100.0200,97.4000,97.5400,31281133,1.000000
2018-06-28,msft,97.3800,99.1100,97.2600,98.6300,26644095,1.000000
2018-06-29,msft,98.9300,99.9100,98.3300,98.6100,27554982,1.000000
2018-07-02,msft,98.1000,100.0600,98.0000,100.0100,19258093,1.000000
2018-07-03,msft,100.4800,100.6300,98.9400,99.0500,14670275,1.000000
2018-07-05,msft,99.5000,99.9200,99.0300,99.7600,18584515,1.000000
2018-07-06,msft,99.8850,101.4300,99.6700,101.1600,18878608,1.000000
2018-07-09,msft,101.6450,102.2500,101.2510,101.8500,16412513,1.000000
2018-07-10,msft,102.0000,102.5100,101.8600,102.1200,19243306,1.000000
2018-07-11,msft,101.1500,102.3400,101.1000,101.9800,19278736,1.000000
2018-07-12,msft,102.7700,104.4100,102.7300,104.1900,24330411,1.000000
2018-07-13,msft,104.3700,105.6000,104.0900,105.4300,24634121,1.000000
2018-07-16,msft,105.4000,105.8200,104.5150,104.9100,21760419,1.000000
2018-07-17,msft,104.6100,106.5000,104.3200,105.9500,25864848,1.000000
2018-07-18,msft,105.9400,106.0500,104.7150,105.1200,29078360,1.000000
2018-07-19,msft,104.9300,105.3100,103.8900,104.4000,38303979,1.000000
2018-07-20,msft,108.0800,108.2000,106.0800,106.2700,56003383,1.000000
2018-07-23,msft,106.3000,108.1400,106.1300,107.9700,29231858,1.000000
2018-07-24,msft,108.5700,108.8200,107.2600,107.6600,26308670,1.000000
2018-07-25,msft,107.9550,111.1500,107.6000,110.8300,30603895,1.000000
2018-07-26,msft,110.7400,111.0000,109.5000,109.6200,31343951,1.000000
2018-07-27,msft,110.1800,110.1800,106.1400,107.6800,36918548,1.000000
2018-07-30,msft,107.1900,107.5300,104.7600,105.3700,34598174,1.000000
2018-07-31,msft,106.4900,106.7200,105.3800,106.0800,27195124,1.000000
2018-08-01,msft,106.0300,106.4460,105.4200,106.2800,23620394,1.000000
2018-08-02,msft,105.4000,108.0900,104.8400,107.5700,26081873,1.000000
2018-08-03,msft,107.8000,108.0500,106.8200,108.0400,18640963,1.000000
2018-08-06,msft,108.1200,108.4200,107.5590,108.1300,20237137,1.000000
2018-08-07,msft,108.5600,109.1000,108.1700,108.8800,16070483,1.000000
2018-08-08,msft,109.3300,109.7500,108.7600,109.4900,15472239,1.000000
2018-08-09,msft,109.7100,110.1600,109.6000,109.6700,13634910,1.000000
2018-08-10,msft,109.4200,109.6900,108.3800,109.0000,18177341,1.000000
2018-08-13,msft,109.2400,109.5800,108.1000,108.2100,18471145,1.000000
2018-08-14,msft,108.5600,109.7500,108.0400,109.5600,16778133,1.000000
2018-08-15,msft,108.4900,108.9850,106.8200,107.6600,29970430,1.000000
2018-08-16,msft,108.3000,108.8600,107.3000,107.6400,21375549,1.000000
2018-08-17,msft,107.3600,107.9000,106.6900,107.5800,18052889,1.000000
2018-08-20,msft,107.5100,107.9000,106.4800,106.8700,17339798,1.000000
2018-08-21,msft,106.9200,107.3500,105.8500,105.9800,22834216,1.000000
2018-08-22,msft,105.8500,107.3400,105.7800,107.0600,17880453,1.000000
2018-08-23,msft,107.1500,108.1800,106.8700,107.5600,17998540,1.000000
2018-08-24,msft,107.6700,108.5600,107.5600,108.4000,17188070,1.000000
2018-08-27,msft,109.2700,109.6400,108.5100,109.6000,19440526,1.000000
2018-08-28,msft,109.9400,110.5000,109.7900,110.2600,19145684,1.000000
2018-08-29,msft,110.4500,112.0300,110.2700,112.0200,20799103,1.000000
2018-08-30,msft,111.6700,112.6100,111.4400,111.9500,22760524,1.000000
2018-08-31,msft,111.6850,112.7770,111.5150,112.3300,23217391,1.000000
2018-09-04,msft,110.8500,111.9550,110.2200,111.7100,22560591,1.000000
2018-09-05,msft,111.0100,111.4200,108.1000,108.4900,32839957,1.000000
2018-09-06,msft,108.2500,108.9900,107.5100,108.7400,23462249,1.000000
2018-09-07,msft,108.2300,108.7250,107.2300,108.2100,22279318,1.000000
2018-09-10,msft,108.8400,109.6400,108.3600,109.3800,19903522,1.000000
2018-09-11,msft,108.9000,111.5900,108.8900,111.2400,24082262,1.000000
2018-09-12,msft,111.4300,111.8500,110.5100,111.7100,18856005,1.000000
2018-09-13,msft,112.1200,113.7250,112.1200,112.9100,25107446,1.000000
2018-09-14,msft,113.3600,113.7300,112.4400,113.3700,18262860,1.000000
2018-09-17,msft,113.6900,113.7000,111.8600,112.1400,20334444,1.000000
2018-09-18,msft,112.1900,113.6950,111.7200,113.2100,22114934,1.000000
2018-09-19,msft,113.0500,113.3200,111.0350,111.7000,21663591,1.000000
2018-09-20,msft,112.2800,113.8000,111.9300,113.5700,23706579,1.000000
2018-09-21,msft,114.0000,115.2900,113.5100,114.2600,70365246,1.000000
2018-09-24,msft,113.0300,114.9000,112.2180,114.6700,25275442,1.000000
2018-09-25,msft,114.8000,115.1000,113.7500,114.4500,20782627,1.000000
2018-09-26,msft,114.4700,115.0550,113.7400,113.9800,19323564,1.000000
2018-09-27,msft,114.7800,114.9100,114.2000,114.4100,19054409,1.000000
2018-09-28,msft,114.1900,114.5700,113.6800,114.3700,20657135,1.000000
2018-10-01,msft,114.7500,115.6800,114.7300,115.6100,18611483,1.000000
2018-10-02,msft,115.3000,115.8400,114.4400,115.1500,20185083,1.000000
2018-10-03,msft,115.4200,116.1800,114.9300,115.1700,16131260,1.000000
2018-10-04,msft,114.6100,114.7590,111.6300,112.7900,34478501,1.000000
2018-10-05,msft,112.6300,113.1700,110.6400,112.1300,29063125,1.000000
2018-10-08,msft,111.6600,112.0300,109.3400,110.8500,29480032,1.000000
2018-10-09,msft,111.1400,113.0800,110.8000,112.2600,26187896,1.000000
2018-10-10,msft,111.2400,111.5000,105.7900,106.1600,60569522,1.000000
2018-10-11,msft,105.3500,108.9300,104.2000,105.9100,63634124,1.000000
2018-10-12,msft,109.0100,111.2400,107.1200,109.5700,46724107,1.000000
2018-10-15,msft,108.9100,109.4800,106.9470,107.6000,32002958,1.000000
2018-10-16,msft,109.5400,111.4100,108.9500,111.0000,31162147,1.000000
2018-10-17,msft,111.6800,111.8100,109.5480,110.7100,25874612,1.000000
2018-10-18,msft,110.1000,110.5300,107.8300,108.5000,31798309,1.000000
2018-10-19,msft,108.9300,110.8600,108.2100,108.6600,32752119,1.000000
2018-10-22,msft,109.3200,110.5400,108.2400,109.6300,26486286,1.000000
2018-10-23,msft,107.7700,108.9700,105.1100,108.1000,43537755,1.000000
2018-10-24,msft,108.4100,108.4900,101.5900,102.3200,63308840,1.000000
2018-10-25,msft,106.5500,109.2700,106.1500,108.3000,61579654,1.000000
2018-10-26,msft,105.6900,108.7500,104.7600,106.9600,55482569,1.000000
2018-10-29,msft,108.1050,108.7000,101.6300,103.8500,55140096,1.000000
2018-10-30,msft,103.6600,104.3800,100.1100,103.7300,65290778,1.000000
2018-10-31,msft,105.4350,108.1400,105.3900,106.8100,51042797,1.000000
2018-11-01,msft,107.0500,107.3200,105.5300,105.9200,33289193,1.000000
2018-11-02,msft,106.4800,107.3200,104.9750,106.1600,37674448,1.000000
2018-11-05,msft,106.3700,107.7400,105.9000,107.5100,27910107,1.000000
2018-11-06,msft,107.3800,108.8400,106.2800,107.7200,24331908,1.000000
2018-11-07,msft,109.4400,112.2400,109.4000,111.9600,37878291,1.000000
2018-11-08,msft,111.8000,112.2100,110.9100,111.7500,25479785,1.000000
2018-11-09,msft,110.8500,111.4500,108.7600,109.5700,32033066,1.000000
2018-11-12,msft,109.4200,109.9600,106.1000,106.8700,33597591,1.000000
2018-11-13,msft,107.5500,108.7400,106.6400,106.9400,35361040,1.000000
2018-11-14,msft,108.1000,108.2600,104.4700,104.9700,39473970,1.000000
2018-11-15,msft,104.9900,107.8000,103.9100,107.2800,38445750,1.000000
2018-11-16,msft,107.0800,108.8800,106.8000,108.2900,33495079,1.000000
2018-11-19,msft,108.2700,108.5600,103.5500,104.6200,43330764,1.000000
2018-11-20,msft,101.8000,102.9700,99.3530,101.7100,63994761,1.000000
2018-11-21,msft,103.6000,104.4300,102.2400,103.1100,28122623,1.000000
2018-11-23,msft,102.1700,103.8100,102.0000,103.0700,13823099,1.000000
2018-11-26,msft,104.7900,106.6300,104.5800,106.4700,32258939,1.000000
2018-11-27,msft,106.2700,107.3300,105.3600,107.1400,29091352,1.000000
2018-11-28,msft,107.8900,111.3300,107.8600,111.1200,46133005,1.000000
2018-11-29,msft,110.3300,111.1150,109.0300,110.1900,27793046,1.000000
2018-11-30,msft,110.7000,110.9700,109.3600,110.8900,33656299,1.000000
2018-12-03,msft,113.0000,113.4200,110.7300,112.0900,34320669,1.000000
2018-12-04,msft,111.9400,112.6370,108.2120,108.5200,44574530,1.000000
2018-12-06,msft,105.8200,109.2400,105.0000,109.1900,47868536,1.000000
2018-12-07,msft,108.3800,109.4500,104.3000,104.8200,44391954,1.000000
2018-12-10,msft,104.8000,107.9800,103.8900,107.5900,40465224,1.000000
2018-12-11,msft,109.8000,110.9500,107.4400,108.5900,42347609,1.000000
2018-12-12,msft,110.8900,111.2700,109.0400,109.0800,36171330,1.000000
2018-12-13,msft,109.5800,110.8700,108.6300,109.4500,30605641,1.000000
2018-12-14,msft,108.2500,109.2600,105.5000,106.0300,46963500,1.000000
2018-12-17,msft,105.4100,105.8000,101.7100,102.8900,56957314,1.000000
2018-12-18,msft,103.7500,104.5100,102.5200,103.9700,49319196,1.000000
2018-12-19,msft,103.6500,106.8800,101.3500,103.6900,68198186,1.000000
2018-12-20,msft,103.0500,104.3100,98.7800,101.5100,70334184,1.000000
2018-12-21,msft,101.6300,103.0000,97.4600,98.2300,111242070,1.000000
2018-12-24,msft,97.6800,97.9700,93.9800,94.1300,43935192,1.000000
2018-12-26,msft,95.1400,100.6900,93.9600,100.5600,51333619,1.000000
2018-12-27,msft,99.3000,101.1900,96.4000,101.1800,49176151,1.000000
2018-12-28,msft,102.0900,102.4100,99.5200,100.3900,38162975,1.000000
2018-12-31,msft,101.2900,102.4000,100.4400,101.5700,33161671,1.000000
2019-01-02,msft,99.5500,101.7500,98.9400,101.1200,35176890,1.000000
2019-01-03,msft,100.1000,100.1850,97.2000,97.4000,42113408,1.000000
2019-01-04,msft,99.7200,102.5100,98.9300,101.9300,43983232,1.000000
2019-01-07,msft,101.6400,103.2680,100.9800,102.0600,35583010,1.000000
2019-01-08,msft,103.0400,103.9700,101.7130,102.8000,31459930,1.000000
2019-01-09,msft,103.8600,104.8800,103.2450,104.2700,32264026,1.000000
2019-01-10,msft,103.2200,103.7500,102.3800,103.6000,29979530,1.000000
2019-01-11,msft,103.1900,103.4400,101.6400,102.8000,28239212,1.000000
2019-01-14,msft,101.9000,102.8720,101.2600,102.0500,27194620,1.000000
2019-01-15,msft,102.5100,105.0500,101.8800,105.0100,31541793,1.000000
2019-01-16,msft,105.2600,106.2550,104.9600,105.3800,29661592,1.000000
2019-01-17,msft,105.0000,106.6250,104.7600,106.1200,27221869,1.000000
2019-01-18,msft,107.4600,107.9000,105.9100,107.7100,37300082,1.000000
2019-01-22,msft,106.7500,107.1000,104.8600,105.6800,32092625,1.000000
2019-01-23,msft,106.1200,107.0400,105.3400,106.7100,25512966,1.000000
2019-01-24,msft,106.8600,107.0000,105.3400,106.2000,23126896,1.000000
2019-01-25,msft,107.2400,107.8800,106.5900,107.1700,31185068,1.000000
2019-01-28,msft,106.2600,106.4800,104.6600,105.0800,29404489,1.000000
2019-01-29,msft,104.8800,104.9700,102.1700,102.9400,31305060,1.000000
2019-01-30,msft,104.6200,106.3800,104.3300,106.3800,47366911,1.000000
2019-01-31,msft,103.8000,105.2200,103.1800,104.4300,55447242,1.000000
2019-02-01,msft,103.7750,104.1000,102.3500,102.7800,35248663,1.000000
2019-02-04,msft,102.8700,105.8000,102.7700,105.7400,31217378,1.000000
2019-02-05,msft,106.0600,107.2700,105.9600,107.2200,27280062,1.000000
2019-02-06,msft,107.0000,107.0000,105.5300,106.0300,20596458,1.000000
2019-02-07,msft,105.1850,105.5900,104.2900,105.2700,29736435,1.000000
2019-02-08,msft,104.3900,105.7800,104.2600,105.6700,21455202,1.000000
2019-02-11,msft,106.2000,106.5800,104.9650,105.2500,18754137,1.000000
2019-02-12,msft,106.1400,107.1400,105.4800,106.8900,25020471,1.000000
2019-02-13,msft,107.5000,107.7800,106.7100,106.8100,18370322,1.000000
2019-02-14,msft,106.3100,107.2900,105.6600,106.9000,21758799,1.000000
2019-02-15,msft,107.9100,108.3000,107.3620,108.2200,26589333,1.000000
2019-02-19,msft,107.7900,108.6600,107.7800,108.1700,18026140,1.000000
2019-02-20,msft,107.8600,107.9400,106.2900,107.1500,21603866,1.000000
2019-02-21,msft,106.9000,109.4800,106.8700,109.4100,28861978,1.000000
2019-02-22,msft,110.0500,111.2000,109.8200,110.9700,27748185,1.000000
2019-02-25,msft,111.7600,112.1800,111.2600,111.5900,23724551,1.000000
2019-02-26,msft,111.2600,113.2400,111.1700,112.3600,21513877,1.000000
2019-02-27,msft,111.6900,112.3600,110.8800,112.1700,21474264,1.000000
2019-02-28,msft,112.0400,112.8800,111.7300,112.0300,29064424,1.000000
2019-03-01,msft,112.8900,113.0200,111.6650,112.5300,20825939,1.000000
2019-03-04,msft,113.0200,113.2500,110.8000,112.2600,25874028,1.000000
2019-03-05,msft,112.2500,112.3900,111.2300,111.7000,19092406,1.000000
2019-03-06,msft,111.8700,112.6600,111.4300,111.7500,17666571,1.000000
2019-03-07,msft,111.4000,111.5500,109.8650,110.3900,25321073,1.000000
2019-03-08,msft,109.1600,110.7100,108.8000,110.5100,22810680,1.000000
2019-03-11,msft,110.9900,112.9500,110.9800,112.8300,26092712,1.000000
2019-03-12,msft,112.8200,113.9900,112.6500,113.6200,26106071,1.000000
2019-03-13,msft,114.1300,115.0000,113.7800,114.5000,35314131,1.000000
2019-03-14,msft,114.5400,115.2000,114.3300,114.5900,30755615,1.000000
2019-03-15,msft,115.3400,117.2500,114.5900,115.9100,54027056,1.000000
2019-03-18,msft,116.1700,117.6100,116.0500,117.5700,31099382,1.000000
2019-03-19,msft,118.0900,118.4400,116.9900,117.6500,37408378,1.000000
2019-03-20,msft,117.3900,118.7500,116.7100,117.5200,28096298,1.000000
2019-03-21,msft,117.1350,120.8200,117.0900,120.2200,29758954,1.000000
2019-03-22,msft,119.5000,119.5900,117.0400,117.0500,32349617,1.000000
2019-03-25,msft,116.5600,118.0100,116.3220,117.6600,26642285,1.000000
2019-03-26,msft,118.6200,118.7050,116.8500,117.9100,25986964,1.000000
2019-03-27,msft,117.8750,118.2100,115.5220,116.7700,22720526,1.000000
2019-03-28,msft,117.4400,117.5800,116.1300,116.9300,17527793,1.000000
2019-03-29,msft,118.0700,118.3200,116.9600,117.9400,25392066,1.000000
2019-04-01,msft,118.9500,119.1090,118.1000,119.0200,19887234,1.000000
2019-04-02,msft,119.0600,119.4800,118.5200,119.1900,16414451,1.000000
2019-04-03,msft,119.8600,120.4300,119.1500,119.9700,22354802,1.000000
2019-04-04,msft,120.1000,120.2300,118.3800,119.3600,20097376,1.000000
2019-04-05,msft,119.3900,120.2300,119.3700,119.8900,15739488,1.000000
2019-04-08,msft,119.8100,120.0200,118.6400,119.9300,15114356,1.000000
2019-04-09,msft,118.6300,119.5400,118.5800,119.2800,17276194,1.000000
2019-04-10,msft,119.7600,120.3500,119.5400,120.1900,16113226,1.000000
2019-04-11,msft,120.5400,120.8500,119.9200,120.3300,14198257,1.000000
2019-04-12,msft,120.6400,120.9800,120.3700,120.9500,19725900,1.000000
2019-04-15,msft,120.9400,121.5800,120.5700,121.0500,15526637,1.000000
2019-04-16,msft,121.6400,121.6500,120.1000,120.7700,14055294,1.000000
2019-04-17,msft,121.2400,121.8500,120.5400,121.7700,19013288,1.000000
2019-04-18,msft,122.1900,123.5200,121.3020,123.3700,27653352,1.000000
2019-04-22,msft,122.6200,124.0000,122.5700,123.7600,14827693,1.000000
2019-04-23,msft,124.1000,125.5800,123.8300,125.4400,23572922,1.000000
2019-04-24,msft,125.7900,125.8500,124.5200,125.0100,30058161,1.000000
2019-04-25,msft,130.0600,131.3700,128.8300,129.1500,37946156,1.000000
2019-04-26,msft,129.7000,130.5150,129.0200,129.8900,23321771,1.000000
2019-04-29,msft,129.9000,130.1800,129.3500,129.7700,16257332,1.000000
2019-04-30,msft,129.8100,130.7000,129.3950,130.6000,24044325,1.000000
2019-05-01,msft,130.5300,130.6500,127.7000,127.8800,26794117,1.000000
2019-05-02,msft,127.9800,128.0000,125.5200,126.2100,26997968,1.000000
2019-05-03,msft,127.3600,129.4300,127.2500,128.9000,24870285,1.000000
2019-05-06,msft,126.3900,128.5600,126.1100,128.1500,23009516,1.000000
2019-05-07,msft,126.4600,127.1800,124.2200,125.5200,35337395,1.000000
2019-05-08,msft,125.4400,126.3700,124.7500,125.5100,28418996,1.000000
2019-05-09,msft,124.2900,125.7900,123.5700,125.5000,27235835,1.000000
2019-05-10,msft,124.9100,127.9300,123.8200,127.1300,30915084,1.000000
2019-05-13,msft,124.1100,125.5500,123.0400,123.3500,33944923,1.000000
2019-05-14,msft,123.8700,125.8800,123.7000,124.7300,25266315,1.000000
2019-05-15,msft,124.2600,126.7100,123.7000,126.0200,24722708,1.000000
2019-05-16,msft,126.7500,129.3800,126.4600,128.9300,30112216,1.000000
2019-05-17,msft,128.3050,130.4600,127.9200,128.0700,25770539,1.000000
2019-05-20,msft,126.5200,127.5890,125.7610,126.2200,23706934,1.000000
2019-05-21,msft,127.4300,127.5270,126.5800,126.9000,15293260,1.000000
2019-05-22,msft,126.6200,128.2400,126.5200,127.6700,15396485,1.000000
2019-05-23,msft,126.2000,126.2900,124.7400,126.1800,23603810,1.000000
2019-05-24,msft,126.9100,127.4150,125.9700,126.2400,14123358,1.000000
2019-05-28,msft,126.9800,128.0000,126.0500,126.1600,23128359,1.000000
2019-05-29,msft,125.3800,125.3900,124.0400,124.9400,22763140,1.000000
2019-05-30,msft,125.2600,125.7600,124.7800,125.7300,16829613,1.000000
2019-05-31,msft,124.2300,124.6150,123.3200,123.6800,26646769,1.000000
2019-06-03,msft,123.8500,124.3700,119.0100,119.8400,37983637,1.000000
2019-06-04,msft,121.2800,123.2800,120.6520,123.1600,29382642,1.000000
2019-06-05,msft,124.9500,125.8700,124.2100,125.8300,24926140,1.000000
2019-06-06,msft,126.4400,127.9700,125.6000,127.8200,21458961,1.000000
2019-06-07,msft,129.1900,132.2500,128.2600,131.4000,33885588,1.000000
2019-06-10,msft,132.4000,134.0800,132.0000,132.6000,26477098,1.000000
2019-06-11,msft,133.8800,134.2400,131.2760,132.1000,23913731,1.000000
2019-06-12,msft,131.4000,131.9700,130.7100,131.4900,17092464,1.000000
2019-06-13,msft,131.9800,132.6700,131.5600,132.3200,17200848,1.000000
2019-06-14,msft,132.2600,133.7900,131.6400,132.4500,17821703,1.000000
2019-06-17,msft,132.6300,133.7300,132.5300,132.8500,14517785,1.000000
2019-06-18,msft,134.1900,135.2400,133.5700,135.1600,25934458,1.000000
2019-06-19,msft,135.0000,135.9300,133.8100,135.6900,23744441,1.000000
2019-06-20,msft,137.4500,137.6600,135.7200,136.9500,33042592,1.000000
2019-06-21,msft,136.5800,137.7300,136.4600,136.9700,36727892,1.000000
2019-06-24,msft,137.0000,138.4000,137.0000,137.7800,20628841,1.000000
2019-06-25,msft,137.2500,137.5900,132.7300,133.4300,33327420,1.000000
2019-06-26,msft,134.3500,135.7400,133.6000,133.9300,23657745,1.000000
2019-06-27,msft,134.1400,134.7100,133.5100,134.1500,16557482,1.000000
2019-06-28,msft,134.5700,134.6000,133.1560,133.9600,30042969,1.000000
2019-07-01,msft,136.6300,136.7000,134.9700,135.6800,22654160,1.000000
2019-07-02,msft,136.1200,136.5900,135.3400,136.5800,15237843,1.000000
2019-07-03,msft,136.8000,137.7400,136.2950,137.4600,13629296,1.000000
2019-07-05,msft,135.9400,137.3300,135.7200,137.0600,18141140,1.000000
2019-07-08,msft,136.4000,137.1000,135.3700,136.9600,16779748,1.000000
2019-07-09,msft,136.0000,136.9700,135.8000,136.4600,19953097,1.000000
2019-07-10,msft,137.1300,138.5800,137.0200,137.8500,24204362,1.000000
2019-07-11,msft,138.2000,139.2200,137.8700,138.4000,22327942,1.000000
2019-07-12,msft,138.8500,139.1300,138.0100,138.9000,18936832,1.000000
2019-07-15,msft,139.4400,139.5400,138.4600,138.9000,16651457,1.000000
2019-07-16,msft,138.9600,139.0500,136.5200,137.0800,22726128,1.000000
2019-07-17,msft,137.7000,137.9300,136.2200,136.2700,20210956,1.000000
2019-07-18,msft,135.5500,136.6200,134.6700,136.4200,30808707,1.000000
2019-07-19,msft,140.2200,140.6700,136.4500,136.6200,48992364,1.000000
2019-07-22,msft,137.4100,139.1900,137.3300,138.4300,25080760,1.000000
2019-07-23,msft,139.7600,139.9900,138.0300,139.2900,18034589,1.000000
2019-07-24,msft,138.9000,140.7400,138.8500,140.7200,20738275,1.000000
2019-07-25,msft,140.4300,140.6100,139.3220,140.1900,18356883,1.000000
2019-07-26,msft,140.3700,141.6750,140.3000,141.3400,19037600,1.000000
2019-07-29,msft,141.5000,141.5100,139.3660,141.0300,16605870,1.000000
2019-07-30,msft,140.1400,141.2200,139.8010,140.3500,16846528,1.000000
2019-07-31,msft,140.3300,140.4900,135.0800,136.2700,38598786,1.000000
2019-08-01,msft,137.0000,140.9380,136.9300,138.0600,40557502,1.000000
2019-08-02,msft,138.0900,138.3200,135.2600,136.9000,30791624,1.000000
2019-08-05,msft,133.3000,133.9300,130.7800,132.2100,42749551,1.000000
2019-08-06,msft,133.8000,135.6800,133.2100,134.6900,32696651,1.000000
2019-08-07,msft,133.7900,135.6500,131.8280,135.2800,33414539,1.000000
2019-08-08,msft,136.6000,138.9900,135.9300,138.8900,27496508,1.000000
2019-08-09,msft,138.6100,139.3800,136.4600,137.7100,23466701,1.000000
2019-08-12,msft,137.0700,137.8600,135.2400,135.7900,20484348,1.000000
2019-08-13,msft,136.0500,138.8000,135.0000,138.6000,25496593,1.000000
2019-08-14,msft,136.3600,136.9200,133.6700,133.9800,32527251,1.000000
2019-08-15,msft,134.3900,134.5800,132.2500,133.6800,28125416,1.000000
2019-08-16,msft,134.8800,136.4600,134.7200,136.1300,25026151,1.000000
2019-08-19,msft,137.8550,138.5500,136.8850,138.4100,24370543,1.000000
2019-08-20,msft,138.2100,138.7100,137.2400,137.2600,21188998,1.000000
2019-08-21,msft,138.5500,139.4940,138.0000,138.7900,14982314,1.000000
2019-08-22,msft,138.6600,139.2000,136.2900,137.7800,18709662,1.000000
2019-08-23,msft,137.1900,138.3500,132.8000,133.3900,38515386,1.000000
2019-08-26,msft,134.9900,135.5600,133.9000,135.4500,20325271,1.000000
2019-08-27,msft,136.3900,136.7200,134.6600,135.7400,23115635,1.000000
2019-08-28,msft,134.8800,135.7600,133.5500,135.5600,17410828,1.000000
2019-08-29,msft,137.2500,138.4400,136.9100,138.1200,20179716,1.000000
2019-08-30,msft,139.1500,139.1800,136.2700,137.8600,23946123,1.000000
2019-09-03,msft,136.6100,137.2000,135.7000,136.0400,18880773,1.000000
2019-09-04,msft,137.3000,137.6900,136.4800,137.6300,18015310,1.000000
2019-09-05,msft,139.1100,140.3840,138.7600,140.0500,26119520,1.000000
2019-09-06,msft,140.0300,140.1800,138.2000,139.1000,20824504,1.000000
2019-09-09,msft,139.5900,139.7500,136.4600,137.5200,25773932,1.000000
2019-09-10,msft,136.8000,136.8860,134.5100,136.0800,28903378,1.000000
2019-09-11,msft,135.9100,136.2700,135.0900,136.1200,24726117,1.000000
2019-09-12,msft,137.8500,138.4200,136.8700,137.5200,27009981,1.000000
2019-09-13,msft,137.7800,138.0600,136.5700,137.3200,23363057,1.000000
2019-09-16,msft,135.8300,136.7000,135.6600,136.3300,16731440,1.000000
2019-09-17,msft,136.9600,137.5200,136.4250,137.3900,17976285,1.000000
2019-09-18,msft,137.3600,138.6700,136.5300,138.5200,24473386,1.000000
2019-09-19,msft,140.3000,142.3700,140.0740,141.0700,36095413,1.000000
2019-09-20,msft,141.0100,141.6500,138.2500,139.4400,40040766,1.000000
2019-09-23,msft,139.2300,139.6300,138.4400,139.1400,17408374,1.000000
2019-09-24,msft,140.3600,140.6900,136.8800,137.3800,30016670,1.000000
2019-09-25,msft,137.5000,139.9580,136.0300,139.3600,22544054,1.000000
2019-09-26,msft,139.4400,140.1800,138.4400,139.5400,17813512,1.000000
2019-09-27,msft,140.1500,140.3600,136.6450,137.7300,22498958,1.000000
2019-09-30,msft,138.0500,139.2150,137.7800,139.0300,18430390,1.000000
2019-10-01,msft,139.6600,140.2500,137.0000,137.0700,22581929,1.000000
2019-10-02,msft,136.2500,136.3700,133.5800,134.6500,32001763,1.000000
2019-10-03,msft,134.9500,136.7500,133.2200,136.2800,26379798,1.000000
2019-10-04,msft,136.7500,138.2500,136.4200,138.1200,23839548,1.000000
2019-10-07,msft,137.1400,138.1800,137.0200,137.1200,16601284,1.000000
2019-10-08,msft,137.0800,137.7600,135.6200,135.6700,26783336,1.000000
2019-10-09,msft,137.4600,138.7000,136.9700,138.2400,20178482,1.000000
2019-10-10,msft,138.4900,139.6700,138.2500,139.1000,18396605,1.000000
2019-10-11,msft,140.1200,141.0300,139.5000,139.6800,25551065,1.000000
2019-10-14,msft,139.6900,140.2900,139.5200,139.5500,13591639,1.000000
2019-10-15,msft,140.0600,141.7900,139.8100,141.5750,19917762,1.000000
2019-10-16,msft,140.7900,140.9900,139.5300,140.4100,20841687,1.000000
2019-10-17,msft,140.9500,141.4200,139.0200,139.6900,22102797,1.000000
2019-10-18,msft,139.7600,140.0000,136.5600,137.4100,32284428,1.000000
2019-10-21,msft,138.4500,138.5000,137.0100,138.4300,20716039,1.000000
2019-10-22,msft,138.9700,140.0100,136.2600,136.3700,27935270,1.000000
2019-10-23,msft,136.8800,137.4500,135.6100,137.2400,31380309,1.000000
2019-10-24,msft,139.3900,140.4200,138.6700,139.9400,37278399,1.000000
2019-10-25,msft,139.3400,141.1400,139.2000,140.7300,25959724,1.000000
2019-10-28,msft,144.4000,145.6700,143.5100,144.1900,35280137,1.000000
2019-10-29,msft,144.0800,144.5000,142.6500,142.8300,20589469,1.000000
2019-10-30,msft,143.5200,145.0000,142.7900,144.6100,18496591,1.000000
2019-10-31,msft,144.9000,144.9300,142.9900,143.3700,24605135,1.000000
2019-11-01,msft,144.2600,144.4200,142.9650,143.7200,33128366,1.000000
2019-11-04,msft,144.8300,145.0000,144.1600,144.5500,16911999,1.000000
2019-11-05,msft,144.9700,145.0200,143.9050,144.4600,18250172,1.000000
2019-11-06,msft,144.3700,144.5200,143.2000,144.0600,16575798,1.000000
2019-11-07,msft,143.8400,144.8800,143.7700,144.2600,17786715,1.000000
2019-11-08,msft,143.9800,145.9900,143.7600,145.9600,16752939,1.000000
2019-11-11,msft,145.3400,146.4200,144.7300,146.1100,14370178,1.000000
2019-11-12,msft,146.2800,147.5700,146.0600,147.0700,18648712,1.000000
2019-11-13,msft,146.7400,147.4630,146.2800,147.3100,17444230,1.000000
2019-11-14,msft,147.0200,148.4100,147.0000,148.0600,19755100,1.000000
2019-11-15,msft,148.9300,149.9900,148.2700,149.9700,23508807,1.000000
2019-11-18,msft,150.0700,150.5500,148.9800,150.3400,21554762,1.000000
2019-11-19,msft,150.8800,151.3300,150.1950,150.3900,23960164,1.000000
2019-11-20,msft,150.3100,150.8400,148.4600,149.6200,25720060,1.000000
2019-11-21,msft,149.4000,149.8000,148.5010,149.4800,18576083,1.000000
2019-11-22,msft,150.0700,150.3000,148.8200,149.5900,15841680,1.000000
2019-11-25,msft,150.0000,151.3500,149.9200,151.2300,22428585,1.000000
2019-11-26,msft,151.3600,152.4200,151.3200,152.0300,24635100,1.000000
2019-11-27,msft,152.3300,152.5000,151.5200,152.3200,15201293,1.000000
2019-11-29,msft,152.1000,152.3000,151.2800,151.3800,11977300,1.000000
2019-12-02,msft,151.8100,151.8300,148.3200,149.5500,27473616,1.000000
2019-12-03,msft,147.4900,149.4300,146.6500,149.3100,25192145,1.000000
2019-12-04,msft,150.1400,150.1800,149.2000,149.8500,17580617,1.000000
2019-12-05,msft,150.0500,150.3200,149.4800,149.9300,17880601,1.000000
2019-12-06,msft,150.9900,151.8700,150.2700,151.7500,16410400,1.000000
2019-12-09,msft,151.0700,152.2100,150.9100,151.3600,16741350,1.000000
2019-12-10,msft,151.2900,151.8900,150.7650,151.1300,16481060,1.000000
2019-12-11,msft,151.5400,151.8700,150.3300,151.7000,18860001,1.000000
2019-12-12,msft,151.6500,153.4400,151.0200,153.2400,24645366,1.000000
2019-12-13,msft,153.0040,154.8900,152.8300,154.5300,23850062,1.000000
2019-12-16,msft,155.1100,155.9000,154.8200,155.5300,24152770,1.000000
2019-12-17,msft,155.4500,155.7100,154.4500,154.6900,25443527,1.000000
2019-12-18,msft,154.3000,155.4800,154.1800,154.3700,24132379,1.000000
2019-12-19,msft,154.0000,155.7700,153.7500,155.7100,25813825,1.000000
2019-12-20,msft,157.3500,158.4900,156.2900,157.4100,53599613,1.000000
2019-12-23,msft,158.1200,158.1200,157.2700,157.4100,17726283,1.000000
2019-12-24,msft,157.4800,157.7100,157.1150,157.3800,8989150,1.000000
2019-12-26,msft,157.5600,158.7300,157.4000,158.6700,14526927,1.000000
2019-12-27,msft,159.4500,159.5500,158.2200,158.9600,18414352,1.000000
2019-12-30,msft,158.9870,159.0200,156.7300,157.5900,16356720,1.000000
2019-12-31,msft,156.7700,157.7700,156.4500,157.7000,18393383,1.000000
2020-01-02,msft,158.7800,160.7300,158.3300,160.6200,22634546,1.000000
2020-01-03,msft,158.3200,159.9450,158.0600,158.6200,21121681,1.000000
2020-01-06,msft,157.0800,159.1000,156.5100,159.0300,20826702,1.000000
2020-01-07,msft,159.3200,159.6700,157.3200,157.5800,21881740,1.000000
2020-01-08,msft,158.9300,160.8000,157.9490,160.0900,27762026,1.000000
2020-01-09,msft,161.8350,162.2150,161.0300,162.0900,21399951,1.000000
2020-01-10,msft,162.8240,163.2200,161.1800,161.3400,20733946,1.000000
2020-01-13,msft,161.7600,163.3100,161.2600,163.2800,21637007,1.000000
2020-01-14,msft,163.3900,163.6000,161.7200,162.1300,23500783,1.000000
2020-01-15,msft,162.6200,163.9400,162.5700,163.1800,21417871,1.000000
2020-01-16,msft,164.3500,166.2400,164.0300,166.1700,23865360,1.000000
2020-01-17,msft,167.4200,167.4680,165.4300,167.1000,34371659,1.000000
2020-01-21,msft,166.6800,168.1900,166.4300,166.5000,29517191,1.000000
2020-01-22,msft,167.4000,167.4900,165.6800,165.7000,24138777,1.000000
2020-01-23,msft,166.1900,166.8000,165.2700,166.7200,19680766,1.000000
2020-01-24,msft,167.5100,167.5300,164.4500,165.0400,24918117,1.000000
2020-01-27,msft,161.1500,163.3750,160.2000,162.2800,32078067,1.000000
2020-01-28,msft,163.7800,165.7550,163.0730,165.4600,24899940,1.000000
2020-01-29,msft,167.8400,168.7500,165.6900,168.0400,35127771,1.000000
2020-01-30,msft,174.0500,174.0500,170.7900,172.7800,51597470,1.000000
2020-01-31,msft,172.2100,172.4000,169.5800,170.2300,36142690,1.000000
2020-02-03,msft,170.4300,174.5000,170.4000,174.3800,30149052,1.000000
2020-02-04,msft,177.1400,180.6400,176.3100,180.1200,36433339,1.000000
2020-02-05,msft,184.0300,184.2000,178.4100,179.9000,39186324,1.000000
2020-02-06,msft,180.9700,183.8200,180.0590,183.6300,27751381,1.000000
2020-02-07,msft,182.8450,185.6300,182.4800,183.8900,33529074,1.000000
2020-02-10,msft,183.5800,188.8400,183.2500,188.7000,35844267,1.000000
2020-02-11,msft,190.6500,190.7000,183.5000,184.4400,53159906,1.000000
2020-02-12,msft,185.5800,185.8500,181.8500,184.7100,47062921,1.000000
2020-02-13,msft,183.0800,186.2300,182.8720,183.7100,35295834,1.000000
2020-02-14,msft,183.2500,185.4100,182.6500,185.3500,23149516,1.000000
2020-02-18,msft,185.6050,187.7000,185.5000,187.2300,27853113,1.000000
2020-02-19,msft,188.0600,188.1800,186.4700,187.2800,29997471,1.000000
2020-02-20,msft,186.9500,187.2500,181.1000,184.4200,36862376,1.000000
2020-02-21,msft,183.1700,183.5000,177.2500,178.5900,48600385,1.000000
2020-02-24,msft,167.7700,174.5500,163.2300,170.8900,68311066,1.000000
2020-02-25,msft,174.2000,174.8400,167.6460,168.0700,68073295,1.000000
2020-02-26,msft,169.7100,173.2600,168.2100,170.1700,56387148,1.000000
2020-02-27,msft,163.3200,167.0300,157.9800,158.1800,93174906,1.000000
2020-02-28,msft,152.4100,163.7100,152.0000,162.0100,97073557,1.000000
2020-03-02,msft,165.3100,172.9200,162.3100,172.7900,71030810,1.000000
2020-03-03,msft,173.8000,175.0000,162.2600,164.5100,71677019,1.000000
2020-03-04,msft,168.4850,170.7000,165.6200,170.5500,49814383,1.000000
2020-03-05,msft,166.0450,170.8700,165.6900,166.2700,47817251,1.000000
2020-03-06,msft,162.6100,163.1100,156.0000,161.5700,72821057,1.000000
2020-03-09,msft,151.0000,157.7500,150.0000,150.6200,70419274,1.000000
2020-03-10,msft,158.1600,161.0300,152.5800,160.9200,65354385,1.000000
2020-03-11,msft,157.1300,157.7000,151.1500,153.6300,56504304,1.000000
2020-03-12,msft,145.3000,153.4700,138.5800,139.0600,93226366,1.000000
2020-03-13,msft,147.5000,161.9100,140.7300,158.8300,92727446,1.000000
2020-03-16,msft,140.0000,149.3500,135.0000,135.4200,87905868,1.000000
2020-03-17,msft,140.0000,147.5000,135.0000,146.5700,81059817,1.000000
2020-03-18,msft,138.0000,146.0000,135.0200,140.4000,81593173,1.000000
2020-03-19,msft,142.7700,150.1500,139.0000,142.7100,85922661,1.000000
2020-03-20,msft,146.0000,147.1000,135.8600,137.3500,84866215,1.000000
2020-03-23,msft,137.0100,140.5700,132.5200,135.9800,78975176,1.000000
2020-03-24,msft,143.7500,149.6000,141.2700,148.3400,82516727,1.000000
2020-03-25,msft,148.9100,154.3300,144.4400,146.9200,75638224,1.000000
2020-03-26,msft,148.4000,156.6600,148.3700,156.1100,64694427,1.000000
2020-03-27,msft,151.7500,154.8900,149.2000,149.7000,57042291,1.000000
2020-03-30,msft,152.4400,160.6000,150.0100,160.2300,63420326,1.000000
2020-03-31,msft,159.4000,164.7800,156.5600,157.7100,77927186,1.000000
2020-04-01,msft,153.0000,157.7500,150.8200,152.1100,57969926,1.000000
2020-04-02,msft,151.8600,155.4800,150.3600,155.2600,49630735,1.000000
2020-04-03,msft,155.1000,157.3800,152.1900,153.8300,41243284,1.000000
2020-04-06,msft,160.3200,166.5000,157.5800,165.2700,67111697,1.000000
2020-04-07,msft,169.5850,170.0000,163.2600,163.4900,62769038,1.000000
2020-04-08,msft,165.6700,166.6700,163.5000,165.1300,48318234,1.000000
2020-04-09,msft,166.3600,167.3700,163.3300,165.1400,51431775,1.000000
2020-04-13,msft,164.3500,165.5700,162.3000,165.5100,41905264,1.000000
2020-04-14,msft,169.0000,173.7500,168.0000,173.7000,52874338,1.000000
2020-04-15,msft,171.2000,173.5700,169.2400,171.8800,40940833,1.000000
2020-04-16,msft,174.3000,177.2800,172.9000,177.0400,50479610,1.000000
2020-04-17,msft,179.5000,180.0000,175.8700,178.6000,52765625,1.000000
2020-04-20,msft,176.6300,178.7500,174.9900,175.0600,36669595,1.000000
2020-04-21,msft,173.5000,173.6700,166.1100,167.8200,56203749,1.000000
2020-04-22,msft,171.3900,174.0000,170.8200,173.5200,34651604,1.000000
2020-04-23,msft,174.1100,175.0600,170.9100,171.4200,32790804,1.000000
2020-04-24,msft,172.0600,174.5600,170.7100,174.5500,34305320,1.000000
2020-04-27,msft,176.5900,176.9000,173.3000,174.0500,33194384,1.000000
2020-04-28,msft,175.5900,175.6700,169.3900,169.8100,34392694,1.000000
2020-04-29,msft,173.2200,177.6800,171.8800,177.4300,51286559,1.000000
2020-04-30,msft,180.0000,180.4000,176.2300,179.2100,53875857,1.000000
2020-05-01,msft,175.8000,178.6400,174.0100,174.5700,39370474,1.000000
2020-05-04,msft,174.4900,179.0000,173.8000,178.8400,30372862,1.000000
2020-05-05,msft,180.6200,183.6500,179.9000,180.7600,36839168,1.000000
2020-05-06,msft,182.0800,184.2000,181.6310,182.5400,32139299,1.000000
2020-05-07,msft,184.1700,184.5500,182.5800,183.6000,28315992,1.000000
2020-05-08,msft,184.9800,185.0000,183.3600,184.6800,30912638,1.000000
2020-05-11,msft,183.1500,187.5100,182.8500,186.7400,30892660,1.000000
2020-05-12,msft,186.8000,187.0400,182.3000,182.5100,32038199,1.000000
2020-05-13,msft,182.5500,184.0500,176.5400,179.7500,44711488,1.000000
2020-05-14,msft,177.5400,180.6900,175.6800,180.5300,41873911,1.000000
2020-05-15,msft,179.0600,187.0600,177.0000,183.1600,46610382,1.000000
2020-05-18,msft,185.7500,186.2000,183.9600,184.9100,35306620,1.000000
2020-05-19,msft,185.0300,186.6000,183.4900,183.6300,26799116,1.000000
2020-05-20,msft,184.8100,185.8500,183.9400,185.6600,31261334,1.000000
2020-05-21,msft,185.4000,186.6700,183.2900,183.4300,29119513,1.000000
2020-05-22,msft,183.1900,184.4600,182.5400,183.5100,20826898,1.000000
2020-05-26,msft,186.3400,186.5000,181.1000,181.5700,36073609,1.000000
2020-05-27,msft,180.2000,181.9880,176.6000,181.8100,39517146,1.000000
2020-05-28,msft,180.7400,184.1470,180.3800,181.4000,33831824,1.000000
2020-05-29,msft,182.7300,184.2700,180.4100,183.2500,42146720,1.000000
2020-06-01,msft,182.5400,183.0000,181.4600,182.8300,22668821,1.000000
2020-06-02,msft,184.2500,185.0000,181.3500,184.9100,30794585,1.000000
2020-06-03,msft,184.8150,185.9400,183.5800,185.3600,27311016,1.000000
2020-06-04,msft,184.3000,185.8400,182.3000,182.9200,28761809,1.000000
2020-06-05,msft,182.6200,187.7300,182.0100,187.2000,39893643,1.000000
2020-06-08,msft,185.9400,188.5500,184.4400,188.3600,33211590,1.000000
2020-06-09,msft,188.0000,190.7000,187.2610,189.8000,29783916,1.000000
2020-06-10,msft,191.1250,198.5200,191.0100,196.8400,43872329,1.000000
2020-06-11,msft,193.1300,195.7600,186.0700,186.2700,52854672,1.000000
2020-06-12,msft,190.5400,191.7200,185.1800,187.7400,43373587,1.000000
2020-06-15,msft,184.5800,190.8200,184.0100,188.9400,32770189,1.000000
2020-06-16,msft,192.8900,195.5800,191.4600,193.5700,42556656,1.000000
2020-06-17,msft,195.0300,196.3200,193.6900,194.2400,25687822,1.000000
2020-06-18,msft,194.0000,196.4900,194.0000,196.3200,23061648,1.000000
2020-06-19,msft,198.5900,199.2900,194.3700,195.1500,44441141,1.000000
2020-06-22,msft,195.7900,200.7600,195.2300,200.5700,32818929,1.000000
2020-06-23,msft,202.0900,203.9500,201.4250,201.9100,30917447,1.000000
2020-06-24,msft,201.6040,203.2500,196.5600,197.8400,36740647,1.000000
2020-06-25,msft,197.8000,200.6100,195.4680,200.3400,27803933,1.000000
2020-06-26,msft,199.7300,199.8900,194.8800,196.3300,54675780,1.000000
2020-06-29,msft,195.7800,198.5300,193.5500,198.4400,26701586,1.000000
2020-06-30,msft,197.8820,204.4000,197.7400,203.5100,34310283,1.000000
2020-07-01,msft,203.1400,206.3500,201.7700,204.7000,32061206,1.000000
2020-07-02,msft,205.6800,208.0200,205.0000,206.2600,29315762,1.000000
2020-07-06,msft,208.8340,211.1300,208.0900,210.7000,31897629,1.000000
2020-07-07,msft,210.4500,214.6700,207.9900,208.2500,33600732,1.000000
2020-07-08,msft,210.0700,213.2600,208.6900,212.8300,33600025,1.000000
2020-07-09,msft,216.3300,216.3800,211.4700,214.3200,33121681,1.000000
2020-07-10,msft,213.6200,214.0800,211.0800,213.6700,26177633,1.000000
2020-07-13,msft,214.4800,215.8000,206.5000,207.0700,38135606,1.000000
2020-07-14,msft,206.1300,208.8500,202.0300,208.3500,37591820,1.000000
2020-07-15,msft,209.5600,211.3300,205.0300,208.0400,32179409,1.000000
2020-07-16,msft,205.4000,205.7000,202.3100,203.9200,29940653,1.000000
2020-07-17,msft,204.4700,205.0400,201.3900,202.8800,31635281,1.000000
2020-07-20,msft,205.0000,212.3000,203.0100,211.6000,36884836,1.000000
2020-07-21,msft,213.6600,213.9400,208.0300,208.7500,38105777,1.000000
2020-07-22,msft,209.2000,212.3000,208.3900,211.7500,49605692,1.000000
2020-07-23,msft,207.1900,210.9200,202.1500,202.5400,67457035,1.000000
2020-07-24,msft,200.4200,202.8600,197.5100,201.3000,39826989,1.000000
2020-07-27,msft,201.4700,203.9700,200.8600,203.8500,30160867,1.000000
2020-07-28,msft,203.6100,204.7000,201.7400,202.0200,23251388,1.000000
2020-07-29,msft,202.5000,204.6500,202.0100,204.0600,19632602,1.000000
2020-07-30,msft,201.0000,204.4600,199.5700,203.9000,25079596,1.000000
2020-07-31,msft,204.4000,205.1000,199.0100,205.0100,51247969,1.000000
2020-08-03,msft,211.5200,217.6400,210.4400,216.5400,78983009,1.000000
2020-08-04,msft,214.1700,214.7700,210.3100,213.2900,49280056,1.000000
2020-08-05,msft,214.9000,215.0000,211.5700,212.9400,28858621,1.000000
2020-08-06,msft,212.3400,216.3710,211.5500,216.3500,32656843,1.000000
2020-08-07,msft,214.8500,215.7000,210.9300,212.4800,27820421,1.000000
2020-08-10,msft,211.6700,211.8800,206.3500,208.2500,36716462,1.000000
2020-08-11,msft,207.1550,207.6500,203.1400,203.3800,36446459,1.000000
2020-08-12,msft,205.2900,210.2800,204.7500,209.1900,28041364,1.000000
2020-08-13,msft,209.4400,211.3500,208.1500,208.7000,22588870,1.000000
2020-08-14,msft,208.7600,209.5900,207.5100,208.9000,17958936,1.000000
2020-08-17,msft,209.6000,211.1870,208.9150,210.2800,20184757,1.000000
2020-08-18,msft,210.5300,212.3600,209.2100,211.4900,21336167,1.000000
2020-08-19,msft,211.4900,212.1000,209.2500,209.7000,27627561,1.000000
2020-08-20,msft,209.5400,215.0000,208.9100,214.5800,26981478,1.000000
2020-08-21,msft,213.8600,216.2500,212.8500,213.0200,36249319,1.000000
2020-08-24,msft,214.7900,215.5200,212.4300,213.6900,25460147,1.000000
2020-08-25,msft,213.1000,216.6100,213.1000,216.4700,23043696,1.000000
2020-08-26,msft,217.8800,222.0900,217.3600,221.1500,39600828,1.000000
2020-08-27,msft,222.8900,231.1500,219.4000,226.5800,57602195,1.000000
2020-08-28,msft,228.1800,230.6440,226.5800,228.9100,26292896,1.000000
2020-08-31,msft,227.0000,228.7000,224.3100,225.5300,28774156,1.000000
2020-09-01,msft,225.5100,227.4500,224.4300,227.2700,25791235,1.000000
2020-09-02,msft,227.9700,232.8600,227.3500,231.6500,34080839,1.000000
2020-09-03,msft,229.2700,229.3100,214.9600,217.3000,58400288,1.000000
2020-09-04,msft,215.1000,218.3600,205.1900,214.2500,59664072,1.000000
2020-09-08,msft,206.5000,210.0300,202.2000,202.6600,52924330,1.000000
2020-09-09,msft,207.6000,214.8400,206.7000,211.2900,45678986,1.000000
2020-09-10,msft,213.4000,214.7400,204.1100,205.3700,35461514,1.000000
2020-09-11,msft,207.2000,208.6300,201.2400,204.0300,33620073,1.000000
2020-09-14,msft,204.2400,209.2000,204.0300,205.4100,30375768,1.000000
2020-09-15,msft,208.4200,209.7800,206.9300,208.7800,21823942,1.000000
2020-09-16,msft,210.6200,210.6500,204.6400,205.0500,26372464,1.000000
2020-09-17,msft,200.0500,204.3300,199.9600,202.9100,34011257,1.000000
2020-09-18,msft,202.8000,203.6500,196.2500,200.3900,55225326,1.000000
2020-09-21,msft,197.1900,202.7100,196.3800,202.5400,39839657,1.000000
2020-09-22,msft,205.0600,208.1000,202.0800,207.4200,33517065,1.000000
2020-09-23,msft,207.9000,208.1000,200.0300,200.5900,30803780,1.000000
2020-09-24,msft,199.8500,205.5700,199.2000,203.1900,31202493,1.000000
2020-09-25,msft,203.5500,209.0400,202.5400,207.8200,29437312,1.000000
2020-09-28,msft,210.8800,212.5700,208.0600,209.4400,32004936,1.000000
2020-09-29,msft,209.3500,210.0700,206.8100,207.2600,24464472,1.000000
2020-09-30,msft,207.7300,211.9800,206.5400,210.3300,33829088,1.000000
2020-10-01,msft,213.4900,213.9900,211.3200,212.4600,27158418,1.000000
2020-10-02,msft,208.0000,210.9900,205.5400,206.1900,33154781,1.000000
2020-10-05,msft,207.2200,210.4100,206.9800,210.3800,21331561,1.000000
2020-10-06,msft,208.8200,210.1800,204.8200,205.9100,28554261,1.000000
2020-10-07,msft,207.0600,210.1100,206.7200,209.8300,25681054,1.000000
2020-10-08,msft,210.5100,211.1900,208.3200,210.5800,19925837,1.000000
2020-10-09,msft,211.2300,215.8600,211.2300,215.8100,26458047,1.000000
2020-10-12,msft,218.7900,223.8600,216.8100,221.4000,40461368,1.000000
2020-10-13,msft,222.7200,225.2100,220.4300,222.8600,28950843,1.000000
2020-10-14,msft,223.0000,224.2200,219.1300,220.8600,23451713,1.000000
2020-10-15,msft,217.1000,220.3600,216.0100,219.6600,22733064,1.000000
2020-10-16,msft,220.1500,222.2900,219.3200,219.6600,26057882,1.000000
2020-10-19,msft,220.4200,222.3000,213.7200,214.2200,27625841,1.000000
2020-10-20,msft,215.8000,217.3700,213.0900,214.6500,22753511,1.000000
2020-10-21,msft,213.1200,216.9200,213.1200,214.8000,22724906,1.000000
2020-10-22,msft,213.9300,216.0600,211.7000,214.8900,22351450,1.000000
2020-10-23,msft,215.0300,216.2800,213.1600,216.2300,18879608,1.000000
2020-10-26,msft,213.8500,216.3400,208.1000,210.0800,37111561,1.000000
2020-10-27,msft,211.5900,214.6700,210.3300,213.2500,36700325,1.000000
2020-10-28,msft,207.6700,208.8400,202.1000,202.6800,51195593,1.000000
2020-10-29,msft,204.0700,207.3600,203.3700,204.7200,31432563,1.000000
2020-10-30,msft,203.5000,204.2900,199.6200,202.4700,36980111,1.000000
2020-11-02,msft,204.2900,205.2800,200.1200,202.3300,30842163,1.000000
2020-11-03,msft,203.8900,208.1200,203.1200,206.4300,27512030,1.000000
2020-11-04,msft,214.0200,218.3200,212.4200,216.3900,42311777,1.000000
2020-11-05,msft,222.0400,224.1200,221.1500,223.2900,36080137,1.000000
2020-11-06,msft,222.2600,224.3600,218.0300,223.7200,25231895,1.000000
2020-11-09,msft,224.4400,228.1200,217.8800,218.3900,44394950,1.000000
2020-11-10,msft,214.5000,216.5000,209.7200,211.0100,44045120,1.000000
2020-11-11,msft,212.3900,218.0400,212.2000,216.5500,29440788,1.000000
2020-11-12,msft,217.2100,219.1100,214.4600,215.4400,21616115,1.000000
2020-11-13,msft,216.3600,217.4200,214.1600,216.5100,18630307,1.000000
2020-11-16,msft,214.8700,217.7400,214.5200,217.2300,24953344,1.000000
2020-11-17,msft,216.1000,217.6800,214.0800,214.4600,24154112,1.000000
2020-11-18,msft,213.6500,215.1700,210.9300,211.0800,28372789,1.000000
2020-11-19,msft,211.3800,213.0300,209.9300,212.4200,24792746,1.000000
2020-11-20,msft,212.2000,213.2900,210.0000,210.3900,22843119,1.000000
2020-11-23,msft,210.9500,212.2900,208.1600,210.1100,25683507,1.000000
2020-11-24,msft,209.5900,214.2500,208.8600,213.8600,33979731,1.000000
2020-11-25,msft,215.1100,215.2900,212.4600,213.8700,21012887,1.000000
2020-11-27,msft,214.8500,216.2700,214.0400,215.2300,14512213,1.000000
2020-11-30,msft,214.1000,214.7600,210.8400,214.0700,33064753,1.000000
2020-12-01,msft,214.5100,217.3200,213.3500,216.2100,30931318,1.000000
2020-12-02,msft,214.8800,215.4700,212.8000,215.3700,23724509,1.000000
2020-12-03,msft,214.6100,216.3800,213.6500,214.2400,25120922,1.000000
2020-12-04,msft,214.2200,215.3800,213.1800,214.3600,24666039,1.000000
2020-12-07,msft,214.3700,215.5400,212.9900,214.2900,24619997,1.000000
2020-12-08,msft,213.9700,216.9500,212.8900,216.0100,23284094,1.000000
2020-12-09,msft,215.1600,215.2300,211.2100,211.8000,32440603,1.000000
2020-12-10,msft,211.7700,213.0800,210.3600,210.5200,26467017,1.000000
2020-12-11,msft,210.0500,213.3200,209.1100,213.2600,30979440,1.000000
2020-12-14,msft,213.1000,216.2100,212.8800,214.2000,28798379,1.000000
2020-12-15,msft,215.1700,215.4200,212.2400,214.1300,27018106,1.000000
2020-12-16,msft,214.7500,220.1100,214.7200,219.2800,35023253,1.000000
2020-12-17,msft,219.8700,220.8900,217.9200,219.4200,32515784,1.000000
2020-12-18,msft,218.5900,219.6900,216.0200,218.5900,63354922,1.000000
2020-12-21,msft,217.5500,224.0000,217.2800,222.5900,37181886,1.000000
2020-12-22,msft,222.6900,225.6300,221.8500,223.9400,22643397,1.000000
2020-12-23,msft,223.1100,223.5600,220.8000,221.0200,18699638,1.000000
2020-12-24,msft,221.4200,223.6100,221.2000,222.7500,10550572,1.000000
2020-12-28,msft,224.4500,226.0300,223.0200,224.9600,17933496,1.000000
2020-12-29,msft,226.3100,227.1800,223.5800,224.1500,17403213,1.000000
2020-12-30,msft,225.2300,225.6300,221.4700,221.6800,20272337,1.000000
2020-12-31,msft,221.7000,223.0000,219.6800,222.4200,20942132,1.000000
2021-01-04,msft,222.5300,223.0000,214.8100,217.6900,37130139,1.000000
2021-01-05,msft,217.2600,218.5200,215.7000,217.9000,23822953,1.000000
2021-01-06,msft,212.1700,216.4900,211.9400,212.2500,35930653,1.000000
2021-01-07,msft,214.0400,219.3400,213.7100,218.2900,27694480,1.000000
2021-01-08,msft,218.6800,220.5800,217.0300,219.6200,22956206,1.000000
2021-01-11,msft,218.4700,218.9100,216.7300,217.4900,23047029,1.000000
2021-01-12,msft,216.5000,217.1000,213.3200,214.9300,23249336,1.000000
2021-01-13,msft,214.0200,216.7600,213.9300,216.3400,20087080,1.000000
2021-01-14,msft,215.9100,217.4600,212.7400,213.0200,29346737,1.000000
2021-01-15,msft,213.5200,214.5100,212.0300,212.6500,31746512,1.000000
2021-01-19,msft,213.7500,216.9800,212.6300,216.4400,30480859,1.000000
2021-01-20,msft,217.7000,225.7900,217.2900,224.3400,37777260,1.000000
2021-01-21,msft,224.7000,226.3000,222.4200,224.9700,30749553,1.000000
2021-01-22,msft,227.0800,230.0700,225.8000,225.9500,30172663,1.000000
2021-01-25,msft,229.1200,229.7800,224.2200,229.5300,33152095,1.000000
2021-01-26,msft,231.8600,234.1800,230.0800,232.3300,49169601,1.000000
2021-01-27,msft,238.0000,240.4400,230.1400,232.9000,69870638,1.000000
2021-01-28,msft,235.6100,242.6400,235.0900,238.9300,49111159,1.000000
2021-01-29,msft,235.9900,238.0200,231.3500,231.9600,42503138,1.000000
2021-02-01,msft,235.0600,242.5000,232.4300,239.6500,33314193,1.000000
2021-02-02,msft,241.3000,242.3100,238.6900,239.5100,25916337,1.000000
2021-02-03,msft,239.5700,245.0900,239.2600,243.0000,27158104,1.000000
2021-02-04,msft,242.6600,243.2400,240.3700,242.0100,25296100,1.000000
2021-02-05,msft,242.2300,243.2800,240.4200,242.2000,18054752,1.000000
2021-02-08,msft,243.1500,243.6800,240.8100,242.4700,22211929,1.000000
2021-02-09,msft,241.8700,244.7600,241.3800,243.7700,23564953,1.000000
2021-02-10,msft,245.0000,245.9200,240.8900,242.8200,22186706,1.000000
2021-02-11,msft,244.7800,245.1500,242.1500,244.4900,15751059,1.000000
2021-02-12,msft,243.9300,245.3000,242.7300,244.9900,16561079,1.000000
2021-02-16,msft,245.0300,246.1300,242.9200,243.7000,26728487,1.000000
2021-02-17,msft,241.3200,244.3100,240.9400,244.2000,21673109,1.000000
2021-02-18,msft,241.8000,243.9300,240.8600,243.7900,16925563,1.000000
2021-02-19,msft,243.7500,243.8600,240.1800,240.9700,25262600,1.000000
2021-02-22,msft,237.4200,237.9300,232.4000,234.5100,36446936,1.000000
2021-02-23,msft,230.3300,234.8300,228.7300,233.2700,30228704,1.000000
2021-02-24,msft,230.0100,235.2000,229.0000,234.5500,26339746,1.000000
2021-02-25,msft,232.0800,234.5900,227.8800,228.9900,39542235,1.000000
2021-02-26,msft,231.5300,235.3700,229.5400,232.3800,37819227,1.000000
2021-03-01,msft,235.9000,237.4700,233.1500,236.9400,25332837,1.000000
2021-03-02,msft,237.0100,237.3000,233.4500,233.8700,22812459,1.000000
2021-03-03,msft,232.1600,233.5800,227.2600,227.5600,34029526,1.000000
2021-03-04,msft,226.7400,232.4900,224.2600,226.7300,44727785,1.000000
2021-03-05,msft,229.5200,233.2700,226.4600,231.6000,41872770,1.000000
2021-03-08,msft,231.3700,233.3700,227.1300,227.3900,35267440,1.000000
2021-03-09,msft,232.8800,235.3800,231.6700,233.7800,33080531,1.000000
2021-03-10,msft,237.0000,237.0000,232.0400,232.4200,29746812,1.000000
2021-03-11,msft,234.9600,239.1700,234.3100,237.1300,29907586,1.000000
2021-03-12,msft,234.0100,235.8200,233.2300,235.7500,22653662,1.000000
2021-03-15,msft,234.9600,235.1900,231.8100,234.8100,26042669,1.000000
2021-03-16,msft,236.2800,240.0600,235.9400,237.7100,28092196,1.000000
2021-03-17,msft,236.1500,238.5500,233.2300,237.0400,29562100,1.000000
2021-03-18,msft,232.5600,234.1900,230.3300,230.7200,34852251,1.000000
2021-03-19,msft,231.0200,232.4700,229.3500,230.3500,46430730,1.000000
2021-03-22,msft,230.2700,236.9000,230.1400,235.9900,30127005,1.000000
2021-03-23,msft,237.4900,241.0500,237.0700,237.5800,31638376,1.000000
2021-03-24,msft,237.8500,238.0000,235.3200,235.4600,25620127,1.000000
2021-03-25,msft,235.3000,236.9400,231.5700,232.3400,34061853,1.000000
2021-03-26,msft,231.5500,236.7100,231.5500,236.4800,25479853,1.000000
2021-03-29,msft,236.5900,236.8000,231.8800,235.2400,25227455,1.000000
2021-03-30,msft,233.5300,233.8500,231.1000,231.8500,24792027,1.000000
2021-03-31,msft,232.9100,239.1000,232.3900,235.7700,43623471,1.000000
2021-04-01,msft,238.4700,242.8400,238.0500,242.3500,30337982,1.000000
2021-04-05,msft,242.7600,249.9600,242.7000,249.0700,36910609,1.000000
2021-04-06,msft,247.6100,249.4000,246.8800,247.8600,22931923,1.000000
2021-04-07,msft,247.8100,250.9300,247.1900,249.9000,22719835,1.000000
2021-04-08,msft,252.7700,254.1400,252.0000,253.2500,23625197,1.000000
2021-04-09,msft,252.8700,255.9900,252.4400,255.8500,24326833,1.000000
2021-04-12,msft,254.7100,257.6700,254.6200,255.9100,27148668,1.000000
2021-04-13,msft,257.2600,259.1800,256.8300,258.4900,23837712,1.000000
2021-04-14,msft,257.4800,258.8300,255.1600,255.5900,23070938,1.000000
2021-04-15,msft,257.9300,259.9300,257.7300,259.5000,25627481,1.000000
2021-04-16,msft,259.4700,261.0000,257.6000,260.7400,24878621,1.000000
2021-04-19,msft,260.1900,261.4800,257.8200,258.7400,23209260,1.000000
2021-04-20,msft,257.8200,260.2000,256.8400,258.2600,19722875,1.000000
2021-04-21,msft,258.9400,260.6800,257.2500,260.5800,24030383,1.000000
2021-04-22,msft,260.2100,261.7800,255.6400,257.1700,25606152,1.000000
2021-04-23,msft,257.8800,261.5100,257.2700,261.1500,21499286,1.000000
2021-04-26,msft,261.6600,262.4400,260.1700,261.5500,19763346,1.000000
2021-04-27,msft,261.5900,263.1900,260.1200,261.9700,31014213,1.000000
2021-04-28,msft,256.0800,256.5400,245.8500,254.5600,46903131,1.000000
2021-04-29,msft,255.4600,256.1000,249.0000,252.5100,40589023,1.000000
2021-04-30,msft,249.7400,253.0800,249.6000,252.1800,30945098,1.000000
2021-05-03,msft,253.4000,254.3500,251.1200,251.8600,19626568,1.000000
2021-05-04,msft,250.9700,251.2100,245.7600,247.7900,32756052,1.000000
2021-05-05,msft,249.0600,249.5000,245.8200,246.4700,21901325,1.000000
2021-05-06,msft,246.4500,249.8600,244.6900,249.7300,26491085,1.000000
2021-05-07,msft,252.1500,254.3000,251.1700,252.4600,27032912,1.000000
2021-05-10,msft,250.8700,251.7300,247.1200,247.1800,29299890,1.000000
2021-05-11,msft,244.5500,246.6000,242.5700,246.2300,33641589,1.000000
2021-05-12,msft,242.1700,244.3800,238.0700,239.0000,36684370,1.000000
2021-05-13,msft,241.8000,245.6000,241.4200,243.0300,29624298,1.000000
2021-05-14,msft,245.5800,249.1800,245.4900,248.1500,23901081,1.000000
2021-05-17,msft,246.5500,246.5900,243.5200,245.1800,24970168,1.000000
2021-05-18,msft,246.2700,246.4100,242.9000,243.0800,20167975,1.000000
2021-05-19,msft,239.3100,243.2300,238.6000,243.1200,25739807,1.000000
2021-05-20,msft,243.9600,247.9500,243.8600,246.4800,21800716,1.000000
2021-05-21,msft,247.5700,248.3300,244.7400,245.1700,21863058,1.000000
2021-05-24,msft,247.7900,251.1600,247.5100,250.7800,21411547,1.000000
2021-05-25,msft,251.7700,252.7500,250.8200,251.7200,17704303,1.000000
2021-05-26,msft,251.4300,252.9400,250.7500,251.4900,17771600,1.000000
2021-05-27,msft,251.1700,251.4800,249.2500,249.3100,24426244,1.000000
2021-05-28,msft,251.0000,252.0800,249.5600,249.6800,18274942,1.000000
2021-06-01,msft,251.2300,251.2900,246.9600,247.4000,23213310,1.000000
2021-06-02,msft,248.1300,249.2700,245.8400,247.3000,19406705,1.000000
2021-06-03,msft,245.2200,246.3400,243.0000,245.7100,25307711,1.000000
2021-06-04,msft,247.7600,251.6500,247.5100,250.7900,25281094,1.000000
2021-06-07,msft,249.9800,254.0900,249.8100,253.8100,23079167,1.000000
2021-06-08,msft,255.1600,256.0100,252.5100,252.5700,22454998,1.000000
2021-06-09,msft,253.8100,255.5300,253.2100,253.5900,17937634,1.000000
2021-06-10,msft,254.2900,257.4600,253.6700,257.2400,24563619,1.000000
2021-06-11,msft,257.9900,258.4900,256.6100,257.8900,18999731,1.000000
2021-06-14,msft,257.9000,259.9500,256.8000,259.8900,19150507,1.000000
2021-06-15,msft,259.7800,259.9900,257.6800,258.3600,18038931,1.000000
2021-06-16,msft,259.4000,260.5800,254.4200,257.3800,27219956,1.000000
2021-06-17,msft,256.0700,261.7500,256.0100,260.9000,27565537,1.000000
2021-06-18,msft,259.6300,262.3000,258.7500,259.4300,37202217,1.000000
2021-06-21,msft,259.8200,263.5200,257.9200,262.6300,26696119,1.000000
2021-06-22,msft,262.7200,265.7900,262.4000,265.5100,24694090,1.000000
2021-06-23,msft,265.9900,266.8300,264.4300,265.2800,19518681,1.000000
2021-06-24,msft,266.1600,267.8500,265.4700,266.6900,21446867,1.000000
2021-06-25,msft,266.2300,267.2500,264.7600,265.0200,25611113,1.000000
2021-06-28,msft,266.1900,268.9000,265.9100,268.7200,19590024,1.000000
2021-06-29,msft,268.8700,271.6500,267.9800,271.4000,19937811,1.000000
2021-06-30,msft,270.6900,271.3600,269.6000,270.9000,21656457,1.000000
2021-07-01,msft,269.6100,271.8400,269.6000,271.6000,16725323,1.000000
2021-07-02,msft,272.8200,278.0000,272.5000,277.6500,26474408,1.000000
2021-07-06,msft,278.0300,279.3700,274.3000,277.6600,31565560,1.000000
2021-07-07,msft,279.4000,280.6900,277.1500,279.9300,23260031,1.000000
2021-07-08,msft,276.9000,278.7300,274.8700,277.4200,24618591,1.000000
2021-07-09,msft,275.7200,278.0500,275.3200,277.9400,23916665,1.000000
2021-07-12,msft,279.1600,279.7700,276.5800,277.3200,18931695,1.000000
2021-07-13,msft,277.5200,282.8500,277.3900,280.9800,26120128,1.000000
2021-07-14,msft,282.3500,283.6600,280.5500,282.5100,23113662,1.000000
2021-07-15,msft,282.0000,282.5100,279.8300,281.0300,22604227,1.000000
2021-07-16,msft,282.0700,284.1000,279.4600,280.7500,26186848,1.000000
2021-07-19,msft,278.9300,280.3700,274.4500,277.0100,32935634,1.000000
2021-07-20,msft,278.0300,280.9700,276.2600,279.3200,26259741,1.000000
2021-07-21,msft,278.9100,281.5200,277.2900,281.4000,24364320,1.000000
2021-07-22,msft,283.8400,286.4200,283.4200,286.1400,23384059,1.000000
2021-07-23,msft,287.3700,289.9900,286.5000,289.6700,22768071,1.000000
2021-07-26,msft,289.0000,289.6900,286.6400,289.0500,23176073,1.000000
2021-07-27,msft,289.4300,289.5800,282.9500,286.5400,33604073,1.000000
2021-07-28,msft,288.9900,290.1500,283.8300,286.2200,33566853,1.000000
2021-07-29,msft,286.2400,288.6200,286.0800,286.5000,18168294,1.000000
2021-07-30,msft,285.1700,286.6600,283.9100,284.9100,20944846,1.000000
2021-08-02,msft,286.3600,286.7800,283.7400,284.8200,16267357,1.000000
2021-08-03,msft,285.4200,287.2300,284.0000,287.1200,17879048,1.000000
2021-08-04,msft,286.2200,287.5900,284.6500,286.5100,16191301,1.000000
2021-08-05,msft,286.8800,289.6300,286.1000,289.5200,13900167,1.000000
2021-08-06,msft,288.5100,289.5000,287.6200,289.4600,16589336,1.000000
2021-08-09,msft,289.7500,291.5500,287.8100,288.3300,16117629,1.000000
2021-08-10,msft,288.8000,289.2500,285.2000,286.4400,18616578,1.000000
2021-08-11,msft,287.2100,288.6600,285.8600,286.9500,13955934,1.000000
2021-08-12,msft,286.6300,289.9700,286.3400,289.8100,14570391,1.000000
2021-08-13,msft,289.4800,292.9000,289.3000,292.8500,18249046,1.000000
2021-08-16,msft,293.1900,294.8200,290.0200,294.6000,22516027,1.000000
2021-08-17,msft,292.3900,293.4300,291.0800,293.0800,20075250,1.000000
2021-08-18,msft,292.0400,294.8200,290.2700,290.7300,21812985,1.000000
2021-08-19,msft,288.6900,297.4700,288.6400,296.7700,29850461,1.000000
2021-08-20,msft,299.7200,305.8400,298.0600,304.3600,40817646,1.000000
2021-08-23,msft,303.2500,305.4000,301.8500,304.6500,22830157,1.000000
2021-08-24,msft,305.0200,305.6500,302.0000,302.6200,18175774,1.000000
2021-08-25,msft,304.3000,304.5900,300.4200,302.0100,20006057,1.000000
2021-08-26,msft,300.9900,302.4300,298.9500,299.0900,17666084,1.000000
2021-08-27,msft,298.9900,300.8700,296.8300,299.7200,22605726,1.000000
2021-08-30,msft,301.1200,304.2200,301.0600,303.5900,16348072,1.000000
2021-08-31,msft,304.4200,304.5000,301.5000,301.8800,26285338,1.000000
2021-09-01,msft,302.8700,305.1900,301.4900,301.8300,18983826,1.000000
2021-09-02,msft,302.2000,303.3600,300.1800,301.1500,16290545,1.000000
2021-09-03,msft,300.9900,302.6000,300.2600,301.1400,14751610,1.000000
2021-09-07,msft,301.0100,301.0900,298.2000,300.1800,17184083,1.000000
2021-09-08,msft,299.7800,300.6100,297.4700,300.2100,15046819,1.000000
2021-09-09,msft,300.8200,302.1400,297.0000,297.2500,19927000,1.000000
2021-09-10,msft,298.4200,299.9200,295.3800,295.7100,19633363,1.000000
2021-09-13,msft,297.5500,298.5400,294.0800,296.9900,23652949,1.000000
2021-09-14,msft,299.5600,301.3900,298.1000,299.7900,21853433,1.000000
2021-09-15,msft,303.2600,305.3200,301.8200,304.8200,28356304,1.000000
2021-09-16,msft,303.7600,305.3100,300.7600,305.2200,19550815,1.000000
2021-09-17,msft,304.1700,304.5000,299.5300,299.8700,41372457,1.000000
2021-09-20,msft,296.3300,298.7200,289.5200,294.3000,38278661,1.000000
2021-09-21,msft,295.6900,297.5400,294.0700,294.8000,22364103,1.000000
2021-09-22,msft,296.7300,300.2200,294.5100,298.5800,26626342,1.000000
2021-09-23,msft,298.8500,300.9000,297.5300,299.5600,18604601,1.000000
2021-09-24,msft,298.2300,299.8000,296.9300,299.3500,14998978,1.000000
2021-09-27,msft,296.1400,296.4700,292.9400,294.1700,23571742,1.000000
2021-09-28,msft,289.8000,290.7800,282.7500,283.5200,43186237,1.000000
2021-09-29,msft,285.1000,286.7700,283.0100,284.0000,26353696,1.000000
2021-09-30,msft,285.7100,287.8300,281.6200,281.9200,32343641,1.000000
2021-10-01,msft,282.1200,289.9800,281.2900,289.1000,30086280,1.000000
2021-10-04,msft,287.4000,287.7500,280.2500,283.1100,31350747,1.000000
2021-10-05,msft,284.0500,290.4000,284.0500,288.7600,24993024,1.000000
2021-10-06,msft,285.7800,293.6300,285.5100,293.1100,28002559,1.000000
2021-10-07,msft,295.1800,296.6400,293.9200,294.8500,20430471,1.000000
2021-10-08,msft,296.2200,296.6400,293.7600,294.8500,17685700,1.000000
2021-10-11,msft,292.9200,297.9700,292.7500,294.2300,19298634,1.000000
2021-10-12,msft,295.3400,295.4400,292.3500,292.8800,17974143,1.000000
2021-10-13,msft,294.9100,297.2800,293.4900,296.3100,23424025,1.000000
2021-10-14,msft,299.2100,303.2700,297.8300,302.7500,27262902,1.000000
2021-10-15,msft,302.3400,304.4500,300.5200,304.2100,25384803,1.000000
2021-10-18,msft,303.5700,308.2100,302.6900,307.2900,22729297,1.000000
2021-10-19,msft,308.3500,309.3000,307.2200,308.2300,17682139,1.000000
2021-10-20,msft,309.2100,309.7000,306.1100,307.4100,16537069,1.000000
2021-10-21,msft,307.1700,311.0200,306.3600,310.7600,16918100,1.000000
2021-10-22,msft,310.4000,311.0900,307.8000,309.1600,17449332,1.000000
2021-10-25,msft,309.3600,309.4000,306.4600,308.1300,17554469,1.000000
2021-10-26,msft,311.0000,312.4000,308.6000,310.1100,28107349,1.000000
2021-10-27,msft,316.0000,326.1000,316.0000,323.1700,52588690,1.000000
2021-10-28,msft,324.3300,324.8700,321.3600,324.3500,26297943,1.000000
2021-10-29,msft,324.1300,332.0000,323.9000,331.6200,34765982,1.000000
2021-11-01,msft,331.3600,331.4900,326.3700,329.3700,27073182,1.000000
2021-11-02,msft,330.3100,333.4500,330.0000,333.1300,26487109,1.000000
2021-11-03,msft,333.9000,334.9000,330.6500,334.0000,21500082,1.000000
2021-11-04,msft,332.8900,336.5400,329.5100,336.4400,23992202,1.000000
2021-11-05,msft,338.5100,338.7900,334.4200,336.0600,22570098,1.000000
2021-11-08,msft,337.3000,337.6500,334.4400,336.9900,20897001,1.000000
2021-11-09,msft,337.1100,338.7200,334.5300,335.9500,21307370,1.000000
2021-11-10,msft,334.5700,334.6300,329.9200,330.8000,25500938,1.000000
2021-11-11,msft,331.2500,333.7700,330.5100,332.4300,16849844,1.000000
2021-11-12,msft,333.9200,337.2300,333.7900,336.7200,23831049,1.000000
2021-11-15,msft,337.5400,337.8800,334.0300,336.0700,16723009,1.000000
2021-11-16,msft,335.6800,340.6700,335.5100,339.5100,20886832,1.000000
2021-11-17,msft,338.9400,342.1900,338.0000,339.1200,19053380,1.000000
2021-11-18,msft,338.1800,342.4500,337.1200,341.2700,22463533,1.000000
2021-11-19,msft,342.6400,345.1000,342.2500,343.1100,21963433,1.000000
2021-11-22,msft,344.6200,349.6700,339.5500,339.8300,31031113,1.000000
2021-11-23,msft,337.0500,339.4500,333.5600,337.6800,30427563,1.000000
2021-11-24,msft,336.2800,338.1600,333.9100,337.9100,21661307,1.000000
2021-11-26,msft,334.3500,337.9300,328.1200,329.6800,24217242,1.000000
2021-11-29,msft,334.9400,339.0300,334.7400,336.6300,28563481,1.000000
2021-11-30,msft,335.3200,337.7800,328.9900,330.5900,42885609,1.000000
2021-12-01,msft,335.1300,339.2800,329.3900,330.0800,33401151,1.000000
2021-12-02,msft,330.3000,333.4900,327.8000,329.4900,30765980,1.000000
2021-12-03,msft,331.9900,332.7000,318.0300,323.0100,41779279,1.000000
2021-12-06,msft,323.9500,327.4500,319.2300,326.1900,30032556,1.000000
2021-12-07,msft,331.6400,335.8000,330.1000,334.9200,31022336,1.000000
2021-12-08,msft,335.3100,335.5000,330.8000,334.9700,24760988,1.000000
2021-12-09,msft,334.4100,336.4900,332.1200,333.1000,22214158,1.000000
2021-12-10,msft,334.9800,343.0000,334.7900,342.5400,38095694,1.000000
2021-12-13,msft,340.6800,343.7900,339.0800,339.4000,28899431,1.000000
2021-12-14,msft,333.2200,334.3600,324.1100,328.3400,44438750,1.000000
2021-12-15,msft,328.6100,335.1900,324.5000,334.6500,35381122,1.000000
2021-12-16,msft,335.7100,336.7600,323.0200,324.9000,35034831,1.000000
2021-12-17,msft,320.8800,324.9200,317.2500,323.8000,47983713,1.000000
2021-12-20,msft,320.0500,322.8000,317.5700,319.9100,28326532,1.000000
2021-12-21,msft,323.2900,327.7300,319.8000,327.2900,24740597,1.000000
2021-12-22,msft,328.3000,333.6100,325.7500,333.2000,24831493,1.000000
2021-12-23,msft,332.7500,336.3900,332.7300,334.6900,19617848,1.000000
2021-12-27,msft,335.4600,342.4800,335.4300,342.4500,19947029,1.000000
2021-12-28,msft,343.1500,343.8100,340.3200,341.2500,15661467,1.000000
2021-12-29,msft,341.3000,344.3000,339.6800,341.9500,15041956,1.000000
2021-12-30,msft,341.9100,343.1300,338.8200,339.3200,15994471,1.000000
2021-12-31,msft,338.5100,339.3600,335.8500,336.3200,18000797,1.000000
2022-01-03,msft,335.3500,338.0000,329.7800,334.7500,28918013,1.000000
2022-01-04,msft,334.8300,335.2000,326.1200,329.0100,32674306,1.000000
2022-01-05,msft,325.8600,326.0700,315.9800,316.3800,40054331,1.000000
2022-01-06,msft,313.1500,318.7000,311.4900,313.8800,39646152,1.000000
2022-01-07,msft,314.1500,316.5000,310.0900,314.0400,32720018,1.000000
2022-01-10,msft,309.4900,314.7200,304.6900,314.2700,44289517,1.000000
2022-01-11,msft,313.3800,316.6100,309.8900,314.9800,29386774,1.000000
2022-01-12,msft,319.6700,323.4100,317.0800,318.2700,34372217,1.000000
2022-01-13,msft,320.4700,320.8500,304.0000,304.8000,45365984,1.000000
2022-01-14,msft,304.2500,310.8000,303.7500,310.2000,39846454,1.000000
2022-01-18,msft,304.0700,309.8000,301.7400,302.6500,42434112,1.000000
2022-01-19,msft,306.2900,313.9100,302.7000,303.3300,45933855,1.000000
2022-01-20,msft,309.0700,311.6500,301.1400,301.6000,35380675,1.000000
2022-01-21,msft,302.6900,304.1100,295.6100,296.0300,57984403,1.000000
2022-01-24,msft,292.2000,297.1100,276.0500,296.3700,86035393,1.000000
2022-01-25,msft,291.5200,294.9900,285.1700,288.4900,72848638,1.000000
2022-01-26,msft,307.9900,308.5000,293.0300,296.7100,90428853,1.000000
2022-01-27,msft,302.6600,307.3000,297.9300,299.8400,53481317,1.000000
2022-01-28,msft,300.2300,308.4800,294.4500,308.2600,49743698,1.000000
2022-01-31,msft,308.9500,312.3800,306.3700,310.9800,46444536,1.000000
2022-02-01,msft,310.4100,310.6300,305.1300,308.7600,40950396,1.000000
2022-02-02,msft,309.6300,315.1200,308.8800,313.4600,36635989,1.000000
2022-02-03,msft,309.4900,311.2300,299.9600,301.2500,43729972,1.000000
2022-02-04,msft,300.2100,308.8000,299.9700,305.9400,35096488,1.000000
2022-02-07,msft,306.1700,307.8400,299.9000,300.9500,28533286,1.000000
2022-02-08,msft,301.2500,305.5600,299.9500,304.5600,32421188,1.000000
2022-02-09,msft,309.8700,311.9300,307.3900,311.2100,31284671,1.000000
2022-02-10,msft,304.0400,309.1200,300.7000,302.3800,45386199,1.000000
2022-02-11,msft,303.1900,304.2900,294.2200,295.0400,39175620,1.000000
2022-02-14,msft,293.7700,296.7600,291.3500,295.0000,36359487,1.000000
2022-02-15,msft,300.0100,300.8000,297.0200,300.4700,27379488,1.000000
2022-02-16,msft,298.3700,300.8700,293.6800,299.5000,29982121,1.000000
2022-02-17,msft,296.3600,296.8000,290.0000,290.7300,32461580,1.000000
2022-02-18,msft,293.0500,293.8600,286.3100,287.9300,34264008,1.000000
2022-02-22,msft,285.0000,291.5400,284.5000,287.7200,41736117,1.000000
2022-02-23,msft,290.1800,291.7000,280.1000,280.2700,37811167,1.000000
2022-02-24,msft,272.5100,295.1600,271.5200,294.5900,56989686,1.000000
2022-02-25,msft,295.1400,297.6300,291.6600,297.3100,32546721,1.000000
2022-02-28,msft,294.3100,299.1400,293.0000,298.7900,34627457,1.000000
2022-03-01,msft,296.4000,299.9700,292.1500,294.9500,31217778,1.000000
2022-03-02,msft,295.3600,301.4700,293.7000,300.1900,31873007,1.000000
2022-03-03,msft,302.8900,303.1300,294.0500,295.9200,27314469,1.000000
2022-03-04,msft,294.2900,295.6600,287.1700,289.8600,32369655,1.000000
2022-03-07,msft,288.5300,289.6900,278.5300,278.9100,43157178,1.000000
2022-03-08,msft,277.8000,283.9600,270.0000,275.8500,48159475,1.000000
2022-03-09,msft,283.4400,289.6000,280.7800,288.5000,35204480,1.000000
2022-03-10,msft,283.0200,286.6000,280.5800,285.5900,30628012,1.000000
2022-03-11,msft,287.9600,289.5100,279.4300,280.0700,27209330,1.000000
2022-03-14,msft,280.3400,285.4000,275.8200,276.4400,30660747,1.000000
2022-03-15,msft,280.3500,287.8200,278.7300,287.1500,34245085,1.000000
2022-03-16,msft,289.1100,294.5700,283.2000,294.3900,37826329,1.000000
2022-03-17,msft,293.2900,295.6100,289.3700,295.2200,30816633,1.000000
2022-03-18,msft,295.3700,301.0000,292.7300,300.4300,43390625,1.000000
2022-03-21,msft,298.8900,300.1400,294.9000,299.1600,28351245,1.000000
2022-03-22,msft,299.8000,305.0000,298.7700,304.0600,27599689,1.000000
2022-03-23,msft,300.5100,303.2300,297.7200,299.4900,25715377,1.000000
2022-03-24,msft,299.1400,304.2000,298.3200,304.1000,24484456,1.000000
2022-03-25,msft,305.2300,305.5000,299.2900,303.6800,22566453,1.000000
2022-03-28,msft,304.3300,310.8000,304.3300,310.7000,29578188,1.000000
2022-03-29,msft,313.9100,315.8200,309.0500,315.4100,30393403,1.000000
2022-03-30,msft,313.7600,315.9500,311.5800,313.8600,28163555,1.000000
2022-03-31,msft,313.9000,315.1400,307.8900,308.3100,33422070,1.000000
2022-04-01,msft,309.3700,310.1300,305.5400,309.4200,27110529,1.000000
2022-04-04,msft,310.0900,315.1100,309.7100,314.9700,24335868,1.000000
2022-04-05,msft,313.2700,314.8700,309.8700,310.8800,23156719,1.000000
2022-04-06,msft,305.1900,307.0000,296.7100,299.5000,40110372,1.000000
2022-04-07,msft,296.6600,303.6500,296.3500,301.3700,31411155,1.000000
2022-04-08,msft,300.4400,301.1200,296.2800,296.9700,24361917,1.000000
2022-04-11,msft,291.7900,292.6100,285.0000,285.2600,34569264,1.000000
2022-04-12,msft,289.2400,290.7400,280.4900,282.0600,30966721,1.000000
2022-04-13,msft,282.7300,288.5800,281.3000,287.6200,21907176,1.000000
2022-04-14,msft,288.0900,288.3100,279.3200,279.8300,28221607,1.000000
2022-04-18,msft,278.9100,282.4600,278.3400,280.5200,20778000,1.000000
2022-04-19,msft,279.3800,286.1700,278.4100,285.3000,22297720,1.000000
2022-04-20,msft,289.4000,289.7000,285.3700,286.3600,22906667,1.000000
2022-04-21,msft,288.5800,293.3000,280.0600,280.8100,29454587,1.000000
2022-04-22,msft,281.6800,283.2000,273.3800,274.0300,29405798,1.000000
2022-04-25,msft,273.2900,281.1100,270.7700,280.7200,35678852,1.000000
2022-04-26,msft,277.5000,278.3600,270.0000,270.2200,46518445,1.000000
2022-04-27,msft,282.1000,290.9700,279.1600,283.2200,63477694,1.000000
2022-04-28,msft,285.1900,290.9800,281.4600,289.6300,33646570,1.000000
2022-04-29,msft,288.6100,289.8800,276.5000,277.5200,37073923,1.000000
2022-05-02,msft,277.7100,284.9400,276.2200,284.4700,35151105,1.000000
2022-05-03,msft,283.9600,284.1300,280.1500,281.7800,25978605,1.000000
2022-05-04,msft,282.5900,290.8800,276.7300,289.9800,33599320,1.000000
2022-05-05,msft,285.5400,286.3500,274.3400,277.3500,43260386,1.000000
2022-05-06,msft,274.8100,279.2500,271.2700,274.7300,37780322,1.000000
2022-05-09,msft,270.0600,272.3600,263.3200,264.5800,47725952,1.000000
2022-05-10,msft,271.6900,273.7500,265.0700,269.5000,39336424,1.000000
2022-05-11,msft,265.6800,271.3600,259.3000,260.5500,48975898,1.000000
2022-05-12,msft,257.6900,259.8800,250.0200,255.3500,51033802,1.000000
2022-05-13,msft,257.3500,263.0400,255.3500,261.1200,34925093,1.000000
2022-05-16,msft,259.9600,265.8200,255.7800,261.5000,32550933,1.000000
2022-05-17,msft,266.1100,268.3300,262.4600,266.8200,28828799,1.000000
2022-05-18,msft,263.0000,263.6000,252.7700,254.0800,31355985,1.000000
2022-05-19,msft,253.9000,257.6700,251.8800,253.1400,32692286,1.000000
2022-05-20,msft,257.2400,258.5400,246.4400,252.5600,39199279,1.000000
2022-05-23,msft,255.4900,261.5000,253.4300,260.6500,33175379,1.000000
2022-05-24,msft,257.8900,261.3300,253.5000,259.6200,29043904,1.000000
2022-05-25,msft,258.1400,264.5800,257.1300,262.5200,28547947,1.000000
2022-05-26,msft,262.2700,267.1100,261.4300,265.9000,25002105,1.000000
2022-05-27,msft,268.4800,273.3400,267.5600,273.2400,26910806,1.000000
2022-05-31,msft,272.5300,274.7700,268.9300,271.8700,37827695,1.000000
2022-06-01,msft,275.2000,277.6900,270.0400,272.4200,25292174,1.000000
2022-06-02,msft,264.4500,274.6500,261.6000,274.5800,44008209,1.000000
2022-06-03,msft,270.3100,273.4500,268.4100,270.0200,28058958,1.000000
2022-06-06,msft,272.0600,274.1800,267.2200,268.7500,22400342,1.000000
2022-06-07,msft,266.6400,273.1300,266.0300,272.5000,22860827,1.000000
2022-06-08,msft,271.7100,273.0000,269.6100,270.4100,17372341,1.000000
2022-06-09,msft,267.7800,272.7100,264.6300,264.7900,26439728,1.000000
2022-06-10,msft,260.5800,260.5800,252.5300,252.9900,31445841,1.000000
2022-06-13,msft,245.1100,249.0200,241.5300,242.2600,46135788,1.000000
2022-06-14,msft,243.8600,245.7400,241.5100,244.4900,28651487,1.000000
2022-06-15,msft,248.3100,255.3000,246.4200,251.7600,33111729,1.000000
2022-06-16,msft,245.9800,247.4200,243.0200,244.9700,33169160,1.000000
2022-06-17,msft,244.7000,250.5000,244.0300,247.6500,43084780,1.000000
2022-06-21,msft,250.2600,254.7500,249.5100,253.7400,29928297,1.000000
2022-06-22,msft,251.8900,257.1700,250.3700,253.1300,25961215,1.000000
2022-06-23,msft,255.5700,259.3700,253.6300,258.8600,25861449,1.000000
2022-06-24,msft,261.8100,267.9800,261.7200,267.7000,33923231,1.000000
2022-06-27,msft,268.2100,268.3000,263.2800,264.8900,24615114,1.000000
2022-06-28,msft,263.9800,266.9100,256.3200,256.4800,27380247,1.000000
2022-06-29,msft,257.5900,261.9700,255.7600,260.2600,20069839,1.000000
2022-06-30,msft,257.0500,259.5300,252.9000,256.8300,31730868,1.000000
2022-07-01,msft,256.3900,259.7700,254.6100,259.5800,22837692,1.000000
2022-07-05,msft,256.1600,262.9800,254.7400,262.8500,22971634,1.000000
2022-07-06,msft,263.7500,267.9900,262.4000,266.2100,23824419,1.000000
2022-07-07,msft,265.1200,269.0600,265.0200,268.4000,20859874,1.000000
2022-07-08,msft,264.7900,268.1000,263.2900,267.6600,19658751,1.000000
2022-07-11,msft,265.6500,266.5300,262.1800,264.5100,19519108,1.000000
2022-07-12,msft,265.8800,265.9400,252.0400,253.6700,35868450,1.000000
2022-07-13,msft,250.1900,253.5500,248.1100,252.7200,29497423,1.000000
2022-07-14,msft,250.5700,255.1400,245.9400,254.0800,25102823,1.000000
2022-07-15,msft,255.7200,260.3700,254.7700,256.7200,29774050,1.000000
2022-07-18,msft,259.7500,260.8400,253.3000,254.2500,20975034,1.000000
2022-07-19,msft,257.5800,259.7200,253.6800,259.5300,25012562,1.000000
2022-07-20,msft,259.9000,264.8700,258.9100,262.2700,22788282,1.000000
2022-07-21,msft,259.7900,264.8900,257.0300,264.8400,22404675,1.000000
2022-07-22,msft,265.2400,265.3300,259.0700,260.3600,21881290,1.000000
2022-07-25,msft,261.0000,261.5000,256.8100,258.8300,21055998,1.000000
2022-07-26,msft,259.8600,259.8800,249.5700,251.9000,39347957,1.000000
2022-07-27,msft,261.1600,270.0500,258.8500,268.7400,45994049,1.000000
2022-07-28,msft,269.7500,277.8400,267.8700,276.4100,33459327,1.000000
2022-07-29,msft,277.7000,282.0000,276.6300,280.7400,32152752,1.000000
2022-08-01,msft,277.8200,281.2800,275.8400,278.0100,21539580,1.000000
2022-08-02,msft,276.0000,277.8900,272.3800,274.8200,22754184,1.000000
2022-08-03,msft,276.7600,283.5000,276.6100,282.4700,23518874,1.000000
2022-08-04,msft,281.8000,283.8000,280.1700,283.6500,18098668,1.000000
2022-08-05,msft,279.1500,283.6500,278.6800,282.9100,16774606,1.000000
2022-08-08,msft,284.0500,285.9200,279.3200,280.3200,18757818,1.000000
2022-08-09,msft,279.6400,283.0800,277.6100,282.3000,23405238,1.000000
2022-08-10,msft,288.1700,289.8100,286.9400,289.1600,24687845,1.000000
2022-08-11,msft,290.8500,291.2100,286.5100,287.0200,20065938,1.000000
2022-08-12,msft,288.4800,291.9100,286.9400,291.9100,22619675,1.000000
2022-08-15,msft,291.0000,294.1800,290.1100,293.4700,18085654,1.000000
2022-08-16,msft,291.9900,294.0400,290.4200,292.7100,18102882,1.000000
2022-08-17,msft,289.7400,293.3500,289.4700,291.3200,18253358,1.000000
2022-08-18,msft,290.1900,291.9100,289.0800,290.1700,17186192,1.000000
2022-08-19,msft,288.9000,289.2500,285.5600,286.1500,20570033,1.000000
2022-08-22,msft,282.0800,282.4600,277.2200,277.7500,25061070,1.000000
2022-08-23,msft,276.4400,278.8600,275.4000,276.4400,17527409,1.000000
2022-08-24,msft,275.4100,277.2300,275.1100,275.7900,18137019,1.000000
2022-08-25,msft,277.3300,279.0200,274.5200,278.8500,16583407,1.000000
2022-08-26,msft,279.0800,280.3400,267.9800,268.0900,27549307,1.000000
2022-08-29,msft,265.8500,267.4000,263.8500,265.2300,20338544,1.000000
2022-08-30,msft,266.6700,267.0500,260.6600,262.9700,22767071,1.000000
2022-08-31,msft,265.3900,267.1100,261.3300,261.4700,24791834,1.000000
2022-09-01,msft,258.8700,260.8900,255.4100,260.4000,23263431,1.000000
2022-09-02,msft,261.7000,264.7400,254.4700,256.0600,22855380,1.000000
2022-09-06,msft,256.2000,257.8300,251.9400,253.2500,21328242,1.000000
2022-09-07,msft,254.7000,258.8300,253.2200,258.0900,24126700,1.000000
2022-09-08,msft,257.5100,260.4300,254.7900,258.5200,20319911,1.000000
2022-09-09,msft,260.5000,265.2300,260.2900,264.4600,22093190,1.000000
2022-09-12,msft,265.7800,267.4500,265.1600,266.6500,18747690,1.000000
2022-09-13,msft,258.8400,260.4000,251.5900,251.9900,33353318,1.000000
2022-09-14,msft,253.5300,254.2300,249.8600,252.2200,23912954,1.000000
2022-09-15,msft,249.7700,251.4000,244.0200,245.3800,31530948,1.000000
2022-09-16,msft,244.2600,245.3000,242.0600,244.7400,39791768,1.000000
2022-09-19,msft,242.4700,245.1400,240.8500,244.5200,26826931,1.000000
2022-09-20,msft,242.0700,243.5100,239.6400,242.4500,26660299,1.000000
2022-09-21,msft,244.2700,247.6600,238.9000,238.9500,28625557,1.000000
2022-09-22,msft,237.8700,243.8600,237.5700,240.9800,31061162,1.000000
2022-09-23,msft,239.5400,241.1300,235.2000,237.9200,34176048,1.000000
2022-09-26,msft,237.0500,241.4500,236.9000,237.4500,27694190,1.000000
2022-09-27,msft,239.9800,241.8000,234.5000,236.4100,27018732,1.000000
2022-09-28,msft,236.8100,242.3300,234.7300,241.0700,29029679,1.000000
2022-09-29,msft,238.8900,239.9500,234.4100,237.5000,27484233,1.000000
2022-09-30,msft,238.2900,240.5400,232.7300,232.9000,35694832,1.000000
2022-10-03,msft,235.4100,241.6100,234.6600,240.7400,28880357,1.000000
2022-10-04,msft,245.0900,250.3600,244.9800,248.8800,34888416,1.000000
2022-10-05,msft,245.9900,250.5800,244.1000,249.2000,20347136,1.000000
2022-10-06,msft,247.9300,250.3400,246.0800,246.7900,20239886,1.000000
2022-10-07,msft,240.9000,241.3200,233.1700,234.2400,37769602,1.000000
2022-10-10,msft,233.0500,234.5600,226.7300,229.2500,29743608,1.000000
2022-10-11,msft,227.6200,229.0600,224.1100,225.4100,30473954,1.000000
2022-10-12,msft,225.4000,227.8600,223.9600,225.7500,21903937,1.000000
2022-10-13,msft,219.8500,236.1000,219.1300,234.2400,42551818,1.000000
2022-10-14,msft,235.5400,237.2400,228.3400,228.5600,30198588,1.000000
2022-10-17,msft,235.8200,238.9600,235.1400,237.5300,28142268,1.000000
2022-10-18,msft,243.2400,243.9300,235.3700,238.5000,26329591,1.000000
2022-10-19,msft,237.0400,239.6100,234.2900,236.4800,19985698,1.000000
2022-10-20,msft,235.7700,241.3100,234.8700,236.1500,21811015,1.000000
2022-10-21,msft,234.7400,243.0000,234.5000,242.1200,26299733,1.000000
2022-10-24,msft,243.7600,247.8400,241.3000,247.2500,24911212,1.000000
2022-10-25,msft,247.2600,251.0400,245.8300,250.6600,34775505,1.000000
2022-10-26,msft,231.1700,238.3000,230.0600,231.3200,82684846,1.000000
2022-10-27,msft,231.0400,233.6900,225.7800,226.7500,40424645,1.000000
2022-10-28,msft,226.2400,236.6000,226.0500,235.8700,40647724,1.000000
2022-10-31,msft,233.7600,234.9200,231.1500,232.1300,28357265,1.000000
2022-11-01,msft,234.6000,235.7400,227.3300,228.1700,30592271,1.000000
2022-11-02,msft,229.4600,231.3000,220.0400,220.1000,38407008,1.000000
2022-11-03,msft,220.0900,220.4100,213.9800,214.2500,36633922,1.000000
2022-11-04,msft,217.5500,221.5900,213.4300,221.3900,36789063,1.000000
2022-11-07,msft,221.9900,228.4100,221.2800,227.8700,33497979,1.000000
2022-11-08,msft,228.7000,231.6500,225.8400,228.8700,28192548,1.000000
2022-11-09,msft,227.3700,228.6300,224.3300,224.5100,27852910,1.000000
2022-11-10,msft,235.4300,243.3300,235.0000,242.9800,46268021,1.000000
2022-11-11,msft,242.9900,247.9900,241.9300,247.1100,34620246,1.000000
2022-11-14,msft,241.9900,243.9100,239.2100,241.5500,31123340,1.000000
2022-11-15,msft,245.6600,247.0000,240.0300,241.9700,31390117,1.000000
2022-11-16,msft,242.7900,243.8000,240.4200,241.7300,24093272,1.000000
2022-11-17,msft,237.7800,243.2500,237.6300,241.6800,23123544,1.000000
2022-11-18,msft,243.5100,243.7400,239.0300,241.2200,27613523,1.000000
2022-11-21,msft,241.4300,244.6700,241.1900,242.0500,26394700,1.000000
2022-11-22,msft,243.5900,245.3100,240.7100,245.0300,19665699,1.000000
2022-11-23,msft,245.1100,248.2800,244.2700,247.5800,19508462,1.000000
2022-11-25,msft,247.3100,248.7000,246.7300,247.4900,9200772,1.000000
2022-11-28,msft,246.0800,246.6500,240.8000,241.7600,24810271,1.000000
2022-11-29,msft,241.4000,242.7900,238.2100,240.3300,17956313,1.000000
2022-11-30,msft,240.5700,255.3300,239.8600,255.1400,47594239,1.000000
2022-12-01,msft,253.8700,256.1200,250.9200,254.6900,26041524,1.000000
2022-12-02,msft,249.8200,256.0600,249.6900,255.0200,21528520,1.000000
2022-12-05,msft,252.0100,253.8200,248.0600,250.2000,23435294,1.000000
2022-12-06,msft,250.8200,251.8600,243.7800,245.1200,22463727,1.000000
2022-12-07,msft,244.8300,246.1600,242.2100,244.3700,20481522,1.000000
2022-12-08,msft,244.8400,248.7400,243.0600,247.4000,22611757,1.000000
2022-12-09,msft,244.7000,248.3100,244.1600,245.4200,20609743,1.000000
2022-12-12,msft,247.4500,252.5400,247.1700,252.5100,30665069,1.000000
2022-12-13,msft,261.6900,263.9200,253.0700,256.9200,42196884,1.000000
2022-12-14,msft,257.1300,262.5900,254.3100,257.2200,35410933,1.000000
2022-12-15,msft,253.7200,254.2000,247.3400,249.0100,35568093,1.000000
2022-12-16,msft,248.5500,249.8400,243.5100,244.6900,86101994,1.000000
2022-12-19,msft,244.8600,245.2100,238.7100,240.4500,29696436,1.000000
2022-12-20,msft,239.4000,242.9100,238.4200,241.8000,25150802,1.000000
2022-12-21,msft,241.6900,245.6200,240.1100,244.4300,23690607,1.000000
2022-12-22,msft,241.2600,241.9900,233.8700,238.1900,28651664,1.000000
2022-12-23,msft,236.1100,238.8700,233.9400,238.7300,21206982,1.000000
2022-12-27,msft,238.7000,238.9300,235.8300,236.9600,16688648,1.000000
2022-12-28,msft,236.8900,239.7200,234.1700,234.5300,17457104,1.000000
2022-12-29,msft,235.6500,241.9200,235.6500,241.0100,19770693,1.000000
2022-12-30,msft,238.2100,239.9600,236.6600,239.8200,21938472,1.000000
2023-01-03,msft,243.0800,245.7500,237.4000,239.5800,25740036,1.000000
2023-01-04,msft,232.2800,232.8700,225.9600,229.1000,50623394,1.000000
2023-01-05,msft,227.2000,227.5500,221.7600,222.3100,39585623,1.000000
2023-01-06,msft,223.0000,225.7600,219.3500,224.9300,43613574,1.000000
2023-01-09,msft,226.4500,231.2400,226.4100,227.1200,27369784,1.000000
2023-01-10,msft,227.7600,231.3100,227.3300,228.8500,27033881,1.000000
2023-01-11,msft,231.2900,235.9500,231.1100,235.7700,28669331,1.000000
2023-01-12,msft,235.2600,239.9000,233.5600,238.5100,27269486,1.000000
2023-01-13,msft,237.0000,239.3700,234.9200,239.2300,21333265,1.000000
2023-01-17,msft,237.9700,240.9100,237.0900,240.3500,29831257,1.000000
2023-01-18,msft,241.5700,242.3800,235.5200,235.8100,30028692,1.000000
2023-01-19,msft,233.7800,235.5200,230.6800,231.9300,28623033,1.000000
2023-01-20,msft,234.8600,240.7400,234.5100,240.2200,35389809,1.000000
2023-01-23,msft,241.1000,245.1700,239.6500,242.5800,31933951,1.000000
2023-01-24,msft,242.5000,243.9500,240.4400,242.0400,40234444,1.000000
2023-01-25,msft,234.4800,243.3000,230.9000,240.6100,66526641,1.000000
2023-01-26,msft,243.6500,248.3100,242.0000,248.0000,33454491,1.000000
2023-01-27,msft,248.9900,249.8300,246.8300,248.1600,26498939,1.000000
2023-01-30,msft,244.5100,245.6000,242.2000,242.7100,25867365,1.000000
2023-01-31,msft,243.4500,247.9500,242.9500,247.8100,26541072,1.000000
2023-02-01,msft,248.0000,255.1800,245.4700,252.7500,31259912,1.000000
2023-02-02,msft,258.8200,264.6900,257.2500,264.6000,39940437,1.000000
2023-02-03,msft,259.5400,264.2000,257.1000,258.3500,29077256,1.000000
2023-02-06,msft,257.4400,258.3000,254.7800,256.7700,22517997,1.000000
2023-02-07,msft,260.5300,268.7800,260.0800,267.5600,50841365,1.000000
2023-02-08,msft,273.2000,276.7600,266.2100,266.7300,54686049,1.000000
2023-02-09,msft,273.8000,273.9800,262.8000,263.6200,42375102,1.000000
2023-02-10,msft,261.5300,264.0900,260.6600,263.1000,25818489,1.000000
2023-02-13,msft,267.6400,274.6000,267.1500,271.3200,44630921,1.000000
2023-02-14,msft,272.6700,274.9700,269.2800,272.1700,37047924,1.000000
2023-02-15,msft,268.3200,270.7300,266.1800,269.3200,28962163,1.000000
2023-02-16,msft,264.0200,266.7400,261.9000,262.1500,29603616,1.000000
2023-02-17,msft,259.3900,260.0900,256.0000,258.0600,30000055,1.000000
2023-02-21,msft,254.4800,255.4900,251.5900,252.6700,28397444,1.000000
2023-02-22,msft,254.0900,254.3400,250.3400,251.5100,22491056,1.000000
2023-02-23,msft,255.5600,256.8400,250.4800,254.7700,29219095,1.000000
2023-02-24,msft,249.9600,251.0000,248.1000,249.2200,24990905,1.000000
2023-02-27,msft,252.4600,252.8200,249.3900,250.1600,21190042,1.000000
2023-02-28,msft,249.0700,251.4900,248.7300,249.4200,22490950,1.000000
2023-03-01,msft,250.7600,250.9300,245.7900,246.2700,27565259,1.000000
2023-03-02,msft,246.5500,251.4000,245.6100,251.1100,24833646,1.000000
2023-03-03,msft,252.1900,255.6200,251.3900,255.2900,30760136,1.000000
2023-03-06,msft,256.4300,260.1200,255.9800,256.8700,24109849,1.000000
2023-03-07,msft,256.3000,257.6900,253.3900,254.1500,21473179,1.000000
2023-03-08,msft,254.0400,254.5400,250.8100,253.7000,17340217,1.000000
2023-03-09,msft,255.8200,259.5600,251.5800,252.3200,26653387,1.000000
2023-03-10,msft,251.0800,252.7900,247.6000,248.5900,28333930,1.000000
2023-03-13,msft,247.4000,257.9100,245.7300,253.9200,33339721,1.000000
2023-03-14,msft,256.7500,261.0700,255.8600,260.7900,33620293,1.000000
2023-03-15,msft,259.9800,266.4800,259.2100,265.4400,46028047,1.000000
2023-03-16,msft,265.2100,276.5600,263.2800,276.2000,54832140,1.000000
2023-03-17,msft,278.2600,283.3300,276.3200,279.4300,69527371,1.000000
2023-03-20,msft,276.9800,277.4800,269.8500,272.2300,43466649,1.000000
2023-03-21,msft,274.8800,275.0000,269.5200,273.7800,34558704,1.000000
2023-03-22,msft,273.4000,281.0400,272.1800,272.2900,34873330,1.000000
2023-03-23,msft,277.9400,281.0600,275.2000,277.6600,36610879,1.000000
2023-03-24,msft,277.2400,280.6300,275.2800,280.5700,28199962,1.000000
2023-03-27,msft,280.5000,281.4600,275.5200,276.3800,26840212,1.000000
2023-03-28,msft,275.7900,276.1400,272.0500,275.2300,21878647,1.000000
2023-03-29,msft,278.9600,281.1400,278.4100,280.5100,25087032,1.000000
2023-03-30,msft,284.2300,284.4600,281.4800,284.0500,25053410,1.000000
2023-03-31,msft,283.7300,289.2700,283.0000,288.3000,32765976,1.000000
2023-04-03,msft,286.5200,288.2700,283.9500,287.2300,24883342,1.000000
2023-04-04,msft,287.2300,290.4500,285.6700,287.1800,25824299,1.000000
2023-04-05,msft,285.8500,287.1500,282.9200,284.3400,22064770,1.000000
2023-04-06,msft,283.2100,292.0800,282.0300,291.6000,29770334,1.000000
2023-04-10,msft,289.2100,289.6000,284.7100,289.3900,23102994,1.000000
2023-04-11,msft,285.7500,285.9800,281.6400,282.8300,27276589,1.000000
2023-04-12,msft,284.7900,287.0100,281.9600,283.4900,27403432,1.000000
2023-04-13,msft,283.5900,289.9000,283.1700,289.8400,24222678,1.000000
2023-04-14,msft,287.0000,288.4800,283.6900,286.1400,20987917,1.000000
2023-04-17,msft,289.9300,291.6000,286.1600,288.8000,23836223,1.000000
2023-04-18,msft,291.5700,291.7600,287.0100,288.3700,20161845,1.000000
2023-04-19,msft,285.9900,289.0500,284.5400,288.4500,17150271,1.000000
2023-04-20,msft,285.2500,289.0300,285.0800,286.1100,23244363,1.000000
2023-04-21,msft,285.0100,286.2700,283.0600,285.7600,21676387,1.000000
2023-04-24,msft,282.0900,284.9500,278.7200,281.7700,26611014,1.000000
2023-04-25,msft,279.5100,281.6000,275.3700,275.4200,45772236,1.000000
2023-04-26,msft,296.7000,299.5700,292.7300,295.3700,64599182,1.000000
2023-04-27,msft,295.9700,305.2000,295.2500,304.8300,46462638,1.000000
2023-04-28,msft,304.0100,308.9300,303.3100,307.2600,36469613,1.000000
2023-05-01,msft,306.9700,308.6000,305.1500,305.5600,21294115,1.000000
2023-05-02,msft,307.7600,309.1800,303.9100,305.4100,26404431,1.000000
2023-05-03,msft,306.6200,308.6100,304.0900,304.4000,22360754,1.000000
2023-05-04,msft,306.2400,307.7600,303.4000,305.4100,22519907,1.000000
2023-05-05,msft,305.7200,311.9700,304.2700,310.6500,28197052,1.000000
2023-05-08,msft,310.1300,310.2000,306.0900,308.6500,21318613,1.000000
2023-05-09,msft,308.0000,310.0400,306.3100,307.0000,21340829,1.000000
2023-05-10,msft,308.6200,313.0000,307.6700,312.3100,30078044,1.000000
2023-05-11,msft,310.1000,311.1200,306.2600,310.1100,31680179,1.000000
2023-05-12,msft,310.5500,310.6500,306.6000,308.9700,19774696,1.000000
2023-05-15,msft,309.1000,309.9100,307.5900,309.4600,16336547,1.000000
2023-05-16,msft,309.8300,313.7100,309.8300,311.7400,26730347,1.000000
2023-05-17,msft,312.2900,314.4300,310.7400,314.0000,24315012,1.000000
2023-05-18,msft,314.5300,319.0400,313.7200,318.5200,27275991,1.000000
2023-05-19,msft,316.7400,318.7500,316.3700,318.3400,27546701,1.000000
2023-05-22,msft,318.6000,322.5900,318.0100,321.1800,24115664,1.000000
2023-05-23,msft,320.0300,322.7200,315.2500,315.2600,30797173,1.000000
2023-05-24,msft,314.7300,316.5000,312.6100,313.8500,23384887,1.000000
2023-05-25,msft,323.2400,326.9000,320.0000,325.9200,43301743,1.000000
2023-05-26,msft,324.0200,333.4000,323.8800,332.8900,36630633,1.000000
2023-05-30,msft,335.2300,335.7400,330.5200,331.2100,29503070,1.000000
2023-05-31,msft,332.2900,335.9400,327.3300,328.3900,45950553,1.000000
2023-06-01,msft,325.9300,333.5300,324.7200,332.5800,26773851,1.000000
2023-06-02,msft,334.2500,337.5000,332.5500,335.4000,25873769,1.000000
2023-06-05,msft,335.2200,338.5600,334.6600,335.9400,21307053,1.000000
2023-06-06,msft,335.3300,335.3700,332.1700,333.6800,20396223,1.000000
2023-06-07,msft,331.6500,334.4900,322.5000,323.3800,40717129,1.000000
2023-06-08,msft,323.9400,326.6400,323.3500,325.2600,23277708,1.000000
2023-06-09,msft,324.9900,329.9900,324.4100,326.7900,22528950,1.000000
2023-06-12,msft,328.5800,332.1000,325.1600,331.8500,24306753,1.000000
2023-06-13,msft,334.4700,336.9800,330.3900,334.2900,22951279,1.000000
2023-06-14,msft,334.3400,339.0400,332.8100,337.3400,26003791,1.000000
2023-06-15,msft,337.4800,349.8400,337.2000,348.1000,38899075,1.000000
2023-06-16,msft,351.3200,351.4700,341.9500,342.3300,46551985,1.000000
2023-06-20,msft,339.3100,342.0800,335.8600,338.0500,26375407,1.000000
2023-06-21,msft,336.3700,337.7300,332.0700,333.5600,25117799,1.000000
2023-06-22,msft,334.1200,340.1200,333.3400,339.7100,23556764,1.000000
2023-06-23,msft,334.3600,337.9600,333.4500,335.0200,23146901,1.000000
2023-06-26,msft,333.7200,336.1100,328.4900,328.6000,21520582,1.000000
2023-06-27,msft,331.8600,336.1500,329.3000,334.5700,24354110,1.000000
2023-06-28,msft,334.6600,337.9800,333.8100,335.8500,20259523,1.000000
2023-06-29,msft,334.7100,336.1100,332.6200,335.0500,16997042,1.000000
2023-06-30,msft,337.7500,342.7300,337.2000,340.5400,26832756,1.000000
2023-07-03,msft,339.1900,340.9000,336.5700,337.9900,12508692,1.000000
2023-07-05,msft,335.0900,341.6500,334.7300,338.1500,18172378,1.000000
2023-07-06,msft,337.3000,342.9900,335.5000,341.2700,28195534,1.000000
2023-07-07,msft,339.3200,341.7900,337.0000,337.2200,21214824,1.000000
2023-07-10,msft,334.6000,335.2300,327.5900,331.8300,32791449,1.000000
2023-07-11,msft,331.0600,332.8600,327.0000,332.4700,26698218,1.000000
2023-07-12,msft,336.6000,341.6500,335.6700,337.2000,29995262,1.000000
2023-07-13,msft,339.5600,343.7400,339.0200,342.6600,20567159,1.000000
2023-07-14,msft,347.5900,351.4300,344.3100,345.2400,28352729,1.000000
2023-07-17,msft,345.6800,346.9900,342.2000,345.7300,20363927,1.000000
2023-07-18,msft,345.8300,366.7800,342.1700,359.4900,64872705,1.000000
2023-07-19,msft,361.7500,362.4600,352.4400,355.0800,39732901,1.000000
2023-07-20,msft,353.5700,357.9700,345.3700,346.8700,33778395,1.000000
2023-07-21,msft,349.1500,350.3000,339.8300,343.7700,69405382,1.000000
2023-07-24,msft,345.8500,346.9200,342.3100,345.1100,26719207,1.000000
2023-07-25,msft,347.1100,351.8900,345.0700,350.9800,41637739,1.000000
2023-07-26,msft,341.4400,344.6700,333.1100,337.7700,58383702,1.000000
2023-07-27,msft,340.4800,341.3300,329.0500,330.7200,39635262,1.000000
2023-07-28,msft,333.6700,340.0100,333.1700,338.3700,28484868,1.000000
2023-07-31,msft,336.9200,337.7000,333.3600,335.9200,25446022,1.000000
2023-08-01,msft,335.1900,338.5400,333.7000,336.3400,18381253,1.000000
2023-08-02,msft,333.6300,333.6300,326.3600,327.5000,27761257,1.000000
2023-08-03,msft,326.0000,329.8800,325.9500,326.6600,18360352,1.000000
2023-08-04,msft,331.8800,335.1400,327.2400,327.7800,23741484,1.000000
2023-08-07,msft,328.3700,331.1100,327.5200,330.1100,17741526,1.000000
2023-08-08,msft,326.9600,328.7500,323.0000,326.0500,22327574,1.000000
2023-08-09,msft,326.4700,327.1100,321.0500,322.2300,22373268,1.000000
2023-08-10,msft,326.0200,328.2600,321.1800,322.9300,20113725,1.000000
2023-08-11,msft,320.2600,322.4100,319.2100,321.0100,24355491,1.000000
2023-08-14,msft,321.3900,324.0600,320.0800,324.0400,18836139,1.000000
2023-08-15,msft,323.0000,325.0900,320.9000,321.8600,16966285,1.000000
2023-08-16,msft,320.8000,324.4200,319.8000,320.4000,20698864,1.000000
2023-08-17,msft,320.5400,321.8700,316.2100,316.8800,21257161,1.000000
2023-08-18,msft,314.4900,318.3800,311.5500,316.4800,24755012,1.000000
2023-08-21,msft,317.9300,322.7700,317.0400,321.8800,24039956,1.000000
2023-08-22,msft,325.5000,326.0800,321.4600,322.4600,16102024,1.000000
2023-08-23,msft,323.8200,329.2000,323.4600,327.0000,21166382,1.000000
2023-08-24,msft,332.8500,332.9800,319.9600,319.9700,23281434,1.000000
2023-08-25,msft,321.4700,325.3600,318.8000,322.9800,21684104,1.000000
2023-08-28,msft,325.6600,326.1500,321.7200,323.7000,14808482,1.000000
2023-08-29,msft,321.8800,328.9800,321.8800,328.4100,19284590,1.000000
2023-08-30,msft,328.6700,329.8100,326.4500,328.7900,15222110,1.000000
2023-08-31,msft,329.2000,330.9100,326.7800,327.7600,26410954,1.000000
2023-09-01,msft,331.3100,331.9900,326.7800,328.6600,14942024,1.000000
2023-09-05,msft,329.0000,334.8500,328.6600,333.5500,18553859,1.000000
2023-09-06,msft,333.3800,334.4600,330.1800,332.8800,17535773,1.000000
2023-09-07,msft,331.2900,333.0800,329.0300,329.9100,18380995,1.000000
2023-09-08,msft,330.0900,336.1600,329.4600,334.2700,19548165,1.000000
2023-09-11,msft,337.2400,338.4200,335.4300,337.9400,16583324,1.000000
2023-09-12,msft,335.8200,336.7900,331.4800,331.7700,17565482,1.000000
2023-09-13,msft,331.3100,336.8500,331.1700,336.0600,16544412,1.000000
2023-09-14,msft,339.1500,340.8600,336.5700,338.7000,20267048,1.000000
2023-09-15,msft,336.9200,337.4000,329.6500,330.2200,37679792,1.000000
2023-09-18,msft,327.8000,330.4000,326.3600,329.0600,16834208,1.000000
2023-09-19,msft,326.1700,329.3900,324.5100,328.6500,16514487,1.000000
2023-09-20,msft,329.5100,329.5900,320.5100,320.7700,21436525,1.000000
2023-09-21,msft,319.2600,325.3500,315.0000,319.5300,35560362,1.000000
2023-09-22,msft,321.3200,321.4500,316.1500,317.0100,21447887,1.000000
2023-09-25,msft,316.5900,317.6700,315.0000,317.5400,17835964,1.000000
2023-09-26,msft,315.1300,315.8800,310.0200,312.1400,26297573,1.000000
2023-09-27,msft,312.3000,314.3000,309.6900,312.7900,19410082,1.000000
2023-09-28,msft,310.9900,315.4800,309.4500,313.6400,19683564,1.000000
2023-09-29,msft,317.7500,319.4700,314.9800,315.7500,24147298,1.000000
2023-10-02,msft,316.2800,321.8900,315.1800,321.8000,20570006,1.000000
2023-10-03,msft,320.8300,321.3900,311.2200,313.3900,21033492,1.000000
2023-10-04,msft,314.0300,320.0400,314.0000,318.9600,20720144,1.000000
2023-10-05,msft,319.0900,319.9800,314.9000,319.3600,16965629,1.000000
2023-10-06,msft,316.5500,329.1900,316.3000,327.2600,25673630,1.000000
2023-10-09,msft,324.7500,330.3000,323.1800,329.8200,19891180,1.000000
2023-10-10,msft,330.9600,331.1000,327.6700,328.3900,20557094,1.000000
2023-10-11,msft,331.2100,332.8200,329.1400,332.4200,20063246,1.000000
2023-10-12,msft,330.5700,333.6300,328.7200,331.1600,19313098,1.000000
2023-10-13,msft,332.3800,333.8300,326.3600,327.7300,21085695,1.000000
2023-10-16,msft,331.0500,336.1400,330.6000,332.6400,22158048,1.000000
2023-10-17,msft,329.5900,333.4600,327.4100,332.0600,18338523,1.000000
2023-10-18,msft,332.4900,335.5900,328.3000,330.1100,23153602,1.000000
2023-10-19,msft,332.1500,336.8800,330.9100,331.3200,25052071,1.000000
2023-10-20,msft,331.7200,331.9200,325.4500,326.6700,25027715,1.000000
2023-10-23,msft,325.4700,332.7300,324.3900,329.3200,24374748,1.000000
2023-10-24,msft,331.3000,331.8400,327.6000,330.5300,31153571,1.000000
2023-10-25,msft,345.0200,346.2000,337.6200,340.6700,55053828,1.000000
2023-10-26,msft,340.5400,341.6300,326.9400,327.8900,37828543,1.000000
2023-10-27,msft,330.4300,336.7200,328.4000,329.8100,29849269,1.000000
2023-10-30,msft,333.4100,339.4500,331.8300,337.3100,22828082,1.000000
2023-10-31,msft,338.8500,339.0000,334.6900,338.1100,20265282,1.000000
2023-11-01,msft,339.7900,347.4200,339.6500,346.0700,28158819,1.000000
2023-11-02,msft,347.2400,348.8300,344.7700,348.3200,24348072,1.000000
2023-11-03,msft,349.6300,354.3900,347.3300,352.8000,23637673,1.000000
2023-11-06,msft,353.4500,357.5400,353.3500,356.5300,23828301,1.000000
2023-11-07,msft,359.4000,362.4600,357.6300,360.5300,25833931,1.000000
2023-11-08,msft,361.6800,363.8700,360.5500,363.2000,26767828,1.000000
2023-11-09,msft,362.3000,364.7900,360.3600,360.6900,24847331,1.000000
2023-11-10,msft,361.4900,370.1000,361.0700,369.6700,28065164,1.000000
2023-11-13,msft,368.2200,368.4700,365.9000,366.6800,19986506,1.000000
2023-11-14,msft,371.0100,371.9500,367.3500,370.2700,27683862,1.000000
2023-11-15,msft,371.2800,373.1300,367.1100,369.6700,26860095,1.000000
2023-11-16,msft,370.9600,376.3500,370.1800,376.1700,27182315,1.000000
2023-11-17,msft,373.6100,374.3700,367.0000,369.8500,40325371,1.000000
2023-11-20,msft,371.2200,378.8700,371.0000,377.4400,52528964,1.000000
2023-11-21,msft,375.6700,376.2200,371.1200,373.0700,28423145,1.000000
2023-11-22,msft,378.0000,379.7900,374.9700,377.8500,23361184,1.000000
2023-11-24,msft,377.3300,377.9700,375.1400,377.4300,10176649,1.000000
2023-11-27,msft,376.7800,380.6400,376.2000,378.6100,22179228,1.000000
2023-11-28,msft,378.3500,383.0000,378.1600,382.7000,20453112,1.000000
2023-11-29,msft,383.7600,384.3000,377.4400,378.8500,28963399,1.000000
2023-11-30,msft,378.4900,380.0900,375.4700,378.9100,30554415,1.000000
2023-12-01,msft,376.7600,378.1600,371.3100,374.5100,33040472,1.000000
2023-12-04,msft,369.1000,369.5200,362.9000,369.1400,32063305,1.000000
2023-12-05,msft,366.4500,373.0800,365.6200,372.5200,23065035,1.000000
2023-12-06,msft,373.5400,374.1800,368.0300,368.8000,21182072,1.000000
2023-12-07,msft,368.2300,371.4500,366.3200,370.9500,23118864,1.000000
2023-12-08,msft,369.2000,374.4600,368.2300,374.2300,20154366,1.000000
2023-12-11,msft,368.4800,371.6000,366.1000,371.3000,27708757,1.000000
2023-12-12,msft,370.8500,374.4200,370.4600,374.3800,24838253,1.000000
2023-12-13,msft,376.0200,377.6400,370.7700,374.3700,30955531,1.000000
2023-12-14,msft,373.3100,373.7600,364.1300,365.9300,43277461,1.000000
2023-12-15,msft,366.8500,372.4000,366.2800,370.7300,78502324,1.000000
2023-12-18,msft,369.4500,373.0000,368.6800,372.6500,21802878,1.000000
2023-12-19,msft,371.4900,373.2600,369.8400,373.2600,20603658,1.000000
2023-12-20,msft,375.0000,376.0300,370.5300,370.6200,26316650,1.000000
2023-12-21,msft,372.5600,374.4100,370.0400,373.5400,17708006,1.000000
2023-12-22,msft,373.6800,375.1800,372.7100,374.5800,17107484,1.000000
2023-12-26,msft,375.0000,376.9400,373.5000,374.6600,12673050,1.000000
2023-12-27,msft,373.6900,375.0600,372.8100,374.0700,14905412,1.000000
2023-12-28,msft,375.3700,376.4600,374.1600,375.2800,14327013,1.000000
2023-12-29,msft,376.0000,377.1600,373.4800,376.0400,18730838,1.000000
2024-01-02,msft,373.8600,375.9000,366.7700,370.8700,25258633,1.000000
2024-01-03,msft,369.0100,373.2600,368.5100,370.6000,23083465,1.000000
2024-01-04,msft,370.6700,373.1000,367.1700,367.9400,20901502,1.000000
2024-01-05,msft,368.9700,372.0600,366.5000,367.7500,21004575,1.000000
2024-01-08,msft,369.3000,375.2000,369.0100,374.6900,23133967,1.000000
2024-01-09,msft,372.0100,375.9900,371.1900,375.7900,20829953,1.000000
2024-01-10,msft,376.3700,384.1700,376.3200,382.7700,25514245,1.000000
2024-01-11,msft,386.0000,390.6800,380.3800,384.6300,27850846,1.000000
2024-01-12,msft,385.4900,388.6800,384.6500,388.4700,21661153,1.000000
2024-01-16,msft,393.6600,394.0300,387.6200,390.2700,27202268,1.000000
2024-01-17,msft,387.9800,390.1100,384.8100,389.4700,22234108,1.000000
2024-01-18,msft,391.7200,393.9900,390.1200,393.8700,23392068,1.000000
2024-01-19,msft,395.7600,398.6700,393.5000,398.6700,29331136,1.000000
2024-01-22,msft,400.0200,400.6200,393.5900,396.5100,27016902,1.000000
2024-01-23,msft,395.7500,399.3800,393.9300,398.9000,20525882,1.000000
2024-01-24,msft,401.5400,405.6300,400.4500,402.5600,24866953,1.000000
2024-01-25,msft,404.3200,407.0100,402.5300,404.8700,21021155,1.000000
2024-01-26,msft,404.3700,406.1700,402.4300,403.9300,17803271,1.000000
2024-01-29,msft,406.0600,409.9800,404.3300,409.7200,24510236,1.000000
2024-01-30,msft,412.2600,413.0500,406.4500,408.5900,33477610,1.000000
2024-01-31,msft,406.9600,415.3200,397.2100,397.5800,47871097,1.000000
2024-02-01,msft,401.8300,408.0000,401.8000,403.7800,30657726,1.000000
2024-02-02,msft,403.8100,412.6500,403.5600,411.2200,28256670,1.000000
2024-02-05,msft,409.9000,411.1600,403.9900,405.6500,25352286,1.000000
2024-02-06,msft,405.8800,407.9700,402.9100,405.4900,18382624,1.000000
2024-02-07,msft,407.4400,414.3000,407.4000,414.0500,22340526,1.000000
2024-02-08,msft,414.0500,415.5600,412.5300,414.1100,21225257,1.000000
2024-02-09,msft,415.2500,420.8200,415.0900,420.5500,22032844,1.000000
2024-02-12,msft,420.5600,420.7400,414.7500,415.2600,21202921,1.000000
2024-02-13,msft,404.9400,410.0700,403.3900,406.3200,27824936,1.000000
2024-02-14,msft,408.0700,409.8400,404.5700,409.4900,20401190,1.000000
2024-02-15,msft,408.1400,409.1300,404.2900,406.5600,21825525,1.000000
2024-02-16,msft,407.9600,408.2900,403.4400,404.0600,22296495,1.000000
2024-02-20,msft,403.2400,404.4900,398.0100,402.7900,24307915,1.000000
2024-02-21,msft,400.1700,402.2900,397.2200,402.1800,18631072,1.000000
2024-02-22,msft,410.1900,412.8300,408.5700,411.6500,27009869,1.000000
2024-02-23,msft,415.6700,415.8600,408.9700,410.3400,16295879,1.000000
2024-02-26,msft,411.4600,412.1600,407.3600,407.5400,16193505,1.000000
2024-02-27,msft,407.9900,408.3200,403.8500,407.4800,14835827,1.000000
2024-02-28,msft,408.1800,409.3000,405.3200,407.7200,13183125,1.000000
2024-02-29,msft,408.6400,414.2000,405.9200,413.6400,31947263,1.000000
2024-03-01,msft,411.2700,415.8700,410.8800,415.5000,17823445,1.000000
2024-03-04,msft,413.4400,417.3500,412.3200,414.9200,17595956,1.000000
2024-03-05,msft,413.9600,414.2500,400.6400,402.6500,26919177,1.000000
2024-03-06,msft,402.9700,405.1600,398.3900,402.0900,22344149,1.000000
2024-03-07,msft,406.1200,409.7800,402.2400,409.1400,18718479,1.000000
2024-03-08,msft,407.9600,410.4200,404.3300,406.2200,18002186,1.000000
2024-03-11,msft,403.7600,405.6800,401.2600,404.5200,16120752,1.000000
2024-03-12,msft,407.6200,415.5700,406.7900,415.2800,22457003,1.000000
2024-03-13,msft,418.1000,418.1800,411.4500,415.1000,17115931,1.000000
2024-03-14,msft,420.2400,427.8200,417.9900,425.2200,34157299,1.000000
2024-03-15,msft,419.2900,422.6000,412.7900,416.4200,45079903,1.000000
2024-03-18,msft,414.2500,420.7300,413.7800,417.3200,20105977,1.000000
2024-03-19,msft,417.8300,421.6700,415.5500,421.4100,19837915,1.000000
2024-03-20,msft,422.0000,425.9600,420.6600,425.2300,17860085,1.000000
2024-03-21,msft,429.8300,430.8200,427.1600,429.3700,21296222,1.000000
2024-03-22,msft,429.7000,429.8600,426.0700,428.7400,17648473,1.000000
2024-03-25,msft,425.2400,427.4100,421.6100,422.8600,18060450,1.000000
2024-03-26,msft,425.6100,425.9900,421.3500,421.6500,16725647,1.000000
2024-03-27,msft,424.4400,424.4500,419.0100,421.4300,16704978,1.000000
2024-03-28,msft,420.9600,421.8700,419.1200,420.7200,21871161,1.000000
2024-04-01,msft,423.9500,427.8900,422.2200,424.5700,16315961,1.000000
2024-04-02,msft,420.1100,422.3800,417.8400,421.4400,17911992,1.000000
2024-04-03,msft,419.7300,423.2600,419.0900,420.4500,16502264,1.000000
2024-04-04,msft,424.9900,428.6700,417.5700,417.8800,19370875,1.000000
2024-04-05,msft,420.0100,426.5100,418.3200,425.5200,16554761,1.000000
2024-04-08,msft,425.1700,427.2800,423.3000,424.5900,14272387,1.000000
2024-04-09,msft,426.4400,427.7400,421.6200,426.2800,12512289,1.000000
2024-04-10,msft,422.1900,424.0300,419.7000,423.2600,16216581,1.000000
2024-04-11,msft,425.8200,429.3700,422.3600,427.9300,17966423,1.000000
2024-04-12,msft,424.0500,425.1800,419.7700,421.9000,19253750,1.000000
2024-04-15,msft,426.6000,426.8200,413.4300,413.6400,20273538,1.000000
2024-04-16,msft,414.5700,418.4000,413.7300,414.5800,16765616,1.000000
2024-04-17,msft,417.2500,418.8800,410.3300,411.8400,15855485,1.000000
2024-04-18,msft,410.6300,411.8900,403.9500,404.2700,21029917,1.000000
2024-04-19,msft,404.0300,405.4800,397.7700,399.1200,30565789,1.000000
2024-04-22,msft,400.0800,402.8500,395.7500,400.9600,20286875,1.000000
2024-04-23,msft,404.2400,408.2000,403.0600,407.5700,15734501,1.000000
2024-04-24,msft,409.5600,412.4700,406.7800,409.0600,15065330,1.000000
2024-04-25,msft,394.0300,399.8900,388.0300,399.0400,40586450,1.000000
2024-04-26,msft,412.1700,413.0000,405.7600,406.3200,29694654,1.000000
2024-04-29,msft,405.2500,406.3200,399.1900,402.2500,19582091,1.000000
2024-04-30,msft,401.4900,402.1600,389.1700,389.3300,28781374,1.000000
2024-05-01,msft,392.6100,401.7200,390.3100,394.9400,23562481,1.000000
2024-05-02,msft,397.6600,399.9300,394.6500,397.8400,17709364,1.000000
2024-05-03,msft,402.2800,407.1500,401.8600,406.6600,17446724,1.000000
2024-05-06,msft,408.7600,413.9300,406.3700,413.5400,16996639,1.000000
2024-05-07,msft,414.6600,414.6700,409.0900,409.3400,20018228,1.000000
2024-05-08,msft,408.1700,412.2300,406.7100,410.5400,11792308,1.000000
2024-05-09,msft,410.5700,412.7200,409.1000,412.3200,14689727,1.000000
2024-05-10,msft,412.9400,415.3800,411.8000,414.7400,13402281,1.000000
2024-05-13,msft,418.0100,418.3500,410.8200,413.7200,15440226,1.000000
2024-05-14,msft,412.0200,417.4900,411.5500,416.5600,15109306,1.000000
2024-05-15,msft,417.9000,423.8100,417.2700,423.0800,22239533,1.000000
2024-05-16,msft,421.8000,425.4200,420.3500,420.9900,17530050,1.000000
2024-05-17,msft,422.5400,422.9200,418.0300,420.2100,15352239,1.000000
2024-05-20,msft,420.2100,426.7700,419.9900,425.3400,16272137,1.000000
2024-05-21,msft,426.8300,432.9700,424.8500,429.0400,21453255,1.000000
2024-05-22,msft,430.0900,432.4100,427.1300,430.5200,18073698,1.000000
2024-05-23,msft,432.9700,433.6000,425.4200,427.0000,17211689,1.000000
2024-05-24,msft,427.1900,431.0600,424.4100,430.1600,11855285,1.000000
2024-05-28,msft,429.6300,430.8200,426.6000,430.3200,15718024,1.000000
2024-05-29,msft,425.6900,430.9400,425.6900,429.1700,15517130,1.000000
2024-05-30,msft,424.3000,424.3000,414.2400,414.6700,28424847,1.000000
2024-05-31,msft,416.7500,416.7500,404.5100,415.1300,47995250,1.000000
2024-06-03,msft,415.5300,416.4300,408.9200,413.5200,17484675,1.000000
2024-06-04,msft,412.4300,416.4400,409.6800,416.0700,14348917,1.000000
2024-06-05,msft,417.8100,424.0800,416.3000,424.0100,16988038,1.000000
2024-06-06,msft,424.0100,425.3100,420.5800,424.5200,14861251,1.000000
2024-06-07,msft,426.2000,426.2800,423.0000,423.8500,13621650,1.000000
2024-06-10,msft,424.7000,428.0800,423.8900,427.8700,14003034,1.000000
2024-06-11,msft,425.4800,432.8200,425.2500,432.6800,14551101,1.000000
2024-06-12,msft,435.3200,443.4000,433.2500,441.0600,22366233,1.000000
2024-06-13,msft,440.8500,443.3900,439.3700,441.5800,15960565,1.000000
2024-06-14,msft,438.2800,443.1400,436.7200,442.5700,13581985,1.000000
2024-06-17,msft,442.5900,450.9400,440.7200,448.3700,20790030,1.000000
2024-06-18,msft,449.7100,450.1400,444.8900,446.3400,17112504,1.000000
2024-06-20,msft,446.3000,446.5300,441.2700,445.7000,19877378,1.000000
2024-06-21,msft,447.3800,450.5800,446.5100,449.7800,34486172,1.000000
2024-06-24,msft,449.8000,452.7500,446.4100,447.6700,15913719,1.000000
2024-06-25,msft,448.2500,451.4200,446.7500,450.9500,16747529,1.000000
2024-06-26,msft,449.0000,453.6000,448.1900,452.1600,16507030,1.000000
2024-06-27,msft,452.1800,456.1700,451.7700,452.8500,14806324,1.000000
2024-06-28,msft,453.0700,455.3800,446.4100,446.9500,28362271,1.000000
2024-07-01,msft,448.6600,457.3700,445.6600,456.7300,17662818,1.000000
2024-07-02,msft,453.2000,459.5900,453.1100,459.2800,13979779,1.000000
2024-07-03,msft,458.1900,461.0200,457.8800,460.7700,9932830,1.000000
2024-07-05,msft,459.6100,468.3500,458.9700,467.5600,16000290,1.000000
2024-07-08,msft,466.5500,467.7000,464.4600,466.2400,12962321,1.000000
2024-07-09,msft,467.0000,467.3300,458.0000,459.5400,17228507,1.000000
2024-07-10,msft,461.2200,466.4600,458.8600,466.2500,18196100,1.000000
2024-07-11,msft,462.9800,464.7800,451.5500,454.7000,23111175,1.000000
2024-07-12,msft,454.3300,456.3600,450.6500,453.5500,16324274,1.000000
2024-07-15,msft,453.3000,457.2600,451.4300,453.9600,14429447,1.000000
2024-07-16,msft,454.2200,454.3000,446.6600,449.5200,17175679,1.000000
2024-07-17,msft,442.5900,444.8500,439.1800,443.5200,21754021,1.000000
2024-07-18,msft,444.3400,444.6500,434.4000,440.3700,20794822,1.000000
2024-07-19,msft,433.1000,441.1400,432.0000,437.1100,20940417,1.000000
2024-07-22,msft,441.7900,444.6000,438.9100,442.9400,15808755,1.000000
2024-07-23,msft,443.9000,448.3900,443.1000,444.8500,13107050,1.000000
2024-07-24,msft,440.4500,441.4800,427.5900,428.9000,26805800,1.000000
2024-07-25,msft,428.8000,429.8000,417.5100,418.4000,29943795,1.000000
2024-07-26,msft,418.2000,428.9200,417.2700,425.2700,23583839,1.000000
2024-07-29,msft,431.5800,432.1500,424.7000,426.7300,15125836,1.000000
2024-07-30,msft,427.7200,429.0500,417.3600,422.9200,32687578,1.000000
2024-07-31,msft,420.5000,421.7800,412.2100,418.3500,42891366,1.000000
2024-08-01,msft,420.7900,427.4600,413.0900,417.1100,30296400,1.000000
2024-08-02,msft,412.4900,415.0000,404.3400,408.4900,29437900,1.000000
2024-08-05,msft,389.1700,401.0400,385.5800,395.1500,40709238,1.000000
2024-08-06,msft,400.0000,405.6700,398.5000,399.6100,24946525,1.000000
2024-08-07,msft,408.6400,410.0800,397.4700,398.4300,20650906,1.000000
2024-08-08,msft,402.4400,405.8600,399.9400,402.6900,20203030,1.000000
2024-08-09,msft,404.0300,408.0500,402.2600,406.0200,19276666,1.000000
2024-08-12,msft,407.0600,408.7600,404.2400,406.8100,16762883,1.000000
2024-08-13,msft,409.5900,414.9500,409.5700,414.0100,19414271,1.000000
2024-08-14,msft,414.8000,417.7200,412.4500,416.8600,18266980,1.000000
2024-08-15,msft,419.8000,421.1100,417.6600,421.0300,20752144,1.000000
2024-08-16,msft,420.6000,421.3400,417.3000,418.4700,22775593,1.000000
2024-08-19,msft,418.9600,421.7500,416.4600,421.5300,15233957,1.000000
2024-08-20,msft,421.7000,425.8600,421.6400,424.8000,16387581,1.000000
2024-08-21,msft,424.0800,426.4000,421.7200,424.1400,16067298,1.000000
2024-08-22,msft,424.3600,426.7900,414.6100,415.5500,19361901,1.000000
2024-08-23,msft,416.9800,419.2600,412.0900,416.7900,18493784,1.000000
2024-08-26,msft,416.3700,417.2800,411.3400,413.4900,13152830,1.000000
2024-08-27,msft,412.8600,414.3600,410.2500,413.8400,13492911,1.000000
2024-08-28,msft,414.8800,415.0000,407.3100,410.6000,14882660,1.000000
2024-08-29,msft,414.9400,422.0500,410.6000,413.1200,17045241,1.000000
2024-08-30,msft,415.6000,417.4900,412.1300,417.1400,24308324,1.000000
2024-09-03,msft,417.9100,419.8800,407.0300,409.4400,20313603,1.000000
2024-09-04,msft,405.9100,411.2400,404.3700,408.9000,15135806,1.000000
2024-09-05,msft,407.6200,413.1000,406.1300,408.3900,14195516,1.000000
2024-09-06,msft,409.0600,410.6500,400.8000,401.7000,19609526,1.000000
2024-09-09,msft,407.2400,408.6500,402.1500,405.7200,15295134,1.000000
2024-09-10,msft,408.2000,416.3300,407.7000,414.2000,19594287,1.000000
2024-09-11,msft,415.5000,423.9900,409.5800,423.0400,19266923,1.000000
2024-09-12,msft,423.3100,427.3700,419.7500,427.0000,17418759,1.000000
2024-09-13,msft,425.8300,431.8300,425.4600,430.5900,15874555,1.000000
2024-09-16,msft,430.6000,433.5300,428.2200,431.3400,13834697,1.000000
2024-09-17,msft,440.2300,441.8500,432.2700,435.1500,18874231,1.000000
2024-09-18,msft,435.0000,436.0300,430.4100,430.8100,18898042,1.000000
2024-09-19,msft,441.2300,441.5000,436.9000,438.6900,21706559,1.000000
2024-09-20,msft,437.2200,439.2400,434.2200,435.2700,55167106,1.000000
2024-09-23,msft,434.2800,436.4600,430.3900,433.5100,15128891,1.000000
2024-09-24,msft,433.0000,433.3500,426.1000,429.1700,17015754,1.000000
2024-09-25,msft,429.8300,433.1200,428.5700,432.1100,13396364,1.000000
2024-09-26,msft,435.0900,435.3000,429.1300,431.3100,14492044,1.000000
2024-09-27,msft,431.5200,431.8500,427.4700,428.0200,14896131,1.000000
2024-09-30,msft,428.2100,430.4200,425.3700,430.3000,16854606,1.000000
2024-10-01,msft,428.4500,428.4800,418.8100,420.6900,19092945,1.000000
2024-10-02,msft,422.5800,422.8200,416.7100,417.1300,16582257,1.000000
2024-10-03,msft,417.6300,419.5500,414.2900,416.5400,13686421,1.000000
2024-10-04,msft,418.2400,419.7500,414.9700,416.0600,19190913,1.000000
2024-10-07,msft,416.0000,417.1100,409.0000,409.5400,20919761,1.000000
2024-10-08,msft,410.9000,415.6600,408.1700,414.7100,19229261,1.000000
2024-10-09,msft,415.8600,420.3800,414.3000,417.4600,14974257,1.000000
2024-10-10,msft,415.2300,417.3500,413.1500,415.8400,13848376,1.000000
2024-10-11,msft,416.1400,417.1300,413.2500,416.3200,14144944,1.000000
2024-10-14,msft,417.7700,424.0400,417.5200,419.1400,16653086,1.000000
2024-10-15,msft,422.1800,422.4800,415.2600,418.7400,18900201,1.000000
2024-10-16,msft,415.1700,416.3600,410.4800,416.1200,15508932,1.000000
2024-10-17,msft,422.3600,422.5000,415.5900,416.7200,14820004,1.000000
2024-10-18,msft,417.1400,419.6500,416.2600,418.1600,17145317,1.000000
2024-10-21,msft,416.1200,418.9600,413.7500,418.7800,14206115,1.000000
2024-10-22,msft,418.4900,430.5800,418.0400,427.5100,25482197,1.000000
2024-10-23,msft,430.8600,431.0800,422.5300,424.6000,19654379,1.000000
2024-10-24,msft,425.3300,425.9800,422.4000,424.7300,13581631,1.000000
2024-10-25,msft,426.7600,432.5200,426.5700,428.1500,16899064,1.000000
2024-10-28,msft,431.6600,431.9400,426.3000,426.5900,14882444,1.000000
2024-10-29,msft,428.0000,433.1700,425.8000,431.9500,17644080,1.000000
2024-10-30,msft,437.4400,438.5000,432.1000,432.5300,29749149,1.000000
2024-10-31,msft,415.3600,416.1600,406.3000,406.3500,53970981,1.000000
2024-11-01,msft,409.0100,415.5000,407.5000,410.3700,24230442,1.000000
2024-11-04,msft,409.8000,410.4200,405.5700,408.4600,19672286,1.000000
2024-11-05,msft,408.3700,414.9000,408.0800,411.4600,17626011,1.000000
2024-11-06,msft,412.4200,420.4500,410.5200,420.1800,26681842,1.000000
2024-11-07,msft,421.2800,426.8500,419.8800,425.4300,19901782,1.000000
2024-11-08,msft,425.3200,426.5000,421.7800,422.5400,16891414,1.000000
2024-11-11,msft,422.5200,424.8100,416.0000,418.0100,24503321,1.000000
2024-11-12,msft,418.2500,424.4400,417.2000,423.0300,19401204,1.000000
2024-11-13,msft,421.6400,429.3300,418.2100,425.2000,21502185,1.000000
2024-11-14,msft,425.0000,428.1700,420.0000,426.8900,30246881,1.000000
2024-11-15,msft,419.8200,422.8000,413.6400,415.0000,28247644,1.000000
2024-11-18,msft,414.8700,418.4000,412.1000,415.7600,24742013,1.000000
2024-11-19,msft,413.1100,417.9400,411.5500,417.7900,18133529,1.000000
2024-11-20,msft,416.8700,417.2900,410.5800,415.4900,19191655,1.000000
2024-11-21,msft,419.5000,419.7800,410.2900,412.8700,20780162,1.000000
2024-11-22,msft,411.3700,417.4000,411.0600,417.0000,24814626,1.000000
2024-11-25,msft,418.3800,421.0800,414.8500,418.7900,27691090,1.000000
2024-11-26,msft,419.5900,429.0400,418.8500,427.9900,23458889,1.000000
2024-11-27,msft,425.1100,427.2300,422.0200,422.9900,18332444,1.000000
2024-11-29,msft,420.0900,424.8800,417.8000,423.4600,16271921,1.000000
2024-12-02,msft,421.5700,433.0000,421.3100,430.9800,20207223,1.000000
2024-12-03,msft,429.8400,432.4700,427.7400,431.2000,18301987,1.000000
2024-12-04,msft,433.0300,439.6700,432.6300,437.4200,26009429,1.000000
2024-12-05,msft,437.9200,444.6600,436.1700,442.6200,21697775,1.000000
2024-12-06,msft,442.3000,446.1000,441.7700,443.5700,18821002,1.000000
2024-12-09,msft,442.6000,448.3300,440.5000,446.0200,19144388,1.000000
2024-12-10,msft,444.3900,449.6200,441.6000,443.3300,18469459,1.000000
2024-12-11,msft,444.0500,450.3500,444.0500,448.9900,19200208,1.000000
2024-12-12,msft,449.1100,456.1600,449.1100,449.5600,20834779,1.000000
2024-12-13,msft,448.4400,451.4300,445.5800,447.2700,20177833,1.000000
2024-12-16,msft,447.2700,452.1800,445.2800,451.5900,23598834,1.000000
2024-12-17,msft,451.0100,455.2900,449.5700,454.4600,22733494,1.000000
2024-12-18,msft,451.3200,452.6500,437.0200,437.3900,24444545,1.000000
2024-12-19,msft,441.6200,443.1800,436.3200,437.0300,22963681,1.000000
2024-12-20,msft,433.1100,443.7400,428.6300,436.6000,64263694,1.000000
2024-12-23,msft,436.7400,437.6500,432.8300,435.2500,19152519,1.000000
2024-12-24,msft,434.6500,439.6000,434.1900,439.3300,7164543,1.000000
2024-12-26,msft,439.0800,440.9400,436.6300,438.1100,8199927,1.000000
2024-12-27,msft,434.6000,435.2200,426.3500,430.5300,18117713,1.000000
2024-12-30,msft,426.0600,427.5500,421.9000,424.8300,13158703,1.000000
2024-12-31,msft,426.1000,426.7300,420.6600,421.5000,13246509,1.000000
2025-01-02,msft,425.5300,426.0700,414.8500,418.5800,16896469,1.000000
2025-01-03,msft,421.0800,424.0300,419.5400,423.3500,16662943,1.000000
2025-01-06,msft,428.0000,434.3200,425.4800,427.8500,20573648,1.000000
2025-01-07,msft,429.0000,430.6500,420.8000,422.3700,18139065,1.000000
2025-01-08,msft,423.4600,426.9700,421.5400,424.5600,15054575,1.000000
2025-01-10,msft,424.6300,424.7100,415.0200,418.9500,20201132,1.000000
2025-01-13,msft,415.2400,418.5000,412.2900,417.1900,17604780,1.000000
2025-01-14,msft,417.8100,419.7400,410.7200,415.6700,16935856,1.000000
2025-01-15,msft,419.1300,428.1500,418.2700,426.3100,19637838,1.000000
2025-01-16,msft,428.7000,429.4900,424.3900,424.5800,15300023,1.000000
2025-01-17,msft,434.0900,434.4800,428.1700,429.0300,26197507,1.000000
2025-01-21,msft,430.2000,430.9000,425.6000,428.5000,26085703,1.000000
2025-01-22,msft,437.5600,447.2700,436.0000,446.2000,27803811,1.000000
2025-01-23,msft,442.0000,446.7500,441.5000,446.7100,18389270,1.000000
2025-01-24,msft,445.1600,446.6500,441.4000,444.0600,15549453,1.000000
2025-01-27,msft,424.0100,435.2000,423.5000,434.5600,35647805,1.000000
2025-01-28,msft,434.6000,448.3800,431.3800,447.2000,23491703,1.000000
2025-01-29,msft,446.6900,446.8800,440.4000,442.3300,23581370,1.000000
2025-01-30,msft,418.7700,422.8600,413.1600,414.9900,54586260,1.000000
2025-01-31,msft,418.9800,420.6900,414.9100,415.0600,34223388,1.000000
2025-02-03,msft,411.6000,415.4100,408.6600,410.9200,25679149,1.000000
2025-02-04,msft,412.6900,413.9200,409.7400,412.3700,20532096,1.000000
2025-02-05,msft,412.3500,413.8300,410.4000,413.2900,16336188,1.000000
2025-02-06,msft,414.0000,418.2000,414.0000,415.8200,16309755,1.000000
2025-02-07,msft,416.4800,418.6500,408.1000,409.7500,22886844,1.000000
2025-02-10,msft,413.7100,415.4600,410.9200,412.2200,20817919,1.000000
2025-02-11,msft,409.6400,412.4900,409.3000,411.4400,18140592,1.000000
2025-02-12,msft,407.2100,410.7500,404.3700,409.0400,19121734,1.000000
2025-02-13,msft,407.0000,411.0000,406.3600,410.5400,23891731,1.000000
2025-02-14,msft,407.7900,408.9100,405.8800,408.4300,22758464,1.000000
2025-02-18,msft,408.0000,410.6000,406.5000,409.6400,21423051,1.000000
2025-02-19,msft,407.8800,415.4900,407.6500,414.7700,24114197,1.000000
2025-02-20,msft,415.2900,419.3100,412.5400,416.1300,23508728,1.000000
2025-02-21,msft,417.3400,418.0500,407.8900,408.2100,27524799,1.000000
2025-02-24,msft,408.5100,409.3700,399.3200,404.0000,26443656,1.000000
2025-02-25,msft,401.1000,401.9200,396.7000,397.9000,29387402,1.000000
2025-02-26,msft,398.0100,403.6000,394.2500,399.7300,19618954,1.000000
2025-02-27,msft,401.2700,405.7400,392.1700,392.5300,21127406,1.000000
2025-02-28,msft,392.6600,397.6300,386.5700,396.9900,32845658,1.000000
2025-03-03,msft,398.8200,398.8200,386.1600,388.4900,23007726,1.000000
2025-03-04,msft,383.4000,392.5800,381.0000,388.6100,29342923,1.000000
2025-03-05,msft,389.3400,401.6700,388.8100,401.0200,23433132,1.000000
2025-03-06,msft,394.2800,402.1500,392.6800,396.8900,23304625,1.000000
2025-03-07,msft,392.3200,394.8000,385.5400,393.3100,22034087,1.000000
2025-03-10,msft,385.8400,386.4000,377.2200,380.1600,32840134,1.000000
2025-03-11,msft,379.0000,386.0000,376.9100,380.4500,30380177,1.000000
2025-03-12,msft,382.9500,385.2200,378.9500,383.2700,24253567,1.000000
2025-03-13,msft,383.1600,385.3200,377.4500,378.7700,20473017,1.000000
2025-03-14,msft,379.7800,390.2300,379.5100,388.5600,19952846,1.000000
2025-03-17,msft,386.7000,392.7100,385.5700,388.7000,22474272,1.000000
2025-03-18,msft,387.0700,387.3700,381.1000,383.5200,19486850,1.000000
2025-03-19,msft,385.5300,389.6800,384.0000,387.8200,19185532,1.000000
2025-03-20,msft,385.7400,391.7900,383.2800,386.8400,18470542,1.000000
2025-03-21,msft,383.2200,391.7400,382.8000,391.2600,39675928,1.000000
2025-03-24,msft,395.4000,395.4000,389.8100,393.0800,21004548,1.000000
2025-03-25,msft,393.9200,396.3600,392.6400,395.1600,15774968,1.000000
2025-03-26,msft,395.0000,395.3100,388.5700,389.9700,16132906,1.000000
2025-03-27,msft,390.1300,392.2400,387.4000,390.5800,13766761,1.000000
2025-03-28,msft,388.0800,389.1300,376.9300,378.8000,21632016,1.000000
2025-03-31,msft,372.5400,377.0700,367.2400,375.3900,35184676,1.000000
2025-04-01,msft,374.6500,382.8500,373.2300,382.1900,19689503,1.000000
2025-04-02,msft,377.9700,385.0800,376.6200,382.1400,16092555,1.000000
2025-04-03,msft,374.7900,377.4800,369.3500,373.1100,30197997,1.000000
2025-04-04,msft,364.1300,374.5900,359.4800,359.8400,49209854,1.000000
2025-04-07,msft,350.8800,371.0000,344.7900,357.8600,50424998,1.000000
2025-04-08,msft,368.2600,373.6500,350.2500,354.5600,35868918,1.000000
2025-04-09,msft,353.5400,393.2300,353.1000,390.4900,50199696,1.000000
2025-04-10,msft,382.0600,383.9000,367.8000,381.3500,38024368,1.000000
2025-04-11,msft,380.6400,390.0500,378.8900,388.4500,23839220,1.000000
2025-04-14,msft,393.2200,394.6500,384.2100,387.8100,19251172,1.000000
2025-04-15,msft,388.5100,391.8900,384.1600,385.7300,17199890,1.000000
2025-04-16,msft,380.6700,381.6100,368.0000,371.6100,21967826,1.000000
2025-04-17,msft,373.7500,374.3200,366.8900,367.7800,21120192,1.000000
2025-04-21,msft,362.8200,364.4800,355.6700,359.1200,20807279,1.000000
2025-04-22,msft,363.3800,367.7700,359.8600,366.8200,19484993,1.000000
2025-04-23,msft,376.0600,380.3900,373.0200,374.3900,20545526,1.000000
2025-04-24,msft,375.7000,388.4500,375.1900,387.3000,22232289,1.000000
2025-04-25,msft,387.0000,392.1600,384.6000,391.8500,18973165,1.000000
2025-04-28,msft,391.9600,392.7400,386.6400,391.1600,16579430,1.000000
2025-04-29,msft,391.3000,395.1000,390.3800,394.0400,14973976,1.000000
2025-04-30,msft,390.3000,396.6600,384.4400,395.2600,36461075,1.000000
2025-05-01,msft,431.1100,436.9900,424.9000,425.4000,58938100,1.000000
2025-05-02,msft,431.7400,439.4400,429.9900,435.2800,30757434,1.000000
2025-05-05,msft,432.8700,439.5000,432.1100,436.1700,20136053,1.000000
2025-05-06,msft,432.2000,437.7300,431.1700,433.3100,15104204,1.000000
2025-05-07,msft,433.8400,438.1200,431.1100,433.3500,23307241,1.000000
2025-05-08,msft,437.9300,443.6700,435.6600,438.1700,23491330,1.000000
2025-05-09,msft,440.0000,440.7400,435.8800,438.7300,15324233,1.000000
2025-05-12,msft,445.9400,449.3700,439.7800,449.2600,22821935,1.000000
2025-05-13,msft,447.7800,450.6700,445.3600,449.1400,23618819,1.000000
2025-05-14,msft,448.1400,453.9000,448.1400,452.9400,19902796,1.000000
2025-05-15,msft,450.7700,456.1900,450.4300,453.1300,21992323,1.000000
2025-05-16,msft,452.0500,454.3600,448.7300,454.2700,23849781,1.000000
2025-05-19,msft,450.8800,459.5900,450.8000,458.8700,21336509,1.000000
2025-05-20,msft,455.5900,458.3400,454.3200,458.1700,15441808,1.000000
2025-05-21,msft,454.5700,457.7800,451.8100,452.5700,19216906,1.000000
2025-05-22,msft,454.9500,460.2500,453.9000,454.8600,18025612,1.000000
2025-05-23,msft,449.9800,453.6900,448.9100,450.1800,16883509,1.000000
2025-05-27,msft,456.4800,460.9500,456.1200,460.6900,20974293,1.000000
2025-05-28,msft,461.2200,462.5200,456.9300,457.3600,17086261,1.000000
2025-05-29,msft,461.5500,461.7200,455.3100,458.6800,13982211,1.000000
2025-05-30,msft,459.7200,461.6800,455.5400,460.3600,34770475,1.000000
2025-06-02,msft,457.1400,462.1100,456.8900,461.9700,16626495,1.000000
2025-06-03,msft,461.4700,464.1400,460.8600,462.9700,15743760,1.000000
2025-06-04,msft,464.0000,465.6900,463.0200,463.8700,14162688,1.000000
2025-06-05,msft,464.9600,469.6500,464.0300,467.6800,20154460,1.000000
2025-06-06,msft,470.0900,473.3400,468.7800,470.3800,15285624,1.000000
2025-06-09,msft,469.7000,473.4300,468.6200,472.7500,16469932,1.000000
2025-06-10,msft,471.1900,472.8000,466.9600,470.9200,15375944,1.000000
2025-06-11,msft,470.0200,475.4700,469.6600,472.6200,16399176,1.000000
2025-06-12,msft,475.0200,480.4200,473.5200,478.8700,18950582,1.000000
2025-06-13,msft,476.4100,479.1800,472.7600,474.9600,16814456,1.000000
2025-06-16,msft,475.2100,480.6900,475.0000,479.1400,15626104,1.000000
2025-06-17,msft,475.4000,478.7400,474.0800,478.0400,15414128,1.000000
2025-06-18,msft,478.0000,481.0000,474.4600,480.2400,17526452,1.000000
2025-06-20,msft,482.2300,483.4600,476.8700,477.4000,37576206,1.000000
2025-06-23,msft,478.2100,487.7500,472.5100,486.0000,24863952,1.000000
2025-06-24,msft,488.9500,491.8500,486.8000,490.1100,22305642,1.000000
2025-06-25,msft,492.0400,494.5600,489.3900,492.2700,17495099,1.000000
2025-06-26,msft,492.9800,498.0400,492.8100,497.4500,21578853,1.000000
2025-06-27,msft,497.5500,499.3000,493.0300,495.9400,34539236,1.000000
2025-06-30,msft,497.0400,500.7600,495.3300,497.4100,28368991,1.000000
2025-07-01,msft,496.4700,498.0500,490.9800,492.0500,19945375,1.000000
2025-07-02,msft,489.9900,493.5000,488.7000,491.0900,16319641,1.000000
2025-07-03,msft,493.8100,500.1300,493.4400,498.8400,13984829,1.000000
2025-07-07,msft,497.3800,498.7500,495.2300,497.7200,13981605,1.000000
2025-07-08,msft,497.2400,498.2000,494.1100,496.6200,11846586,1.000000
2025-07-09,msft,500.3000,506.7800,499.7400,503.5100,18659538,1.000000
2025-07-10,msft,503.0500,504.4400,497.7500,501.4800,16498740,1.000000
2025-07-11,msft,498.4700,505.0300,497.8000,503.3200,16459512,1.000000
2025-07-14,msft,501.5200,503.9700,501.0300,503.0200,12058848,1.000000
2025-07-15,msft,503.0200,508.3000,502.7900,505.8200,14927202,1.000000
2025-07-16,msft,505.1800,506.7200,501.8900,505.6200,15154374,1.000000
2025-07-17,msft,505.6800,513.3700,505.6200,511.7000,17503129,1.000000
2025-07-18,msft,514.4800,514.6400,507.4300,510.0500,21209666,1.000000
2025-07-21,msft,506.7100,512.0900,505.5500,510.0600,14066805,1.000000
2025-07-22,msft,510.9700,511.2000,505.2700,505.2700,13868644,1.000000
2025-07-23,msft,506.7500,506.7900,500.7000,505.8700,16396585,1.000000
2025-07-24,msft,508.7700,513.6700,507.3000,510.8800,16107000,1.000000
2025-07-25,msft,512.4700,518.2900,510.3600,513.7100,19125699,1.000000
2025-07-28,msft,514.0800,515.0000,510.1200,512.5000,14308027,1.000000
2025-07-29,msft,515.5300,517.6200,511.5600,512.5700,16469235,1.000000
2025-07-30,msft,515.1700,515.9500,509.4400,513.2400,26380434,1.000000
2025-07-31,msft,555.2300,555.4500,531.9000,533.5000,51617326,1.000000
2025-08-01,msft,535.0000,535.8000,520.8600,524.1100,28977628,1.000000
2025-08-04,msft,528.2700,538.2500,528.1300,535.6400,25349004,1.000000
2025-08-05,msft,537.1800,537.3000,527.2400,527.7500,19171569,1.000000
2025-08-06,msft,530.9000,531.7000,524.0300,524.9400,21355702,1.000000
2025-08-07,msft,526.8000,528.0900,517.5500,520.8400,16079144,1.000000
2025-08-08,msft,522.6000,524.6600,519.4100,522.0400,15531009,1.000000
2025-08-11,msft,522.3000,527.5900,519.7200,521.7700,20194372,1.000000
2025-08-12,msft,523.7500,530.9800,522.7000,529.2400,18688921,1.000000
2025-08-13,msft,532.1100,532.7000,519.3700,520.5800,19619160,1.000000
2025-08-14,msft,522.5600,525.9500,520.1400,522.4800,20269074,1.000000
2025-08-15,msft,522.7700,526.1000,519.0800,520.1700,25213272,1.000000
2025-08-18,msft,521.5900,522.8200,514.0200,517.1000,23760583,1.000000
2025-08-19,msft,515.0000,515.1600,508.5500,509.7700,21481016,1.000000
2025-08-20,msft,509.8700,511.0000,504.4400,505.7200,27723025,1.000000
2025-08-21,msft,503.6900,507.6300,502.7200,504.2400,18443254,1.000000
2025-08-22,msft,504.2500,510.7300,502.4100,507.2300,24324161,1.000000
2025-08-25,msft,506.6300,508.1900,504.1200,504.2600,21638579,1.000000
2025-08-26,msft,504.3600,504.9800,498.5100,502.0400,30835709,1.000000
2025-08-27,msft,502.0000,507.2900,499.9000,506.7400,17277893,1.000000
2025-08-28,msft,507.0900,511.0900,505.5000,509.6400,18015593,1.000000
2025-08-29,msft,508.6600,509.6000,504.4900,506.6900,20961569,1.000000
2025-09-02,msft,500.4700,506.0000,496.8100,505.1200,18127995,1.000000
2025-09-03,msft,503.7900,507.7900,502.3200,505.3500,16345078,1.000000
2025-09-04,msft,504.3000,508.1500,503.1500,507.9700,15509486,1.000000
2025-09-05,msft,509.0700,511.9700,492.3700,495.0000,31981747,1.000000
2025-09-08,msft,498.1100,501.2000,495.0300,498.2000,16771015,1.000000
2025-09-09,msft,501.4300,502.2500,497.7000,498.4100,14410542,1.000000
2025-09-10,msft,502.9800,503.2300,496.7200,500.3700,21611816,1.000000
2025-09-11,msft,502.2500,503.1700,497.8800,501.0100,18881608,1.000000
2025-09-12,msft,506.6500,512.5500,503.8500,509.9000,23624884,1.000000
2025-09-15,msft,508.7900,515.4700,507.0000,515.3600,17143786,1.000000
2025-09-16,msft,516.8800,517.2300,508.6000,509.0400,19711922,1.000000
2025-09-17,msft,510.6200,511.2900,505.9300,510.0200,15816585,1.000000
2025-09-18,msft,511.4900,513.0700,507.6600,508.4500,18913696,1.000000
2025-09-19,msft,510.5600,519.3000,510.3100,517.9300,52474093,1.000000
2025-09-22,msft,515.5900,517.7400,512.5500,514.4500,20009314,1.000000
2025-09-23,msft,513.8000,514.5900,507.3100,509.2300,19799580,1.000000
2025-09-24,msft,510.3800,512.4800,506.9200,510.1500,13533711,1.000000
2025-09-25,msft,508.3000,510.0100,505.0400,507.0300,15786468,1.000000
2025-09-26,msft,510.0600,513.9400,506.6200,511.4600,16213129,1.000000
2025-09-29,msft,511.5000,516.8500,508.8800,514.6000,17617775,1.000000
2025-09-30,msft,513.2400,518.1600,509.6600,517.9500,19728229,1.000000
2025-10-01,msft,514.8000,520.5100,511.6900,519.7100,22632336,1.000000
2025-10-02,msft,517.6400,521.6000,510.6800,515.7400,21222886,1.000000
2025-10-03,msft,517.1000,520.4900,515.0000,517.3500,15112321,1.000000
2025-10-06,msft,518.6100,531.0300,518.2000,528.5700,21388581,1.000000
2025-10-07,msft,528.2900,529.8000,521.4400,523.9800,14615208,1.000000
2025-10-08,msft,523.2800,526.9500,523.0900,524.8500,13363447,1.000000
2025-10-09,msft,522.3400,524.3300,517.4000,522.4000,18343602,1.000000
2025-10-10,msft,519.6400,523.5800,509.6300,510.9600,24133840,1.000000
2025-10-13,msft,516.4100,516.4100,511.6800,514.0500,14284238,1.000000
2025-10-14,msft,510.2300,515.2800,506.0000,513.5700,14684300,1.000000
2025-10-15,msft,514.9600,517.1900,510.0000,513.4300,14694654,1.000000
2025-10-16,msft,512.5800,516.8500,508.1300,511.6100,15559565,1.000000
2025-10-17,msft,509.0400,515.4800,507.3100,513.5800,19867765,1.000000
2025-10-20,msft,514.6100,518.7000,513.4300,516.7900,14665620,1.000000
2025-10-21,msft,517.5000,518.6900,513.0400,517.6600,15586204,1.000000
2025-10-22,msft,521.1500,525.2300,517.7100,520.5400,18962694,1.000000
2025-10-23,msft,522.4600,523.9500,518.6100,520.5600,14023532,1.000000
2025-10-24,msft,522.7900,525.3500,520.7100,523.6100,15532360,1.000000
2025-10-27,msft,531.7800,534.5800,529.0100,531.5200,18734716,1.000000
2025-10-28,msft,550.0000,553.7200,540.7700,542.0700,29986683,1.000000
2025-10-29,msft,544.9400,546.2700,536.7300,541.5500,36023004,1.000000
2025-10-30,msft,530.4800,534.9700,522.1200,525.7600,41023088,1.000000
2025-10-31,msft,528.8800,529.3200,515.1000,517.8100,34006424,1.000000
2025-11-03,msft,519.8100,524.9600,514.5900,517.0300,22374742,1.000000
2025-11-04,msft,511.7600,515.5500,507.8400,514.3300,20958663,1.000000
2025-11-05,msft,513.3000,514.8300,506.5800,507.1600,23024342,1.000000
2025-11-06,msft,505.6600,505.7000,495.8100,497.1000,27406496,1.000000
2025-11-07,msft,496.9500,499.3800,493.2500,496.8200,24019764,1.000000
2025-11-10,msft,500.0400,506.8500,498.8000,506.0000,26101480,1.000000
2025-11-11,msft,504.8000,509.6000,502.3500,508.6800,17980020,1.000000
2025-11-12,msft,509.3600,511.6700,499.1200,511.1400,26574851,1.000000
2025-11-13,msft,510.3100,513.5000,501.2900,503.2900,25273114,1.000000
2025-11-14,msft,498.2300,511.6000,497.4400,510.1800,28505746,1.000000
2025-11-17,msft,508.4500,512.1200,504.9100,507.4900,19092752,1.000000
2025-11-18,msft,495.3700,502.9800,486.7800,493.7900,33815114,1.000000
2025-11-19,msft,490.1000,495.1900,482.8300,487.1200,23245314,1.000000
2025-11-20,msft,492.7100,493.5700,475.5000,478.4300,26802542,1.000000
2025-11-21,msft,478.5000,478.9200,468.2700,472.1200,31769248,1.000000
2025-11-24,msft,475.0000,476.9000,468.0200,474.0000,34421046,1.000000
2025-11-25,msft,474.0700,479.1500,464.8900,476.9900,28019793,1.000000
2025-11-26,msft,486.3100,488.3100,481.2000,485.5000,25709079,1.000000
2025-11-28,msft,487.6000,492.6300,486.6500,492.0100,14386730,1.000000
2025-12-01,msft,488.4400,489.8600,484.6500,486.7400,23963993,1.000000
2025-12-02,msft,486.7200,493.5000,486.3200,490.0000,19562722,1.000000
2025-12-03,msft,476.3200,484.2400,475.2000,477.7300,34615102,1.000000
2025-12-04,msft,479.7600,481.3200,476.4900,480.8400,22318155,1.000000
2025-12-05,msft,482.5200,483.4000,478.8800,483.1600,22608710,1.000000
2025-12-08,msft,484.8900,492.3000,484.3800,491.0200,21965900,1.000000
2025-12-09,msft,489.1000,492.1200,488.5000,492.0200,14696078,1.000000
2025-12-10,msft,484.0300,484.2500,475.0800,478.5600,35756229,1.000000
2025-12-11,msft,476.6300,486.0300,475.8600,483.4700,24669180,1.000000
2025-12-12,msft,479.8200,482.4500,476.3400,478.5300,21248102,1.000000
2025-12-15,msft,480.1000,480.7200,472.5200,474.8200,23727694,1.000000
2025-12-16,msft,471.9100,477.8900,470.8800,476.3900,20705560,1.000000
2025-12-17,msft,476.9100,480.0000,475.0000,476.1200,24527176,1.000000
2025-12-18,msft,478.1900,489.6000,477.8900,483.9800,28573545,1.000000
2025-12-19,msft,487.3600,487.8500,482.4900,485.9200,70836105,1.000000
2025-12-22,msft,486.1200,488.7300,482.6900,484.9200,16963019,1.000000
2025-12-23,msft,484.9800,487.8300,484.7400,486.8500,14683582,1.000000
2025-12-24,msft,485.6800,489.1600,484.8300,488.0200,5855880,1.000000
2025-12-26,msft,486.7100,488.1200,485.9600,487.7100,8842175,1.000000
2025-12-29,msft,484.8600,488.3500,484.1800,487.1000,10893408,1.000000
2025-12-30,msft,485.9300,489.6800,485.5000,487.4800,13944512,1.000000
2025-12-31,msft,487.8400,488.1400,483.3000,483.6200,15601554,1.000000
2026-01-02,msft,484.3900,484.6600,470.1600,472.9400,25571567,1.000000
2026-01-05,msft,474.0600,476.0700,469.5000,472.8500,25250260,1.000000
2026-01-06,msft,473.8000,478.7400,469.7500,478.5100,23037665,1.000000
2026-01-07,msft,479.7600,489.7000,477.9500,483.4700,25564196,1.000000
2026-01-08,msft,481.2400,482.6600,475.8600,478.1100,18162616,1.000000
2026-01-09,msft,474.0600,479.8200,472.2000,479.2800,18491036,1.000000
2026-01-12,msft,476.6700,480.9900,475.6800,477.1800,23519895,1.000000
2026-01-13,msft,474.6800,475.7800,465.9500,470.6700,28545800,1.000000
2026-01-14,msft,466.4600,468.2000,457.1700,459.3800,28184302,1.000000
2026-01-15,msft,464.1200,464.2500,455.9000,456.6600,23225839,1.000000
2026-01-16,msft,457.8300,463.1900,456.4800,459.8600,34246650,1.000000
2026-01-20,msft,451.2200,456.8000,449.2800,454.5200,26129992,1.000000
2026-01-21,msft,452.6000,452.6900,438.6800,444.1100,37980510,1.000000
2026-01-22,msft,447.6200,452.8400,444.7000,451.1400,25349378,1.000000
2026-01-23,msft,451.8700,471.1000,450.5300,465.9500,38000159,1.000000
2026-01-26,msft,465.3100,474.2500,462.0000,470.2800,29291235,1.000000
2026-01-27,msft,473.7000,482.8700,473.1600,480.5800,29213923,1.000000
2026-01-28,msft,483.2100,483.7400,478.0000,481.6300,36875403,1.000000
2026-01-29,msft,439.9900,442.5000,421.0200,433.5000,128855323,1.000000
2026-01-30,msft,439.1700,439.6000,426.4500,430.2900,58566819,1.000000
2026-02-02,msft,430.2400,430.7400,422.2500,423.3700,42219858,1.000000
2026-02-03,msft,422.0100,422.0500,408.5600,411.2100,61424123,1.000000
2026-02-04,msft,411.0000,419.8000,409.2400,414.1900,45012374,1.000000
2026-02-05,msft,407.4400,408.3000,392.3200,393.6700,66289247,1.000000
2026-02-06,msft,399.1700,401.7900,392.9200,401.1400,53515311,1.000000
2026-02-09,msft,404.8500,414.8900,400.8700,413.6000,45480526,1.000000
2026-02-10,msft,419.6200,423.6800,412.7000,413.2700,44857850,1.000000
2026-02-11,msft,416.1800,416.4600,401.0100,404.3700,42491012,1.000000
2026-02-12,msft,405.0000,406.2000,398.0100,401.8400,40802362,1.000000
2026-02-13,msft,404.4500,405.5400,398.0500,401.3200,34091553,1.000000
2026-02-17,msft,399.2200,400.5200,394.5300,396.8600,32078794,1.000000
2026-02-18,msft,398.1300,402.5600,396.3200,399.6000,23223417,1.000000
2026-02-19,msft,400.6900,404.4300,396.6700,398.4600,28234001,1.000000
2026-02-20,msft,396.1100,400.1200,395.1600,397.2300,34015249,1.000000
2026-02-23,msft,395.0000,395.3600,383.1000,384.4700,43238273,1.000000
2026-02-24,msft,384.1400,389.3600,381.7100,389.0000,33884653,1.000000
2026-02-25,msft,390.5300,401.4700,390.1600,400.6000,43625483,1.000000
2026-02-26,msft,404.7100,407.4900,398.7400,401.7200,34405869,1.000000
2026-02-27,msft,390.8800,396.8200,389.8800,392.7400,51367196,1.000000
2026-03-02,msft,392.8600,401.1900,390.6300,398.5500,35474907,1.000000
2026-03-03,msft,393.1400,406.7000,392.6700,403.9300,38199209,1.000000
2026-03-04,msft,401.2700,411.0300,400.3100,405.2000,35807990,1.000000
2026-03-05,msft,404.4200,411.6100,404.4000,410.6800,39001315,1.000000
2026-03-06,msft,409.2000,413.0500,408.5100,408.9600,31123859,1.000000
2026-03-09,msft,404.9200,410.2100,403.5000,409.4100,30131854,1.000000
2026-03-10,msft,410.0300,410.2000,402.9300,405.7600,31706375,1.000000
2026-03-11,msft,405.5700,409.0100,401.5900,404.8800,25512139,1.000000
2026-03-12,msft,404.6300,406.1200,401.7100,401.8600,27263886,1.000000
2026-03-13,msft,401.0000,404.8000,394.2500,395.5500,26848000,1.000000
2026-03-16,msft,398.0700,400.6300,394.7900,399.9500,27733721,1.000000
2026-03-17,msft,400.2700,404.4000,397.7500,399.4100,26228279,1.000000
2026-03-18,msft,397.1300,398.0000,391.0000,391.7900,25908484,1.000000
2026-03-19,msft,390.1000,392.4900,387.0600,389.0200,25138772,1.000000
2026-03-20,msft,386.7900,387.0000,380.1200,381.8700,50853154,1.000000
2026-03-23,msft,383.9000,387.2100,381.6800,383.0000,29680059,1.000000
2026-03-24,msft,382.3600,382.4700,371.8500,372.7400,42733625,1.000000
2026-03-25,msft,376.9200,377.0600,369.6300,371.0400,31181163,1.000000
2026-03-26,msft,370.8200,374.7200,365.1900,365.9700,36836574,1.000000
2026-03-27,msft,361.9000,362.4500,356.5100,356.7700,37883400,1.000000
2026-03-30,msft,361.9000,365.3600,356.2800,358.9600,44797002,1.000000
2026-03-31,msft,364.5500,372.9000,363.0700,370.1700,45244365,1.000000
2026-04-01,msft,373.4900,373.9900,368.2000,369.3700,29417206,1.000000
2026-04-02,msft,367.2100,373.6400,364.1500,373.4600,24099067,1.000000
2026-04-06,msft,373.4900,373.7300,369.5000,372.8800,16146572,1.000000
2026-04-07,msft,370.3400,372.4500,366.5600,372.2900,21443349,1.000000
2026-04-08,msft,384.9800,385.0000,371.4100,374.3300,33064818,1.000000
2026-04-09,msft,372.5000,373.5000,367.0500,373.0700,30435297,1.000000
2026-04-10,msft,372.9800,375.6400,370.0300,370.8700,28111128,1.000000
2026-04-13,msft,373.6100,384.5400,371.0200,384.3700,35745781,1.000000
2026-04-14,msft,387.9200,394.6900,386.5200,393.1100,37504486,1.000000
2026-04-15,msft,398.0000,414.3700,396.7300,411.2200,45063389,1.000000
2026-04-16,msft,419.8600,420.8200,412.1400,420.2600,41642361,1.000000
2026-04-17,msft,424.8200,431.5800,420.6900,422.7900,48568190,1.000000
2026-04-20,msft,421.1500,423.3300,416.3000,418.0700,27582237,1.000000
2026-04-21,msft,420.2400,427.1800,417.2000,424.1600,32048495,1.000000
2026-04-22,msft,426.1900,433.7000,423.6700,432.9200,29378173,1.000000
2026-04-23,msft,419.8900,423.6600,411.4100,415.7500,38307959,1.000000
2026-04-24,msft,416.9700,424.9500,415.8000,424.6200,27457404,1.000000
2026-04-27,msft,422.3800,427.1100,417.0700,424.8200,30867303,1.000000
2026-04-28,msft,424.5700,429.9200,421.9000,429.2500,30438087,1.000000
2026-04-29,msft,424.5800,426.8200,420.2900,424.4600,38288316,1.000000
2026-04-30,msft,410.8100,414.4200,398.0100,407.7800,70909408,1.000000
2026-05-01,msft,412.8000,417.1100,410.4400,414.4400,31372361,1.000000
2026-05-04,msft,411.5400,420.7800,410.8000,413.6200,28066528,1.000000
2026-05-05,msft,415.3200,416.7800,408.8000,411.3800,25700891,1.000000
2026-05-06,msft,408.0000,418.4200,405.1100,413.9600,30285898,1.000000
2026-05-07,msft,420.1100,427.9800,418.7600,420.7700,34942445,1.000000
2026-05-08,msft,417.3900,418.6300,414.0000,415.1200,33383790,1.000000
2026-05-11,msft,407.8700,412.6900,405.5000,412.6600,35657943,1.000000
2026-05-12,msft,414.4800,415.5000,406.6400,407.7700,38594221,1.000000
2026-05-13,msft,403.2000,406.3100,401.0300,405.2100,29667073,1.000000
2026-05-14,msft,404.4800,411.8400,400.8800,409.4300,27077542,1.000000
2026-05-15,msft,414.2700,428.1700,412.9100,421.9200,50771160,1.000000
2026-05-18,msft,416.6200,425.1200,415.6100,423.5400,32564130,1.000000
2026-05-19,msft,429.9000,432.7000,416.4900,417.4200,33018678,1.000000
2026-05-20,msft,414.1700,422.1000,411.3000,421.0600,27864016,1.000000
2026-05-21,msft,424.7500,426.3400,415.7100,419.0900,31393469,1.000000
2026-05-22,msft,419.5400,424.4000,416.3300,418.5700,22390344,1.000000
2026-05-26,msft,416.4300,419.7700,413.0200,416.0300,30398049,1.000000
2026-05-27,msft,411.0100,415.9400,409.5800,412.6700,28901479,1.000000
2026-05-28,msft,412.9800,429.4900,412.6700,426.9900,47250541,1.000000
2026-05-29,msft,432.5500,450.3300,432.3600,450.2400,79654376,1.000000
2026-06-01,msft,464.8400,466.3200,458.2700,460.5200,53628910,1.000000
2026-06-02,msft,446.8800,453.5000,440.4300,441.3100,37036801,1.000000
2026-06-03,msft,438.4500,440.3900,424.2500,427.3400,39037007,1.000000
2026-06-04,msft,435.8100,436.1500,426.4100,428.0500,26899511,1.000000
2026-06-05,msft,428.3400,429.4700,414.4000,416.6700,34782164,1.000000
2026-06-08,msft,414.1400,417.1600,408.5600,411.7400,32086714,1.000000
2026-06-09,msft,409.0300,411.9800,398.4800,403.4100,35317302,1.000000
2026-06-10,msft,398.5500,405.0400,397.1600,397.3600,32576041,1.000000
2026-06-11,msft,395.2100,396.8500,384.0000,390.3400,47224135,1.000000
2026-06-12,msft,391.4300,391.7400,382.2700,390.7400,34922036,1.000000
2026-06-15,msft,396.8000,401.7500,392.8500,399.7600,32266437,1.000000
2026-06-16,msft,395.7900,396.8400,390.6900,393.8300,31506846,1.000000
2026-06-17,msft,390.2500,390.3700,377.3200,378.9100,41987834,1.000000
2026-06-18,msft,377.8200,381.3700,373.2800,379.4000,59714157,1.000000
2026-06-22,msft,375.7400,381.6300,367.0700,367.3400,45171106,1.000000
2026-06-23,msft,372.3800,377.2200,370.6700,373.9400,40647605,1.000000
2026-06-24,msft,371.5700,378.8800,364.7800,365.4600,44509854,1.000000
2026-06-25,msft,362.7700,364.2300,349.2000,352.8300,66360473,1.000000
2026-06-26,msft,357.1500,376.6100,355.4300,372.9700,186201631,1.000000
2026-06-29,msft,377.5000,380.5000,359.9000,368.5700,51229885,1.000000
2026-06-30,msft,371.0300,374.1500,367.4500,373.0200,44945696,1.000000
2026-07-01,msft,380.8300,388.8300,374.8900,384.2800,48065801,1.000000
2026-07-02,msft,384.4800,392.2000,383.7000,390.4900,42194409,1.000000
2026-07-06,msft,387.0400,389.1500,381.2200,386.7400,34224543,1.000000
2026-07-07,msft,392.4900,395.5700,388.2200,388.8400,29297524,1.000000
2026-07-08,msft,384.0300,385.3100,381.3300,383.3400,25908255,1.000000
2026-07-09,msft,374.4500,384.6500,373.3500,384.3600,31083197,1.000000
2026-07-10,msft,387.8000,391.9100,381.5000,385.1000,24644605,1.000000
2026-07-13,msft,387.7500,393.6500,384.1500,390.9900,28914877,1.000000
2026-07-14,msft,382.8200,388.1900,378.6500,384.9300,27863916,1.000000
2026-07-15,msft,387.8000,398.9600,386.4000,395.6300,36253745,1.000000
2026-07-16,msft,398.3100,405.9900,392.0500,401.1000,37047443,1.000000
2026-07-17,msft,394.8600,398.3900,389.3900,393.8200,33049842,1.000000
2026-07-20,msft,391.4100,403.1800,389.6500,402.2900,27915762,1.000000
2026-07-21,msft,398.8100,401.4700,396.3200,397.7500,24126632,1.000000
2026-07-22,msft,399.5800,401.0000,386.9600,390.3400,28142511,1.000000
2026-07-23,msft,389.9700,391.7800,377.3900,381.5800,30351752,1.000000
2026-07-24,msft,387.0500,389.0300,380.6500,381.7000,27659388,1.000000
2026-07-27,msft,390.0800,394.2000,387.9900,389.1000,27856160,1.000000
2026-07-28,msft,393.1600,400.3200,391.3000,393.3500,32367546,1.000000
2026-07-29,msft,393.4000,401.2500,388.7400,390.5400,47209032,1.000000
2026-07-30,msft,437.9000,458.6900,432.4400,451.1000,110160704,1.000000
2026-07-31,msft,450.0000,466.8400,449.3300,464.7200,60845971,1.000000
2026-08-03,msft,476.1300,491.6500,475.0000,487.6500,66762074,1.000000
2026-08-04,msft,480.9000,499.4400,479.1700,492.8100,50455454,1.000000
2026-08-05,msft,496.3600,498.2400,485.6800,487.4600,33388871,1.000000
2026-08-06,msft,488.5500,501.5600,488.5200,499.8600,36441544,1.000000
2026-08-07,msft,499.2100,505.1800,498.7300,499.9900,28846235,1.000000
2026-08-10,msft,503.4400,513.7300,502.2700,506.0600,31206137,1.000000
2026-08-11,msft,504.3300,505.3300,499.5500,503.8100,23049791,1.000000
2026-08-12,msft,499.9900,501.5000,491.5200,492.4300,29001478,1.000000
2026-08-13,msft,493.2700,501.3400,493.0100,496.8800,23038979,1.000000
2026-08-14,msft,496.3600,500.0100,493.9200,495.4000,16217647,1.000000
2026-08-17,msft,490.1400,492.6600,478.4100,480.3500,29635848,1.000000
2026-08-18,msft,481.5400,484.2700,477.1500,481.6300,24087591,1.000000
2026-08-19,msft,480.0700,489.3000,479.3600,484.3100,19961871,1.000000
2026-08-20,msft,483.3000,484.1600,479.5000,481.1500,20020822,1.000000
2026-08-21,msft,479.8800,486.3600,478.5300,483.2400,22510774,1.000000
2026-08-24,msft,483.2100,490.6100,481.8600,487.3100,17230751,1.000000
2026-08-25,msft,485.4400,492.4400,484.3000,491.7100,19518987,1.000000
2026-08-26,msft,487.8500,497.4000,487.3100,496.3700,20758853,1.000000
2026-08-27,msft,494.8800,506.4800,490.0800,505.0600,28688756,1.000000
2026-08-28,msft,505.3300,517.7800,504.8700,513.5300,29207325,1.000000
2026-08-31,msft,510.3800,512.1900,506.3900,507.2900,27208911,1.000000
2026-09-01,msft,497.5200,505.9700,496.7800,501.0200,21046892,1.000000
2026-09-02,msft,499.8500,500.2700,493.8100,496.8200,15336074,1.000000
2026-09-03,msft,501.6600,515.6500,500.8000,510.1200,24125893,1.000000
2026-09-04,msft,510.0000,511.0000,499.3600,499.7000,18101758,1.000000
2026-09-08,msft,493.0100,495.1900,490.1500,493.9500,18882338,1.000000
2026-09-09,msft,493.0700,494.3900,489.8000,491.6500,12889572,1.000000
2026-09-10,msft,488.3200,494.5200,486.0000,492.4400,16038805,1.000000
2026-09-11,msft,495.6500,498.9700,492.5800,495.6300,14518435,1.000000
2026-09-14,msft,497.0600,509.9500,495.3400,505.4100,23091892,1.000000
2026-09-15,msft,500.0600,505.9000,495.5400,497.1200,17794612,1.000000
2026-09-16,msft,493.0300,495.9700,487.2300,490.3000,16670285,1.000000
2026-09-17,msft,497.8000,501.4700,493.1700,497.7500,17841640,1.000000
2026-09-18,msft,497.9700,498.6500,491.1000,493.7800,39622288,1.000000
2026-09-21,msft,494.9500,501.8700,491.3300,501.6100,27959944,1.000000
2026-09-22,msft,507.3200,508.5000,493.6500,498.0000,21652838,1.000000
2026-09-23,msft,500.7600,509.4400,495.8800,500.5900,19445555,1.000000
2026-09-24,msft,495.0700,498.9000,491.2200,497.9300,16657643,1.000000
2026-09-25,msft,499.0400,519.4000,497.2500,516.1700,38193112,1.000000
