date,symbol,open,high,low,close,volume,factor
2009-09-16,nvda,15.5000,15.9900,15.2800,15.9600,14292564,1.000000
2009-09-17,nvda,15.5000,15.9900,15.2800,15.9600,14292564,1.000000
2009-09-18,nvda,15.5000,15.9900,15.2800,15.9600,14292564,1.000000
2009-09-21,nvda,15.0400,15.4100,14.9100,15.1500,14719101,1.000000
2009-09-22,nvda,15.2600,15.3500,15.0600,15.1800,9034613,1.000000
2009-09-23,nvda,15.2700,15.4000,14.9200,14.9400,11961702,1.000000
2009-09-24,nvda,15.1900,15.1900,14.6900,14.7400,13818638,1.000000
2009-09-25,nvda,14.6600,14.7300,14.4500,14.5300,4049103,1.000000
2009-09-28,nvda,14.6600,14.7300,14.4500,14.5300,4049103,1.000000
2009-09-29,nvda,14.9200,15.1000,14.5300,14.5600,11770382,1.000000
2009-09-30,nvda,14.8600,15.2100,14.5300,15.0300,21604582,1.000000
2009-10-01,nvda,14.9800,14.9800,13.9500,13.9600,24861273,1.000000
2009-10-02,nvda,13.8200,14.1500,13.7400,13.8500,15245867,1.000000
2009-10-05,nvda,14.0000,14.0500,13.5400,13.7800,18839641,1.000000
2009-10-06,nvda,13.9500,14.2500,13.8500,14.0100,18950410,1.000000
2009-10-07,nvda,13.9100,14.0600,13.7500,13.9000,11439543,1.000000
2009-10-08,nvda,13.9800,14.0200,13.4900,13.9900,31037744,1.000000
2009-10-09,nvda,13.9100,14.1900,13.8900,14.1700,15462143,1.000000
2009-10-12,nvda,13.9300,14.2800,13.9200,14.0100,12473020,1.000000
2009-10-13,nvda,14.0900,14.2500,13.8300,13.9600,14920108,1.000000
2009-10-14,nvda,14.5000,14.5000,13.8700,13.9400,27472929,1.000000
2009-10-15,nvda,13.9200,14.0500,13.4400,13.5300,26685041,1.000000
2009-10-16,nvda,13.3600,13.4000,12.9800,13.2200,25341730,1.000000
2009-10-19,nvda,13.3300,13.8100,13.2200,13.7000,17367202,1.000000
2009-10-20,nvda,13.9300,14.0300,13.6000,13.7100,16501890,1.000000
2009-10-21,nvda,13.6600,13.8700,13.3100,13.3800,12596147,1.000000
2009-10-22,nvda,13.3100,13.5400,13.0800,13.4700,9483188,1.000000
2009-10-23,nvda,13.6500,13.6500,13.0700,13.1500,10735283,1.000000
2009-10-26,nvda,13.2500,13.4500,12.9100,12.9800,12038524,1.000000
2009-10-27,nvda,12.9200,13.1100,12.4100,12.5400,14793846,1.000000
2009-10-28,nvda,12.2600,12.5400,11.9600,12.0200,19339225,1.000000
2009-10-29,nvda,12.2100,12.6100,12.1000,12.5500,15910447,1.000000
2009-10-30,nvda,12.4900,12.5400,11.9000,11.9600,15075992,1.000000
2009-11-02,nvda,11.9400,12.3300,11.7300,12.0300,13753801,1.000000
2009-11-03,nvda,11.6800,12.0700,11.5600,11.9900,20137382,1.000000
2009-11-04,nvda,12.1000,12.2300,11.9300,11.9600,20944863,1.000000
2009-11-05,nvda,12.1200,12.3900,12.0800,12.2400,18993171,1.000000
2009-11-06,nvda,13.0400,13.4300,12.8800,13.1800,37707029,1.000000
2009-11-09,nvda,13.3400,13.6500,13.3300,13.4800,17709925,1.000000
2009-11-10,nvda,13.5100,13.5100,12.9600,13.1000,17607330,1.000000
2009-11-11,nvda,13.3500,13.8200,13.3300,13.5500,18679360,1.000000
2009-11-12,nvda,13.6200,13.8500,13.4200,13.4500,11500625,1.000000
2009-11-13,nvda,13.4500,13.6300,13.3900,13.5900,8955531,1.000000
2009-11-16,nvda,13.6800,13.9100,13.6100,13.7200,9095753,1.000000
2009-11-17,nvda,13.7600,13.7600,13.4700,13.7100,7887034,1.000000
2009-11-18,nvda,13.6000,13.6500,13.2900,13.4700,9499843,1.000000
2009-11-19,nvda,13.2300,13.2300,12.7400,12.9600,18874854,1.000000
2009-11-20,nvda,12.6800,12.9600,12.6500,12.9300,9291240,1.000000
2009-11-23,nvda,13.0900,13.3270,12.9500,12.9520,8357907,1.000000
2009-11-24,nvda,12.9400,13.0300,12.7100,12.9400,9092670,1.000000
2009-11-25,nvda,13.0700,13.2500,12.9700,13.1000,8974667,1.000000
2009-11-27,nvda,12.6000,12.9400,12.5300,12.7900,6998289,1.000000
2009-11-30,nvda,12.8400,13.0500,12.7000,13.0400,9539550,1.000000
2009-12-01,nvda,13.1300,13.4700,13.0600,13.3800,10073504,1.000000
2009-12-02,nvda,13.3500,13.7500,13.2700,13.7300,13551454,1.000000
2009-12-03,nvda,13.8800,14.1300,13.8600,13.9070,15006887,1.000000
2009-12-04,nvda,14.0900,14.3200,13.8700,14.2300,18322473,1.000000
2009-12-07,nvda,15.8400,16.4500,15.1000,16.1100,64678986,1.000000
2009-12-08,nvda,15.8300,15.9000,15.2200,15.3500,24833485,1.000000
2009-12-09,nvda,15.4700,15.8000,15.3200,15.6500,15673216,1.000000
2009-12-10,nvda,15.8000,15.9000,15.3600,15.3900,9242088,1.000000
2009-12-11,nvda,15.5400,15.5600,15.1700,15.2000,9303068,1.000000
2009-12-14,nvda,15.4300,15.7200,15.2600,15.6700,8669647,1.000000
2009-12-15,nvda,15.5600,15.9100,15.5200,15.6400,9679970,1.000000
2009-12-16,nvda,16.2100,17.0900,16.1200,16.9450,38694222,1.000000
2009-12-17,nvda,16.9600,17.4800,16.5800,16.8600,22804502,1.000000
2009-12-18,nvda,16.9700,17.0300,16.6200,16.8000,17223477,1.000000
2009-12-21,nvda,16.9200,17.4900,16.9000,17.4200,9350496,1.000000
2009-12-22,nvda,17.4200,18.0300,17.4000,18.0100,17522860,1.000000
2009-12-23,nvda,18.0500,18.1700,17.8200,18.1200,9624755,1.000000
2009-12-24,nvda,18.1800,18.2100,18.0200,18.0900,3420100,1.000000
2009-12-28,nvda,18.0600,18.2200,17.6200,17.7500,10876213,1.000000
2009-12-29,nvda,17.7400,18.0700,17.7000,18.0100,8676542,1.000000
2009-12-30,nvda,18.1900,18.7800,18.0600,18.6800,16150651,1.000000
2009-12-31,nvda,18.7100,18.9500,18.6800,18.7300,15888412,1.000000
2010-01-04,nvda,18.5100,18.6200,18.1100,18.4800,18643753,1.000000
2010-01-05,nvda,18.4200,18.9600,18.4200,18.7200,16843839,1.000000
2010-01-06,nvda,18.7500,18.9200,18.5700,18.8300,14266650,1.000000
2010-01-07,nvda,18.7800,18.8600,18.3700,18.4900,12284438,1.000000
2010-01-08,nvda,18.3600,18.6800,18.2500,18.5500,10910630,1.000000
2010-01-11,nvda,18.6500,18.7300,18.0300,18.3100,13310399,1.000000
2010-01-12,nvda,18.0200,18.0900,17.2900,17.6400,13625083,1.000000
2010-01-13,nvda,17.7900,17.9700,17.1000,17.9700,11723385,1.000000
2010-01-14,nvda,17.6900,17.8200,17.3300,17.6600,13665397,1.000000
2010-01-15,nvda,17.5000,17.6500,16.8800,17.1470,17787583,1.000000
2010-01-19,nvda,16.9800,17.5400,16.9300,17.4100,12055476,1.000000
2010-01-20,nvda,17.2100,17.4300,16.9800,17.3400,15750248,1.000000
2010-01-21,nvda,17.3500,17.6600,16.8900,17.0700,13562237,1.000000
2010-01-22,nvda,16.8500,17.1600,16.3700,16.4300,23377903,1.000000
2010-01-25,nvda,16.7300,17.0600,16.6100,16.7400,14558384,1.000000
2010-01-26,nvda,16.6600,16.7700,16.2200,16.2300,15898328,1.000000
2010-01-27,nvda,16.2000,16.7100,16.0200,16.7000,18696602,1.000000
2010-01-28,nvda,16.7800,16.8400,15.8600,16.1400,15260435,1.000000
2010-01-29,nvda,16.2700,16.4500,15.1500,15.3800,16799731,1.000000
2010-02-01,nvda,15.4500,16.5800,15.3200,16.5400,20679870,1.000000
2010-02-04,nvda,16.7300,16.7300,15.7200,15.9000,19461485,1.000000
2010-02-05,nvda,15.8800,16.2600,15.6000,16.2200,15031979,1.000000
2010-02-08,nvda,16.1700,16.5800,15.8700,16.1900,11106508,1.000000
2010-02-09,nvda,16.4500,16.5300,15.9000,16.0600,23253536,1.000000
2010-02-10,nvda,16.1600,16.5200,16.0500,16.3700,13391660,1.000000
2010-02-11,nvda,16.6300,17.3000,16.5100,17.1200,17290816,1.000000
2010-02-12,nvda,17.0000,17.7000,16.8000,17.3500,19193266,1.000000
2010-02-16,nvda,17.5800,17.7400,17.3700,17.6700,11370130,1.000000
2010-02-17,nvda,17.8900,17.9000,17.3200,17.8400,21435200,1.000000
2010-02-18,nvda,16.8600,16.9500,16.2100,16.6700,37604871,1.000000
2010-02-19,nvda,16.6000,16.7800,16.5000,16.5800,12755299,1.000000
2010-02-22,nvda,16.6500,16.9000,16.5000,16.6100,11399162,1.000000
2010-02-23,nvda,16.6600,16.7300,16.0400,16.2100,12187376,1.000000
2010-02-24,nvda,16.3500,16.7100,16.3000,16.5500,11107964,1.000000
2010-02-25,nvda,16.1700,16.4400,15.7600,16.4000,14395138,1.000000
2010-02-26,nvda,16.3200,16.4400,16.1000,16.2000,9746107,1.000000
2010-03-01,nvda,16.2100,16.9300,16.0800,16.8500,13800802,1.000000
2010-03-02,nvda,17.0000,17.2100,16.7200,16.8400,13450530,1.000000
2010-03-03,nvda,16.9400,17.0300,16.4900,16.6300,9924315,1.000000
2010-03-04,nvda,16.7000,16.8300,16.4500,16.6600,13921628,1.000000
2010-03-05,nvda,16.5400,17.2900,16.5400,17.1700,15722893,1.000000
2010-03-08,nvda,17.1800,17.2300,16.8500,16.9200,10873713,1.000000
2010-03-09,nvda,17.0900,17.7200,17.0800,17.5500,20594824,1.000000
2010-03-10,nvda,17.5000,17.7800,17.4900,17.5900,10460114,1.000000
2010-03-11,nvda,17.4500,17.5100,17.1200,17.1900,13362504,1.000000
2010-03-12,nvda,17.3800,17.4300,17.1600,17.2500,12973103,1.000000
2010-03-15,nvda,17.2300,17.4000,17.0000,17.1600,8972598,1.000000
2010-03-16,nvda,17.1500,17.8600,17.1400,17.7500,16486964,1.000000
2010-03-17,nvda,17.8600,18.3400,17.8600,18.1000,15894754,1.000000
2010-03-18,nvda,18.1300,18.1300,17.3000,17.4600,18523529,1.000000
2010-03-19,nvda,17.7200,17.7700,17.0300,17.2500,14615083,1.000000
2010-03-22,nvda,17.0300,17.6000,17.0300,17.5300,10883314,1.000000
2010-03-23,nvda,17.6600,17.9800,17.5400,17.8900,12336748,1.000000
2010-03-24,nvda,17.7400,17.7900,17.2500,17.2900,10904452,1.000000
2010-03-25,nvda,17.5400,17.6500,17.3000,17.3400,12379558,1.000000
2010-03-26,nvda,17.4900,17.6700,17.2000,17.3400,8616883,1.000000
2010-03-29,nvda,17.4500,17.6000,17.2100,17.5600,9860722,1.000000
2010-03-30,nvda,17.7600,17.8500,17.3300,17.6300,8102521,1.000000
2010-03-31,nvda,17.5600,17.6400,17.3100,17.4000,9745918,1.000000
2010-04-01,nvda,17.4800,17.6800,17.0400,17.2200,8490484,1.000000
2010-04-05,nvda,17.3300,17.5100,17.3100,17.4800,10340826,1.000000
2010-04-06,nvda,17.2600,17.3000,16.7500,17.0500,20205320,1.000000
2010-04-07,nvda,16.9400,17.4500,16.8000,17.1600,20435136,1.000000
2010-04-08,nvda,17.0500,17.1800,16.7900,16.8800,25939669,1.000000
2010-04-09,nvda,16.8400,17.0500,16.7500,16.9900,20438024,1.000000
2010-04-12,nvda,17.0100,17.3700,16.9800,17.3000,13661188,1.000000
2010-04-13,nvda,17.3700,17.7200,17.3000,17.6600,16062020,1.000000
2010-04-14,nvda,18.0400,18.1300,17.6000,17.8800,22504803,1.000000
2010-04-19,nvda,16.9300,17.0300,16.4100,16.9800,27362065,1.000000
2010-04-20,nvda,17.1000,17.2800,16.8200,17.0400,16953680,1.000000
2010-04-21,nvda,17.1300,17.1500,16.4000,16.6000,22394184,1.000000
2010-04-22,nvda,16.3300,16.7200,16.1000,16.6700,16423298,1.000000
2010-04-23,nvda,16.6200,16.6600,16.1500,16.4400,18822647,1.000000
2010-04-26,nvda,16.4600,16.8000,16.4300,16.6000,12277219,1.000000
2010-04-27,nvda,16.4800,16.6500,16.0800,16.1300,15167088,1.000000
2010-04-28,nvda,16.1200,16.3900,15.8300,16.1600,16803170,1.000000
2010-04-29,nvda,16.2100,16.6700,15.9700,16.6500,24677119,1.000000
2010-04-30,nvda,16.4500,16.4800,15.7000,15.7100,26705598,1.000000
2010-05-03,nvda,15.7900,15.8800,15.3000,15.5400,26973434,1.000000
2010-05-04,nvda,15.3000,15.3300,14.5300,14.7500,32784372,1.000000
2010-05-05,nvda,14.4500,14.8700,14.3200,14.5000,33260632,1.000000
2010-05-06,nvda,14.4000,14.7000,13.0400,14.2000,25069314,1.000000
2010-05-07,nvda,14.3300,14.3300,13.4600,13.9600,28842769,1.000000
2010-05-10,nvda,14.8000,14.9800,14.4000,14.5600,24473744,1.000000
2010-05-11,nvda,14.4200,14.6900,14.2900,14.4000,20726756,1.000000
2010-05-12,nvda,14.5000,14.7600,14.4100,14.6800,22502984,1.000000
2010-05-13,nvda,14.6200,15.2900,14.5100,14.6500,31098527,1.000000
2010-05-14,nvda,13.6800,13.7000,12.6000,12.9600,62327669,1.000000
2010-05-17,nvda,12.9800,13.1500,12.5800,12.9900,21401147,1.000000
2010-05-18,nvda,13.1000,13.1800,12.4900,12.5600,16834262,1.000000
2010-05-19,nvda,12.5000,12.7800,12.4100,12.7600,20662974,1.000000
2010-05-20,nvda,12.3900,12.7600,12.0100,12.4600,28211609,1.000000
2010-05-21,nvda,12.1000,13.0700,12.1000,12.7300,26743094,1.000000
2010-05-24,nvda,12.6900,12.8400,12.3200,12.3600,16614825,1.000000
2010-05-25,nvda,11.9700,12.7500,11.8500,12.6900,24164606,1.000000
2010-05-26,nvda,13.2000,13.4500,12.7100,12.7500,24872659,1.000000
2010-05-27,nvda,13.0700,13.5000,13.0400,13.5000,17830683,1.000000
2010-05-28,nvda,13.4800,13.4800,12.9400,13.1400,13629704,1.000000
2010-06-01,nvda,12.9600,13.1100,12.5700,12.5800,13186754,1.000000
2010-06-02,nvda,12.6000,12.7300,12.5200,12.7200,16224717,1.000000
2010-06-03,nvda,12.4600,12.7300,12.4200,12.7000,14658963,1.000000
2010-06-04,nvda,12.3300,12.5500,12.0300,12.1000,16786307,1.000000
2010-06-07,nvda,12.1500,12.2300,11.4500,11.5000,14415751,1.000000
2010-06-08,nvda,11.4500,11.4500,10.8900,11.1800,24190743,1.000000
2010-06-09,nvda,11.2400,11.5400,10.8700,10.9100,17428718,1.000000
2010-06-10,nvda,11.1300,11.4000,11.1000,11.3500,15273718,1.000000
2010-06-11,nvda,11.2300,11.6500,11.2000,11.6100,11053621,1.000000
2010-06-14,nvda,11.7800,11.8000,11.3300,11.3600,9371930,1.000000
2010-06-15,nvda,11.4900,11.9800,11.4700,11.9200,13213919,1.000000
2010-06-16,nvda,11.8400,11.9500,11.6100,11.7700,9075687,1.000000
2010-06-17,nvda,12.1800,12.2500,11.7600,12.2200,21475614,1.000000
2010-06-18,nvda,12.2900,12.4500,12.2000,12.3000,23325152,1.000000
2010-06-21,nvda,12.5600,12.5900,11.9000,12.0100,14459634,1.000000
2010-06-22,nvda,12.1600,12.3100,11.5000,11.5600,20431095,1.000000
2010-06-23,nvda,11.6700,11.8100,11.3400,11.6900,15350552,1.000000
2010-06-24,nvda,11.6200,11.6800,11.0700,11.1100,18123223,1.000000
2010-06-25,nvda,11.1900,11.2000,10.9000,11.0800,12686525,1.000000
2010-06-28,nvda,11.1600,11.2600,10.9000,11.1000,9300184,1.000000
2010-06-29,nvda,10.8600,10.8700,10.4100,10.4800,16503838,1.000000
2010-06-30,nvda,10.5000,10.6100,10.2100,10.2100,15572470,1.000000
2010-07-01,nvda,10.2400,10.4500,9.9300,10.3800,18424646,1.000000
2010-07-02,nvda,10.4200,10.4400,9.9000,10.2500,18428399,1.000000
2010-07-06,nvda,10.2100,10.5400,10.0500,10.1400,17797887,1.000000
2010-07-07,nvda,10.1800,10.6900,10.1600,10.6300,15202044,1.000000
2010-07-08,nvda,10.7000,10.7100,10.1800,10.3100,19579505,1.000000
2010-07-09,nvda,10.3600,10.4200,10.2200,10.3500,14291233,1.000000
2010-07-12,nvda,10.3500,10.6700,10.3400,10.5400,14127403,1.000000
2010-07-13,nvda,10.7100,10.9900,10.6500,10.9200,17793924,1.000000
2010-07-14,nvda,11.4000,11.4800,10.8700,11.0300,33878287,1.000000
2010-07-15,nvda,11.0400,11.0500,10.5900,10.7200,23778735,1.000000
2010-07-16,nvda,10.7200,10.7500,10.0100,10.0500,32215099,1.000000
2010-07-19,nvda,10.1900,10.5000,10.1200,10.4600,19942285,1.000000
2010-07-20,nvda,10.1900,10.7800,10.1000,10.7200,29003020,1.000000
2010-07-21,nvda,10.8200,10.8300,10.2700,10.3700,15607521,1.000000
2010-07-22,nvda,10.4800,10.6500,10.4200,10.5400,11544706,1.000000
2010-07-23,nvda,10.5300,10.5400,10.2600,10.3600,20440044,1.000000
2010-07-26,nvda,10.3300,10.5900,10.1700,10.5500,17040795,1.000000
2010-07-27,nvda,10.5800,10.6000,10.3300,10.4600,17060345,1.000000
2010-07-28,nvda,10.2900,10.4700,10.1000,10.1300,32778796,1.000000
2010-07-29,nvda,9.4000,9.6000,9.0700,9.1300,66556171,1.000000
2010-07-30,nvda,9.0600,9.3500,8.9200,9.1900,24616930,1.000000
2010-08-02,nvda,9.3500,9.3900,9.1400,9.1800,22901588,1.000000
2010-08-03,nvda,9.1100,9.1200,8.8700,8.9400,23871072,1.000000
2010-08-04,nvda,9.0200,9.3500,8.9800,9.3200,21386910,1.000000
2010-08-05,nvda,9.3500,9.4600,9.1800,9.4400,20011549,1.000000
2010-08-06,nvda,9.4000,9.6500,9.3200,9.5500,18504102,1.000000
2010-08-09,nvda,9.6500,9.6600,9.4000,9.6400,11650201,1.000000
2010-08-10,nvda,9.4800,9.5000,9.2000,9.2400,19298313,1.000000
2010-08-11,nvda,9.0500,9.0500,8.8500,8.8800,19871738,1.000000
2010-08-12,nvda,8.7200,9.1600,8.6500,8.9600,32683438,1.000000
2010-08-13,nvda,9.2500,9.5200,9.2300,9.3900,44943717,1.000000
2010-08-16,nvda,9.2600,9.4500,9.0300,9.1500,20349623,1.000000
2010-08-17,nvda,9.2400,9.4400,9.1500,9.2700,12029585,1.000000
2010-08-18,nvda,9.2400,9.4000,9.1800,9.3200,8675348,1.000000
2010-08-19,nvda,9.4200,9.9100,9.3700,9.8800,40342427,1.000000
2010-08-20,nvda,9.8100,10.2100,9.8000,9.9700,32632825,1.000000
2010-08-23,nvda,10.0000,10.2500,9.7900,9.8200,18656651,1.000000
2010-08-24,nvda,9.5000,9.8200,9.4800,9.7200,16008557,1.000000
2010-08-25,nvda,9.6100,10.0000,9.5600,9.9200,18937475,1.000000
2010-08-26,nvda,10.0500,10.1600,9.8000,9.8000,16435454,1.000000
2010-08-27,nvda,9.8600,10.2000,9.6100,10.1200,26517115,1.000000
2010-08-30,nvda,10.0000,10.0800,9.6400,9.6400,15067716,1.000000
2010-08-31,nvda,9.5000,9.8000,9.3000,9.3200,23279728,1.000000
2010-09-01,nvda,9.4700,9.5900,9.3500,9.4000,21285972,1.000000
2010-09-02,nvda,9.4300,9.6000,9.3400,9.5700,14906592,1.000000
2010-09-03,nvda,9.8000,9.9300,9.6800,9.9000,14165444,1.000000
2010-09-07,nvda,9.8700,10.2200,9.8500,9.9900,22479558,1.000000
2010-09-08,nvda,10.0100,10.3900,9.9000,10.3200,30584254,1.000000
2010-09-09,nvda,10.4500,10.4600,10.0500,10.1800,17369930,1.000000
2010-09-10,nvda,10.2500,10.2800,9.9800,10.0700,15232216,1.000000
2010-09-13,nvda,10.2500,10.7700,10.2400,10.6400,25391443,1.000000
2010-09-14,nvda,10.5500,10.6800,10.4500,10.5400,17447691,1.000000
2010-09-15,nvda,10.4400,10.5700,10.3000,10.5600,13889216,1.000000
2010-09-16,nvda,10.4200,10.6600,10.4200,10.5600,9107883,1.000000
2010-09-17,nvda,10.6700,10.6800,10.5200,10.5500,10422289,1.000000
2010-09-20,nvda,10.5500,10.7500,10.4500,10.7100,11072436,1.000000
2010-09-21,nvda,10.6500,11.4700,10.6500,11.2900,44489202,1.000000
2010-09-22,nvda,11.2500,11.4900,11.1800,11.3900,24997026,1.000000
2010-09-23,nvda,11.5200,11.9800,11.4200,11.6200,31014499,1.000000
2010-09-24,nvda,11.8800,12.3000,11.7900,12.2600,27174329,1.000000
2010-09-27,nvda,12.3500,12.3600,11.8400,11.9900,24984696,1.000000
2010-09-28,nvda,12.0100,12.1400,11.7600,11.9700,18078768,1.000000
2010-09-29,nvda,11.8600,12.2300,11.7500,11.8800,24372575,1.000000
2010-09-30,nvda,12.0300,12.1700,11.5800,11.6800,19690730,1.000000
2010-10-01,nvda,11.8500,11.8700,11.2600,11.3500,24984553,1.000000
2010-10-04,nvda,11.2400,11.4300,11.0100,11.2400,18737332,1.000000
2010-10-05,nvda,11.4800,11.5000,11.2900,11.3200,18836502,1.000000
2010-10-06,nvda,11.3200,11.3700,10.6700,10.7800,26440071,1.000000
2010-10-07,nvda,10.6600,10.7000,10.5100,10.6700,1023462,1.000000
2010-10-08,nvda,10.6600,10.9500,10.5100,10.8600,17679077,1.000000
2010-10-11,nvda,10.9100,11.0000,10.7600,10.8100,11066191,1.000000
2010-10-12,nvda,10.7200,11.0700,10.6300,11.0200,15114246,1.000000
2010-10-13,nvda,10.7200,11.0700,10.6300,11.0200,15114246,1.000000
2010-10-14,nvda,10.7200,11.0700,10.6300,11.0200,15114246,1.000000
2010-10-15,nvda,11.3400,11.4700,11.1600,11.2900,16000083,1.000000
2010-10-18,nvda,11.3000,11.4100,11.1000,11.3600,11203283,1.000000
2010-10-19,nvda,11.1100,11.3700,11.0200,11.2900,21641236,1.000000
2010-10-20,nvda,11.3000,11.6000,11.1000,11.2900,19088301,1.000000
2010-10-21,nvda,11.3000,11.3200,10.9200,11.0900,25316947,1.000000
2010-10-22,nvda,11.1600,11.8900,11.0400,11.8000,33069658,1.000000
2010-10-25,nvda,11.8900,11.9900,11.7800,11.9100,16828046,1.000000
2010-10-26,nvda,11.7700,12.0500,11.6700,11.8700,16880148,1.000000
2010-10-27,nvda,11.7600,12.0800,11.7300,12.0400,12410064,1.000000
2010-10-28,nvda,12.2000,12.2400,11.9400,12.0500,17611111,1.000000
2010-10-29,nvda,12.0300,12.1500,11.9000,12.0200,13872645,1.000000
2010-11-01,nvda,12.1000,12.2900,11.9400,12.0400,11846607,1.000000
2010-11-02,nvda,12.0900,12.4900,12.0200,12.2900,14523010,1.000000
2010-11-03,nvda,12.3700,12.4600,12.0500,12.3800,16793678,1.000000
2010-11-04,nvda,12.5000,12.6300,12.3800,12.4000,17483749,1.000000
2010-11-05,nvda,12.4900,12.7200,12.4300,12.6100,18379982,1.000000
2010-11-08,nvda,12.6000,12.7700,12.5000,12.6600,15121676,1.000000
2010-11-09,nvda,12.6600,12.7600,12.5200,12.5900,15855589,1.000000
2010-11-10,nvda,12.6800,12.7400,12.5000,12.7400,13007614,1.000000
2010-11-11,nvda,12.4400,12.8200,12.2700,12.6100,26371250,1.000000
2010-11-12,nvda,13.0900,13.6800,13.0300,13.2600,53563896,1.000000
2010-11-15,nvda,13.3200,13.5100,13.0700,13.1000,18332891,1.000000
2010-11-16,nvda,12.8800,13.0600,12.6900,12.7100,18471223,1.000000
2010-11-17,nvda,12.7000,13.0700,12.5800,12.9200,13792117,1.000000
2010-11-18,nvda,13.0900,13.4500,13.0900,13.3200,24814328,1.000000
2010-11-19,nvda,13.2900,13.8000,13.2700,13.7500,17915198,1.000000
2010-11-22,nvda,13.6600,13.8400,13.5400,13.7600,11519405,1.000000
2010-11-23,nvda,13.6000,13.7400,13.3400,13.4400,11438211,1.000000
2010-11-24,nvda,13.5800,13.8200,13.5700,13.7700,9946748,1.000000
2010-11-26,nvda,13.7600,13.8400,13.6000,13.6000,3577967,1.000000
2010-11-29,nvda,13.5400,13.8000,13.4800,13.7500,11699762,1.000000
2010-11-30,nvda,13.5400,13.6800,13.3600,13.6100,18022961,1.000000
2010-12-01,nvda,13.8800,14.2900,13.8600,14.2100,15646230,1.000000
2010-12-02,nvda,14.2100,14.4700,14.2000,14.3800,13177627,1.000000
2010-12-03,nvda,14.3100,14.7900,14.2800,14.7900,15152794,1.000000
2010-12-06,nvda,14.8400,14.8700,14.4500,14.5100,10952415,1.000000
2010-12-07,nvda,14.9600,15.2700,14.8500,14.9000,5703359,1.000000
2010-12-08,nvda,14.9600,15.2700,14.8500,15.1100,15328971,1.000000
2010-12-09,nvda,14.7500,14.9600,14.5400,14.8600,23552747,1.000000
2010-12-10,nvda,14.8600,15.0900,14.8200,14.9500,11297538,1.000000
2010-12-13,nvda,15.0100,15.0400,14.5300,14.5700,15223667,1.000000
2010-12-14,nvda,14.8500,15.1200,14.5700,14.5900,18766875,1.000000
2010-12-15,nvda,14.6200,14.8000,14.2500,14.2700,15603656,1.000000
2010-12-16,nvda,14.4200,14.5000,14.2500,14.2900,15741055,1.000000
2010-12-17,nvda,14.3000,14.4500,14.1300,14.3700,14836529,1.000000
2010-12-20,nvda,14.4200,14.4900,14.3000,14.3100,8587856,1.000000
2010-12-21,nvda,14.4500,14.8700,14.4400,14.8700,11660707,1.000000
2010-12-22,nvda,14.8400,15.0500,14.7000,15.0300,11946320,1.000000
2010-12-23,nvda,15.0300,15.0300,14.8600,14.9200,6844574,1.000000
2010-12-27,nvda,14.8800,15.1100,14.6100,15.0000,6384624,1.000000
2010-12-28,nvda,15.0000,15.1000,14.8500,14.9400,4856433,1.000000
2010-12-29,nvda,14.9300,15.0500,14.8000,14.9400,4441344,1.000000
2010-12-30,nvda,14.9200,15.0800,14.8700,14.9900,4361723,1.000000
2010-12-31,nvda,15.0000,15.4200,14.9800,15.4000,9782457,1.000000
2011-01-03,nvda,15.5200,15.9700,15.5000,15.8200,20421513,1.000000
2011-01-04,nvda,15.8500,15.9200,15.4200,15.7700,16278397,1.000000
2011-01-05,nvda,16.0600,17.0000,15.9000,16.9800,35548473,1.000000
2011-01-06,nvda,17.4200,19.3400,17.3700,19.3300,87250701,1.000000
2011-01-07,nvda,19.1100,19.9300,18.6800,19.8700,64509431,1.000000
2011-01-10,nvda,19.5100,20.6700,19.3600,20.6300,42439172,1.000000
2011-01-11,nvda,20.9100,21.1100,19.8700,20.3100,67770009,1.000000
2011-01-12,nvda,20.3200,23.3700,20.2500,23.3500,85660124,1.000000
2011-01-13,nvda,23.1000,23.8400,22.3800,23.3900,67343716,1.000000
2011-01-14,nvda,22.9900,23.9800,22.8500,23.5900,39883784,1.000000
2011-01-18,nvda,23.2700,23.4300,22.4700,23.0400,45081092,1.000000
2011-01-19,nvda,23.0500,23.6000,22.3600,22.4100,29909373,1.000000
2011-01-20,nvda,22.1900,22.5600,21.7900,22.4300,27780794,1.000000
2011-01-21,nvda,22.6700,22.9900,22.1800,22.2200,18485615,1.000000
2011-01-24,nvda,23.2400,25.0500,22.9800,24.7300,51393510,1.000000
2011-01-25,nvda,24.2200,25.0000,24.0500,24.5400,26515639,1.000000
2011-01-26,nvda,24.2200,25.0000,24.0500,24.5400,26430307,1.000000
2011-01-27,nvda,24.8900,24.9500,24.0000,24.4710,16354626,1.000000
2011-01-28,nvda,24.5300,24.9400,23.2000,23.7600,27190958,1.000000
2011-01-31,nvda,23.8000,24.2500,23.4100,23.9200,18305072,1.000000
2011-02-01,nvda,24.1300,24.6500,23.9700,24.4700,16263512,1.000000
2011-02-02,nvda,24.3300,26.1700,24.3300,25.5800,40045298,1.000000
2011-02-03,nvda,25.6200,25.6200,24.5500,25.0950,25728679,1.000000
2011-02-04,nvda,25.4500,25.8700,25.3500,25.6700,21533351,1.000000
2011-02-07,nvda,25.3200,25.4300,24.5100,24.6010,23194304,1.000000
2011-02-08,nvda,24.6300,24.7850,23.7600,23.8720,26818720,1.000000
2011-02-09,nvda,23.9600,24.2000,22.8600,23.2900,31830031,1.000000
2011-02-10,nvda,22.7720,23.2100,22.6000,22.8200,25929440,1.000000
2011-02-11,nvda,22.7400,24.2100,22.3700,23.4700,33861034,1.000000
2011-02-14,nvda,23.7500,24.5000,23.0200,23.1100,32104118,1.000000
2011-02-15,nvda,23.1500,23.2300,22.4500,22.5500,22043189,1.000000
2011-02-16,nvda,22.8500,23.7100,22.7700,23.3800,28230372,1.000000
2011-02-17,nvda,22.7200,26.0100,22.6100,25.6800,86514496,1.000000
2011-02-18,nvda,25.5400,25.9500,25.2300,25.6300,34863217,1.000000
2011-02-22,nvda,24.7900,24.8600,23.1300,23.2100,34704537,1.000000
2011-02-23,nvda,23.2100,23.4300,21.7800,22.1100,37168751,1.000000
2011-02-24,nvda,22.2200,23.0400,22.0600,22.6500,31035452,1.000000
2011-02-25,nvda,23.2600,23.5000,22.9400,23.1200,19056436,1.000000
2011-02-28,nvda,23.5000,23.5100,22.1400,22.6600,22404834,1.000000
2011-03-01,nvda,22.7000,22.9900,21.6500,21.6500,24554048,1.000000
2011-03-02,nvda,21.6200,22.0300,20.2500,20.7500,42862247,1.000000
2011-03-03,nvda,21.2300,21.3500,20.2400,20.8700,39656534,1.000000
2011-03-04,nvda,20.8900,21.1000,20.5300,20.7550,23802870,1.000000
2011-03-07,nvda,20.9100,20.9800,19.9500,20.4700,25426909,1.000000
2011-03-08,nvda,20.6900,20.8000,19.1200,19.5500,48554745,1.000000
2011-03-09,nvda,19.4900,19.6800,18.9700,19.1400,32877152,1.000000
2011-03-10,nvda,18.7000,18.8400,17.9000,17.9200,42760761,1.000000
2011-03-11,nvda,18.0650,18.5500,17.6600,18.0500,37064087,1.000000
2011-03-14,nvda,18.1900,18.6500,17.9000,18.2000,24984818,1.000000
2011-03-15,nvda,17.3100,17.9600,17.0100,17.6600,30510126,1.000000
2011-03-16,nvda,17.5000,18.3500,17.3000,17.5200,36566273,1.000000
2011-03-17,nvda,18.0000,18.0300,17.2000,17.8600,30842269,1.000000
2011-03-18,nvda,18.1400,18.2000,17.6000,17.6200,21297509,1.000000
2011-03-21,nvda,18.0000,18.1800,17.5800,17.7600,18739658,1.000000
2011-03-22,nvda,17.7100,17.8800,17.3700,17.4450,17703999,1.000000
2011-03-23,nvda,17.4200,17.8600,17.0400,17.8100,19532463,1.000000
2011-03-24,nvda,18.1900,19.4500,18.1500,19.2300,44255414,1.000000
2011-03-25,nvda,19.4000,19.4450,18.6000,18.6300,29863452,1.000000
2011-03-28,nvda,19.0700,19.6400,18.9000,19.3200,29951515,1.000000
2011-03-29,nvda,19.3200,19.3900,18.9100,19.1700,17731204,1.000000
2011-03-30,nvda,19.3200,19.4000,18.2100,18.4500,29271807,1.000000
2011-03-31,nvda,18.4800,18.6800,18.1200,18.4600,16236715,1.000000
2011-04-01,nvda,18.7000,18.7200,17.9500,18.2000,21073021,1.000000
2011-04-04,nvda,18.2000,18.2500,17.4200,17.5500,22598758,1.000000
2011-04-05,nvda,17.8100,17.9500,17.5400,17.5800,20329834,1.000000
2011-04-06,nvda,17.7100,17.7300,17.3100,17.4600,21372398,1.000000
2011-04-07,nvda,17.5000,18.2100,17.4300,18.1000,25385799,1.000000
2011-04-08,nvda,18.2400,18.2400,17.5000,17.5500,18622967,1.000000
2011-04-11,nvda,17.6200,17.7100,17.1300,17.3200,13486276,1.000000
2011-04-12,nvda,17.1500,17.4900,16.8300,17.3700,20913625,1.000000
2011-04-13,nvda,17.5500,17.8700,17.3300,17.7600,18674965,1.000000
2011-04-14,nvda,17.6000,18.5200,17.5000,18.5100,31186141,1.000000
2011-04-15,nvda,18.3700,18.9400,18.2800,18.7100,24109000,1.000000
2011-04-18,nvda,18.2700,18.3900,17.8000,18.0900,18510601,1.000000
2011-04-19,nvda,18.1000,18.1700,17.5300,18.0200,16337162,1.000000
2011-04-20,nvda,18.6800,18.9500,18.2700,18.5700,15995823,1.000000
2011-04-21,nvda,18.7700,18.8850,18.4800,18.5200,10405138,1.000000
2011-04-25,nvda,18.6000,19.1200,18.5900,18.8100,15418185,1.000000
2011-04-26,nvda,18.9700,19.4910,18.7800,19.3000,16684863,1.000000
2011-04-27,nvda,19.4000,19.4000,18.9000,19.3000,11227552,1.000000
2011-04-28,nvda,19.3000,19.9000,19.0800,19.5100,16813571,1.000000
2011-04-29,nvda,19.6400,20.4400,19.6100,20.0000,19734268,1.000000
2011-05-02,nvda,20.4200,20.4300,19.6300,19.7300,15311782,1.000000
2011-05-03,nvda,19.5000,19.5600,18.5500,18.7900,20069885,1.000000
2011-05-04,nvda,18.8500,19.0600,18.3000,18.6500,15830068,1.000000
2011-05-05,nvda,18.5000,18.8800,18.2500,18.6600,13483776,1.000000
2011-05-06,nvda,19.0500,19.5000,18.9000,19.3200,20994989,1.000000
2011-05-09,nvda,19.3800,19.8500,19.3300,19.7500,17508583,1.000000
2011-05-10,nvda,19.9100,19.9300,19.5800,19.7800,17126771,1.000000
2011-05-11,nvda,19.8800,20.0800,19.6000,19.8700,15377519,1.000000
2011-05-12,nvda,19.8000,20.5200,19.7500,20.5000,27398645,1.000000
2011-05-13,nvda,19.2000,19.2500,18.1200,18.2600,50381654,1.000000
2011-05-16,nvda,18.2100,18.2500,17.6900,17.7010,18078482,1.000000
2011-05-17,nvda,17.6400,17.6500,17.1200,17.6300,35422897,1.000000
2011-05-18,nvda,17.7000,18.1900,17.6400,18.0400,16401568,1.000000
2011-05-19,nvda,18.1800,18.1900,17.5100,17.7800,16208825,1.000000
2011-05-20,nvda,17.7400,18.1300,17.6600,18.0900,14351472,1.000000
2011-05-23,nvda,17.8300,18.2000,17.6000,18.0700,14567368,1.000000
2011-05-24,nvda,18.1600,18.8700,18.1100,18.1410,17983086,1.000000
2011-05-25,nvda,18.0500,18.4800,17.8700,18.3600,13572724,1.000000
2011-05-26,nvda,18.3600,18.9800,18.3100,18.8200,17567251,1.000000
2011-05-27,nvda,18.9000,19.5310,18.8800,19.5000,16420599,1.000000
2011-05-31,nvda,19.8800,20.0500,19.4000,20.0400,29580597,1.000000
2011-06-01,nvda,19.9500,19.9800,19.1000,19.1400,18711283,1.000000
2011-06-02,nvda,19.0200,19.2800,18.8400,19.0200,19701450,1.000000
2011-06-03,nvda,18.8300,19.0000,18.3700,18.4600,13658915,1.000000
2011-06-06,nvda,18.4300,18.6000,18.0500,18.0700,10783152,1.000000
2011-06-07,nvda,18.2100,18.3100,17.9800,18.0600,10793112,1.000000
2011-06-08,nvda,17.9700,18.0800,17.4300,17.5700,14143185,1.000000
2011-06-09,nvda,17.5600,17.6000,16.7400,17.3700,18359888,1.000000
2011-06-10,nvda,17.4000,17.5050,16.9800,17.1200,12277419,1.000000
2011-06-13,nvda,17.1200,17.3400,16.8800,16.9950,14341067,1.000000
2011-06-14,nvda,17.1500,17.5200,17.0700,17.1400,13186368,1.000000
2011-06-15,nvda,16.9100,17.0100,16.4200,16.7700,23238787,1.000000
2011-06-16,nvda,16.7800,17.0380,15.9500,16.1900,25589574,1.000000
2011-06-17,nvda,16.3800,16.3900,15.3100,15.8050,35140052,1.000000
2011-06-20,nvda,15.6700,16.0000,15.5000,15.6200,18624964,1.000000
2011-06-21,nvda,15.6800,16.0800,15.5300,15.9600,17475186,1.000000
2011-06-22,nvda,15.8500,16.0600,15.7100,15.7400,16235631,1.000000
2011-06-23,nvda,15.5400,16.3160,15.4000,16.2100,18391591,1.000000
2011-06-24,nvda,16.1300,16.2700,15.6400,15.7400,12610004,1.000000
2011-06-27,nvda,15.7400,15.8400,14.8600,15.4100,28442565,1.000000
2011-06-28,nvda,15.4100,15.6800,15.3000,15.5000,17264780,1.000000
2011-06-29,nvda,15.6000,15.9000,15.0600,15.7400,23971079,1.000000
2011-06-30,nvda,15.7800,16.1100,15.5400,15.9350,16102309,1.000000
2011-07-01,nvda,15.9400,16.2100,15.6200,16.1450,13396378,1.000000
2011-07-05,nvda,16.1300,16.2800,15.7400,15.8800,13218689,1.000000
2011-07-06,nvda,15.8700,15.9000,15.4800,15.6700,13166441,1.000000
2011-07-07,nvda,15.7500,15.8300,15.4500,15.7250,24578193,1.000000
2011-07-08,nvda,15.5100,15.6200,15.3000,15.4300,15312307,1.000000
2011-07-11,nvda,15.1400,15.2000,14.8500,14.8900,17794268,1.000000
2011-07-12,nvda,14.8200,14.9600,14.4400,14.6900,21517027,1.000000
2011-07-13,nvda,14.8900,14.9900,14.5200,14.6600,15700968,1.000000
2011-07-14,nvda,14.7200,14.8100,14.0100,14.0800,27051204,1.000000
2011-07-15,nvda,14.1600,14.2500,13.8100,14.1000,20638684,1.000000
2011-07-18,nvda,13.9900,14.0700,13.6200,13.7950,20423111,1.000000
2011-07-19,nvda,13.8400,14.2500,13.8400,14.2210,14966160,1.000000
2011-07-20,nvda,14.2700,14.3500,14.0000,14.0400,16393221,1.000000
2011-07-21,nvda,14.0600,14.8000,13.8500,14.7000,28297926,1.000000
2011-07-22,nvda,14.8300,15.0500,14.6400,15.0000,18236710,1.000000
2011-07-25,nvda,14.7700,14.8300,14.5500,14.7600,14150590,1.000000
2011-07-26,nvda,14.3400,14.7000,14.1900,14.4000,17353530,1.000000
2011-07-27,nvda,14.2000,14.2700,13.8200,13.8550,16190737,1.000000
2011-07-28,nvda,13.8100,14.1200,13.5900,13.8300,16101307,1.000000
2011-07-29,nvda,13.6900,13.9600,13.6200,13.8300,16890145,1.000000
2011-08-01,nvda,14.1500,14.6100,14.0300,14.5700,25411247,1.000000
2011-08-02,nvda,14.4700,15.3800,14.4200,14.4200,33749195,1.000000
2011-08-03,nvda,14.4500,14.8600,14.3100,14.8100,19065106,1.000000
2011-08-04,nvda,14.5400,14.5400,13.4000,13.4000,24271619,1.000000
2011-08-05,nvda,13.7100,13.8800,12.6000,12.9500,31686224,1.000000
2011-08-08,nvda,12.3200,12.7600,11.8500,11.9300,26779506,1.000000
2011-08-09,nvda,12.1600,12.9500,12.0000,12.9300,32950927,1.000000
2011-08-10,nvda,12.5500,12.9100,12.2700,12.3400,28336980,1.000000
2011-08-11,nvda,12.3400,13.5900,12.3400,13.4100,21613295,1.000000
2011-08-12,nvda,14.8400,14.8600,12.6700,12.8800,79759793,1.000000
2011-08-15,nvda,13.0100,13.4000,12.9400,13.3700,21510961,1.000000
2011-08-16,nvda,13.2200,13.4000,12.7500,12.9900,17632581,1.000000
2011-08-17,nvda,13.0300,13.2500,12.6400,12.8100,13766673,1.000000
2011-08-18,nvda,12.2300,12.3500,11.8000,11.9400,19725956,1.000000
2011-08-19,nvda,11.7400,12.3920,11.6500,11.7300,18858070,1.000000
2011-08-22,nvda,12.0580,12.2000,11.8050,11.9400,15169225,1.000000
2011-08-23,nvda,12.2300,13.2400,12.2100,13.2300,23206001,1.000000
2011-08-24,nvda,13.2000,13.2400,12.7000,13.0400,17095367,1.000000
2011-08-25,nvda,12.7800,13.0100,12.4600,12.4800,17183238,1.000000
2011-08-26,nvda,12.4300,13.1400,12.2100,13.0100,17672862,1.000000
2011-08-29,nvda,13.3800,13.4100,13.0700,13.3600,14914296,1.000000
2011-08-30,nvda,13.2700,13.7900,13.1800,13.6800,16784417,1.000000
2011-08-31,nvda,13.7800,13.9200,13.2000,13.3100,17330868,1.000000
2011-09-01,nvda,13.4900,13.7800,13.2700,13.2800,18838884,1.000000
2011-09-02,nvda,12.9800,13.1600,12.8200,12.9200,11723853,1.000000
2011-09-06,nvda,12.5000,13.2100,12.3800,13.1800,16913464,1.000000
2011-09-07,nvda,14.2500,14.6400,13.8600,14.2500,39756585,1.000000
2011-09-08,nvda,14.1100,14.4500,13.9500,14.1800,21829911,1.000000
2011-09-09,nvda,14.0600,14.4400,13.7600,13.8800,21626464,1.000000
2011-09-12,nvda,13.6900,14.3300,13.6900,14.2100,22700596,1.000000
2011-09-13,nvda,14.3300,14.6000,14.1100,14.5300,21130033,1.000000
2011-09-14,nvda,14.9100,15.4700,14.9000,15.2800,38502069,1.000000
2011-09-15,nvda,15.6200,15.7000,15.3600,15.4950,18739046,1.000000
2011-09-16,nvda,15.5300,16.1000,15.3800,15.4600,34105303,1.000000
2011-09-19,nvda,15.2000,15.3100,14.7500,15.1400,23890781,1.000000
2011-09-20,nvda,15.3300,15.3900,14.6800,14.7500,19549618,1.000000
2011-09-21,nvda,14.8300,15.0850,14.4600,14.4650,17648802,1.000000
2011-09-22,nvda,13.9000,13.9200,13.2500,13.5100,32640123,1.000000
2011-09-23,nvda,13.4300,14.1800,13.3500,13.7900,25062587,1.000000
2011-09-26,nvda,13.9600,14.0000,13.2000,13.8200,24101098,1.000000
2011-09-27,nvda,14.1700,14.2900,13.7300,13.8400,19340390,1.000000
2011-09-28,nvda,13.8700,14.2200,13.2000,13.4200,30698339,1.000000
2011-09-29,nvda,13.6600,13.8900,12.7500,13.0900,21586446,1.000000
2011-09-30,nvda,12.8800,12.9500,12.4900,12.5100,16773056,1.000000
2011-10-03,nvda,12.3500,12.7400,11.8100,11.8100,23557568,1.000000
2011-10-04,nvda,11.5150,12.9000,11.4700,12.9000,33892783,1.000000
2011-10-05,nvda,12.8700,13.4800,12.6100,13.3600,21133354,1.000000
2011-10-06,nvda,13.4300,13.9300,13.4100,13.8900,19203744,1.000000
2011-10-07,nvda,13.9500,14.3600,13.6600,14.1500,20115891,1.000000
2011-10-10,nvda,14.3900,14.7800,14.3600,14.7800,13216731,1.000000
2011-10-11,nvda,14.6600,14.9000,14.5700,14.6200,20379215,1.000000
2011-10-12,nvda,14.9000,14.9100,14.6000,14.6100,15191002,1.000000
2011-10-13,nvda,14.5400,15.4900,14.5000,15.4600,21280670,1.000000
2011-10-14,nvda,15.7300,15.8900,15.3400,15.7200,17377850,1.000000
2011-10-17,nvda,15.5400,15.5400,14.8600,14.9400,15191339,1.000000
2011-10-18,nvda,14.8600,15.5200,14.7700,15.4800,14551837,1.000000
2011-10-19,nvda,15.5000,15.7700,15.1250,15.1700,13669124,1.000000
2011-10-20,nvda,14.7600,14.8200,13.8400,14.4100,24634069,1.000000
2011-10-21,nvda,14.5900,14.8300,14.2400,14.4800,15425315,1.000000
2011-10-24,nvda,14.5400,15.2500,14.5100,15.0200,13334669,1.000000
2011-10-25,nvda,14.8100,14.9300,14.4200,14.4500,14234331,1.000000
2011-10-26,nvda,14.7300,14.8100,14.2000,14.6200,12417787,1.000000
2011-10-27,nvda,15.1600,15.4000,14.8200,15.2500,14229243,1.000000
2011-10-28,nvda,15.1200,15.7400,15.0800,15.6000,12073138,1.000000
2011-10-31,nvda,15.1000,15.1900,14.8000,14.8000,12926130,1.000000
2011-11-01,nvda,14.2600,14.3000,13.9200,14.0600,19612131,1.000000
2011-11-02,nvda,14.2000,14.2700,13.5300,13.8150,23721634,1.000000
2011-11-03,nvda,13.9700,14.6800,13.6000,14.6500,18104992,1.000000
2011-11-04,nvda,14.5200,14.8700,14.2900,14.8300,16239294,1.000000
2011-11-07,nvda,14.7100,14.9600,14.4000,14.7400,15273778,1.000000
2011-11-08,nvda,14.9300,15.1700,14.6900,15.0800,13633088,1.000000
2011-11-09,nvda,14.7300,14.9200,14.2600,14.3200,13059925,1.000000
2011-11-10,nvda,14.6700,14.8200,14.1100,14.4700,23113648,1.000000
2011-11-11,nvda,14.8800,15.1000,14.0700,14.9800,43623398,1.000000
2011-11-14,nvda,14.9800,15.1300,14.6500,14.6900,12346484,1.000000
2011-11-15,nvda,14.5500,14.9850,14.5100,14.8800,12572929,1.000000
2011-11-16,nvda,14.6000,14.9900,14.5300,14.5800,12736103,1.000000
2011-11-17,nvda,14.5500,14.5900,13.8000,14.0600,16264634,1.000000
2011-11-18,nvda,14.1400,14.1400,13.7750,13.9300,12481528,1.000000
2011-11-21,nvda,13.7100,14.7700,13.5000,14.6300,33114522,1.000000
2011-11-22,nvda,14.7900,15.1600,14.7050,15.0800,32105400,1.000000
2011-11-23,nvda,14.9200,15.0300,14.4300,14.4400,20529063,1.000000
2011-11-25,nvda,14.2500,14.5800,14.0000,14.0400,10165406,1.000000
2011-11-28,nvda,14.5000,15.0500,14.5000,14.8300,16974912,1.000000
2011-11-29,nvda,14.8100,15.1000,14.6700,14.9100,15516362,1.000000
2011-11-30,nvda,15.3600,15.6700,15.2300,15.6300,17774453,1.000000
2011-12-01,nvda,15.5000,15.8600,15.4300,15.8200,13177204,1.000000
2011-12-02,nvda,15.9900,16.0500,15.5700,15.7200,13594293,1.000000
2011-12-05,nvda,15.9800,16.0000,15.3500,15.4800,15771699,1.000000
2011-12-06,nvda,15.5700,15.6000,15.1000,15.2600,14224637,1.000000
2011-12-07,nvda,15.1600,15.2800,14.8500,15.1700,12703087,1.000000
2011-12-08,nvda,15.0200,15.2700,14.6400,14.6900,12243705,1.000000
2011-12-09,nvda,14.5800,15.0200,14.3750,14.9000,13810663,1.000000
2011-12-12,nvda,14.5800,14.6400,14.2600,14.5300,14269183,1.000000
2011-12-13,nvda,14.7200,14.9000,14.0400,14.1300,12797636,1.000000
2011-12-14,nvda,14.0100,14.0900,13.4300,13.5800,15815499,1.000000
2011-12-15,nvda,13.8100,13.9000,13.4300,13.4600,10788847,1.000000
2011-12-16,nvda,13.5700,13.8300,13.4500,13.5100,14225261,1.000000
2011-12-19,nvda,13.5700,13.7300,13.1100,13.1550,11513832,1.000000
2011-12-20,nvda,13.4600,13.9500,13.4600,13.9000,9879062,1.000000
2011-12-21,nvda,13.8200,13.9700,13.4500,13.7200,13602341,1.000000
2011-12-22,nvda,13.7600,14.3500,13.7600,14.3050,14358095,1.000000
2011-12-23,nvda,14.3800,14.4000,14.0500,14.1700,6158752,1.000000
2011-12-27,nvda,14.1100,14.2800,14.0200,14.0600,4876766,1.000000
2011-12-28,nvda,14.0600,14.0880,13.7000,13.7100,5821948,1.000000
2011-12-29,nvda,13.8500,14.0000,13.6500,13.9700,5236241,1.000000
2011-12-30,nvda,13.9200,14.0700,13.8400,13.8600,4604791,1.000000
2012-01-03,nvda,14.3000,14.4000,14.0100,14.0400,11645036,1.000000
2012-01-04,nvda,14.0500,14.2600,13.9200,14.2000,8641714,1.000000
2012-01-05,nvda,14.1300,14.7800,14.0700,14.7100,13977716,1.000000
2012-01-06,nvda,14.7000,14.7100,14.3700,14.5400,12460687,1.000000
2012-01-09,nvda,14.5500,14.8200,14.4400,14.5400,12660489,1.000000
2012-01-10,nvda,14.7600,14.7700,14.3800,14.4800,13558055,1.000000
2012-01-11,nvda,14.3500,14.4800,14.1300,14.1900,12041736,1.000000
2012-01-12,nvda,14.2200,14.2300,13.7900,14.1000,16276988,1.000000
2012-01-13,nvda,14.0000,14.0300,13.6600,13.7300,12431355,1.000000
2012-01-17,nvda,13.9400,13.9400,13.5000,13.5200,15633913,1.000000
2012-01-18,nvda,13.7800,14.0900,13.7050,13.9800,15759697,1.000000
2012-01-19,nvda,14.1000,14.3700,13.9500,14.3500,15077233,1.000000
2012-01-20,nvda,14.3300,14.5000,14.1700,14.2200,13489549,1.000000
2012-01-23,nvda,14.2300,14.6200,14.0500,14.6100,13490376,1.000000
2012-01-24,nvda,14.5100,15.0000,14.5000,14.9400,17837223,1.000000
2012-01-25,nvda,14.5400,14.8900,14.1200,14.8500,31774307,1.000000
2012-01-26,nvda,15.0700,15.2400,14.6300,14.7100,19913927,1.000000
2012-01-27,nvda,14.6200,14.9900,14.5000,14.9100,11226483,1.000000
2012-01-30,nvda,14.6500,14.8700,14.4300,14.8000,9925889,1.000000
2012-01-31,nvda,14.8400,14.8500,14.5100,14.7700,8862236,1.000000
2012-02-01,nvda,14.9400,15.1000,14.7300,14.9300,10640664,1.000000
2012-02-02,nvda,15.0100,15.5500,14.8600,15.4850,17379903,1.000000
2012-02-03,nvda,15.7200,15.9500,15.6900,15.8200,12354246,1.000000
2012-02-06,nvda,15.7400,15.7600,15.5600,15.6950,6937125,1.000000
2012-02-07,nvda,15.7200,15.8300,15.4600,15.7400,10232143,1.000000
2012-02-08,nvda,15.7400,16.6200,15.6600,16.3100,21058839,1.000000
2012-02-09,nvda,16.5100,16.5990,16.2700,16.3000,14004194,1.000000
2012-02-10,nvda,16.1400,16.2000,15.8100,15.8950,10889900,1.000000
2012-02-13,nvda,16.3000,16.3600,15.8200,16.1500,15224290,1.000000
2012-02-14,nvda,16.1500,16.3800,16.0100,16.2400,11278558,1.000000
2012-02-15,nvda,16.3900,16.9000,16.1300,16.1700,26523946,1.000000
2012-02-16,nvda,15.0600,16.5800,15.0000,16.4500,47171151,1.000000
2012-02-17,nvda,16.4580,16.5700,15.7000,15.8500,25411161,1.000000
2012-02-21,nvda,15.8400,16.3200,15.8100,15.9250,12894017,1.000000
2012-02-22,nvda,15.8500,16.0000,15.6000,15.9100,8026426,1.000000
2012-02-23,nvda,15.8500,16.0000,15.6000,15.9100,8026426,1.000000
2012-02-24,nvda,15.9600,15.9800,15.7200,15.7900,9105621,1.000000
2012-02-27,nvda,15.5900,15.6600,15.2450,15.4700,18546391,1.000000
2012-02-28,nvda,15.4700,15.6500,15.1700,15.3300,17276737,1.000000
2012-02-29,nvda,15.3800,15.6400,15.1400,15.1500,17061281,1.000000
2012-03-01,nvda,15.2100,15.4300,15.1500,15.2500,11136707,1.000000
2012-03-02,nvda,15.2000,15.6000,15.2000,15.3800,17050639,1.000000
2012-03-05,nvda,15.2700,15.3000,14.7500,14.8600,12850135,1.000000
2012-03-06,nvda,14.6900,14.8100,14.4600,14.7200,11693049,1.000000
2012-03-07,nvda,14.8000,14.8700,14.6000,14.8100,11045392,1.000000
2012-03-08,nvda,14.8500,15.0100,14.7720,14.8550,10752965,1.000000
2012-03-09,nvda,14.9000,15.0100,14.7400,14.8200,9159702,1.000000
2012-03-12,nvda,14.8800,14.9800,14.5500,14.5850,7446454,1.000000
2012-03-13,nvda,14.6500,14.8700,14.5800,14.7900,13769537,1.000000
2012-03-14,nvda,14.7900,14.8150,14.3200,14.3650,18118504,1.000000
2012-03-15,nvda,14.4100,14.6600,14.3600,14.5800,9525130,1.000000
2012-03-16,nvda,14.5900,14.6600,14.5100,14.5900,6244683,1.000000
2012-03-19,nvda,14.6800,14.7500,14.5700,14.6400,10117744,1.000000
2012-03-20,nvda,14.5600,14.5600,14.2700,14.4000,11101811,1.000000
2012-03-21,nvda,14.4000,14.5900,14.2400,14.4600,11695252,1.000000
2012-03-22,nvda,14.3500,14.5600,14.3100,14.4400,10618199,1.000000
2012-03-23,nvda,14.4000,14.5900,14.3000,14.5450,7856711,1.000000
2012-03-26,nvda,14.6900,14.7900,14.5500,14.7250,5633837,1.000000
2012-03-27,nvda,14.7800,15.0000,14.7500,14.8200,10482065,1.000000
2012-03-28,nvda,15.0100,15.3600,14.9000,15.1600,22273667,1.000000
2012-03-29,nvda,15.1400,15.3500,14.9500,15.2300,9305270,1.000000
2012-03-30,nvda,15.3600,15.4900,15.1400,15.3950,13120302,1.000000
2012-04-02,nvda,15.3600,15.4900,15.1110,15.3300,10157406,1.000000
2012-04-03,nvda,15.4400,15.4580,15.0000,15.0800,10679720,1.000000
2012-04-04,nvda,14.8500,15.0400,14.5600,14.6500,12314649,1.000000
2012-04-05,nvda,14.6700,14.8500,14.5800,14.6300,7120881,1.000000
2012-04-09,nvda,14.4000,14.4900,14.1600,14.4400,9045665,1.000000
2012-04-10,nvda,14.3800,14.5800,14.0900,14.1600,11684198,1.000000
2012-04-11,nvda,14.3500,14.6500,14.3000,14.3400,9231875,1.000000
2012-04-12,nvda,14.3600,14.7600,14.3000,14.6800,9470031,1.000000
2012-04-13,nvda,14.5500,14.6250,14.1500,14.1600,7743789,1.000000
2012-04-16,nvda,14.2600,14.3000,13.7600,13.9900,11566631,1.000000
2012-04-17,nvda,14.0300,14.2000,13.9700,14.0200,11444792,1.000000
2012-04-18,nvda,13.9300,14.0000,13.7000,13.8700,9980838,1.000000
2012-04-19,nvda,13.6900,14.2100,13.5900,13.6780,14978475,1.000000
2012-04-20,nvda,13.7400,13.7800,13.3600,13.3900,12544221,1.000000
2012-04-23,nvda,13.1600,13.2850,12.9100,13.2300,17539719,1.000000
2012-04-24,nvda,13.2700,13.3800,12.7500,12.8200,18190026,1.000000
2012-04-25,nvda,13.0100,13.1800,12.7700,13.0800,17990917,1.000000
2012-04-26,nvda,13.0700,13.2000,12.9800,13.0900,13396489,1.000000
2012-04-27,nvda,13.0700,13.1450,12.8400,12.9800,11499360,1.000000
2012-04-30,nvda,12.9100,13.0700,12.8200,13.0000,6476103,1.000000
2012-05-01,nvda,12.9300,13.3700,12.9300,13.2300,10201411,1.000000
2012-05-02,nvda,13.1800,13.2300,12.7800,12.8500,17005885,1.000000
2012-05-03,nvda,12.8800,12.9550,12.5500,12.6300,10396780,1.000000
2012-05-04,nvda,12.5500,12.6200,12.2600,12.2600,13572099,1.000000
2012-05-07,nvda,12.4800,12.6900,12.3700,12.4700,15098349,1.000000
2012-05-08,nvda,12.3600,12.5400,12.1400,12.4600,11520904,1.000000
2012-05-09,nvda,12.2400,12.6100,12.1200,12.5100,12983152,1.000000
2012-05-10,nvda,12.6300,12.6500,12.2200,12.4200,14798567,1.000000
2012-05-11,nvda,13.4500,13.6800,13.1600,13.2100,35766288,1.000000
2012-05-14,nvda,13.1000,13.3300,12.8300,13.1300,10880743,1.000000
2012-05-15,nvda,13.1300,13.4200,12.9400,13.0000,14925337,1.000000
2012-05-16,nvda,13.0200,13.1700,12.7000,12.7350,11658200,1.000000
2012-05-17,nvda,12.7900,12.9100,12.6500,12.6500,8283545,1.000000
2012-05-18,nvda,12.6800,12.7400,12.0200,12.0800,14042398,1.000000
2012-05-21,nvda,12.1000,12.3500,12.0150,12.2900,10289340,1.000000
2012-05-22,nvda,12.2800,12.3000,11.9600,12.1400,10197797,1.000000
2012-05-23,nvda,12.0100,12.4600,11.8250,12.4400,12274442,1.000000
2012-05-24,nvda,12.5100,12.5300,12.0200,12.1100,12984540,1.000000
2012-05-25,nvda,12.1000,12.5000,12.1000,12.4000,9766304,1.000000
2012-05-29,nvda,12.6000,12.8000,12.5500,12.7200,7656957,1.000000
2012-05-30,nvda,12.5800,12.6700,12.3500,12.5700,9434401,1.000000
2012-05-31,nvda,12.5700,12.6200,12.2700,12.4300,8710651,1.000000
2012-06-01,nvda,12.1700,12.2900,11.9600,11.9800,10914736,1.000000
2012-06-04,nvda,12.0400,12.1100,11.6300,11.7300,10760198,1.000000
2012-06-05,nvda,11.6700,12.1000,11.6700,12.0650,9066902,1.000000
2012-06-06,nvda,12.1600,12.4200,12.0700,12.3900,9145020,1.000000
2012-06-07,nvda,12.5700,12.6400,11.8800,11.8900,12845494,1.000000
2012-06-08,nvda,11.9300,12.1600,11.9100,12.1200,9086442,1.000000
2012-06-11,nvda,12.5100,12.7300,12.2300,12.2600,20855381,1.000000
2012-06-12,nvda,12.4000,12.6300,12.3800,12.5100,12325467,1.000000
2012-06-13,nvda,12.5000,12.5300,12.1200,12.1800,11947080,1.000000
2012-06-14,nvda,12.1600,12.2600,11.9100,12.0300,14728891,1.000000
2012-06-15,nvda,12.1200,12.3000,12.0100,12.2900,9047739,1.000000
2012-06-18,nvda,12.2000,12.5000,12.1000,12.4000,7542830,1.000000
2012-06-19,nvda,12.9100,13.4300,12.8500,13.2350,23935632,1.000000
2012-06-20,nvda,13.3700,13.7000,13.2900,13.4500,24187296,1.000000
2012-06-21,nvda,13.4400,13.4400,12.8100,12.8350,12743771,1.000000
2012-06-22,nvda,13.0000,13.1500,12.8200,12.9950,13849120,1.000000
2012-06-25,nvda,13.0100,13.0500,12.5400,12.5900,12168811,1.000000
2012-06-26,nvda,12.6600,12.8200,12.4800,12.7300,10876177,1.000000
2012-06-27,nvda,12.7400,13.2300,12.7400,13.1400,12618948,1.000000
2012-06-28,nvda,13.0200,13.3200,12.9100,13.2400,13592071,1.000000
2012-07-02,nvda,13.8900,13.9000,13.3400,13.4450,14511730,1.000000
2012-07-03,nvda,13.4500,13.8300,13.4400,13.8000,5483773,1.000000
2012-07-05,nvda,13.7100,13.7700,13.4500,13.6600,6957110,1.000000
2012-07-06,nvda,13.5600,13.6000,13.2500,13.4000,8699334,1.000000
2012-07-09,nvda,13.3200,13.3800,13.1100,13.2200,7591347,1.000000
2012-07-10,nvda,13.0800,13.4700,12.7200,12.8200,12690419,1.000000
2012-07-11,nvda,12.8600,13.0200,12.5500,12.6100,12091843,1.000000
2012-07-12,nvda,12.4700,12.4900,12.2850,12.4000,11752819,1.000000
2012-07-13,nvda,12.4100,12.6150,12.3300,12.5550,8033411,1.000000
2012-07-16,nvda,12.4800,12.7000,12.3600,12.5950,8245379,1.000000
2012-07-17,nvda,12.6400,12.7100,12.1600,12.3700,11141053,1.000000
2012-07-18,nvda,12.3400,13.2400,12.2800,13.0600,15327316,1.000000
2012-07-19,nvda,13.1500,13.3600,13.0600,13.1850,9978343,1.000000
2012-07-20,nvda,13.1100,13.2000,12.6700,12.8050,11261252,1.000000
2012-07-23,nvda,12.4700,13.0690,12.3300,12.9800,11240843,1.000000
2012-07-24,nvda,13.0000,13.0800,12.6850,12.8400,8526191,1.000000
2012-07-25,nvda,12.8000,13.2210,12.7400,13.0900,10320413,1.000000
2012-07-26,nvda,13.3300,13.4800,13.0500,13.1500,8405910,1.000000
2012-07-27,nvda,13.2000,13.5200,13.1000,13.4750,9399857,1.000000
2012-07-30,nvda,13.4800,13.6500,13.2200,13.3300,9031259,1.000000
2012-07-31,nvda,13.3300,13.7300,13.3130,13.5400,9543541,1.000000
2012-08-01,nvda,13.6200,13.7500,13.3300,13.3900,8392350,1.000000
2012-08-02,nvda,13.3200,13.6400,13.1000,13.4400,9168913,1.000000
2012-08-03,nvda,13.6500,13.8600,13.3300,13.7200,8133644,1.000000
2012-08-06,nvda,13.8500,14.0800,13.8300,14.0100,8944222,1.000000
2012-08-07,nvda,14.1800,14.3000,14.0700,14.1500,10147941,1.000000
2012-08-08,nvda,14.1400,14.3800,14.1000,14.2300,11665015,1.000000
2012-08-09,nvda,14.2500,14.7400,14.2300,14.7100,19076241,1.000000
2012-08-10,nvda,15.1000,15.2200,14.4300,14.6210,31947100,1.000000
2012-08-13,nvda,14.6400,14.8200,14.5800,14.8100,11143572,1.000000
2012-08-14,nvda,14.8600,14.8800,14.5300,14.5900,9633759,1.000000
2012-08-15,nvda,14.6400,14.7590,14.4050,14.4800,14847168,1.000000
2012-08-16,nvda,14.6100,14.8250,14.5600,14.7800,9229427,1.000000
2012-08-17,nvda,14.7800,14.7800,14.5200,14.6500,7738097,1.000000
2012-08-20,nvda,14.6000,14.6700,14.4300,14.6500,7853504,1.000000
2012-08-21,nvda,14.7000,14.7900,14.4600,14.6100,7937319,1.000000
2012-08-22,nvda,14.5200,14.7000,14.4700,14.6400,7815225,1.000000
2012-08-23,nvda,14.6100,14.6200,14.2500,14.3050,9392711,1.000000
2012-08-24,nvda,14.3100,14.6700,14.2800,14.6000,7467060,1.000000
2012-08-27,nvda,14.5900,14.6300,14.3400,14.3500,8476272,1.000000
2012-08-28,nvda,14.2400,14.4300,14.2100,14.2900,7729455,1.000000
2012-08-29,nvda,14.2800,14.4100,14.2500,14.3200,6173756,1.000000
2012-08-30,nvda,14.2900,14.3400,13.9800,14.0500,7582224,1.000000
2012-08-31,nvda,14.1500,14.2500,13.8900,14.0300,11751687,1.000000
2012-09-04,nvda,13.8000,13.8500,13.1500,13.2750,17288941,1.000000
2012-09-05,nvda,13.3300,13.5200,13.1800,13.3200,11977809,1.000000
2012-09-06,nvda,13.4200,14.0900,13.4100,13.7300,16337310,1.000000
2012-09-07,nvda,13.3800,13.4900,12.9500,13.4000,19472562,1.000000
2012-09-10,nvda,13.3700,13.5600,13.2500,13.2800,9202413,1.000000
2012-09-11,nvda,13.2700,13.6500,13.2200,13.4400,9560559,1.000000
2012-09-12,nvda,13.5500,13.6600,13.4200,13.5900,8049339,1.000000
2012-09-13,nvda,13.7100,13.7600,13.4200,13.6750,10781699,1.000000
2012-09-14,nvda,13.6700,14.0800,13.6700,13.8400,8418980,1.000000
2012-09-17,nvda,13.8700,13.8700,13.3100,13.4600,12243339,1.000000
2012-09-18,nvda,13.3100,13.7100,13.2950,13.5500,8979717,1.000000
2012-09-19,nvda,13.5800,13.9000,13.4200,13.7100,9544123,1.000000
2012-09-20,nvda,13.6800,13.7500,13.5000,13.6100,7970221,1.000000
2012-09-21,nvda,13.6300,13.7500,13.5800,13.6650,8113993,1.000000
2012-09-24,nvda,13.4500,13.6800,13.4250,13.6600,8846088,1.000000
2012-09-25,nvda,13.8400,13.9000,13.3900,13.4100,11941139,1.000000
2012-09-26,nvda,13.3600,13.3650,13.0200,13.1800,10885708,1.000000
2012-09-27,nvda,13.2100,13.3000,13.1000,13.2750,13874670,1.000000
2012-09-28,nvda,13.2200,13.5300,13.0450,13.3400,12070915,1.000000
2012-10-01,nvda,13.4000,13.4800,13.0700,13.1150,12530757,1.000000
2012-10-02,nvda,13.2100,13.2100,13.0200,13.1700,7322103,1.000000
2012-10-03,nvda,13.2000,13.2400,12.9700,13.0350,9110205,1.000000
2012-10-04,nvda,13.0700,13.7000,13.0000,13.6200,12510053,1.000000
2012-10-05,nvda,13.6600,13.8000,13.2500,13.3000,12052095,1.000000
2012-10-08,nvda,13.2500,13.3100,13.0700,13.1700,5986779,1.000000
2012-10-09,nvda,13.1500,13.1900,12.8500,12.8900,9068225,1.000000
2012-10-10,nvda,12.8300,12.8900,12.6200,12.6700,8153950,1.000000
2012-10-11,nvda,12.7900,12.8300,12.6410,12.7400,7997254,1.000000
2012-10-12,nvda,12.6500,12.7500,12.5500,12.6300,6516465,1.000000
2012-10-15,nvda,12.6500,12.8000,12.5000,12.7900,6190155,1.000000
2012-10-16,nvda,12.9000,13.2000,12.7800,13.1600,9076976,1.000000
2012-10-17,nvda,13.0000,13.1200,12.8700,13.0600,9774107,1.000000
2012-10-18,nvda,13.0300,13.0300,12.8050,12.8600,6339451,1.000000
2012-10-19,nvda,12.6700,12.7600,12.0350,12.1050,17705685,1.000000
2012-10-22,nvda,12.1600,12.2300,11.8700,11.9700,11975444,1.000000
2012-10-23,nvda,11.8600,12.4100,11.8300,12.3300,14295844,1.000000
2012-10-24,nvda,12.4100,12.4600,12.0500,12.1700,8280331,1.000000
2012-10-25,nvda,12.2700,12.4000,12.1300,12.1800,7572995,1.000000
2012-10-26,nvda,12.2000,12.2700,12.0500,12.0500,9579255,1.000000
2012-10-31,nvda,12.1000,12.2000,11.9500,11.9750,8645905,1.000000
2012-11-01,nvda,12.0400,12.5600,12.0300,12.5500,11802340,1.000000
2012-11-02,nvda,12.6800,12.7000,12.4100,12.4900,6343498,1.000000
2012-11-05,nvda,12.4600,13.0700,12.4600,13.0200,10943588,1.000000
2012-11-06,nvda,13.0500,13.0500,12.7900,13.0100,8668912,1.000000
2012-11-07,nvda,12.9100,12.9900,12.5500,12.6100,8070203,1.000000
2012-11-08,nvda,12.7500,13.0800,12.6500,12.6800,20006528,1.000000
2012-11-09,nvda,12.7500,12.8950,12.1500,12.1900,21126908,1.000000
2012-11-12,nvda,12.2100,12.2600,11.8000,11.9150,15766137,1.000000
2012-11-13,nvda,11.8600,12.1300,11.8200,11.8300,12191235,1.000000
2012-11-14,nvda,11.9000,12.0200,11.5300,11.5400,15074601,1.000000
2012-11-15,nvda,11.6100,11.9100,11.5100,11.5900,11653309,1.000000
2012-11-16,nvda,11.5900,11.6300,11.1500,11.3800,15340454,1.000000
2012-11-19,nvda,11.5900,11.7400,11.4500,11.6980,9977358,1.000000
2012-11-20,nvda,11.5800,11.6300,11.3700,11.4900,8411007,1.000000
2012-11-21,nvda,11.4900,11.8500,11.4800,11.8200,10423116,1.000000
2012-11-23,nvda,11.8700,12.0400,11.8050,11.9000,6923263,1.000000
2012-11-26,nvda,11.9200,12.1400,11.9000,12.1050,9095395,1.000000
2012-11-27,nvda,12.0600,12.3400,11.9600,12.1550,11245169,1.000000
2012-11-28,nvda,12.1100,12.3200,11.9600,12.2600,9560531,1.000000
2012-11-29,nvda,12.2800,12.3400,12.0000,12.0400,12203468,1.000000
2012-11-30,nvda,12.0300,12.1200,11.9000,11.9700,11113945,1.000000
2012-12-03,nvda,12.1200,12.1200,11.7200,11.7500,9779103,1.000000
2012-12-04,nvda,11.7700,12.1200,11.7000,12.0950,13180277,1.000000
2012-12-05,nvda,12.0000,12.0800,11.7900,11.9600,15596926,1.000000
2012-12-06,nvda,11.9300,12.0600,11.8850,11.9800,10253100,1.000000
2012-12-07,nvda,11.9900,12.0500,11.8200,11.9550,8420800,1.000000
2012-12-10,nvda,11.9600,12.4500,11.9300,12.3600,12803319,1.000000
2012-12-11,nvda,12.4000,12.8100,12.3700,12.6500,20364707,1.000000
2012-12-12,nvda,12.6900,12.7600,12.4700,12.5200,9976184,1.000000
2012-12-13,nvda,12.5000,12.7700,12.4100,12.5300,9313148,1.000000
2012-12-14,nvda,12.5800,12.7200,12.4900,12.5900,8436589,1.000000
2012-12-17,nvda,12.5600,12.6300,12.3500,12.5350,11113424,1.000000
2012-12-18,nvda,12.5400,12.7000,12.5000,12.5600,10351990,1.000000
2012-12-19,nvda,12.6500,12.8000,12.6000,12.6500,11440971,1.000000
2012-12-20,nvda,12.7000,12.7100,12.5000,12.6400,8164781,1.000000
2012-12-21,nvda,12.4700,12.4700,12.2100,12.3500,10892499,1.000000
2012-12-24,nvda,12.3400,12.3800,12.2100,12.2500,3188164,1.000000
2012-12-26,nvda,12.2200,12.4200,12.1900,12.2400,4889232,1.000000
2012-12-27,nvda,12.2600,12.2800,12.0200,12.1600,7438343,1.000000
2012-12-28,nvda,12.0500,12.2900,12.0300,12.1000,5464908,1.000000
2012-12-31,nvda,12.0600,12.3100,12.0300,12.2600,8088766,1.000000
2013-01-02,nvda,12.5600,12.7300,12.5100,12.7200,11898563,1.000000
2013-01-03,nvda,12.7200,12.8700,12.5800,12.7300,7354489,1.000000
2013-01-04,nvda,12.7500,13.1900,12.7100,13.1500,12997638,1.000000
2013-01-07,nvda,13.1400,13.1800,12.6800,12.7700,15244674,1.000000
2013-01-08,nvda,12.8000,12.8400,12.4000,12.4920,11577178,1.000000
2013-01-09,nvda,12.5900,12.6500,12.1300,12.2100,17344910,1.000000
2013-01-10,nvda,12.3200,12.3800,12.1600,12.2300,12607663,1.000000
2013-01-11,nvda,12.2800,12.2900,12.0900,12.2100,12771646,1.000000
2013-01-14,nvda,12.2900,12.2900,12.0600,12.2000,7604417,1.000000
2013-01-15,nvda,12.1400,12.1400,11.9100,11.9800,9332937,1.000000
2013-01-16,nvda,11.9600,12.1900,11.9600,12.0900,8373661,1.000000
2013-01-17,nvda,12.1300,12.3000,12.1000,12.2500,14453913,1.000000
2013-01-18,nvda,12.2500,12.2500,12.0200,12.1700,9890885,1.000000
2013-01-22,nvda,12.1600,12.2700,12.0500,12.1100,7670111,1.000000
2013-01-23,nvda,12.1500,12.1600,12.0000,12.1300,10424112,1.000000
2013-01-24,nvda,12.0900,12.2400,12.0300,12.1900,9825975,1.000000
2013-01-25,nvda,12.2100,12.4200,12.1500,12.4100,9790244,1.000000
2013-01-28,nvda,12.4700,12.6900,12.4400,12.6100,10559007,1.000000
2013-01-29,nvda,12.5600,12.5900,12.2900,12.3400,9692429,1.000000
2013-01-30,nvda,12.3500,12.5200,12.2750,12.3200,7084090,1.000000
2013-01-31,nvda,12.3200,12.4600,12.1800,12.2600,11703814,1.000000
2013-02-01,nvda,12.3600,12.4100,12.2600,12.3700,7180247,1.000000
2013-02-04,nvda,12.3000,12.5500,12.1500,12.1600,12681059,1.000000
2013-02-05,nvda,12.2200,12.5100,12.1800,12.4400,9057961,1.000000
2013-02-06,nvda,12.1400,12.4400,12.0700,12.3400,13192054,1.000000
2013-02-07,nvda,12.3000,12.4000,12.1700,12.2900,10980599,1.000000
2013-02-08,nvda,12.3700,12.4700,12.2900,12.3700,7648719,1.000000
2013-02-11,nvda,12.4700,12.6350,12.3500,12.5100,10204066,1.000000
2013-02-12,nvda,12.3950,12.5650,12.3800,12.4300,6896913,1.000000
2013-02-13,nvda,12.4400,12.6650,12.3300,12.3700,20200528,1.000000
2013-02-14,nvda,12.2000,12.7400,12.0500,12.7300,22017398,1.000000
2013-02-15,nvda,12.7000,12.7900,12.4500,12.7310,18276606,1.000000
2013-02-19,nvda,12.7400,12.7500,12.4800,12.5550,10792475,1.000000
2013-02-20,nvda,12.6000,12.8000,12.3400,12.3800,17703415,1.000000
2013-02-21,nvda,12.3600,12.5000,12.2600,12.2900,13979137,1.000000
2013-02-22,nvda,12.3700,12.5300,12.3000,12.5200,9162513,1.000000
2013-02-25,nvda,12.5500,12.6500,12.2800,12.3000,16057032,1.000000
2013-02-26,nvda,12.2500,12.4350,12.2090,12.3700,11978751,1.000000
2013-02-27,nvda,12.3700,12.6900,12.3400,12.6000,11910284,1.000000
2013-02-28,nvda,12.5600,12.8500,12.5100,12.6600,14686759,1.000000
2013-03-01,nvda,12.5700,12.7500,12.4550,12.7100,9695029,1.000000
2013-03-04,nvda,12.6200,12.7750,12.5200,12.6550,8811151,1.000000
2013-03-05,nvda,12.7300,12.8200,12.6650,12.8000,9063261,1.000000
2013-03-06,nvda,12.8800,13.0000,12.7300,12.7900,8537209,1.000000
2013-03-07,nvda,12.8600,12.9900,12.6870,12.7600,7844700,1.000000
2013-03-08,nvda,12.7900,12.8800,12.7300,12.8200,6137168,1.000000
2013-03-11,nvda,12.6900,12.7500,12.5900,12.6950,7464415,1.000000
2013-03-12,nvda,12.6800,12.7800,12.5600,12.7400,7754412,1.000000
2013-03-13,nvda,12.7400,12.9560,12.6200,12.7400,12121452,1.000000
2013-03-14,nvda,12.8200,12.8600,12.6700,12.7500,9557074,1.000000
2013-03-15,nvda,12.7500,12.7500,12.5900,12.6400,8450702,1.000000
2013-03-18,nvda,12.5600,12.6700,12.4600,12.5500,7399368,1.000000
2013-03-19,nvda,12.5600,12.6200,12.3800,12.4700,8831244,1.000000
2013-03-20,nvda,12.5900,12.6600,12.4750,12.6200,8458794,1.000000
2013-03-21,nvda,12.5500,12.5700,12.4000,12.4200,8387411,1.000000
2013-03-22,nvda,12.4600,12.5300,12.4100,12.4800,5713396,1.000000
2013-03-25,nvda,12.5500,12.5600,12.3200,12.4100,9003257,1.000000
2013-03-26,nvda,12.4400,12.5100,12.3900,12.5000,5786897,1.000000
2013-03-27,nvda,12.4500,12.7200,12.4200,12.6500,6360536,1.000000
2013-03-28,nvda,12.6200,12.8400,12.5300,12.8300,7992841,1.000000
2013-04-01,nvda,12.8000,12.8000,12.3200,12.4100,10993434,1.000000
2013-04-02,nvda,12.4200,12.4500,12.2000,12.2750,9239866,1.000000
2013-04-03,nvda,12.2600,12.3300,12.0400,12.1260,8707212,1.000000
2013-04-04,nvda,12.0900,12.2900,12.0500,12.2450,6841673,1.000000
2013-04-05,nvda,12.0700,12.4600,12.0400,12.4600,12325882,1.000000
2013-04-08,nvda,12.4700,12.4700,12.1950,12.4300,8116834,1.000000
2013-04-09,nvda,12.4400,12.7200,12.3500,12.6300,9481739,1.000000
2013-04-10,nvda,12.6400,12.8500,12.6100,12.8300,9542805,1.000000
2013-04-11,nvda,12.6500,12.8500,12.3000,12.7700,24206689,1.000000
2013-04-12,nvda,12.8300,13.2300,12.7200,13.0900,19197740,1.000000
2013-04-15,nvda,13.0500,13.0900,12.7400,12.8200,10643813,1.000000
2013-04-16,nvda,12.9400,13.0500,12.8700,12.9600,11652920,1.000000
2013-04-17,nvda,12.8600,12.9800,12.7100,12.7850,13190434,1.000000
2013-04-18,nvda,12.8200,12.9000,12.5400,12.5400,10005504,1.000000
2013-04-19,nvda,12.5300,12.6050,12.3700,12.5700,7514942,1.000000
2013-04-22,nvda,12.5600,12.7000,12.4600,12.5900,6103032,1.000000
2013-04-23,nvda,12.7000,13.0500,12.6800,12.9200,9347265,1.000000
2013-04-24,nvda,12.9600,13.4700,12.9500,13.3600,13845654,1.000000
2013-04-25,nvda,13.4300,13.5000,13.3100,13.4700,8810656,1.000000
2013-04-26,nvda,13.4500,13.4700,13.3350,13.4100,7942051,1.000000
2013-04-29,nvda,13.4300,13.6200,13.3700,13.5700,6691479,1.000000
2013-04-30,nvda,13.6000,13.7700,13.5100,13.7700,6736200,1.000000
2013-05-01,nvda,13.7700,13.8600,13.6030,13.6500,8459493,1.000000
2013-05-02,nvda,13.6400,13.8500,13.5600,13.8100,8015687,1.000000
2013-05-03,nvda,13.9000,13.9700,13.8200,13.8700,7135906,1.000000
2013-05-06,nvda,13.8700,13.9450,13.7500,13.8300,5314425,1.000000
2013-05-07,nvda,13.8300,13.8600,13.5200,13.6500,11130475,1.000000
2013-05-08,nvda,13.6700,13.9800,13.6200,13.8990,8298358,1.000000
2013-05-09,nvda,13.6500,13.9700,13.6300,13.9100,13490457,1.000000
2013-05-10,nvda,14.2000,14.6000,14.2000,14.5400,21423224,1.000000
2013-05-13,nvda,14.4400,14.5000,14.1800,14.2400,7177239,1.000000
2013-05-14,nvda,14.4100,14.5700,14.2650,14.4500,11261290,1.000000
2013-05-15,nvda,14.3800,14.7500,14.3800,14.6950,7769988,1.000000
2013-05-16,nvda,14.6800,14.8300,14.5800,14.6300,7676036,1.000000
2013-05-17,nvda,14.7000,14.9700,14.5900,14.8700,7722192,1.000000
2013-05-20,nvda,14.8100,14.8950,14.7600,14.8400,5837352,1.000000
2013-05-21,nvda,14.8500,14.9800,14.6750,14.9200,8689074,1.000000
2013-05-22,nvda,14.9800,14.9800,14.3400,14.4000,11949607,1.000000
2013-05-23,nvda,14.2300,14.6750,14.1900,14.6300,9785947,1.000000
2013-05-24,nvda,14.5500,14.6700,14.3800,14.5400,7063769,1.000000
2013-05-28,nvda,14.6500,14.6900,14.3900,14.5300,6940782,1.000000
2013-05-29,nvda,14.4400,14.5300,14.3800,14.4400,8332364,1.000000
2013-05-30,nvda,14.4200,14.7750,14.3800,14.6300,7052563,1.000000
2013-05-31,nvda,14.5500,14.7600,14.4700,14.4700,11754819,1.000000
2013-06-03,nvda,14.4900,14.6000,14.1500,14.4500,10861856,1.000000
2013-06-04,nvda,14.5400,14.8000,14.3800,14.4700,8937684,1.000000
2013-06-05,nvda,14.4500,14.5600,14.1200,14.1600,11523383,1.000000
2013-06-06,nvda,14.1600,14.3600,14.1500,14.2500,7985364,1.000000
2013-06-07,nvda,14.3500,14.5400,14.2900,14.4450,6848565,1.000000
2013-06-10,nvda,14.4100,14.5300,14.3300,14.4400,5550621,1.000000
2013-06-11,nvda,14.2500,14.4500,14.1700,14.1700,7327355,1.000000
2013-06-12,nvda,14.2400,14.3550,13.9700,14.0500,7785235,1.000000
2013-06-13,nvda,14.0000,14.4400,13.9900,14.3700,5801147,1.000000
2013-06-14,nvda,14.4200,14.4410,14.2500,14.3500,5884354,1.000000
2013-06-17,nvda,14.4600,14.6200,14.3800,14.4900,6303843,1.000000
2013-06-18,nvda,14.5600,14.7200,14.2800,14.4000,12080240,1.000000
2013-06-19,nvda,14.5300,15.4800,14.4800,14.8400,28916294,1.000000
2013-06-20,nvda,14.7200,14.7400,14.3350,14.4400,15577470,1.000000
2013-06-21,nvda,14.5200,14.5700,14.1800,14.4150,16803917,1.000000
2013-06-24,nvda,14.2100,14.3900,13.9100,14.1200,13450735,1.000000
2013-06-25,nvda,14.2700,14.3000,14.0700,14.2200,10245954,1.000000
2013-06-26,nvda,14.3800,14.3950,14.0800,14.1400,14457262,1.000000
2013-06-27,nvda,14.1800,14.2000,13.8600,14.0100,20186817,1.000000
2013-06-28,nvda,14.0100,14.1800,13.8300,14.0400,10436593,1.000000
2013-07-01,nvda,14.1400,14.1700,14.0150,14.1000,4971855,1.000000
2013-07-02,nvda,14.0200,14.3000,13.9600,14.0900,5870033,1.000000
2013-07-03,nvda,13.9700,14.3000,13.9700,14.1300,3509626,1.000000
2013-07-05,nvda,14.1700,14.2700,14.0750,14.2400,4585156,1.000000
2013-07-08,nvda,14.2800,14.3500,14.0900,14.1650,6448279,1.000000
2013-07-09,nvda,14.2000,14.3280,14.1600,14.2410,3924667,1.000000
2013-07-10,nvda,14.2400,14.4700,14.2000,14.4300,5164200,1.000000
2013-07-11,nvda,14.5100,14.6500,14.4800,14.6300,5961286,1.000000
2013-07-12,nvda,14.6000,14.7800,14.5500,14.6400,5393262,1.000000
2013-07-15,nvda,14.6700,14.6700,14.3800,14.6100,5025744,1.000000
2013-07-16,nvda,14.6700,14.7700,14.5950,14.6900,4060527,1.000000
2013-07-17,nvda,14.6900,14.7400,14.5700,14.6100,4150316,1.000000
2013-07-18,nvda,14.5900,14.6400,14.3600,14.5500,8586895,1.000000
2013-07-19,nvda,14.4600,14.5300,14.0900,14.2400,11987831,1.000000
2013-07-22,nvda,14.3500,14.4800,14.1700,14.2300,7302900,1.000000
2013-07-23,nvda,14.4100,14.4100,14.1400,14.2100,6142022,1.000000
2013-07-24,nvda,14.3400,14.3800,14.1900,14.2100,7060007,1.000000
2013-07-25,nvda,14.2000,14.4450,14.1000,14.2600,6036190,1.000000
2013-07-26,nvda,14.0900,14.2850,14.0900,14.2000,5668308,1.000000
2013-07-29,nvda,14.1700,14.3500,14.1300,14.1700,4485855,1.000000
2013-07-30,nvda,14.2200,14.6000,14.2100,14.4100,6632150,1.000000
2013-07-31,nvda,14.3400,14.5800,14.3300,14.4350,6443060,1.000000
2013-08-01,nvda,14.4900,14.6700,14.3200,14.6400,6912664,1.000000
2013-08-02,nvda,14.6100,14.7900,14.5100,14.7600,5210402,1.000000
2013-08-05,nvda,14.7200,14.8800,14.6450,14.8300,4606437,1.000000
2013-08-06,nvda,14.8400,14.8700,14.5800,14.6100,5103109,1.000000
2013-08-07,nvda,14.5300,14.7500,14.5200,14.6000,6097737,1.000000
2013-08-08,nvda,14.6800,14.7650,14.5100,14.6990,8022170,1.000000
2013-08-09,nvda,14.1200,14.7100,14.1100,14.4900,22651243,1.000000
2013-08-12,nvda,13.9000,14.5800,13.1100,14.3700,6431473,1.000000
2013-08-13,nvda,14.3900,14.4800,14.3000,14.4200,4907823,1.000000
2013-08-14,nvda,14.3900,15.1200,14.3800,15.0300,20264965,1.000000
2013-08-15,nvda,14.8700,15.2500,14.8100,15.1250,18039406,1.000000
2013-08-16,nvda,15.1000,15.4000,15.0700,15.1890,16500716,1.000000
2013-08-19,nvda,15.1000,15.1500,14.9400,14.9500,9820471,1.000000
2013-08-20,nvda,14.8700,15.0500,14.8500,14.9500,5839602,1.000000
2013-08-21,nvda,14.8600,15.0500,14.8200,14.8800,6531337,1.000000
2013-08-22,nvda,14.8700,15.1000,14.8700,14.9600,3190239,1.000000
2013-08-23,nvda,14.9800,15.1000,14.9300,14.9600,6128331,1.000000
2013-08-26,nvda,14.9700,15.0300,14.9300,14.9950,7503769,1.000000
2013-08-27,nvda,14.8500,14.9500,14.7500,14.8050,6886400,1.000000
2013-08-28,nvda,14.8300,14.9400,14.7400,14.8000,7938551,1.000000
2013-08-29,nvda,14.7500,14.9100,14.7100,14.7700,6838771,1.000000
2013-08-30,nvda,14.7800,14.8200,14.6800,14.7500,8973203,1.000000
2013-09-03,nvda,14.7900,14.9700,14.6700,14.7600,7087476,1.000000
2013-09-04,nvda,14.7600,14.9900,14.7400,14.9000,5502595,1.000000
2013-09-05,nvda,14.8400,15.0000,14.8300,14.9400,4263662,1.000000
2013-09-06,nvda,14.9500,15.0300,14.7650,14.8800,5659577,1.000000
2013-09-09,nvda,15.0000,15.1300,14.9600,15.1250,6131350,1.000000
2013-09-10,nvda,15.2400,15.4600,15.1700,15.4500,7212181,1.000000
2013-09-11,nvda,15.4300,15.7500,15.3230,15.7100,9882676,1.000000
2013-09-12,nvda,15.6300,15.9000,15.6300,15.7000,7575256,1.000000
2013-09-13,nvda,15.7500,15.8700,15.6400,15.8000,3975291,1.000000
2013-09-16,nvda,15.9300,16.0400,15.7500,15.8100,5877227,1.000000
2013-09-17,nvda,15.8700,15.9900,15.8000,15.8600,4203160,1.000000
2013-09-18,nvda,15.8700,16.0400,15.7900,15.9990,6659349,1.000000
2013-09-19,nvda,16.0700,16.1000,15.8600,15.9250,5674852,1.000000
2013-09-20,nvda,15.9700,16.0690,15.7600,15.7950,8253676,1.000000
2013-09-23,nvda,15.7800,15.9100,15.5500,15.6400,6768119,1.000000
2013-09-24,nvda,15.6500,15.7600,15.5600,15.7000,5669984,1.000000
2013-09-25,nvda,15.6700,15.8400,15.6000,15.7250,5773627,1.000000
2013-09-26,nvda,15.7600,15.7900,15.5800,15.6700,3711002,1.000000
2013-09-27,nvda,15.5500,15.6800,15.4900,15.5800,3773867,1.000000
2013-09-30,nvda,15.4200,15.6700,15.3300,15.5600,5641752,1.000000
2013-10-01,nvda,15.5800,15.6550,15.4650,15.5500,5635371,1.000000
2013-10-02,nvda,15.3900,15.6000,15.3900,15.5400,4023817,1.000000
2013-10-03,nvda,15.5500,15.6920,15.3050,15.3800,10769394,1.000000
2013-10-04,nvda,15.3600,15.7200,15.3200,15.5900,6120590,1.000000
2013-10-07,nvda,15.5300,15.7000,15.4500,15.5900,4214920,1.000000
2013-10-08,nvda,15.5500,15.7700,15.3400,15.4600,7231997,1.000000
2013-10-09,nvda,15.5600,15.5700,15.1400,15.2200,6876335,1.000000
2013-10-10,nvda,15.3300,15.4300,15.2200,15.3850,5529085,1.000000
2013-10-11,nvda,15.1500,15.3400,15.1000,15.2600,5329524,1.000000
2013-10-14,nvda,15.2200,15.4900,15.2200,15.4900,4138981,1.000000
2013-10-15,nvda,15.4900,15.5800,15.4000,15.4100,5180572,1.000000
2013-10-16,nvda,15.5000,15.6600,15.4800,15.6000,5184151,1.000000
2013-10-17,nvda,15.4800,15.6700,15.4800,15.6300,5316822,1.000000
2013-10-18,nvda,15.6000,15.8600,15.5400,15.8100,6331437,1.000000
2013-10-21,nvda,16.0000,16.0100,15.8000,15.8500,4869158,1.000000
2013-10-22,nvda,15.8500,15.8600,15.6300,15.7700,4457768,1.000000
2013-10-23,nvda,15.7400,15.7400,15.4500,15.5010,6248954,1.000000
2013-10-24,nvda,15.5400,15.6400,15.3640,15.3850,5521697,1.000000
2013-10-25,nvda,15.4700,15.4800,15.1900,15.2400,8237313,1.000000
2013-10-28,nvda,15.2200,15.2900,15.0000,15.2100,9050708,1.000000
2013-10-29,nvda,15.1900,15.2600,15.0500,15.2300,9674627,1.000000
2013-10-30,nvda,15.2800,15.3500,15.0900,15.2200,5084312,1.000000
2013-10-31,nvda,15.2400,15.3500,15.1600,15.1890,7105819,1.000000
2013-11-01,nvda,15.2700,15.3300,15.1500,15.2550,5119743,1.000000
2013-11-04,nvda,15.3100,15.3100,14.7900,14.8200,10227830,1.000000
2013-11-05,nvda,14.7300,14.8650,14.5700,14.8000,10502284,1.000000
2013-11-06,nvda,14.8000,14.9100,14.6500,14.9000,4922177,1.000000
2013-11-07,nvda,14.8500,14.8900,14.5200,14.5450,13329454,1.000000
2013-11-08,nvda,15.0000,15.6100,14.9350,15.5600,18314109,1.000000
2013-11-11,nvda,15.5000,15.7300,15.4700,15.6900,7436597,1.000000
2013-11-12,nvda,15.7600,15.8500,15.5400,15.7150,7891960,1.000000
2013-11-13,nvda,15.6800,16.1500,15.6500,16.1500,8300441,1.000000
2013-11-14,nvda,16.1000,16.3150,16.0900,16.2200,7672940,1.000000
2013-11-15,nvda,16.2800,16.3000,16.0100,16.1700,6246863,1.000000
2013-11-18,nvda,15.8200,15.9600,15.7400,15.7800,7905864,1.000000
2013-11-19,nvda,15.6200,15.7600,15.4200,15.4400,5124130,1.000000
2013-11-20,nvda,15.4500,15.4900,15.1800,15.2100,5102368,1.000000
2013-11-21,nvda,15.2300,15.3600,15.1600,15.3300,5316249,1.000000
2013-11-22,nvda,15.3500,15.3500,15.1500,15.1800,3952838,1.000000
2013-11-25,nvda,15.1800,15.5300,15.1800,15.5100,6196546,1.000000
2013-11-26,nvda,15.6800,15.8050,15.5750,15.6400,18695147,1.000000
2013-11-27,nvda,15.6300,15.7450,15.5300,15.7000,4531837,1.000000
2013-11-29,nvda,15.7000,15.7400,15.5000,15.6000,2924092,1.000000
2013-12-02,nvda,15.5400,15.8600,15.5100,15.7500,9324418,1.000000
2013-12-03,nvda,15.7500,15.9550,15.6400,15.7400,7245927,1.000000
2013-12-04,nvda,15.7000,15.9900,15.6550,15.9600,12325274,1.000000
2013-12-05,nvda,15.9900,15.9900,15.6800,15.7000,6791362,1.000000
2013-12-06,nvda,15.8900,15.8900,15.4300,15.4700,7008321,1.000000
2013-12-09,nvda,15.4700,15.5200,15.1800,15.2050,9547918,1.000000
2013-12-10,nvda,15.2100,15.6300,15.1900,15.5600,13103854,1.000000
2013-12-11,nvda,15.5900,15.6100,15.3800,15.4100,10346151,1.000000
2013-12-12,nvda,15.3600,15.4400,15.0800,15.1100,6428815,1.000000
2013-12-13,nvda,15.1400,15.2500,15.0000,15.0200,4617614,1.000000
2013-12-16,nvda,15.0300,15.1700,15.0200,15.0400,5851222,1.000000
2013-12-17,nvda,15.0300,15.1500,14.9000,15.1100,6782084,1.000000
2013-12-18,nvda,15.1400,15.3500,14.9500,15.3200,10609826,1.000000
2013-12-19,nvda,15.3000,15.4000,15.2000,15.3800,6443681,1.000000
2013-12-20,nvda,15.4100,15.7000,15.3700,15.6850,8568294,1.000000
2013-12-23,nvda,15.7800,15.9100,15.6500,15.7800,4176702,1.000000
2013-12-24,nvda,15.8700,15.8700,15.6600,15.8200,1990034,1.000000
2013-12-26,nvda,15.8800,15.9250,15.6300,15.6700,4207478,1.000000
2013-12-27,nvda,15.7500,15.7900,15.6600,15.7600,5270890,1.000000
2013-12-30,nvda,15.7700,15.9800,15.7500,15.9700,6099488,1.000000
2013-12-31,nvda,16.0000,16.1000,15.9000,16.0200,5869892,1.000000
2014-01-02,nvda,15.9200,15.9800,15.7200,15.8600,6478082,1.000000
2014-01-03,nvda,15.8900,15.9200,15.6200,15.6700,6475739,1.000000
2014-01-06,nvda,15.8300,16.0000,15.6800,15.8800,10147653,1.000000
2014-01-07,nvda,16.0400,16.2000,15.9250,16.1400,8300407,1.000000
2014-01-08,nvda,16.2000,16.4400,16.1400,16.3600,7503700,1.000000
2014-01-09,nvda,16.1100,16.1400,15.7000,15.7500,7294100,1.000000
2014-01-10,nvda,15.8000,15.9100,15.5900,15.7300,5456816,1.000000
2014-01-13,nvda,15.7300,15.8250,15.3300,15.3600,6083299,1.000000
2014-01-14,nvda,15.4400,15.8700,15.3700,15.8400,6018872,1.000000
2014-01-15,nvda,15.9100,16.0650,15.8400,16.0100,4368505,1.000000
2014-01-16,nvda,16.0100,16.0900,15.9400,16.0600,5500021,1.000000
2014-01-17,nvda,16.0600,16.2500,15.8900,15.9900,8485738,1.000000
2014-01-21,nvda,16.0100,16.1500,15.8800,16.0500,6136640,1.000000
2014-01-22,nvda,16.0800,16.1000,15.8400,16.0300,8440571,1.000000
2014-01-23,nvda,15.9800,16.1500,15.8500,15.9700,4602966,1.000000
2014-01-24,nvda,15.8400,15.9000,15.5600,15.5600,6170973,1.000000
2014-01-27,nvda,15.5600,15.7800,15.3700,15.4600,5829807,1.000000
2014-01-28,nvda,15.4300,15.6200,15.3700,15.6100,4191893,1.000000
2014-01-29,nvda,15.5500,15.6400,15.4500,15.4600,4055271,1.000000
2014-01-30,nvda,15.5500,15.7500,15.5000,15.7200,5044413,1.000000
2014-01-31,nvda,15.5000,15.7900,15.4900,15.7000,8357632,1.000000
2014-02-03,nvda,15.8100,15.8300,15.4300,15.4900,10684741,1.000000
2014-02-04,nvda,15.4800,15.6100,15.4000,15.5800,6957268,1.000000
2014-02-05,nvda,15.4700,15.5200,15.3200,15.4400,5362068,1.000000
2014-02-06,nvda,15.4600,15.6800,15.4400,15.6400,4190765,1.000000
2014-02-07,nvda,15.6800,15.8900,15.5400,15.8700,3923206,1.000000
2014-02-10,nvda,15.8500,16.1300,15.8350,15.9150,8084862,1.000000
2014-02-11,nvda,16.0100,16.2900,15.9300,16.2500,5875288,1.000000
2014-02-12,nvda,16.3000,16.9500,16.3000,16.8200,18103747,1.000000
2014-02-13,nvda,17.2500,17.4600,16.9500,17.3600,22528569,1.000000
2014-02-14,nvda,17.2000,17.9500,17.1900,17.9200,20414572,1.000000
2014-02-18,nvda,17.9200,17.9800,17.7500,17.8900,10650957,1.000000
2014-02-19,nvda,17.9000,18.3000,17.8200,18.1400,11254534,1.000000
2014-02-20,nvda,18.1800,18.8150,18.1500,18.7800,9790938,1.000000
2014-02-21,nvda,18.7500,18.9900,18.5200,18.6400,11248419,1.000000
2014-02-24,nvda,18.6000,19.0500,18.4300,18.9100,10036095,1.000000
2014-02-25,nvda,18.8000,18.8800,18.5400,18.7400,6046668,1.000000
2014-02-26,nvda,18.7000,18.9800,18.6500,18.7100,9010783,1.000000
2014-02-27,nvda,18.7100,18.9000,18.4500,18.5000,9680134,1.000000
2014-02-28,nvda,18.4000,18.5800,18.1140,18.3800,7994903,1.000000
2014-03-03,nvda,17.9700,18.2900,17.8100,18.2900,9364588,1.000000
2014-03-04,nvda,18.3800,18.6000,18.3500,18.4800,6374830,1.000000
2014-03-05,nvda,18.4600,18.6500,18.3800,18.6400,6016832,1.000000
2014-03-06,nvda,18.6700,18.7700,18.3500,18.3800,7242713,1.000000
2014-03-07,nvda,18.4600,18.4900,18.2150,18.3600,6707255,1.000000
2014-03-10,nvda,18.3000,18.3800,18.0100,18.0900,7383042,1.000000
2014-03-11,nvda,18.1800,18.4300,18.1200,18.2700,6757276,1.000000
2014-03-12,nvda,18.1800,18.4300,18.1100,18.3200,5967856,1.000000
2014-03-13,nvda,18.3600,18.4300,17.6500,17.7400,9609698,1.000000
2014-03-14,nvda,17.5600,17.9800,17.5600,17.8200,11493891,1.000000
2014-03-17,nvda,17.8700,18.0000,17.8000,17.8200,7475217,1.000000
2014-03-18,nvda,17.8900,18.3600,17.8100,18.2400,7302026,1.000000
2014-03-19,nvda,18.3800,18.9100,18.3300,18.5550,9151660,1.000000
2014-03-20,nvda,18.4600,18.7300,18.3800,18.5700,4761112,1.000000
2014-03-21,nvda,18.7300,18.8800,18.4400,18.5100,13028797,1.000000
2014-03-24,nvda,18.5500,18.7000,18.1800,18.4600,7608178,1.000000
2014-03-25,nvda,18.6500,18.6700,18.3100,18.4500,7517235,1.000000
2014-03-26,nvda,18.6200,18.9700,17.8700,18.0300,13877638,1.000000
2014-03-27,nvda,17.9900,18.1400,17.5850,17.7900,13438732,1.000000
2014-03-28,nvda,17.7600,18.0100,17.7100,17.9000,9963348,1.000000
2014-03-31,nvda,17.9300,18.0900,17.8050,17.9100,6818811,1.000000
2014-04-01,nvda,18.4800,18.8700,18.2600,18.6450,16391351,1.000000
2014-04-02,nvda,18.6500,18.6900,18.4500,18.5300,5996124,1.000000
2014-04-03,nvda,18.5700,19.1850,18.5600,18.7300,14978644,1.000000
2014-04-04,nvda,18.8300,18.9400,18.0650,18.1600,9200671,1.000000
2014-04-07,nvda,18.1600,18.5600,18.0600,18.2100,10687678,1.000000
2014-04-08,nvda,18.2100,18.9100,18.1800,18.8600,11732826,1.000000
2014-04-09,nvda,18.9500,19.1100,18.6900,18.8400,10497868,1.000000
2014-04-10,nvda,18.7600,19.0200,18.3200,18.3800,9276020,1.000000
2014-04-11,nvda,18.2400,18.5200,17.8800,18.1200,8826866,1.000000
2014-04-14,nvda,18.2400,18.3900,18.1200,18.3200,7251152,1.000000
2014-04-15,nvda,18.3400,18.5500,18.1600,18.4500,7446571,1.000000
2014-04-16,nvda,18.5400,18.5600,18.2550,18.4900,5859700,1.000000
2014-04-17,nvda,18.4200,18.7300,18.3800,18.5600,3815518,1.000000
2014-04-21,nvda,18.5700,18.7600,18.4500,18.7100,2925085,1.000000
2014-04-22,nvda,18.7400,18.9900,18.6400,18.8700,6364388,1.000000
2014-04-23,nvda,18.9000,19.1400,18.8700,19.0900,6475377,1.000000
2014-04-24,nvda,19.2200,19.4600,19.2200,19.2600,9773092,1.000000
2014-04-25,nvda,19.2200,19.4000,18.6900,18.7300,7805015,1.000000
2014-04-28,nvda,18.8800,18.9800,18.4200,18.6500,5668397,1.000000
2014-04-29,nvda,18.7200,18.7570,18.4800,18.6900,4275669,1.000000
2014-04-30,nvda,18.6600,18.6800,18.4300,18.4700,7636503,1.000000
2014-05-01,nvda,18.7500,18.7900,18.4200,18.5700,4949113,1.000000
2014-05-02,nvda,18.6600,18.6600,18.3200,18.4300,3896023,1.000000
2014-05-05,nvda,18.4100,18.7700,18.3900,18.6300,5980289,1.000000
2014-05-06,nvda,18.8100,18.9700,18.2000,18.2500,10335527,1.000000
2014-05-07,nvda,18.2500,18.4200,18.0700,18.2750,7335790,1.000000
2014-05-08,nvda,18.2000,18.7900,18.1100,18.5000,10770408,1.000000
2014-05-09,nvda,17.9400,18.1100,17.7100,18.0500,13483081,1.000000
2014-05-12,nvda,18.0900,18.6200,18.0800,18.5800,7475893,1.000000
2014-05-13,nvda,18.3300,18.6300,18.2200,18.2800,5511746,1.000000
2014-05-14,nvda,18.2900,18.3600,18.0900,18.1000,5354897,1.000000
2014-05-15,nvda,18.0600,18.1600,17.8200,18.0000,8137795,1.000000
2014-05-16,nvda,17.8600,18.0900,17.8600,17.9600,7076260,1.000000
2014-05-19,nvda,18.1500,18.6400,18.0700,18.5400,8998429,1.000000
2014-05-20,nvda,18.4600,18.5100,18.1500,18.2400,6387982,1.000000
2014-05-21,nvda,18.3100,18.4650,18.1250,18.2400,5407579,1.000000
2014-05-22,nvda,18.2000,18.4200,18.2000,18.3200,3256433,1.000000
2014-05-23,nvda,18.4200,18.5800,18.3100,18.4900,4565092,1.000000
2014-05-27,nvda,18.6000,18.8200,18.5400,18.8200,5240255,1.000000
2014-05-28,nvda,18.8900,19.1000,18.7100,18.9800,5571882,1.000000
2014-05-29,nvda,18.9700,19.1300,18.9100,18.9500,4294649,1.000000
2014-05-30,nvda,18.9500,19.0500,18.8500,19.0000,5933052,1.000000
2014-06-02,nvda,19.0600,19.1800,18.7800,18.9400,4534639,1.000000
2014-06-03,nvda,18.9800,19.0000,18.6100,18.8600,6056040,1.000000
2014-06-04,nvda,18.8100,19.0200,18.8000,18.8800,4022352,1.000000
2014-06-05,nvda,18.9100,19.0200,18.8000,18.9600,4704743,1.000000
2014-06-06,nvda,19.0500,19.2000,18.9800,19.0300,4013786,1.000000
2014-06-09,nvda,19.0100,19.2300,18.8800,19.0500,6185051,1.000000
2014-06-10,nvda,18.9800,19.2400,18.9000,19.1500,5435073,1.000000
2014-06-11,nvda,19.0800,19.4450,19.0800,19.4000,6648255,1.000000
2014-06-12,nvda,19.4000,19.6100,19.2300,19.5200,8422103,1.000000
2014-06-13,nvda,19.7200,19.7300,19.3500,19.5400,5694773,1.000000
2014-06-16,nvda,19.4500,19.6100,19.3100,19.4800,4760876,1.000000
2014-06-17,nvda,19.5000,19.6900,19.4000,19.6000,3918049,1.000000
2014-06-18,nvda,19.5600,19.6800,19.3800,19.5900,5387124,1.000000
2014-06-19,nvda,19.2300,19.3300,19.0000,19.1380,11860785,1.000000
2014-06-20,nvda,19.1900,19.2550,18.7800,18.9300,8551162,1.000000
2014-06-23,nvda,18.6800,18.7200,18.4600,18.7100,10349108,1.000000
2014-06-24,nvda,18.6800,18.8300,18.3400,18.4200,6877710,1.000000
2014-06-25,nvda,18.4700,18.6200,18.3000,18.6100,5366053,1.000000
2014-06-26,nvda,18.6100,18.6200,18.3000,18.3600,6361738,1.000000
2014-06-27,nvda,18.3400,18.4900,18.2300,18.3800,6576254,1.000000
2014-06-30,nvda,18.3100,18.5900,18.3100,18.5400,4500035,1.000000
2014-07-01,nvda,18.5200,18.8550,18.4600,18.7400,7990801,1.000000
2014-07-02,nvda,18.6800,18.7600,18.5700,18.6830,4478257,1.000000
2014-07-03,nvda,18.5100,18.9000,18.5100,18.8500,3422256,1.000000
2014-07-07,nvda,18.8800,18.8900,18.6700,18.7000,3174159,1.000000
2014-07-08,nvda,18.6500,18.7300,18.3700,18.5400,5547600,1.000000
2014-07-09,nvda,18.7100,19.1900,18.5700,19.1100,9681580,1.000000
2014-07-10,nvda,18.7500,19.0900,18.6000,19.0050,6620909,1.000000
2014-07-11,nvda,19.0300,19.1100,18.9600,19.0500,4778880,1.000000
2014-07-14,nvda,19.1300,19.3400,19.0600,19.2900,6800018,1.000000
2014-07-15,nvda,19.4500,19.6000,19.2400,19.3500,7968976,1.000000
2014-07-17,nvda,19.1300,19.5000,19.1300,19.3000,8086921,1.000000
2014-07-18,nvda,18.9000,19.0500,18.4100,18.4400,14158560,1.000000
2014-07-21,nvda,18.3700,18.6800,18.3700,18.5500,6073201,1.000000
2014-07-22,nvda,18.6900,18.7900,18.4300,18.4700,7443800,1.000000
2014-07-23,nvda,18.4800,18.4900,18.0600,18.0800,7391269,1.000000
2014-07-24,nvda,18.1800,18.2300,17.9800,18.1100,6351738,1.000000
2014-07-25,nvda,18.0500,18.0900,17.7600,17.7900,6624567,1.000000
2014-07-28,nvda,17.8700,17.8700,17.4150,17.7200,8222860,1.000000
2014-07-29,nvda,17.7300,18.0200,17.7200,17.7800,5404402,1.000000
2014-07-30,nvda,17.8900,18.1300,17.8400,18.0800,6137026,1.000000
2014-07-31,nvda,17.8600,18.0000,17.4650,17.5000,9990689,1.000000
2014-08-01,nvda,17.5000,17.7900,17.4400,17.6900,5461400,1.000000
2014-08-04,nvda,17.6700,17.8200,17.5600,17.6400,6003142,1.000000
2014-08-05,nvda,17.6000,17.9200,17.4500,17.6600,7439569,1.000000
2014-08-06,nvda,17.5400,17.8600,17.4100,17.6400,5580537,1.000000
2014-08-07,nvda,17.7900,17.9500,17.3400,17.4600,9881915,1.000000
2014-08-08,nvda,18.2200,19.1000,18.2200,19.0000,22337870,1.000000
2014-08-11,nvda,19.0200,19.1000,18.8500,18.9000,8598214,1.000000
2014-08-12,nvda,18.8900,19.0000,18.6900,18.9000,7394486,1.000000
2014-08-13,nvda,18.9300,19.1700,18.8100,19.0100,6398338,1.000000
2014-08-14,nvda,19.0800,19.0800,18.7200,18.8000,6372210,1.000000
2014-08-15,nvda,18.8600,19.1450,18.6800,19.0400,9230711,1.000000
2014-08-18,nvda,19.1200,19.3200,18.9300,19.3000,7139110,1.000000
2014-08-19,nvda,19.2200,19.4700,19.1500,19.3700,6186946,1.000000
2014-08-20,nvda,19.3000,19.3900,19.2050,19.2500,5508747,1.000000
2014-08-21,nvda,19.2000,19.3000,19.0400,19.0700,6792185,1.000000
2014-08-22,nvda,19.0500,19.2400,18.9300,19.0800,6276646,1.000000
2014-08-25,nvda,19.1600,19.2900,19.0700,19.1100,3827752,1.000000
2014-08-26,nvda,19.1600,19.4900,19.0900,19.4550,6719874,1.000000
2014-08-27,nvda,19.3300,19.4750,19.2000,19.2300,4539123,1.000000
2014-08-28,nvda,19.1900,19.4300,19.1300,19.3900,4487325,1.000000
2014-08-29,nvda,19.4600,19.4900,19.2500,19.4500,5036327,1.000000
2014-09-02,nvda,19.5000,19.5000,19.3150,19.4950,4802926,1.000000
2014-09-03,nvda,19.6000,19.7500,19.4700,19.6850,6458316,1.000000
2014-09-04,nvda,19.6500,20.1500,19.6400,20.0300,12155701,1.000000
2014-09-05,nvda,20.0100,20.1000,19.8400,19.9700,6323357,1.000000
2014-09-08,nvda,19.9500,19.9900,19.7100,19.7900,7795691,1.000000
2014-09-09,nvda,19.7000,19.8300,19.5200,19.5400,4944179,1.000000
2014-09-10,nvda,19.6500,19.6850,19.4250,19.6100,4085347,1.000000
2014-09-11,nvda,19.4700,19.5400,19.2000,19.4100,6213272,1.000000
2014-09-12,nvda,19.5300,19.5300,19.0950,19.1200,6513092,1.000000
2014-09-15,nvda,19.1800,19.2100,18.7800,18.8600,6546306,1.000000
2014-09-16,nvda,18.8100,19.2400,18.7500,19.1350,5482195,1.000000
2014-09-17,nvda,19.0900,19.3300,19.0000,19.1500,4316358,1.000000
2014-09-18,nvda,19.2700,19.4600,19.2100,19.4400,5473285,1.000000
2014-09-19,nvda,19.5000,19.5200,19.0500,19.0700,11041265,1.000000
2014-09-22,nvda,19.4700,19.4700,18.8700,18.8900,5495549,1.000000
2014-09-23,nvda,18.7900,19.0200,18.7200,18.8100,4882056,1.000000
2014-09-24,nvda,18.8000,18.9800,18.7800,18.9200,3986856,1.000000
2014-09-25,nvda,18.9000,18.9500,18.4700,18.5100,7425059,1.000000
2014-09-26,nvda,18.5700,18.6900,18.4900,18.5450,6010129,1.000000
2014-09-29,nvda,18.4000,18.6500,18.2240,18.5150,5142605,1.000000
2014-09-30,nvda,18.4400,18.5800,18.2300,18.4500,6864469,1.000000
2014-10-01,nvda,18.4800,18.6100,18.2200,18.2700,8707144,1.000000
2014-10-02,nvda,18.2400,18.3300,17.7700,18.1900,7165429,1.000000
2014-10-03,nvda,18.3000,18.5500,18.2300,18.2300,5972424,1.000000
2014-10-06,nvda,18.3000,18.4500,18.0000,18.1200,4954134,1.000000
2014-10-07,nvda,18.0400,18.2150,17.9050,17.9200,7512802,1.000000
2014-10-08,nvda,17.9100,18.3500,17.7700,18.2600,6462746,1.000000
2014-10-09,nvda,18.1800,18.1950,17.7600,17.9100,7580970,1.000000
2014-10-10,nvda,17.7700,17.8300,16.8400,16.8400,17235494,1.000000
2014-10-13,nvda,16.9600,17.3000,16.7700,16.7850,9903266,1.000000
2014-10-14,nvda,17.0200,17.6500,16.9200,17.1750,9391092,1.000000
2014-10-15,nvda,16.9300,17.5300,16.8150,17.4400,10101520,1.000000
2014-10-16,nvda,17.1300,17.6500,17.0900,17.4500,8740993,1.000000
2014-10-17,nvda,17.6600,17.8650,17.3500,17.4200,7223808,1.000000
2014-10-20,nvda,17.4200,17.7250,17.3000,17.5700,4987039,1.000000
2014-10-21,nvda,17.7000,18.3400,17.6500,18.3200,8650429,1.000000
2014-10-22,nvda,18.2900,18.3500,17.8900,17.8900,5954261,1.000000
2014-10-23,nvda,18.2000,18.4200,18.0700,18.2850,5309694,1.000000
2014-10-24,nvda,18.4000,18.5900,18.2850,18.4800,5231122,1.000000
2014-10-27,nvda,18.4700,18.5600,18.2700,18.4900,3464258,1.000000
2014-10-28,nvda,18.4400,18.9550,18.4200,18.9300,4763317,1.000000
2014-10-29,nvda,18.8500,18.9600,18.6400,18.8050,4162944,1.000000
2014-10-30,nvda,18.7600,18.8400,18.4500,18.6900,4239051,1.000000
2014-10-31,nvda,19.1200,19.5500,19.0200,19.5400,6260294,1.000000
2014-11-03,nvda,19.9900,20.0600,19.7700,19.8700,7588218,1.000000
2014-11-04,nvda,20.0000,20.2000,19.6700,20.1300,8960879,1.000000
2014-11-05,nvda,20.2500,20.2550,19.9800,20.1300,8379306,1.000000
2014-11-06,nvda,20.1700,20.2500,19.8600,20.2200,9650847,1.000000
2014-11-07,nvda,20.4500,20.6860,19.5900,19.7900,10789962,1.000000
2014-11-10,nvda,19.7700,20.1500,19.7200,20.0200,7302284,1.000000
2014-11-11,nvda,19.9000,20.0100,19.6050,19.7800,5306554,1.000000
2014-11-12,nvda,19.7100,19.7600,19.3800,19.6450,5080365,1.000000
2014-11-13,nvda,19.7200,19.7490,19.3900,19.5500,5610500,1.000000
2014-11-14,nvda,19.5700,19.7900,19.3750,19.7850,3967646,1.000000
2014-11-17,nvda,19.7000,19.9100,19.5700,19.6950,3952239,1.000000
2014-11-18,nvda,19.7100,20.2200,19.6600,20.1700,5179591,1.000000
2014-11-19,nvda,20.1000,20.1600,19.8000,20.0100,5748453,1.000000
2014-11-20,nvda,19.8700,20.3600,19.8100,20.3400,5522694,1.000000
2014-11-21,nvda,20.5200,20.5500,20.2800,20.4500,4939634,1.000000
2014-11-24,nvda,20.5000,20.6700,20.4200,20.5800,3392012,1.000000
2014-11-25,nvda,20.5400,20.7200,20.5000,20.5700,4485008,1.000000
2014-11-26,nvda,20.4500,20.9400,20.4400,20.9150,5436527,1.000000
2014-11-28,nvda,20.9900,21.0900,20.8030,20.9700,3120531,1.000000
2014-12-01,nvda,20.8800,21.0000,20.5500,20.5800,4729122,1.000000
2014-12-02,nvda,20.5600,20.7000,20.3700,20.6100,6109899,1.000000
2014-12-03,nvda,20.7100,21.1500,20.6500,21.1300,7105929,1.000000
2014-12-04,nvda,21.1100,21.1900,20.8100,20.9500,4628486,1.000000
2014-12-05,nvda,20.9600,21.1800,20.9500,21.0700,4126843,1.000000
2014-12-08,nvda,21.0400,21.2500,20.6300,20.8000,5665767,1.000000
2014-12-09,nvda,20.6700,20.7800,20.3600,20.7400,5983156,1.000000
2014-12-10,nvda,20.6700,20.7500,20.2450,20.2700,5044962,1.000000
2014-12-11,nvda,20.3900,20.5300,20.2200,20.2600,3346064,1.000000
2014-12-12,nvda,19.9900,20.1700,19.6100,19.6400,8041561,1.000000
2014-12-15,nvda,19.8600,20.2200,19.5110,19.5700,6314262,1.000000
2014-12-16,nvda,19.5500,19.8600,19.3400,19.3450,4617420,1.000000
2014-12-17,nvda,19.7400,20.1700,19.1000,20.1400,8601793,1.000000
2014-12-18,nvda,20.3900,20.6300,20.0300,20.2100,5528584,1.000000
2014-12-19,nvda,20.3600,20.5000,20.1700,20.4200,6760431,1.000000
2014-12-22,nvda,20.4000,20.7800,20.3300,20.7800,3678378,1.000000
2014-12-23,nvda,20.9400,21.0400,20.6250,20.6500,2687625,1.000000
2014-12-24,nvda,20.7000,20.7250,20.5500,20.5700,1141128,1.000000
2014-12-26,nvda,20.5700,20.7000,20.5200,20.5900,1301890,1.000000
2014-12-29,nvda,20.5300,20.7000,20.4300,20.5600,2073613,1.000000
2014-12-30,nvda,20.4200,20.5200,20.3400,20.3700,2759762,1.000000
2014-12-31,nvda,20.4000,20.5100,19.9900,20.0500,4116562,1.000000
2015-01-02,nvda,20.1300,20.2800,19.8110,20.1300,2812345,1.000000
2015-01-05,nvda,20.1300,20.1900,19.7000,19.7900,4868703,1.000000
2015-01-06,nvda,19.8200,19.8400,19.1700,19.1900,4890334,1.000000
2015-01-07,nvda,19.3300,19.5000,19.0800,19.1350,8002921,1.000000
2015-01-08,nvda,19.3600,19.9800,19.3500,19.8600,6614262,1.000000
2015-01-09,nvda,19.9300,20.0900,19.6550,19.9400,5214690,1.000000
2015-01-12,nvda,19.9900,19.9950,19.5100,19.6900,4737425,1.000000
2015-01-13,nvda,19.8400,20.2400,19.5250,19.6550,5899197,1.000000
2015-01-14,nvda,19.4500,19.8000,19.4000,19.7400,3876718,1.000000
2015-01-15,nvda,19.8800,20.0000,19.5900,19.6000,4682523,1.000000
2015-01-16,nvda,19.5700,19.9800,19.5100,19.9600,4525521,1.000000
2015-01-20,nvda,20.1000,20.2100,19.7700,20.0200,3486794,1.000000
2015-01-21,nvda,19.9100,20.2600,19.7700,20.2550,1217948,1.000000
2015-01-22,nvda,20.3400,20.7050,20.1300,20.6400,3970441,1.000000
2015-01-23,nvda,20.6700,20.7450,20.5000,20.7100,2970352,1.000000
2015-01-26,nvda,20.6200,20.7200,20.4900,20.6150,3326415,1.000000
2015-01-27,nvda,20.3000,20.3200,19.5900,19.6300,8922863,1.000000
2015-01-28,nvda,19.8700,19.9500,19.3000,19.3100,6698829,1.000000
2015-01-29,nvda,19.3200,19.8900,19.2300,19.7800,5713906,1.000000
2015-01-30,nvda,19.6400,19.8690,19.1700,19.2050,7103538,1.000000
2015-02-02,nvda,19.3200,19.7000,18.9400,19.6200,6421572,1.000000
2015-02-03,nvda,19.7600,20.1300,19.6600,20.1100,4526545,1.000000
2015-02-04,nvda,20.0500,20.3850,19.9850,20.1600,4503872,1.000000
2015-02-05,nvda,20.1800,20.5000,20.1600,20.4850,3481536,1.000000
2015-02-06,nvda,20.4700,20.7100,20.3100,20.4100,5229498,1.000000
2015-02-09,nvda,20.2800,20.4400,20.1500,20.3800,6829595,1.000000
2015-02-10,nvda,20.4000,20.9600,20.3100,20.9500,5618892,1.000000
2015-02-11,nvda,21.0000,21.0000,20.6700,20.8100,7743952,1.000000
2015-02-12,nvda,22.0000,22.5000,21.8700,22.3000,16877446,1.000000
2015-02-13,nvda,22.2500,22.3400,21.9100,22.3050,7706066,1.000000
2015-02-17,nvda,22.2700,22.4900,22.1300,22.3750,5050595,1.000000
2015-02-18,nvda,22.3500,22.3900,22.0800,22.1200,4258112,1.000000
2015-02-19,nvda,22.4000,22.4400,22.0800,22.1800,4173726,1.000000
2015-02-20,nvda,22.1600,22.3500,22.0000,22.3300,3926912,1.000000
2015-02-23,nvda,22.3300,22.3300,22.0500,22.1500,3102495,1.000000
2015-02-24,nvda,22.1600,22.3100,21.9600,22.3100,3728566,1.000000
2015-02-25,nvda,22.2200,22.3200,22.0350,22.1400,3081063,1.000000
2015-02-26,nvda,22.1600,22.3250,22.0200,22.2000,3798595,1.000000
2015-02-27,nvda,22.1400,22.1900,21.9810,22.0500,3915586,1.000000
2015-03-02,nvda,22.0000,22.7200,21.9710,22.5950,7520732,1.000000
2015-03-03,nvda,22.4300,22.5400,22.1100,22.1800,3904483,1.000000
2015-03-04,nvda,22.1000,22.4800,22.0100,22.4300,5638858,1.000000
2015-03-05,nvda,22.4300,22.9000,22.3700,22.8600,8048154,1.000000
2015-03-06,nvda,22.7300,22.8400,22.5250,22.5500,6381724,1.000000
2015-03-09,nvda,22.5600,22.7800,22.5100,22.6100,5551080,1.000000
2015-03-10,nvda,22.7100,23.1490,22.6700,23.0100,13109690,1.000000
2015-03-11,nvda,23.0000,23.3000,22.8150,22.8800,6522668,1.000000
2015-03-12,nvda,22.6600,22.8300,22.2400,22.6700,10156291,1.000000
2015-03-13,nvda,22.5600,22.7600,22.2500,22.7000,8954644,1.000000
2015-03-16,nvda,22.8800,23.1100,22.7300,22.9650,5889301,1.000000
2015-03-17,nvda,22.9200,23.2600,22.7600,23.2400,7485999,1.000000
2015-03-18,nvda,23.2500,23.3700,22.6600,22.8700,10333027,1.000000
2015-03-19,nvda,22.9500,23.3000,22.7800,23.2150,7434960,1.000000
2015-03-20,nvda,23.4100,23.6050,23.1900,23.4700,11296046,1.000000
2015-03-23,nvda,22.7700,23.0700,22.7000,22.7100,10579631,1.000000
2015-03-24,nvda,22.6400,22.8000,22.3000,22.4000,8193826,1.000000
2015-03-25,nvda,22.3900,22.3900,20.9700,21.0330,13423179,1.000000
2015-03-26,nvda,20.6100,21.0550,20.4600,20.9650,7781512,1.000000
2015-03-27,nvda,21.0900,21.4600,20.7500,21.3800,7938825,1.000000
2015-03-30,nvda,21.4800,21.5800,21.2000,21.4700,6298587,1.000000
2015-03-31,nvda,21.4100,21.4300,20.9100,20.9200,8796674,1.000000
2015-04-01,nvda,21.0100,21.0800,20.6500,21.0100,8213670,1.000000
2015-04-02,nvda,21.1300,21.1900,20.8800,21.0600,4772083,1.000000
2015-04-06,nvda,20.9700,21.7400,20.7500,21.6650,12843148,1.000000
2015-04-07,nvda,21.6700,22.1000,21.5500,21.8600,10252072,1.000000
2015-04-08,nvda,21.8800,22.1000,21.6700,22.0200,9088168,1.000000
2015-04-09,nvda,21.8500,22.6000,21.8400,22.5250,9480718,1.000000
2015-04-10,nvda,22.5500,22.7700,22.4700,22.7600,6354508,1.000000
2015-04-13,nvda,22.7100,22.8400,22.4500,22.5500,5807253,1.000000
2015-04-14,nvda,22.4600,22.5500,22.1440,22.3600,5398699,1.000000
2015-04-15,nvda,22.4200,22.7950,22.3100,22.6300,5981193,1.000000
2015-04-16,nvda,22.5000,22.6900,22.3300,22.4900,3809119,1.000000
2015-04-17,nvda,22.0200,22.4200,22.0100,22.2000,7206202,1.000000
2015-04-20,nvda,22.3000,22.4400,22.0500,22.0900,5636057,1.000000
2015-04-21,nvda,22.3600,22.3600,21.9500,22.0550,5719872,1.000000
2015-04-22,nvda,22.1900,22.3400,21.8500,22.3100,5049323,1.000000
2015-04-23,nvda,21.9000,22.4300,21.6500,22.2200,6254855,1.000000
2015-04-24,nvda,22.2100,22.2200,21.7800,22.0300,5857710,1.000000
2015-04-27,nvda,22.1000,22.5900,21.9100,22.2000,6097868,1.000000
2015-04-28,nvda,22.1600,22.3850,21.9500,22.3050,5775530,1.000000
2015-04-29,nvda,22.1500,22.3700,22.0500,22.1400,4686219,1.000000
2015-04-30,nvda,22.0300,22.3050,21.9800,22.1900,5334130,1.000000
2015-05-01,nvda,22.3800,22.8200,22.2800,22.7500,6366166,1.000000
2015-05-04,nvda,22.7300,22.8800,22.5400,22.6100,4903584,1.000000
2015-05-05,nvda,22.5300,22.5600,21.9300,22.0300,7163318,1.000000
2015-05-06,nvda,22.1500,22.3600,21.8100,22.0900,7814688,1.000000
2015-05-07,nvda,22.0100,22.5600,21.9400,22.4900,12713372,1.000000
2015-05-08,nvda,21.0100,21.8400,20.4900,20.8100,27075448,1.000000
2015-05-11,nvda,20.5400,20.8400,20.3800,20.6300,13532569,1.000000
2015-05-12,nvda,20.4800,21.0000,20.4700,20.8300,9692184,1.000000
2015-05-13,nvda,20.9800,21.1400,20.7500,20.9500,7698554,1.000000
2015-05-14,nvda,21.0100,21.4000,20.9600,21.2900,7298435,1.000000
2015-05-15,nvda,21.3800,21.4800,21.1700,21.3000,5371601,1.000000
2015-05-18,nvda,21.2500,21.4000,21.1500,21.2700,8115916,1.000000
2015-05-19,nvda,21.2000,21.2700,21.0000,21.0400,6247552,1.000000
2015-05-20,nvda,21.0500,21.3000,21.0200,21.0400,4918402,1.000000
2015-05-21,nvda,21.0500,21.1400,20.8700,20.8900,5992250,1.000000
2015-05-22,nvda,20.9400,21.0150,20.8100,20.8600,5313407,1.000000
2015-05-26,nvda,20.7600,20.9000,20.5740,20.7300,6478145,1.000000
2015-05-27,nvda,20.8700,21.9350,20.8000,21.8400,10781880,1.000000
2015-05-28,nvda,21.8400,22.2140,21.8000,22.1400,8138637,1.000000
2015-05-29,nvda,22.1400,22.2800,22.1000,22.1400,8270547,1.000000
2015-06-01,nvda,22.2700,22.6000,22.1300,22.3800,9249841,1.000000
2015-06-02,nvda,22.2400,22.3600,21.9200,21.9400,5543962,1.000000
2015-06-03,nvda,22.0000,22.1700,21.6600,21.7000,6179009,1.000000
2015-06-04,nvda,21.5700,22.1600,21.5700,22.0900,8001698,1.000000
2015-06-05,nvda,22.0200,22.3600,21.7900,22.2600,7823521,1.000000
2015-06-08,nvda,22.1900,22.3400,21.5000,21.7500,8262388,1.000000
2015-06-09,nvda,21.7700,22.0200,21.7300,21.8600,6400988,1.000000
2015-06-10,nvda,21.6000,21.7400,21.3500,21.4600,13220628,1.000000
2015-06-11,nvda,21.4700,21.8500,21.4700,21.6950,7051217,1.000000
2015-06-12,nvda,21.5600,21.6900,21.0600,21.1100,8079685,1.000000
2015-06-15,nvda,21.0000,21.1650,20.8400,21.0700,7642291,1.000000
2015-06-16,nvda,21.0300,21.3600,20.8200,21.3300,6418860,1.000000
2015-06-17,nvda,21.3200,21.7000,21.2700,21.5800,5828165,1.000000
2015-06-18,nvda,21.7600,22.0800,21.7000,21.9300,7469808,1.000000
2015-06-19,nvda,21.9400,22.1200,21.6700,21.8700,8728115,1.000000
2015-06-22,nvda,21.9100,22.0300,21.4500,21.7750,12841079,1.000000
2015-06-23,nvda,21.8200,21.9900,21.0500,21.2200,10325352,1.000000
2015-06-24,nvda,21.1900,21.3000,20.9100,21.0100,6330175,1.000000
2015-06-25,nvda,21.0100,21.3000,21.0100,21.1700,8662771,1.000000
2015-06-26,nvda,21.0000,21.0200,20.6500,20.7450,9054582,1.000000
2015-06-29,nvda,20.5000,20.7100,20.0900,20.1200,9783913,1.000000
2015-06-30,nvda,20.2400,20.3300,19.9700,20.1100,7848773,1.000000
2015-07-01,nvda,20.6100,20.9000,20.2200,20.4000,7567522,1.000000
2015-07-02,nvda,20.3900,20.5500,20.2900,20.4100,3636062,1.000000
2015-07-06,nvda,20.2500,20.5300,20.0150,20.1700,5361799,1.000000
2015-07-07,nvda,20.0500,20.1300,19.1600,19.7850,14853227,1.000000
2015-07-08,nvda,19.6800,19.8000,19.4900,19.6500,8289439,1.000000
2015-07-09,nvda,19.9600,20.0500,19.2900,19.4100,8935278,1.000000
2015-07-10,nvda,19.6600,19.9300,19.6100,19.7500,5407749,1.000000
2015-07-13,nvda,19.9500,19.9900,19.7450,19.8800,5275831,1.000000
2015-07-14,nvda,19.9100,19.9300,19.6300,19.8900,6166970,1.000000
2015-07-15,nvda,19.8400,19.9700,19.5700,19.7500,6624002,1.000000
2015-07-16,nvda,19.8700,20.1900,19.8000,20.1900,7065763,1.000000
2015-07-17,nvda,20.1200,20.1400,19.8100,20.0800,5493908,1.000000
2015-07-20,nvda,20.0700,20.1500,19.6500,19.7000,4694325,1.000000
2015-07-21,nvda,19.6600,20.0700,19.6600,19.7900,3713892,1.000000
2015-07-22,nvda,19.6500,19.6500,19.1700,19.4050,8797513,1.000000
2015-07-23,nvda,19.4500,19.9400,19.4100,19.6500,4244993,1.000000
2015-07-24,nvda,19.7900,19.8100,19.3400,19.4150,4710514,1.000000
2015-07-27,nvda,19.2500,19.5300,19.0900,19.3150,4729998,1.000000
2015-07-28,nvda,19.3600,19.8600,19.1600,19.7350,4913779,1.000000
2015-07-29,nvda,19.6900,20.1300,19.6100,19.9700,5791265,1.000000
2015-07-30,nvda,19.9200,20.2200,19.9200,20.0200,4743368,1.000000
2015-07-31,nvda,20.1000,20.1100,19.8300,19.9600,5456514,1.000000
2015-08-03,nvda,20.1100,20.3100,19.8500,20.2900,9923818,1.000000
2015-08-04,nvda,20.2200,20.4300,20.1400,20.3700,6493371,1.000000
2015-08-05,nvda,20.8700,20.8900,20.5350,20.5900,5863298,1.000000
2015-08-06,nvda,20.5300,20.6800,20.1100,20.4800,15356976,1.000000
2015-08-07,nvda,22.4600,23.3700,21.8800,22.9800,35123279,1.000000
2015-08-10,nvda,22.8200,23.9500,22.6800,23.7800,16519808,1.000000
2015-08-11,nvda,23.4300,23.8900,23.4300,23.6650,10855793,1.000000
2015-08-12,nvda,23.2800,23.8900,23.2800,23.7200,9584782,1.000000
2015-08-13,nvda,23.7500,23.8000,23.4600,23.5200,6872096,1.000000
2015-08-14,nvda,23.5000,23.6800,23.3600,23.5400,5364028,1.000000
2015-08-17,nvda,23.5000,23.5000,23.1000,23.3900,6824844,1.000000
2015-08-18,nvda,23.2200,23.3800,22.9000,23.0800,7079341,1.000000
2015-08-19,nvda,23.0500,23.3050,22.7400,22.9900,6229455,1.000000
2015-08-20,nvda,22.7300,22.8400,22.0500,22.1500,10584586,1.000000
2015-08-21,nvda,22.0000,22.3700,21.4500,21.4900,9498311,1.000000
2015-08-24,nvda,20.2700,21.8300,20.0000,20.7150,17009231,1.000000
2015-08-25,nvda,21.6200,21.7000,20.2800,20.2800,15526245,1.000000
2015-08-26,nvda,20.9400,21.8300,20.7800,21.8300,15278498,1.000000
2015-08-27,nvda,22.0400,22.6400,21.9100,22.6300,11538796,1.000000
2015-08-28,nvda,22.6300,22.8700,22.4650,22.7200,8008566,1.000000
2015-08-31,nvda,22.6200,22.7800,22.3850,22.4800,5407015,1.000000
2015-09-01,nvda,21.8300,22.2000,21.4000,21.5600,8721248,1.000000
2015-09-02,nvda,22.1500,22.2200,21.7800,22.2150,8499001,1.000000
2015-09-03,nvda,22.5400,22.6500,22.2300,22.2700,6512321,1.000000
2015-09-04,nvda,21.8900,22.2400,21.7400,21.7500,7166107,1.000000
2015-09-08,nvda,22.2800,22.7700,22.1920,22.6800,5920900,1.000000
2015-09-09,nvda,22.7500,22.9400,22.1800,22.2300,7226508,1.000000
2015-09-10,nvda,22.1000,22.8600,21.9950,22.5800,8919620,1.000000
2015-09-11,nvda,22.3300,22.8000,22.2350,22.6500,7482875,1.000000
2015-09-14,nvda,22.7600,22.8300,22.5700,22.6900,4766693,1.000000
2015-09-15,nvda,22.7000,23.0600,22.6300,22.9400,8175614,1.000000
2015-09-16,nvda,22.9000,23.2300,22.7250,23.1000,4331846,1.000000
2015-09-17,nvda,23.5000,23.7100,23.2600,23.3100,6686833,1.000000
2015-09-18,nvda,22.9900,23.4900,22.8500,23.3000,7853195,1.000000
2015-09-21,nvda,23.3200,23.5800,23.2000,23.5300,7037663,1.000000
2015-09-22,nvda,23.0200,23.1800,22.7650,22.8900,5618853,1.000000
2015-09-23,nvda,22.9100,23.1400,22.8200,23.0000,4023474,1.000000
2015-09-24,nvda,22.8600,23.6800,22.5000,23.4400,9528858,1.000000
2015-09-25,nvda,23.7300,24.0700,23.3800,23.6200,9229349,1.000000
2015-09-28,nvda,23.6100,23.7550,23.1500,23.3000,9796345,1.000000
2015-09-29,nvda,23.5500,23.7500,23.2200,23.7000,9511581,1.000000
2015-09-30,nvda,23.9300,24.6800,23.7900,24.6400,13845700,1.000000
2015-10-01,nvda,24.6500,24.7200,23.4700,24.1700,12187630,1.000000
2015-10-02,nvda,24.0400,24.8010,23.7900,24.8000,9600315,1.000000
2015-10-05,nvda,24.9600,25.7300,24.8300,25.4100,12007628,1.000000
2015-10-06,nvda,25.1500,25.8600,25.0500,25.7500,11223668,1.000000
2015-10-07,nvda,25.8100,26.2800,25.3900,26.0200,7647994,1.000000
2015-10-08,nvda,25.9100,26.2400,25.4700,26.1700,11489510,1.000000
2015-10-09,nvda,26.0300,26.2800,25.5800,26.0700,10557584,1.000000
2015-10-12,nvda,26.1000,26.5000,25.9050,26.3500,5657136,1.000000
2015-10-13,nvda,26.1400,26.5550,26.0500,26.4000,7406624,1.000000
2015-10-14,nvda,26.4300,27.7850,26.4000,27.3600,15293926,1.000000
2015-10-15,nvda,27.4100,27.9900,27.1300,27.4300,13144329,1.000000
2015-10-16,nvda,27.5200,28.1200,27.4500,27.8500,11183839,1.000000
2015-10-19,nvda,27.9500,28.0750,27.4900,27.8100,7361775,1.000000
2015-10-20,nvda,27.6900,27.9000,27.4800,27.7700,6413971,1.000000
2015-10-21,nvda,27.9400,28.1100,27.3600,27.4100,9657006,1.000000
2015-10-22,nvda,27.7300,28.4900,27.6900,28.3900,7640145,1.000000
2015-10-23,nvda,28.6500,28.7800,28.2200,28.5900,9518800,1.000000
2015-10-26,nvda,28.6100,28.6800,28.2000,28.4600,6097555,1.000000
2015-10-27,nvda,28.3200,28.6180,28.3000,28.4400,5142873,1.000000
2015-10-28,nvda,28.6200,28.6700,28.2000,28.6650,5409235,1.000000
2015-10-29,nvda,28.2100,28.5000,27.6300,27.6800,8174984,1.000000
2015-10-30,nvda,27.9800,28.5700,27.7700,28.3600,7488800,1.000000
2015-11-02,nvda,28.4600,28.7300,28.2900,28.7000,4722418,1.000000
2015-11-03,nvda,28.5300,28.6900,28.1800,28.5000,9406828,1.000000
2015-11-04,nvda,28.4200,28.6300,27.9000,28.0300,11039419,1.000000
2015-11-05,nvda,28.1700,28.2450,27.6300,27.7100,11564712,1.000000
2015-11-06,nvda,30.4500,31.9400,29.8200,31.5500,29267955,1.000000
2015-11-09,nvda,31.2400,31.5000,30.9700,31.4100,12312475,1.000000
2015-11-10,nvda,31.0000,31.1700,30.1500,30.8100,13774599,1.000000
2015-11-11,nvda,30.8300,31.0500,30.4000,30.5100,15497382,1.000000
2015-11-12,nvda,30.4400,30.7200,30.2700,30.4000,7142159,1.000000
2015-11-13,nvda,30.4300,30.5600,29.6500,29.8000,7308834,1.000000
2015-11-16,nvda,30.1900,30.4200,29.9500,30.4000,8564730,1.000000
2015-11-17,nvda,30.4800,30.6600,30.2740,30.4000,6396702,1.000000
2015-11-18,nvda,30.4100,31.0700,30.0750,31.0300,8714619,1.000000
2015-11-19,nvda,31.1400,31.4300,30.8900,31.1200,6348530,1.000000
2015-11-20,nvda,31.3500,31.5700,31.1600,31.3900,5988389,1.000000
2015-11-23,nvda,31.0400,31.6500,30.8050,30.9200,6061246,1.000000
2015-11-24,nvda,30.9200,31.4400,30.7800,31.1700,4870150,1.000000
2015-11-25,nvda,31.1100,31.4800,31.0200,31.1300,3457476,1.000000
2015-11-27,nvda,31.1900,31.4900,31.0300,31.3900,2175202,1.000000
2015-11-30,nvda,31.4200,31.8600,31.3900,31.7100,7930650,1.000000
2015-12-01,nvda,32.0000,32.7800,31.9700,32.7500,10219162,1.000000
2015-12-02,nvda,32.8000,33.1400,32.4300,32.5000,7348275,1.000000
2015-12-03,nvda,32.7600,33.1000,32.2700,32.4400,6165111,1.000000
2015-12-04,nvda,32.4300,33.8100,32.4300,33.7500,11422528,1.000000
2015-12-07,nvda,33.7400,33.7400,33.0100,33.1200,8323468,1.000000
2015-12-08,nvda,32.7000,33.7000,32.4900,33.5600,7850776,1.000000
2015-12-09,nvda,33.5500,33.7500,32.3700,32.7100,9299019,1.000000
2015-12-10,nvda,32.8100,33.1600,32.7000,32.9800,5902180,1.000000
2015-12-11,nvda,32.6500,32.8800,32.4200,32.4900,5642504,1.000000
2015-12-14,nvda,32.5200,32.7500,32.1800,32.5750,6902472,1.000000
2015-12-15,nvda,32.9400,33.2000,32.7600,32.9800,7656448,1.000000
2015-12-16,nvda,33.0400,33.2800,32.7500,33.1700,5876955,1.000000
2015-12-17,nvda,33.2200,33.5600,32.6500,32.6600,6352045,1.000000
2015-12-18,nvda,32.4400,32.7700,32.1000,32.1600,9737972,1.000000
2015-12-21,nvda,32.4900,32.9300,32.2000,32.8950,7066015,1.000000
2015-12-22,nvda,33.0000,33.2600,32.7300,32.9300,3234582,1.000000
2015-12-23,nvda,32.9800,33.1850,32.9200,33.0550,3055440,1.000000
2015-12-24,nvda,32.9600,33.2500,32.9100,33.1700,1311231,1.000000
2015-12-28,nvda,32.8200,33.1400,32.3600,33.1400,3550645,1.000000
2015-12-29,nvda,33.1600,33.7800,33.0700,33.6800,5090815,1.000000
2015-12-30,nvda,33.6500,33.9400,33.3800,33.3900,4505488,1.000000
2015-12-31,nvda,33.3400,33.4900,32.9600,32.9600,3702865,1.000000
2016-01-04,nvda,32.2900,32.5800,32.0400,32.3700,8914212,1.000000
2016-01-05,nvda,32.9800,33.4400,32.5000,32.8900,12237004,1.000000
2016-01-06,nvda,32.3500,32.5000,31.1600,31.5350,11225551,1.000000
2016-01-07,nvda,30.7400,30.9530,29.8800,30.2800,16124472,1.000000
2016-01-08,nvda,30.6700,30.7000,29.5650,29.6230,9948136,1.000000
2016-01-11,nvda,29.6600,29.8900,29.1500,29.6800,10234339,1.000000
2016-01-12,nvda,30.2100,30.6200,29.9700,30.1800,11714578,1.000000
2016-01-13,nvda,30.4100,30.6100,29.2300,29.2600,11999149,1.000000
2016-01-14,nvda,28.6600,29.0000,27.8200,28.6600,14981799,1.000000
2016-01-15,nvda,27.5200,27.8500,26.6400,27.1200,20983048,1.000000
2016-01-19,nvda,27.6700,28.4500,27.2150,27.3300,11265908,1.000000
2016-01-20,nvda,26.8100,27.8300,26.4500,27.4800,12002108,1.000000
2016-01-21,nvda,27.7800,28.2300,27.2100,27.7900,12036406,1.000000
2016-01-22,nvda,28.3300,28.6400,28.2700,28.4400,6449860,1.000000
2016-01-25,nvda,28.4400,28.7650,28.3550,28.4200,6764964,1.000000
2016-01-26,nvda,28.4800,28.8200,28.1850,28.7000,5699182,1.000000
2016-01-27,nvda,28.6600,28.7450,27.8150,28.3600,5791878,1.000000
2016-01-28,nvda,28.5900,28.6900,27.5000,28.0500,6919451,1.000000
2016-01-29,nvda,28.2900,29.3450,28.1800,29.2900,7761286,1.000000
2016-02-01,nvda,29.2600,29.4500,29.0100,29.3000,7246899,1.000000
2016-02-02,nvda,29.0000,29.1500,27.8600,28.0600,8547710,1.000000
2016-02-03,nvda,28.2800,28.4500,27.5500,28.2000,8169351,1.000000
2016-02-04,nvda,28.2400,28.8500,27.9300,28.2100,8703432,1.000000
2016-02-05,nvda,28.0200,28.3300,26.3500,26.4300,15009910,1.000000
2016-02-08,nvda,26.0300,26.1600,24.8500,25.2200,15220491,1.000000
2016-02-09,nvda,24.9200,26.5500,24.8000,25.4900,10633990,1.000000
2016-02-10,nvda,25.6500,26.3900,25.2900,25.4300,8394980,1.000000
2016-02-11,nvda,24.7800,25.5600,24.7800,25.3000,8503635,1.000000
2016-02-12,nvda,25.7000,25.7800,24.7500,25.7300,8520367,1.000000
2016-02-16,nvda,26.1000,27.0300,26.0200,26.9900,12122098,1.000000
2016-02-17,nvda,27.3300,27.9200,27.2200,27.6600,19213073,1.000000
2016-02-18,nvda,29.9300,30.9750,29.9000,30.0400,26715699,1.000000
2016-02-19,nvda,29.8800,30.7100,29.6500,30.4400,13136032,1.000000
2016-02-22,nvda,30.8800,31.8700,30.8200,31.5200,11241592,1.000000
2016-02-23,nvda,31.2700,31.9000,31.1200,31.6000,9233530,1.000000
2016-02-24,nvda,31.4700,31.8680,30.6000,31.8200,8420780,1.000000
2016-02-25,nvda,31.9400,32.0500,31.3200,31.8900,8740267,1.000000
2016-02-26,nvda,32.0400,32.1160,31.3600,31.6800,9048098,1.000000
2016-02-29,nvda,31.6100,32.0200,31.3400,31.3600,8083499,1.000000
2016-03-01,nvda,31.4400,32.7500,31.3900,32.7500,8715112,1.000000
2016-03-02,nvda,32.5700,33.0600,32.5100,32.9400,5845833,1.000000
2016-03-03,nvda,32.9000,33.0400,32.2100,32.6500,7546638,1.000000
2016-03-04,nvda,32.9000,32.9300,32.3000,32.5500,4382584,1.000000
2016-03-07,nvda,32.3700,32.5900,31.9150,32.3400,6005381,1.000000
2016-03-08,nvda,32.0100,32.2000,31.6450,31.7500,6873378,1.000000
2016-03-09,nvda,32.0300,32.0750,31.3200,31.7300,5569603,1.000000
2016-03-10,nvda,31.9200,32.1000,31.0400,31.6800,7151977,1.000000
2016-03-11,nvda,32.1500,32.2300,31.7700,32.2200,6934651,1.000000
2016-03-14,nvda,32.0700,32.4300,31.9200,32.3000,4757764,1.000000
2016-03-15,nvda,32.1300,32.3400,31.5700,32.1400,5655005,1.000000
2016-03-16,nvda,31.9000,33.2100,31.7500,33.1000,9089125,1.000000
2016-03-17,nvda,32.9800,33.1400,32.3740,32.8200,8841435,1.000000
2016-03-18,nvda,33.2100,34.2500,33.0000,33.8100,13637612,1.000000
2016-03-21,nvda,33.5100,33.9200,33.1500,33.9100,8444339,1.000000
2016-03-22,nvda,33.8000,34.0850,33.4300,33.8500,6049366,1.000000
2016-03-23,nvda,34.0000,34.6800,33.8500,34.4300,10725115,1.000000
2016-03-24,nvda,34.1200,34.5400,34.0100,34.4800,6123604,1.000000
2016-03-28,nvda,34.4200,34.9800,34.3800,34.8300,6630415,1.000000
2016-03-29,nvda,34.6800,35.4700,34.6000,35.3900,6544993,1.000000
2016-03-30,nvda,35.5200,36.2500,35.5000,35.7600,9417403,1.000000
2016-03-31,nvda,35.9200,36.0000,35.3500,35.6300,9495247,1.000000
2016-04-01,nvda,35.4100,36.1700,35.1400,36.1500,8701021,1.000000
2016-04-04,nvda,36.4500,36.6400,35.6600,35.8000,9848541,1.000000
2016-04-05,nvda,35.4800,36.0800,35.3400,35.7500,8482997,1.000000
2016-04-06,nvda,35.3000,35.8200,34.6300,35.8000,11331543,1.000000
2016-04-07,nvda,35.5700,35.8900,35.2800,35.4300,9452069,1.000000
2016-04-08,nvda,35.7200,35.9500,35.3050,35.6600,6398373,1.000000
2016-04-11,nvda,35.8700,36.4700,35.7600,35.8800,9685551,1.000000
2016-04-12,nvda,36.0000,36.0500,35.1400,35.8400,7315392,1.000000
2016-04-13,nvda,36.0000,36.7500,36.0000,36.7400,8767486,1.000000
2016-04-14,nvda,36.6400,37.0000,36.4900,36.8400,10411427,1.000000
2016-04-15,nvda,36.8300,37.4600,36.7120,37.1300,10924072,1.000000
2016-04-18,nvda,37.0600,37.0600,36.6100,36.9700,7682817,1.000000
2016-04-19,nvda,37.1100,37.1800,36.0800,36.3100,7723863,1.000000
2016-04-20,nvda,36.2500,36.6700,36.2100,36.4500,5004408,1.000000
2016-04-21,nvda,36.4600,36.6300,36.2500,36.4100,4451989,1.000000
2016-04-22,nvda,36.5300,36.7800,36.1450,36.2700,5587298,1.000000
2016-04-25,nvda,36.2800,36.6500,36.1800,36.4500,4799739,1.000000
2016-04-26,nvda,36.6700,37.0900,36.3200,36.4800,5361564,1.000000
2016-04-27,nvda,36.3900,37.3300,36.3230,37.3100,8807265,1.000000
2016-04-28,nvda,37.0800,37.3000,36.1100,36.2000,9530353,1.000000
2016-04-29,nvda,36.0500,36.1300,35.1400,35.5300,8046832,1.000000
2016-05-02,nvda,35.8700,36.2200,35.7000,36.0000,6401838,1.000000
2016-05-03,nvda,35.5900,35.7400,35.2610,35.5700,5600585,1.000000
2016-05-04,nvda,35.1400,35.1700,34.4000,34.7600,13143905,1.000000
2016-05-05,nvda,35.0500,35.3800,34.7100,34.9700,6167013,1.000000
2016-05-06,nvda,34.9100,35.4250,34.8400,35.3300,4579728,1.000000
2016-05-09,nvda,35.4200,35.5700,34.9900,35.2800,8330419,1.000000
2016-05-10,nvda,35.5000,36.0200,35.1600,35.9600,6735239,1.000000
2016-05-11,nvda,36.0700,36.4600,35.8700,36.0600,8179229,1.000000
2016-05-12,nvda,36.3200,36.4800,34.9300,35.5700,16684906,1.000000
2016-05-13,nvda,39.1900,41.0000,39.0000,40.9800,52750152,1.000000
2016-05-16,nvda,40.6700,42.8000,40.5400,42.1900,24314035,1.000000
2016-05-17,nvda,42.0000,42.5800,41.4600,42.2800,15703857,1.000000
2016-05-18,nvda,42.0000,43.8500,42.0000,43.3600,13524722,1.000000
2016-05-19,nvda,43.1900,43.8590,43.1300,43.5500,9971735,1.000000
2016-05-20,nvda,43.8200,44.5100,43.7500,44.3300,9768367,1.000000
2016-05-23,nvda,44.5200,44.6900,44.1300,44.4000,10336826,1.000000
2016-05-24,nvda,44.4200,45.5000,44.3000,45.3600,10392414,1.000000
2016-05-25,nvda,45.5000,45.6900,44.8100,45.1700,11466736,1.000000
2016-05-26,nvda,45.2500,45.9800,45.1200,45.6500,7744191,1.000000
2016-05-27,nvda,45.7000,45.9700,45.5500,45.9000,6934162,1.000000
2016-05-31,nvda,46.1000,46.8150,46.0700,46.7200,10301905,1.000000
2016-06-01,nvda,46.5000,47.2600,46.3600,46.8100,9664611,1.000000
2016-06-02,nvda,47.0600,47.5400,46.6000,47.1400,8215580,1.000000
2016-06-03,nvda,46.6800,46.7400,45.6600,46.4800,11526026,1.000000
2016-06-06,nvda,46.6000,46.9600,46.0000,46.2400,8060176,1.000000
2016-06-07,nvda,46.5200,46.7800,46.3100,46.3300,4833112,1.000000
2016-06-08,nvda,46.3400,46.5100,45.8000,46.1800,5861431,1.000000
2016-06-09,nvda,46.0200,47.4500,45.9200,47.3800,11798722,1.000000
2016-06-10,nvda,46.8200,47.2400,46.1400,46.2000,9999942,1.000000
2016-06-13,nvda,46.2500,47.6990,46.2500,46.7900,11888546,1.000000
2016-06-14,nvda,46.6800,47.1000,46.1550,46.8800,7447111,1.000000
2016-06-15,nvda,47.2700,47.7700,46.7500,47.3600,7503963,1.000000
2016-06-16,nvda,47.0100,47.6300,46.5510,47.5500,6159418,1.000000
2016-06-17,nvda,47.6100,47.6200,46.5300,46.7200,11774601,1.000000
2016-06-20,nvda,47.4700,48.1700,47.4400,47.5600,7324196,1.000000
2016-06-21,nvda,47.7600,47.8900,47.2000,47.2700,5292266,1.000000
2016-06-22,nvda,47.3700,47.6800,47.1500,47.2300,5045066,1.000000
2016-06-23,nvda,47.6800,48.5400,47.6500,48.4900,7438020,1.000000
2016-06-24,nvda,46.5000,47.3600,45.3000,45.7300,25438431,1.000000
2016-06-27,nvda,45.3500,45.6600,45.1800,45.4300,778021,1.000000
2016-06-28,nvda,46.1000,46.1500,45.2700,45.9000,9537230,1.000000
2016-06-29,nvda,46.3000,47.0100,46.1800,46.6500,7966279,1.000000
2016-06-30,nvda,46.7300,47.3000,46.3500,47.0100,10766725,1.000000
2016-07-01,nvda,46.7500,47.3600,46.5000,46.6600,5462048,1.000000
2016-07-05,nvda,46.4000,47.4300,46.0300,47.3500,9263345,1.000000
2016-07-06,nvda,47.0200,47.9250,46.7800,47.6500,6824474,1.000000
2016-07-07,nvda,47.9700,49.0600,47.7500,48.8900,9876420,1.000000
2016-07-08,nvda,49.4100,51.0910,49.2200,50.8500,12046321,1.000000
2016-07-11,nvda,51.5800,52.4000,51.5200,52.0200,11217095,1.000000
2016-07-12,nvda,52.6000,53.2800,51.9400,52.8000,10916492,1.000000
2016-07-13,nvda,52.9000,53.2000,52.7000,52.7800,8110913,1.000000
2016-07-14,nvda,53.0600,53.8000,52.6200,53.3200,7915882,1.000000
2016-07-15,nvda,52.6400,52.9350,51.8410,52.7000,10709078,1.000000
2016-07-18,nvda,53.3500,53.4300,52.7700,52.9700,6323971,1.000000
2016-07-19,nvda,52.9400,53.7290,52.8400,53.5200,9565207,1.000000
2016-07-20,nvda,53.7000,54.5050,53.4800,54.2200,7410737,1.000000
2016-07-21,nvda,54.1000,54.2700,53.0400,53.2200,9031195,1.000000
2016-07-22,nvda,53.4100,54.6700,53.0200,54.6700,7893267,1.000000
2016-07-25,nvda,55.0000,55.8100,54.7600,55.6800,7812128,1.000000
2016-07-26,nvda,56.1700,56.9200,56.0900,56.6300,12851730,1.000000
2016-07-27,nvda,57.1200,57.2200,55.7200,56.0600,11163959,1.000000
2016-07-28,nvda,56.1900,56.6000,56.0140,56.1800,5521695,1.000000
2016-07-29,nvda,56.3900,57.2500,55.3800,57.1000,10238177,1.000000
2016-08-01,nvda,57.3400,57.5500,56.3600,56.7300,7485519,1.000000
2016-08-02,nvda,57.0000,57.0300,55.5000,56.0400,7056358,1.000000
2016-08-03,nvda,55.9700,56.3000,55.6600,56.1900,7489585,1.000000
2016-08-04,nvda,56.4600,57.4900,56.3500,57.2300,6803980,1.000000
2016-08-05,nvda,57.8900,58.2300,57.6100,58.2000,9287436,1.000000
2016-08-08,nvda,59.0000,59.1400,58.1200,58.7400,7619857,1.000000
2016-08-09,nvda,59.0300,59.4600,58.7400,58.8900,9302198,1.000000
2016-08-10,nvda,59.4100,59.5000,58.3240,58.5100,9378074,1.000000
2016-08-11,nvda,58.8200,59.9500,58.7000,59.7000,16774279,1.000000
2016-08-12,nvda,61.9000,63.3800,60.6300,63.0400,35624227,1.000000
2016-08-15,nvda,63.1100,63.4960,62.1300,62.9800,14330328,1.000000
2016-08-16,nvda,62.8900,62.9900,62.4100,62.6000,7190588,1.000000
2016-08-17,nvda,62.6000,62.7400,60.6550,61.1500,14876517,1.000000
2016-08-18,nvda,61.0600,62.2000,60.8200,62.1000,8286231,1.000000
2016-08-19,nvda,62.0700,62.7300,61.8000,62.2600,7281832,1.000000
2016-08-22,nvda,62.4500,62.6120,61.7110,62.5200,6116999,1.000000
2016-08-23,nvda,63.0400,63.3200,62.7300,62.9100,8487181,1.000000
2016-08-24,nvda,63.1300,63.1600,61.6500,61.9400,7456880,1.000000
2016-08-25,nvda,61.9600,61.9900,60.7600,61.5300,10142685,1.000000
2016-08-26,nvda,61.6900,62.3800,61.2000,62.0300,7496312,1.000000
2016-08-29,nvda,62.2800,62.5300,61.8850,61.9900,6861171,1.000000
2016-08-30,nvda,61.9100,62.2430,61.4600,61.6300,7135670,1.000000
2016-08-31,nvda,61.7500,61.9200,61.1600,61.3400,9706761,1.000000
2016-09-01,nvda,61.3900,63.3800,61.3400,63.1500,10709463,1.000000
2016-09-02,nvda,63.2800,63.3500,61.8200,62.5300,8077455,1.000000
2016-09-06,nvda,62.7500,63.1200,62.4290,63.1200,7655186,1.000000
2016-09-07,nvda,62.9200,63.2290,61.8300,62.1900,9942178,1.000000
2016-09-08,nvda,62.1300,62.7400,61.4200,62.6400,7890543,1.000000
2016-09-09,nvda,61.9500,62.3000,59.0000,59.5200,17437874,1.000000
2016-09-12,nvda,58.7300,60.8650,57.3150,60.7500,14938741,1.000000
2016-09-13,nvda,60.6000,61.3000,59.5300,59.8700,11773355,1.000000
2016-09-14,nvda,60.0100,60.6000,59.5100,60.4000,7980662,1.000000
2016-09-15,nvda,60.5000,62.7600,60.3600,62.6900,12881609,1.000000
2016-09-16,nvda,62.9100,63.2500,62.1200,62.8400,22559887,1.000000
2016-09-19,nvda,63.5000,65.2600,63.2100,63.6700,10425296,1.000000
2016-09-20,nvda,64.4000,64.4000,62.7400,63.0900,8276230,1.000000
2016-09-21,nvda,63.2800,64.9800,63.2700,64.8600,8403883,1.000000
2016-09-22,nvda,65.2400,65.4400,64.6500,65.0200,7715064,1.000000
2016-09-23,nvda,65.1000,65.2900,64.6600,64.9500,6903181,1.000000
2016-09-26,nvda,64.2100,64.6000,63.5300,64.3400,5746435,1.000000
2016-09-27,nvda,64.0900,66.6400,64.0600,66.5400,10063740,1.000000
2016-09-28,nvda,66.6400,66.8300,65.9300,66.7800,7994306,1.000000
2016-09-29,nvda,66.6700,67.6100,66.0510,67.4000,8412745,1.000000
2016-09-30,nvda,67.7700,69.1900,67.3700,68.5200,10747055,1.000000
2016-10-03,nvda,68.5200,69.5100,68.3310,68.4500,6063080,1.000000
2016-10-04,nvda,68.5500,69.7000,67.7900,68.3000,7037380,1.000000
2016-10-05,nvda,68.8800,69.5800,68.0200,68.2300,7544730,1.000000
2016-10-06,nvda,67.4100,67.8300,66.2600,67.3400,8991473,1.000000
2016-10-07,nvda,67.7900,67.9700,66.6600,66.8500,7154340,1.000000
2016-10-10,nvda,67.2000,67.5600,66.4700,67.1000,7183910,1.000000
2016-10-11,nvda,66.8800,66.9800,65.6200,66.1300,9709158,1.000000
2016-10-12,nvda,65.8600,66.7790,65.3100,66.4300,10497911,1.000000
2016-10-13,nvda,65.6500,65.8000,63.7000,65.3500,9751170,1.000000
2016-10-14,nvda,66.1500,66.6000,65.6000,65.9900,8264837,1.000000
2016-10-17,nvda,65.9800,66.6000,65.5200,65.6100,4877011,1.000000
2016-10-18,nvda,66.5200,66.9900,66.2500,66.6100,6724595,1.000000
2016-10-19,nvda,66.1600,66.7800,65.8200,66.4700,4973452,1.000000
2016-10-20,nvda,67.2500,67.9500,66.3000,67.7300,7797236,1.000000
2016-10-21,nvda,67.4900,67.6600,66.9000,67.5400,6986947,1.000000
2016-10-24,nvda,68.0000,70.7900,67.9900,70.7100,8492096,1.000000
2016-10-25,nvda,70.5900,72.3000,70.2500,71.8700,9926066,1.000000
2016-10-26,nvda,71.2700,72.9500,71.2000,72.1600,8341773,1.000000
2016-10-27,nvda,72.7100,72.8500,70.3850,70.6800,9715117,1.000000
2016-10-28,nvda,71.0200,72.1000,70.4300,70.5600,7263182,1.000000
2016-10-31,nvda,70.7900,71.6250,70.7500,71.1600,6305374,1.000000
2016-11-01,nvda,71.4200,71.8100,68.2900,69.0500,11822570,1.000000
2016-11-02,nvda,69.5800,70.5200,68.6360,68.7600,7390207,1.000000
2016-11-03,nvda,69.0800,69.1400,66.6400,67.9600,7728598,1.000000
2016-11-04,nvda,67.5100,68.7310,66.5750,67.5700,8210645,1.000000
2016-11-07,nvda,69.5500,71.7200,69.5000,71.2700,12187064,1.000000
2016-11-08,nvda,71.5400,71.7700,70.5000,71.1600,10726913,1.000000
2016-11-09,nvda,69.2300,70.9000,68.7200,69.9600,11407179,1.000000
2016-11-10,nvda,71.4900,71.5000,66.7600,67.7700,20842035,1.000000
2016-11-11,nvda,79.5100,88.7700,78.5000,87.9700,54364518,1.000000
2016-11-14,nvda,88.0900,88.1900,83.6200,83.6400,33707148,1.000000
2016-11-15,nvda,84.2900,87.4500,83.9300,86.1900,15596004,1.000000
2016-11-16,nvda,87.3400,92.5550,86.3450,91.6300,24688683,1.000000
2016-11-17,nvda,92.3100,94.7920,90.6500,92.3900,20811472,1.000000
2016-11-18,nvda,92.3900,94.3300,91.8000,93.3600,14386927,1.000000
2016-11-21,nvda,94.0900,94.3500,92.4000,92.9800,10904984,1.000000
2016-11-22,nvda,93.3000,93.7400,92.3800,93.6500,8250742,1.000000
2016-11-23,nvda,93.7200,95.2500,92.7700,93.9700,11075026,1.000000
2016-11-25,nvda,94.4200,95.1000,93.4100,94.1600,4889078,1.000000
2016-11-28,nvda,93.8700,94.7400,93.6000,94.1100,6963204,1.000000
2016-11-29,nvda,94.0000,94.4400,92.5300,93.2500,11104519,1.000000
2016-11-30,nvda,93.6000,94.1600,92.1000,92.2000,11004061,1.000000
2016-12-01,nvda,92.1000,92.1700,84.7700,87.6400,25874812,1.000000
2016-12-02,nvda,86.2500,88.8000,85.1200,88.4500,11945766,1.000000
2016-12-05,nvda,89.9900,92.6100,89.0000,91.8800,15043399,1.000000
2016-12-06,nvda,92.2100,93.7300,91.5700,93.3900,12463213,1.000000
2016-12-07,nvda,92.8400,95.3000,92.1000,95.0700,12010341,1.000000
2016-12-08,nvda,95.1900,96.6200,93.0530,93.4800,9533039,1.000000
2016-12-09,nvda,94.2000,94.2700,90.7100,91.8200,9555282,1.000000
2016-12-12,nvda,89.8500,89.9500,87.5400,89.5900,15021421,1.000000
2016-12-13,nvda,90.0900,92.2900,90.0500,91.1700,9653798,1.000000
2016-12-14,nvda,92.5400,97.1100,91.5700,96.4500,24579093,1.000000
2016-12-15,nvda,96.9000,99.9400,96.6000,98.7100,18657125,1.000000
2016-12-16,nvda,99.8300,100.7000,97.7260,100.4100,27223645,1.000000
2016-12-19,nvda,99.7000,102.4500,99.0000,101.6300,18607268,1.000000
2016-12-20,nvda,104.5800,106.1300,104.1200,105.1700,21175849,1.000000
2016-12-21,nvda,105.6400,105.9500,103.7100,105.8300,14393072,1.000000
2016-12-22,nvda,106.8200,108.8700,106.5300,107.1100,17955187,1.000000
2016-12-23,nvda,106.3800,109.8350,106.2700,109.7800,16182022,1.000000
2016-12-27,nvda,112.0600,117.3600,111.2200,117.3200,29758405,1.000000
2016-12-28,nvda,119.6000,119.9300,108.6900,109.2500,57184487,1.000000
2016-12-29,nvda,104.9000,111.4900,102.8000,111.4300,54150999,1.000000
2016-12-30,nvda,111.3500,111.9200,106.3000,106.7400,30283509,1.000000
2017-01-03,nvda,104.4000,106.3700,99.3800,102.0100,37512679,1.000000
2017-01-04,nvda,103.4000,105.5000,101.5300,104.3900,29943775,1.000000
2017-01-05,nvda,104.5300,105.8200,101.0500,101.7400,24591303,1.000000
2017-01-06,nvda,102.8500,104.2500,101.2000,103.1000,20562576,1.000000
2017-01-09,nvda,103.5000,108.0000,103.5000,107.2800,22881853,1.000000
2017-01-10,nvda,107.8100,109.1900,105.6300,106.4700,21998612,1.000000
2017-01-11,nvda,106.0000,106.2000,104.1500,105.1600,13129514,1.000000
2017-01-12,nvda,104.2300,104.7000,101.6200,103.4400,15628384,1.000000
2017-01-13,nvda,103.6000,105.0000,103.0600,103.4300,11440276,1.000000
2017-01-17,nvda,103.0000,103.2000,100.5700,101.1100,14508642,1.000000
2017-01-18,nvda,100.2400,103.2300,99.1100,102.9500,16336849,1.000000
2017-01-19,nvda,103.0700,106.4600,102.9800,105.1600,16108077,1.000000
2017-01-20,nvda,106.0800,106.8000,103.1200,104.0100,12268528,1.000000
2017-01-23,nvda,103.8000,105.9000,103.7000,105.0900,9155590,1.000000
2017-01-24,nvda,105.5000,107.5800,104.9000,107.3300,10678780,1.000000
2017-01-25,nvda,109.0500,109.3000,106.3350,107.7900,13075187,1.000000
2017-01-26,nvda,107.9000,109.9500,106.7000,109.6500,11460650,1.000000
2017-01-27,nvda,109.9300,111.8900,108.8500,111.7700,11784873,1.000000
2017-01-30,nvda,110.9200,111.0100,107.9110,110.0200,12392716,1.000000
2017-01-31,nvda,108.9500,110.0500,108.2000,109.1800,9054363,1.000000
2017-02-01,nvda,110.5800,114.1200,109.8600,113.9500,14715468,1.000000
2017-02-02,nvda,113.3000,115.7400,112.0600,115.3900,12067961,1.000000
2017-02-03,nvda,115.4500,115.9000,113.9000,114.3800,9313178,1.000000
2017-02-06,nvda,114.0000,117.3260,114.0000,117.3100,12656428,1.000000
2017-02-07,nvda,118.7000,120.9200,117.9000,119.1300,18635052,1.000000
2017-02-08,nvda,118.4000,119.3100,116.3800,118.6100,11226344,1.000000
2017-02-09,nvda,118.8600,119.0600,115.6000,116.3800,20245832,1.000000
2017-02-10,nvda,119.9300,120.7000,112.6000,113.6200,41251724,1.000000
2017-02-13,nvda,113.3900,113.9800,108.2000,108.3800,29470204,1.000000
2017-02-14,nvda,107.9900,110.1500,106.2900,108.7800,21258786,1.000000
2017-02-15,nvda,108.9000,109.8000,107.7600,109.0000,9315475,1.000000
2017-02-16,nvda,109.3900,109.4400,105.6600,107.2500,16157681,1.000000
2017-02-17,nvda,106.7000,107.4100,104.7900,107.2300,14075168,1.000000
2017-02-21,nvda,108.2300,111.2300,108.2200,111.0700,13787964,1.000000
2017-02-22,nvda,111.4200,111.8000,109.9900,110.7600,10708673,1.000000
2017-02-23,nvda,105.5000,106.3900,99.6800,100.4900,39565003,1.000000
2017-02-24,nvda,97.0700,102.0000,95.7000,101.4600,25726634,1.000000
2017-02-27,nvda,102.2000,105.0200,101.5600,104.4100,17875993,1.000000
2017-02-28,nvda,104.8000,105.2000,100.7750,101.4800,15623950,1.000000
2017-03-01,nvda,103.7900,104.3700,101.1100,102.7900,12610627,1.000000
2017-03-02,nvda,102.2700,102.8400,98.8900,99.0000,18833348,1.000000
2017-03-03,nvda,98.5700,98.7700,96.2200,98.4300,21625570,1.000000
2017-03-06,nvda,96.9600,98.1000,95.1700,97.6700,22078287,1.000000
2017-03-07,nvda,97.6700,99.5300,97.1500,98.7400,15069850,1.000000
2017-03-08,nvda,100.7000,101.3000,98.4700,98.5600,15526253,1.000000
2017-03-09,nvda,97.9100,99.4500,97.4000,98.5400,11943861,1.000000
2017-03-10,nvda,99.6100,100.0900,98.3800,99.1200,12480552,1.000000
2017-03-13,nvda,99.5400,102.2500,99.5100,101.8500,19328844,1.000000
2017-03-14,nvda,102.3700,102.7500,100.4700,101.7800,13011898,1.000000
2017-03-15,nvda,102.2500,102.9900,100.3200,102.5500,15362480,1.000000
2017-03-16,nvda,102.9800,103.8300,102.4100,103.8100,12991181,1.000000
2017-03-17,nvda,104.5200,106.1200,103.8100,106.0700,27946731,1.000000
2017-03-20,nvda,106.7800,109.6100,106.1300,109.4500,18696547,1.000000
2017-03-21,nvda,108.7500,109.9600,105.5850,105.9100,22809254,1.000000
2017-03-22,nvda,105.4600,108.2600,105.3000,108.0700,15395481,1.000000
2017-03-23,nvda,107.7500,108.5570,106.7000,107.0900,13323548,1.000000
2017-03-24,nvda,108.9700,109.2900,106.4200,107.4700,10978977,1.000000
2017-03-27,nvda,105.5800,108.4050,103.5750,108.2500,12654870,1.000000
2017-03-28,nvda,108.3000,108.8900,107.2700,107.6900,10808135,1.000000
2017-03-29,nvda,107.9900,108.4900,107.2500,107.3400,8743433,1.000000
2017-03-30,nvda,107.6300,110.0000,107.4000,109.4000,13114980,1.000000
2017-03-31,nvda,109.0100,109.8900,108.4020,108.9300,11013444,1.000000
2017-04-03,nvda,108.9500,109.6500,107.4200,108.3800,11124484,1.000000
2017-04-04,nvda,103.4000,104.4200,100.3400,100.7800,31724917,1.000000
2017-04-05,nvda,100.0150,102.3700,99.5000,100.0300,18655213,1.000000
2017-04-06,nvda,100.2400,101.2500,98.4100,100.7600,15861955,1.000000
2017-04-07,nvda,101.0200,101.7300,99.7200,100.3300,10640414,1.000000
2017-04-10,nvda,100.3600,100.6300,97.6000,97.7700,18881804,1.000000
2017-04-11,nvda,96.5500,98.9000,96.3500,98.1200,15445106,1.000000
2017-04-12,nvda,98.1200,98.7000,97.1000,97.3100,10341113,1.000000
2017-04-13,nvda,96.3300,97.2100,95.4900,95.4900,12656452,1.000000
2017-04-17,nvda,96.0100,99.2400,95.8000,99.2300,12419751,1.000000
2017-04-18,nvda,98.6500,99.5400,97.6000,99.2900,9242841,1.000000
2017-04-19,nvda,100.0000,100.9800,99.4100,99.6800,9515806,1.000000
2017-04-20,nvda,100.2700,101.4460,99.4100,101.2600,10093751,1.000000
2017-04-21,nvda,100.8400,101.7900,100.3600,101.6800,8539511,1.000000
2017-04-24,nvda,102.9600,103.4800,102.1100,102.9500,9287415,1.000000
2017-04-25,nvda,103.5400,105.3300,102.6700,104.7400,9704969,1.000000
2017-04-26,nvda,105.2900,105.3900,103.9400,104.0200,8165303,1.000000
2017-04-27,nvda,104.3200,105.9800,103.5900,105.6400,7985403,1.000000
2017-04-28,nvda,105.3600,105.6400,104.0700,104.3000,8699107,1.000000
2017-05-01,nvda,104.7400,106.8500,104.4500,106.6400,7679454,1.000000
2017-05-02,nvda,105.5500,105.5960,102.5600,103.4800,15618994,1.000000
2017-05-03,nvda,103.2000,104.6400,102.6000,104.2500,8401582,1.000000
2017-05-04,nvda,104.5000,104.9500,103.5300,103.8500,5239266,1.000000
2017-05-05,nvda,103.3800,104.1500,102.7500,103.8600,5697354,1.000000
2017-05-08,nvda,104.3400,104.4000,102.3100,102.7700,9113175,1.000000
2017-05-09,nvda,103.0000,104.9300,102.6600,102.9400,19279651,1.000000
2017-05-10,nvda,114.2900,121.8200,114.0200,121.2900,53133393,1.000000
2017-05-11,nvda,120.0500,130.4300,119.9100,126.5000,48382716,1.000000
2017-05-12,nvda,126.6300,129.6000,125.7800,127.8900,24044126,1.000000
2017-05-15,nvda,129.5600,134.4100,129.3800,134.3100,27094724,1.000000
2017-05-16,nvda,136.3800,137.4400,133.3640,136.8100,27977436,1.000000
2017-05-17,nvda,134.1000,134.8600,127.5500,127.7200,31714182,1.000000
2017-05-18,nvda,129.5000,133.4300,127.0500,133.0700,28839592,1.000000
2017-05-19,nvda,137.0250,138.2200,135.2200,136.0000,25433542,1.000000
2017-05-22,nvda,137.7700,139.4800,137.3300,138.9000,20886491,1.000000
2017-05-23,nvda,139.7000,139.7900,135.7100,137.0300,17015055,1.000000
2017-05-24,nvda,140.9600,141.0700,138.0800,138.5700,20417933,1.000000
2017-05-25,nvda,140.0000,140.0300,136.4400,138.2600,15184630,1.000000
2017-05-26,nvda,137.9300,145.2800,137.1100,141.8400,19452040,1.000000
2017-05-30,nvda,143.7000,146.2910,143.0500,144.8700,24694681,1.000000
2017-05-31,nvda,146.6900,147.0000,142.0500,144.3500,22100005,1.000000
2017-06-01,nvda,144.9900,145.0300,142.5200,144.3600,12512236,1.000000
2017-06-02,nvda,144.2400,145.3000,143.4000,143.6400,12175419,1.000000
2017-06-05,nvda,142.9800,148.5300,142.5100,148.0100,20402188,1.000000
2017-06-06,nvda,147.8200,149.6900,146.8000,147.3400,18957022,1.000000
2017-06-07,nvda,148.3300,149.8800,147.7000,149.1200,15165710,1.000000
2017-06-08,nvda,153.4600,160.0000,151.7900,159.9400,28783052,1.000000
2017-06-09,nvda,164.7400,168.5000,142.7500,149.6000,92213812,1.000000
2017-06-12,nvda,145.8800,151.7000,142.1100,149.9700,42294413,1.000000
2017-06-13,nvda,154.4000,154.7700,145.6500,151.4000,41744600,1.000000
2017-06-14,nvda,151.5200,154.0600,148.5000,151.7200,29524299,1.000000
2017-06-15,nvda,146.9600,153.6000,146.5000,152.3700,24001307,1.000000
2017-06-16,nvda,152.7600,154.7000,150.2400,151.6200,23022247,1.000000
2017-06-19,nvda,153.4100,157.5300,153.2600,157.3200,19355350,1.000000
2017-06-20,nvda,159.0300,161.7400,156.9200,157.0900,27358290,1.000000
2017-06-21,nvda,158.2100,159.6200,155.7000,159.4700,17012603,1.000000
2017-06-22,nvda,159.8000,160.3400,157.4000,158.3700,11714722,1.000000
2017-06-23,nvda,158.6800,159.3200,153.2200,153.8300,27184646,1.000000
2017-06-26,nvda,155.1600,156.6000,148.3300,152.1500,26585889,1.000000
2017-06-27,nvda,151.4400,151.7900,146.3500,146.5800,24949872,1.000000
2017-06-28,nvda,149.3200,151.9400,145.7500,151.7500,24832485,1.000000
2017-06-29,nvda,150.6000,150.7200,144.0800,146.6800,26527919,1.000000
2017-06-30,nvda,147.3800,147.9300,143.5000,144.5600,18246839,1.000000
2017-07-03,nvda,145.0500,145.6540,138.5800,139.3300,17726821,1.000000
2017-07-05,nvda,141.9000,144.2200,141.1300,143.0500,20474743,1.000000
2017-07-06,nvda,141.8700,145.3800,139.7600,143.4800,18622729,1.000000
2017-07-07,nvda,145.7800,147.5000,144.8500,146.7600,16304134,1.000000
2017-07-10,nvda,149.7400,154.0000,148.6840,153.7000,23888500,1.000000
2017-07-11,nvda,153.8500,156.1900,152.1500,155.8800,18921031,1.000000
2017-07-12,nvda,158.3000,163.0000,156.5600,162.5100,28501484,1.000000
2017-07-13,nvda,163.0000,166.3000,158.7500,160.6300,34186185,1.000000
2017-07-14,nvda,161.2900,165.0100,161.0100,164.9500,23525493,1.000000
2017-07-17,nvda,166.3300,167.5000,161.7500,164.2500,23143480,1.000000
2017-07-18,nvda,161.7800,166.5500,161.3000,165.9600,19398597,1.000000
2017-07-19,nvda,166.3300,167.4000,164.6100,165.1000,17120749,1.000000
2017-07-20,nvda,165.9300,167.5100,163.9120,167.5000,17413988,1.000000
2017-07-21,nvda,166.6700,169.3000,166.0900,168.1000,15957936,1.000000
2017-07-24,nvda,168.3900,168.7800,165.7200,166.1500,16233928,1.000000
2017-07-25,nvda,165.2200,165.9300,163.5810,165.3500,12341768,1.000000
2017-07-26,nvda,167.6800,169.9270,165.8500,167.2600,15973140,1.000000
2017-07-27,nvda,168.2700,168.7400,157.5600,161.7400,19075823,1.000000
2017-07-28,nvda,160.2900,165.3800,159.2800,164.3900,12821839,1.000000
2017-07-31,nvda,164.9400,166.4000,160.6200,162.5100,13960977,1.000000
2017-08-01,nvda,162.1250,164.5600,161.0000,164.4900,10749776,1.000000
2017-08-02,nvda,165.7500,165.9100,161.2700,164.3900,11644369,1.000000
2017-08-03,nvda,164.3700,166.6300,163.6800,166.4800,11048074,1.000000
2017-08-04,nvda,167.4000,170.0700,166.4800,167.2100,14710048,1.000000
2017-08-07,nvda,168.3900,172.3700,168.0000,172.3500,17864912,1.000000
2017-08-08,nvda,173.8900,174.5600,168.7100,170.3000,18804172,1.000000
2017-08-09,nvda,168.4300,172.2100,167.6700,172.1100,13194431,1.000000
2017-08-10,nvda,172.1600,172.6600,164.3300,164.7400,32091199,1.000000
2017-08-11,nvda,157.1400,159.0000,152.9100,155.9600,37388072,1.000000
2017-08-14,nvda,159.6700,168.5500,159.2000,168.4000,31889368,1.000000
2017-08-15,nvda,168.6100,169.6700,165.5900,166.9800,19081208,1.000000
2017-08-16,nvda,167.5900,168.5400,163.8400,165.1500,14885126,1.000000
2017-08-17,nvda,164.8100,165.5000,161.3800,161.4700,13047846,1.000000
2017-08-18,nvda,163.6700,164.3600,159.6400,161.5000,15010470,1.000000
2017-08-21,nvda,162.4900,162.9500,157.3700,159.1500,15569227,1.000000
2017-08-22,nvda,160.4900,162.7900,159.7100,162.5500,11231749,1.000000
2017-08-23,nvda,161.2000,166.2500,160.8500,165.8000,14462095,1.000000
2017-08-24,nvda,167.1000,167.2800,164.1200,165.1900,11724551,1.000000
2017-08-25,nvda,166.1700,166.5800,163.5500,163.8100,8912047,1.000000
2017-08-28,nvda,164.5800,165.1000,162.3300,164.9700,9659049,1.000000
2017-08-29,nvda,162.5900,165.5800,162.2610,164.7000,8077471,1.000000
2017-08-30,nvda,165.5000,166.1300,164.2700,165.6800,9567398,1.000000
2017-08-31,nvda,166.5000,169.6000,166.2000,169.4400,15301727,1.000000
2017-09-01,nvda,169.9500,171.9000,169.6000,170.4600,11129443,1.000000
2017-09-05,nvda,168.3800,168.5840,163.5630,165.9100,17394331,1.000000
2017-09-06,nvda,167.2400,167.8000,164.4000,165.8100,9897415,1.000000
2017-09-07,nvda,166.4900,167.8900,164.9500,166.5800,8813337,1.000000
2017-09-08,nvda,166.1100,166.7100,162.7100,163.6900,12415336,1.000000
2017-09-11,nvda,165.5400,169.4330,165.3200,169.0000,14163950,1.000000
2017-09-12,nvda,170.0000,170.0000,166.9700,169.6100,10269251,1.000000
2017-09-13,nvda,168.5900,171.5400,167.2800,170.3700,14504223,1.000000
2017-09-14,nvda,168.7900,172.5600,167.8000,169.4000,12791830,1.000000
2017-09-15,nvda,172.8600,180.1100,172.6500,180.1100,33957797,1.000000
2017-09-18,nvda,185.1400,191.2000,184.8600,187.5500,41908629,1.000000
2017-09-19,nvda,185.5100,189.8500,184.6150,187.3500,21800794,1.000000
2017-09-20,nvda,187.5000,189.4200,184.2100,185.8400,17419581,1.000000
2017-09-21,nvda,181.6400,182.7000,177.6100,180.7600,26865757,1.000000
2017-09-22,nvda,180.3000,182.3100,178.6000,179.0000,12263212,1.000000
2017-09-25,nvda,177.7500,177.8000,170.1600,171.0000,21828097,1.000000
2017-09-26,nvda,176.4500,178.6800,170.3500,171.9600,28094230,1.000000
2017-09-27,nvda,175.6200,176.2700,172.7500,175.7300,17759420,1.000000
2017-09-28,nvda,176.0200,176.1800,173.7600,175.6800,10864533,1.000000
2017-09-29,nvda,179.0800,179.7300,177.2500,178.7700,15456495,1.000000
2017-10-02,nvda,180.8000,181.9800,177.0000,179.0000,12568102,1.000000
2017-10-03,nvda,179.2500,180.5800,177.5800,179.3700,9737108,1.000000
2017-10-04,nvda,179.6200,181.7700,178.1400,180.8700,10681337,1.000000
2017-10-05,nvda,181.8600,182.0000,179.5600,180.7700,10911611,1.000000
2017-10-06,nvda,179.6500,181.8400,179.0000,181.3000,7952365,1.000000
2017-10-09,nvda,182.7900,186.7300,182.0300,185.3900,14025740,1.000000
2017-10-10,nvda,191.4300,192.9500,187.2600,188.9300,24322866,1.000000
2017-10-11,nvda,189.6000,191.0000,187.7400,190.9400,13208122,1.000000
2017-10-12,nvda,191.0800,193.0900,189.9300,191.0300,13138739,1.000000
2017-10-13,nvda,193.5500,195.0000,191.6500,194.5900,15688113,1.000000
2017-10-16,nvda,195.8000,198.0480,193.2400,197.9300,14356603,1.000000
2017-10-17,nvda,197.0900,198.9000,196.3500,197.7500,11630729,1.000000
2017-10-18,nvda,198.1100,198.1400,193.3200,197.5800,14159376,1.000000
2017-10-19,nvda,194.4400,198.0000,192.4500,197.8000,14179172,1.000000
2017-10-20,nvda,198.4900,199.5900,196.5400,196.9000,11259456,1.000000
2017-10-23,nvda,197.7800,198.8500,195.8000,196.6200,10694529,1.000000
2017-10-24,nvda,196.9900,198.7500,195.9400,198.6800,10103775,1.000000
2017-10-25,nvda,197.0800,199.2200,191.1700,193.6600,20679872,1.000000
2017-10-26,nvda,194.7800,196.1600,193.8100,195.6900,8019214,1.000000
2017-10-27,nvda,197.8000,201.8700,196.7500,201.8600,14284864,1.000000
2017-10-30,nvda,201.8600,206.0900,201.2200,203.8400,12583789,1.000000
2017-10-31,nvda,205.1300,207.8900,204.9000,206.8100,10259638,1.000000
2017-11-01,nvda,209.3500,209.9700,204.6000,207.2000,12469992,1.000000
2017-11-02,nvda,206.0000,207.8100,203.6500,205.9400,8539769,1.000000
2017-11-03,nvda,207.2000,208.6900,205.3410,208.6900,8814243,1.000000
2017-11-06,nvda,207.2000,209.9800,206.7000,209.6300,9731783,1.000000
2017-11-07,nvda,210.5500,212.9000,210.0560,212.0300,10671815,1.000000
2017-11-08,nvda,211.8500,212.0000,207.2400,209.1600,13033902,1.000000
2017-11-09,nvda,205.2700,206.3300,200.3700,205.3200,23895013,1.000000
2017-11-10,nvda,213.0800,218.6700,211.6300,216.1400,31300857,1.000000
2017-11-13,nvda,216.1400,217.1700,212.0100,212.6300,14531217,1.000000
2017-11-14,nvda,213.0000,214.8000,211.2300,214.1800,13201083,1.000000
2017-11-15,nvda,211.9500,212.0000,207.8000,209.9800,12515813,1.000000
2017-11-16,nvda,212.9800,214.2000,211.2500,211.6100,10989696,1.000000
2017-11-17,nvda,213.9200,215.3500,210.7500,211.3600,12872272,1.000000
2017-11-20,nvda,211.9900,214.5700,210.5000,214.0800,9873259,1.000000
2017-11-21,nvda,215.6900,216.5200,214.4000,216.0500,9959257,1.000000
2017-11-22,nvda,217.0000,217.0000,213.6100,214.9300,8910090,1.000000
2017-11-24,nvda,215.5900,217.0000,214.6000,216.9600,4518800,1.000000
2017-11-27,nvda,217.3100,217.3600,214.0100,214.1400,10560354,1.000000
2017-11-28,nvda,214.3500,214.7300,208.2400,210.7100,12799193,1.000000
2017-11-29,nvda,210.0100,210.1230,191.2300,196.4200,34877919,1.000000
2017-11-30,nvda,199.2000,202.6800,196.6500,200.7100,20575131,1.000000
2017-12-01,nvda,199.3100,200.1300,192.4700,197.6800,20251653,1.000000
2017-12-04,nvda,200.0500,200.3000,184.5000,186.6600,30974618,1.000000
2017-12-05,nvda,182.4000,192.7000,180.5800,187.7400,24515170,1.000000
2017-12-06,nvda,185.7000,190.1400,184.8400,189.2600,11605358,1.000000
2017-12-07,nvda,191.9600,193.6000,190.1200,191.9900,13394470,1.000000
2017-12-08,nvda,194.0100,194.7800,191.1500,191.4900,11533641,1.000000
2017-12-11,nvda,192.0600,194.7800,191.4200,194.6600,9272655,1.000000
2017-12-12,nvda,192.9000,193.8400,189.8900,190.8400,11340791,1.000000
2017-12-13,nvda,192.5000,192.5500,185.8800,186.1800,13828928,1.000000
2017-12-14,nvda,185.9200,189.3400,184.6000,186.4700,10924340,1.000000
2017-12-15,nvda,188.2510,192.3800,185.6200,191.5600,16718597,1.000000
2017-12-18,nvda,193.2000,198.0200,192.0000,197.9000,11893057,1.000000
2017-12-19,nvda,197.5200,197.7300,194.9600,196.1100,9289621,1.000000
2017-12-20,nvda,197.7000,198.0700,194.5500,196.8000,7213506,1.000000
2017-12-21,nvda,196.9400,197.9500,195.5500,195.8900,7511918,1.000000
2017-12-22,nvda,194.4000,195.6500,191.2500,195.2700,11645845,1.000000
2017-12-26,nvda,193.0300,197.7500,191.8200,197.4400,8859286,1.000000
2017-12-27,nvda,196.9000,199.9700,196.3100,197.1700,8220926,1.000000
2017-12-28,nvda,198.1300,199.3800,197.1510,197.4000,5999410,1.000000
2017-12-29,nvda,198.4600,198.4600,193.5000,193.5000,6981905,1.000000
2018-01-02,nvda,195.7800,199.5000,194.5000,199.3500,8817897,1.000000
2018-01-03,nvda,204.1000,213.7000,203.7500,212.4700,22760854,1.000000
2018-01-04,nvda,215.7600,218.0500,212.6900,213.5900,14553510,1.000000
2018-01-05,nvda,214.1900,216.9100,211.0800,215.4000,14431201,1.000000
2018-01-08,nvda,220.4000,225.0000,218.5800,222.0000,21775856,1.000000
2018-01-09,nvda,222.2200,223.8200,218.6400,221.9400,12411975,1.000000
2018-01-10,nvda,218.2000,223.8200,216.0000,223.6800,14543214,1.000000
2018-01-11,nvda,225.0000,226.2700,223.2100,224.0800,10134236,1.000000
2018-01-12,nvda,223.6000,224.9900,221.3400,222.9800,8986894,1.000000
2018-01-16,nvda,224.0500,227.5100,216.6900,220.1100,17255719,1.000000
2018-01-17,nvda,220.7000,225.1200,216.9000,224.7200,13434086,1.000000
2018-01-18,nvda,223.9400,226.6400,222.6800,224.4400,10184295,1.000000
2018-01-19,nvda,228.0900,231.0900,227.0000,230.1100,14751178,1.000000
2018-01-22,nvda,230.4300,233.7600,228.1000,233.6900,13736032,1.000000
2018-01-23,nvda,235.8500,239.8300,235.1010,238.9100,11814433,1.000000
2018-01-24,nvda,239.0400,240.4940,233.5500,235.8000,14498627,1.000000
2018-01-25,nvda,238.0000,239.7500,235.7500,236.3500,10222652,1.000000
2018-01-26,nvda,238.1200,243.3400,237.6000,243.3300,12878355,1.000000
2018-01-29,nvda,242.7400,248.1100,240.6100,246.8500,11360851,1.000000
2018-01-30,nvda,241.1100,246.4200,238.4100,242.7200,14238476,1.000000
2018-01-31,nvda,245.7700,249.2700,244.4500,245.8000,11917940,1.000000
2018-02-01,nvda,238.5200,246.9000,238.0600,240.5000,12900934,1.000000
2018-02-02,nvda,237.0000,237.9700,231.1700,233.5200,17895382,1.000000
2018-02-05,nvda,227.0000,233.2300,205.0000,213.7000,28996689,1.000000
2018-02-06,nvda,204.4000,225.7000,204.0000,225.5800,27654056,1.000000
2018-02-07,nvda,229.5800,234.9700,226.7000,228.8000,20033888,1.000000
2018-02-08,nvda,233.8800,235.2200,217.5100,217.5200,27541308,1.000000
2018-02-09,nvda,238.2500,238.8900,217.5200,232.0800,41818736,1.000000
2018-02-12,nvda,235.3550,235.4800,225.0310,228.0300,27256957,1.000000
2018-02-13,nvda,226.5600,234.5000,225.2500,232.6300,15619278,1.000000
2018-02-14,nvda,231.0000,242.5930,230.5500,241.4200,18580355,1.000000
2018-02-15,nvda,244.7850,248.3700,241.5200,246.5000,17429036,1.000000
2018-02-16,nvda,245.4000,250.0000,243.4700,243.8400,15926736,1.000000
2018-02-20,nvda,244.7500,251.8700,244.6000,249.0800,17134687,1.000000
2018-02-21,nvda,251.6900,251.9680,241.3600,241.5100,21115593,1.000000
2018-02-22,nvda,242.7300,245.6300,239.5000,242.1500,13335356,1.000000
2018-02-23,nvda,244.5700,245.9300,242.5200,245.9300,10350432,1.000000
2018-02-26,nvda,247.8000,247.9800,244.0600,246.5800,11679487,1.000000
2018-02-27,nvda,245.5000,248.9100,245.1300,246.0600,11359848,1.000000
2018-02-28,nvda,246.5000,248.1000,241.5300,242.0000,13020323,1.000000
2018-03-01,nvda,241.9100,244.0900,228.1250,232.2100,25987782,1.000000
2018-03-02,nvda,227.8600,236.8000,221.8500,236.5400,22811323,1.000000
2018-03-05,nvda,234.5100,237.2500,229.5210,235.6500,15491504,1.000000
2018-03-06,nvda,239.1000,242.9400,237.3600,242.1600,15679806,1.000000
2018-03-07,nvda,238.0000,243.9500,237.9500,241.8400,14517518,1.000000
2018-03-08,nvda,242.9500,242.9500,239.3910,241.1800,10216523,1.000000
2018-03-09,nvda,243.1000,245.8500,242.4500,245.3300,12626134,1.000000
2018-03-12,nvda,247.0000,253.0000,246.6720,249.7600,15095236,1.000000
2018-03-13,nvda,251.4900,254.5000,246.0400,247.7100,15463859,1.000000
2018-03-14,nvda,249.4500,250.5500,246.2200,248.7400,12611593,1.000000
2018-03-15,nvda,249.2900,252.6200,247.6400,249.3400,10028146,1.000000
2018-03-16,nvda,250.0000,251.2500,248.4800,250.4800,9979053,1.000000
2018-03-19,nvda,248.1800,249.3500,237.0000,241.0000,17710498,1.000000
2018-03-20,nvda,241.1200,251.1500,241.1200,249.5800,13826409,1.000000
2018-03-21,nvda,249.3200,252.0000,247.3300,248.5600,10947604,1.000000
2018-03-22,nvda,246.0000,247.8800,240.3410,241.8500,13718561,1.000000
2018-03-23,nvda,242.4000,242.6700,232.5200,232.9700,18376835,1.000000
2018-03-26,nvda,238.0000,244.5300,235.9000,244.4800,15256175,1.000000
2018-03-27,nvda,247.7500,250.0000,219.8450,225.5200,35128852,1.000000
2018-03-28,nvda,224.1300,229.3900,217.0000,221.3500,23605349,1.000000
2018-03-29,nvda,224.1050,235.5000,220.7000,231.5900,22825247,1.000000
2018-04-02,nvda,228.7400,234.6500,217.5000,221.0500,22949657,1.000000
2018-04-03,nvda,227.8000,230.3500,221.3500,225.3500,16645743,1.000000
2018-04-04,nvda,215.0100,226.6610,214.0000,226.2400,19695014,1.000000
2018-04-05,nvda,228.6000,229.1300,218.4900,221.3800,17406316,1.000000
2018-04-06,nvda,217.2300,221.6000,213.0740,214.2500,16556665,1.000000
2018-04-09,nvda,216.8000,221.9700,214.6000,215.4100,12443222,1.000000
2018-04-10,nvda,224.7200,229.0000,222.4100,227.9100,19059083,1.000000
2018-04-11,nvda,227.3100,228.9760,224.9210,226.2400,11477942,1.000000
2018-04-12,nvda,230.0000,235.3200,228.2150,234.6000,14787105,1.000000
2018-04-13,nvda,237.1700,237.5100,229.5500,231.5000,12560773,1.000000
2018-04-16,nvda,231.7720,232.8400,227.6800,231.4900,8748152,1.000000
2018-04-17,nvda,233.6000,238.4000,231.3500,237.5400,11157358,1.000000
2018-04-18,nvda,235.5000,239.2500,232.7700,236.3700,9760855,1.000000
2018-04-19,nvda,231.7450,233.1000,226.8000,229.0400,11763793,1.000000
2018-04-20,nvda,228.6900,232.1000,227.4500,228.7100,9635665,1.000000
2018-04-23,nvda,229.4300,231.5000,222.8300,223.8800,10314340,1.000000
2018-04-24,nvda,224.9200,228.8000,218.5600,221.2000,10326546,1.000000
2018-04-25,nvda,220.0000,221.5750,210.3000,216.6600,14647213,1.000000
2018-04-26,nvda,223.2000,225.5500,220.5300,225.2200,9302901,1.000000
2018-04-27,nvda,229.5000,230.3000,224.6200,226.3300,10008380,1.000000
2018-04-30,nvda,226.9900,229.0000,224.1200,224.9000,8186102,1.000000
2018-05-01,nvda,224.5700,227.2500,222.2000,227.1400,6306010,1.000000
2018-05-02,nvda,227.0000,228.8000,225.2500,226.3100,6690180,1.000000
2018-05-03,nvda,227.6000,234.0500,225.7700,232.9900,11034554,1.000000
2018-05-04,nvda,231.8300,239.1890,231.1300,239.0600,9983069,1.000000
2018-05-07,nvda,243.2950,250.9900,242.8900,248.6800,17165892,1.000000
2018-05-08,nvda,248.6900,250.5100,246.7100,250.4000,12590510,1.000000
2018-05-09,nvda,251.2100,255.8700,250.1100,255.7800,14840247,1.000000
2018-05-10,nvda,257.9200,260.5000,257.2000,260.1300,23961584,1.000000
2018-05-11,nvda,252.7800,259.7900,250.5400,254.5300,30320379,1.000000
2018-05-14,nvda,256.0700,258.4900,254.4000,255.3600,13060021,1.000000
2018-05-15,nvda,252.7900,252.9000,241.5000,245.5600,24032361,1.000000
2018-05-16,nvda,244.0000,248.5200,242.5100,246.0100,13798816,1.000000
2018-05-17,nvda,246.0840,251.5000,245.4300,247.7100,12971947,1.000000
2018-05-18,nvda,249.8100,252.3700,245.7400,245.9400,12069873,1.000000
2018-05-21,nvda,249.8800,250.0300,240.4900,244.2400,15944780,1.000000
2018-05-22,nvda,244.7800,245.8000,240.2500,242.7000,12946631,1.000000
2018-05-23,nvda,240.2800,247.5900,240.2500,247.5400,11051273,1.000000
2018-05-24,nvda,247.3900,249.4000,245.2410,247.6900,10919039,1.000000
2018-05-25,nvda,248.2000,249.9400,246.7600,249.2800,7298994,1.000000
2018-05-29,nvda,248.5500,251.3400,246.7000,248.5900,8804519,1.000000
2018-05-30,nvda,249.9500,253.3400,248.9520,252.9900,9743674,1.000000
2018-05-31,nvda,251.7000,255.2000,251.2700,252.1900,12335257,1.000000
2018-06-01,nvda,254.0000,257.8700,253.6500,257.6200,10536233,1.000000
2018-06-04,nvda,259.0000,265.7400,257.7000,264.8500,16021224,1.000000
2018-06-05,nvda,264.9800,266.5900,263.1700,265.0700,9777855,1.000000
2018-06-06,nvda,261.4300,265.2800,260.7700,265.1500,9278987,1.000000
2018-06-07,nvda,265.0000,265.4790,259.2500,262.9000,9226001,1.000000
2018-06-08,nvda,259.9600,264.0000,259.2000,262.2800,9005763,1.000000
2018-06-11,nvda,261.7700,263.4500,260.1000,260.6200,6610083,1.000000
2018-06-12,nvda,261.6900,263.0700,259.6600,262.5800,7950085,1.000000
2018-06-13,nvda,262.6400,265.6700,262.0310,262.4000,8445037,1.000000
2018-06-14,nvda,264.2200,269.2000,263.6200,266.9100,10732030,1.000000
2018-06-15,nvda,264.6000,267.4800,263.3480,265.2600,10793034,1.000000
2018-06-18,nvda,263.4800,265.8000,262.3800,265.0900,8890662,1.000000
2018-06-19,nvda,260.9200,263.6400,255.0200,260.1700,14854314,1.000000
2018-06-20,nvda,261.8320,264.4500,260.2810,262.3100,9232384,1.000000
2018-06-21,nvda,263.6000,264.3400,256.8000,257.1100,8972426,1.000000
2018-06-22,nvda,257.9500,258.4900,250.3300,250.9500,10838683,1.000000
2018-06-25,nvda,246.6500,246.8000,235.5400,239.1200,16627334,1.000000
2018-06-26,nvda,243.7000,245.6500,239.9100,241.9900,11955559,1.000000
2018-06-27,nvda,243.7500,246.4300,235.5000,235.7200,11330749,1.000000
2018-06-28,nvda,235.3200,241.3400,235.0100,240.8600,8436429,1.000000
2018-06-29,nvda,243.4900,244.0000,236.8500,236.9000,9791939,1.000000
2018-07-02,nvda,234.0900,242.3900,233.2650,242.2400,8926950,1.000000
2018-07-03,nvda,243.6400,243.8800,236.5000,236.8400,5568325,1.000000
2018-07-05,nvda,239.0700,242.9300,237.5000,242.7300,7560585,1.000000
2018-07-06,nvda,241.7400,247.6650,240.8800,247.3300,7402590,1.000000
2018-07-09,nvda,250.3300,250.7200,246.0710,249.2500,7575215,1.000000
2018-07-10,nvda,249.7500,254.1400,248.1200,253.2500,8933209,1.000000
2018-07-11,nvda,249.5000,250.9000,247.1000,247.5300,9163720,1.000000
2018-07-12,nvda,249.3600,253.1700,248.9600,251.2300,8627725,1.000000
2018-07-13,nvda,251.9800,251.9800,247.6200,249.3200,6172427,1.000000
2018-07-16,nvda,248.2000,250.3400,247.7000,248.2000,4905767,1.000000
2018-07-17,nvda,246.2100,254.3000,245.1800,253.6900,9025568,1.000000
2018-07-18,nvda,253.3900,253.9500,249.6400,251.7000,6927449,1.000000
2018-07-19,nvda,250.9400,253.3900,250.3300,252.0300,5844516,1.000000
2018-07-20,nvda,251.9300,253.5000,250.4500,250.8900,5557190,1.000000
2018-07-23,nvda,249.8200,249.8900,243.2800,249.4100,7517263,1.000000
2018-07-24,nvda,251.3500,254.8500,248.0000,248.7100,8859468,1.000000
2018-07-25,nvda,249.0900,252.3800,246.7500,251.8700,7938820,1.000000
2018-07-26,nvda,251.0600,256.3300,250.3800,254.8400,8094374,1.000000
2018-07-27,nvda,256.3200,256.6000,249.8400,252.0200,7380386,1.000000
2018-07-30,nvda,252.5900,252.8300,242.7200,244.1300,8491306,1.000000
2018-07-31,nvda,243.7100,247.8800,242.1410,244.8600,7070459,1.000000
2018-08-01,nvda,246.1300,248.3600,243.8860,246.4700,7034288,1.000000
2018-08-02,nvda,243.5900,250.7800,241.2100,250.6200,6725598,1.000000
2018-08-03,nvda,251.6100,253.0600,250.9300,252.1000,5353831,1.000000
2018-08-06,nvda,251.5900,254.1700,249.7060,254.0300,5182007,1.000000
2018-08-07,nvda,256.0000,257.7000,254.9200,256.9500,6445715,1.000000
2018-08-08,nvda,257.0000,260.2400,255.5900,258.4200,6540420,1.000000
2018-08-09,nvda,259.1400,259.2500,256.1500,256.4600,5054371,1.000000
2018-08-10,nvda,253.1500,256.1000,252.7000,254.7900,6397221,1.000000
2018-08-13,nvda,255.1400,261.0000,255.0700,256.1200,9342888,1.000000
2018-08-14,nvda,260.3800,262.0000,257.0200,261.4300,11516316,1.000000
2018-08-15,nvda,262.2700,263.6390,255.9000,259.0800,14732915,1.000000
2018-08-16,nvda,261.9000,262.0000,255.0100,257.4400,19462293,1.000000
2018-08-17,nvda,252.9400,252.9700,243.7300,244.8200,28536132,1.000000
2018-08-20,nvda,243.1800,253.2000,238.7200,247.8400,21332463,1.000000
2018-08-21,nvda,248.5000,253.5000,247.7000,253.3200,16755180,1.000000
2018-08-22,nvda,252.0000,263.0200,251.8600,262.8200,18688021,1.000000
2018-08-23,nvda,261.2600,269.4800,260.7010,266.8400,17984060,1.000000
2018-08-24,nvda,267.1800,272.8100,267.0000,272.2200,13275203,1.000000
2018-08-27,nvda,273.4200,278.9000,272.1450,275.9000,12608810,1.000000
2018-08-28,nvda,275.6600,276.5800,269.5300,274.3800,11866049,1.000000
2018-08-29,nvda,273.9200,279.5000,273.0800,278.4900,10475618,1.000000
2018-08-30,nvda,277.2300,281.7170,276.3200,277.8100,8641169,1.000000
2018-08-31,nvda,277.0000,281.2000,276.6000,280.6800,7658858,1.000000
2018-09-04,nvda,280.1500,285.2200,279.0000,283.7000,9787092,1.000000
2018-09-05,nvda,282.9900,284.4200,275.1500,278.4200,9824213,1.000000
2018-09-06,nvda,277.7600,277.8600,271.3910,272.7200,8063390,1.000000
2018-09-07,nvda,269.0000,276.9300,267.1900,271.8600,7380870,1.000000
2018-09-10,nvda,272.7700,275.9300,271.0000,274.7300,5500041,1.000000
2018-09-11,nvda,272.8600,276.4000,272.0200,272.8000,6069731,1.000000
2018-09-12,nvda,271.1900,271.9800,261.9200,268.2000,10465453,1.000000
2018-09-13,nvda,270.8600,275.0000,270.1610,271.3400,7622344,1.000000
2018-09-14,nvda,274.9900,279.1000,273.5000,276.4300,9647349,1.000000
2018-09-17,nvda,275.4020,277.3800,273.1500,273.9300,5114679,1.000000
2018-09-18,nvda,274.0900,278.2400,270.7500,271.0200,7481112,1.000000
2018-09-19,nvda,270.2730,272.6990,268.2500,271.9800,5611908,1.000000
2018-09-20,nvda,267.0500,268.7600,264.1000,266.2800,10751707,1.000000
2018-09-21,nvda,266.7600,268.6000,262.1100,263.4500,10811266,1.000000
2018-09-24,nvda,262.2000,265.8400,258.6800,265.7000,7339033,1.000000
2018-09-25,nvda,268.3700,269.4200,264.9100,268.4100,6982744,1.000000
2018-09-26,nvda,268.6100,270.2400,266.2800,266.9200,6703490,1.000000
2018-09-27,nvda,268.3400,269.2000,266.1300,267.4000,5356497,1.000000
2018-09-28,nvda,272.7300,281.9150,271.6000,281.0200,17713647,1.000000
2018-10-01,nvda,284.1600,292.0600,282.6000,289.3600,15451751,1.000000
2018-10-02,nvda,288.2500,292.7600,285.5800,286.4800,9579468,1.000000
2018-10-03,nvda,289.3200,289.6200,282.5300,286.7300,8007587,1.000000
2018-10-04,nvda,285.2700,286.2500,276.1800,279.2900,9766428,1.000000
2018-10-05,nvda,278.2900,280.8000,267.5400,269.8600,10648888,1.000000
2018-10-08,nvda,266.5000,271.1600,260.0800,265.7700,10198318,1.000000
2018-10-09,nvda,264.9400,268.7600,262.8000,265.5400,6832529,1.000000
2018-10-10,nvda,261.2600,263.1100,245.6000,245.6900,16978841,1.000000
2018-10-11,nvda,242.1700,247.5600,234.2610,235.1300,18067026,1.000000
2018-10-12,nvda,245.5070,249.5410,239.6500,246.5400,15132110,1.000000
2018-10-15,nvda,246.0000,246.0000,235.3400,235.3800,11213998,1.000000
2018-10-16,nvda,239.9300,246.2800,237.9400,245.8300,10183224,1.000000
2018-10-17,nvda,248.3400,249.8800,241.0800,243.0600,8226257,1.000000
2018-10-18,nvda,245.8600,247.4100,237.0900,239.5300,13085693,1.000000
2018-10-19,nvda,241.7600,242.5500,227.7000,229.1700,15328045,1.000000
2018-10-22,nvda,231.2800,235.3200,227.0700,231.2200,9206521,1.000000
2018-10-23,nvda,220.4300,224.1900,216.7100,221.0600,15595644,1.000000
2018-10-24,nvda,219.5100,221.3900,198.8500,199.4100,21990376,1.000000
2018-10-25,nvda,195.4700,209.7500,193.6820,207.8400,23727105,1.000000
2018-10-26,nvda,198.3100,204.8420,193.1200,198.2900,16612734,1.000000
2018-10-29,nvda,203.9900,204.1300,176.0100,185.6200,18917367,1.000000
2018-10-30,nvda,186.5500,203.4000,185.6200,203.0000,20117469,1.000000
2018-10-31,nvda,209.6500,212.5900,204.0100,210.8300,18520408,1.000000
2018-11-01,nvda,212.3000,218.4900,207.1900,218.1100,14096099,1.000000
2018-11-02,nvda,217.7300,222.0000,210.2110,214.9200,11115358,1.000000
2018-11-05,nvda,214.3900,215.3300,205.2800,211.7700,9472819,1.000000
2018-11-06,nvda,211.4500,214.8500,209.5650,211.0600,7464694,1.000000
2018-11-07,nvda,213.7500,217.4100,211.1800,213.7900,12058163,1.000000
2018-11-08,nvda,211.4000,211.4300,203.8300,205.9900,12759885,1.000000
2018-11-09,nvda,202.4000,209.3200,201.0400,205.6700,10299823,1.000000
2018-11-12,nvda,201.9800,202.8700,188.6600,189.5400,15387056,1.000000
2018-11-13,nvda,193.4900,204.2100,193.2370,199.3100,16042469,1.000000
2018-11-14,nvda,206.3000,206.8800,192.8300,197.1900,13116007,1.000000
2018-11-15,nvda,196.9500,205.3000,195.5000,202.3900,19249983,1.000000
2018-11-16,nvda,163.3200,170.6600,161.6100,164.4300,49045028,1.000000
2018-11-19,nvda,161.7900,161.8200,144.6300,144.7000,42332285,1.000000
2018-11-20,nvda,134.0600,154.2600,133.3100,149.0800,42243857,1.000000
2018-11-21,nvda,154.6200,155.3000,143.6100,144.7100,25617251,1.000000
2018-11-23,nvda,143.3100,149.5900,142.7890,145.0000,10299211,1.000000
2018-11-26,nvda,149.8900,153.4700,146.5600,153.0500,20321198,1.000000
2018-11-27,nvda,152.0000,157.0100,150.5500,153.7300,18412877,1.000000
2018-11-28,nvda,158.4800,160.2800,153.1250,160.0700,20065152,1.000000
2018-11-29,nvda,160.0000,161.5000,156.1400,157.3600,13617620,1.000000
2018-11-30,nvda,157.7500,163.8600,155.7200,163.4300,18201180,1.000000
2018-12-03,nvda,172.6000,174.6800,167.3400,170.0400,22234110,1.000000
2018-12-04,nvda,168.2400,168.4400,156.5000,157.1100,20249737,1.000000
2018-12-06,nvda,151.4400,158.4920,150.8100,158.2900,17156696,1.000000
2018-12-07,nvda,158.4600,158.8700,145.6160,147.6100,17023618,1.000000
2018-12-10,nvda,145.8000,152.8600,145.6500,151.8600,15399491,1.000000
2018-12-11,nvda,155.5600,155.8900,145.0000,148.1900,16743712,1.000000
2018-12-12,nvda,148.4200,152.7800,144.8200,148.9000,16332974,1.000000
2018-12-13,nvda,150.7900,153.3800,147.4400,148.8900,11772519,1.000000
2018-12-14,nvda,147.2100,150.5900,145.5000,146.4500,11784796,1.000000
2018-12-17,nvda,145.2400,148.1500,141.2400,143.5800,16571683,1.000000
2018-12-18,nvda,145.3500,150.3300,144.2500,146.9400,14109251,1.000000
2018-12-19,nvda,145.5800,147.7450,136.4300,138.5100,18634147,1.000000
2018-12-20,nvda,138.1700,141.8000,132.6880,135.1000,18739697,1.000000
2018-12-21,nvda,136.1700,137.5000,128.4600,129.5700,21593525,1.000000
2018-12-24,nvda,126.4900,129.9800,124.5000,127.0800,11595978,1.000000
2018-12-26,nvda,128.9400,133.1400,124.4600,133.1000,17345394,1.000000
2018-12-27,nvda,130.9900,132.3800,125.1800,131.1700,15907044,1.000000
2018-12-28,nvda,132.0000,137.3900,130.3100,133.6500,15699611,1.000000
2018-12-31,nvda,135.4000,136.7100,132.2600,133.5000,11612382,1.000000
2019-01-02,nvda,130.6400,138.4800,130.0500,136.2200,12491734,1.000000
2019-01-03,nvda,133.7900,135.1600,127.6930,127.9900,17556879,1.000000
2019-01-04,nvda,130.9400,137.7300,129.7000,136.1900,14621383,1.000000
2019-01-07,nvda,138.5000,144.8900,136.4300,143.4000,17644444,1.000000
2019-01-08,nvda,146.6900,146.7800,136.9000,139.8300,19586966,1.000000
2019-01-09,nvda,141.9000,144.4900,139.8600,142.5800,15384812,1.000000
2019-01-10,nvda,141.8000,145.5800,139.3600,145.2300,13059584,1.000000
2019-01-11,nvda,144.3300,149.7500,143.2100,148.8300,21856563,1.000000
2019-01-14,nvda,146.7200,151.4600,145.7700,150.4400,18221508,1.000000
2019-01-15,nvda,151.7600,153.3500,149.1300,149.8700,15402497,1.000000
2019-01-16,nvda,150.9700,152.3000,148.6150,148.8400,11725331,1.000000
2019-01-17,nvda,147.5100,153.3300,146.4100,151.7200,12297011,1.000000
2019-01-18,nvda,153.7300,157.9800,151.6500,156.9300,16255998,1.000000
2019-01-22,nvda,155.7100,156.1800,147.5510,148.7700,16508188,1.000000
2019-01-23,nvda,151.0000,154.5800,148.0300,149.2900,14695368,1.000000
2019-01-24,nvda,152.7000,158.5500,152.5100,157.8400,17629873,1.000000
2019-01-25,nvda,155.4400,160.8800,151.3000,160.1500,28857883,1.000000
2019-01-28,nvda,136.5500,141.6400,131.0000,138.0100,62736249,1.000000
2019-01-29,nvda,136.1500,138.1000,131.0100,131.6000,28330085,1.000000
2019-01-30,nvda,134.6700,137.9700,131.4600,137.3900,24213359,1.000000
2019-01-31,nvda,137.2600,145.1900,136.3830,143.7500,21012769,1.000000
2019-02-01,nvda,144.5000,146.7900,142.5800,144.7300,15592428,1.000000
2019-02-04,nvda,145.3700,150.6800,144.4800,149.1800,13185966,1.000000
2019-02-05,nvda,149.6600,151.4300,148.3000,149.9500,13534068,1.000000
2019-02-06,nvda,151.2900,155.6000,151.0700,153.0000,17545443,1.000000
2019-02-07,nvda,151.1280,151.2200,145.6900,147.4200,15895933,1.000000
2019-02-08,nvda,144.7100,148.6000,144.1300,148.1700,11513654,1.000000
2019-02-11,nvda,146.3900,148.5800,144.5000,146.4500,12330794,1.000000
2019-02-12,nvda,148.0000,151.8000,147.4200,151.1700,14720589,1.000000
2019-02-13,nvda,152.3600,155.8300,151.8100,152.8800,15070345,1.000000
2019-02-14,nvda,152.8400,155.6650,151.1000,154.5300,19624167,1.000000
2019-02-15,nvda,162.9500,163.8700,156.4200,157.3400,37884659,1.000000
2019-02-19,nvda,156.9100,159.8900,156.1400,156.6400,13780483,1.000000
2019-02-20,nvda,157.8200,161.2600,157.3700,158.5500,13230884,1.000000
2019-02-21,nvda,159.0600,160.0500,155.1800,155.7700,10895443,1.000000
2019-02-22,nvda,157.8600,159.9500,157.3100,159.1900,10011582,1.000000
2019-02-25,nvda,162.5600,165.2800,158.3400,158.6900,16369546,1.000000
2019-02-26,nvda,158.5000,160.7600,155.7500,157.1000,12196622,1.000000
2019-02-27,nvda,156.5200,157.5900,153.1100,155.4100,12494206,1.000000
2019-02-28,nvda,155.0000,155.9000,153.3600,154.2600,8115014,1.000000
2019-03-01,nvda,156.2700,158.1490,153.9200,156.4500,8919420,1.000000
2019-03-04,nvda,158.0000,158.9200,154.5000,156.7800,10230140,1.000000
2019-03-05,nvda,156.1500,158.0570,153.9600,156.5200,9050744,1.000000
2019-03-06,nvda,156.1600,156.5000,151.9400,152.0500,9353029,1.000000
2019-03-07,nvda,151.1000,151.4900,147.4000,149.2600,11172732,1.000000
2019-03-08,nvda,145.6600,151.0700,144.8000,150.6400,10210678,1.000000
2019-03-11,nvda,151.5900,162.0600,149.6900,161.1400,21407812,1.000000
2019-03-12,nvda,162.2600,164.3900,159.1900,162.5200,14441238,1.000000
2019-03-13,nvda,164.0300,169.8000,163.7300,168.6200,19036883,1.000000
2019-03-14,nvda,168.9900,169.4700,165.2500,165.5600,12972310,1.000000
2019-03-15,nvda,167.3000,171.5300,167.1600,169.8100,16510366,1.000000
2019-03-18,nvda,171.0800,173.2500,167.8580,168.9500,12091367,1.000000
2019-03-19,nvda,172.7600,177.5000,172.0800,175.7100,21250218,1.000000
2019-03-20,nvda,176.8800,179.0300,173.0000,174.4000,17921679,1.000000
2019-03-21,nvda,175.3300,185.0000,175.1300,183.9400,20562236,1.000000
2019-03-22,nvda,182.8400,184.8000,176.9400,177.5000,18657095,1.000000
2019-03-25,nvda,175.8600,178.4500,171.1100,173.7800,13088936,1.000000
2019-03-26,nvda,179.4890,181.7500,174.5970,176.8700,17497326,1.000000
2019-03-27,nvda,177.9000,179.7700,173.7000,176.5000,11842223,1.000000
2019-03-28,nvda,177.5500,179.9000,175.1100,177.2500,11270771,1.000000
2019-03-29,nvda,179.9400,180.5400,177.9100,179.5600,11408185,1.000000
2019-04-01,nvda,183.2600,183.5000,180.3750,182.2800,12011763,1.000000
2019-04-02,nvda,183.2500,184.7890,181.5200,183.0000,10984668,1.000000
2019-04-03,nvda,185.0000,191.0000,184.8000,188.6200,19584039,1.000000
2019-04-04,nvda,188.0000,189.9700,185.7300,188.2600,11313643,1.000000
2019-04-05,nvda,190.0000,191.6500,188.5300,190.9500,12025025,1.000000
2019-04-08,nvda,189.7200,192.8000,188.7500,191.7900,10587953,1.000000
2019-04-09,nvda,190.4400,190.8900,187.5600,189.2600,10909001,1.000000
2019-04-10,nvda,189.2300,193.1400,189.0500,192.1000,11064135,1.000000
2019-04-11,nvda,192.2000,193.4700,189.5500,191.5400,9351743,1.000000
2019-04-12,nvda,193.1000,193.2600,189.6600,190.0100,11782898,1.000000
2019-04-15,nvda,189.7000,189.9000,183.1000,184.7000,10991670,1.000000
2019-04-16,nvda,186.2800,188.9700,184.9640,188.2100,9859333,1.000000
2019-04-17,nvda,189.6200,190.4600,186.3900,187.2900,7893575,1.000000
2019-04-18,nvda,187.5600,188.9300,185.1800,186.3000,8783874,1.000000
2019-04-22,nvda,185.3500,189.1000,184.0800,188.4700,6985120,1.000000
2019-04-23,nvda,189.0000,191.9300,188.6100,190.6700,8285057,1.000000
2019-04-24,nvda,191.0900,192.8100,188.6400,191.1700,7732922,1.000000
2019-04-25,nvda,189.5500,190.4500,183.7000,186.9100,12293925,1.000000
2019-04-26,nvda,180.7100,180.8880,173.3000,178.0900,21713972,1.000000
2019-04-29,nvda,178.4100,180.4500,175.5000,179.3300,9788591,1.000000
2019-04-30,nvda,178.0300,182.0300,177.2600,181.0000,9051574,1.000000
2019-05-01,nvda,183.1100,184.8100,180.4600,180.4700,8845157,1.000000
2019-05-02,nvda,180.8600,184.8700,179.1150,183.1900,9859895,1.000000
2019-05-03,nvda,183.5300,183.9300,180.5300,183.0100,8365726,1.000000
2019-05-06,nvda,175.5000,180.3400,174.0000,179.8500,10526914,1.000000
2019-05-07,nvda,177.9000,177.9000,171.1700,173.1100,13880458,1.000000
2019-05-08,nvda,172.0000,177.1500,171.5200,173.9200,10479154,1.000000
2019-05-09,nvda,171.1400,171.5300,165.4000,170.1900,16506164,1.000000
2019-05-10,nvda,168.9500,171.5900,164.0000,168.8200,14237451,1.000000
2019-05-13,nvda,163.5000,164.4300,157.8100,158.4500,16422819,1.000000
2019-05-14,nvda,160.0500,163.4600,158.4900,162.0400,13121972,1.000000
2019-05-15,nvda,159.8000,161.0500,157.4100,159.5800,12558001,1.000000
2019-05-16,nvda,159.3600,161.9050,157.6500,160.1900,19527204,1.000000
2019-05-17,nvda,158.5000,163.7100,154.9400,156.5300,25551698,1.000000
2019-05-20,nvda,152.5500,154.7700,150.7500,151.7500,14301634,1.000000
2019-05-21,nvda,154.2000,155.7000,152.6400,155.0600,9046247,1.000000
2019-05-22,nvda,153.5000,154.5500,151.7600,152.2000,8146740,1.000000
2019-05-23,nvda,149.6900,149.6900,144.9110,147.3200,14796109,1.000000
2019-05-24,nvda,148.0800,149.5000,144.8800,145.1500,8939632,1.000000
2019-05-28,nvda,145.8600,147.1800,143.2500,143.3300,10708852,1.000000
2019-05-29,nvda,141.4100,142.8200,138.9400,140.3400,13995037,1.000000
2019-05-30,nvda,140.3100,141.7500,137.5700,139.1100,9857490,1.000000
2019-05-31,nvda,137.1400,138.4490,135.3900,135.4600,9742992,1.000000
2019-06-03,nvda,135.9100,137.4700,132.6000,133.7800,11966080,1.000000
2019-06-04,nvda,136.3600,143.2100,135.4680,143.0000,16045885,1.000000
2019-06-05,nvda,145.9700,146.1900,139.8200,141.2800,12790385,1.000000
2019-06-06,nvda,141.4500,144.7700,141.3500,143.7800,10203462,1.000000
2019-06-07,nvda,144.0200,146.8800,143.2500,145.5000,8721438,1.000000
2019-06-10,nvda,147.7600,151.1900,147.7600,148.4300,10069522,1.000000
2019-06-11,nvda,150.8400,152.3600,149.1600,150.7500,9596751,1.000000
2019-06-12,nvda,149.0000,149.2500,145.5900,146.2000,8972298,1.000000
2019-06-13,nvda,147.0900,149.0000,146.3800,148.2600,7702027,1.000000
2019-06-14,nvda,144.5100,145.4900,142.8360,144.6400,9860656,1.000000
2019-06-17,nvda,144.5700,146.5210,143.6500,145.0300,6901037,1.000000
2019-06-18,nvda,147.5000,155.1100,147.0600,152.8800,14547950,1.000000
2019-06-19,nvda,154.3000,154.7570,152.0740,153.1200,8291099,1.000000
2019-06-20,nvda,156.7700,157.3300,153.5180,154.1000,8754182,1.000000
2019-06-21,nvda,153.5000,155.4800,151.5000,151.7600,10860672,1.000000
2019-06-24,nvda,152.6200,153.8500,150.7200,152.6600,7073718,1.000000
2019-06-25,nvda,152.8600,155.8800,151.3700,151.4800,7796661,1.000000
2019-06-26,nvda,156.6100,161.7200,156.0900,159.2600,14601825,1.000000
2019-06-27,nvda,162.7100,164.0000,161.2600,163.2300,11136038,1.000000
2019-06-28,nvda,165.0000,165.3700,162.3500,164.2300,9941659,1.000000
2019-07-01,nvda,172.5700,173.9500,164.6600,166.1700,17788327,1.000000
2019-07-02,nvda,165.5000,166.3490,161.7000,162.2300,10005688,1.000000
2019-07-03,nvda,163.1700,163.4000,160.3420,162.7500,6165856,1.000000
2019-07-05,nvda,160.4000,160.5800,157.6800,160.2300,9913847,1.000000
2019-07-08,nvda,157.8300,158.5900,156.0000,157.2100,8244669,1.000000
2019-07-09,nvda,155.5100,158.4400,155.0000,157.3100,8571512,1.000000
2019-07-10,nvda,159.0600,162.3690,158.5000,160.0600,11301899,1.000000
2019-07-11,nvda,163.0000,167.9200,161.5000,166.2800,17063964,1.000000
2019-07-12,nvda,167.4000,170.4700,167.4000,167.6100,12659816,1.000000
2019-07-15,nvda,168.4600,169.1060,166.1300,167.2700,7245993,1.000000
2019-07-16,nvda,166.6700,168.1700,164.8430,167.0800,8536098,1.000000
2019-07-17,nvda,167.1500,169.9900,165.9740,169.7100,8705107,1.000000
2019-07-18,nvda,170.1250,172.7100,167.8500,170.1800,11079474,1.000000
2019-07-19,nvda,171.7200,171.9800,168.2000,168.4400,8622395,1.000000
2019-07-22,nvda,169.3000,171.8400,169.0000,171.3200,7898498,1.000000
2019-07-23,nvda,172.9000,175.7400,172.2700,175.6600,10704414,1.000000
2019-07-24,nvda,177.4000,178.8900,174.3400,178.6600,9155937,1.000000
2019-07-25,nvda,176.9900,177.5000,172.4400,173.3800,9817453,1.000000
2019-07-26,nvda,174.4700,176.9500,174.4700,175.0700,6853997,1.000000
2019-07-29,nvda,174.7800,175.4700,171.2700,174.8200,6204049,1.000000
2019-07-30,nvda,172.9500,175.9400,172.3700,175.4500,4944261,1.000000
2019-07-31,nvda,174.1800,174.2150,167.0200,168.7200,8985391,1.000000
2019-08-01,nvda,169.1400,172.7800,162.8200,164.9200,10530314,1.000000
2019-08-02,nvda,161.1900,163.9800,159.2800,161.1900,10708732,1.000000
2019-08-05,nvda,153.8000,153.8500,148.9000,150.7900,14728936,1.000000
2019-08-06,nvda,153.8000,155.6300,150.4300,152.3500,9031767,1.000000
2019-08-07,nvda,149.9000,154.3700,149.2000,153.8900,9314045,1.000000
2019-08-08,nvda,156.2100,158.3100,153.9000,158.2600,7732472,1.000000
2019-08-09,nvda,156.6100,156.7500,152.1500,154.1800,8545418,1.000000
2019-08-12,nvda,152.0800,154.1800,150.5700,151.4500,6980012,1.000000
2019-08-13,nvda,151.3900,157.9000,149.8200,156.0500,9012811,1.000000
2019-08-14,nvda,152.5040,152.9500,148.3110,150.0700,10497033,1.000000
2019-08-15,nvda,150.8300,151.6300,147.3940,148.7700,13861551,1.000000
2019-08-16,nvda,159.3500,161.5400,156.8800,159.5600,25384628,1.000000
2019-08-19,nvda,164.1200,171.4200,163.4700,170.7800,20408061,1.000000
2019-08-20,nvda,170.5600,170.5800,167.0200,167.8700,11588040,1.000000
2019-08-21,nvda,170.5300,173.4500,169.6600,171.2300,10697773,1.000000
2019-08-22,nvda,171.6200,173.3300,169.9050,171.4800,7593918,1.000000
2019-08-23,nvda,168.4000,170.5900,161.6400,162.4400,14237433,1.000000
2019-08-26,nvda,165.6100,166.5800,163.9100,165.4500,7964854,1.000000
2019-08-27,nvda,166.9900,167.1000,160.6200,161.8000,7288739,1.000000
2019-08-28,nvda,160.5800,163.3400,159.0000,161.2200,6395703,1.000000
2019-08-29,nvda,164.9000,168.3000,164.7600,167.0000,8959326,1.000000
2019-08-30,nvda,168.8600,170.8600,166.7800,167.5100,7272712,1.000000
2019-09-03,nvda,164.5800,165.9100,163.2520,164.1700,7412770,1.000000
2019-09-04,nvda,166.6100,169.0600,166.6100,168.7600,5703009,1.000000
2019-09-05,nvda,172.8650,179.9900,172.8000,179.7400,17412125,1.000000
2019-09-06,nvda,178.8000,181.0900,177.1200,178.6500,9424419,1.000000
2019-09-09,nvda,179.9000,183.9800,179.8400,180.5000,10438133,1.000000
2019-09-10,nvda,179.1800,184.2500,178.7900,183.1800,8820305,1.000000
2019-09-11,nvda,183.7700,186.2700,182.6010,184.3300,9037782,1.000000
2019-09-12,nvda,186.2000,188.4000,183.9500,184.2700,8196025,1.000000
2019-09-13,nvda,181.5900,183.0800,180.1800,181.9400,8114787,1.000000
2019-09-16,nvda,178.9200,181.6000,178.5000,180.2100,5795796,1.000000
2019-09-17,nvda,180.4800,181.2360,178.6100,181.0700,5711828,1.000000
2019-09-18,nvda,180.7900,181.4200,176.5000,179.9800,6600942,1.000000
2019-09-19,nvda,180.2200,180.9600,176.5100,176.9400,6408569,1.000000
2019-09-20,nvda,176.9000,177.8500,172.2800,172.6900,8931295,1.000000
2019-09-23,nvda,172.7000,176.6700,172.5500,174.8400,6395647,1.000000
2019-09-24,nvda,176.1000,177.2900,171.1000,172.5300,8031045,1.000000
2019-09-25,nvda,172.5100,179.0200,170.7100,178.2300,7827672,1.000000
2019-09-26,nvda,177.8400,178.1900,175.2900,177.3400,5945648,1.000000
2019-09-27,nvda,175.6600,177.7000,169.3200,171.7600,9148974,1.000000
2019-09-30,nvda,172.8000,174.4800,171.5400,174.0700,4829977,1.000000
2019-10-01,nvda,175.0000,181.0000,173.8100,174.0000,9189150,1.000000
2019-10-02,nvda,173.1200,173.6000,170.1300,173.0400,7391544,1.000000
2019-10-03,nvda,173.2200,181.5600,172.0000,181.3100,11568265,1.000000
2019-10-04,nvda,181.4000,183.1500,178.7800,181.9700,6699005,1.000000
2019-10-07,nvda,184.5800,188.3400,184.2300,184.3300,12207839,1.000000
2019-10-08,nvda,180.6400,180.6400,176.5000,177.2300,11233566,1.000000
2019-10-09,nvda,180.3200,182.7000,179.1600,180.7100,7697082,1.000000
2019-10-10,nvda,180.6200,185.0800,180.4100,183.0300,8187889,1.000000
2019-10-11,nvda,186.4100,189.3400,185.6500,185.9900,11271668,1.000000
2019-10-14,nvda,185.6400,187.3700,184.3850,186.5300,5258394,1.000000
2019-10-15,nvda,190.1600,199.2900,189.6000,196.3700,16699633,1.000000
2019-10-16,nvda,195.0000,199.2200,193.7500,194.2100,10818828,1.000000
2019-10-17,nvda,196.0000,197.8140,192.1000,194.2900,6607924,1.000000
2019-10-18,nvda,194.3100,195.6200,187.5000,190.4900,7690605,1.000000
2019-10-21,nvda,192.9600,196.5500,192.2000,196.0100,6674181,1.000000
2019-10-22,nvda,198.3000,202.5300,195.3000,195.6100,8434228,1.000000
2019-10-23,nvda,192.3100,195.6600,191.0300,195.0900,7144250,1.000000
2019-10-24,nvda,196.7500,198.2100,195.3800,196.8600,5975933,1.000000
2019-10-25,nvda,200.1000,205.3800,199.7900,204.5400,10577288,1.000000
2019-10-28,nvda,206.3000,208.9000,205.1170,206.7900,8269791,1.000000
2019-10-29,nvda,206.2300,206.4900,202.1400,202.9200,5280920,1.000000
2019-10-30,nvda,204.0000,204.2300,200.2600,203.0000,5149038,1.000000
2019-10-31,nvda,202.1600,203.0000,197.8100,201.0200,5243315,1.000000
2019-11-01,nvda,199.6000,203.8900,198.5930,202.5900,7090956,1.000000
2019-11-04,nvda,205.8500,211.0000,204.9200,210.5000,9417905,1.000000
2019-11-05,nvda,210.4900,211.5400,207.6800,209.6100,7521712,1.000000
2019-11-06,nvda,208.6400,209.6700,204.1100,207.6300,6725335,1.000000
2019-11-07,nvda,211.1060,211.7000,206.5400,208.3400,7008498,1.000000
2019-11-08,nvda,207.6600,209.0500,206.1500,207.7800,4735187,1.000000
2019-11-11,nvda,207.7500,209.1100,204.2800,208.1800,6094736,1.000000
2019-11-12,nvda,209.7200,211.8600,208.3100,209.6100,7095971,1.000000
2019-11-13,nvda,208.3500,209.4600,205.9000,208.5700,7559124,1.000000
2019-11-14,nvda,208.9300,209.8800,206.5160,209.7900,13175171,1.000000
2019-11-15,nvda,209.7000,211.7800,200.6380,204.1900,26355409,1.000000
2019-11-18,nvda,203.8900,213.3500,203.7700,212.2800,14382963,1.000000
2019-11-19,nvda,211.0320,211.9800,205.6500,207.9900,10384506,1.000000
2019-11-20,nvda,207.0700,214.5500,206.5640,211.1800,11825438,1.000000
2019-11-21,nvda,211.0000,213.2400,209.3100,210.1800,7209730,1.000000
2019-11-22,nvda,211.0900,212.9630,209.9400,210.8900,5602470,1.000000
2019-11-25,nvda,216.0400,221.4100,215.5200,221.2100,12683686,1.000000
2019-11-26,nvda,220.5000,220.6900,216.7400,217.0000,9642023,1.000000
2019-11-27,nvda,218.6700,220.0500,217.1800,218.2400,5410718,1.000000
2019-11-29,nvda,217.0000,218.1400,215.7800,216.7400,3538924,1.000000
2019-12-02,nvda,216.4600,217.0000,208.6400,209.2500,9346742,1.000000
2019-12-03,nvda,201.8700,207.8200,200.3700,207.6600,11853653,1.000000
2019-12-04,nvda,211.0200,211.9200,208.2700,209.4200,6840459,1.000000
2019-12-05,nvda,210.3000,210.9300,207.5080,208.7400,4628444,1.000000
2019-12-06,nvda,211.5200,213.4900,211.1200,212.1700,5810457,1.000000
2019-12-09,nvda,211.2500,214.3700,210.9000,212.1700,5378320,1.000000
2019-12-10,nvda,213.3800,216.0600,211.2600,213.9800,6417228,1.000000
2019-12-11,nvda,214.4000,217.5600,214.3000,217.3400,5850247,1.000000
2019-12-12,nvda,216.1800,224.8000,215.8200,224.0700,10152084,1.000000
2019-12-13,nvda,224.1900,228.9800,221.8200,223.9900,11374183,1.000000
2019-12-16,nvda,225.9000,228.0640,224.7700,225.1500,8032684,1.000000
2019-12-17,nvda,225.9000,229.2000,225.5200,228.2900,8081598,1.000000
2019-12-18,nvda,229.6900,231.9400,229.3500,229.5100,8606969,1.000000
2019-12-19,nvda,230.9000,236.0000,230.7000,235.4600,11327674,1.000000
2019-12-20,nvda,238.1300,240.3900,237.3550,239.3700,15084607,1.000000
2019-12-23,nvda,240.5200,241.8100,238.3900,238.8200,8884815,1.000000
2019-12-24,nvda,238.2000,239.3100,236.8200,238.6200,3471597,1.000000
2019-12-26,nvda,238.7600,240.3200,238.0000,239.1900,4580451,1.000000
2019-12-27,nvda,239.8000,240.3400,235.8100,236.8700,6370251,1.000000
2019-12-30,nvda,235.9900,236.2000,231.0600,232.3200,6456178,1.000000
2019-12-31,nvda,230.9000,235.6750,230.1300,235.3000,5780283,1.000000
2020-01-02,nvda,238.7500,239.9100,236.7200,239.9100,5941969,1.000000
2020-01-03,nvda,235.1000,237.8300,234.1000,236.0700,5144308,1.000000
2020-01-06,nvda,232.3200,237.2700,231.2700,237.0600,6572812,1.000000
2020-01-07,nvda,238.2000,241.7700,236.3900,239.9300,7980144,1.000000
2020-01-08,nvda,239.7600,242.0400,238.1490,240.3800,6931017,1.000000
2020-01-09,nvda,243.8500,245.9300,240.8550,243.0200,6386053,1.000000
2020-01-10,nvda,247.3300,248.5500,243.7500,244.3200,7911560,1.000000
2020-01-13,nvda,247.6600,252.9880,246.7500,251.9800,8008451,1.000000
2020-01-14,nvda,250.2600,251.2800,246.7500,247.2800,8989483,1.000000
2020-01-15,nvda,247.7900,248.6890,244.5300,245.5700,6577636,1.000000
2020-01-16,nvda,247.7200,249.1700,246.7750,248.9300,7104791,1.000000
2020-01-17,nvda,249.7000,250.0000,247.3700,249.2800,6344764,1.000000
2020-01-21,nvda,247.8050,249.2900,246.5700,247.9400,5447925,1.000000
2020-01-22,nvda,249.7600,253.5900,249.0000,250.0500,5980967,1.000000
2020-01-23,nvda,251.7200,253.2000,248.1500,252.8600,6112861,1.000000
2020-01-24,nvda,257.5000,259.5000,248.3000,250.4800,9337839,1.000000
2020-01-27,nvda,238.2400,242.2500,232.2300,240.2000,11763354,1.000000
2020-01-28,nvda,242.8500,249.2700,240.7140,247.9700,7774401,1.000000
2020-01-29,nvda,247.3900,248.8400,243.9400,245.5400,6486279,1.000000
2020-01-30,nvda,241.6100,246.3500,239.4000,245.8100,7262590,1.000000
2020-01-31,nvda,243.9700,244.4500,234.7500,236.4300,9260493,1.000000
2020-02-03,nvda,235.7000,241.1110,235.4500,240.3300,6398205,1.000000
2020-02-04,nvda,246.0300,247.9000,244.0200,247.1300,6788589,1.000000
2020-02-05,nvda,251.9900,252.4000,247.4100,250.7600,5205502,1.000000
2020-02-06,nvda,252.1400,254.2500,248.8800,254.2450,5457051,1.000000
2020-02-07,nvda,252.6400,253.5300,250.5720,251.5900,4743803,1.000000
2020-02-10,nvda,252.5000,263.0000,252.3000,262.9700,13240194,1.000000
2020-02-11,nvda,267.3200,272.5000,264.8300,267.8900,15963922,1.000000
2020-02-12,nvda,270.0100,272.8000,268.4470,272.5400,9366118,1.000000
2020-02-13,nvda,270.2100,273.4800,269.1100,270.7800,13200384,1.000000
2020-02-14,nvda,287.2600,294.9700,286.0000,289.7900,26048093,1.000000
2020-02-18,nvda,285.6440,297.3100,284.8600,296.5700,15547025,1.000000
2020-02-19,nvda,301.4900,315.4100,301.4860,314.7000,17358281,1.000000
2020-02-20,nvda,312.7650,316.3200,296.3500,308.7000,20251259,1.000000
2020-02-21,nvda,304.1900,305.2000,290.6600,294.0700,19232331,1.000000
2020-02-24,nvda,270.1900,281.8720,268.0000,273.2800,21422873,1.000000
2020-02-25,nvda,276.3040,278.7900,257.9600,262.0500,26387442,1.000000
2020-02-26,nvda,262.0600,275.4500,262.0000,267.6500,18741536,1.000000
2020-02-27,nvda,254.9000,267.0000,248.8900,252.6000,22660373,1.000000
2020-02-28,nvda,242.4550,272.4600,241.7900,270.0700,28366882,1.000000
2020-03-02,nvda,276.9000,277.5900,261.0000,276.4300,22268639,1.000000
2020-03-03,nvda,278.6670,281.0700,262.4600,265.8900,16319828,1.000000
2020-03-04,nvda,270.2000,284.8900,267.2000,284.5100,14935184,1.000000
2020-03-05,nvda,276.5000,283.2000,271.5000,273.2900,13508187,1.000000
2020-03-06,nvda,266.0800,268.3900,258.0000,266.0400,12885307,1.000000
2020-03-09,nvda,239.9000,259.4000,238.1800,245.4400,15353960,1.000000
2020-03-10,nvda,256.5400,261.0800,245.9900,261.0800,14516218,1.000000
2020-03-11,nvda,255.4550,256.6000,242.5700,246.4700,12551693,1.000000
2020-03-12,nvda,225.4600,236.1190,215.8000,216.3100,20413535,1.000000
2020-03-13,nvda,230.5000,241.0200,219.6100,240.8400,15870943,1.000000
2020-03-16,nvda,212.4100,226.1000,194.0000,196.4000,18174303,1.000000
2020-03-17,nvda,200.9100,220.8600,191.0000,217.2700,20840799,1.000000
2020-03-18,nvda,200.0950,209.9400,180.6810,202.8200,21856657,1.000000
2020-03-19,nvda,201.9600,216.7300,193.3900,212.9700,19137847,1.000000
2020-03-20,nvda,219.0000,230.3200,205.1300,205.7500,20115854,1.000000
2020-03-23,nvda,205.7100,216.4800,198.5200,212.6900,16096866,1.000000
2020-03-24,nvda,229.0000,252.6600,228.0500,249.1800,27541095,1.000000
2020-03-25,nvda,253.8000,261.8200,243.6600,245.6200,19835767,1.000000
2020-03-26,nvda,253.9400,262.2200,250.0000,257.2400,17439692,1.000000
2020-03-27,nvda,250.0000,263.1180,248.6800,252.7300,15970744,1.000000
2020-03-30,nvda,255.3600,265.9600,253.5900,265.5900,15056253,1.000000
2020-03-31,nvda,267.2000,275.4000,257.7500,263.6000,23749014,1.000000
2020-04-01,nvda,255.6500,261.5300,241.2800,243.0700,16422828,1.000000
2020-04-02,nvda,244.2400,256.0000,242.3100,255.4700,16894113,1.000000
2020-04-03,nvda,253.9600,255.6300,238.3900,243.9100,16580346,1.000000
2020-04-06,nvda,255.2400,269.8800,252.9300,268.4000,18197062,1.000000
2020-04-07,nvda,277.3000,278.2500,257.3000,259.0300,19613047,1.000000
2020-04-08,nvda,263.4100,267.9500,260.6000,266.9500,13561113,1.000000
2020-04-09,nvda,272.0000,272.9200,260.4200,262.9500,13156195,1.000000
2020-04-13,nvda,260.5500,270.2000,257.0000,269.8500,9960182,1.000000
2020-04-14,nvda,275.0000,285.3200,273.8890,283.9500,13273667,1.000000
2020-04-15,nvda,277.2000,284.1670,275.3800,280.8400,9153721,1.000000
2020-04-16,nvda,287.0800,299.0000,286.5500,294.7000,18640510,1.000000
2020-04-17,nvda,298.0000,298.8600,286.9400,292.3200,13478049,1.000000
2020-04-20,nvda,287.2400,293.5000,285.2700,287.0500,11234705,1.000000
2020-04-21,nvda,282.3100,284.7700,267.1100,269.5100,18378996,1.000000
2020-04-22,nvda,277.2300,287.8700,275.4000,286.1500,12118228,1.000000
2020-04-23,nvda,287.8400,293.1380,283.0000,284.0100,10603988,1.000000
2020-04-24,nvda,283.6000,289.6700,280.6000,289.5900,8816137,1.000000
2020-04-27,nvda,294.9900,303.5000,294.0000,297.0800,11984699,1.000000
2020-04-28,nvda,303.0000,304.2000,291.1400,291.3600,11072603,1.000000
2020-04-29,nvda,296.7700,300.5800,293.7500,298.4600,9479047,1.000000
2020-04-30,nvda,296.2930,298.4600,291.7200,292.2800,9397943,1.000000
2020-05-01,nvda,284.3500,288.9000,280.8430,282.7800,8552445,1.000000
2020-05-04,nvda,280.8800,291.8400,280.8800,291.2850,7938880,1.000000
2020-05-05,nvda,295.4700,300.2700,291.2900,293.7400,9222391,1.000000
2020-05-06,nvda,296.9300,302.0000,295.4100,297.7900,8086639,1.000000
2020-05-07,nvda,303.3800,307.4100,301.3230,304.8700,9343263,1.000000
2020-05-08,nvda,307.7500,312.7500,306.3900,312.5000,8497678,1.000000
2020-05-11,nvda,312.3000,324.5000,311.1500,322.6200,11726504,1.000000
2020-05-12,nvda,324.9400,326.9000,311.7100,312.1000,12326482,1.000000
2020-05-13,nvda,316.7000,323.1400,303.7900,311.2000,15646252,1.000000
2020-05-14,nvda,313.6650,321.4400,307.5000,321.2200,15057809,1.000000
2020-05-15,nvda,315.5900,340.0200,314.9600,339.6300,24691543,1.000000
2020-05-18,nvda,350.4200,356.6600,347.2200,350.0100,19410086,1.000000
2020-05-19,nvda,351.6100,363.5000,350.5100,352.2200,17933049,1.000000
2020-05-20,nvda,359.6400,361.7200,355.5500,358.8000,14688405,1.000000
2020-05-21,nvda,362.0600,362.0960,349.5000,351.0100,19026741,1.000000
2020-05-22,nvda,353.0100,363.7200,348.5300,361.0500,25969125,1.000000
2020-05-26,nvda,366.2700,367.2700,346.8800,348.7100,19269476,1.000000
2020-05-27,nvda,345.0000,345.3100,319.8700,341.0100,29397306,1.000000
2020-05-28,nvda,336.4900,350.4200,335.1700,339.4800,18403204,1.000000
2020-05-29,nvda,342.1800,355.0200,339.4000,355.0200,18647994,1.000000
2020-06-01,nvda,353.3300,353.6300,347.5800,352.2500,9762775,1.000000
2020-06-02,nvda,351.8500,353.4900,346.3200,353.0100,9783014,1.000000
2020-06-03,nvda,352.8900,354.6500,348.0000,350.7800,9135972,1.000000
2020-06-04,nvda,349.1200,357.7300,347.1000,350.6600,10606960,1.000000
2020-06-05,nvda,351.7800,359.8800,348.3190,356.8000,12043651,1.000000
2020-06-08,nvda,355.0900,355.5850,347.4300,352.2000,9693431,1.000000
2020-06-09,nvda,352.0000,364.3900,350.0500,361.8400,11712221,1.000000
2020-06-10,nvda,366.7100,380.0000,366.1400,374.6700,15804537,1.000000
2020-06-11,nvda,366.0000,370.4500,351.4400,351.8500,14591256,1.000000
2020-06-12,nvda,366.5000,367.4900,348.1340,357.3000,14272704,1.000000
2020-06-15,nvda,352.6100,367.2900,349.7500,366.9500,10000054,1.000000
2020-06-16,nvda,369.0000,370.6700,353.5500,362.7400,13392875,1.000000
2020-06-17,nvda,364.5500,371.9600,362.8100,369.4400,10207641,1.000000
2020-06-18,nvda,369.0800,371.3000,364.5800,368.7200,6360238,1.000000
2020-06-19,nvda,369.7000,377.8000,369.0940,370.4500,13104013,1.000000
2020-06-22,nvda,372.0000,381.2500,370.9320,381.0700,9961662,1.000000
2020-06-23,nvda,382.0400,385.7000,376.3000,378.0000,9377685,1.000000
2020-06-24,nvda,379.0500,382.2550,365.7800,369.4200,11234272,1.000000
2020-06-25,nvda,374.2300,380.2000,367.2900,379.6000,9401800,1.000000
2020-06-26,nvda,380.0000,380.0000,365.0000,366.2000,14802144,1.000000
2020-06-29,nvda,366.7900,368.1800,356.0000,368.0000,8556203,1.000000
2020-06-30,nvda,372.5600,381.0500,370.6600,379.9100,9197300,1.000000
2020-07-01,nvda,380.8300,383.0270,376.5200,381.2000,8166170,1.000000
2020-07-02,nvda,385.5600,389.5000,383.1300,384.4900,9101352,1.000000
2020-07-06,nvda,389.6700,396.3500,388.5000,393.5700,7897343,1.000000
2020-07-07,nvda,397.8500,402.8000,394.0300,394.8700,8944993,1.000000
2020-07-08,nvda,399.7500,409.0000,398.6200,408.6400,9137013,1.000000
2020-07-09,nvda,415.2100,422.8000,409.3400,420.3600,12363680,1.000000
2020-07-10,nvda,423.5500,426.2100,415.1500,419.1700,12441869,1.000000
2020-07-13,nvda,423.8000,431.6900,401.0000,402.0900,11426874,1.000000
2020-07-14,nvda,403.0000,416.1100,391.4200,415.0800,13566855,1.000000
2020-07-15,nvda,416.5700,417.3200,402.2300,409.0900,10099623,1.000000
2020-07-16,nvda,400.6000,408.2700,395.8200,405.3900,8624118,1.000000
2020-07-17,nvda,409.0200,409.9400,403.5100,408.0600,6657116,1.000000
2020-07-20,nvda,410.9700,421.2500,406.2700,420.4300,7121271,1.000000
2020-07-21,nvda,420.5200,422.3970,411.4700,413.1400,6941671,1.000000
2020-07-22,nvda,414.7000,424.1000,411.6620,417.5500,9182271,1.000000
2020-07-23,nvda,418.0000,421.8800,401.2500,405.1900,10291532,1.000000
2020-07-24,nvda,395.0000,414.5900,391.0800,407.7800,11832300,1.000000
2020-07-27,nvda,409.2900,417.6700,408.7100,416.8600,7303255,1.000000
2020-07-28,nvda,414.9700,415.2800,408.3700,408.6200,6790901,1.000000
2020-07-29,nvda,415.6320,420.6500,413.8800,418.6200,7112692,1.000000
2020-07-30,nvda,415.0000,424.9220,411.8100,424.5600,7722004,1.000000
2020-07-31,nvda,422.5300,430.6600,417.3200,424.5900,9657150,1.000000
2020-08-03,nvda,429.3000,443.9500,428.6100,440.4100,10325456,1.000000
2020-08-04,nvda,442.0000,449.1100,436.2400,449.1100,7758390,1.000000
2020-08-05,nvda,449.7600,454.8670,446.6500,451.4700,6262493,1.000000
2020-08-06,nvda,453.9900,454.3200,447.1500,453.4200,6107892,1.000000
2020-08-07,nvda,452.5000,460.1900,441.5000,447.9800,8562899,1.000000
2020-08-10,nvda,453.3700,456.3300,434.2600,446.6000,10694898,1.000000
2020-08-11,nvda,442.9500,445.4700,431.8300,434.0000,8862763,1.000000
2020-08-12,nvda,439.6300,458.6800,438.3300,457.6100,11623573,1.000000
2020-08-13,nvda,461.8400,468.8700,454.2300,457.7200,9361489,1.000000
2020-08-14,nvda,461.2000,468.1900,457.6200,462.5600,9160904,1.000000
2020-08-17,nvda,474.0500,496.3900,472.6880,493.4800,15532523,1.000000
2020-08-18,nvda,498.0000,499.8400,483.4500,490.4300,12586155,1.000000
2020-08-19,nvda,491.8600,492.6000,483.9200,485.5400,15565558,1.000000
2020-08-20,nvda,479.0000,495.0000,475.1500,485.6400,23034656,1.000000
2020-08-21,nvda,488.0700,512.3480,487.8060,507.3400,24996738,1.000000
2020-08-24,nvda,515.3500,516.5000,500.3000,508.8100,12264105,1.000000
2020-08-25,nvda,505.2300,510.4500,502.9500,510.0000,7226920,1.000000
2020-08-26,nvda,511.9690,514.7400,507.1100,510.9200,8031073,1.000000
2020-08-27,nvda,511.2600,514.0000,502.6570,505.1300,7940073,1.000000
2020-08-28,nvda,506.9970,525.9200,505.7000,525.9100,13428963,1.000000
2020-08-31,nvda,527.3110,543.0000,521.5100,534.9800,12521030,1.000000
2020-09-01,nvda,539.2000,559.7500,537.4600,552.8400,12811849,1.000000
2020-09-02,nvda,588.1500,589.0700,556.0000,573.8600,21850322,1.000000
2020-09-03,nvda,553.1500,555.3800,515.1500,520.6200,23628151,1.000000
2020-09-04,nvda,511.3500,527.0000,468.1900,504.9000,36592071,1.000000
2020-09-08,nvda,469.3800,502.0000,468.1700,476.5200,19893237,1.000000
2020-09-09,nvda,496.0000,512.3700,489.2700,508.6000,18404957,1.000000
2020-09-10,nvda,519.5700,522.6100,486.6800,492.4700,17467111,1.000000
2020-09-11,nvda,499.4200,506.1000,475.8300,486.5800,15923172,1.000000
2020-09-14,nvda,523.2400,532.6000,505.2500,514.8900,30043624,1.000000
2020-09-15,nvda,531.2000,531.9500,513.1100,519.6400,18188914,1.000000
2020-09-16,nvda,518.2900,523.7100,500.5500,500.5800,13939985,1.000000
2020-09-17,nvda,485.2900,503.5900,481.3900,498.5400,19812794,1.000000
2020-09-18,nvda,503.7500,505.3000,479.5500,487.5700,17461548,1.000000
2020-09-21,nvda,477.0000,500.9000,476.1800,500.6900,18026061,1.000000
2020-09-22,nvda,503.0000,505.9200,486.2200,505.5100,16161302,1.000000
2020-09-23,nvda,503.0200,509.0800,483.1700,484.9500,16175308,1.000000
2020-09-24,nvda,482.8900,502.7800,480.5600,493.9200,18281008,1.000000
2020-09-25,nvda,497.9000,515.3400,489.8300,514.9500,14700407,1.000000
2020-09-28,nvda,521.6100,522.0700,510.0000,521.4000,14345228,1.000000
2020-09-29,nvda,517.5000,537.7100,517.3300,529.0300,15575124,1.000000
2020-09-30,nvda,526.3000,544.9000,526.0100,541.2200,17229603,1.000000
2020-10-01,nvda,550.3200,550.5100,538.4300,544.5800,13125059,1.000000
2020-10-02,nvda,529.0000,540.7800,522.0400,522.4900,13812397,1.000000
2020-10-05,nvda,529.4400,545.7700,528.9100,545.7000,11995457,1.000000
2020-10-06,nvda,553.2000,565.6800,546.6000,549.4600,19610496,1.000000
2020-10-07,nvda,559.9900,564.7700,554.5400,558.5600,10452129,1.000000
2020-10-08,nvda,563.0000,563.3800,550.3200,553.5500,9472522,1.000000
2020-10-09,nvda,550.6800,552.9700,546.4300,550.5100,8672273,1.000000
2020-10-12,nvda,559.5800,573.8800,556.5000,569.0400,10868595,1.000000
2020-10-13,nvda,571.8600,573.9400,560.7500,569.9300,8615078,1.000000
2020-10-14,nvda,571.6200,573.7100,558.4000,563.8100,6916178,1.000000
2020-10-15,nvda,552.4300,560.2300,550.7100,558.8000,6680628,1.000000
2020-10-16,nvda,561.4700,564.8600,551.7000,552.4600,6065990,1.000000
2020-10-19,nvda,556.1200,559.3400,536.2700,539.9100,7451714,1.000000
2020-10-20,nvda,543.3400,551.9900,540.2800,545.8200,5730301,1.000000
2020-10-21,nvda,545.0000,551.6600,539.1000,540.9900,5489933,1.000000
2020-10-22,nvda,540.9000,544.4700,529.2700,534.4400,7261986,1.000000
2020-10-23,nvda,538.0000,543.7300,531.6500,543.6100,5837107,1.000000
2020-10-26,nvda,537.0800,547.7100,521.5400,525.6500,8422358,1.000000
2020-10-27,nvda,532.2400,537.6800,527.6600,535.8700,6262992,1.000000
2020-10-28,nvda,527.9200,530.4000,504.3600,505.0800,9412952,1.000000
2020-10-29,nvda,513.5400,527.7100,510.0000,520.9600,8002046,1.000000
2020-10-30,nvda,514.0000,517.4600,492.0000,501.3600,10434900,1.000000
2020-11-02,nvda,506.3100,513.4700,495.8000,503.2300,7491316,1.000000
2020-11-03,nvda,508.3400,524.2000,504.1100,520.7800,6822527,1.000000
2020-11-04,nvda,535.5700,553.1000,533.4800,551.7700,10255732,1.000000
2020-11-05,nvda,566.5000,573.5600,559.6400,566.4000,7975708,1.000000
2020-11-06,nvda,564.3900,583.5500,555.8000,582.4800,9583732,1.000000
2020-11-09,nvda,582.1000,587.6600,544.4300,545.2300,14574447,1.000000
2020-11-10,nvda,544.2600,544.2600,505.1300,510.8000,16101680,1.000000
2020-11-11,nvda,522.1500,537.4000,517.9300,536.7200,10118586,1.000000
2020-11-12,nvda,539.1600,550.6400,532.6400,538.2700,9165875,1.000000
2020-11-13,nvda,545.0900,546.7500,522.3700,531.8800,8669058,1.000000
2020-11-16,nvda,526.9000,545.9800,526.2400,540.6100,10344370,1.000000
2020-11-17,nvda,542.1000,543.8500,532.1500,536.8900,7800699,1.000000
2020-11-18,nvda,538.6100,544.2300,527.4000,537.1500,12773133,1.000000
2020-11-19,nvda,528.5100,539.5000,524.0000,537.6100,14148355,1.000000
2020-11-20,nvda,538.1600,539.7800,522.6000,523.5100,8527245,1.000000
2020-11-23,nvda,526.8500,535.3000,520.6200,525.6000,9033855,1.000000
2020-11-24,nvda,525.7000,526.4800,515.4000,518.3100,8662499,1.000000
2020-11-25,nvda,521.3000,530.7800,520.8000,529.3900,6497910,1.000000
2020-11-27,nvda,535.0000,536.3000,526.8200,530.4500,4181880,1.000000
2020-11-30,nvda,530.6000,536.5000,518.8900,536.0600,7173800,1.000000
2020-12-01,nvda,539.6900,541.1500,529.1300,535.6000,7439282,1.000000
2020-12-02,nvda,534.0200,546.9400,529.3700,541.7800,7084030,1.000000
2020-12-03,nvda,543.5000,546.4000,533.1600,535.8400,4988016,1.000000
2020-12-04,nvda,537.9400,542.4000,535.5500,542.3300,5056085,1.000000
2020-12-07,nvda,544.0500,549.2500,540.0000,544.2700,5581081,1.000000
2020-12-08,nvda,543.4000,543.9500,531.2600,534.0000,6798022,1.000000
2020-12-09,nvda,532.0200,536.5600,514.7300,517.2300,10032530,1.000000
2020-12-10,nvda,514.7600,522.7500,513.9800,518.8900,5194118,1.000000
2020-12-11,nvda,518.6900,520.8000,512.9200,520.5300,5231641,1.000000
2020-12-14,nvda,523.5200,535.5500,523.1000,532.3500,6753947,1.000000
2020-12-15,nvda,537.5900,538.5600,527.4700,534.4200,4837148,1.000000
2020-12-16,nvda,536.9000,537.4900,528.5000,529.7000,5577867,1.000000
2020-12-17,nvda,534.6700,535.1800,527.1400,533.6500,5784597,1.000000
2020-12-18,nvda,535.1600,536.2000,522.8200,530.8800,8551616,1.000000
2020-12-21,nvda,522.9900,534.8000,518.7000,533.2900,7558304,1.000000
2020-12-22,nvda,532.7700,533.4900,522.1600,531.1300,4657872,1.000000
2020-12-23,nvda,530.2400,531.0000,520.2000,520.3700,4478569,1.000000
2020-12-24,nvda,521.4900,525.3000,517.5500,519.7500,2447088,1.000000
2020-12-28,nvda,522.5000,522.5000,510.5300,516.0000,5314141,1.000000
2020-12-29,nvda,517.0000,522.9000,513.6900,517.7300,4259304,1.000000
2020-12-30,nvda,519.6100,528.5500,515.8700,525.8300,5634929,1.000000
2020-12-31,nvda,525.4600,526.0500,516.6000,522.2000,4810610,1.000000
2021-01-04,nvda,524.1700,546.1000,518.5000,524.5400,14016045,1.000000
2021-01-05,nvda,523.9900,537.7400,523.4800,536.1900,8068998,1.000000
2021-01-06,nvda,528.9000,529.8000,503.4400,504.5800,14510575,1.000000
2021-01-07,nvda,518.7000,535.1100,515.4600,533.7600,11537037,1.000000
2021-01-08,nvda,534.5000,536.8400,521.6800,531.0700,7313215,1.000000
2021-01-11,nvda,536.7500,558.4400,534.5000,544.8600,12975720,1.000000
2021-01-12,nvda,550.1000,550.1800,533.8000,539.3900,7286943,1.000000
2021-01-13,nvda,539.6000,545.0000,535.4000,541.2700,5250711,1.000000
2021-01-14,nvda,543.0000,543.9900,527.2200,528.0100,7078007,1.000000
2021-01-15,nvda,529.1200,533.0100,513.9400,514.3800,6944532,1.000000
2021-01-19,nvda,520.6500,523.7600,513.7600,521.0100,5654672,1.000000
2021-01-20,nvda,524.4700,537.2200,522.2700,534.6300,6464272,1.000000
2021-01-21,nvda,536.7400,559.9700,530.1200,554.7000,8458490,1.000000
2021-01-22,nvda,549.6000,553.6700,545.0900,548.5000,6170464,1.000000
2021-01-25,nvda,551.2700,553.1400,529.4600,546.1300,6277779,1.000000
2021-01-26,nvda,543.2200,545.7900,535.5000,537.4100,4099510,1.000000
2021-01-27,nvda,529.2000,529.3100,511.7500,516.7100,9281821,1.000000
2021-01-28,nvda,519.8500,533.5900,518.4200,522.0400,5707899,1.000000
2021-01-29,nvda,523.0000,533.3900,516.4600,519.5900,6788801,1.000000
2021-02-01,nvda,522.1300,530.8300,516.1100,529.4800,5430108,1.000000
2021-02-02,nvda,535.9500,542.8800,531.4200,542.2700,5510957,1.000000
2021-02-03,nvda,545.4400,557.2700,540.6600,541.2200,6135232,1.000000
2021-02-04,nvda,541.2400,546.9400,533.5100,546.5700,5033462,1.000000
2021-02-05,nvda,549.0000,549.4900,541.8300,543.6400,4228841,1.000000
2021-02-08,nvda,549.0900,578.9500,549.0900,577.5500,10865571,1.000000
2021-02-09,nvda,573.6300,583.3300,568.9000,570.5300,7189003,1.000000
2021-02-10,nvda,578.5300,596.2000,573.6600,590.5700,12133808,1.000000
2021-02-11,nvda,599.2100,610.8900,597.0000,610.0300,11270693,1.000000
2021-02-12,nvda,602.0000,611.6500,591.0000,598.4500,9368937,1.000000
2021-02-16,nvda,602.5700,614.9000,598.0000,613.2100,8048988,1.000000
2021-02-17,nvda,606.8400,608.9400,591.2000,596.2400,6892467,1.000000
2021-02-18,nvda,589.1600,594.9300,583.0000,593.1600,5852020,1.000000
2021-02-19,nvda,600.9800,607.0800,593.8700,597.0600,6793103,1.000000
2021-02-22,nvda,590.9900,605.3300,573.0000,574.2300,8147139,1.000000
2021-02-23,nvda,563.0100,569.5500,535.5800,565.6800,9794483,1.000000
2021-02-24,nvda,564.9100,580.2700,550.2400,579.9600,11207977,1.000000
2021-02-25,nvda,561.8200,574.9900,528.6500,532.3000,20610901,1.000000
2021-02-26,nvda,550.1000,554.1800,534.4400,548.5800,12523260,1.000000
2021-03-01,nvda,555.0000,557.0000,542.1300,553.6700,8829575,1.000000
2021-03-02,nvda,556.0000,556.8200,535.8400,536.2500,6602853,1.000000
2021-03-03,nvda,537.0500,538.0600,511.9500,512.1900,9439757,1.000000
2021-03-04,nvda,512.0300,519.0000,483.3500,494.8100,14333629,1.000000
2021-03-05,nvda,502.0000,502.0000,467.1700,498.4600,13570971,1.000000
2021-03-08,nvda,498.0000,498.8500,462.6600,463.7300,13577792,1.000000
2021-03-09,nvda,485.2100,504.6700,482.3700,500.8100,13045638,1.000000
2021-03-10,nvda,513.6200,519.2000,498.3000,498.7300,9609414,1.000000
2021-03-11,nvda,518.0000,521.8500,509.3900,519.7400,7497866,1.000000
2021-03-12,nvda,505.9300,515.5500,503.6000,514.2400,6099099,1.000000
2021-03-15,nvda,514.5900,528.2700,510.6900,527.6500,5563011,1.000000
2021-03-16,nvda,534.2600,540.5000,524.6700,531.6500,6803240,1.000000
2021-03-17,nvda,521.5900,538.1300,519.5800,533.6500,6096605,1.000000
2021-03-18,nvda,525.4600,527.3600,508.6800,508.9000,7354702,1.000000
2021-03-19,nvda,510.0000,516.8600,504.5000,513.8300,7480174,1.000000
2021-03-22,nvda,516.5100,535.7800,516.2700,527.4500,7445077,1.000000
2021-03-23,nvda,530.1700,533.7800,520.8500,522.8300,5551152,1.000000
2021-03-24,nvda,526.0500,526.3700,505.4700,505.7200,6145963,1.000000
2021-03-25,nvda,499.9800,508.5900,490.8800,501.4100,7378614,1.000000
2021-03-26,nvda,502.1800,514.2500,494.9400,513.5700,9099224,1.000000
2021-03-29,nvda,512.8100,522.5000,508.0000,517.9300,6837997,1.000000
2021-03-30,nvda,513.6800,519.0100,508.2000,514.8700,5005062,1.000000
2021-03-31,nvda,520.6200,538.8200,519.3000,533.9300,7869438,1.000000
2021-04-01,nvda,542.8900,554.8000,540.4500,552.4700,7706865,1.000000
2021-04-05,nvda,554.7000,560.5600,549.3200,559.5000,6391786,1.000000
2021-04-06,nvda,559.9900,562.1700,550.9400,554.4600,4793649,1.000000
2021-04-07,nvda,555.2300,569.7400,548.4600,565.7400,6282109,1.000000
2021-04-08,nvda,570.1100,578.8600,569.9600,572.6800,6110373,1.000000
2021-04-09,nvda,568.5600,576.3200,567.0000,576.0000,4879272,1.000000
2021-04-12,nvda,571.5900,614.1000,565.5700,608.3600,21733050,1.000000
2021-04-13,nvda,609.2600,628.0000,605.0300,627.1800,16905297,1.000000
2021-04-14,nvda,625.0000,628.8200,609.1000,611.0800,9637548,1.000000
2021-04-15,nvda,626.5000,648.5700,625.2600,645.4900,14962017,1.000000
2021-04-16,nvda,642.1200,646.6300,634.6100,636.5000,8380189,1.000000
2021-04-19,nvda,621.4600,632.3000,609.3200,614.4700,10110452,1.000000
2021-04-20,nvda,612.9300,619.8800,598.5200,606.8500,8353326,1.000000
2021-04-21,nvda,604.7500,614.5000,604.0900,614.4200,5419426,1.000000
2021-04-22,nvda,615.0000,617.5400,591.3400,594.0100,6944657,1.000000
2021-04-23,nvda,597.3700,613.4000,596.0100,610.6100,5694305,1.000000
2021-04-26,nvda,607.4000,619.1600,605.0000,619.1200,4944927,1.000000
2021-04-27,nvda,623.1400,626.8200,614.1800,615.2700,4114325,1.000000
2021-04-28,nvda,614.5800,621.2900,608.6200,611.0700,5235405,1.000000
2021-04-29,nvda,616.0000,617.4600,602.8600,612.9900,4329912,1.000000
2021-04-30,nvda,606.9800,614.6000,599.8800,600.3800,5047752,1.000000
2021-05-03,nvda,605.0000,609.8700,591.5000,593.4700,5097796,1.000000
2021-05-04,nvda,585.4900,585.5000,560.4100,574.0500,10133120,1.000000
2021-05-05,nvda,588.3600,592.5400,575.5000,578.3400,7300576,1.000000
2021-05-06,nvda,579.8100,582.8500,568.7200,580.9200,4834523,1.000000
2021-05-07,nvda,592.3300,598.8300,586.8700,592.4900,5733197,1.000000
2021-05-10,nvda,591.4900,592.2400,570.0000,570.6300,6722595,1.000000
2021-05-11,nvda,553.0000,574.1900,550.0000,572.2500,7139634,1.000000
2021-05-12,nvda,560.3800,570.4100,548.3700,550.3400,7585233,1.000000
2021-05-13,nvda,561.3500,563.2300,538.3600,546.6100,7143187,1.000000
2021-05-14,nvda,555.6000,573.1200,549.9400,569.7200,6465375,1.000000
2021-05-17,nvda,566.2800,566.7700,554.1400,566.6200,5424521,1.000000
2021-05-18,nvda,570.6800,576.1700,560.1600,560.6300,4656356,1.000000
2021-05-19,nvda,542.6600,563.1800,541.7300,562.6300,8599984,1.000000
2021-05-20,nvda,572.1000,587.3500,570.8200,584.5000,8039798,1.000000
2021-05-21,nvda,606.5500,608.8800,594.7800,599.6700,16824800,1.000000
2021-05-24,nvda,608.5000,629.8000,607.0400,624.4800,13870405,1.000000
2021-05-25,nvda,630.6400,632.7400,619.3000,625.9100,10885172,1.000000
2021-05-26,nvda,629.3700,631.7500,623.4500,628.0000,9260966,1.000000
2021-05-27,nvda,627.9900,630.0000,618.4000,619.5200,14536880,1.000000
2021-05-28,nvda,620.0400,651.1000,620.0400,649.7800,16113390,1.000000
2021-06-01,nvda,650.8000,655.5300,636.1300,650.5800,11820075,1.000000
2021-06-02,nvda,650.0900,676.7500,649.4200,671.1300,14854189,1.000000
2021-06-03,nvda,668.0300,690.3600,663.3200,678.7900,14500170,1.000000
2021-06-04,nvda,684.5000,706.4400,683.8200,703.1300,15428007,1.000000
2021-06-07,nvda,702.8500,712.5000,687.7100,704.7600,14393873,1.000000
2021-06-08,nvda,701.0900,704.8600,690.0400,698.2800,8096169,1.000000
2021-06-09,nvda,700.6300,703.0000,690.2300,694.3300,9541437,1.000000
2021-06-10,nvda,694.0000,699.6800,687.0400,697.0000,7194261,1.000000
2021-06-11,nvda,699.1800,717.5700,697.7500,713.0100,10407691,1.000000
2021-06-14,nvda,716.2400,721.5800,706.5100,720.7500,8034357,1.000000
2021-06-15,nvda,716.6000,720.6500,709.1200,711.5400,6075761,1.000000
2021-06-16,nvda,711.6300,718.1900,703.3800,712.4100,7678065,1.000000
2021-06-17,nvda,710.9800,753.4000,710.2500,746.2900,20241372,1.000000
2021-06-18,nvda,751.3600,775.0000,743.3600,745.5500,24221357,1.000000
2021-06-21,nvda,737.4100,741.4600,712.9100,737.0900,16809554,1.000000
2021-06-22,nvda,738.8600,758.5500,735.4400,755.4700,14503639,1.000000
2021-06-23,nvda,760.3100,766.1100,756.3100,762.2900,8308926,1.000000
2021-06-24,nvda,769.1100,776.8000,763.5300,768.2200,8023060,1.000000
2021-06-25,nvda,771.2200,773.8200,755.7800,761.2400,6959148,1.000000
2021-06-28,nvda,774.4500,803.1500,772.7600,799.4000,12385914,1.000000
2021-06-29,nvda,795.3000,803.9500,786.2800,801.0700,9190846,1.000000
2021-06-30,nvda,799.9700,806.5000,794.5500,800.1000,8164154,1.000000
2021-07-01,nvda,805.0000,818.2400,800.7600,808.4800,12003374,1.000000
2021-07-02,nvda,817.6100,820.2100,811.5100,819.4800,8584917,1.000000
2021-07-06,nvda,829.5000,833.6800,814.0100,827.9400,11167687,1.000000
2021-07-07,nvda,834.1400,835.0000,813.2800,814.8700,10460682,1.000000
2021-07-08,nvda,794.2600,805.3200,788.0300,796.1100,12582492,1.000000
2021-07-09,nvda,798.5000,803.2100,790.1700,802.0100,7415567,1.000000
2021-07-12,nvda,809.6000,821.3100,807.5100,820.5000,8049619,1.000000
2021-07-13,nvda,816.0200,818.4500,804.5600,810.0000,7267658,1.000000
2021-07-14,nvda,814.3100,816.7100,790.1100,793.6600,9502480,1.000000
2021-07-15,nvda,792.4700,793.8800,754.3400,758.6500,13764113,1.000000
2021-07-16,nvda,761.2200,766.2800,722.9200,726.4400,17205566,1.000000
2021-07-19,nvda,716.6100,761.6800,714.6200,751.1900,18726469,1.000000
2021-07-20,nvda,187.3000,188.3800,181.6400,186.1200,43468654,1.000000
2021-07-21,nvda,188.8200,195.2700,187.4200,194.1000,37101736,1.000000
2021-07-22,nvda,196.4200,198.8700,192.7600,195.9400,32382595,1.000000
2021-07-23,nvda,196.5600,197.0000,192.5000,195.5800,19567198,1.000000
2021-07-26,nvda,193.1100,194.4200,189.1400,192.9400,20394316,1.000000
2021-07-27,nvda,192.6500,196.2200,187.4100,192.0800,24886258,1.000000
2021-07-28,nvda,193.1900,196.4600,189.9500,195.0300,20219115,1.000000
2021-07-29,nvda,195.1900,198.5300,193.2800,196.6200,19078088,1.000000
2021-07-30,nvda,194.1800,196.3000,192.6300,194.9900,18349746,1.000000
2021-08-02,nvda,197.0000,199.6100,193.6100,197.5000,21744397,1.000000
2021-08-03,nvda,197.4000,202.2200,192.2000,198.1500,30181074,1.000000
2021-08-04,nvda,199.9000,203.1800,198.2800,202.7400,23130940,1.000000
2021-08-05,nvda,205.0000,207.3300,203.4200,206.3700,21143537,1.000000
2021-08-06,nvda,205.2400,205.7000,202.1000,203.6600,17849661,1.000000
2021-08-09,nvda,204.4600,205.0800,201.4300,202.9500,14644310,1.000000
2021-08-10,nvda,203.2200,204.3000,198.3500,199.3600,17923778,1.000000
2021-08-11,nvda,200.4300,200.4900,194.3000,196.9900,18592484,1.000000
2021-08-12,nvda,198.7000,200.2900,196.2000,199.0500,15186155,1.000000
2021-08-13,nvda,199.0500,202.1400,198.5100,201.8800,18306286,1.000000
2021-08-16,nvda,201.3500,202.8700,194.5300,199.5000,21115280,1.000000
2021-08-17,nvda,196.8500,197.7000,192.6700,194.5800,20458485,1.000000
2021-08-18,nvda,195.0000,196.3400,190.0000,190.4000,28591348,1.000000
2021-08-19,nvda,194.9400,204.9500,187.6200,197.9800,76655477,1.000000
2021-08-20,nvda,199.9100,208.6500,199.3300,208.1600,67574131,1.000000
2021-08-23,nvda,209.7100,219.9700,209.5000,219.5800,57580658,1.000000
2021-08-24,nvda,217.5300,219.5900,215.3500,217.9300,29729892,1.000000
2021-08-25,nvda,217.3700,224.7000,217.2200,222.1300,34770104,1.000000
2021-08-26,nvda,222.0000,223.4000,217.9000,220.6800,23794042,1.000000
2021-08-27,nvda,221.8400,227.2200,221.6700,226.3600,30472219,1.000000
2021-08-30,nvda,228.3000,230.4300,225.5100,226.8800,26257990,1.000000
2021-08-31,nvda,226.9500,226.9500,221.2000,223.8500,25984968,1.000000
2021-09-01,nvda,224.8500,226.9700,223.5700,224.4100,20176695,1.000000
2021-09-02,nvda,225.1800,225.9300,222.9500,223.9600,18810957,1.000000
2021-09-03,nvda,223.2500,229.8600,222.0000,228.4300,28083198,1.000000
2021-09-07,nvda,228.3300,228.9900,225.2200,226.6200,19810716,1.000000
2021-09-08,nvda,225.1300,226.1000,219.7700,223.3900,25443421,1.000000
2021-09-09,nvda,223.1200,225.3800,221.3100,221.7700,19685601,1.000000
2021-09-10,nvda,223.4800,226.2600,222.7000,224.7800,24837574,1.000000
2021-09-13,nvda,226.8400,229.6400,218.5800,221.5200,29749990,1.000000
2021-09-14,nvda,222.7500,224.1000,220.8600,222.4200,19975460,1.000000
2021-09-15,nvda,223.0900,223.6700,219.6600,223.4100,16653801,1.000000
2021-09-16,nvda,221.8300,222.7700,219.2700,222.4200,15603344,1.000000
2021-09-17,nvda,223.0000,223.2100,218.3000,219.0000,29450284,1.000000
2021-09-20,nvda,211.4600,214.3300,206.6200,211.1300,34944045,1.000000
2021-09-21,nvda,214.1700,214.2500,209.5000,212.4600,20468810,1.000000
2021-09-22,nvda,213.6600,219.6000,211.9600,219.4100,26872556,1.000000
2021-09-23,nvda,221.4000,225.3500,218.9000,224.8200,24855491,1.000000
2021-09-24,nvda,220.7000,221.4900,218.6100,220.8100,21765545,1.000000
2021-09-27,nvda,217.1000,217.9900,213.2500,216.6000,24521514,1.000000
2021-09-28,nvda,212.1400,214.1900,206.5100,206.9900,34306895,1.000000
2021-09-29,nvda,209.4000,210.1700,204.6700,205.1700,21839363,1.000000
2021-09-30,nvda,207.6800,210.6600,206.8800,207.1600,22100912,1.000000
2021-10-01,nvda,207.5000,208.5900,202.0300,207.4200,24097796,1.000000
2021-10-04,nvda,205.0400,205.4200,195.5500,197.3200,34563497,1.000000
2021-10-05,nvda,199.5000,206.4800,198.5400,204.5100,27928165,1.000000
2021-10-06,nvda,201.2000,207.2000,200.8000,207.0000,29720175,1.000000
2021-10-07,nvda,210.9200,213.2200,209.7200,210.7500,25691893,1.000000
2021-10-08,nvda,211.0100,212.0600,207.7500,208.3100,15125791,1.000000
2021-10-11,nvda,205.7500,210.6300,205.1100,206.9500,16338754,1.000000
2021-10-12,nvda,208.2800,210.5700,205.2800,206.7100,16213354,1.000000
2021-10-13,nvda,209.1800,209.9000,207.1300,209.3900,18065193,1.000000
2021-10-14,nvda,212.8800,217.5500,211.2200,217.4600,24358881,1.000000
2021-10-15,nvda,218.1000,219.3100,216.6200,218.6200,22699401,1.000000
2021-10-18,nvda,217.4900,222.9100,216.4400,222.2200,18949356,1.000000
2021-10-19,nvda,222.7600,223.7900,220.3700,222.9000,16147329,1.000000
2021-10-20,nvda,223.0500,224.3300,219.8200,221.0300,14627594,1.000000
2021-10-21,nvda,220.9700,227.1100,220.8300,226.9200,18759036,1.000000
2021-10-22,nvda,228.2300,231.3000,225.6100,227.2600,24938379,1.000000
2021-10-25,nvda,229.7300,233.5500,227.7000,231.6600,23023483,1.000000
2021-10-26,nvda,239.8900,252.5900,239.2400,247.1700,48589830,1.000000
2021-10-27,nvda,244.7400,250.9000,242.8200,244.5100,24598989,1.000000
2021-10-28,nvda,248.7800,249.5000,245.2300,249.4100,23420431,1.000000
2021-10-29,nvda,250.0100,257.0900,250.0000,255.6700,29250284,1.000000
2021-11-01,nvda,256.4900,258.9400,252.2700,258.2700,26573976,1.000000
2021-11-02,nvda,258.2200,266.7800,258.0000,264.0100,29411239,1.000000
2021-11-03,nvda,266.7000,267.8400,262.3500,265.9800,23991033,1.000000
2021-11-04,nvda,272.2900,313.6500,271.1800,298.0100,115363115,1.000000
2021-11-05,nvda,301.8700,314.0000,294.1000,297.5200,85126015,1.000000
2021-11-08,nvda,301.4900,311.0000,299.0700,308.0400,50310093,1.000000
2021-11-09,nvda,322.8200,323.1000,299.6400,306.5700,64674668,1.000000
2021-11-10,nvda,293.5600,308.5000,287.7800,294.5900,63620572,1.000000
2021-11-11,nvda,304.6800,305.9000,297.7700,303.9000,33217211,1.000000
2021-11-12,nvda,300.1000,306.8000,296.3000,303.9000,41305428,1.000000
2021-11-15,nvda,305.5200,306.4400,292.4700,300.2500,38490900,1.000000
2021-11-16,nvda,297.5900,303.9000,297.0600,302.0300,26448367,1.000000
2021-11-17,nvda,304.1800,305.0900,288.0000,292.6100,42850994,1.000000
2021-11-18,nvda,323.6700,327.6000,313.2100,316.7500,78171075,1.000000
2021-11-19,nvda,322.4300,330.8700,319.0500,329.8500,53386700,1.000000
2021-11-22,nvda,335.1700,346.3600,319.0000,319.5600,75433625,1.000000
2021-11-23,nvda,315.3500,323.6000,308.8000,317.4600,53216270,1.000000
2021-11-24,nvda,314.6100,328.5500,309.2800,326.7400,43516226,1.000000
2021-11-26,nvda,326.0000,327.1000,313.5000,315.0300,28306886,1.000000
2021-11-29,nvda,323.6600,334.1200,320.3600,333.7600,45496398,1.000000
2021-11-30,nvda,331.6900,333.5300,318.6400,326.7600,62206647,1.000000
2021-12-01,nvda,332.1900,332.8900,313.8000,314.3500,48580204,1.000000
2021-12-02,nvda,312.1400,324.7800,310.2500,321.2600,47289233,1.000000
2021-12-03,nvda,320.0000,321.2900,301.3000,306.9300,54432505,1.000000
2021-12-06,nvda,298.8000,302.4100,280.3800,300.3700,65893845,1.000000
2021-12-07,nvda,309.5700,324.4900,306.5100,324.2700,59305348,1.000000
2021-12-08,nvda,319.9900,322.9000,314.2100,318.2600,47555145,1.000000
2021-12-09,nvda,317.3400,322.0500,304.2800,304.9000,48850716,1.000000
2021-12-10,nvda,311.5000,313.0500,298.6100,301.9800,48882509,1.000000
2021-12-13,nvda,302.4900,302.9400,281.1600,281.6100,59834409,1.000000
2021-12-14,nvda,276.9900,286.7800,272.5000,283.3700,66703537,1.000000
2021-12-15,nvda,284.0000,305.0000,278.4400,304.5900,69830697,1.000000
2021-12-16,nvda,311.5200,311.6000,280.9300,283.8700,70736595,1.000000
2021-12-17,nvda,279.8500,289.2200,277.6000,278.0100,71662239,1.000000
2021-12-20,nvda,273.0500,281.4400,271.4500,277.1900,46184676,1.000000
2021-12-21,nvda,283.7400,291.2000,274.0100,290.7500,52438494,1.000000
2021-12-22,nvda,288.9100,295.5500,284.4900,294.0000,39518438,1.000000
2021-12-23,nvda,297.5500,300.5900,294.3100,296.4000,34302174,1.000000
2021-12-27,nvda,296.6000,310.8700,296.4000,309.4500,40368587,1.000000
2021-12-28,nvda,313.1200,313.3000,300.1200,303.2200,42059121,1.000000
2021-12-29,nvda,302.7300,305.4800,293.6600,300.0100,34314028,1.000000
2021-12-30,nvda,298.2700,304.5700,295.4000,295.8600,30886422,1.000000
2021-12-31,nvda,296.7400,300.3000,293.3100,294.1100,26652991,1.000000
2022-01-03,nvda,298.1500,307.1100,297.8500,301.2100,39240294,1.000000
2022-01-04,nvda,302.7700,304.6800,283.4900,292.9000,52715440,1.000000
2022-01-05,nvda,289.4900,294.1500,275.3300,276.0400,49806398,1.000000
2022-01-06,nvda,276.4000,284.3800,270.6500,281.7800,45418637,1.000000
2022-01-07,nvda,281.4100,284.2200,270.5700,272.4700,40993851,1.000000
2022-01-10,nvda,265.8100,274.6900,256.4400,274.0000,59468178,1.000000
2022-01-11,nvda,273.2300,280.6500,268.3900,278.1700,40408929,1.000000
2022-01-12,nvda,280.6700,285.9500,276.0800,279.9900,38341354,1.000000
2022-01-13,nvda,283.7900,284.8000,264.9800,265.7500,53886838,1.000000
2022-01-14,nvda,263.0000,271.9700,262.1000,269.4200,39583339,1.000000
2022-01-18,nvda,262.6000,266.3800,257.7000,259.0300,42530617,1.000000
2022-01-19,nvda,260.7900,265.4300,250.5200,250.6700,48831451,1.000000
2022-01-20,nvda,253.0400,255.7900,240.7800,241.5000,43518073,1.000000
2022-01-21,nvda,235.0700,248.2300,232.6300,233.7400,71895784,1.000000
2022-01-24,nvda,223.3000,233.8000,208.8800,233.7200,91581063,1.000000
2022-01-25,nvda,225.4600,229.4300,220.0000,223.2400,66461636,1.000000
2022-01-26,nvda,232.4000,240.5700,223.0000,227.7200,75595873,1.000000
2022-01-27,nvda,235.6800,239.9500,216.7500,219.4400,57335272,1.000000
2022-01-28,nvda,220.1200,228.5800,212.9600,228.4000,54377425,1.000000
2022-01-31,nvda,231.8200,245.0900,230.5200,244.8600,56467968,1.000000
2022-02-01,nvda,251.0400,251.4500,238.9000,246.3800,51892517,1.000000
2022-02-02,nvda,257.9400,258.1700,245.5300,252.4200,54341941,1.000000
2022-02-03,nvda,244.5800,250.7700,237.8000,239.4800,41017778,1.000000
2022-02-04,nvda,239.7200,246.3500,236.3200,243.1900,35482850,1.000000
2022-02-07,nvda,243.7200,251.8200,242.0200,247.2800,37686750,1.000000
2022-02-08,nvda,243.5900,252.3000,239.8000,251.0800,41035864,1.000000
2022-02-09,nvda,256.2200,267.2500,253.5300,267.0500,52428166,1.000000
2022-02-10,nvda,259.9500,269.2500,256.0000,258.2400,51319972,1.000000
2022-02-11,nvda,259.1600,261.5200,237.7300,239.4900,60547198,1.000000
2022-02-14,nvda,239.3400,248.7500,237.5500,242.6700,44042443,1.000000
2022-02-15,nvda,249.4900,265.4500,247.8400,264.9500,70175280,1.000000
2022-02-16,nvda,262.5900,265.8200,255.5200,265.1100,73267633,1.000000
2022-02-17,nvda,256.3000,257.8500,241.6500,245.0700,81059508,1.000000
2022-02-18,nvda,246.6800,249.8600,231.0000,236.4200,76125491,1.000000
2022-02-22,nvda,230.3500,240.6400,230.0000,233.9000,63342244,1.000000
2022-02-23,nvda,238.0200,241.5500,223.0100,223.8700,56651077,1.000000
2022-02-24,nvda,210.1500,238.0000,208.9000,237.4800,73580063,1.000000
2022-02-25,nvda,237.2100,242.1700,233.8100,241.5700,52886551,1.000000
2022-02-28,nvda,239.9200,246.6500,237.0700,243.8500,47731861,1.000000
2022-03-01,nvda,242.9100,243.7700,231.3200,234.7700,41205598,1.000000
2022-03-02,nvda,237.5600,244.0900,234.1500,242.2000,38964185,1.000000
2022-03-03,nvda,242.6200,243.2600,234.6900,237.1400,36509504,1.000000
2022-03-04,nvda,233.8400,236.8000,224.8200,229.3600,43201070,1.000000
2022-03-07,nvda,228.1700,230.3300,213.3000,213.5200,45082089,1.000000
2022-03-08,nvda,213.0900,223.7300,206.5000,215.1400,55746719,1.000000
2022-03-09,nvda,223.8700,232.2000,222.4700,230.1400,49274195,1.000000
2022-03-10,nvda,225.3100,227.8800,218.8200,226.5800,42806565,1.000000
2022-03-11,nvda,230.2200,231.4500,220.4600,221.0000,36720857,1.000000
2022-03-14,nvda,218.6900,222.6200,211.5900,213.3000,38535424,1.000000
2022-03-15,nvda,215.1800,230.3800,213.2200,229.7300,49199569,1.000000
2022-03-16,nvda,235.0000,245.9700,231.7200,244.9600,67142174,1.000000
2022-03-17,nvda,241.2000,248.4200,239.0600,247.6600,47194119,1.000000
2022-03-18,nvda,247.9900,265.6900,246.2400,264.5300,73071856,1.000000
2022-03-21,nvda,265.0700,271.5200,259.6700,267.3400,59172708,1.000000
2022-03-22,nvda,267.2700,272.3800,260.7200,265.2400,54700710,1.000000
2022-03-23,nvda,261.2600,266.1200,255.7500,256.3400,50211986,1.000000
2022-03-24,nvda,261.6600,283.2000,259.0700,281.5000,87737914,1.000000
2022-03-25,nvda,278.8600,283.5800,272.7100,276.9200,57901618,1.000000
2022-03-28,nvda,277.5600,282.5000,272.0600,282.1900,42549392,1.000000
2022-03-29,nvda,286.9500,289.4600,279.8000,286.5600,48898440,1.000000
2022-03-30,nvda,283.0400,284.9600,275.0300,276.9000,46348713,1.000000
2022-03-31,nvda,277.8200,282.4800,272.7000,272.8600,52344022,1.000000
2022-04-01,nvda,273.7500,274.9600,262.6700,267.1200,51723511,1.000000
2022-04-04,nvda,267.2800,275.5800,266.1300,273.6000,39770782,1.000000
2022-04-05,nvda,272.5400,273.1900,258.2000,259.3100,43661473,1.000000
2022-04-06,nvda,249.3400,253.0000,240.0300,244.0700,70383256,1.000000
2022-04-07,nvda,244.4100,247.2200,234.7800,242.0800,55799236,1.000000
2022-04-08,nvda,239.1700,239.2300,230.6200,231.1900,52478064,1.000000
2022-04-11,nvda,222.1400,223.2000,216.6000,219.1700,57520684,1.000000
2022-04-12,nvda,225.3700,227.2500,212.8200,215.0400,66225807,1.000000
2022-04-13,nvda,217.2800,225.0000,214.5500,222.0300,51694344,1.000000
2022-04-14,nvda,225.0500,227.7700,211.6300,212.5800,56909685,1.000000
2022-04-18,nvda,212.0000,220.8800,210.7900,217.8300,52570061,1.000000
2022-04-19,nvda,217.2000,223.7300,213.1400,221.9800,51278058,1.000000
2022-04-20,nvda,225.1700,226.7000,212.0000,214.8200,46897444,1.000000
2022-04-21,nvda,217.0900,223.9200,200.0000,201.8300,65620944,1.000000
2022-04-22,nvda,203.0300,204.8600,195.0000,195.1500,62471343,1.000000
2022-04-25,nvda,192.0200,199.4500,190.9600,199.0200,64156561,1.000000
2022-04-26,nvda,197.1800,197.8800,186.7000,187.8800,65314250,1.000000
2022-04-27,nvda,185.9800,191.6700,182.9000,184.1500,49946017,1.000000
2022-04-28,nvda,189.6700,200.3700,184.9000,197.8200,57032671,1.000000
2022-04-29,nvda,194.0200,201.2800,185.1700,185.4700,50043491,1.000000
2022-05-02,nvda,185.4100,195.7400,183.9100,195.3300,57204868,1.000000
2022-05-03,nvda,194.0000,198.2500,191.3300,196.0200,47575084,1.000000
2022-05-04,nvda,199.2300,204.0000,187.5100,203.3400,64885463,1.000000
2022-05-05,nvda,198.6700,199.2500,185.0000,188.4400,62633141,1.000000
2022-05-06,nvda,187.3600,195.1200,179.9000,186.7500,63329672,1.000000
2022-05-09,nvda,180.3400,182.5500,168.2700,169.5000,64445451,1.000000
2022-05-10,nvda,176.8900,181.9800,170.2500,175.9500,76147429,1.000000
2022-05-11,nvda,173.4700,177.5300,165.6800,166.3000,67016703,1.000000
2022-05-12,nvda,162.1900,167.8800,155.6700,161.7500,70872837,1.000000
2022-05-13,nvda,167.8800,179.2800,165.9300,177.0600,67043651,1.000000
2022-05-16,nvda,175.0900,177.8800,171.0600,172.6400,52144598,1.000000
2022-05-17,nvda,180.7400,183.7100,176.3400,181.7700,58582971,1.000000
2022-05-18,nvda,177.0500,181.1800,168.6400,169.3800,54516106,1.000000
2022-05-19,nvda,169.3700,176.8700,167.3400,171.2400,62130959,1.000000
2022-05-20,nvda,173.3200,174.1000,157.5500,166.9400,73910526,1.000000
2022-05-23,nvda,162.7400,169.1500,161.7900,168.9800,63988869,1.000000
2022-05-24,nvda,165.1000,165.9700,157.8000,161.5400,58855002,1.000000
2022-05-25,nvda,160.2000,171.1100,160.0000,169.7500,78113607,1.000000
2022-05-26,nvda,160.3600,180.9200,160.2200,178.5100,99657452,1.000000
2022-05-27,nvda,181.8600,188.8100,181.0000,188.1100,73837935,1.000000
2022-05-31,nvda,189.8000,191.7300,183.5000,186.7200,66409953,1.000000
2022-06-01,nvda,187.2400,190.5300,181.2200,183.2000,54451390,1.000000
2022-06-02,nvda,182.9200,196.1900,181.9800,195.9200,64865580,1.000000
2022-06-03,nvda,190.8200,193.3200,185.2200,187.2000,59877870,1.000000
2022-06-06,nvda,191.3900,193.3700,185.6400,187.8600,42240675,1.000000
2022-06-07,nvda,184.7200,190.0000,181.9100,189.2600,38891413,1.000000
2022-06-08,nvda,187.9900,191.8000,185.3500,186.4800,36325246,1.000000
2022-06-09,nvda,184.8100,189.3300,180.4100,180.4800,39557423,1.000000
2022-06-10,nvda,176.0000,176.9700,168.6900,169.7400,46564966,1.000000
2022-06-13,nvda,160.0000,163.1200,156.0600,156.4700,60415338,1.000000
2022-06-14,nvda,157.3100,160.6600,154.1200,158.3600,46967952,1.000000
2022-06-15,nvda,160.9500,168.6800,159.2600,165.2700,56393565,1.000000
2022-06-16,nvda,158.6000,159.4200,154.0100,156.0100,54574867,1.000000
2022-06-17,nvda,156.4800,159.9500,153.2800,158.8000,63033397,1.000000
2022-06-21,nvda,164.7500,170.0800,164.0700,165.6600,48308888,1.000000
2022-06-22,nvda,162.2600,166.6200,161.8000,163.6000,43799744,1.000000
2022-06-23,nvda,165.1900,165.8500,158.5300,162.2500,46367959,1.000000
2022-06-24,nvda,165.0000,171.4000,163.1000,171.2600,47215283,1.000000
2022-06-27,nvda,173.1200,173.3000,166.2600,168.6900,42796788,1.000000
2022-06-28,nvda,169.0000,172.0200,159.4500,159.8200,46185936,1.000000
2022-06-29,nvda,158.1400,158.2000,151.7000,155.4200,48235228,1.000000
2022-06-30,nvda,153.6100,155.6700,148.6200,151.5900,68607003,1.000000
2022-07-01,nvda,148.9900,150.6300,143.9200,145.2300,57761008,1.000000
2022-07-05,nvda,141.7500,149.7100,140.5500,149.6400,65220761,1.000000
2022-07-06,nvda,150.1000,153.1900,147.8900,151.3000,52906586,1.000000
2022-07-07,nvda,154.5600,159.4500,153.8900,158.5800,49290276,1.000000
2022-07-08,nvda,154.3000,160.3700,153.8900,158.3800,46797176,1.000000
2022-07-11,nvda,155.2600,155.2700,150.3800,151.5200,43838873,1.000000
2022-07-12,nvda,152.6800,154.3100,148.7700,150.8200,45848310,1.000000
2022-07-13,nvda,145.9000,153.7500,144.6500,151.6400,52191834,1.000000
2022-07-14,nvda,151.0800,154.7300,147.2800,153.7200,45623484,1.000000
2022-07-15,nvda,156.5900,157.8200,154.4500,157.6200,38593547,1.000000
2022-07-18,nvda,163.0200,168.9700,160.0200,161.0100,67051745,1.000000
2022-07-19,nvda,164.8600,171.1000,161.7200,169.9200,70236608,1.000000
2022-07-20,nvda,169.4700,179.3300,168.0100,178.0700,76053779,1.000000
2022-07-21,nvda,178.8500,181.4400,175.4500,180.5000,55704928,1.000000
2022-07-22,nvda,178.9300,179.6700,171.3700,173.1900,53667088,1.000000
2022-07-25,nvda,170.1900,171.2400,166.4900,170.2400,48074751,1.000000
2022-07-26,nvda,168.8900,169.1900,164.7800,165.3300,39786491,1.000000
2022-07-27,nvda,170.3200,179.3600,169.1300,177.9000,56977623,1.000000
2022-07-28,nvda,179.7500,181.4000,174.4000,179.8400,47464628,1.000000
2022-07-29,nvda,178.1300,182.4400,176.9200,181.6300,43546042,1.000000
2022-08-01,nvda,181.8200,188.4600,179.9000,184.4100,47646904,1.000000
2022-08-02,nvda,181.2200,189.3800,180.9200,185.2600,48952692,1.000000
2022-08-03,nvda,181.8400,189.6800,181.3700,188.9300,41814557,1.000000
2022-08-04,nvda,188.4900,192.7400,187.6000,192.1500,40965227,1.000000
2022-08-05,nvda,188.1000,192.2900,186.6600,189.8900,38606829,1.000000
2022-08-08,nvda,175.0200,182.3900,172.4200,177.9300,98378318,1.000000
2022-08-09,nvda,172.5200,174.4700,167.2400,170.8600,66826265,1.000000
2022-08-10,nvda,176.9800,181.1800,173.1700,180.9700,59742246,1.000000
2022-08-11,nvda,181.3100,187.0700,178.7600,179.4200,50932655,1.000000
2022-08-12,nvda,181.6000,187.1800,179.5300,187.0900,47809415,1.000000
2022-08-15,nvda,187.0100,191.6400,186.1300,190.3200,45766556,1.000000
2022-08-16,nvda,189.2000,191.4200,185.0100,188.7900,45123964,1.000000
2022-08-17,nvda,185.2300,186.8800,181.4500,183.3500,44679911,1.000000
2022-08-18,nvda,183.0100,188.6500,181.8300,187.7300,41544656,1.000000
2022-08-19,nvda,184.0600,185.2000,177.7000,178.4900,44158833,1.000000
2022-08-22,nvda,174.9000,175.5800,169.6600,170.3400,40959271,1.000000
2022-08-23,nvda,169.8900,174.6500,169.7000,171.8100,36998577,1.000000
2022-08-24,nvda,170.1200,174.0600,168.9500,172.2200,52266071,1.000000
2022-08-25,nvda,168.4400,179.4700,168.3300,179.1300,77069133,1.000000
2022-08-26,nvda,178.5700,179.2400,162.3700,162.6000,76912743,1.000000
2022-08-29,nvda,160.2000,163.3800,157.6700,158.0100,49613194,1.000000
2022-08-30,nvda,159.6000,160.3900,151.8200,154.6800,53018069,1.000000
2022-08-31,nvda,153.8400,155.4000,149.5900,150.9400,57370986,1.000000
2022-09-01,nvda,142.0900,143.8000,132.7000,139.3700,117886514,1.000000
2022-09-02,nvda,141.0000,141.7100,135.9100,136.4700,74315746,1.000000
2022-09-06,nvda,137.3100,137.7900,133.5100,134.6500,53575118,1.000000
2022-09-07,nvda,135.6300,138.3800,133.4600,137.1400,51265746,1.000000
2022-09-08,nvda,134.5900,140.0800,133.6900,139.9000,62487312,1.000000
2022-09-09,nvda,141.5700,144.7400,141.2600,143.8700,48712842,1.000000
2022-09-12,nvda,143.6900,145.4700,141.9800,145.0500,48415924,1.000000
2022-09-13,nvda,138.0200,139.2200,130.9900,131.3100,71495563,1.000000
2022-09-14,nvda,132.5400,132.9000,129.1300,131.2800,58850654,1.000000
2022-09-15,nvda,130.1500,132.3300,127.9000,129.2900,52362516,1.000000
2022-09-16,nvda,127.4200,132.1200,126.1700,131.9800,67075140,1.000000
2022-09-19,nvda,130.1200,134.6300,130.1000,133.8200,56968528,1.000000
2022-09-20,nvda,132.1500,134.8300,130.5700,131.7600,52481775,1.000000
2022-09-21,nvda,132.1300,140.3100,131.1000,132.6100,80767940,1.000000
2022-09-22,nvda,130.7000,131.4900,124.2800,125.6100,75916216,1.000000
2022-09-23,nvda,124.2000,126.1100,122.5700,125.1600,66330931,1.000000
2022-09-26,nvda,124.9100,126.5900,122.1400,122.2800,54734269,1.000000
2022-09-27,nvda,125.0700,127.3600,122.5800,124.1300,55385406,1.000000
2022-09-28,nvda,124.1000,128.2300,123.5400,127.3600,54241388,1.000000
2022-09-29,nvda,124.4800,125.0000,119.4600,122.2000,53276312,1.000000
2022-09-30,nvda,120.8700,126.3300,120.7500,121.3900,56563842,1.000000
2022-10-03,nvda,123.4700,126.7800,121.0500,125.1200,54747847,1.000000
2022-10-04,nvda,128.7900,132.2000,128.7900,131.6700,58418167,1.000000
2022-10-05,nvda,129.1100,133.2100,126.2100,132.0900,50713073,1.000000
2022-10-06,nvda,132.2000,136.5600,131.0300,131.3000,64415689,1.000000
2022-10-07,nvda,125.0500,126.7000,120.2200,120.7600,67247816,1.000000
2022-10-10,nvda,120.3700,121.2400,114.0800,116.7000,69869925,1.000000
2022-10-11,nvda,115.6100,118.4600,112.8300,115.8600,66748163,1.000000
2022-10-12,nvda,115.7900,117.3500,113.4500,115.0000,49259019,1.000000
2022-10-13,nvda,109.7100,120.7800,108.1300,119.6000,85010301,1.000000
2022-10-14,nvda,120.5700,121.1100,112.0400,112.2700,71343199,1.000000
2022-10-17,nvda,115.1800,119.4800,115.1700,118.8800,58077417,1.000000
2022-10-18,nvda,123.4400,124.9200,116.1800,119.6700,65936206,1.000000
2022-10-19,nvda,118.7900,123.5000,118.3400,120.5100,52313061,1.000000
2022-10-20,nvda,121.1300,127.6900,121.0500,121.9400,65239761,1.000000
2022-10-21,nvda,120.9800,124.9800,118.8700,124.6600,60949441,1.000000
2022-10-24,nvda,125.0800,127.1000,120.6400,125.9900,51745740,1.000000
2022-10-25,nvda,126.9400,133.0000,126.6400,132.6100,50548233,1.000000
2022-10-26,nvda,128.6900,133.8800,127.0800,128.9600,53553329,1.000000
2022-10-27,nvda,136.3000,138.3800,131.2200,131.7600,58311308,1.000000
2022-10-28,nvda,131.0400,138.5000,130.6100,138.3400,52103993,1.000000
2022-10-31,nvda,137.7800,138.3800,132.9700,134.9700,48634099,1.000000
2022-11-01,nvda,138.1100,139.2500,135.1900,135.4300,43281690,1.000000
2022-11-02,nvda,138.5000,142.1000,132.1100,132.1900,67262784,1.000000
2022-11-03,nvda,130.4300,137.8100,129.5600,134.2100,50006486,1.000000
2022-11-04,nvda,139.8600,142.2900,136.9700,141.5600,61257591,1.000000
2022-11-07,nvda,142.2800,144.1200,139.5400,143.0100,41006095,1.000000
2022-11-08,nvda,148.0100,148.9100,142.1600,146.0200,59529199,1.000000
2022-11-09,nvda,141.6200,142.1100,137.5900,137.7600,45441366,1.000000
2022-11-10,nvda,148.0000,157.7300,145.4700,157.5000,70081925,1.000000
2022-11-11,nvda,158.0800,163.8900,154.8200,163.2700,65548747,1.000000
2022-11-14,nvda,162.1800,165.4000,159.2200,162.9500,52785245,1.000000
2022-11-15,nvda,167.2200,169.9800,163.8200,166.6600,54587550,1.000000
2022-11-16,nvda,161.6200,163.6200,158.7300,159.1000,64954684,1.000000
2022-11-17,nvda,157.1500,162.6600,155.3500,156.7700,71089356,1.000000
2022-11-18,nvda,159.6600,160.0200,151.2000,154.0900,49207165,1.000000
2022-11-21,nvda,151.4700,154.7700,150.8000,153.1700,40473931,1.000000
2022-11-22,nvda,153.2800,160.5800,151.2200,160.3800,47286607,1.000000
2022-11-23,nvda,160.9800,165.2700,160.4800,165.1900,42724093,1.000000
2022-11-25,nvda,163.1800,164.8700,161.7200,162.7000,16793430,1.000000
2022-11-28,nvda,160.2600,163.5700,157.2500,158.2700,30415201,1.000000
2022-11-29,nvda,158.2700,159.3200,155.2000,156.3900,29838449,1.000000
2022-11-30,nvda,156.9700,169.3000,155.9700,169.2300,56529822,1.000000
2022-12-01,nvda,169.9900,172.6500,166.3500,171.3500,47097657,1.000000
2022-12-02,nvda,166.5900,169.3300,164.4500,168.7600,37138858,1.000000
2022-12-05,nvda,166.7900,169.9500,164.7200,166.1000,35225517,1.000000
2022-12-06,nvda,165.3000,165.7300,158.1900,159.8700,35269427,1.000000
2022-12-07,nvda,157.7200,161.8600,156.6700,161.2000,37238758,1.000000
2022-12-08,nvda,162.7300,171.7900,159.5900,171.6900,51545554,1.000000
2022-12-09,nvda,171.6000,175.8300,169.7500,170.0100,46533819,1.000000
2022-12-12,nvda,170.3700,175.3800,167.9700,175.3500,45732780,1.000000
2022-12-13,nvda,185.3100,187.9000,177.1100,180.7200,65658876,1.000000
2022-12-14,nvda,179.8700,182.5200,174.2000,176.7400,49688810,1.000000
2022-12-15,nvda,171.4600,173.2000,167.0000,169.5200,47854210,1.000000
2022-12-16,nvda,168.6400,170.4100,164.1000,165.7100,47823193,1.000000
2022-12-19,nvda,165.7200,166.0900,161.4500,162.5400,35403877,1.000000
2022-12-20,nvda,160.6400,163.1000,158.5200,160.8500,40325979,1.000000
2022-12-21,nvda,161.1400,166.2700,161.0200,165.0100,32502538,1.000000
2022-12-22,nvda,160.9400,161.3800,148.8200,153.3900,56504527,1.000000
2022-12-23,nvda,151.9600,153.3900,148.8300,152.0600,34932563,1.000000
2022-12-27,nvda,150.7400,151.0000,140.5600,141.2100,46490226,1.000000
2022-12-28,nvda,139.2700,142.6200,138.8400,140.3600,35106645,1.000000
2022-12-29,nvda,144.0200,146.8300,142.2700,146.0300,35492324,1.000000
2022-12-30,nvda,143.3400,146.2900,142.3300,146.1400,31048983,1.000000
2023-01-03,nvda,148.5100,149.9600,140.9600,143.1500,40127658,1.000000
2023-01-04,nvda,145.6700,148.5300,142.4100,147.4900,43132360,1.000000
2023-01-05,nvda,144.9100,145.6400,141.4800,142.6500,38916811,1.000000
2023-01-06,nvda,144.7400,150.1000,140.3400,148.5900,40504362,1.000000
2023-01-09,nvda,152.8400,160.5600,151.4100,156.2800,50423056,1.000000
2023-01-10,nvda,155.0700,159.6200,154.7200,159.0900,38410126,1.000000
2023-01-11,nvda,158.4000,160.2800,155.6300,160.0100,35328493,1.000000
2023-01-12,nvda,161.0000,166.3700,154.9200,165.1100,55140906,1.000000
2023-01-13,nvda,162.7800,169.2200,161.6500,168.9900,44728706,1.000000
2023-01-17,nvda,168.9900,177.2800,168.9900,177.0200,51110216,1.000000
2023-01-18,nvda,176.6700,178.7300,172.8200,173.7700,43962355,1.000000
2023-01-19,nvda,170.3600,171.9700,167.3100,167.6500,45293160,1.000000
2023-01-20,nvda,170.1100,178.5600,168.2500,178.3900,56496712,1.000000
2023-01-23,nvda,180.6400,192.4500,178.1800,191.9300,65516259,1.000000
2023-01-24,nvda,188.2700,194.9500,188.2000,192.6500,49620410,1.000000
2023-01-25,nvda,189.1300,193.7000,185.8000,193.2300,44953711,1.000000
2023-01-26,nvda,197.0100,201.6600,192.7800,198.0200,48953542,1.000000
2023-01-27,nvda,194.6200,206.2800,194.0500,203.6500,54214198,1.000000
2023-01-30,nvda,199.5000,201.4000,191.5000,191.6200,48861115,1.000000
2023-01-31,nvda,191.7000,196.8700,189.5000,195.3700,49801658,1.000000
2023-02-01,nvda,196.9100,211.9200,196.1100,209.4300,66047704,1.000000
2023-02-02,nvda,210.0000,219.4900,207.0000,217.0900,56427580,1.000000
2023-02-03,nvda,210.0000,217.4500,207.8900,211.0000,42936595,1.000000
2023-02-06,nvda,208.0600,215.7000,207.8600,210.8900,45219709,1.000000
2023-02-07,nvda,213.8200,222.5900,211.5000,221.7300,66414961,1.000000
2023-02-08,nvda,223.8700,228.7800,220.0800,222.0500,55965122,1.000000
2023-02-09,nvda,226.0600,230.2000,221.2000,223.3700,52387578,1.000000
2023-02-10,nvda,216.9000,220.7800,208.1100,212.6500,55073675,1.000000
2023-02-13,nvda,215.3800,220.4800,209.6200,217.8800,47491862,1.000000
2023-02-14,nvda,215.7800,230.4900,213.6600,229.7100,67547350,1.000000
2023-02-15,nvda,225.4900,228.5500,221.0600,227.6400,42118826,1.000000
2023-02-16,nvda,221.3300,225.5000,219.2700,220.0200,41202628,1.000000
2023-02-17,nvda,216.3100,217.4000,209.7500,213.8800,46588764,1.000000
2023-02-21,nvda,210.0000,214.9400,206.1800,206.5500,41001455,1.000000
2023-02-22,nvda,207.0700,211.0400,204.2100,207.5400,51318432,1.000000
2023-02-23,nvda,234.4000,238.8800,230.2500,236.6400,111799541,1.000000
2023-02-24,nvda,232.2500,234.7400,229.4700,232.8600,58971591,1.000000
2023-02-27,nvda,236.7000,238.8000,234.5400,235.0100,45299367,1.000000
2023-02-28,nvda,233.7200,238.2500,232.0600,232.1600,45596280,1.000000
2023-03-01,nvda,231.9200,232.5600,225.0800,226.9800,46002562,1.000000
2023-03-02,nvda,224.8800,233.8000,224.3200,233.1400,39007465,1.000000
2023-03-03,nvda,233.2000,239.0000,231.3000,238.9000,41239330,1.000000
2023-03-06,nvda,238.9100,242.4800,234.8700,235.5400,43742923,1.000000
2023-03-07,nvda,236.0000,241.2500,232.4100,232.8800,51515388,1.000000
2023-03-08,nvda,234.8700,242.0000,234.2400,241.8100,51357339,1.000000
2023-03-09,nvda,241.7500,244.5400,233.8300,234.3600,50125699,1.000000
2023-03-10,nvda,234.0900,236.2700,227.2600,229.6500,47486565,1.000000
2023-03-13,nvda,227.5200,232.9800,222.9700,229.6600,42189032,1.000000
2023-03-14,nvda,234.9600,242.1900,234.6000,240.6300,47491013,1.000000
2023-03-15,nvda,237.6100,242.8600,233.6000,242.2800,52448574,1.000000
2023-03-16,nvda,240.2700,255.8800,238.9400,255.4100,58494626,1.000000
2023-03-17,nvda,259.8200,263.9900,256.6800,257.2500,84854656,1.000000
2023-03-20,nvda,256.1500,260.2400,251.3000,259.0000,43274719,1.000000
2023-03-21,nvda,261.8000,263.9200,253.8100,261.9900,54740776,1.000000
2023-03-22,nvda,264.2500,275.8900,262.3700,264.6800,79729511,1.000000
2023-03-23,nvda,271.1600,274.9900,266.9000,271.9100,56488876,1.000000
2023-03-24,nvda,270.3100,271.6700,263.5500,267.7900,45541407,1.000000
2023-03-27,nvda,268.3700,270.0000,263.6500,265.3100,36102574,1.000000
2023-03-28,nvda,264.4700,265.1300,258.5000,264.1000,35610378,1.000000
2023-03-29,nvda,268.2500,270.7800,265.9700,269.8400,39369387,1.000000
2023-03-30,nvda,272.2900,274.9900,271.0200,273.8300,36451574,1.000000
2023-03-31,nvda,271.4000,278.3400,271.0500,277.7700,43393277,1.000000
2023-04-03,nvda,275.0900,280.0000,273.3600,279.6500,39871560,1.000000
2023-04-04,nvda,279.6600,280.0000,273.0700,274.5300,36859153,1.000000
2023-04-05,nvda,268.2900,269.9800,263.9500,268.8100,51501474,1.000000
2023-04-06,nvda,265.8400,270.8000,264.2700,270.3700,39765434,1.000000
2023-04-10,nvda,268.2300,276.2100,266.6900,275.7900,39527855,1.000000
2023-04-11,nvda,277.2400,277.9000,271.2600,271.6900,31437817,1.000000
2023-04-12,nvda,273.7000,274.6800,264.4800,264.9500,44625895,1.000000
2023-04-13,nvda,267.3400,268.8700,263.2900,264.6300,35361528,1.000000
2023-04-14,nvda,265.0400,268.8300,262.2000,267.5800,39566013,1.000000
2023-04-17,nvda,265.6600,270.0600,264.3300,270.0200,32147130,1.000000
2023-04-18,nvda,275.3400,281.1000,273.5700,276.6700,60481154,1.000000
2023-04-19,nvda,273.6100,280.0000,272.3200,279.3100,35866041,1.000000
2023-04-20,nvda,276.7100,280.3000,270.0000,271.0400,42771326,1.000000
2023-04-21,nvda,269.5200,271.8300,267.2200,271.1900,34510277,1.000000
2023-04-24,nvda,270.1300,273.6600,266.7100,270.4200,33928186,1.000000
2023-04-25,nvda,270.7800,272.4700,262.2500,262.4100,37852716,1.000000
2023-04-26,nvda,270.0200,273.3000,267.0500,269.5600,40633681,1.000000
2023-04-27,nvda,273.6300,274.9500,266.2500,272.2600,37716119,1.000000
2023-04-28,nvda,272.2500,277.5800,270.7100,277.4900,29221614,1.000000
2023-05-01,nvda,278.4000,290.5800,277.8000,289.1000,57032853,1.000000
2023-05-02,nvda,286.8000,288.3600,280.8300,282.1000,40272957,1.000000
2023-05-03,nvda,278.4000,283.6700,274.7200,278.0200,38338740,1.000000
2023-05-04,nvda,276.5100,278.5900,272.4000,275.6200,32185041,1.000000
2023-05-05,nvda,278.2600,287.5500,277.3100,286.8000,36149408,1.000000
2023-05-08,nvda,285.2200,292.2000,283.5000,291.5100,34497890,1.000000
2023-05-09,nvda,288.9900,289.7300,284.5000,285.7100,31486946,1.000000
2023-05-10,nvda,290.0500,291.1300,284.6100,288.8500,36934998,1.000000
2023-05-11,nvda,288.9600,289.5000,282.4600,285.7800,32214903,1.000000
2023-05-12,nvda,285.2900,287.8000,280.4600,283.4000,27422225,1.000000
2023-05-15,nvda,285.0900,289.6900,281.5200,289.5300,29392587,1.000000
2023-05-16,nvda,288.4100,298.7000,288.3200,292.1300,44940494,1.000000
2023-05-17,nvda,295.8400,301.9900,294.3000,301.7800,43253541,1.000000
2023-05-18,nvda,304.1000,318.2800,303.2000,316.7800,74872501,1.000000
2023-05-19,nvda,315.3600,315.8000,309.1600,312.6400,47390765,1.000000
2023-05-22,nvda,309.0100,315.2000,306.8000,311.7600,37199967,1.000000
2023-05-23,nvda,310.0000,312.8800,306.3100,306.8800,35625326,1.000000
2023-05-24,nvda,302.1000,306.0700,298.0600,305.3800,72141851,1.000000
2023-05-25,nvda,385.2300,394.8000,366.3500,379.8000,154391067,1.000000
2023-05-26,nvda,378.9000,391.7000,375.5000,389.4600,71439676,1.000000
2023-05-30,nvda,405.9500,419.3800,399.4900,401.1100,92340110,1.000000
2023-05-31,nvda,394.8800,402.9500,378.2200,378.3400,100258020,1.000000
2023-06-01,nvda,384.8900,400.5000,383.4000,397.7000,63587295,1.000000
2023-06-02,nvda,400.9700,405.0000,390.5800,393.2700,48273121,1.000000
2023-06-05,nvda,389.0900,395.6500,387.0700,391.7100,39609381,1.000000
2023-06-06,nvda,388.3000,391.6000,381.4800,386.5400,38872914,1.000000
2023-06-07,nvda,389.1500,394.9900,373.5600,374.7500,51199789,1.000000
2023-06-08,nvda,377.2400,388.6400,375.0500,385.1000,41777240,1.000000
2023-06-09,nvda,390.3700,397.1100,385.6700,387.7000,42771747,1.000000
2023-06-12,nvda,392.0000,395.3000,386.1800,394.8200,38967335,1.000000
2023-06-13,nvda,401.8600,411.0100,397.4000,410.2200,61320816,1.000000
2023-06-14,nvda,408.2400,430.0000,405.5200,429.9700,74046502,1.000000
2023-06-15,nvda,426.0200,432.8900,421.4700,426.5300,56862204,1.000000
2023-06-16,nvda,434.5000,437.2100,426.6100,426.9200,65570941,1.000000
2023-06-20,nvda,429.9800,439.9000,426.7400,438.0800,45115311,1.000000
2023-06-21,nvda,435.0100,436.1500,420.8000,430.4500,55160291,1.000000
2023-06-22,nvda,422.5300,434.2600,422.3400,430.2500,41773743,1.000000
2023-06-23,nvda,424.6400,428.0900,420.1500,422.0900,35813984,1.000000
2023-06-26,nvda,424.6100,427.6400,401.0000,406.3200,59432192,1.000000
2023-06-27,nvda,407.9900,419.4000,404.4800,418.7600,46217470,1.000000
2023-06-28,nvda,406.6000,418.4500,405.1800,411.1700,58263927,1.000000
2023-06-29,nvda,415.5800,416.0000,406.0000,408.2200,38051430,1.000000
2023-06-30,nvda,416.8000,425.5000,415.0100,423.0200,50114775,1.000000
2023-07-03,nvda,425.1700,428.9800,422.0200,424.1300,19820919,1.000000
2023-07-05,nvda,421.3500,431.7700,420.8500,423.1700,32361756,1.000000
2023-07-06,nvda,418.4400,421.7900,413.4600,421.0300,30413879,1.000000
2023-07-07,nvda,423.2200,432.1400,421.8000,425.0300,35588147,1.000000
2023-07-10,nvda,426.5700,428.1100,416.4900,421.8000,35390811,1.000000
2023-07-11,nvda,424.8100,427.5800,420.6700,424.0500,29824406,1.000000
2023-07-12,nvda,430.3300,439.3500,427.7700,439.0200,48127702,1.000000
2023-07-13,nvda,445.1800,461.5500,444.9200,459.7700,47820369,1.000000
2023-07-14,nvda,465.8300,480.8800,450.6000,454.6900,77207533,1.000000
2023-07-17,nvda,462.8900,464.9600,452.6200,464.6100,51048822,1.000000
2023-07-18,nvda,467.0100,478.9600,457.3400,474.9400,57019042,1.000000
2023-07-19,nvda,474.6400,478.1800,467.4200,470.7700,42750179,1.000000
2023-07-20,nvda,465.0700,470.8700,450.6200,455.2000,53786451,1.000000
2023-07-21,nvda,457.8800,458.6600,441.0000,443.0900,96376863,1.000000
2023-07-24,nvda,447.3100,451.0900,440.4000,446.1200,38309974,1.000000
2023-07-25,nvda,449.4100,461.8300,449.2300,456.7900,34808091,1.000000
2023-07-26,nvda,460.2100,460.5300,446.3000,454.5200,36423726,1.000000
2023-07-27,nvda,465.1900,473.9500,457.5000,459.0000,45597552,1.000000
2023-07-28,nvda,466.6800,470.2700,463.8100,467.5000,33119424,1.000000
2023-07-31,nvda,467.5400,471.3000,465.0600,467.2900,25105528,1.000000
2023-08-01,nvda,464.6000,469.0000,460.2700,465.0700,23927597,1.000000
2023-08-02,nvda,458.3100,458.4000,433.8700,442.6900,53014157,1.000000
2023-08-03,nvda,438.0000,451.1800,438.0000,445.1500,32507660,1.000000
2023-08-04,nvda,449.8500,456.4200,443.9300,446.8000,36266618,1.000000
2023-08-07,nvda,451.1100,455.4000,445.6300,454.1700,32215354,1.000000
2023-08-08,nvda,448.5300,452.4200,440.5600,446.6400,35384343,1.000000
2023-08-09,nvda,442.7400,443.1200,421.3400,425.5400,58644907,1.000000
2023-08-10,nvda,421.6000,435.7400,418.3500,423.8800,49270530,1.000000
2023-08-11,nvda,417.5100,420.1800,406.3900,408.5500,53308526,1.000000
2023-08-14,nvda,404.8600,438.0000,403.1100,437.5300,69028583,1.000000
2023-08-15,nvda,445.6000,452.6800,437.1000,439.4000,67651151,1.000000
2023-08-16,nvda,445.2000,446.7500,434.0600,434.8600,52745068,1.000000
2023-08-17,nvda,439.7000,440.6200,430.0100,433.4400,45239482,1.000000
2023-08-18,nvda,426.3500,435.7800,416.6000,432.9900,58376787,1.000000
2023-08-21,nvda,444.9400,470.6500,442.2200,469.6700,69257337,1.000000
2023-08-22,nvda,481.3500,481.8700,453.3300,456.6800,75720691,1.000000
2023-08-23,nvda,458.6600,472.0000,452.0800,471.1600,77904608,1.000000
2023-08-24,nvda,502.1600,502.6600,471.5900,471.6300,115604409,1.000000
2023-08-25,nvda,470.1200,478.0500,450.2400,460.1800,92534052,1.000000
2023-08-28,nvda,464.8200,469.8000,448.8800,468.3500,68519223,1.000000
2023-08-29,nvda,466.6600,490.8100,463.9100,487.8400,70139699,1.000000
2023-08-30,nvda,490.4400,499.2700,484.2500,492.6400,73520598,1.000000
2023-08-31,nvda,493.8000,497.4400,489.5800,493.5500,52856977,1.000000
2023-09-01,nvda,497.6200,498.0000,481.4200,485.0900,46383030,1.000000
2023-09-05,nvda,482.2300,488.5100,478.6000,485.4800,38265258,1.000000
2023-09-06,nvda,484.4100,485.4900,465.8000,470.6100,46866957,1.000000
2023-09-07,nvda,455.2500,463.4400,451.5200,462.4100,43332989,1.000000
2023-09-08,nvda,459.4200,466.0600,452.7100,455.7200,47389994,1.000000
2023-09-11,nvda,461.4800,461.6300,443.1200,451.7800,47396555,1.000000
2023-09-12,nvda,447.3800,456.7300,445.3100,448.7000,34925634,1.000000
2023-09-13,nvda,446.0000,459.3000,445.0300,454.8500,39835535,1.000000
2023-09-14,nvda,459.5000,459.8700,451.3100,455.8100,37009720,1.000000
2023-09-15,nvda,453.4100,455.9900,438.0800,439.0000,50683051,1.000000
2023-09-18,nvda,427.4800,442.4200,420.0000,439.6600,50027079,1.000000
2023-09-19,nvda,438.3300,439.6600,430.0200,435.2000,37306424,1.000000
2023-09-20,nvda,436.0000,439.0300,422.2300,422.3900,36710769,1.000000
2023-09-21,nvda,415.8300,421.0000,409.8000,410.1700,45073596,1.000000
2023-09-22,nvda,415.7200,421.1500,412.3100,416.1000,47923631,1.000000
2023-09-25,nvda,415.9100,425.3600,411.7700,422.2200,41909096,1.000000
2023-09-26,nvda,420.0100,428.2000,416.5500,419.1100,40228209,1.000000
2023-09-27,nvda,423.3000,428.7200,416.2900,424.6800,44493520,1.000000
2023-09-28,nvda,424.6000,434.4600,421.1500,430.8900,42466279,1.000000
2023-09-29,nvda,438.2700,441.4400,433.0700,434.9900,39782993,1.000000
2023-10-02,nvda,440.3000,451.7500,438.6100,447.8200,43329821,1.000000
2023-10-03,nvda,448.0800,451.3000,432.4600,435.1700,47084954,1.000000
2023-10-04,nvda,437.4200,441.4300,432.9200,440.4100,36182086,1.000000
2023-10-05,nvda,440.5000,449.0000,438.8800,446.8800,39348309,1.000000
2023-10-06,nvda,441.9300,457.8900,440.2600,457.6200,43443602,1.000000
2023-10-09,nvda,448.4200,456.0500,443.6800,452.7300,40967472,1.000000
2023-10-10,nvda,453.1000,462.5900,450.8800,457.9800,36858208,1.000000
2023-10-11,nvda,461.9600,468.5900,460.5000,468.0600,37813689,1.000000
2023-10-12,nvda,467.7700,476.0900,463.3000,469.4500,48132500,1.000000
2023-10-13,nvda,469.6000,471.1600,452.8000,454.6100,47542599,1.000000
2023-10-16,nvda,450.6300,462.2500,449.1200,460.9500,37509924,1.000000
2023-10-17,nvda,440.0000,447.5400,424.8000,439.3800,81233267,1.000000
2023-10-18,nvda,425.9100,432.1900,418.2500,421.9600,62729434,1.000000
2023-10-19,nvda,428.1100,432.9700,418.8200,421.0100,50123308,1.000000
2023-10-20,nvda,418.9000,424.7000,410.7800,413.8700,47726605,1.000000
2023-10-23,nvda,412.2900,432.4800,409.4500,429.7500,47853049,1.000000
2023-10-24,nvda,430.7700,436.9700,426.9100,436.6300,40146337,1.000000
2023-10-25,nvda,433.9800,436.5000,415.5500,417.7900,39837922,1.000000
2023-10-26,nvda,418.5300,422.5600,398.8000,403.2600,54100132,1.000000
2023-10-27,nvda,411.3000,412.0600,400.1500,405.0000,41657339,1.000000
2023-10-30,nvda,410.8700,417.6600,404.8100,411.6100,38802814,1.000000
2023-10-31,nvda,404.5000,408.7900,392.3000,407.8000,51796870,1.000000
2023-11-01,nvda,408.8400,423.8100,408.6900,423.2500,43759290,1.000000
2023-11-02,nvda,433.2800,438.8400,428.9400,435.0600,40917187,1.000000
2023-11-03,nvda,440.2000,453.0900,437.2300,450.0500,42460959,1.000000
2023-11-06,nvda,452.8500,459.3500,448.9900,457.5100,40073335,1.000000
2023-11-07,nvda,457.1900,462.1800,451.5800,459.5500,34316547,1.000000
2023-11-08,nvda,461.0000,468.6700,459.6800,465.7400,34671894,1.000000
2023-11-09,nvda,474.6700,482.3000,467.5000,469.5000,54049597,1.000000
2023-11-10,nvda,475.0000,484.7200,472.8300,483.3500,42244156,1.000000
2023-11-13,nvda,483.2000,491.1600,480.9900,486.2000,38413570,1.000000
2023-11-14,nvda,496.8000,498.3400,490.4000,496.5600,41695387,1.000000
2023-11-15,nvda,499.3500,499.6000,482.0000,488.8800,47549735,1.000000
2023-11-16,nvda,486.7900,495.2500,483.3000,494.8000,33975624,1.000000
2023-11-17,nvda,495.2400,497.1700,490.0700,492.9800,32589691,1.000000
2023-11-20,nvda,493.1200,505.4800,491.8100,504.0900,41614260,1.000000
2023-11-21,nvda,501.2600,505.1700,492.2200,499.4400,56574687,1.000000
2023-11-22,nvda,498.5200,503.3500,476.9000,487.1600,90064233,1.000000
2023-11-24,nvda,484.7000,489.2100,477.4500,477.7600,29464464,1.000000
2023-11-27,nvda,478.0000,485.3000,476.5200,482.4200,39566190,1.000000
2023-11-28,nvda,482.3600,483.2300,474.7300,478.2100,40149085,1.000000
2023-11-29,nvda,483.7900,487.6200,478.6000,481.4000,38200465,1.000000
2023-11-30,nvda,480.2400,481.1000,464.2200,467.7000,52624663,1.000000
2023-12-01,nvda,465.2500,472.0000,461.8700,467.6500,36931701,1.000000
2023-12-04,nvda,460.7700,460.7700,450.1000,455.1000,43754344,1.000000
2023-12-05,nvda,454.6600,466.0000,452.7100,465.6600,37171762,1.000000
2023-12-06,nvda,472.1500,473.8700,454.1200,455.0300,38058955,1.000000
2023-12-07,nvda,457.0000,466.2900,456.0400,465.9600,35082255,1.000000
2023-12-08,nvda,465.9500,477.4100,465.5000,475.0600,35922370,1.000000
2023-12-11,nvda,474.9100,475.3100,458.3000,466.2700,50972809,1.000000
2023-12-12,nvda,460.4600,476.6600,460.4600,476.5700,37238686,1.000000
2023-12-13,nvda,476.2900,485.9400,476.0800,480.8800,44779186,1.000000
2023-12-14,nvda,483.9000,486.7000,474.2200,483.5000,39123174,1.000000
2023-12-15,nvda,481.9400,494.0400,481.2000,488.9000,47994758,1.000000
2023-12-18,nvda,494.0000,504.3300,491.5000,500.7700,41258717,1.000000
2023-12-19,nvda,494.2400,497.0000,488.9500,496.0400,46444446,1.000000
2023-12-20,nvda,496.5500,499.9900,480.9800,481.1100,39789439,1.000000
2023-12-21,nvda,488.1100,490.9500,484.1900,489.9000,30042535,1.000000
2023-12-22,nvda,491.9500,493.8300,484.6700,488.3000,25250676,1.000000
2023-12-26,nvda,489.6800,496.0000,489.6000,492.7900,24419952,1.000000
2023-12-27,nvda,495.1100,496.8000,490.8500,494.1700,23364798,1.000000
2023-12-28,nvda,496.4300,498.8400,494.1200,495.2200,24658748,1.000000
2023-12-29,nvda,498.1300,499.9700,487.5100,495.2200,38929330,1.000000
2024-01-02,nvda,492.4400,492.9500,475.9500,481.6800,41125422,1.000000
2024-01-03,nvda,474.8500,481.8400,473.2000,475.6900,32089617,1.000000
2024-01-04,nvda,477.6700,485.0000,475.0800,479.9800,30653489,1.000000
2024-01-05,nvda,484.6200,495.4700,483.0600,490.9700,41503927,1.000000
2024-01-08,nvda,495.1200,522.7500,494.7900,522.5300,64250990,1.000000
2024-01-09,nvda,524.0100,543.2500,516.9000,531.4000,77310006,1.000000
2024-01-10,nvda,536.1600,546.0000,534.8900,543.5000,53379576,1.000000
2024-01-11,nvda,549.9900,553.4600,535.6000,548.2200,59675877,1.000000
2024-01-12,nvda,546.2000,549.7000,543.3000,547.1000,35299360,1.000000
2024-01-16,nvda,550.1800,568.3500,549.0000,563.8200,44957973,1.000000
2024-01-17,nvda,563.4700,564.7100,547.4000,560.5300,47439444,1.000000
2024-01-18,nvda,572.6000,576.0000,561.0700,571.0700,49165036,1.000000
2024-01-19,nvda,579.8900,595.0000,572.2500,594.9100,54350148,1.000000
2024-01-22,nvda,600.4900,603.3100,590.7000,596.5400,45295463,1.000000
2024-01-23,nvda,595.7000,599.1000,585.8500,598.7300,29465445,1.000000
2024-01-24,nvda,603.0400,628.4900,599.3800,613.6200,56027076,1.000000
2024-01-25,nvda,623.5000,627.1900,608.5000,616.1700,48277684,1.000000
2024-01-26,nvda,609.6000,617.8300,605.7300,610.3100,39030859,1.000000
2024-01-29,nvda,612.3200,624.8900,609.0700,624.6500,34873298,1.000000
2024-01-30,nvda,629.0000,634.9300,622.6000,627.7400,41073530,1.000000
2024-01-31,nvda,614.4000,622.6900,607.0000,615.2700,45379487,1.000000
2024-02-01,nvda,621.0000,631.9100,616.5000,630.2700,36914579,1.000000
2024-02-02,nvda,639.7400,666.0000,636.9000,661.6000,47657765,1.000000
2024-02-05,nvda,682.2500,694.9700,672.0500,693.3200,68007801,1.000000
2024-02-06,nvda,696.3000,697.5400,663.0000,682.2300,68311136,1.000000
2024-02-07,nvda,683.1900,702.2000,676.0000,700.9900,49557455,1.000000
2024-02-08,nvda,700.7400,707.9400,694.5500,696.4100,41442211,1.000000
2024-02-09,nvda,705.3300,721.8500,702.1200,721.3300,43663689,1.000000
2024-02-12,nvda,726.0000,746.1100,712.5000,722.4800,61371018,1.000000
2024-02-13,nvda,704.0000,734.5000,696.2000,721.2800,60258015,1.000000
2024-02-14,nvda,732.0200,742.3600,719.3800,739.0000,50491742,1.000000
2024-02-15,nvda,738.6900,739.7500,724.0000,726.5800,42012181,1.000000
2024-02-16,nvda,741.0000,744.0200,725.0100,726.1300,49532662,1.000000
2024-02-20,nvda,719.4700,719.5600,677.3400,694.5200,70483310,1.000000
2024-02-21,nvda,680.0600,688.8800,662.4800,674.7200,69029813,1.000000
2024-02-22,nvda,750.2500,785.7500,742.2000,785.3800,86509974,1.000000
2024-02-23,nvda,807.9000,823.9400,775.7000,788.1700,82938837,1.000000
2024-02-26,nvda,797.0000,806.4600,785.0500,790.9200,50397273,1.000000
2024-02-27,nvda,793.8100,794.8000,771.6200,787.0100,39170524,1.000000
2024-02-28,nvda,776.2000,789.3300,771.2500,776.6300,39311040,1.000000
2024-02-29,nvda,790.9400,799.9000,783.5000,791.1200,50728898,1.000000
2024-03-01,nvda,800.0000,823.0000,794.3500,822.7900,47913510,1.000000
2024-03-04,nvda,841.3000,876.9500,837.1900,852.3700,61561645,1.000000
2024-03-05,nvda,852.7000,860.9700,834.1700,859.6400,52063930,1.000000
2024-03-06,nvda,880.2200,897.2400,870.3000,887.0000,58252030,1.000000
2024-03-07,nvda,901.5800,927.6700,896.0200,926.6900,60811916,1.000000
2024-03-08,nvda,951.3800,974.0000,865.0600,875.2800,114226906,1.000000
2024-03-11,nvda,864.2900,887.9700,841.6600,857.7400,67836412,1.000000
2024-03-12,nvda,880.4900,919.6000,861.5000,919.1300,66807515,1.000000
2024-03-13,nvda,910.5500,915.0400,884.3500,908.8800,63571289,1.000000
2024-03-14,nvda,895.7700,906.4600,866.0000,879.4400,60231816,1.000000
2024-03-15,nvda,869.3000,895.4600,862.5700,878.3700,64208616,1.000000
2024-03-18,nvda,903.8800,924.0500,870.8500,884.5500,66897593,1.000000
2024-03-19,nvda,867.0000,905.4400,850.1000,893.9800,67217127,1.000000
2024-03-20,nvda,897.9700,904.1000,882.2300,903.7200,47906279,1.000000
2024-03-21,nvda,923.0000,926.4800,904.0500,914.3500,48037231,1.000000
2024-03-22,nvda,911.4100,947.7800,908.3400,942.8900,58671936,1.000000
2024-03-25,nvda,939.4100,967.6600,935.1000,950.0200,55213608,1.000000
2024-03-26,nvda,958.5100,963.7500,925.0200,925.6100,51364758,1.000000
2024-03-27,nvda,931.1200,932.4000,891.2300,902.5000,58606723,1.000000
2024-03-28,nvda,900.0000,913.0000,891.9300,903.5600,43521227,1.000000
2024-04-01,nvda,902.9900,922.2500,892.0400,903.6300,45244149,1.000000
2024-04-02,nvda,884.4800,900.9400,876.2000,894.5200,43306355,1.000000
2024-04-03,nvda,884.8400,903.7400,884.0000,889.6400,37006655,1.000000
2024-04-04,nvda,904.0600,906.3400,858.8000,859.0500,43496492,1.000000
2024-04-05,nvda,868.6600,884.8100,859.2600,880.0800,39967846,1.000000
2024-04-08,nvda,887.0000,888.3000,867.3200,871.3300,28322000,1.000000
2024-04-09,nvda,874.4200,876.3500,830.2200,853.5400,50354735,1.000000
2024-04-10,nvda,839.2600,874.0000,837.0900,870.3900,43192853,1.000000
2024-04-11,nvda,874.2000,907.3900,869.2600,906.1600,43163727,1.000000
2024-04-12,nvda,896.9900,901.7500,875.3000,881.8600,42680479,1.000000
2024-04-15,nvda,890.9800,906.1300,859.2900,860.0100,44307695,1.000000
2024-04-16,nvda,864.3300,881.1800,860.6400,874.1500,37045302,1.000000
2024-04-17,nvda,883.4000,887.7500,839.5000,840.3500,49539951,1.000000
2024-04-18,nvda,849.7000,861.9000,824.0200,846.7100,44726034,1.000000
2024-04-19,nvda,831.5000,843.2400,756.0600,762.0000,87519800,1.000000
2024-04-22,nvda,781.0400,800.7300,764.0000,795.1800,59634051,1.000000
2024-04-23,nvda,807.6900,827.6900,802.6400,824.2300,43855937,1.000000
2024-04-24,nvda,839.5000,840.8200,791.8300,796.7700,51220753,1.000000
2024-04-25,nvda,788.6800,833.2300,782.2300,826.3200,42464073,1.000000
2024-04-26,nvda,838.1800,883.3100,833.8700,877.3500,55101078,1.000000
2024-04-29,nvda,875.9500,879.9200,852.6600,877.5700,38897076,1.000000
2024-04-30,nvda,872.4000,888.1900,863.0000,864.0200,36370870,1.000000
2024-05-01,nvda,850.7700,860.0000,812.5500,830.4100,55986317,1.000000
2024-05-02,nvda,844.4900,862.3700,832.0000,858.1700,37789754,1.000000
2024-05-03,nvda,877.8900,892.8100,870.4000,887.8900,39834072,1.000000
2024-05-06,nvda,893.9000,922.2000,890.5500,921.4000,37620255,1.000000
2024-05-07,nvda,910.9800,917.8100,890.1100,905.5400,43734161,1.000000
2024-05-08,nvda,894.8300,911.9400,894.2000,904.1200,32572102,1.000000
2024-05-09,nvda,905.2900,910.7200,882.3100,887.4700,37801268,1.000000
2024-05-10,nvda,903.0500,914.0100,892.2700,898.7800,33532541,1.000000
2024-05-13,nvda,904.7800,909.9800,885.2900,903.9900,28968017,1.000000
2024-05-14,nvda,895.9900,916.5100,889.3400,913.5600,29650708,1.000000
2024-05-15,nvda,924.7200,948.6200,915.9900,946.3000,41773545,1.000000
2024-05-16,nvda,949.1000,958.1900,941.0300,943.5900,32395182,1.000000
2024-05-17,nvda,943.6900,947.4000,918.0600,924.7900,35969103,1.000000
2024-05-20,nvda,937.5000,952.0000,934.4000,947.8000,31876446,1.000000
2024-05-21,nvda,935.9900,954.0000,931.8000,953.8600,32894646,1.000000
2024-05-22,nvda,954.5900,960.2000,932.4900,949.5000,54864799,1.000000
2024-05-23,nvda,1020.2800,1063.2000,1015.2000,1037.9900,83506528,1.000000
2024-05-24,nvda,1044.4900,1064.7500,1030.0000,1064.6900,42949367,1.000000
2024-05-28,nvda,1102.4400,1149.3900,1098.8300,1139.0100,65272789,1.000000
2024-05-29,nvda,1130.5000,1154.9200,1109.0100,1148.2500,55744193,1.000000
2024-05-30,nvda,1146.5000,1158.1900,1096.6300,1105.0000,48735033,1.000000
2024-05-31,nvda,1125.2000,1127.1700,1069.4000,1096.3300,61326250,1.000000
2024-06-03,nvda,1136.2100,1150.0000,1120.0300,1150.0000,43839176,1.000000
2024-06-04,nvda,1157.1600,1166.0000,1140.4500,1164.3700,40332401,1.000000
2024-06-05,nvda,1183.7100,1224.5000,1174.6800,1224.4000,52840178,1.000000
2024-06-06,nvda,1240.4800,1255.8700,1183.2000,1209.9800,66469619,1.000000
2024-06-07,nvda,1197.7000,1216.9200,1180.2200,1208.8800,41238580,1.000000
2024-06-10,nvda,120.3700,123.1000,117.0100,121.7900,314162650,1.000000
2024-06-11,nvda,121.7700,122.8700,118.7400,120.9100,222551158,1.000000
2024-06-12,nvda,123.0600,126.8800,122.5700,125.2000,299595001,1.000000
2024-06-13,nvda,129.3900,129.8000,127.1600,129.6100,260704537,1.000000
2024-06-14,nvda,129.9600,132.8400,128.3200,131.8800,309320376,1.000000
2024-06-17,nvda,132.9900,133.7300,129.5800,130.9800,288504444,1.000000
2024-06-18,nvda,131.1400,136.3300,130.6900,135.5800,294335054,1.000000
2024-06-20,nvda,139.8000,140.7600,129.5200,130.7800,517768425,1.000000
2024-06-21,nvda,127.1200,130.6300,124.3000,126.5700,655484664,1.000000
2024-06-24,nvda,123.2400,124.4600,118.0400,118.1100,476060866,1.000000
2024-06-25,nvda,121.2000,126.5000,119.3200,126.0900,425787456,1.000000
2024-06-26,nvda,126.1300,128.1200,122.6000,126.4000,362975918,1.000000
2024-06-27,nvda,124.1000,126.4100,122.9200,123.9900,252571693,1.000000
2024-06-28,nvda,124.5800,127.7100,122.7500,123.5400,315516740,1.000000
2024-07-01,nvda,123.4700,124.8400,118.8300,124.3000,284885534,1.000000
2024-07-02,nvda,121.1300,123.4100,121.0300,122.6700,218373969,1.000000
2024-07-03,nvda,121.6600,128.2800,121.3600,128.2800,215748955,1.000000
2024-07-05,nvda,127.3800,128.8500,125.6800,125.8300,214176689,1.000000
2024-07-08,nvda,127.4900,130.7700,127.0400,128.2000,237677322,1.000000
2024-07-09,nvda,130.3500,133.8200,128.6500,131.3800,287020820,1.000000
2024-07-10,nvda,134.0300,135.1000,132.4200,134.9100,248978569,1.000000
2024-07-11,nvda,135.7500,136.1500,127.0500,127.4000,374782738,1.000000
2024-07-12,nvda,128.2600,131.9200,127.2200,129.2400,252680535,1.000000
2024-07-15,nvda,130.5600,131.3900,127.1800,128.4400,208326164,1.000000
2024-07-16,nvda,128.4400,129.0400,124.5800,126.3600,214769515,1.000000
2024-07-17,nvda,121.3500,121.8500,116.7200,117.9900,390086189,1.000000
2024-07-18,nvda,121.8500,122.4000,116.5600,121.0900,320979530,1.000000
2024-07-19,nvda,120.3500,121.6000,117.3700,117.9300,217223800,1.000000
2024-07-22,nvda,120.3500,124.0700,119.8600,123.5400,258068943,1.000000
2024-07-23,nvda,122.7800,124.6900,122.1000,122.5900,173910983,1.000000
2024-07-24,nvda,119.1700,119.9500,113.4400,114.2500,327776884,1.000000
2024-07-25,nvda,113.0400,116.6300,106.3000,112.2800,460067019,1.000000
2024-07-26,nvda,116.1900,116.2000,111.5800,113.0600,293399073,1.000000
2024-07-29,nvda,113.6900,116.2800,111.3000,111.5900,248152068,1.000000
2024-07-30,nvda,111.5200,111.9900,102.5400,103.7300,486833274,1.000000
2024-07-31,nvda,112.9000,118.3400,110.8800,117.0200,473174182,1.000000
2024-08-01,nvda,117.5300,120.1600,106.8100,109.2100,523462326,1.000000
2024-08-02,nvda,103.7600,108.7200,101.3700,107.2700,482027464,1.000000
2024-08-05,nvda,92.0600,103.4100,90.6900,100.4500,552842375,1.000000
2024-08-06,nvda,103.8400,107.7100,100.5500,104.2500,409012089,1.000000
2024-08-07,nvda,107.8100,108.8000,98.6900,98.9100,411440423,1.000000
2024-08-08,nvda,102.0000,105.5000,97.5200,104.9700,391910023,1.000000
2024-08-09,nvda,105.6400,106.6000,103.4300,104.7500,290844157,1.000000
2024-08-12,nvda,106.3200,111.0700,106.2600,109.0200,325559870,1.000000
2024-08-13,nvda,112.4400,116.2300,111.5800,116.1400,312646660,1.000000
2024-08-14,nvda,118.5300,118.6000,114.0700,118.0800,339246407,1.000000
2024-08-15,nvda,118.7600,123.2400,117.4700,122.8600,318086673,1.000000
2024-08-16,nvda,121.9400,125.0000,121.1800,124.5800,302589872,1.000000
2024-08-19,nvda,124.2800,130.0000,123.4200,130.0000,318333577,1.000000
2024-08-20,nvda,128.4000,129.8800,125.8900,127.2500,300087415,1.000000
2024-08-21,nvda,127.3200,129.3500,126.6600,128.5000,257883572,1.000000
2024-08-22,nvda,130.0200,130.7500,123.1000,123.7400,376189076,1.000000
2024-08-23,nvda,125.8600,129.6000,125.2200,129.3700,323230332,1.000000
2024-08-26,nvda,129.5700,131.2600,124.3700,126.4600,331964672,1.000000
2024-08-27,nvda,125.0500,129.2000,123.8800,128.3000,303134573,1.000000
2024-08-28,nvda,128.1200,128.3300,122.6400,125.6100,448101115,1.000000
2024-08-29,nvda,121.3600,124.4300,116.7100,117.5900,453023305,1.000000
2024-08-30,nvda,119.5300,121.7500,117.2200,119.3700,333751583,1.000000
2024-09-03,nvda,116.0100,116.2100,107.2900,108.0000,477155100,1.000000
2024-09-04,nvda,105.4100,113.2700,104.1200,106.2100,372470291,1.000000
2024-09-05,nvda,104.9900,109.6500,104.7600,107.2100,306850696,1.000000
2024-09-06,nvda,108.0400,108.1500,100.9500,102.8300,413638098,1.000000
2024-09-09,nvda,104.8800,106.5500,103.6900,106.4700,273912015,1.000000
2024-09-10,nvda,107.8100,109.4000,104.9500,108.1000,268283736,1.000000
2024-09-11,nvda,109.3900,117.1900,107.4200,116.9100,441422370,1.000000
2024-09-12,nvda,116.8400,120.7900,115.3800,119.1400,367100496,1.000000
2024-09-13,nvda,119.0800,119.9600,117.6000,119.1000,238358328,1.000000
2024-09-16,nvda,116.7900,118.1800,114.3600,116.7800,248772308,1.000000
2024-09-17,nvda,118.1700,118.8000,114.8300,115.5900,231925876,1.000000
2024-09-18,nvda,115.8900,117.7000,113.2200,113.3700,310318937,1.000000
2024-09-19,nvda,117.3500,119.6600,117.2500,117.8700,293506438,1.000000
2024-09-20,nvda,117.0600,118.6200,115.3900,116.0000,382462428,1.000000
2024-09-23,nvda,116.5500,116.9900,114.8600,116.2600,206228490,1.000000
2024-09-24,nvda,116.5200,121.8000,115.3800,120.8700,354966772,1.000000
2024-09-25,nvda,122.0200,124.9400,121.6100,123.5100,284692948,1.000000
2024-09-26,nvda,126.8000,127.6700,121.8000,124.0400,302582868,1.000000
2024-09-27,nvda,123.9700,124.0300,119.2600,121.4000,271009175,1.000000
2024-09-30,nvda,118.3100,121.5000,118.1500,121.4400,227053651,1.000000
2024-10-01,nvda,121.7700,122.4400,115.7900,117.0000,302094485,1.000000
2024-10-02,nvda,116.4400,119.3800,115.1400,118.8500,221845887,1.000000
2024-10-03,nvda,120.9200,124.3600,120.3400,122.8500,277117973,1.000000
2024-10-04,nvda,124.9400,125.0400,121.8300,124.9200,244465552,1.000000
2024-10-07,nvda,124.9900,130.6400,124.9500,127.7200,346250233,1.000000
2024-10-08,nvda,130.2600,133.4800,129.4200,132.8900,285722485,1.000000
2024-10-09,nvda,134.1100,134.5200,131.3800,132.6500,246191612,1.000000
2024-10-10,nvda,131.9100,135.0000,131.0000,134.8100,242311337,1.000000
2024-10-11,nvda,134.0100,135.7800,133.6600,134.8000,170209474,1.000000
2024-10-14,nvda,136.4700,139.6000,136.3000,138.0700,232347668,1.000000
2024-10-15,nvda,137.8700,138.5700,128.7400,131.6000,377831021,1.000000
2024-10-16,nvda,133.9800,136.6200,131.5800,135.7200,264879720,1.000000
2024-10-17,nvda,139.3400,140.8900,136.8700,136.9300,306435921,1.000000
2024-10-18,nvda,138.6700,138.9000,137.2800,138.0000,176090184,1.000000
2024-10-21,nvda,138.1300,143.7100,138.0000,143.7100,264554514,1.000000
2024-10-22,nvda,142.9100,144.4200,141.7800,143.5900,226311589,1.000000
2024-10-23,nvda,142.0300,142.4300,137.4600,139.5600,285930038,1.000000
2024-10-24,nvda,140.8200,141.3500,138.4600,140.4100,172354888,1.000000
2024-10-25,nvda,140.9300,144.1300,140.8000,141.5400,205122109,1.000000
2024-10-28,nvda,143.0000,143.1400,140.0500,140.5200,173586745,1.000000
2024-10-29,nvda,140.2900,142.2600,138.9000,141.2500,157593634,1.000000
2024-10-30,nvda,139.5400,140.3300,136.8100,139.3400,179418082,1.000000
2024-10-31,nvda,137.6000,137.6100,132.1100,132.7600,270039641,1.000000
2024-11-01,nvda,134.7000,137.3100,134.5700,135.4000,207127838,1.000000
2024-11-04,nvda,137.2100,138.9600,135.5700,136.0500,187528173,1.000000
2024-11-05,nvda,137.4500,140.3700,137.3300,139.9100,160537373,1.000000
2024-11-06,nvda,142.9600,146.4900,141.9600,145.6100,242043945,1.000000
2024-11-07,nvda,146.3900,148.9300,146.1700,148.8800,207323303,1.000000
2024-11-08,nvda,148.7700,149.7700,146.2600,147.6300,175665830,1.000000
2024-11-11,nvda,148.6800,148.8500,143.5700,145.2600,182325620,1.000000
2024-11-12,nvda,146.7800,149.6500,146.0100,148.2900,198634738,1.000000
2024-11-13,nvda,149.0700,149.3300,145.9000,146.2700,191903267,1.000000
2024-11-14,nvda,147.6400,149.0000,145.5500,146.7600,194463301,1.000000
2024-11-15,nvda,144.8700,145.2400,140.0800,141.9800,250132869,1.000000
2024-11-18,nvda,139.5000,141.5500,137.1500,140.1500,221865993,1.000000
2024-11-19,nvda,141.3200,147.1300,140.9900,147.0100,227834912,1.000000
2024-11-20,nvda,147.4100,147.5600,142.7300,145.8900,309871654,1.000000
2024-11-21,nvda,149.3500,152.8900,140.7000,146.6700,400946570,1.000000
2024-11-22,nvda,145.9300,147.1600,141.1000,141.9500,236406154,1.000000
2024-11-25,nvda,141.9900,142.0500,135.8200,136.0200,344941875,1.000000
2024-11-26,nvda,137.7000,139.3000,135.6700,136.9200,190287654,1.000000
2024-11-27,nvda,135.0100,137.2200,131.8000,135.3400,226370912,1.000000
2024-11-29,nvda,136.7800,139.3500,136.0500,138.2500,141863156,1.000000
2024-12-02,nvda,138.8300,140.4500,137.8300,138.6300,171682777,1.000000
2024-12-03,nvda,138.2600,140.5400,137.9500,140.2600,164413965,1.000000
2024-12-04,nvda,142.0000,145.7900,140.2900,145.1400,231224295,1.000000
2024-12-05,nvda,145.1100,146.5400,143.9500,145.0600,172621180,1.000000
2024-12-06,nvda,144.6000,145.7000,141.3100,142.4400,188505573,1.000000
2024-12-09,nvda,138.9700,139.9500,137.1300,138.8100,189308625,1.000000
2024-12-10,nvda,139.0100,141.8200,133.7900,135.0700,210020888,1.000000
2024-12-11,nvda,137.3600,140.1700,135.2100,139.3100,184905192,1.000000
2024-12-12,nvda,137.0800,138.4400,135.8000,137.3400,159211393,1.000000
2024-12-13,nvda,138.9400,139.6000,132.5400,134.2500,231514881,1.000000
2024-12-16,nvda,134.1800,134.4000,130.4200,132.0000,237951130,1.000000
2024-12-17,nvda,129.0900,131.5900,126.8600,130.3900,259410263,1.000000
2024-12-18,nvda,133.8600,136.7000,128.2800,128.9100,277444533,1.000000
2024-12-19,nvda,131.7600,134.0300,129.5500,130.6800,209719210,1.000000
2024-12-20,nvda,129.8100,135.2800,128.2200,134.7000,306528553,1.000000
2024-12-23,nvda,136.2800,139.7900,135.1200,139.6700,176053506,1.000000
2024-12-24,nvda,140.0000,141.9000,138.6500,140.2200,105156989,1.000000
2024-12-26,nvda,139.7000,140.8500,137.7300,139.9300,116519090,1.000000
2024-12-27,nvda,138.5500,139.0200,134.7100,137.0100,170582603,1.000000
2024-12-30,nvda,134.8300,140.2700,134.0200,137.4900,167734700,1.000000
2024-12-31,nvda,138.0300,138.0700,133.8300,134.2900,155659211,1.000000
2025-01-02,nvda,136.0000,138.8800,134.6300,138.3100,198247166,1.000000
2025-01-03,nvda,140.0100,144.9000,139.7300,144.4700,229322478,1.000000
2025-01-06,nvda,148.5900,152.1600,147.8200,149.4300,265377359,1.000000
2025-01-07,nvda,153.0300,153.1300,140.0100,140.1400,351782174,1.000000
2025-01-08,nvda,142.5800,143.9500,137.5600,140.1100,227349948,1.000000
2025-01-10,nvda,137.4500,139.9200,134.2200,135.9100,207602514,1.000000
2025-01-13,nvda,129.9900,133.4900,129.5100,133.2300,204808914,1.000000
2025-01-14,nvda,136.0500,136.3800,130.0500,131.7600,195590485,1.000000
2025-01-15,nvda,133.6500,136.4500,131.2900,136.2400,185217338,1.000000
2025-01-16,nvda,138.6400,138.7500,133.4900,133.5700,209235583,1.000000
2025-01-17,nvda,136.6900,138.5000,135.4600,137.7100,201188760,1.000000
2025-01-21,nvda,139.1600,141.8300,137.0900,140.8300,197748985,1.000000
2025-01-22,nvda,144.6600,147.7900,143.6700,147.0700,237651395,1.000000
2025-01-23,nvda,145.0500,147.2300,143.7200,147.2200,155915549,1.000000
2025-01-24,nvda,148.3700,148.9700,141.8800,142.6200,234657635,1.000000
2025-01-27,nvda,124.8000,128.4000,116.7000,118.4200,818830895,1.000000
2025-01-28,nvda,121.8100,129.0000,116.2500,128.9900,579666350,1.000000
2025-01-29,nvda,126.5000,126.8900,120.0500,123.7000,467120640,1.000000
2025-01-30,nvda,123.1000,125.0000,118.1000,124.6500,392925469,1.000000
2025-01-31,nvda,123.7800,127.8500,119.1900,120.0700,390372899,1.000000
2025-02-03,nvda,114.7500,118.5700,113.0100,116.6600,371235677,1.000000
2025-02-04,nvda,116.9600,121.2000,116.7000,118.6500,256550040,1.000000
2025-02-05,nvda,121.7600,125.0000,120.7600,124.8300,263110629,1.000000
2025-02-06,nvda,127.4200,128.7700,125.2100,128.6800,251483574,1.000000
2025-02-07,nvda,129.2200,130.3700,125.0000,129.8400,228186298,1.000000
2025-02-10,nvda,130.0900,135.0000,129.9600,133.5700,216989086,1.000000
2025-02-11,nvda,132.5800,134.4800,131.0200,132.8000,178902379,1.000000
2025-02-12,nvda,130.0200,132.2400,129.0800,131.1400,160278552,1.000000
2025-02-13,nvda,131.5600,136.5000,131.1700,135.2900,197429975,1.000000
2025-02-14,nvda,136.4800,139.2500,135.5000,138.8500,195479557,1.000000
2025-02-18,nvda,141.2700,143.4400,137.9300,139.4000,219176627,1.000000
2025-02-19,nvda,139.5100,141.3600,137.2200,139.2300,167536006,1.000000
2025-02-20,nvda,140.0300,140.6600,136.7900,140.1100,143903583,1.000000
2025-02-21,nvda,140.0400,141.4600,134.0300,134.4300,228217585,1.000000
2025-02-24,nvda,136.5600,138.5900,130.0800,130.2800,251381137,1.000000
2025-02-25,nvda,129.9800,130.2000,124.4400,126.6300,271428711,1.000000
2025-02-26,nvda,129.9900,133.7300,128.4900,131.2800,322553814,1.000000
2025-02-27,nvda,135.0000,135.0100,120.0100,120.1500,443175846,1.000000
2025-02-28,nvda,118.0200,125.0900,116.4000,124.9200,389091145,1.000000
2025-03-03,nvda,123.5100,123.7000,112.2800,114.0600,411381373,1.000000
2025-03-04,nvda,110.6500,119.3100,110.1100,115.9900,398163305,1.000000
2025-03-05,nvda,117.5800,118.2800,114.5100,117.3000,284337886,1.000000
2025-03-06,nvda,113.5300,115.3500,110.2200,110.5700,321181861,1.000000
2025-03-07,nvda,111.2500,113.4800,107.5600,112.6900,341755468,1.000000
2025-03-10,nvda,109.9000,111.8500,105.4600,106.9800,366487363,1.000000
2025-03-11,nvda,106.9900,112.2400,104.7700,108.7600,354865692,1.000000
2025-03-12,nvda,114.1200,116.7600,112.8800,115.7400,323857454,1.000000
2025-03-13,nvda,117.0300,117.7600,113.7900,115.5800,299033131,1.000000
2025-03-14,nvda,118.6100,121.8800,118.1500,121.6700,277593455,1.000000
2025-03-17,nvda,122.7400,122.8900,118.0300,119.5300,255501481,1.000000
2025-03-18,nvda,118.0000,119.0200,114.5400,115.4300,299686944,1.000000
2025-03-19,nvda,117.2700,120.4500,115.6800,117.5200,273426225,1.000000
2025-03-20,nvda,116.5500,120.2000,116.4700,118.5300,248829749,1.000000
2025-03-21,nvda,116.9400,117.9900,115.4200,117.7000,266498528,1.000000
2025-03-24,nvda,119.8800,122.2200,119.3400,121.4100,228452534,1.000000
2025-03-25,nvda,120.5500,121.2900,118.9200,120.6900,167447198,1.000000
2025-03-26,nvda,118.7300,118.8400,112.7100,113.7600,296431667,1.000000
2025-03-27,nvda,111.3500,114.4500,110.6600,111.4300,236902055,1.000000
2025-03-28,nvda,111.4900,112.8700,109.0700,109.6700,229872549,1.000000
2025-03-31,nvda,105.1300,110.9600,103.6500,108.3800,299212653,1.000000
2025-04-01,nvda,108.5200,110.2000,106.4700,110.1500,222614034,1.000000
2025-04-02,nvda,107.2900,111.9800,106.7900,110.4200,220601243,1.000000
2025-04-03,nvda,103.5100,105.6300,101.6000,101.8000,338769412,1.000000
2025-04-04,nvda,98.9100,100.1300,92.1100,94.3100,532273810,1.000000
2025-04-07,nvda,87.4600,101.7500,86.6200,97.6400,611041347,1.000000
2025-04-08,nvda,103.8100,105.8500,94.4600,96.3000,476243392,1.000000
2025-04-09,nvda,98.8900,115.1000,97.5300,114.3300,612918336,1.000000
2025-04-10,nvda,109.3700,110.8600,99.1500,107.5700,437812353,1.000000
2025-04-11,nvda,108.5000,111.5500,107.4800,110.9300,313417265,1.000000
2025-04-14,nvda,114.1100,114.2900,109.0700,110.7100,264705049,1.000000
2025-04-15,nvda,110.9700,113.6200,110.5000,112.2000,228966900,1.000000
2025-04-16,nvda,104.5500,106.7900,100.4500,104.4900,397016870,1.000000
2025-04-17,nvda,104.4500,104.4700,100.0500,101.4900,292517465,1.000000
2025-04-21,nvda,98.7700,99.4400,95.0400,96.9100,288501136,1.000000
2025-04-22,nvda,98.7800,99.8100,97.2800,98.8900,241004784,1.000000
2025-04-23,nvda,104.5200,104.8000,102.0200,102.7100,247525971,1.000000
2025-04-24,nvda,103.4800,106.5400,103.1100,106.4300,220815041,1.000000
2025-04-25,nvda,106.8500,111.9200,105.7300,111.0100,251064672,1.000000
2025-04-28,nvda,109.6900,110.3700,106.0200,108.7300,207708479,1.000000
2025-04-29,nvda,107.6700,110.2000,107.4400,109.0200,170444263,1.000000
2025-04-30,nvda,104.4700,108.9200,104.0800,108.9200,235044611,1.000000
2025-05-01,nvda,113.0800,114.9400,111.3000,111.6100,236121507,1.000000
2025-05-02,nvda,114.1800,115.4000,113.3700,114.5000,190194778,1.000000
2025-05-05,nvda,112.9100,114.6700,112.6600,113.8200,133163241,1.000000
2025-05-06,nvda,111.4800,114.7400,110.8200,113.5400,158525621,1.000000
2025-05-07,nvda,113.0500,117.6800,112.2800,117.0600,207827821,1.000000
2025-05-08,nvda,118.2500,118.6800,115.8500,117.3700,198428122,1.000000
2025-05-09,nvda,117.3500,118.2300,115.2100,116.6500,132972189,1.000000
2025-05-12,nvda,121.9700,123.0000,120.2800,123.0000,225023345,1.000000
2025-05-13,nvda,124.9800,131.2200,124.4700,129.9300,330430105,1.000000
2025-05-14,nvda,133.2000,135.4400,131.6800,135.3400,281180830,1.000000
2025-05-15,nvda,134.3000,136.3000,132.6600,134.8300,226632563,1.000000
2025-05-16,nvda,136.2200,136.3500,133.4600,135.4000,226542451,1.000000
2025-05-19,nvda,132.3900,135.8700,132.3900,135.5700,193154571,1.000000
2025-05-20,nvda,134.2900,134.5800,132.6200,134.3800,161514247,1.000000
2025-05-21,nvda,133.0600,137.4000,130.5900,131.8000,270608738,1.000000
2025-05-22,nvda,132.2300,134.2500,131.5500,132.8300,187343954,1.000000
2025-05-23,nvda,130.0000,132.6800,129.1600,131.2900,198821324,1.000000
2025-05-27,nvda,134.1500,135.6600,133.3100,135.5000,192953613,1.000000
2025-05-28,nvda,136.0300,137.2500,134.7900,134.8100,304021146,1.000000
2025-05-29,nvda,142.2500,143.4900,137.9100,139.1900,370615167,1.000000
2025-05-30,nvda,138.7200,139.6200,132.9200,135.1300,333170851,1.000000
2025-06-02,nvda,135.4900,138.1200,135.4000,137.3800,197663116,1.000000
2025-06-03,nvda,138.7800,142.0000,137.9500,141.2200,225578783,1.000000
2025-06-04,nvda,142.1900,142.3900,139.5500,141.9200,167120819,1.000000
2025-06-05,nvda,142.1700,144.0000,138.8300,139.9900,232410759,1.000000
2025-06-06,nvda,142.5100,143.2700,141.5100,141.7200,153986153,1.000000
2025-06-09,nvda,143.1900,145.0000,141.9400,142.6300,185114494,1.000000
2025-06-10,nvda,142.6900,144.2900,141.5300,143.9600,155881897,1.000000
2025-06-11,nvda,144.6100,144.9900,141.8700,142.8300,167694044,1.000000
2025-06-12,nvda,141.9700,145.0000,141.8500,145.0000,162364991,1.000000
2025-06-13,nvda,142.4800,143.5800,140.8600,141.9700,180820565,1.000000
2025-06-16,nvda,143.3500,146.1800,143.2000,144.6900,183133666,1.000000
2025-06-17,nvda,144.4900,145.2200,143.7800,144.1200,139108000,1.000000
2025-06-18,nvda,144.0100,145.6500,143.1200,145.4800,161494121,1.000000
2025-06-20,nvda,145.4500,146.2000,142.6500,143.8500,242956157,1.000000
2025-06-23,nvda,142.5000,144.7800,142.0300,144.1700,154308941,1.000000
2025-06-24,nvda,145.5600,147.9600,145.5000,147.9000,187566121,1.000000
2025-06-25,nvda,149.2700,154.4500,149.2600,154.3100,269146471,1.000000
2025-06-26,nvda,155.9800,156.7200,154.0000,155.0200,198145746,1.000000
2025-06-27,nvda,156.0400,158.7100,155.2600,157.7500,263234539,1.000000
2025-06-30,nvda,158.4000,158.6600,155.9600,157.9900,194580316,1.000000
2025-07-01,nvda,156.2900,157.2000,151.4900,153.3000,213143621,1.000000
2025-07-02,nvda,152.9800,157.6000,152.9700,157.2500,171224111,1.000000
2025-07-03,nvda,158.3700,160.9800,157.7700,159.3400,143716055,1.000000
2025-07-07,nvda,158.2000,159.3100,157.3400,158.2400,140138975,1.000000
2025-07-08,nvda,159.3300,160.2200,158.3900,160.0000,138133025,1.000000
2025-07-09,nvda,161.2200,164.4200,161.1600,162.8800,183656443,1.000000
2025-07-10,nvda,164.3200,164.5000,161.6100,164.1000,167704075,1.000000
2025-07-11,nvda,163.7200,167.8900,163.4700,164.9200,193633263,1.000000
2025-07-14,nvda,165.3700,165.4900,162.0200,164.0700,136975754,1.000000
2025-07-15,nvda,171.1900,172.4000,169.2000,170.7000,230627350,1.000000
2025-07-16,nvda,171.0600,171.7500,168.9000,171.3700,158831509,1.000000
2025-07-17,nvda,172.0200,174.1600,170.8300,173.0000,160841119,1.000000
2025-07-18,nvda,173.6400,174.2500,171.2600,172.4100,146456416,1.000000
2025-07-21,nvda,172.7500,173.3800,171.0000,171.3800,123126136,1.000000
2025-07-22,nvda,171.3400,171.3900,164.5800,167.0300,193114327,1.000000
2025-07-23,nvda,169.5300,171.2600,167.9700,170.7800,154082197,1.000000
2025-07-24,nvda,172.4400,173.8300,171.3000,173.7400,128984628,1.000000
2025-07-25,nvda,173.6100,174.7200,172.9600,173.5000,122316792,1.000000
2025-07-28,nvda,174.0200,177.0000,173.9700,176.7500,140023521,1.000000
2025-07-29,nvda,177.9600,179.3800,175.0200,175.5100,154077512,1.000000
2025-07-30,nvda,176.5100,179.8900,176.0400,179.2700,174312208,1.000000
2025-07-31,nvda,182.9000,183.3000,175.9300,177.8700,221685446,1.000000
2025-08-01,nvda,174.0900,176.5400,170.8900,173.7200,204528985,1.000000
2025-08-04,nvda,175.1600,180.2000,174.5200,180.0000,148174609,1.000000
2025-08-05,nvda,179.6200,180.2600,175.9000,178.2600,156407621,1.000000
2025-08-06,nvda,176.3300,179.9000,176.2500,179.4200,137192265,1.000000
2025-08-07,nvda,181.5700,183.8800,178.8000,180.7700,151878365,1.000000
2025-08-08,nvda,181.5500,183.3000,180.4000,182.7000,123396679,1.000000
2025-08-11,nvda,182.0500,183.8400,180.2500,182.0600,138323191,1.000000
2025-08-12,nvda,182.9600,184.4800,179.4600,183.1600,145729202,1.000000
2025-08-13,nvda,182.6200,183.9700,179.3500,181.5900,179871724,1.000000
2025-08-14,nvda,179.7500,183.0200,179.4600,182.0200,129553959,1.000000
2025-08-15,nvda,181.8800,181.9000,178.0400,180.4500,156602161,1.000000
2025-08-18,nvda,180.6000,182.9400,180.5900,182.0100,132007959,1.000000
2025-08-19,nvda,182.4300,182.5000,175.4900,175.6400,185229219,1.000000
2025-08-20,nvda,175.1700,176.0000,168.8000,175.4000,215142725,1.000000
2025-08-21,nvda,174.8500,176.9000,173.8100,174.9800,140040850,1.000000
2025-08-22,nvda,172.6100,178.5900,171.2000,177.9900,172789427,1.000000
2025-08-25,nvda,178.3500,181.9100,176.5700,179.8100,163012789,1.000000
2025-08-26,nvda,180.0600,182.3900,178.8100,181.7700,168688186,1.000000
2025-08-27,nvda,181.9800,182.4900,179.1000,181.6000,235518949,1.000000
2025-08-28,nvda,180.8200,184.4700,176.4100,180.1700,281787824,1.000000
2025-08-29,nvda,178.1100,178.1500,173.1500,174.1800,243257873,1.000000
2025-09-02,nvda,170.0000,172.3800,167.2200,170.7800,231164853,1.000000
2025-09-03,nvda,171.0600,172.4100,168.8800,170.6200,164424873,1.000000
2025-09-04,nvda,170.5700,171.8600,169.4100,171.6600,141670144,1.000000
2025-09-05,nvda,168.0300,169.0300,164.0700,167.0200,224143295,1.000000
2025-09-08,nvda,167.5500,170.9600,167.3500,168.3100,163769133,1.000000
2025-09-09,nvda,169.0900,170.9800,166.7400,170.7600,157548392,1.000000
2025-09-10,nvda,176.6400,179.2900,175.4700,177.3300,226852020,1.000000
2025-09-11,nvda,179.6800,180.2800,176.4800,177.1700,151159274,1.000000
2025-09-12,nvda,177.7700,178.6000,176.4500,177.8200,124911026,1.000000
2025-09-15,nvda,175.6700,178.8500,174.5100,177.7500,147061559,1.000000
2025-09-16,nvda,177.0000,177.5000,174.3800,174.8800,140737775,1.000000
2025-09-17,nvda,172.6400,173.2000,168.4100,170.2900,211843817,1.000000
2025-09-18,nvda,173.9800,177.1000,172.9600,176.2400,191763313,1.000000
2025-09-19,nvda,175.7700,178.0800,175.1800,176.6700,237182143,1.000000
2025-09-22,nvda,175.3000,184.5500,174.7100,183.6100,269637001,1.000000
2025-09-23,nvda,181.9700,182.4200,176.2100,178.4300,192559552,1.000000
2025-09-24,nvda,179.7700,179.7800,175.4000,176.9700,143564116,1.000000
2025-09-25,nvda,174.4800,180.2600,173.1300,177.6900,191586733,1.000000
2025-09-26,nvda,178.1700,179.7700,174.9300,178.1900,148573732,1.000000
2025-09-29,nvda,180.4300,184.0000,180.3200,181.8500,193063455,1.000000
2025-09-30,nvda,182.0800,187.3500,181.4800,186.5800,236981032,1.000000
2025-10-01,nvda,185.2400,188.1400,183.9000,187.2400,173844901,1.000000
2025-10-02,nvda,189.6000,191.0500,188.0600,188.8900,136805821,1.000000
2025-10-03,nvda,189.1900,190.3600,185.3800,187.6200,137596896,1.000000
2025-10-06,nvda,185.5000,187.2300,183.3300,185.5400,157678104,1.000000
2025-10-07,nvda,186.2300,189.0600,184.0000,185.0400,140088008,1.000000
2025-10-08,nvda,186.5700,189.6000,186.5400,189.1100,130168861,1.000000
2025-10-09,nvda,192.2300,195.3000,191.0600,192.5700,182997234,1.000000
2025-10-10,nvda,193.5100,195.6200,182.0500,183.1600,268774359,1.000000
2025-10-13,nvda,187.9700,190.1100,185.9600,188.3200,153482755,1.000000
2025-10-14,nvda,184.7700,184.8000,179.7000,180.0300,205641380,1.000000
2025-10-15,nvda,184.8000,184.8700,177.2900,179.8300,214450482,1.000000
2025-10-16,nvda,182.2300,183.2800,179.7700,181.8100,179723309,1.000000
2025-10-17,nvda,180.1800,184.1000,179.7500,183.2200,173135217,1.000000
2025-10-20,nvda,183.1300,185.2000,181.7300,182.6400,128544711,1.000000
2025-10-21,nvda,182.7900,182.7900,179.8000,181.1600,124240168,1.000000
2025-10-22,nvda,181.1400,183.4400,176.7600,180.2800,162249552,1.000000
2025-10-23,nvda,180.4200,183.0300,179.7900,182.1600,111363718,1.000000
2025-10-24,nvda,183.8400,187.4700,183.5000,186.2600,131296677,1.000000
2025-10-27,nvda,189.9900,192.0000,188.4300,191.4900,153452704,1.000000
2025-10-28,nvda,193.0500,203.1500,191.9100,201.0300,297986180,1.000000
2025-10-29,nvda,207.9800,212.1900,204.7800,207.0400,308829564,1.000000
2025-10-30,nvda,205.1500,206.1600,201.4100,202.8900,178864443,1.000000
2025-10-31,nvda,206.4500,207.9700,202.0700,202.4900,179802178,1.000000
2025-11-03,nvda,208.0800,211.3400,205.5600,206.8800,180267285,1.000000
2025-11-04,nvda,203.0000,203.9700,197.9300,198.6900,188919320,1.000000
2025-11-05,nvda,198.7700,202.9200,194.6500,195.2100,171350332,1.000000
2025-11-06,nvda,196.4200,197.6200,186.3800,188.0800,223029778,1.000000
2025-11-07,nvda,184.9000,188.3200,178.9100,188.1500,264942255,1.000000
2025-11-10,nvda,195.1100,199.9400,193.7900,199.0500,198897134,1.000000
2025-11-11,nvda,195.1600,195.4200,191.3000,193.1600,176483327,1.000000
2025-11-12,nvda,195.7200,195.8900,191.1300,193.8000,154935263,1.000000
2025-11-13,nvda,191.0500,191.4400,183.8500,186.8600,207423074,1.000000
2025-11-14,nvda,182.8600,191.0100,180.5800,190.1700,186591856,1.000000
2025-11-17,nvda,185.9700,189.0000,184.3200,186.6000,173628858,1.000000
2025-11-18,nvda,183.3800,184.8000,179.6500,181.3600,213598877,1.000000
2025-11-19,nvda,184.7900,187.8600,182.8300,186.5200,247246436,1.000000
2025-11-20,nvda,195.9500,196.0000,179.8500,180.6400,343504849,1.000000
2025-11-21,nvda,181.2400,184.5600,172.9300,178.8800,346926153,1.000000
2025-11-24,nvda,179.4900,183.5000,176.4800,182.5500,256618335,1.000000
2025-11-25,nvda,174.9100,178.1600,169.5500,177.8200,320600271,1.000000
2025-11-26,nvda,181.6300,182.9100,178.2400,180.2600,183852010,1.000000
2025-11-28,nvda,179.0100,179.2900,176.5000,177.0000,121332776,1.000000
2025-12-01,nvda,174.7600,180.3000,173.6800,179.9200,188130955,1.000000
2025-12-02,nvda,181.7600,185.6600,180.0000,181.4600,182632230,1.000000
2025-12-03,nvda,181.0800,182.4500,179.1100,179.5900,165138023,1.000000
2025-12-04,nvda,181.6200,184.5200,179.9600,183.3800,167364857,1.000000
2025-12-05,nvda,183.8900,184.6600,180.9100,182.4100,143971098,1.000000
2025-12-08,nvda,182.6400,188.0000,182.4000,185.5500,204378106,1.000000
2025-12-09,nvda,185.5600,185.7200,183.3200,184.9700,144719705,1.000000
2025-12-10,nvda,184.9700,185.4800,182.0400,183.7800,162785370,1.000000
2025-12-11,nvda,180.2800,181.3200,176.6200,180.9300,182136641,1.000000
2025-12-12,nvda,181.1100,182.8200,174.6200,175.0200,204274918,1.000000
2025-12-15,nvda,177.9400,178.4200,175.0300,176.2900,164775636,1.000000
2025-12-16,nvda,176.2600,178.4900,174.9000,177.7200,148588098,1.000000
2025-12-17,nvda,176.1000,176.1300,170.3100,170.9400,222775464,1.000000
2025-12-18,nvda,174.5300,176.1500,171.8200,174.1400,176096001,1.000000
2025-12-19,nvda,176.6700,181.4500,176.3400,180.9900,324925927,1.000000
2025-12-22,nvda,183.9200,184.1600,182.3500,183.6900,129064369,1.000000
2025-12-23,nvda,182.9700,189.3300,182.9000,189.2100,174873621,1.000000
2025-12-24,nvda,187.9400,188.9100,186.5900,188.6100,65528545,1.000000
2025-12-26,nvda,189.9200,192.6900,188.0000,190.5300,139740292,1.000000
2025-12-29,nvda,187.7100,188.7600,185.9100,188.2200,120006103,1.000000
2025-12-30,nvda,188.2400,188.9900,186.9300,187.5400,97687274,1.000000
2025-12-31,nvda,189.5700,190.5600,186.4900,186.5000,120100484,1.000000
2026-01-02,nvda,189.8400,192.9300,188.2600,188.8500,148240462,1.000000
2026-01-05,nvda,191.7600,193.6300,186.1500,188.1200,183529733,1.000000
2026-01-06,nvda,190.5200,192.1700,186.8200,187.2400,176862604,1.000000
2026-01-07,nvda,188.5700,191.3700,186.5600,189.1100,153543174,1.000000
2026-01-08,nvda,189.1100,189.5500,183.7100,185.0400,172457048,1.000000
2026-01-09,nvda,185.0800,186.3400,183.6700,184.8600,131327534,1.000000
2026-01-12,nvda,183.2200,187.1200,183.0200,184.9400,137968453,1.000000
2026-01-13,nvda,185.0000,188.1100,183.4000,185.8100,160128939,1.000000
2026-01-14,nvda,184.3200,184.4600,180.8000,183.1400,159586135,1.000000
2026-01-15,nvda,186.5000,189.7000,186.3300,187.0500,206188642,1.000000
2026-01-16,nvda,189.0800,190.4400,186.0800,186.2300,187967169,1.000000
2026-01-20,nvda,181.9000,182.3800,177.6100,178.0700,223345257,1.000000
2026-01-21,nvda,179.0500,185.3800,178.4000,183.3200,200380959,1.000000
2026-01-22,nvda,184.7500,186.1700,183.9300,184.8400,139636626,1.000000
2026-01-23,nvda,187.5000,189.6000,186.8200,187.6700,142748076,1.000000
2026-01-26,nvda,187.1600,189.1200,185.9900,186.4700,124799649,1.000000
2026-01-27,nvda,187.2400,190.0000,185.7000,188.5200,143711557,1.000000
2026-01-28,nvda,191.2700,192.3500,189.8400,191.5200,148552677,1.000000
2026-01-29,nvda,191.3400,193.4800,186.0600,192.5100,171764375,1.000000
2026-01-30,nvda,191.2100,194.4900,189.4700,191.1300,179489463,1.000000
2026-02-02,nvda,187.2000,190.3000,184.8800,185.6100,165794054,1.000000
2026-02-03,nvda,186.2400,186.2700,176.2300,180.3400,204019589,1.000000
2026-02-04,nvda,179.4600,179.5800,171.9100,174.1900,207014116,1.000000
2026-02-05,nvda,174.9300,176.8200,171.0300,171.8800,206312890,1.000000
2026-02-06,nvda,176.6900,187.0000,174.6000,185.4100,231346241,1.000000
2026-02-09,nvda,184.2600,193.6600,183.9500,190.0400,196387351,1.000000
2026-02-10,nvda,191.3800,192.4800,188.1200,188.5400,136764825,1.000000
2026-02-11,nvda,192.4500,193.2600,188.7700,190.0500,144192685,1.000000
2026-02-12,nvda,193.0300,193.6100,186.5100,186.9400,189932491,1.000000
2026-02-13,nvda,187.4800,187.5000,181.5900,182.8100,161888021,1.000000
2026-02-17,nvda,181.7500,187.1500,179.1800,184.9700,162276860,1.000000
2026-02-18,nvda,188.7500,190.3700,186.7600,187.9800,164749125,1.000000
2026-02-19,nvda,187.0600,188.4300,185.6600,187.9000,126554526,1.000000
2026-02-20,nvda,186.5700,190.3300,185.9400,189.8200,178422337,1.000000
2026-02-23,nvda,191.4000,193.9500,189.5800,191.5500,171584839,1.000000
2026-02-24,nvda,191.4900,193.7700,187.4000,192.8500,175123602,1.000000
2026-02-25,nvda,194.4500,197.6300,193.7900,195.5600,250637102,1.000000
2026-02-26,nvda,194.2700,194.2900,184.3200,184.8900,360807907,1.000000
2026-02-27,nvda,181.2500,182.5900,176.3800,177.1900,311636494,1.000000
2026-03-02,nvda,175.0100,183.4600,174.6400,182.4800,209095331,1.000000
2026-03-03,nvda,178.4900,180.9000,176.9200,180.0500,178099430,1.000000
2026-03-04,nvda,180.4400,184.7000,180.0600,183.0400,177731198,1.000000
2026-03-05,nvda,181.1700,184.0600,177.8800,183.3400,198779729,1.000000
2026-03-06,nvda,179.8400,182.7600,176.8200,177.8200,189021949,1.000000
2026-03-09,nvda,176.8300,182.9100,175.5600,182.6500,177213588,1.000000
2026-03-10,nvda,182.4000,186.4400,182.0100,184.7700,179118528,1.000000
2026-03-11,nvda,185.9100,187.6200,184.4500,186.0300,145280386,1.000000
2026-03-12,nvda,184.0500,184.9400,181.7500,183.1400,155762663,1.000000
2026-03-13,nvda,184.9200,186.0900,179.9400,180.2500,160988424,1.000000
2026-03-16,nvda,182.9700,188.8800,181.4100,183.2200,217307380,1.000000
2026-03-17,nvda,185.0600,185.4000,181.6800,181.9300,182497757,1.000000
2026-03-18,nvda,182.4800,183.3800,180.3300,180.4000,156683136,1.000000
2026-03-19,nvda,178.0100,179.9800,175.7900,178.5600,170968527,1.000000
2026-03-20,nvda,178.0000,178.2600,171.7200,172.7000,241323528,1.000000
2026-03-23,nvda,177.2600,178.3700,174.7600,175.6400,182836294,1.000000
2026-03-24,nvda,174.8300,176.2200,173.9800,175.2000,147667844,1.000000
2026-03-25,nvda,177.1000,181.2200,176.8500,178.6800,162602054,1.000000
2026-03-26,nvda,176.0700,176.5100,171.1400,171.2400,186152232,1.000000
2026-03-27,nvda,170.0000,170.9700,167.0100,167.5200,196212684,1.000000
2026-03-30,nvda,168.7800,169.4500,164.2700,165.1700,185626992,1.000000
2026-03-31,nvda,166.9700,174.6200,166.9600,174.4000,226181301,1.000000
2026-04-01,nvda,176.0000,177.3700,174.7500,175.7500,168132005,1.000000
2026-04-02,nvda,172.1800,177.4900,171.3700,177.3900,143143157,1.000000
2026-04-06,nvda,177.1600,177.7900,175.7600,177.6400,107564279,1.000000
2026-04-07,nvda,175.7300,178.2300,173.6600,178.1000,132534902,1.000000
2026-04-08,nvda,184.5000,185.2600,180.3000,182.0800,147732686,1.000000
2026-04-09,nvda,181.8400,184.0800,180.6200,183.9100,116428523,1.000000
2026-04-10,nvda,184.3100,190.0000,184.3000,188.6300,160459524,1.000000
2026-04-13,nvda,186.0300,189.6600,185.7400,189.3100,133648180,1.000000
2026-04-14,nvda,190.8400,196.5100,190.7700,196.5100,161307010,1.000000
2026-04-15,nvda,196.5400,200.4000,195.7400,198.8700,185338388,1.000000
2026-04-16,nvda,197.4300,199.8500,195.8100,198.3500,134012859,1.000000
2026-04-17,nvda,199.9000,201.7000,199.2700,201.6800,160324416,1.000000
2026-04-20,nvda,199.9800,202.1700,197.8400,202.0600,119381388,1.000000
2026-04-21,nvda,202.1300,202.7500,199.0000,199.8800,107945302,1.000000
2026-04-22,nvda,200.9900,202.5000,199.0000,202.5000,107501042,1.000000
2026-04-23,nvda,202.4600,203.8300,197.2200,199.6400,113561830,1.000000
2026-04-24,nvda,199.9600,210.9500,199.8100,208.2700,214134441,1.000000
2026-04-27,nvda,209.6500,216.8300,207.3800,216.6100,187172421,1.000000
2026-04-28,nvda,209.4900,214.7300,208.2000,213.1700,180275363,1.000000
2026-04-29,nvda,212.7000,212.7200,207.5800,209.2500,123711821,1.000000
2026-04-30,nvda,209.9300,210.3000,198.7000,199.5700,225239156,1.000000
2026-05-01,nvda,201.2800,203.0000,197.1200,198.4500,128646996,1.000000
2026-05-04,nvda,199.5000,201.7300,194.7400,198.4800,125368092,1.000000
2026-05-05,nvda,199.3000,200.2400,196.0300,196.5000,113406620,1.000000
2026-05-06,nvda,199.8900,208.2700,198.6100,207.8300,188362812,1.000000
2026-05-07,nvda,208.3400,214.2000,206.5000,211.5000,168307873,1.000000
2026-05-08,nvda,213.0300,217.8000,212.8900,215.2000,136421361,1.000000
2026-05-11,nvda,214.0400,222.3000,213.8900,219.4400,160685774,1.000000
2026-05-12,nvda,218.5500,223.7500,214.9200,220.7800,159176619,1.000000
2026-05-13,nvda,224.9300,227.8400,221.5700,225.8300,150405386,1.000000
2026-05-14,nvda,229.8500,236.5400,229.3000,235.7400,180782857,1.000000
2026-05-15,nvda,229.7600,231.5000,224.2400,225.3200,180977639,1.000000
2026-05-18,nvda,229.8700,230.0000,218.3700,222.3200,146280896,1.000000
2026-05-19,nvda,219.6200,224.4800,217.9100,220.6100,140948207,1.000000
2026-05-20,nvda,223.1800,226.1300,220.5000,223.4700,184201587,1.000000
2026-05-21,nvda,222.2900,227.4000,217.9300,219.5100,203381760,1.000000
2026-05-22,nvda,220.9000,221.0100,214.8000,215.3300,169275710,1.000000
2026-05-26,nvda,216.5400,218.1800,212.0000,214.8600,187202576,1.000000
2026-05-27,nvda,214.1200,214.1500,208.7800,212.6000,167601172,1.000000
2026-05-28,nvda,211.2800,215.5200,211.2200,214.2500,143996048,1.000000
2026-05-29,nvda,214.5800,217.8600,211.1300,211.1400,289410623,1.000000
2026-06-01,nvda,215.7300,224.8700,215.7000,224.3600,212850685,1.000000
2026-06-02,nvda,227.1800,232.2800,221.3500,222.8200,193362903,1.000000
2026-06-03,nvda,221.7200,222.8200,214.5100,214.7500,160907001,1.000000
2026-06-04,nvda,213.9100,221.6000,210.9700,218.6600,169022152,1.000000
2026-06-05,nvda,214.5300,214.8700,204.3300,205.1000,219655531,1.000000
2026-06-08,nvda,210.1800,210.4700,206.0000,208.6400,138372837,1.000000
2026-06-09,nvda,210.6200,211.4000,199.3400,208.1900,180962450,1.000000
2026-06-10,nvda,204.4300,207.2200,199.9200,200.4200,161746587,1.000000
2026-06-11,nvda,201.4900,205.6600,199.5400,204.8700,158643204,1.000000
2026-06-12,nvda,204.8600,207.0700,203.4400,205.1900,112345314,1.000000
2026-06-15,nvda,208.9200,212.7100,208.3400,212.4500,149936688,1.000000
2026-06-16,nvda,211.1800,211.4900,207.2900,207.4100,125694100,1.000000
2026-06-17,nvda,208.5300,209.2100,203.0800,204.6500,128363473,1.000000
2026-06-18,nvda,207.3300,211.3900,206.5000,210.6900,241272013,1.000000
2026-06-22,nvda,211.4400,213.9900,207.7200,208.6500,122041419,1.000000
2026-06-23,nvda,202.1700,203.7700,200.0000,200.0400,153496196,1.000000
2026-06-24,nvda,200.1200,201.6700,196.5800,199.0000,151810704,1.000000
2026-06-25,nvda,200.0800,200.8000,192.1300,195.7400,150205647,1.000000
2026-06-26,nvda,193.1200,195.5500,191.2200,192.5300,179304147,1.000000
2026-06-29,nvda,193.8500,196.1800,189.8000,194.9700,148835724,1.000000
2026-06-30,nvda,197.2400,200.6300,195.1100,200.0900,166476665,1.000000
2026-07-01,nvda,196.2000,199.8500,193.4500,197.5800,146147597,1.000000
2026-07-02,nvda,197.1400,200.0600,192.3500,194.8300,142385548,1.000000
2026-07-06,nvda,194.4200,197.5500,193.9900,195.5500,108999015,1.000000
2026-07-07,nvda,192.3700,198.4100,191.1400,196.9300,124154574,1.000000
2026-07-08,nvda,195.1800,205.1600,195.0600,204.1200,147419133,1.000000
2026-07-09,nvda,204.4600,204.5900,198.9600,202.7800,132037359,1.000000
2026-07-10,nvda,202.0000,211.0000,201.9200,210.9600,148421001,1.000000
2026-07-13,nvda,208.5400,210.5700,203.0000,203.5300,121411018,1.000000
2026-07-14,nvda,208.2000,212.5500,203.8000,211.8000,124379646,1.000000
2026-07-15,nvda,211.9600,213.8100,206.0400,212.5000,124797151,1.000000
2026-07-16,nvda,210.1700,211.0800,205.8500,207.4000,122986074,1.000000
2026-07-17,nvda,202.6400,206.6500,197.9700,202.8100,144281910,1.000000
2026-07-20,nvda,205.8700,207.7400,202.2800,203.2800,88701540,1.000000
2026-07-21,nvda,207.5400,208.6500,204.0100,207.2900,108685563,1.000000
2026-07-22,nvda,205.8100,214.3900,204.9500,212.0600,137645596,1.000000
2026-07-23,nvda,209.4600,210.8700,205.9600,208.7600,110505328,1.000000
2026-07-24,nvda,207.4500,211.9100,204.8100,206.8400,114836805,1.000000
2026-07-27,nvda,208.2000,208.7500,195.4400,196.5100,154353698,1.000000
2026-07-28,nvda,195.0000,198.7000,192.7400,197.0100,134111494,1.000000
2026-07-29,nvda,195.8500,197.0700,190.0100,190.0100,147680809,1.000000
2026-07-30,nvda,193.4500,197.2500,191.5200,195.0400,129010151,1.000000
2026-07-31,nvda,198.4400,202.0000,194.9500,200.7500,139961152,1.000000
2026-08-03,nvda,197.6900,208.7400,196.8500,206.6400,128406883,1.000000
2026-08-04,nvda,211.3000,213.0600,209.0500,211.9400,134921997,1.000000
2026-08-05,nvda,216.8600,222.2200,216.4000,219.2200,158187403,1.000000
2026-08-06,nvda,221.5300,223.6300,217.0000,218.9900,113940644,1.000000
2026-08-07,nvda,221.5400,224.7600,220.6600,223.9600,105669440,1.000000
2026-08-10,nvda,223.4000,224.1400,216.7700,217.5500,115846596,1.000000
2026-08-11,nvda,222.1700,222.2000,216.2000,217.5000,101273148,1.000000
2026-08-12,nvda,221.0400,225.1000,220.2000,224.0900,108783636,1.000000
2026-08-13,nvda,225.0600,227.2300,223.7100,225.3000,98867226,1.000000
2026-08-14,nvda,226.7700,227.4900,224.5000,225.1600,75680870,1.000000
2026-08-17,nvda,225.9800,227.9200,224.8600,225.0100,93678685,1.000000
2026-08-18,nvda,220.4500,221.6400,218.6900,219.7400,103128247,1.000000
2026-08-19,nvda,221.6700,222.8700,216.7600,217.5600,96797314,1.000000
2026-08-20,nvda,218.3600,219.8600,215.6600,216.8500,92457037,1.000000
2026-08-21,nvda,218.4200,218.7400,214.5000,214.7200,98869300,1.000000
2026-08-24,nvda,215.5300,215.5900,207.2500,208.4800,135187288,1.000000
2026-08-25,nvda,211.0300,214.7300,210.1100,213.0500,122309019,1.000000
2026-08-26,nvda,212.6400,213.6000,209.2300,209.6600,179900003,1.000000
2026-08-27,nvda,222.8600,230.4700,220.9000,227.9800,298909822,1.000000
2026-08-28,nvda,227.3600,229.2600,216.8100,217.5500,195116417,1.000000
2026-08-31,nvda,218.8700,221.3000,216.2100,220.7800,124702660,1.000000
2026-09-01,nvda,216.7500,220.4100,215.1000,217.4400,109756184,1.000000
2026-09-02,nvda,218.7900,227.9500,218.4800,224.4100,157104683,1.000000
2026-09-03,nvda,226.0200,230.4000,224.7500,228.4500,134681610,1.000000
2026-09-04,nvda,231.0900,234.7600,229.6300,230.3600,135352420,1.000000
2026-09-08,nvda,233.1100,233.7100,224.8500,225.7300,122965555,1.000000
2026-09-09,nvda,225.2800,226.1800,223.4600,223.6700,82955478,1.000000
2026-09-10,nvda,220.5300,220.9900,217.2000,218.3600,105768001,1.000000
2026-09-11,nvda,221.2400,222.0000,218.1500,218.2900,89060140,1.000000
2026-09-14,nvda,211.2400,212.7700,208.9300,210.9600,132267244,1.000000
2026-09-15,nvda,213.3800,213.9400,211.1600,212.1700,88059658,1.000000
2026-09-16,nvda,214.1400,216.7600,212.5000,213.9000,96563590,1.000000
2026-09-17,nvda,218.3800,219.9100,217.1500,219.3400,94191263,1.000000
2026-09-18,nvda,219.3500,222.7300,218.0300,222.2700,190287428,1.000000
2026-09-21,nvda,222.9400,228.5000,221.5600,227.3800,109806067,1.000000
2026-09-22,nvda,226.8500,229.9800,226.5000,228.8700,95746745,1.000000
2026-09-23,nvda,228.0300,228.9500,224.0200,225.5100,89547290,1.000000
2026-09-24,nvda,222.0800,224.9400,221.0900,224.5800,77469856,1.000000
2026-09-25,nvda,225.1300,226.9400,223.1300,225.0700,89947712,1.000000
