date,symbol,open,high,low,close,volume,factor
2011-01-26,tsla,24.7100,24.8800,24.1000,24.7500,1078933,1.000000
2011-01-27,tsla,24.7400,25.0800,24.5300,24.9200,895155,1.000000
2011-01-28,tsla,24.8800,24.8800,23.7500,24.0100,1043121,1.000000
2011-01-31,tsla,24.0500,24.1200,23.5000,24.1000,829812,1.000000
2011-02-01,tsla,24.3100,24.7300,23.5400,23.9100,707791,1.000000
2011-02-02,tsla,24.1600,24.1800,23.6690,23.9400,569472,1.000000
2011-02-03,tsla,23.8200,23.9000,23.1500,23.6300,509017,1.000000
2011-02-04,tsla,23.4400,23.6700,23.2200,23.4600,543617,1.000000
2011-02-07,tsla,23.2600,23.2600,22.8800,23.0700,895011,1.000000
2011-02-08,tsla,23.7800,25.2500,23.0000,24.4900,3504583,1.000000
2011-02-09,tsla,24.1300,24.1800,22.7900,23.2100,2633662,1.000000
2011-02-10,tsla,23.2600,23.6400,22.8100,23.2150,818220,1.000000
2011-02-11,tsla,23.2500,23.7500,22.9400,23.2500,634472,1.000000
2011-02-14,tsla,23.6400,24.1400,23.0500,23.0800,1280993,1.000000
2011-03-25,tsla,22.4300,23.0000,22.4000,22.7500,567922,1.000000
2011-03-28,tsla,22.7000,23.5390,22.5500,23.2500,1057268,1.000000
2011-03-29,tsla,23.3000,24.0000,23.2100,23.9200,753291,1.000000
2011-03-30,tsla,24.1100,24.4900,23.0100,23.7100,1218561,1.000000
2011-03-31,tsla,26.5500,28.7100,26.5000,27.7500,11283081,1.000000
2011-04-01,tsla,27.4500,28.1800,26.5700,26.6600,2864205,1.000000
2011-04-04,tsla,26.8300,27.0000,25.2300,25.8300,2607605,1.000000
2011-04-05,tsla,25.9000,27.0000,25.6900,26.7000,3149476,1.000000
2011-04-06,tsla,26.9900,27.0100,25.8000,26.4900,1278747,1.000000
2011-04-07,tsla,26.8500,27.9400,26.4500,27.2400,2807716,1.000000
2011-04-08,tsla,27.5800,27.6000,26.3600,26.4900,1943572,1.000000
2011-04-11,tsla,26.4700,26.5300,25.0200,25.2700,1368850,1.000000
2011-04-12,tsla,25.0800,25.2100,24.3000,24.6500,1356601,1.000000
2011-04-13,tsla,25.1300,25.6900,24.8100,24.9300,1209894,1.000000
2011-04-14,tsla,24.8700,25.2800,24.2000,25.1400,983382,1.000000
2011-04-15,tsla,25.6500,26.1800,25.4100,25.5800,942901,1.000000
2011-04-18,tsla,25.1300,25.6200,24.3600,25.0300,1032371,1.000000
2011-04-19,tsla,25.2600,25.2600,24.6500,25.1600,548393,1.000000
2011-04-20,tsla,25.7000,26.0900,25.3000,25.7500,835169,1.000000
2011-04-21,tsla,25.8500,26.9800,25.5900,26.7400,1382239,1.000000
2011-04-25,tsla,26.7000,26.7300,25.9700,26.3900,797739,1.000000
2011-04-26,tsla,26.6600,27.2500,26.3100,26.9300,1366232,1.000000
2011-04-27,tsla,26.9300,27.3600,26.6300,27.0800,993101,1.000000
2011-04-28,tsla,27.0700,27.6900,26.7200,27.6600,1641685,1.000000
2011-04-29,tsla,27.6900,27.8700,27.4200,27.6000,721954,1.000000
2011-05-02,tsla,27.6000,27.8000,27.0600,27.4500,780524,1.000000
2011-05-03,tsla,27.3800,27.3900,26.5000,26.8700,911765,1.000000
2011-05-04,tsla,26.7800,27.0000,25.7500,26.6900,937843,1.000000
2011-05-05,tsla,27.2000,27.4400,26.1700,26.4400,1218349,1.000000
2011-05-06,tsla,26.9000,27.7000,26.6200,27.1200,977232,1.000000
2011-05-09,tsla,27.0000,28.0000,26.8500,27.9100,910153,1.000000
2011-05-10,tsla,28.2400,28.9500,27.9100,28.3300,1530818,1.000000
2011-05-11,tsla,28.2000,28.2990,26.9200,27.0700,960078,1.000000
2011-05-12,tsla,27.0700,27.7400,26.6500,27.6700,626140,1.000000
2011-05-13,tsla,28.0000,28.1890,27.3000,27.5500,661367,1.000000
2011-05-16,tsla,27.9900,27.9900,26.5500,26.6000,753122,1.000000
2011-05-17,tsla,27.0000,27.0000,25.7200,25.9600,1233156,1.000000
2011-05-18,tsla,26.1000,26.4700,25.5200,26.3500,729407,1.000000
2011-05-19,tsla,27.0300,28.4400,26.6000,28.2000,2653467,1.000000
2011-05-20,tsla,28.2600,28.2800,27.3500,27.9700,840634,1.000000
2011-05-23,tsla,27.6200,27.6200,26.6200,26.8200,863448,1.000000
2011-05-24,tsla,27.0200,27.5000,26.6000,26.7200,613553,1.000000
2011-05-25,tsla,26.9000,29.0100,26.1700,28.9800,4687059,1.000000
2011-05-26,tsla,28.8200,29.7600,28.1000,29.4800,3335626,1.000000
2011-05-27,tsla,29.5400,29.6700,28.8200,29.5500,1676519,1.000000
2011-05-31,tsla,29.6900,30.2800,29.5500,30.1400,3278846,1.000000
2011-06-01,tsla,30.0000,30.1000,28.3800,28.5170,1527755,1.000000
2011-06-02,tsla,28.7000,29.3100,28.5800,28.7000,1589715,1.000000
2011-06-03,tsla,29.9500,31.5000,29.5000,30.1300,6206484,1.000000
2011-06-06,tsla,30.1000,30.1300,28.2600,28.7000,2328182,1.000000
2011-06-07,tsla,28.9400,29.3900,28.2600,28.3700,1220899,1.000000
2011-06-08,tsla,28.4400,28.6000,27.0200,27.1200,1695836,1.000000
2011-06-09,tsla,27.4300,28.1000,27.1000,27.6200,1597920,1.000000
2011-06-10,tsla,27.5200,28.2990,27.3500,27.8600,1565532,1.000000
2011-06-13,tsla,28.0700,28.8800,27.8800,28.4300,1709853,1.000000
2011-06-14,tsla,28.5400,29.7000,28.5200,28.6000,1571900,1.000000
2011-06-15,tsla,28.4400,28.4500,27.0700,27.3200,1339051,1.000000
2011-06-16,tsla,27.6700,28.0000,25.7400,26.5000,1829409,1.000000
2011-06-17,tsla,26.8700,27.7000,26.1400,26.5000,1713486,1.000000
2011-06-20,tsla,26.2900,26.4600,25.5000,26.0100,1537709,1.000000
2011-06-21,tsla,26.2400,27.7300,26.0000,27.5300,1495863,1.000000
2011-06-22,tsla,27.3700,28.2500,27.1000,27.2100,1475233,1.000000
2011-06-23,tsla,27.2000,27.7200,26.2100,27.7100,1168807,1.000000
2011-06-24,tsla,27.6400,27.9700,27.2600,27.5650,2357280,1.000000
2011-06-27,tsla,27.7300,28.2800,27.3100,27.4600,1809225,1.000000
2011-06-28,tsla,27.7900,28.2500,27.6700,28.1100,885651,1.000000
2011-06-29,tsla,28.5000,29.0900,28.0700,28.2900,1421600,1.000000
2011-06-30,tsla,28.5000,29.3300,28.4000,29.1300,945234,1.000000
2011-07-01,tsla,29.0700,29.6000,28.8000,29.0200,852573,1.000000
2011-07-05,tsla,29.0200,29.5200,28.7100,29.1400,993689,1.000000
2011-07-06,tsla,29.1400,29.1400,28.5500,28.9600,925239,1.000000
2011-07-07,tsla,29.1400,30.0000,29.0100,29.7300,1327821,1.000000
2011-07-08,tsla,29.8900,29.8900,28.5900,28.8100,1237780,1.000000
2011-07-11,tsla,28.4000,28.5300,28.0000,28.3500,975071,1.000000
2011-07-12,tsla,28.3700,29.0900,28.0000,28.1700,1045006,1.000000
2011-07-13,tsla,28.4300,29.0300,27.9000,28.6400,1062842,1.000000
2011-07-14,tsla,28.5300,28.9600,27.2500,27.6100,1155131,1.000000
2011-07-15,tsla,27.7900,27.8300,27.4000,27.5800,708854,1.000000
2011-07-18,tsla,27.3400,27.4500,26.6300,27.2300,851877,1.000000
2011-07-19,tsla,27.5800,28.1100,27.5400,27.8900,1017801,1.000000
2011-07-20,tsla,28.0000,30.4400,27.8000,28.6900,3046785,1.000000
2011-07-21,tsla,28.9100,29.1600,28.1000,28.7000,1011256,1.000000
2011-07-22,tsla,28.7000,29.5400,28.5510,29.2900,583468,1.000000
2011-07-25,tsla,29.0100,29.2500,28.4400,28.4900,673291,1.000000
2011-07-26,tsla,28.3100,28.7700,27.9700,28.0000,759155,1.000000
2011-07-27,tsla,28.5000,28.5000,27.5100,27.6400,955018,1.000000
2011-07-28,tsla,27.6000,28.5500,27.5400,28.1700,938529,1.000000
2011-07-29,tsla,27.8000,28.4000,27.5000,28.1700,909383,1.000000
2011-08-01,tsla,28.6700,28.9800,28.2100,28.7700,1121347,1.000000
2011-08-02,tsla,28.6900,29.2000,27.2700,27.3400,1545312,1.000000
2011-08-03,tsla,27.5000,27.8300,26.3360,27.2000,1655166,1.000000
2011-08-04,tsla,26.5100,26.8900,24.6700,24.7500,3063561,1.000000
2011-08-05,tsla,24.9900,25.3800,22.8300,24.2400,1958818,1.000000
2011-08-08,tsla,23.1000,24.4400,23.1000,23.6400,2607550,1.000000
2011-08-09,tsla,24.1500,25.4500,23.7000,25.0600,1328731,1.000000
2011-08-10,tsla,25.4400,25.4400,23.6300,23.8200,1556905,1.000000
2011-08-11,tsla,24.0400,25.7500,24.0000,25.3000,827427,1.000000
2011-08-12,tsla,25.6000,27.1400,25.3600,26.3100,1008484,1.000000
2011-08-15,tsla,26.6200,26.7500,25.9300,26.2300,737218,1.000000
2011-08-16,tsla,26.1300,26.5400,25.8300,26.1000,537398,1.000000
2011-08-17,tsla,26.3900,26.6500,25.5100,25.8300,634071,1.000000
2011-08-18,tsla,25.0000,25.1500,23.4700,24.2600,1056037,1.000000
2011-08-19,tsla,23.8600,24.2200,22.0000,22.3000,1374477,1.000000
2011-08-22,tsla,23.1100,23.8000,21.6800,21.9500,985381,1.000000
2011-08-23,tsla,21.9300,23.1100,21.5000,22.9600,867088,1.000000
2011-08-24,tsla,23.1000,23.9300,22.8300,23.8700,681922,1.000000
2011-08-25,tsla,23.8700,23.8700,22.9000,23.1100,679210,1.000000
2011-08-26,tsla,22.7100,23.9500,22.0700,23.7300,755756,1.000000
2011-08-29,tsla,24.2200,24.8500,24.0200,24.7100,802013,1.000000
2011-08-30,tsla,24.5000,24.7700,24.0900,24.6300,365553,1.000000
2011-08-31,tsla,24.8000,25.5000,24.2800,24.7400,808132,1.000000
2011-09-01,tsla,24.6600,24.8700,23.8350,24.0000,847369,1.000000
2011-09-02,tsla,23.6600,23.9900,22.6800,23.0700,767778,1.000000
2011-09-06,tsla,22.5000,23.2000,22.2900,22.9400,809560,1.000000
2011-09-07,tsla,23.3900,24.0000,23.2800,23.8400,458501,1.000000
2011-09-08,tsla,23.5800,24.0300,23.2800,23.6100,505312,1.000000
2011-09-09,tsla,23.3700,23.5700,22.5500,22.9700,668946,1.000000
2011-09-12,tsla,22.5000,23.3100,22.4500,22.8800,566456,1.000000
2011-09-13,tsla,23.0100,24.1000,22.7500,24.0800,725858,1.000000
2011-09-14,tsla,24.2500,24.8400,23.7900,24.3400,830504,1.000000
2011-09-15,tsla,24.5800,24.9300,24.3300,24.8200,561760,1.000000
2011-09-16,tsla,24.7800,25.8400,24.4900,25.8000,1307842,1.000000
2011-09-19,tsla,24.9500,25.8100,23.8200,25.7700,1156973,1.000000
2011-09-20,tsla,25.9800,26.6000,25.6700,26.0100,1169651,1.000000
2011-09-21,tsla,25.9500,26.9500,25.7000,25.8500,986911,1.000000
2011-09-22,tsla,25.6400,26.1100,24.8800,25.6300,774949,1.000000
2011-09-23,tsla,25.4900,26.6200,25.3500,26.3800,1155642,1.000000
2011-09-26,tsla,26.5200,26.5200,24.9000,25.5200,933183,1.000000
2011-09-27,tsla,26.0000,26.9900,25.5700,26.1900,668462,1.000000
2011-09-28,tsla,26.0000,26.5000,24.5100,24.5900,720971,1.000000
2011-09-29,tsla,25.7200,25.8200,23.5500,24.1200,871749,1.000000
2011-09-30,tsla,24.8000,24.8900,23.4900,24.3900,1318614,1.000000
2011-10-03,tsla,24.9500,25.0000,23.2500,23.7300,1022009,1.000000
2011-10-04,tsla,23.2900,24.3200,22.9300,23.6600,1198625,1.000000
2011-10-05,tsla,24.0300,25.8350,23.3500,25.3700,1208750,1.000000
2011-10-06,tsla,25.3700,27.6000,25.0200,26.9600,1767271,1.000000
2011-10-07,tsla,26.9800,27.6000,26.0500,26.9900,1309884,1.000000
2011-10-10,tsla,27.3100,28.1800,27.0000,27.8800,923046,1.000000
2011-10-11,tsla,27.5100,27.7700,27.0900,27.6100,575503,1.000000
2011-10-12,tsla,27.2500,28.0000,27.2000,27.8000,1123239,1.000000
2011-10-13,tsla,27.6300,28.4700,27.4400,27.9400,1042513,1.000000
2011-10-14,tsla,28.0000,28.5500,27.2600,28.0500,1400044,1.000000
2011-10-17,tsla,27.8600,28.0000,27.2600,27.4200,745416,1.000000
2011-10-18,tsla,27.3000,28.4280,26.7100,28.3400,993272,1.000000
2011-10-19,tsla,28.0200,28.0600,27.3000,27.5700,789192,1.000000
2011-10-20,tsla,27.4400,27.4700,27.0000,27.3400,999647,1.000000
2011-10-21,tsla,27.4000,28.3000,27.0100,28.0300,1140393,1.000000
2011-10-24,tsla,27.8700,28.8900,27.7500,28.5500,940348,1.000000
2011-10-25,tsla,28.2300,28.8600,27.8000,28.2500,651361,1.000000
2011-10-26,tsla,28.1900,28.3700,27.4000,27.9800,510337,1.000000
2011-10-27,tsla,28.3400,28.9500,28.1100,28.7600,868335,1.000000
2011-10-28,tsla,28.5000,30.0000,28.0100,29.8700,1262165,1.000000
2011-10-31,tsla,29.5000,29.5100,28.7500,29.3700,1132300,1.000000
2011-11-01,tsla,28.3900,28.9200,28.0000,28.8800,634675,1.000000
2011-11-02,tsla,29.0000,29.2600,28.2500,28.7100,861838,1.000000
2011-11-03,tsla,30.0000,32.4900,29.5300,32.4600,2507252,1.000000
2011-11-04,tsla,31.4600,32.4000,30.5100,32.3900,3023227,1.000000
2011-11-07,tsla,31.6400,32.0000,30.7500,31.2700,1263269,1.000000
2011-11-08,tsla,31.3700,32.0000,30.7200,31.8400,1165930,1.000000
2011-11-09,tsla,30.8700,31.4900,30.3000,30.8800,952112,1.000000
2011-11-10,tsla,30.9400,31.5000,30.6500,31.3300,745373,1.000000
2011-11-11,tsla,31.9000,34.5000,30.5700,33.6400,3865496,1.000000
2011-11-14,tsla,33.0000,33.5400,32.6200,33.2200,1324892,1.000000
2011-11-15,tsla,32.9200,34.4000,32.7300,33.9300,890805,1.000000
2011-11-16,tsla,33.4800,35.0000,33.4030,34.9400,1829685,1.000000
2011-11-17,tsla,34.5000,34.9000,33.1900,33.6800,1349008,1.000000
2011-11-18,tsla,33.6400,34.1100,32.5400,32.6000,886629,1.000000
2011-11-21,tsla,32.4400,32.4400,31.0500,31.7600,1031524,1.000000
2011-11-22,tsla,31.7600,32.7900,31.0500,32.0700,730618,1.000000
2011-11-23,tsla,31.7600,32.0500,31.2500,31.4500,449913,1.000000
2011-11-25,tsla,31.5500,32.4100,31.0800,31.6600,239595,1.000000
2011-11-28,tsla,32.0000,33.2800,31.8100,32.5600,675252,1.000000
2011-11-29,tsla,32.4900,33.0700,31.6300,31.7500,582176,1.000000
2011-11-30,tsla,32.5000,32.9300,32.2200,32.7400,751952,1.000000
2011-12-01,tsla,32.5700,33.9900,31.9800,32.6000,1028308,1.000000
2011-12-02,tsla,32.8300,33.6900,32.4000,33.3000,801918,1.000000
2011-12-05,tsla,33.5300,35.0000,33.4300,34.4200,1160050,1.000000
2011-12-06,tsla,34.2000,34.9800,34.0310,34.8700,950710,1.000000
2011-12-07,tsla,34.6300,34.8900,33.8000,34.1900,674244,1.000000
2011-12-08,tsla,30.8400,31.6500,29.6100,30.8900,3303975,1.000000
2011-12-09,tsla,30.5400,31.1200,30.2800,31.0400,1239293,1.000000
2011-12-12,tsla,30.4400,30.6200,30.0200,30.4100,755540,1.000000
2011-12-13,tsla,30.5700,30.9300,28.9110,29.4500,990715,1.000000
2011-12-14,tsla,29.5000,29.6800,28.0000,28.5300,1163450,1.000000
2011-12-15,tsla,28.6700,29.1700,28.1200,28.6200,700261,1.000000
2011-12-16,tsla,28.7900,28.9300,27.9800,28.0000,916809,1.000000
2011-12-19,tsla,28.0900,28.5000,27.3700,27.7500,928633,1.000000
2011-12-20,tsla,28.0500,28.4500,27.7150,27.9000,841168,1.000000
2011-12-21,tsla,27.9100,28.0700,26.0300,27.5700,1704101,1.000000
2011-12-22,tsla,27.6000,28.0500,27.3000,27.7700,1008702,1.000000
2011-12-23,tsla,28.0000,28.0000,27.5200,27.9000,590990,1.000000
2011-12-27,tsla,27.6600,28.7700,27.6400,28.5700,776033,1.000000
2011-12-28,tsla,28.9900,29.2400,28.0400,28.5100,574121,1.000000
2011-12-29,tsla,28.5900,29.3400,28.5490,28.7300,487050,1.000000
2011-12-30,tsla,28.4900,28.9800,28.2500,28.5600,335633,1.000000
2012-01-03,tsla,28.9400,29.5000,27.6500,28.0800,927837,1.000000
2012-01-04,tsla,28.2100,28.6700,27.5000,27.7100,630036,1.000000
2012-01-05,tsla,27.7600,27.9300,26.8500,27.1200,1000302,1.000000
2012-01-06,tsla,27.2000,27.7900,26.4100,26.9100,980687,1.000000
2012-01-09,tsla,27.0000,27.4900,26.1200,27.2500,894851,1.000000
2012-01-10,tsla,27.4400,27.7600,27.2500,27.6200,670232,1.000000
2012-01-11,tsla,27.6200,28.3800,27.3000,28.2300,671239,1.000000
2012-01-12,tsla,28.4800,28.6200,27.8050,28.2500,727200,1.000000
2012-01-13,tsla,28.4000,28.5000,22.6400,22.7900,5064857,1.000000
2012-01-17,tsla,26.6200,27.3400,26.4100,26.6000,4648818,1.000000
2012-01-18,tsla,26.6900,26.8800,26.2500,26.8100,1259083,1.000000
2012-01-19,tsla,27.1900,27.7400,26.6100,26.7600,1241224,1.000000
2012-01-20,tsla,26.9000,27.0000,26.4000,26.6000,661889,1.000000
2012-01-23,tsla,26.8100,27.2100,26.6000,26.7700,594533,1.000000
2012-01-24,tsla,26.6300,27.6800,26.4400,27.4200,852617,1.000000
2012-01-25,tsla,27.2700,28.0100,27.0500,27.9700,608744,1.000000
2012-01-26,tsla,28.0700,29.5800,28.0000,28.9400,1262111,1.000000
2012-01-27,tsla,28.5000,29.7200,28.5000,29.3300,746461,1.000000
2012-01-30,tsla,29.4900,29.6100,28.5290,29.5700,726847,1.000000
2012-01-31,tsla,29.9000,30.0000,28.8700,29.0700,951653,1.000000
2012-02-01,tsla,29.0700,29.7000,29.0000,29.5800,510903,1.000000
2012-02-02,tsla,29.7200,30.8800,29.6050,30.2500,804710,1.000000
2012-02-03,tsla,30.4100,31.3300,30.2500,31.1500,758285,1.000000
2012-02-06,tsla,31.1000,31.9000,31.0500,31.8000,651861,1.000000
2012-02-07,tsla,31.8000,31.8000,30.8200,31.6000,1013121,1.000000
2012-02-08,tsla,31.6000,32.0100,31.2900,31.9300,623626,1.000000
2012-02-09,tsla,32.0000,32.9000,31.4300,32.5800,1273175,1.000000
2012-02-10,tsla,32.2600,32.2700,29.8400,31.1000,1866971,1.000000
2012-02-13,tsla,31.5500,32.0600,30.9000,31.4900,1157292,1.000000
2012-02-14,tsla,31.7400,33.7900,31.4000,33.1700,1810509,1.000000
2012-02-15,tsla,33.1000,34.4100,32.2700,33.6000,2707119,1.000000
2012-02-16,tsla,33.5000,34.5100,32.5400,34.1800,2219636,1.000000
2012-02-17,tsla,33.9900,34.9700,33.5000,34.9700,1372005,1.000000
2012-02-21,tsla,34.8700,34.8700,33.8100,34.5000,1123962,1.000000
2012-02-22,tsla,33.9900,34.9700,33.5600,34.5300,820345,1.000000
2012-02-23,tsla,33.9900,34.9700,33.5600,34.5300,820345,1.000000
2012-02-24,tsla,34.2300,34.5200,33.2700,33.7500,959666,1.000000
2012-02-27,tsla,33.4100,34.0000,33.0000,33.6200,605953,1.000000
2012-02-28,tsla,33.6400,34.4400,33.1700,33.8100,598668,1.000000
2012-02-29,tsla,33.8100,34.1200,33.1400,33.4100,522014,1.000000
2012-03-01,tsla,33.5100,34.5000,33.3050,34.4100,703435,1.000000
2012-03-02,tsla,34.4000,34.5000,33.7100,34.0400,548871,1.000000
2012-03-05,tsla,34.3500,34.4000,33.4600,33.7700,466938,1.000000
2012-03-06,tsla,33.2500,33.2800,32.6200,33.1100,573449,1.000000
2012-03-07,tsla,33.1200,33.3150,32.9110,33.1200,364831,1.000000
2012-03-08,tsla,33.1100,33.4900,33.0400,33.0700,633267,1.000000
2012-03-09,tsla,33.2000,35.3100,33.2000,34.7400,1553323,1.000000
2012-03-12,tsla,34.6900,36.2900,34.6000,36.0100,1961700,1.000000
2012-03-13,tsla,36.5100,36.5900,35.5000,36.0900,1001543,1.000000
2012-03-14,tsla,36.0000,36.0000,34.8000,35.2900,851164,1.000000
2012-03-15,tsla,35.2800,35.4800,34.7800,35.0000,570517,1.000000
2012-03-16,tsla,34.9000,35.8900,34.8300,35.5650,365604,1.000000
2012-03-19,tsla,35.2600,35.3200,34.5400,34.9800,1015586,1.000000
2012-03-20,tsla,34.9800,35.2000,34.5700,34.9600,567001,1.000000
2012-03-21,tsla,34.9400,35.3000,34.6000,35.1500,602187,1.000000
2012-03-22,tsla,34.9700,35.1500,34.3000,34.4000,518353,1.000000
2012-03-23,tsla,34.2600,34.6300,33.1500,34.0800,1169567,1.000000
2012-03-26,tsla,35.5900,38.0900,35.0410,37.8300,2776782,1.000000
2012-03-27,tsla,37.1600,39.9500,37.0300,37.9400,2536287,1.000000
2012-03-28,tsla,37.7800,38.4400,37.1100,37.8500,943917,1.000000
2012-03-29,tsla,38.1900,38.1900,37.0300,37.3300,765897,1.000000
2012-03-30,tsla,37.5200,37.9400,36.6800,37.2400,876655,1.000000
2012-04-02,tsla,37.3300,37.9700,36.5300,36.5800,1028004,1.000000
2012-04-03,tsla,36.7000,38.4700,36.6700,38.0100,1061767,1.000000
2012-04-04,tsla,35.2700,35.4900,34.6900,35.0000,4476596,1.000000
2012-04-05,tsla,35.1000,35.4400,34.4100,34.4800,1504228,1.000000
2012-04-09,tsla,34.1000,34.2900,33.1000,33.1500,1652759,1.000000
2012-04-10,tsla,33.1500,33.8490,32.1000,32.4600,1847669,1.000000
2012-04-11,tsla,33.2400,33.2900,32.0100,33.0900,1104706,1.000000
2012-04-12,tsla,33.7700,34.4800,32.9200,33.4400,1033004,1.000000
2012-04-13,tsla,33.9400,34.0400,32.8500,33.5900,648780,1.000000
2012-04-16,tsla,33.4100,33.7000,32.0900,32.2500,1037830,1.000000
2012-04-17,tsla,32.4300,33.0700,32.0400,32.2400,1114815,1.000000
2012-04-18,tsla,32.0900,32.7500,31.5300,32.6600,822696,1.000000
2012-04-19,tsla,32.7500,33.4300,32.5000,33.0890,690773,1.000000
2012-04-20,tsla,33.1400,33.7300,32.9400,33.1600,821774,1.000000
2012-04-23,tsla,32.8600,32.9700,31.7100,31.9400,887115,1.000000
2012-04-24,tsla,31.8200,32.2000,31.0000,31.8200,668945,1.000000
2012-04-25,tsla,32.0700,32.9900,32.0700,32.9100,711782,1.000000
2012-04-26,tsla,32.9600,33.5200,32.9100,33.4900,423015,1.000000
2012-04-27,tsla,33.6000,33.6300,32.9100,33.3400,585905,1.000000
2012-04-30,tsla,33.2700,33.3600,32.5800,33.1300,409200,1.000000
2012-05-01,tsla,33.1300,34.2100,33.1300,33.7800,658947,1.000000
2012-05-02,tsla,33.5000,34.3900,33.3900,33.9400,497251,1.000000
2012-05-03,tsla,33.9100,34.0000,32.1300,32.4600,834023,1.000000
2012-05-04,tsla,32.3200,32.4600,31.4000,31.8300,1243914,1.000000
2012-05-07,tsla,31.9600,32.5800,31.6100,32.4700,1157589,1.000000
2012-05-08,tsla,32.5000,32.7280,29.3700,30.1900,3095222,1.000000
2012-05-09,tsla,30.3000,30.7700,29.7600,30.0600,1785725,1.000000
2012-05-10,tsla,32.9700,34.6800,32.4000,32.9600,5546595,1.000000
2012-05-11,tsla,32.4900,33.4400,32.1600,32.2500,1220805,1.000000
2012-05-14,tsla,31.9200,32.1300,30.0500,30.0600,1374069,1.000000
2012-05-15,tsla,30.2600,30.9600,29.2200,29.4300,1585432,1.000000
2012-05-16,tsla,29.5800,30.1800,28.8800,29.1800,1256184,1.000000
2012-05-17,tsla,29.3000,29.7900,28.2400,28.5700,1144140,1.000000
2012-05-18,tsla,28.3700,28.4600,26.8300,27.5600,1615487,1.000000
2012-05-21,tsla,27.5800,29.2600,27.1200,28.7700,1467489,1.000000
2012-05-22,tsla,30.1000,31.3400,30.0000,30.7900,2360891,1.000000
2012-05-23,tsla,30.5600,31.0500,29.5000,31.0200,1220349,1.000000
2012-05-24,tsla,31.2500,31.2500,29.6900,30.3200,1075520,1.000000
2012-05-25,tsla,30.1600,30.4080,29.2000,29.8100,757009,1.000000
2012-05-29,tsla,30.0100,31.9300,30.0100,31.6900,1647272,1.000000
2012-05-30,tsla,31.0800,31.4200,30.2400,30.4100,1306527,1.000000
2012-05-31,tsla,30.0700,30.2900,28.7500,29.5000,1112302,1.000000
2012-06-01,tsla,28.5300,29.1600,27.7600,28.1500,885710,1.000000
2012-06-04,tsla,28.0300,28.4100,27.1100,27.8800,968965,1.000000
2012-06-05,tsla,27.8400,28.3900,27.5600,27.9100,510027,1.000000
2012-06-06,tsla,28.2000,29.4500,28.1400,29.2200,908508,1.000000
2012-06-07,tsla,29.8100,29.8700,28.8500,28.9300,492015,1.000000
2012-06-08,tsla,28.8600,30.1900,28.1480,30.0800,879409,1.000000
2012-06-11,tsla,30.3100,31.0000,28.9580,29.1200,635209,1.000000
2012-06-12,tsla,29.2300,29.8400,28.8100,29.6600,565499,1.000000
2012-06-13,tsla,29.5500,30.6400,29.4700,29.7700,789737,1.000000
2012-06-14,tsla,30.1800,30.6500,28.6200,29.3900,871661,1.000000
2012-06-15,tsla,29.3900,29.9500,28.8100,29.9100,634659,1.000000
2012-06-18,tsla,29.9400,32.3300,29.5000,31.8400,1252246,1.000000
2012-06-19,tsla,32.0200,32.6590,31.5000,32.0900,908320,1.000000
2012-06-20,tsla,33.5000,34.5000,33.2100,33.7800,3416020,1.000000
2012-06-21,tsla,34.2600,34.2800,31.8400,32.1900,1884743,1.000000
2012-06-22,tsla,32.6000,33.9800,32.4600,33.7850,2681824,1.000000
2012-06-25,tsla,33.9400,34.1200,32.7500,33.1100,1479008,1.000000
2012-06-26,tsla,32.0500,32.3500,31.3900,31.6100,2607421,1.000000
2012-06-27,tsla,31.9000,32.4450,31.5700,31.9600,1014056,1.000000
2012-06-28,tsla,31.9000,32.1100,30.6200,31.4100,913776,1.000000
2012-07-02,tsla,31.3500,31.8000,30.1900,30.4000,1306729,1.000000
2012-07-03,tsla,30.6000,31.0000,30.4000,30.6600,946928,1.000000
2012-07-05,tsla,30.8100,31.6700,30.8000,31.2300,1253766,1.000000
2012-07-06,tsla,30.9900,31.7300,30.8000,30.9900,784261,1.000000
2012-07-09,tsla,30.9400,31.8300,30.6700,31.4900,906915,1.000000
2012-07-10,tsla,31.5400,32.4800,30.8900,31.2700,758102,1.000000
2012-07-11,tsla,31.5700,31.6800,31.0100,31.5100,636716,1.000000
2012-07-12,tsla,31.2900,33.0100,30.8000,32.7000,1125570,1.000000
2012-07-13,tsla,32.9700,34.4000,32.8300,34.2500,1304287,1.000000
2012-07-16,tsla,34.3200,36.0000,33.9000,35.9600,1733104,1.000000
2012-07-17,tsla,35.0000,35.2100,32.3800,33.3500,2569003,1.000000
2012-07-18,tsla,31.4200,33.6700,31.0600,32.1500,2881784,1.000000
2012-07-19,tsla,32.7200,33.1500,32.0400,32.2700,1435878,1.000000
2012-07-20,tsla,32.0700,32.2500,31.2500,31.7900,1568466,1.000000
2012-07-23,tsla,31.0500,31.3000,30.6200,30.6600,1385543,1.000000
2012-07-24,tsla,30.6600,31.0400,29.6200,29.8400,1493884,1.000000
2012-07-25,tsla,29.9200,29.9800,28.7500,28.9500,2654717,1.000000
2012-07-26,tsla,29.9000,30.0000,27.6400,28.1300,2262105,1.000000
2012-07-27,tsla,28.7100,29.6600,28.1000,29.5100,1672968,1.000000
2012-07-30,tsla,29.5100,30.2480,27.2100,27.3500,2065100,1.000000
2012-07-31,tsla,27.5400,27.9700,27.3500,27.4200,1568943,1.000000
2012-08-01,tsla,27.9900,27.9900,26.0300,26.2500,1591088,1.000000
2012-08-02,tsla,26.8400,26.8500,25.5200,26.1000,1305016,1.000000
2012-08-03,tsla,26.9000,27.5500,26.7400,27.2700,1209470,1.000000
2012-08-06,tsla,27.5500,28.7000,27.5500,28.2700,1519905,1.000000
2012-08-07,tsla,28.7700,30.9000,28.5000,30.2500,2386534,1.000000
2012-08-08,tsla,29.9000,30.0000,28.5900,29.0900,1308895,1.000000
2012-08-09,tsla,29.5200,30.0000,29.1300,29.4100,670608,1.000000
2012-08-10,tsla,29.3100,29.9400,29.3100,29.9400,707390,1.000000
2012-08-13,tsla,29.6900,31.3000,29.1010,31.1700,869850,1.000000
2012-08-14,tsla,30.7500,31.1700,29.2600,29.4200,792536,1.000000
2012-08-15,tsla,29.3900,29.7000,28.8100,29.4000,525385,1.000000
2012-08-16,tsla,29.5300,30.3900,29.5000,30.3000,668973,1.000000
2012-08-17,tsla,30.2900,30.7100,29.9800,30.0100,507783,1.000000
2012-08-20,tsla,30.1500,30.3900,29.1000,29.5100,1177654,1.000000
2012-08-21,tsla,29.5800,30.0000,29.0000,29.1100,761386,1.000000
2012-08-22,tsla,29.0100,30.0400,29.0100,29.9500,775140,1.000000
2012-08-23,tsla,30.0000,30.8500,29.6500,30.7300,1470307,1.000000
2012-08-24,tsla,30.0600,30.2400,29.4100,29.5000,1428533,1.000000
2012-08-27,tsla,29.5700,29.7000,28.1700,28.3200,1341469,1.000000
2012-08-28,tsla,28.4000,29.3750,28.0000,28.6900,1401756,1.000000
2012-08-29,tsla,28.4900,28.6400,28.0200,28.4100,829486,1.000000
2012-08-30,tsla,28.6000,28.7400,28.1000,28.4100,655845,1.000000
2012-08-31,tsla,28.6100,28.8400,28.2000,28.5200,533330,1.000000
2012-09-04,tsla,28.5200,28.9900,27.9000,28.1400,752496,1.000000
2012-09-05,tsla,28.0100,28.5000,27.8100,27.9400,639227,1.000000
2012-09-06,tsla,28.0000,28.9000,27.9000,28.5500,841643,1.000000
2012-09-07,tsla,28.5500,29.5700,28.5000,29.3500,953151,1.000000
2012-09-10,tsla,29.2000,29.3500,27.2950,27.3700,1483015,1.000000
2012-09-11,tsla,27.7600,28.1600,27.4000,27.8000,1014671,1.000000
2012-09-12,tsla,27.9000,28.5800,27.8000,28.2800,1128834,1.000000
2012-09-13,tsla,28.5700,29.5000,28.4800,29.4800,1469286,1.000000
2012-09-14,tsla,30.0000,30.6500,29.6500,30.3900,1535369,1.000000
2012-09-17,tsla,32.3500,32.7800,31.5100,32.5400,3194641,1.000000
2012-09-18,tsla,31.8800,31.9000,30.6800,31.3400,1787913,1.000000
2012-09-19,tsla,31.0000,31.7400,30.9400,31.0500,1048097,1.000000
2012-09-20,tsla,30.9300,31.5000,30.6800,30.9000,905420,1.000000
2012-09-21,tsla,31.1000,31.4900,29.5400,30.0200,1708937,1.000000
2012-09-24,tsla,29.5100,31.0300,29.4000,30.6600,1297846,1.000000
2012-09-25,tsla,28.6200,29.4800,27.5300,27.6600,5668910,1.000000
2012-09-26,tsla,27.6600,28.4000,27.4800,27.5400,1527176,1.000000
2012-09-27,tsla,27.8200,28.5400,27.6000,28.4900,1758153,1.000000
2012-09-28,tsla,28.7300,29.8900,28.6100,29.2800,4269908,1.000000
2012-10-01,tsla,29.5000,29.8900,29.0000,29.1600,884105,1.000000
2012-10-02,tsla,29.2800,29.8900,29.0000,29.8000,728969,1.000000
2012-10-03,tsla,29.7500,29.9500,29.2400,29.3000,1049218,1.000000
2012-10-04,tsla,30.0000,30.1000,28.6500,29.4000,1539443,1.000000
2012-10-05,tsla,29.7000,29.8100,28.6800,28.8900,938359,1.000000
2012-10-08,tsla,28.8600,29.4000,28.6110,29.2500,888679,1.000000
2012-10-09,tsla,29.1200,29.1200,28.2500,28.3700,1192092,1.000000
2012-10-10,tsla,28.3900,28.7200,28.0100,28.4000,503563,1.000000
2012-10-11,tsla,28.9400,28.9800,28.2500,28.3200,444106,1.000000
2012-10-12,tsla,28.3200,28.7300,27.5000,27.6400,986535,1.000000
2012-10-15,tsla,28.0200,28.0500,26.8600,27.3300,1468052,1.000000
2012-10-16,tsla,27.6700,28.0900,27.3400,28.0600,475297,1.000000
2012-10-17,tsla,28.2500,28.8400,27.8000,28.8190,667168,1.000000
2012-10-18,tsla,28.9900,28.9900,27.7800,28.0400,740747,1.000000
2012-10-19,tsla,27.8300,28.2000,27.3000,27.7400,1005170,1.000000
2012-10-22,tsla,27.9900,28.0000,27.3600,27.8500,470098,1.000000
2012-10-23,tsla,27.3800,28.5600,27.3700,28.3900,748998,1.000000
2012-10-24,tsla,28.5200,28.5200,27.2500,27.4200,1014868,1.000000
2012-10-25,tsla,27.8000,27.8000,27.4500,27.5200,577686,1.000000
2012-10-26,tsla,27.5300,27.8000,27.0200,27.3800,477305,1.000000
2012-10-31,tsla,27.7000,28.3500,27.3700,28.1310,699072,1.000000
2012-11-01,tsla,28.2500,29.4900,28.2000,29.2450,1016466,1.000000
2012-11-02,tsla,29.2700,29.5500,28.5500,28.9180,1027095,1.000000
2012-11-05,tsla,29.8000,31.5800,29.3300,31.5000,2048267,1.000000
2012-11-06,tsla,30.6100,31.2000,29.9500,31.1500,2323743,1.000000
2012-11-07,tsla,31.0000,32.0500,30.8100,31.5400,1714469,1.000000
2012-11-08,tsla,31.0100,31.8800,30.9400,31.3100,1273986,1.000000
2012-11-09,tsla,30.6000,30.9300,29.8500,30.3200,862928,1.000000
2012-11-12,tsla,30.2900,31.4200,30.1600,31.0700,555896,1.000000
2012-11-13,tsla,31.2900,32.0000,30.7200,31.6140,998263,1.000000
2012-11-14,tsla,31.9600,32.1200,31.2040,31.3800,871215,1.000000
2012-11-15,tsla,31.3000,31.4400,30.5000,30.8200,891191,1.000000
2012-11-16,tsla,31.1500,32.0000,30.5900,31.8400,907811,1.000000
2012-11-19,tsla,32.0700,33.2500,31.8400,32.9200,1352684,1.000000
2012-11-20,tsla,32.8000,33.1000,31.9100,33.0000,922327,1.000000
2012-11-21,tsla,32.6100,33.4700,32.2860,32.4700,963133,1.000000
2012-11-23,tsla,32.6000,32.8300,31.7000,32.1300,430212,1.000000
2012-11-26,tsla,32.1000,32.3000,31.6200,32.2700,493938,1.000000
2012-11-27,tsla,32.1300,32.6600,31.5200,32.1500,910770,1.000000
2012-11-28,tsla,32.0000,34.2900,31.9100,33.2300,1525099,1.000000
2012-11-29,tsla,33.4400,34.0000,32.8700,33.6900,1103015,1.000000
2012-11-30,tsla,33.6300,34.2800,33.0100,33.8200,1388989,1.000000
2012-12-03,tsla,33.8900,35.0000,33.5000,34.6200,2085539,1.000000
2012-12-04,tsla,34.0800,34.8000,33.5500,33.9000,1263240,1.000000
2012-12-05,tsla,33.8200,34.1900,33.5800,33.7100,656886,1.000000
2012-12-06,tsla,33.8200,34.8000,33.5000,33.9000,657156,1.000000
2012-12-07,tsla,34.3000,34.4900,33.8500,34.1700,664386,1.000000
2012-12-10,tsla,34.4300,34.8000,34.1800,34.5700,929551,1.000000
2012-12-11,tsla,34.6000,35.5000,34.4600,35.2800,1622310,1.000000
2012-12-12,tsla,35.2100,35.8000,34.9500,35.2600,2063727,1.000000
2012-12-13,tsla,35.2600,35.3000,32.7500,33.6100,2150344,1.000000
2012-12-14,tsla,33.7800,34.4000,33.5900,33.8100,1022743,1.000000
2012-12-17,tsla,33.7700,34.5000,33.7500,34.4000,824809,1.000000
2012-12-18,tsla,34.2600,35.0700,34.2600,34.5900,1553836,1.000000
2012-12-19,tsla,34.7500,35.2600,34.5200,34.6100,1269531,1.000000
2012-12-20,tsla,34.5100,34.7880,34.0500,34.4300,921194,1.000000
2012-12-21,tsla,33.9400,34.1700,33.5800,34.0000,1462649,1.000000
2012-12-24,tsla,33.6400,34.3500,33.5500,34.2800,375796,1.000000
2012-12-26,tsla,33.9600,34.5000,33.5000,33.5900,601384,1.000000
2012-12-27,tsla,33.5000,33.9100,33.0000,33.6900,561085,1.000000
2012-12-28,tsla,33.3800,33.6500,33.0200,33.2200,414035,1.000000
2012-12-31,tsla,33.0000,33.9700,33.0000,33.8700,594846,1.000000
2013-01-02,tsla,35.0000,35.4500,34.7050,35.3600,1194710,1.000000
2013-01-03,tsla,35.1800,35.4500,34.7500,34.7700,740395,1.000000
2013-01-04,tsla,34.8000,34.8000,33.9200,34.4000,673493,1.000000
2013-01-07,tsla,34.8000,34.8000,33.9000,34.3400,441909,1.000000
2013-01-08,tsla,34.5000,34.5000,33.1100,33.6800,1283743,1.000000
2013-01-09,tsla,34.0100,34.1900,33.4000,33.6400,697979,1.000000
2013-01-10,tsla,33.8700,33.9900,33.3800,33.5300,917955,1.000000
2013-01-11,tsla,34.0400,34.0400,32.1100,32.9100,1562974,1.000000
2013-01-14,tsla,33.0800,33.3800,32.8500,33.2600,925018,1.000000
2013-01-15,tsla,33.1100,34.2500,33.0800,33.9000,1623845,1.000000
2013-01-16,tsla,33.8500,34.2300,33.7300,34.1000,1378138,1.000000
2013-01-17,tsla,34.1600,34.8500,33.9200,34.3800,1436604,1.000000
2013-01-18,tsla,34.7400,34.7800,33.8200,34.5200,3316774,1.000000
2013-01-22,tsla,34.5600,35.5500,34.2600,35.1900,1920031,1.000000
2013-01-23,tsla,35.0200,36.2400,34.9600,36.0000,1561752,1.000000
2013-01-24,tsla,36.0000,37.7200,35.8400,36.9900,1970389,1.000000
2013-01-25,tsla,37.0000,37.5400,36.8000,36.9800,1287503,1.000000
2013-01-28,tsla,36.8600,38.7100,36.8600,38.0300,1985492,1.000000
2013-01-29,tsla,38.1000,38.4400,37.1300,37.9500,1421203,1.000000
2013-01-30,tsla,37.8500,38.0000,37.4300,37.5200,968098,1.000000
2013-01-31,tsla,37.8700,37.8700,36.9300,37.5100,897961,1.000000
2013-02-01,tsla,38.1700,38.5000,37.6200,38.3000,1100390,1.000000
2013-02-04,tsla,38.4000,38.4200,37.5900,37.7400,1127189,1.000000
2013-02-05,tsla,38.0000,38.6500,37.6800,38.1300,1310192,1.000000
2013-02-06,tsla,38.1800,39.3900,37.9050,39.1700,1892348,1.000000
2013-02-07,tsla,39.1900,39.6800,38.9500,39.4800,1196221,1.000000
2013-02-08,tsla,39.4500,40.0000,39.1400,39.2400,1135883,1.000000
2013-02-11,tsla,37.9800,39.1500,37.5000,38.4200,3263484,1.000000
2013-02-12,tsla,38.4500,38.8700,37.2900,37.8900,2245088,1.000000
2013-02-13,tsla,38.3000,39.0000,38.0500,38.4500,966302,1.000000
2013-02-14,tsla,38.6400,38.7500,38.2100,38.3000,987877,1.000000
2013-02-15,tsla,38.5000,38.5100,36.9500,37.0400,2013495,1.000000
2013-02-19,tsla,37.3600,39.2900,37.3100,39.2800,2699040,1.000000
2013-02-20,tsla,39.3000,39.6500,38.4600,38.5400,2896825,1.000000
2013-02-21,tsla,36.4900,37.3900,34.5400,35.1600,9034600,1.000000
2013-02-22,tsla,35.7200,36.3900,35.6000,36.1100,2534025,1.000000
2013-02-25,tsla,36.1500,36.7500,34.3400,34.3800,2883346,1.000000
2013-02-26,tsla,34.4600,34.9600,33.8000,34.4300,2760051,1.000000
2013-02-27,tsla,34.4100,35.4100,34.4000,35.1000,1958929,1.000000
2013-02-28,tsla,35.8900,36.1000,34.3700,34.8300,1938789,1.000000
2013-03-01,tsla,35.0000,35.0800,34.2500,34.6500,1545700,1.000000
2013-03-04,tsla,34.7700,35.8300,34.7000,35.5800,1757660,1.000000
2013-03-05,tsla,36.0000,36.9200,35.7900,36.6500,2084311,1.000000
2013-03-06,tsla,37.0100,37.8800,36.9700,37.6900,1149925,1.000000
2013-03-07,tsla,37.7300,38.6500,36.8800,38.2300,1150263,1.000000
2013-03-08,tsla,38.0600,39.4400,37.3600,38.4700,911952,1.000000
2013-03-11,tsla,38.8700,39.4400,38.6500,39.1000,1576318,1.000000
2013-03-12,tsla,38.9000,39.3800,38.8500,39.1200,1270218,1.000000
2013-03-13,tsla,39.0000,39.4900,38.8100,38.9800,851986,1.000000
2013-03-14,tsla,38.9000,38.9100,36.7700,36.8500,2019911,1.000000
2013-03-15,tsla,36.6400,36.6500,35.2100,35.2900,3244786,1.000000
2013-03-18,tsla,35.3000,36.0600,34.9200,35.1500,1315771,1.000000
2013-03-19,tsla,35.2500,35.6000,34.9400,35.0800,1079293,1.000000
2013-03-20,tsla,35.2600,36.0700,35.1600,35.9500,1420063,1.000000
2013-03-21,tsla,35.9500,37.0600,35.7400,36.0100,1143183,1.000000
2013-03-22,tsla,36.2000,36.8000,36.2000,36.6200,440108,1.000000
2013-03-25,tsla,37.1000,38.5200,36.7700,37.5300,2371168,1.000000
2013-03-26,tsla,37.9800,38.2200,37.6600,37.8600,1801087,1.000000
2013-03-27,tsla,37.9400,38.3800,37.3100,38.1600,1296183,1.000000
2013-03-28,tsla,38.2300,38.2400,37.7500,37.8900,1157220,1.000000
2013-04-01,tsla,42.3600,46.6800,41.7000,43.9300,14072730,1.000000
2013-04-02,tsla,43.6000,45.5000,43.5100,44.3400,6410104,1.000000
2013-04-03,tsla,43.1000,43.4700,40.2110,41.1000,5604397,1.000000
2013-04-04,tsla,41.1100,42.2500,40.8110,42.0100,2263650,1.000000
2013-04-05,tsla,42.0000,42.0000,40.5000,41.3700,1551797,1.000000
2013-04-08,tsla,41.9700,42.5500,41.5100,41.8300,1676044,1.000000
2013-04-09,tsla,41.8000,41.8300,40.3300,40.5000,1695836,1.000000
2013-04-10,tsla,40.7000,42.0100,40.6100,41.8600,2120497,1.000000
2013-04-11,tsla,42.0600,44.5500,41.7500,43.5900,3443531,1.000000
2013-04-12,tsla,43.2500,45.1390,43.0500,43.7500,3149372,1.000000
2013-04-15,tsla,43.5000,43.8000,42.5100,43.3000,1676980,1.000000
2013-04-16,tsla,44.1900,46.1400,43.9100,45.5900,3174445,1.000000
2013-04-17,tsla,45.5000,45.9500,44.5400,45.4500,2115795,1.000000
2013-04-18,tsla,45.9800,47.5990,45.3900,46.9700,3365737,1.000000
2013-04-19,tsla,47.4600,49.8800,47.0700,47.8300,3010486,1.000000
2013-04-22,tsla,48.6000,50.2000,47.7500,50.1900,3912518,1.000000
2013-04-23,tsla,51.0000,52.9200,50.6600,51.0100,3679420,1.000000
2013-04-24,tsla,50.9000,51.0500,48.9800,50.4300,2629268,1.000000
2013-04-25,tsla,50.5000,52.4000,50.5000,52.0000,2775769,1.000000
2013-04-26,tsla,53.1300,53.7400,50.6200,51.2000,3608150,1.000000
2013-04-29,tsla,51.7600,54.9900,51.2000,54.9400,3624191,1.000000
2013-04-30,tsla,56.0000,58.1800,53.7600,53.9900,5511354,1.000000
2013-05-01,tsla,55.9900,55.9900,53.0000,53.2800,2728296,1.000000
2013-05-02,tsla,53.8500,55.2700,53.7000,54.1100,3036549,1.000000
2013-05-03,tsla,56.4700,56.4700,54.5000,54.5500,3377103,1.000000
2013-05-06,tsla,56.3900,59.6600,55.5000,59.5000,4356096,1.000000
2013-05-07,tsla,62.0000,62.3700,55.1200,55.5100,9975190,1.000000
2013-05-08,tsla,57.5000,58.2000,55.7100,55.7870,4803842,1.000000
2013-05-09,tsla,70.1200,75.7700,63.6900,69.4000,28509826,1.000000
2013-05-10,tsla,69.6500,81.0000,69.2500,76.7640,25054931,1.000000
2013-05-13,tsla,80.9900,88.0000,79.1510,87.8000,22162128,1.000000
2013-05-14,tsla,94.2200,97.1200,81.1500,83.2400,37080213,1.000000
2013-05-15,tsla,81.8000,86.8800,78.1100,84.8420,15249003,1.000000
2013-05-16,tsla,94.7000,95.0000,88.6600,92.2480,21447804,1.000000
2013-05-17,tsla,92.5000,94.4400,87.5000,91.5000,18961799,1.000000
2013-05-20,tsla,91.1200,92.5000,88.6300,89.9400,8249644,1.000000
2013-05-21,tsla,88.5000,89.9900,85.2800,87.5900,8990348,1.000000
2013-05-22,tsla,86.3700,90.9600,85.5000,87.2400,8550381,1.000000
2013-05-23,tsla,84.8050,93.0100,83.0500,92.7300,11981751,1.000000
2013-05-24,tsla,92.6000,97.9500,92.0000,97.0800,16029368,1.000000
2013-05-28,tsla,101.5500,110.7500,100.3000,110.3340,19494926,1.000000
2013-05-29,tsla,113.5500,114.9000,99.0000,104.6290,25022331,1.000000
2013-05-30,tsla,102.4600,109.5400,101.2000,104.9500,16104230,1.000000
2013-05-31,tsla,106.2600,106.4400,97.7300,97.7600,15051371,1.000000
2013-06-03,tsla,97.6200,97.6200,88.2500,92.5900,19093111,1.000000
2013-06-04,tsla,92.7500,96.4200,92.4000,94.8400,8824560,1.000000
2013-06-05,tsla,93.6600,97.9700,89.1100,95.3700,12168910,1.000000
2013-06-06,tsla,95.2500,99.2700,95.1100,97.3500,9494955,1.000000
2013-06-07,tsla,98.0000,102.9000,96.7000,102.0400,10683542,1.000000
2013-06-10,tsla,98.9300,102.5200,98.5700,100.0500,9194335,1.000000
2013-06-11,tsla,98.1800,98.6800,94.0500,94.4700,7381945,1.000000
2013-06-12,tsla,96.8000,100.4800,95.7500,97.7300,9180478,1.000000
2013-06-13,tsla,99.0000,99.2800,95.1200,98.1800,5956014,1.000000
2013-06-14,tsla,100.0000,102.5200,99.3300,100.3000,6552183,1.000000
2013-06-17,tsla,103.6000,104.7500,101.2000,102.2000,7056977,1.000000
2013-06-18,tsla,101.7500,103.9800,99.2000,103.3900,8778395,1.000000
2013-06-19,tsla,102.0600,106.6700,102.0100,104.6800,8562510,1.000000
2013-06-20,tsla,104.6500,107.1300,99.4500,100.6500,10096337,1.000000
2013-06-21,tsla,103.7000,103.7000,97.5000,99.5500,11594501,1.000000
2013-06-24,tsla,96.5000,102.8700,95.3000,101.4900,7106849,1.000000
2013-06-25,tsla,103.1000,104.2000,100.5500,102.4000,5840192,1.000000
2013-06-26,tsla,103.8000,105.8700,102.6600,105.7200,6575459,1.000000
2013-06-27,tsla,106.7500,110.2500,106.1320,109.2500,8732826,1.000000
2013-06-28,tsla,108.5700,109.4400,106.7100,107.3600,5308744,1.000000
2013-07-01,tsla,109.3600,117.7700,109.1500,117.1790,10842551,1.000000
2013-07-02,tsla,118.2550,121.8900,115.5000,117.8200,12055491,1.000000
2013-07-03,tsla,118.0000,119.2500,114.2700,115.2400,4806562,1.000000
2013-07-05,tsla,118.3200,120.2800,115.7000,120.0900,6794202,1.000000
2013-07-08,tsla,121.3700,122.1800,118.8200,121.6100,7782519,1.000000
2013-07-09,tsla,124.6400,125.3200,121.9100,123.4500,8560046,1.000000
2013-07-10,tsla,123.1900,123.2500,120.7900,122.2700,5514047,1.000000
2013-07-11,tsla,124.8800,126.0900,122.3500,125.6100,7464468,1.000000
2013-07-12,tsla,125.5000,129.9400,124.5100,129.9000,11294315,1.000000
2013-07-15,tsla,133.0300,133.2590,126.8200,127.2600,9895047,1.000000
2013-07-16,tsla,126.2800,126.3200,107.3000,109.0500,32271977,1.000000
2013-07-17,tsla,106.5200,121.6200,104.5000,120.2500,25874233,1.000000
2013-07-18,tsla,120.9700,122.7300,116.1800,119.0300,11336469,1.000000
2013-07-19,tsla,118.5000,120.5500,116.5100,119.6800,5869290,1.000000
2013-07-22,tsla,119.8900,126.6800,119.8800,122.4300,9778349,1.000000
2013-07-23,tsla,124.0000,125.5600,121.8200,122.7400,7711302,1.000000
2013-07-24,tsla,124.4700,124.5000,119.5600,121.7000,6840551,1.000000
2013-07-25,tsla,120.4000,124.7500,120.1900,124.0700,5271273,1.000000
2013-07-26,tsla,128.1400,130.6800,126.6100,129.3900,9614759,1.000000
2013-07-29,tsla,129.3200,135.3700,128.2500,134.6200,9665282,1.000000
2013-07-30,tsla,134.8000,137.4900,128.1800,131.7400,13107184,1.000000
2013-07-31,tsla,132.5700,134.9750,131.4500,134.2800,6330215,1.000000
2013-08-01,tsla,135.0000,136.5200,132.6310,135.5500,5295324,1.000000
2013-08-02,tsla,134.5900,138.2500,133.6100,138.0000,6212305,1.000000
2013-08-05,tsla,140.0100,144.8900,139.6500,144.6800,10145356,1.000000
2013-08-06,tsla,144.7500,145.7300,141.1000,142.1500,9213931,1.000000
2013-08-07,tsla,141.8900,141.9500,132.3600,134.2300,15482909,1.000000
2013-08-08,tsla,154.3550,158.8800,150.4600,153.4800,27210208,1.000000
2013-08-09,tsla,152.4000,155.9500,151.2500,153.0000,8912212,1.000000
2013-08-12,tsla,149.4300,150.5000,142.0500,147.3800,14861642,1.000000
2013-08-13,tsla,149.5000,149.8400,144.4500,145.4300,8708923,1.000000
2013-08-14,tsla,142.7200,144.8400,138.0500,139.3600,11665390,1.000000
2013-08-15,tsla,136.4300,143.6000,135.0000,139.6700,10120706,1.000000
2013-08-16,tsla,141.6300,143.9070,140.9700,142.0000,7064988,1.000000
2013-08-19,tsla,143.4270,147.3800,142.8300,144.9000,8017233,1.000000
2013-08-20,tsla,148.6500,149.7800,147.0000,149.5800,6368878,1.000000
2013-08-21,tsla,150.0000,150.3090,146.2500,147.8600,6232555,1.000000
2013-08-22,tsla,149.2200,157.4800,148.1400,157.1000,10530624,1.000000
2013-08-23,tsla,157.0000,162.3000,155.0000,161.8390,12879291,1.000000
2013-08-26,tsla,165.1500,173.0000,160.2500,164.2200,24029215,1.000000
2013-08-27,tsla,162.3000,168.8000,160.9500,167.0100,17483652,1.000000
2013-08-28,tsla,169.0600,171.5000,163.2500,166.4500,14692999,1.000000
2013-08-29,tsla,164.2150,167.7500,162.5100,166.0600,9392908,1.000000
2013-08-30,tsla,166.3700,169.2100,163.9600,169.0000,9579356,1.000000
2013-09-03,tsla,173.4000,173.7000,166.4000,168.9400,12000708,1.000000
2013-09-04,tsla,169.7700,171.6200,165.5600,170.6220,11397789,1.000000
2013-09-05,tsla,170.1000,171.5000,168.2500,169.9300,6672622,1.000000
2013-09-06,tsla,168.5700,169.7000,165.1500,166.9700,8590385,1.000000
2013-09-09,tsla,163.1200,164.5000,158.5100,160.7000,14300681,1.000000
2013-09-10,tsla,161.4500,167.5000,160.6300,166.3700,8932702,1.000000
2013-09-11,tsla,166.4100,167.8950,162.1300,163.5200,5807201,1.000000
2013-09-12,tsla,164.0000,166.7600,160.5100,164.9300,5842509,1.000000
2013-09-13,tsla,162.7700,166.3700,162.1600,165.5400,5386425,1.000000
2013-09-16,tsla,168.0000,170.8500,165.8500,166.5800,7575229,1.000000
2013-09-17,tsla,165.0800,168.4200,163.3610,166.2300,5489586,1.000000
2013-09-18,tsla,167.0700,167.4500,164.2000,166.2180,5292931,1.000000
2013-09-19,tsla,170.8000,180.4700,169.0800,177.9200,15561254,1.000000
2013-09-20,tsla,178.9000,185.8300,178.5600,183.3900,13151722,1.000000
2013-09-23,tsla,184.4800,185.4800,177.1100,181.1100,8168124,1.000000
2013-09-24,tsla,179.1400,184.9600,177.6500,182.3300,6219951,1.000000
2013-09-25,tsla,183.5600,186.3000,180.5000,185.2380,8220518,1.000000
2013-09-26,tsla,186.7000,189.6800,185.6110,188.6400,6472632,1.000000
2013-09-27,tsla,187.5200,191.2800,186.4300,190.9000,5900959,1.000000
2013-09-30,tsla,189.0000,194.5000,188.0000,193.3700,8908452,1.000000
2013-10-01,tsla,193.9600,194.2300,188.3700,193.0000,7739754,1.000000
2013-10-02,tsla,188.5900,191.8300,175.4000,180.9500,20632207,1.000000
2013-10-03,tsla,175.0450,179.6900,168.0000,173.3100,23706749,1.000000
2013-10-04,tsla,176.4000,181.1800,172.6500,180.9800,14272226,1.000000
2013-10-07,tsla,182.4600,186.7300,180.2600,183.0700,11429126,1.000000
2013-10-08,tsla,184.4000,185.9300,173.2100,174.7300,13696887,1.000000
2013-10-09,tsla,174.7300,174.9900,161.5000,168.7800,15285943,1.000000
2013-10-10,tsla,173.0900,175.7500,169.6900,172.9300,8815209,1.000000
2013-10-11,tsla,172.7500,179.2880,171.2000,178.7000,8279147,1.000000
2013-10-14,tsla,175.0000,182.5000,174.1500,179.7200,7736339,1.000000
2013-10-15,tsla,185.2800,188.7890,183.1800,183.9400,10939414,1.000000
2013-10-16,tsla,184.9000,187.3000,182.0900,183.5600,8177020,1.000000
2013-10-17,tsla,183.5400,184.8000,180.9900,182.8020,6680546,1.000000
2013-10-18,tsla,184.1500,185.9600,182.5200,183.4000,5877812,1.000000
2013-10-21,tsla,183.2800,183.3900,171.0000,172.6000,11486776,1.000000
2013-10-22,tsla,170.5000,177.7800,166.1100,171.5400,11373125,1.000000
2013-10-23,tsla,168.9100,171.8100,160.1500,164.5000,13302682,1.000000
2013-10-24,tsla,165.0000,174.5000,162.8260,173.1500,10750042,1.000000
2013-10-25,tsla,174.2100,174.5000,166.8000,169.6600,7569374,1.000000
2013-10-28,tsla,170.1800,170.5000,162.2000,162.8600,7762319,1.000000
2013-10-29,tsla,162.7600,165.4460,153.0000,164.4700,14068221,1.000000
2013-10-30,tsla,164.6300,167.6800,158.1700,159.2200,8333708,1.000000
2013-10-31,tsla,155.6700,162.4400,153.3000,159.9400,9287233,1.000000
2013-11-01,tsla,163.0000,165.9000,160.4100,162.1700,7145464,1.000000
2013-11-04,tsla,165.0000,175.3900,164.2200,175.2000,13005046,1.000000
2013-11-05,tsla,180.0000,181.4300,171.3600,176.8100,19770689,1.000000
2013-11-06,tsla,154.8100,160.7300,146.3550,151.1600,31008109,1.000000
2013-11-07,tsla,144.1900,145.6500,137.6200,139.7720,22131004,1.000000
2013-11-08,tsla,136.4800,140.6000,132.3200,137.9500,22387802,1.000000
2013-11-11,tsla,141.0000,145.4200,137.1000,144.6980,13949405,1.000000
2013-11-12,tsla,144.6900,144.7000,136.1800,137.8000,14691673,1.000000
2013-11-13,tsla,140.8400,142.3700,136.3430,138.7000,12574507,1.000000
2013-11-14,tsla,138.9200,140.4000,134.1110,137.6000,12146347,1.000000
2013-11-15,tsla,136.8500,137.9500,134.3500,135.4500,9838765,1.000000
2013-11-18,tsla,135.2700,135.4500,119.6100,121.5800,23004743,1.000000
2013-11-19,tsla,119.4300,129.0000,119.2200,126.0900,19748438,1.000000
2013-11-20,tsla,126.0800,127.4500,119.0600,121.1100,13809349,1.000000
2013-11-21,tsla,122.8900,124.7890,120.2500,122.1000,11882743,1.000000
2013-11-22,tsla,121.5800,122.7500,117.9300,121.3800,11084228,1.000000
2013-11-25,tsla,124.5000,125.8400,120.3000,120.8400,10247361,1.000000
2013-11-26,tsla,119.3800,122.7200,116.1000,120.5000,13838186,1.000000
2013-11-27,tsla,121.3100,126.9500,119.5200,126.9400,12298166,1.000000
2013-11-29,tsla,129.7700,130.5900,126.9800,127.2800,9712119,1.000000
2013-12-02,tsla,126.3500,128.5500,123.9310,124.1700,7603591,1.000000
2013-12-03,tsla,132.6800,144.9400,131.5900,144.7000,25494809,1.000000
2013-12-04,tsla,144.3200,144.4300,137.1300,138.9500,13074646,1.000000
2013-12-05,tsla,140.1500,143.3500,139.5000,140.4800,9258106,1.000000
2013-12-06,tsla,141.5100,142.4900,136.3000,137.3600,7865536,1.000000
2013-12-09,tsla,137.0000,141.7000,134.2100,141.6000,8967797,1.000000
2013-12-10,tsla,140.0500,145.8700,139.8600,142.1900,10683554,1.000000
2013-12-11,tsla,141.8800,143.0500,139.4900,139.6500,7112294,1.000000
2013-12-12,tsla,139.7000,148.2400,138.5300,147.4700,10680182,1.000000
2013-12-13,tsla,148.0500,151.8000,147.3200,147.6540,10568529,1.000000
2013-12-16,tsla,148.4800,150.4300,146.1000,147.9400,6648916,1.000000
2013-12-17,tsla,147.5800,154.6300,146.3240,152.4600,10405931,1.000000
2013-12-18,tsla,152.2400,154.9000,145.9500,147.9800,11541941,1.000000
2013-12-19,tsla,146.9000,147.0000,139.1000,140.7200,12658767,1.000000
2013-12-20,tsla,141.5800,144.3500,141.5800,143.2400,7249488,1.000000
2013-12-23,tsla,144.8500,146.2400,142.6010,143.5500,5248277,1.000000
2013-12-24,tsla,150.0000,154.9700,149.8200,151.4100,9910937,1.000000
2013-12-26,tsla,155.0400,158.0000,154.2900,155.5000,7087476,1.000000
2013-12-27,tsla,155.3000,155.5000,150.8000,151.1200,5452234,1.000000
2013-12-30,tsla,151.1200,154.8100,150.7500,152.4400,4457512,1.000000
2013-12-31,tsla,152.3200,153.2000,148.6610,150.4290,4241215,1.000000
2014-01-02,tsla,149.8000,152.4770,146.5500,150.1000,6186543,1.000000
2014-01-03,tsla,150.0000,152.1900,148.6010,149.5600,4677316,1.000000
2014-01-06,tsla,150.0000,150.4000,145.2400,147.0000,5349358,1.000000
2014-01-07,tsla,147.6200,150.4000,145.2500,149.3600,5017396,1.000000
2014-01-08,tsla,148.8500,153.7000,148.7600,151.2800,6151933,1.000000
2014-01-09,tsla,152.5000,153.4300,146.8500,147.5300,5366151,1.000000
2014-01-10,tsla,148.4600,148.9000,142.2500,145.7200,7431593,1.000000
2014-01-13,tsla,145.7800,147.0000,137.8200,139.3400,6322249,1.000000
2014-01-14,tsla,140.5000,162.0000,136.6710,161.2700,27208125,1.000000
2014-01-15,tsla,168.4500,172.2300,162.1000,164.1300,20415168,1.000000
2014-01-16,tsla,162.5000,172.7000,162.4000,170.9700,11872992,1.000000
2014-01-17,tsla,170.1900,173.2000,167.9500,170.0100,9101651,1.000000
2014-01-21,tsla,171.2400,177.2900,170.8100,176.6800,9539773,1.000000
2014-01-22,tsla,177.8100,180.3190,174.7600,178.5600,6982588,1.000000
2014-01-23,tsla,177.2300,182.3800,173.4200,181.5000,7764684,1.000000
2014-01-24,tsla,177.8500,180.4800,173.5310,174.6000,7665564,1.000000
2014-01-27,tsla,175.1600,177.9200,164.7100,169.6200,8688063,1.000000
2014-01-28,tsla,171.5000,178.9800,171.0000,178.3800,6071084,1.000000
2014-01-29,tsla,175.3000,179.0900,173.1310,175.2300,5894659,1.000000
2014-01-30,tsla,178.0000,184.7800,177.0100,182.8400,8535915,1.000000
2014-01-31,tsla,178.8500,186.0000,178.5150,181.4100,6496891,1.000000
2014-02-03,tsla,182.8900,184.8800,175.1600,177.1100,6749905,1.000000
2014-02-04,tsla,180.7000,181.6000,176.2000,178.7300,4678771,1.000000
2014-02-05,tsla,178.3000,180.5900,169.3600,174.4200,7262770,1.000000
2014-02-06,tsla,176.3000,180.1100,176.0000,178.3800,5838867,1.000000
2014-02-07,tsla,181.0100,186.6300,179.6000,186.5300,8923153,1.000000
2014-02-10,tsla,189.3400,199.3000,189.3200,196.5600,12932651,1.000000
2014-02-11,tsla,198.9700,202.2000,192.7000,196.5000,10664577,1.000000
2014-02-12,tsla,195.7800,198.2690,194.3200,195.3200,5167329,1.000000
2014-02-13,tsla,193.3400,202.7200,193.2500,199.6500,8006861,1.000000
2014-02-14,tsla,198.1000,201.8800,197.0000,198.2000,6153062,1.000000
2014-02-18,tsla,205.2440,206.0000,201.3600,203.7000,9303295,1.000000
2014-02-19,tsla,203.7000,203.7000,193.4100,193.6400,13675323,1.000000
2014-02-20,tsla,215.0100,215.2100,206.2700,209.9700,17973272,1.000000
2014-02-21,tsla,211.6400,213.9800,209.1900,209.6000,7794770,1.000000
2014-02-24,tsla,208.7600,218.3600,208.3200,217.6500,8269856,1.000000
2014-02-25,tsla,230.0000,259.2000,228.4500,248.0000,32562341,1.000000
2014-02-26,tsla,258.5800,265.0000,247.5000,253.0000,23445930,1.000000
2014-02-27,tsla,261.2500,261.9000,248.3300,252.5400,17890967,1.000000
2014-02-28,tsla,249.6500,252.6800,242.5500,244.8100,14496669,1.000000
2014-03-03,tsla,237.2600,251.6500,234.9900,250.5600,13045293,1.000000
2014-03-04,tsla,258.4800,260.0000,252.8300,254.8400,8722876,1.000000
2014-03-05,tsla,256.7200,256.9900,251.8000,252.6600,5909251,1.000000
2014-03-06,tsla,254.1400,257.5000,249.4500,252.9400,7335627,1.000000
2014-03-07,tsla,252.9400,254.8500,244.4100,246.2100,7775530,1.000000
2014-03-10,tsla,242.7000,243.0000,236.0600,238.8400,7708247,1.000000
2014-03-11,tsla,236.5000,244.6000,232.4260,234.4100,8763639,1.000000
2014-03-12,tsla,231.5000,247.5000,231.1100,241.4900,9675359,1.000000
2014-03-13,tsla,243.7900,244.1900,234.0000,237.7900,6196752,1.000000
2014-03-14,tsla,235.2900,236.9370,228.3200,230.9700,8240586,1.000000
2014-03-17,tsla,234.9500,237.9300,230.5000,233.9800,5893698,1.000000
2014-03-18,tsla,236.9500,241.5000,235.0200,240.0400,6215326,1.000000
2014-03-19,tsla,241.3900,241.5500,233.5100,235.8400,5055456,1.000000
2014-03-20,tsla,236.1600,239.2500,233.3600,234.9100,3744741,1.000000
2014-03-21,tsla,236.0200,236.2000,227.5000,229.1100,8010427,1.000000
2014-03-24,tsla,229.7500,229.9000,210.2700,220.0800,11319952,1.000000
2014-03-25,tsla,224.1400,227.0500,217.9000,220.4400,7825004,1.000000
2014-03-26,tsla,221.9500,222.6000,211.3500,212.9600,6837532,1.000000
2014-03-27,tsla,212.3700,213.6000,203.0000,207.3200,9480083,1.000000
2014-03-28,tsla,212.8000,216.7200,210.2700,212.3700,9629726,1.000000
2014-03-31,tsla,216.5000,216.7500,206.3900,208.4500,8364106,1.000000
2014-04-01,tsla,209.0200,218.1600,208.5800,216.9700,7336347,1.000000
2014-04-02,tsla,220.0000,230.8900,218.0500,230.2900,10708991,1.000000
2014-04-03,tsla,230.3000,235.7300,222.0000,225.4000,10900813,1.000000
2014-04-04,tsla,226.0100,228.2700,211.2500,212.2250,11308396,1.000000
2014-04-07,tsla,205.8100,216.2000,203.5100,207.5200,9822412,1.000000
2014-04-08,tsla,210.0500,216.4900,206.4200,215.4600,6867168,1.000000
2014-04-09,tsla,216.7600,218.4500,210.8900,216.9300,5105864,1.000000
2014-04-10,tsla,216.8200,217.5000,203.7900,204.1900,7172546,1.000000
2014-04-11,tsla,200.6100,207.0000,198.6000,203.7800,9048297,1.000000
2014-04-14,tsla,207.6000,208.4400,194.4100,198.0900,7672751,1.000000
2014-04-15,tsla,199.0900,199.2900,184.3200,193.9100,13647598,1.000000
2014-04-16,tsla,197.0000,199.9900,190.8200,199.1100,7167300,1.000000
2014-04-17,tsla,199.6100,202.2900,194.0800,198.1200,5909691,1.000000
2014-04-21,tsla,197.0800,206.2000,194.0000,204.3800,5244632,1.000000
2014-04-22,tsla,206.3600,219.3300,205.0100,218.6400,9787055,1.000000
2014-04-23,tsla,216.3300,216.7400,207.0000,207.9900,7247049,1.000000
2014-04-24,tsla,210.8100,212.8000,203.2000,207.8600,5485547,1.000000
2014-04-25,tsla,202.0000,206.7000,197.6500,199.8500,6968862,1.000000
2014-04-28,tsla,200.0000,203.7900,190.5000,198.5100,7018154,1.000000
2014-04-29,tsla,198.2100,207.1490,195.5300,206.9200,5773524,1.000000
2014-04-30,tsla,203.6000,208.1600,201.2800,207.8900,4417801,1.000000
2014-05-01,tsla,207.0800,214.0200,205.6900,207.7300,5430780,1.000000
2014-05-02,tsla,208.6000,211.3600,206.5200,210.9100,4073896,1.000000
2014-05-05,tsla,209.4800,217.6900,208.5200,216.6100,5138498,1.000000
2014-05-06,tsla,216.6000,218.6600,206.8500,207.2800,5611737,1.000000
2014-05-07,tsla,209.6400,210.2000,197.2500,201.3500,8955494,1.000000
2014-05-08,tsla,182.0000,194.4000,178.0000,178.5900,20004008,1.000000
2014-05-09,tsla,179.8600,183.4000,177.2200,182.2600,8466114,1.000000
2014-05-12,tsla,183.8700,187.1900,179.8800,184.6700,6985262,1.000000
2014-05-13,tsla,183.7600,191.3400,183.0000,190.1600,7073547,1.000000
2014-05-14,tsla,188.9500,193.4800,187.1000,190.6200,5398992,1.000000
2014-05-15,tsla,189.9800,192.6600,185.3000,188.5900,6013578,1.000000
2014-05-16,tsla,188.9500,192.0400,187.7200,191.5600,4475650,1.000000
2014-05-19,tsla,190.7200,196.8900,190.0000,196.0900,4555336,1.000000
2014-05-20,tsla,196.9400,199.3300,193.0700,195.3000,5524669,1.000000
2014-05-21,tsla,196.1800,199.8700,194.7900,199.4500,5267112,1.000000
2014-05-22,tsla,200.3500,206.8800,199.5600,204.8800,6207263,1.000000
2014-05-23,tsla,204.5300,207.7600,202.5000,207.3000,4000021,1.000000
2014-05-27,tsla,208.5200,213.8700,207.7000,211.5900,5338821,1.000000
2014-05-28,tsla,210.0200,212.7700,205.2600,210.2400,5486872,1.000000
2014-05-29,tsla,210.5700,212.4900,207.7200,210.2400,3688089,1.000000
2014-05-30,tsla,210.3000,214.8000,207.0200,207.7700,5554606,1.000000
2014-06-02,tsla,207.3300,209.3500,201.6700,204.7000,4646516,1.000000
2014-06-03,tsla,203.4900,208.0000,202.5900,204.9400,3846839,1.000000
2014-06-04,tsla,204.3500,206.2600,200.3960,203.9100,3425673,1.000000
2014-06-05,tsla,204.4700,209.2000,204.0500,206.9000,4046338,1.000000
2014-06-06,tsla,209.7500,210.8100,207.1800,208.1710,3068953,1.000000
2014-06-09,tsla,207.9500,209.9900,204.2000,205.3100,2793893,1.000000
2014-06-10,tsla,204.4300,206.9700,201.5500,202.3000,3502052,1.000000
2014-06-11,tsla,201.5000,205.0000,199.2510,204.4700,3970303,1.000000
2014-06-12,tsla,205.1000,209.8800,202.7100,203.5200,5986986,1.000000
2014-06-13,tsla,204.7800,206.7900,201.5840,206.4200,3532752,1.000000
2014-06-16,tsla,206.7600,225.4900,206.2600,224.6100,13189345,1.000000
2014-06-17,tsla,224.1100,235.5400,222.8500,231.6700,13224694,1.000000
2014-06-18,tsla,231.5000,231.7100,226.1200,227.1200,6915865,1.000000
2014-06-19,tsla,228.8800,235.3100,227.0000,227.7900,8775431,1.000000
2014-06-20,tsla,228.5200,231.2900,226.2000,229.6100,4810466,1.000000
2014-06-23,tsla,229.5100,238.9900,228.2200,237.2200,7756380,1.000000
2014-06-24,tsla,238.9700,241.8800,231.6280,232.5000,8070900,1.000000
2014-06-25,tsla,233.0500,237.5500,230.2400,236.8910,5792661,1.000000
2014-06-26,tsla,237.1700,240.4000,234.2110,235.6000,5111820,1.000000
2014-06-27,tsla,234.6900,240.0000,234.5000,239.0600,5372356,1.000000
2014-06-30,tsla,239.5500,244.4900,239.0000,240.0600,4825055,1.000000
2014-07-01,tsla,242.4600,243.4400,238.7000,239.7200,4332829,1.000000
2014-07-02,tsla,240.6600,242.3300,227.0700,229.4250,8016676,1.000000
2014-07-03,tsla,231.2900,231.8980,224.0000,229.2500,5166255,1.000000
2014-07-07,tsla,227.5000,229.7800,220.4000,222.6600,5884270,1.000000
2014-07-08,tsla,218.6500,220.9600,214.2700,219.0700,7828324,1.000000
2014-07-09,tsla,221.2700,224.2200,219.2100,223.0600,4105049,1.000000
2014-07-10,tsla,217.1800,222.2200,216.0400,219.4600,4857728,1.000000
2014-07-11,tsla,220.6100,221.6000,217.6000,218.1300,3285735,1.000000
2014-07-14,tsla,219.9900,228.7900,215.4500,226.7000,7184960,1.000000
2014-07-15,tsla,221.8200,224.8000,216.8200,217.1600,4031396,1.000000
2014-07-17,tsla,216.1600,220.5500,213.6000,215.4000,4638776,1.000000
2014-07-18,tsla,215.9500,221.2100,215.9300,220.0200,4232041,1.000000
2014-07-21,tsla,217.2500,223.2100,216.7200,220.5400,3815544,1.000000
2014-07-22,tsla,222.1900,223.3000,219.1110,219.5800,2709953,1.000000
2014-07-23,tsla,220.0100,224.7500,219.4300,222.4900,3065377,1.000000
2014-07-24,tsla,223.2500,225.1000,220.8000,223.5400,3102749,1.000000
2014-07-25,tsla,222.7200,226.9700,221.7500,223.5700,3080615,1.000000
2014-07-28,tsla,224.2500,232.0000,221.4020,224.8200,6491983,1.000000
2014-07-29,tsla,226.6100,228.3000,224.8600,225.0100,3375583,1.000000
2014-07-30,tsla,221.9200,229.6000,221.0400,228.9200,4904293,1.000000
2014-07-31,tsla,229.2600,231.4000,221.5000,223.3000,6863473,1.000000
2014-08-01,tsla,226.0900,237.5000,226.0000,233.2700,11869401,1.000000
2014-08-04,tsla,234.3800,240.5000,233.2700,238.5200,5944650,1.000000
2014-08-05,tsla,237.4700,242.9900,235.6900,238.4900,5369882,1.000000
2014-08-06,tsla,238.9000,251.4200,238.5800,248.9300,9202583,1.000000
2014-08-07,tsla,250.1200,256.6880,249.1200,252.3900,7436653,1.000000
2014-08-08,tsla,251.1600,251.7600,246.5000,248.1300,5076313,1.000000
2014-08-11,tsla,255.4800,263.7400,255.0000,259.3200,8048790,1.000000
2014-08-12,tsla,258.0800,260.3000,254.5800,259.9600,6356786,1.000000
2014-08-13,tsla,262.0100,265.6400,259.6100,260.3100,6853404,1.000000
2014-08-14,tsla,262.4900,263.0000,256.5000,261.3800,4066919,1.000000
2014-08-15,tsla,261.4800,262.0900,258.5000,262.0100,3794463,1.000000
2014-08-18,tsla,263.2500,267.2600,259.7500,259.9400,5818896,1.000000
2014-08-19,tsla,258.8700,259.3300,251.6200,256.7600,5322560,1.000000
2014-08-20,tsla,254.6700,258.7400,253.0000,255.7100,2995097,1.000000
2014-08-21,tsla,256.5200,258.8000,253.2600,254.3400,2902108,1.000000
2014-08-22,tsla,254.5400,256.9500,252.6100,256.7800,2826865,1.000000
2014-08-25,tsla,258.1900,263.6800,258.1900,262.5500,4301652,1.000000
2014-08-26,tsla,264.9800,265.5000,261.6600,261.7400,3802858,1.000000
2014-08-27,tsla,263.5000,264.2400,260.2900,263.2500,2979817,1.000000
2014-08-28,tsla,261.8900,264.4800,261.6400,263.8600,2829418,1.000000
2014-08-29,tsla,268.7000,272.0000,267.5100,269.7000,6405167,1.000000
2014-09-02,tsla,275.5000,284.8900,274.3000,284.0500,9764184,1.000000
2014-09-03,tsla,287.6700,288.0000,280.1000,281.1900,6736348,1.000000
2014-09-04,tsla,284.0100,291.4200,280.4000,286.0400,8230117,1.000000
2014-09-05,tsla,282.5500,282.9000,272.5100,277.3900,11138515,1.000000
2014-09-08,tsla,277.6200,284.8800,277.5230,282.1100,5482235,1.000000
2014-09-09,tsla,282.9900,285.4900,277.0000,278.4800,4548604,1.000000
2014-09-10,tsla,279.5000,281.4100,273.6600,281.1000,3751497,1.000000
2014-09-11,tsla,280.4600,284.7900,278.6300,280.3100,3753109,1.000000
2014-09-12,tsla,280.5000,282.3900,277.0000,279.2000,3295766,1.000000
2014-09-15,tsla,274.3700,274.4000,249.1300,253.8600,16337228,1.000000
2014-09-16,tsla,255.1500,262.4600,252.4200,260.7400,8294437,1.000000
2014-09-17,tsla,262.4100,264.7000,259.5000,261.3800,5158071,1.000000
2014-09-18,tsla,263.3600,265.6000,262.3200,263.8200,3686515,1.000000
2014-09-19,tsla,257.9900,261.4300,255.2700,259.2900,6641796,1.000000
2014-09-22,tsla,255.0000,256.0200,244.7100,250.0300,8194965,1.000000
2014-09-23,tsla,245.2200,253.8000,245.0000,250.4100,5639713,1.000000
2014-09-24,tsla,251.1200,252.8400,247.0400,252.1400,3738287,1.000000
2014-09-25,tsla,252.5200,254.9600,246.1000,246.9500,4826788,1.000000
2014-09-26,tsla,248.2500,249.7300,246.0700,246.6000,3783483,1.000000
2014-09-29,tsla,244.0000,248.6400,241.3800,245.2600,4739004,1.000000
2014-09-30,tsla,246.9200,247.6500,240.1250,242.6800,4206560,1.000000
2014-10-01,tsla,242.2000,242.6600,235.6500,240.2800,5934245,1.000000
2014-10-02,tsla,250.2000,252.7900,245.3600,251.4200,8970563,1.000000
2014-10-03,tsla,253.0600,256.5000,251.0330,255.2100,5383874,1.000000
2014-10-06,tsla,259.1300,262.4900,257.8000,260.6200,7691707,1.000000
2014-10-07,tsla,258.5300,261.4600,255.7300,259.5700,4465377,1.000000
2014-10-08,tsla,260.1000,262.8800,252.6400,259.2800,5042307,1.000000
2014-10-09,tsla,262.2500,265.5400,254.4000,257.0100,7322278,1.000000
2014-10-10,tsla,244.6400,245.8900,235.2000,236.9100,12846899,1.000000
2014-10-13,tsla,238.5700,238.9630,221.0000,224.5600,11205400,1.000000
2014-10-14,tsla,228.2500,232.4700,223.0000,227.0600,7088520,1.000000
2014-10-15,tsla,220.0000,230.9900,217.3200,229.7000,9009427,1.000000
2014-10-16,tsla,219.7200,229.9200,219.1000,226.3490,5385746,1.000000
2014-10-17,tsla,233.3800,234.7700,226.5500,227.4800,5654978,1.000000
2014-10-20,tsla,226.7200,232.4000,225.5100,230.4700,3484740,1.000000
2014-10-21,tsla,234.2700,235.3900,230.8000,235.3400,3995178,1.000000
2014-10-22,tsla,233.1900,237.3900,230.5600,231.1000,4111296,1.000000
2014-10-23,tsla,234.6550,236.2800,232.0000,235.2900,3483681,1.000000
2014-10-24,tsla,236.2700,237.8000,231.2000,235.2400,3444180,1.000000
2014-10-27,tsla,234.2500,234.6100,220.3100,221.6700,9507599,1.000000
2014-10-28,tsla,229.6000,244.6000,228.2500,242.7700,10404714,1.000000
2014-10-29,tsla,241.1300,241.5000,235.6400,238.1000,4953648,1.000000
2014-10-30,tsla,238.1400,240.5000,235.0600,238.6600,3222447,1.000000
2014-10-31,tsla,242.5100,243.1200,238.7500,241.7000,3743623,1.000000
2014-11-03,tsla,243.0000,247.5600,241.3200,242.5900,4197089,1.000000
2014-11-04,tsla,240.4900,242.3500,236.5300,238.9300,3666909,1.000000
2014-11-05,tsla,241.0000,241.3600,230.5300,230.9700,7133544,1.000000
2014-11-06,tsla,234.4900,246.6900,228.5000,241.1800,15310002,1.000000
2014-11-07,tsla,242.1900,242.8400,237.2000,240.2000,5091370,1.000000
2014-11-10,tsla,239.1100,242.8800,236.8000,241.9300,4558848,1.000000
2014-11-11,tsla,242.5500,251.8200,242.0000,251.0800,7943162,1.000000
2014-11-12,tsla,249.7200,252.3400,245.5800,249.1000,5853979,1.000000
2014-11-13,tsla,250.6200,255.7500,250.2500,251.7000,6184260,1.000000
2014-11-14,tsla,250.0000,258.8500,248.5000,258.6800,6084584,1.000000
2014-11-17,tsla,257.4900,259.0000,252.0200,253.9800,4011335,1.000000
2014-11-18,tsla,255.8600,259.9900,255.5100,257.7000,4461965,1.000000
2014-11-19,tsla,250.6100,251.8800,245.6000,247.7400,7906178,1.000000
2014-11-20,tsla,247.9500,250.9300,246.0000,248.7100,3578803,1.000000
2014-11-21,tsla,252.2100,252.7800,242.1700,242.7800,7420652,1.000000
2014-11-24,tsla,245.2000,247.6000,240.6400,246.7200,4764566,1.000000
2014-11-25,tsla,247.3500,249.7200,246.0910,248.0900,3130879,1.000000
2014-11-26,tsla,248.3400,249.0000,246.6000,248.4400,1974090,1.000000
2014-11-28,tsla,245.3500,246.6900,242.5200,244.5200,2119588,1.000000
2014-12-01,tsla,241.1600,242.4700,229.0100,231.5800,8591619,1.000000
2014-12-02,tsla,234.5700,234.8800,228.0000,231.3640,5867343,1.000000
2014-12-03,tsla,226.2500,229.7200,225.5000,229.3000,5276842,1.000000
2014-12-04,tsla,228.6000,230.9000,227.8100,228.2800,3851792,1.000000
2014-12-05,tsla,228.6700,229.3890,222.2600,223.7100,6052976,1.000000
2014-12-08,tsla,221.5400,224.8600,212.3400,214.3600,9202628,1.000000
2014-12-09,tsla,209.3400,217.7290,204.2700,216.8900,9349119,1.000000
2014-12-10,tsla,214.1300,216.7700,207.7000,209.8400,7297100,1.000000
2014-12-11,tsla,210.5300,215.4300,208.2300,208.8350,6679347,1.000000
2014-12-12,tsla,204.8200,211.6800,204.5000,207.1300,7136016,1.000000
2014-12-15,tsla,209.2900,209.8000,202.6700,203.9700,5190949,1.000000
2014-12-16,tsla,200.8900,203.6800,195.3700,197.8900,8401880,1.000000
2014-12-17,tsla,193.0600,206.6500,192.6500,205.9700,7330666,1.000000
2014-12-18,tsla,212.3800,218.4400,211.8000,218.2600,7449633,1.000000
2014-12-19,tsla,220.1900,220.4000,214.5000,219.2000,6864049,1.000000
2014-12-22,tsla,220.0000,224.0600,218.2600,222.6000,4798637,1.000000
2014-12-23,tsla,223.8100,224.3150,219.5240,221.0200,4500455,1.000000
2014-12-24,tsla,219.7700,222.5000,219.2500,222.2600,1333217,1.000000
2014-12-26,tsla,221.5100,228.5000,221.5000,227.8200,3295069,1.000000
2014-12-29,tsla,226.9000,227.9100,224.0200,225.7100,2802336,1.000000
2014-12-30,tsla,223.9900,225.6540,221.4000,222.2300,2348995,1.000000
2014-12-31,tsla,223.0900,225.6800,222.2500,222.3300,2293928,1.000000
2015-01-02,tsla,222.8700,223.2500,213.2600,219.2760,4747307,1.000000
2015-01-05,tsla,214.5500,216.5000,207.1630,210.0900,5346764,1.000000
2015-01-06,tsla,210.0600,214.2000,204.2100,211.2800,6241607,1.000000
2015-01-07,tsla,213.3500,214.7800,209.7800,210.9500,2959912,1.000000
2015-01-08,tsla,212.8100,213.8000,210.0100,210.6150,3428344,1.000000
2015-01-09,tsla,208.9200,209.9800,204.9600,206.6600,4586435,1.000000
2015-01-12,tsla,203.0500,204.4700,199.2500,202.2100,5940887,1.000000
2015-01-13,tsla,203.3200,207.6100,200.9110,204.3900,3895608,1.000000
2015-01-14,tsla,185.8300,195.2000,185.0000,192.6900,11503114,1.000000
2015-01-15,tsla,194.4900,195.7500,190.0000,191.8700,5200212,1.000000
2015-01-16,tsla,190.7000,194.4900,189.6500,193.0700,3584994,1.000000
2015-01-20,tsla,193.8700,194.1200,187.0400,191.9300,4488622,1.000000
2015-01-21,tsla,189.5500,197.1900,189.5100,196.0300,2118551,1.000000
2015-01-22,tsla,197.0000,203.2400,195.2000,201.6200,4092484,1.000000
2015-01-23,tsla,200.2900,203.5000,198.3300,201.2900,3438021,1.000000
2015-01-26,tsla,201.8300,208.6200,201.0500,206.5500,3223931,1.000000
2015-01-27,tsla,204.4200,208.0300,203.3000,206.0530,2767327,1.000000
2015-01-28,tsla,206.1100,206.3680,198.4200,199.2200,3128081,1.000000
2015-01-29,tsla,201.0700,205.9800,196.5000,205.2000,3534281,1.000000
2015-01-30,tsla,203.9600,207.4700,203.0000,203.6000,2987088,1.000000
2015-02-02,tsla,203.9700,211.9500,203.3000,210.9400,4132416,1.000000
2015-02-03,tsla,213.2200,220.3700,211.2700,218.3600,4810322,1.000000
2015-02-04,tsla,218.2900,221.4790,216.8000,218.5500,3296115,1.000000
2015-02-05,tsla,219.8800,225.4800,219.6380,220.9900,3514242,1.000000
2015-02-06,tsla,222.0000,223.4000,216.5000,217.3600,3232452,1.000000
2015-02-09,tsla,215.3800,217.9300,211.9900,217.4800,3467252,1.000000
2015-02-10,tsla,217.5500,220.5000,215.0000,216.2900,5312632,1.000000
2015-02-11,tsla,212.2100,214.7400,207.2800,212.8000,8560795,1.000000
2015-02-12,tsla,193.5700,203.0880,193.2800,202.9900,15611295,1.000000
2015-02-13,tsla,202.9000,205.9900,200.9100,203.7700,5992230,1.000000
2015-02-17,tsla,205.7000,205.7000,201.5000,204.3500,3959755,1.000000
2015-02-18,tsla,204.1700,206.1700,202.6000,204.4600,2687699,1.000000
2015-02-19,tsla,205.0000,212.4400,203.7500,211.7000,5132258,1.000000
2015-02-20,tsla,210.7800,217.6000,209.8100,217.1100,5967796,1.000000
2015-02-23,tsla,215.6600,218.2000,206.3300,207.3350,8481251,1.000000
2015-02-24,tsla,207.2900,207.2900,201.7000,204.0500,6577021,1.000000
2015-02-25,tsla,204.9400,207.1400,202.5800,203.7600,3903934,1.000000
2015-02-26,tsla,204.0000,211.0900,202.2200,207.1900,6466169,1.000000
2015-02-27,tsla,206.9000,208.5500,202.8000,203.4500,3853596,1.000000
2015-03-02,tsla,202.7000,203.3400,195.8250,197.3250,7757181,1.000000
2015-03-03,tsla,196.8100,200.2440,195.3200,199.5600,4422666,1.000000
2015-03-04,tsla,199.2500,202.5200,197.2100,202.4350,4211624,1.000000
2015-03-05,tsla,202.8500,206.1900,200.1500,200.6300,4857484,1.000000
2015-03-06,tsla,199.2100,200.7500,192.1510,193.8800,6676930,1.000000
2015-03-09,tsla,194.3900,194.4900,188.2500,190.8800,6717122,1.000000
2015-03-10,tsla,188.4600,193.5000,187.6000,190.3600,5448633,1.000000
2015-03-11,tsla,191.1500,196.1800,191.0100,193.7400,4944821,1.000000
2015-03-12,tsla,193.7500,194.4500,189.7500,191.0700,4122786,1.000000
2015-03-13,tsla,188.9500,191.7500,187.3200,188.6800,5377906,1.000000
2015-03-16,tsla,192.0000,195.9100,189.8000,195.7000,5608407,1.000000
2015-03-17,tsla,195.4300,198.7100,193.9400,194.7300,4881582,1.000000
2015-03-18,tsla,194.9600,200.8800,193.1100,200.7100,4718328,1.000000
2015-03-19,tsla,202.0000,204.5900,194.5300,195.6500,8456326,1.000000
2015-03-20,tsla,197.4500,198.9900,195.6210,198.1700,4216024,1.000000
2015-03-23,tsla,198.5000,200.5000,197.4700,199.6300,2619774,1.000000
2015-03-24,tsla,201.5800,203.7900,199.7500,201.7200,3639155,1.000000
2015-03-25,tsla,198.2700,198.5900,192.7000,194.3100,5650264,1.000000
2015-03-26,tsla,193.9200,194.7900,189.7000,190.4100,4011377,1.000000
2015-03-27,tsla,189.0700,189.2900,181.4000,185.0000,8522574,1.000000
2015-03-30,tsla,185.8500,192.2500,181.8000,190.5600,9900861,1.000000
2015-03-31,tsla,193.5300,193.7600,188.4100,188.8200,4899175,1.000000
2015-04-01,tsla,188.7000,192.3000,186.0500,187.6000,3782562,1.000000
2015-04-02,tsla,190.2300,193.2300,190.0000,191.0000,4985941,1.000000
2015-04-06,tsla,198.0000,207.7500,197.5000,203.1000,12358508,1.000000
2015-04-07,tsla,202.5100,205.0600,201.1400,203.2500,4332345,1.000000
2015-04-08,tsla,208.2000,210.9000,205.8700,207.6700,6270467,1.000000
2015-04-09,tsla,208.4300,210.3700,206.1200,210.0900,3771539,1.000000
2015-04-10,tsla,209.8500,211.6500,209.0000,210.9000,4006957,1.000000
2015-04-13,tsla,210.4350,213.0000,209.0500,209.7800,3756428,1.000000
2015-04-14,tsla,208.5700,209.4900,205.5000,207.4600,3015521,1.000000
2015-04-15,tsla,207.4600,209.5900,206.6000,207.8300,1896404,1.000000
2015-04-16,tsla,207.7000,209.1700,206.2900,206.7000,1616692,1.000000
2015-04-17,tsla,204.9900,206.8800,203.5000,206.7900,2449415,1.000000
2015-04-20,tsla,206.7800,207.8500,203.8500,205.2700,2551718,1.000000
2015-04-21,tsla,205.8000,210.7500,204.3100,209.4100,3414551,1.000000
2015-04-22,tsla,212.5000,221.8800,211.6900,219.3800,7835744,1.000000
2015-04-23,tsla,218.2700,221.4800,217.1500,218.6000,4406083,1.000000
2015-04-24,tsla,220.5000,220.8000,218.0100,218.4250,2411026,1.000000
2015-04-27,tsla,222.5600,238.7500,222.0000,231.5500,11650179,1.000000
2015-04-28,tsla,234.7500,235.5000,228.0300,230.4800,6068308,1.000000
2015-04-29,tsla,230.0500,234.9700,227.6300,232.4500,3928693,1.000000
2015-04-30,tsla,230.3900,232.8900,225.1700,226.0500,3877382,1.000000
2015-05-01,tsla,229.9400,231.7700,220.4050,225.9600,5256679,1.000000
2015-05-04,tsla,228.1800,234.7300,227.1100,230.6200,4425466,1.000000
2015-05-05,tsla,237.7600,239.5000,229.1300,232.8600,5771886,1.000000
2015-05-06,tsla,234.1000,234.4700,228.2000,230.4300,4106368,1.000000
2015-05-07,tsla,221.0000,237.4800,220.2500,236.8000,9429855,1.000000
2015-05-08,tsla,235.9900,238.4100,233.7000,236.6700,4656193,1.000000
2015-05-11,tsla,236.2900,242.8800,235.3100,239.4900,5650021,1.000000
2015-05-12,tsla,240.1100,246.3500,238.1900,244.7400,6308212,1.000000
2015-05-13,tsla,247.6100,248.3000,242.2500,243.1800,5391878,1.000000
2015-05-14,tsla,244.8200,244.8900,241.2500,244.1000,2839009,1.000000
2015-05-15,tsla,243.9300,249.4000,242.5000,248.8400,4517929,1.000000
2015-05-18,tsla,247.0000,249.9000,246.0000,248.7500,3330458,1.000000
2015-05-19,tsla,248.4300,251.0000,246.1500,247.1400,3662046,1.000000
2015-05-20,tsla,247.1300,247.7400,241.3720,244.3500,3744838,1.000000
2015-05-21,tsla,243.0300,246.6200,242.3570,245.6200,1965832,1.000000
2015-05-22,tsla,245.3800,248.6000,245.0100,247.7300,2213995,1.000000
2015-05-26,tsla,247.6800,252.0000,246.5000,247.4550,3481157,1.000000
2015-05-27,tsla,248.5100,249.5000,245.5500,247.4300,3401267,1.000000
2015-05-28,tsla,247.0300,251.8000,245.0500,251.4500,3641083,1.000000
2015-05-29,tsla,251.0000,252.8680,249.4300,250.6800,3751223,1.000000
2015-06-01,tsla,251.4100,251.6000,247.4700,249.4500,2500957,1.000000
2015-06-02,tsla,248.9200,249.4000,246.3000,248.3500,2125744,1.000000
2015-06-03,tsla,248.2000,250.7200,247.0100,248.9900,1774350,1.000000
2015-06-04,tsla,247.5000,249.3000,245.7100,245.9200,2418974,1.000000
2015-06-05,tsla,246.0000,249.7000,245.6800,249.1400,3015833,1.000000
2015-06-08,tsla,250.8500,258.7500,250.3100,256.2900,4997655,1.000000
2015-06-09,tsla,255.4000,257.7400,254.1400,256.0000,2579552,1.000000
2015-06-10,tsla,251.9000,254.0000,248.5000,250.7000,3449873,1.000000
2015-06-11,tsla,253.2600,254.3700,250.4300,251.4400,2038211,1.000000
2015-06-12,tsla,250.2100,253.4600,250.2100,250.6900,1415058,1.000000
2015-06-15,tsla,249.7000,251.2800,246.0100,250.3800,2169499,1.000000
2015-06-16,tsla,250.1300,253.4400,249.0950,253.1200,1979208,1.000000
2015-06-17,tsla,252.1700,264.3600,252.0200,260.4100,5481742,1.000000
2015-06-18,tsla,262.0000,263.4600,260.0200,261.9000,2777793,1.000000
2015-06-19,tsla,262.4000,263.8000,260.1000,262.2700,2432546,1.000000
2015-06-22,tsla,262.1500,264.4000,255.6900,259.7900,4555525,1.000000
2015-06-23,tsla,260.3200,268.0000,258.5700,267.6700,3861223,1.000000
2015-06-24,tsla,266.9800,267.3500,263.7200,265.1700,2409082,1.000000
2015-06-25,tsla,266.4500,271.4100,265.2500,268.7900,2840989,1.000000
2015-06-26,tsla,268.8900,269.1100,266.0000,267.0900,3447133,1.000000
2015-06-29,tsla,261.9500,265.9500,260.7000,262.0700,3468500,1.000000
2015-06-30,tsla,264.8000,270.9200,264.0000,268.2700,3076288,1.000000
2015-07-01,tsla,271.1100,272.6200,267.8500,269.1400,2099404,1.000000
2015-07-02,tsla,280.1950,282.4500,273.3100,280.0100,7113904,1.000000
2015-07-06,tsla,278.8800,281.6900,276.3000,279.7100,4102123,1.000000
2015-07-07,tsla,275.0000,275.2000,260.7700,267.9600,6087329,1.000000
2015-07-08,tsla,259.3200,260.8000,254.3100,254.9600,6207153,1.000000
2015-07-09,tsla,259.0800,262.9500,256.7900,257.9200,3324933,1.000000
2015-07-10,tsla,262.2200,263.0000,257.8200,259.0560,2603011,1.000000
2015-07-13,tsla,262.2500,262.5500,256.0500,262.1600,2948814,1.000000
2015-07-14,tsla,262.1000,265.9900,260.5100,265.7000,1901890,1.000000
2015-07-15,tsla,266.7400,267.4900,262.0800,263.1400,1999642,1.000000
2015-07-16,tsla,264.2200,267.2000,263.1600,266.6600,1580448,1.000000
2015-07-17,tsla,272.5000,275.5400,268.2500,274.6200,4981460,1.000000
2015-07-20,tsla,275.0000,286.6500,272.5400,282.2600,4965149,1.000000
2015-07-21,tsla,270.0500,273.5000,266.5500,266.7700,6068460,1.000000
2015-07-22,tsla,261.2700,269.4400,260.8600,267.8700,3092060,1.000000
2015-07-23,tsla,269.6500,269.9000,265.2700,267.2000,2211681,1.000000
2015-07-24,tsla,267.3800,271.0900,263.9200,265.3700,2822837,1.000000
2015-07-27,tsla,262.4300,264.4320,250.7900,253.0100,4682437,1.000000
2015-07-28,tsla,255.7500,265.4000,251.8370,264.8200,3868030,1.000000
2015-07-29,tsla,264.2700,267.8900,262.0000,263.8200,2779623,1.000000
2015-07-30,tsla,262.6900,266.9400,262.1100,266.7900,2027057,1.000000
2015-07-31,tsla,267.6000,269.3600,265.1230,266.1500,2211789,1.000000
2015-08-03,tsla,266.2900,266.7100,257.0700,259.9900,2546025,1.000000
2015-08-04,tsla,260.0100,266.7200,258.3400,266.2800,2327848,1.000000
2015-08-05,tsla,263.5800,271.0000,260.4000,270.1300,4828750,1.000000
2015-08-06,tsla,249.5400,255.0000,236.1200,246.1300,14611397,1.000000
2015-08-07,tsla,243.5800,243.7300,238.3900,242.5000,5042931,1.000000
2015-08-10,tsla,238.1500,242.9700,236.0500,241.1400,4174084,1.000000
2015-08-11,tsla,237.1500,239.3000,234.4400,237.3700,4251905,1.000000
2015-08-12,tsla,235.0000,239.7700,232.7400,238.1700,3722379,1.000000
2015-08-13,tsla,239.8600,246.4800,239.1200,242.5100,4590165,1.000000
2015-08-14,tsla,247.2400,247.9300,241.7700,243.1500,4351577,1.000000
2015-08-17,tsla,255.5600,256.5900,250.5100,255.0240,7158027,1.000000
2015-08-18,tsla,255.3800,260.9500,253.5600,260.7200,4177576,1.000000
2015-08-19,tsla,260.3300,260.6500,255.0200,255.2500,3596014,1.000000
2015-08-20,tsla,252.0600,254.5600,241.9000,242.2700,4883457,1.000000
2015-08-21,tsla,236.0000,243.8000,230.5100,230.7700,6561164,1.000000
2015-08-24,tsla,202.7900,231.4000,195.0000,218.9600,9559720,1.000000
2015-08-25,tsla,230.5200,230.9000,219.1200,220.0300,4285627,1.000000
2015-08-26,tsla,227.9300,228.0000,215.5100,224.8400,4853980,1.000000
2015-08-27,tsla,231.0000,244.7500,230.8100,242.9900,7637540,1.000000
2015-08-28,tsla,241.8600,251.4500,241.5700,248.3900,5493834,1.000000
2015-08-31,tsla,245.6200,254.9500,245.5100,248.9800,4679626,1.000000
2015-09-01,tsla,240.3400,246.0000,236.9700,238.6300,5435577,1.000000
2015-09-02,tsla,245.3000,247.8800,239.7800,247.6900,4580928,1.000000
2015-09-03,tsla,252.0600,252.0800,245.0000,245.5700,4129417,1.000000
2015-09-04,tsla,240.8900,244.0900,238.2000,241.9300,3680562,1.000000
2015-09-08,tsla,245.0500,249.1600,244.0500,248.1700,3114983,1.000000
2015-09-09,tsla,252.0500,254.2500,248.3030,248.9100,3376095,1.000000
2015-09-10,tsla,247.2300,250.7230,245.3300,248.3810,2704967,1.000000
2015-09-11,tsla,247.6400,250.2400,244.7300,250.2400,2340489,1.000000
2015-09-14,tsla,251.1000,254.2500,249.6700,253.1900,2876747,1.000000
2015-09-15,tsla,252.7500,254.6000,249.5000,253.5700,2929051,1.000000
2015-09-16,tsla,253.0400,262.8800,252.8800,262.2500,4401741,1.000000
2015-09-17,tsla,263.9600,265.5000,260.6900,261.8700,3574379,1.000000
2015-09-18,tsla,257.9600,263.8200,257.5000,260.6200,3718788,1.000000
2015-09-21,tsla,263.9800,271.5700,255.8000,264.2000,6103436,1.000000
2015-09-22,tsla,259.0300,262.6500,255.8700,260.9400,3656937,1.000000
2015-09-23,tsla,261.9500,262.0800,257.5840,261.0600,2594257,1.000000
2015-09-24,tsla,259.5300,263.4500,256.2100,263.1200,3440962,1.000000
2015-09-25,tsla,266.6100,266.9100,256.1500,257.0200,3763355,1.000000
2015-09-28,tsla,257.3500,259.7900,246.6100,248.2600,4887722,1.000000
2015-09-29,tsla,250.4600,254.7300,245.4600,246.5300,3691446,1.000000
2015-09-30,tsla,252.0000,252.4000,242.3400,248.3900,4914423,1.000000
2015-10-01,tsla,247.5100,248.5000,237.1300,239.8800,4564877,1.000000
2015-10-02,tsla,235.6000,247.7000,234.9300,247.4800,4368780,1.000000
2015-10-05,tsla,248.8400,249.8400,244.1300,246.0500,3668028,1.000000
2015-10-06,tsla,240.0000,243.0300,235.5800,241.4600,5213457,1.000000
2015-10-07,tsla,236.6300,237.7000,229.1200,231.8800,6800212,1.000000
2015-10-08,tsla,230.0800,230.7200,221.3100,226.7200,6117976,1.000000
2015-10-09,tsla,220.9300,224.3700,218.3600,220.6750,6147813,1.000000
2015-10-12,tsla,222.9900,223.0000,215.2700,215.5800,3799584,1.000000
2015-10-13,tsla,213.2800,222.5220,211.1300,219.2500,5160979,1.000000
2015-10-14,tsla,220.6700,220.9500,215.4300,216.8800,3081936,1.000000
2015-10-15,tsla,216.4300,221.7300,213.7000,221.5100,2832250,1.000000
2015-10-16,tsla,223.0400,230.4810,222.8700,227.0100,4303517,1.000000
2015-10-19,tsla,226.5000,231.1500,224.9400,228.1000,2499206,1.000000
2015-10-20,tsla,227.7200,228.6000,202.0000,213.0300,14854046,1.000000
2015-10-21,tsla,211.9900,214.8100,208.8000,210.0900,4150599,1.000000
2015-10-22,tsla,211.5600,215.7500,209.4000,211.7000,2803111,1.000000
2015-10-23,tsla,215.0000,215.3500,207.6900,209.0900,4141610,1.000000
2015-10-26,tsla,211.3800,215.8800,210.0000,215.2600,3386183,1.000000
2015-10-27,tsla,214.8400,217.1000,207.5100,210.3300,3499712,1.000000
2015-10-28,tsla,211.3100,213.4500,208.3000,212.9300,2670730,1.000000
2015-10-29,tsla,211.7500,213.7480,210.6400,211.6000,1774855,1.000000
2015-10-30,tsla,210.4000,211.6300,203.8900,206.9500,4368216,1.000000
2015-11-02,tsla,208.9200,215.8000,207.2200,213.8100,3917160,1.000000
2015-11-03,tsla,213.8500,214.4400,207.7500,208.3500,6620844,1.000000
2015-11-04,tsla,227.0000,232.7400,225.2000,231.6300,12701332,1.000000
2015-11-05,tsla,230.5800,234.5840,229.1900,231.7700,4493582,1.000000
2015-11-06,tsla,230.7000,233.3590,229.5000,232.3600,2443475,1.000000
2015-11-09,tsla,232.9900,232.9900,224.3100,225.3300,3844184,1.000000
2015-11-10,tsla,223.4800,223.7000,216.0800,216.5000,4569318,1.000000
2015-11-11,tsla,217.7700,219.4800,213.6300,219.0800,3334955,1.000000
2015-11-12,tsla,217.8500,219.0000,212.6600,212.9400,2910103,1.000000
2015-11-13,tsla,212.9500,212.9900,206.5200,207.1900,3412283,1.000000
2015-11-16,tsla,206.0900,214.9800,205.8000,214.3100,2917082,1.000000
2015-11-17,tsla,215.2000,216.0000,211.4000,214.0000,2143369,1.000000
2015-11-18,tsla,214.5000,221.3800,212.5200,221.0700,2805212,1.000000
2015-11-19,tsla,220.5400,226.1900,220.3000,221.8000,2499363,1.000000
2015-11-20,tsla,223.4900,225.0000,213.5800,220.0100,4389269,1.000000
2015-11-23,tsla,216.7300,219.1800,214.6800,217.7500,2524994,1.000000
2015-11-24,tsla,215.3700,221.0000,215.0000,218.2500,2452463,1.000000
2015-11-25,tsla,221.3400,230.8250,220.3750,229.6400,3985700,1.000000
2015-11-27,tsla,231.0600,232.2500,227.0100,231.6100,1949127,1.000000
2015-11-30,tsla,231.7900,234.2800,229.0800,230.2600,2588103,1.000000
2015-12-01,tsla,231.0600,238.0000,231.0500,237.1900,3728287,1.000000
2015-12-02,tsla,237.0000,238.6000,231.2300,231.9900,2975821,1.000000
2015-12-03,tsla,235.4800,237.4500,230.0000,232.7100,2936784,1.000000
2015-12-04,tsla,232.4600,233.2700,227.6600,230.3800,2555913,1.000000
2015-12-07,tsla,227.7000,235.6300,226.1500,231.0360,3140190,1.000000
2015-12-08,tsla,227.5200,228.8000,224.2000,226.7200,2682153,1.000000
2015-12-09,tsla,226.7000,227.5000,220.7200,224.5200,3051238,1.000000
2015-12-10,tsla,224.7100,228.4900,223.6400,227.0700,2067933,1.000000
2015-12-11,tsla,225.2400,225.7500,216.6400,217.0200,3250667,1.000000
2015-12-14,tsla,217.5100,220.9200,214.8700,218.6100,2827068,1.000000
2015-12-15,tsla,221.8200,222.2200,218.0000,221.0900,2240340,1.000000
2015-12-16,tsla,222.1000,234.8800,220.7300,234.5100,5086411,1.000000
2015-12-17,tsla,233.9400,237.7600,229.8150,233.3900,3292767,1.000000
2015-12-18,tsla,232.8900,235.9000,229.2900,230.3000,3004611,1.000000
2015-12-21,tsla,231.6900,235.8300,231.0800,232.4000,1942577,1.000000
2015-12-22,tsla,234.9900,236.5500,229.6300,229.9500,1958721,1.000000
2015-12-23,tsla,232.1800,233.4500,228.1300,229.7000,1550887,1.000000
2015-12-24,tsla,230.5600,231.8800,228.2800,230.5700,710277,1.000000
2015-12-28,tsla,231.4900,231.9800,225.5400,228.9700,1900171,1.000000
2015-12-29,tsla,230.0600,237.7200,229.5470,237.1900,2383701,1.000000
2015-12-30,tsla,236.6000,243.6340,235.6710,238.0900,3694168,1.000000
2015-12-31,tsla,238.5100,243.4500,238.3700,240.0100,2683280,1.000000
2016-01-04,tsla,230.7200,231.3800,219.0000,223.4200,6821601,1.000000
2016-01-05,tsla,226.3600,226.8900,220.0000,223.4200,3184967,1.000000
2016-01-06,tsla,220.0000,220.0500,215.9800,219.0400,3748893,1.000000
2016-01-07,tsla,214.1900,218.4400,213.6700,215.6400,3464437,1.000000
2016-01-08,tsla,217.8600,220.4400,210.7700,211.0000,3570547,1.000000
2016-01-11,tsla,214.0100,214.4500,203.0000,207.9100,4089819,1.000000
2016-01-12,tsla,211.6000,213.7400,205.3100,209.9700,3076474,1.000000
2016-01-13,tsla,212.0100,212.6500,200.0000,200.3100,4101501,1.000000
2016-01-14,tsla,202.2100,210.0000,193.3800,206.1800,6452624,1.000000
2016-01-15,tsla,198.9700,205.0700,197.2500,205.0000,5322262,1.000000
2016-01-19,tsla,208.7100,210.4700,200.7800,204.7100,3997509,1.000000
2016-01-20,tsla,199.4000,201.2800,191.2500,198.7000,5825546,1.000000
2016-01-21,tsla,201.5500,203.2300,195.0200,199.9700,3164084,1.000000
2016-01-22,tsla,204.8010,205.5000,199.0300,202.5500,3120306,1.000000
2016-01-25,tsla,200.0600,203.5700,195.8800,196.2300,2694744,1.000000
2016-01-26,tsla,196.7000,197.8200,188.8800,193.5600,4946861,1.000000
2016-01-27,tsla,192.3800,193.2600,185.7700,188.0700,3578473,1.000000
2016-01-28,tsla,190.7900,191.2800,182.4100,189.7000,4588526,1.000000
2016-01-29,tsla,189.9500,193.7400,188.0800,191.2000,2848929,1.000000
2016-02-01,tsla,188.7600,199.5200,182.7500,196.9400,5295685,1.000000
2016-02-02,tsla,192.4200,193.1200,180.2300,182.7800,5765187,1.000000
2016-02-03,tsla,183.5900,183.9400,170.1800,173.4800,7927694,1.000000
2016-02-04,tsla,170.7000,175.9800,166.9900,175.3300,4380008,1.000000
2016-02-05,tsla,171.3000,173.0000,157.7440,162.6000,9434677,1.000000
2016-02-08,tsla,157.1050,157.1500,146.0000,147.9900,9307034,1.000000
2016-02-09,tsla,142.3200,159.7900,141.0500,148.2500,8644780,1.000000
2016-02-10,tsla,150.5000,154.9700,141.7400,143.6700,10237305,1.000000
2016-02-11,tsla,152.0000,163.2600,147.0000,150.4700,14243923,1.000000
2016-02-12,tsla,155.0000,157.0100,143.7000,151.0400,7233264,1.000000
2016-02-16,tsla,158.7000,162.9500,154.1100,155.1700,5583570,1.000000
2016-02-17,tsla,159.0000,169.3400,156.6800,168.6800,5820754,1.000000
2016-02-18,tsla,172.4200,172.9500,164.7700,166.7700,3883289,1.000000
2016-02-19,tsla,163.6600,167.4900,162.5000,166.5800,2955832,1.000000
2016-02-22,tsla,170.1200,178.9100,169.8500,177.7400,5055500,1.000000
2016-02-23,tsla,176.1600,181.7300,173.6800,177.2100,5983648,1.000000
2016-02-24,tsla,172.7500,179.5000,167.8400,179.0000,5387248,1.000000
2016-02-25,tsla,178.6500,188.5190,175.2000,187.4300,5727008,1.000000
2016-02-26,tsla,188.7000,192.0000,185.0000,190.3400,6054136,1.000000
2016-02-29,tsla,192.4000,196.3500,189.2220,191.9300,4495402,1.000000
2016-03-01,tsla,194.2500,195.9480,182.7000,186.3500,6700307,1.000000
2016-03-02,tsla,183.7300,188.5200,181.5000,188.3400,4858597,1.000000
2016-03-03,tsla,188.2800,197.4200,184.2200,195.7400,4823798,1.000000
2016-03-04,tsla,198.0000,204.0300,197.5000,201.0400,6480005,1.000000
2016-03-07,tsla,197.6800,209.7000,197.4000,205.2900,5331117,1.000000
2016-03-08,tsla,203.5000,207.5000,202.2000,202.6000,4175654,1.000000
2016-03-09,tsla,204.5200,209.3730,202.7900,208.7200,3207743,1.000000
2016-03-10,tsla,210.0000,213.2900,200.6710,205.1800,5191680,1.000000
2016-03-11,tsla,207.9300,209.4200,205.3300,207.5000,3339291,1.000000
2016-03-14,tsla,212.6500,216.7200,210.6400,215.1500,4062519,1.000000
2016-03-15,tsla,214.2700,218.9700,211.5000,218.3400,3133401,1.000000
2016-03-16,tsla,218.0000,222.5800,217.0200,221.9300,3512123,1.000000
2016-03-17,tsla,221.4700,228.5000,220.0000,226.3800,3773385,1.000000
2016-03-18,tsla,229.1000,234.4800,228.0600,232.7400,4704778,1.000000
2016-03-21,tsla,235.3400,239.8800,235.0000,238.3200,5289115,1.000000
2016-03-22,tsla,237.2100,238.9900,232.5580,234.2400,4303600,1.000000
2016-03-23,tsla,232.3700,234.7300,222.0300,222.5800,4936792,1.000000
2016-03-24,tsla,215.7800,228.8880,215.0000,227.7500,4956609,1.000000
2016-03-28,tsla,231.6100,234.8100,225.0000,230.2600,3921306,1.000000
2016-03-29,tsla,229.8900,232.3800,225.3300,230.1300,4006337,1.000000
2016-03-30,tsla,235.0900,235.5000,226.5000,226.8900,4026998,1.000000
2016-03-31,tsla,229.3400,237.4200,225.0100,229.7700,7983773,1.000000
2016-04-01,tsla,244.8250,247.9000,233.2500,237.5900,15981031,1.000000
2016-04-04,tsla,249.1200,252.1200,243.6400,246.9900,13396561,1.000000
2016-04-05,tsla,240.5000,256.5600,240.0000,255.4700,9931890,1.000000
2016-04-06,tsla,253.9700,267.7400,253.4500,265.4200,11697118,1.000000
2016-04-07,tsla,266.4500,269.3400,254.5100,257.2000,8847971,1.000000
2016-04-08,tsla,260.5000,260.8200,248.0200,250.0700,7353242,1.000000
2016-04-11,tsla,251.0000,258.9900,245.3000,249.9200,9157006,1.000000
2016-04-12,tsla,249.5000,251.8000,243.6300,247.8200,5755491,1.000000
2016-04-13,tsla,248.5100,255.5000,247.3300,254.5300,4921860,1.000000
2016-04-14,tsla,253.0000,256.8390,251.0500,251.8600,4129338,1.000000
2016-04-15,tsla,251.3100,254.6000,249.1200,254.5100,3748643,1.000000
2016-04-18,tsla,252.2300,258.3100,251.6600,253.8800,4265536,1.000000
2016-04-19,tsla,253.1200,254.3700,241.2510,247.3700,6351460,1.000000
2016-04-20,tsla,246.2600,253.6600,241.5000,249.9700,5192410,1.000000
2016-04-21,tsla,248.9900,250.9000,246.9100,248.2900,2777463,1.000000
2016-04-22,tsla,248.8900,254.0000,245.7100,253.7500,3783337,1.000000
2016-04-25,tsla,253.0100,257.3800,250.7600,251.8200,3665088,1.000000
2016-04-26,tsla,252.0500,255.7300,249.3900,253.7400,3218117,1.000000
2016-04-27,tsla,252.7500,255.0000,249.4000,251.4700,3199592,1.000000
2016-04-28,tsla,249.8500,253.4300,247.4400,247.7100,2516231,1.000000
2016-04-29,tsla,248.1400,248.4300,237.8100,240.7600,5408683,1.000000
2016-05-02,tsla,241.5000,243.1900,234.8200,241.8000,3839038,1.000000
2016-05-03,tsla,237.3600,238.9100,231.6200,232.3200,4297959,1.000000
2016-05-04,tsla,230.2900,234.4600,220.4000,222.5600,8574810,1.000000
2016-05-05,tsla,228.4600,228.6400,209.7900,211.5300,11249460,1.000000
2016-05-06,tsla,210.8700,216.3700,208.1100,214.9300,5684097,1.000000
2016-05-09,tsla,215.7200,216.1500,206.8000,208.9200,4773047,1.000000
2016-05-10,tsla,207.5500,209.4700,205.0000,208.6900,4069718,1.000000
2016-05-11,tsla,207.5900,215.4800,206.0500,208.9600,5159979,1.000000
2016-05-12,tsla,211.4400,211.6700,203.6570,207.2800,3650184,1.000000
2016-05-13,tsla,207.7800,211.2000,206.7000,207.6100,2821569,1.000000
2016-05-16,tsla,208.1500,213.1500,207.9200,208.2900,2946404,1.000000
2016-05-17,tsla,209.0500,209.8200,204.0200,204.6600,2842028,1.000000
2016-05-18,tsla,209.1500,215.3100,207.7500,211.1700,5588233,1.000000
2016-05-19,tsla,213.6200,216.7900,207.3000,215.2100,6820662,1.000000
2016-05-20,tsla,216.9900,220.5500,216.3500,220.2800,8996774,1.000000
2016-05-23,tsla,219.8700,222.6000,215.8600,216.2200,5096826,1.000000
2016-05-24,tsla,216.6000,218.7400,215.1800,217.9100,3009638,1.000000
2016-05-25,tsla,217.9100,221.3600,216.5100,219.5800,3131279,1.000000
2016-05-26,tsla,220.5000,225.2600,219.0500,225.1200,4067112,1.000000
2016-05-27,tsla,224.9900,225.9300,220.7500,223.0400,3645992,1.000000
2016-05-31,tsla,223.0400,224.7500,221.5000,223.2300,2786822,1.000000
2016-06-01,tsla,221.4800,222.4000,216.8900,219.5600,2982370,1.000000
2016-06-02,tsla,219.5900,219.9090,217.1100,218.9600,2018037,1.000000
2016-06-03,tsla,220.0000,221.9400,218.0100,218.9900,2226112,1.000000
2016-06-06,tsla,218.0000,220.9000,215.4500,220.6800,2243751,1.000000
2016-06-07,tsla,222.2400,234.4400,221.5200,232.3400,6197792,1.000000
2016-06-08,tsla,233.8000,240.8450,232.6050,235.5200,5965784,1.000000
2016-06-09,tsla,234.9800,235.3300,227.0600,229.3600,4465217,1.000000
2016-06-10,tsla,227.3900,227.9700,218.4220,218.7900,6011165,1.000000
2016-06-13,tsla,219.5000,225.7700,217.6600,217.8700,4187953,1.000000
2016-06-14,tsla,218.8800,222.2000,212.5300,214.9600,3576222,1.000000
2016-06-15,tsla,216.9500,221.9000,215.1300,217.7000,2906450,1.000000
2016-06-16,tsla,217.4200,218.0400,213.5000,217.9300,2439227,1.000000
2016-06-17,tsla,217.8100,219.9900,214.5000,215.4700,3108208,1.000000
2016-06-20,tsla,219.5000,223.7500,218.2300,219.7000,3551370,1.000000
2016-06-21,tsla,220.6800,222.5690,218.8100,219.6100,3391122,1.000000
2016-06-22,tsla,199.4700,205.9500,195.7500,196.6600,23716534,1.000000
2016-06-23,tsla,195.6900,197.5500,192.1300,196.4000,10102673,1.000000
2016-06-24,tsla,190.0500,195.1200,189.7300,193.1500,6991229,1.000000
2016-06-27,tsla,190.8600,191.8000,189.0300,189.4900,664207,1.000000
2016-06-28,tsla,201.8900,204.0500,199.4100,201.7900,6159645,1.000000
2016-06-29,tsla,205.1300,211.7800,203.0000,210.1900,5987865,1.000000
2016-06-30,tsla,212.9700,213.5000,209.0200,212.2800,4811424,1.000000
2016-07-01,tsla,206.1400,218.2400,206.0000,216.5000,5397730,1.000000
2016-07-05,tsla,209.7300,214.5440,208.0000,213.9800,5170322,1.000000
2016-07-06,tsla,210.0000,215.2300,209.0000,214.4400,4910425,1.000000
2016-07-07,tsla,213.1000,218.1200,213.0100,215.9400,3603475,1.000000
2016-07-08,tsla,217.8000,219.8100,214.5000,216.7800,4068350,1.000000
2016-07-11,tsla,219.9600,226.7800,219.5100,224.7800,5378658,1.000000
2016-07-12,tsla,224.1000,227.5000,223.2200,224.6500,4574215,1.000000
2016-07-13,tsla,225.5000,225.5900,220.2900,222.5300,3542814,1.000000
2016-07-14,tsla,223.1200,224.9400,221.0500,221.5300,2660295,1.000000
2016-07-15,tsla,222.5200,222.7500,219.6400,220.4000,2231101,1.000000
2016-07-18,tsla,219.6400,227.0900,218.3000,226.2500,3394638,1.000000
2016-07-19,tsla,225.0000,229.1000,224.7500,225.2600,3047824,1.000000
2016-07-20,tsla,226.4700,229.8000,225.0000,228.3600,2556389,1.000000
2016-07-21,tsla,226.0000,227.8470,219.1000,220.5000,4426066,1.000000
2016-07-22,tsla,221.9900,224.5000,218.8800,222.2700,2570812,1.000000
2016-07-25,tsla,222.2700,231.3900,221.3720,230.0100,4479586,1.000000
2016-07-26,tsla,227.6900,230.0000,225.3000,229.5100,3427536,1.000000
2016-07-27,tsla,229.3400,233.3600,226.9200,228.4900,2887228,1.000000
2016-07-28,tsla,227.9500,230.7600,226.6000,230.6100,2415562,1.000000
2016-07-29,tsla,230.7000,235.2800,230.2400,234.7900,3062650,1.000000
2016-08-01,tsla,235.5000,236.6300,229.3800,230.0100,4014298,1.000000
2016-08-02,tsla,229.3700,229.8700,221.4000,227.2000,3929237,1.000000
2016-08-03,tsla,227.3700,229.6990,224.2100,225.7900,3827510,1.000000
2016-08-04,tsla,225.6900,230.8600,222.0500,230.6100,4144041,1.000000
2016-08-05,tsla,230.0000,232.0000,227.4000,230.0300,3191450,1.000000
2016-08-08,tsla,228.0000,229.6000,226.0900,226.1600,2260109,1.000000
2016-08-09,tsla,226.8200,231.5380,226.6500,229.0800,2203101,1.000000
2016-08-10,tsla,228.2400,229.8700,224.6200,225.6500,2336896,1.000000
2016-08-11,tsla,226.1700,227.5700,223.4100,224.9100,1876984,1.000000
2016-08-12,tsla,225.4100,226.6500,224.0400,225.6100,1812000,1.000000
2016-08-15,tsla,226.0200,229.5000,224.9300,225.5900,2018509,1.000000
2016-08-16,tsla,225.4900,227.1900,223.4100,223.6100,2252223,1.000000
2016-08-17,tsla,224.3300,224.8300,222.8000,223.2400,1786408,1.000000
2016-08-18,tsla,223.8200,225.6600,222.2900,223.5100,1699400,1.000000
2016-08-19,tsla,223.5400,225.1690,222.5300,225.0000,1658616,1.000000
2016-08-22,tsla,224.1700,225.1100,222.6800,222.9300,2061692,1.000000
2016-08-23,tsla,224.3200,228.4900,222.8000,224.8400,4748027,1.000000
2016-08-24,tsla,227.0500,227.1500,222.2200,222.6200,2567487,1.000000
2016-08-25,tsla,223.1100,223.8000,220.7700,220.9600,1760741,1.000000
2016-08-26,tsla,222.1400,222.8550,218.8200,219.9900,2238147,1.000000
2016-08-29,tsla,220.1500,220.4000,215.0000,215.2000,3262817,1.000000
2016-08-30,tsla,216.1100,216.1100,210.5200,211.3400,3164505,1.000000
2016-08-31,tsla,210.4300,212.6000,208.6500,212.0100,3275497,1.000000
2016-09-01,tsla,209.0100,211.1000,200.5000,200.7700,7938050,1.000000
2016-09-02,tsla,202.3300,203.2000,196.2000,197.7800,5970321,1.000000
2016-09-06,tsla,199.0200,203.2500,199.0000,202.8300,4388444,1.000000
2016-09-07,tsla,205.5000,206.4970,200.7100,201.7100,3639218,1.000000
2016-09-08,tsla,199.5500,199.8900,196.3600,197.3600,3372913,1.000000
2016-09-09,tsla,199.0900,199.9200,193.7000,194.4700,3754288,1.000000
2016-09-12,tsla,195.0000,201.3690,194.1000,198.3000,3714264,1.000000
2016-09-13,tsla,197.0600,198.4900,193.4500,196.0500,3583141,1.000000
2016-09-14,tsla,195.7500,197.9250,194.8560,196.4100,2257203,1.000000
2016-09-15,tsla,196.4900,202.5190,196.4000,200.4200,3082952,1.000000
2016-09-16,tsla,200.4200,205.7000,199.0000,205.4000,3104266,1.000000
2016-09-19,tsla,207.0000,209.4300,205.0000,206.3400,2298423,1.000000
2016-09-20,tsla,206.8500,207.7500,203.9100,204.6400,2409181,1.000000
2016-09-21,tsla,206.3700,207.0000,201.5600,205.2200,2631359,1.000000
2016-09-22,tsla,206.4000,207.2800,203.0000,206.4300,2382000,1.000000
2016-09-23,tsla,205.9900,210.1800,205.6700,207.4500,2904133,1.000000
2016-09-26,tsla,206.5000,211.0000,206.5000,208.9900,2393553,1.000000
2016-09-27,tsla,209.6500,209.9820,204.6090,205.8100,3369273,1.000000
2016-09-28,tsla,207.5100,208.2500,205.2600,206.2700,2079431,1.000000
2016-09-29,tsla,205.6000,207.3300,200.5800,200.7000,2714177,1.000000
2016-09-30,tsla,202.2100,204.9800,199.5500,204.0300,2582730,1.000000
2016-10-03,tsla,212.3000,215.6690,208.2500,213.7000,5989347,1.000000
2016-10-04,tsla,213.1000,213.3200,208.8200,211.4100,3537953,1.000000
2016-10-05,tsla,212.2400,213.1500,208.1200,208.4600,1872830,1.000000
2016-10-06,tsla,202.4600,204.2100,200.2100,201.0000,4698288,1.000000
2016-10-07,tsla,201.0000,201.3200,195.8000,196.6100,3490531,1.000000
2016-10-10,tsla,201.3500,204.1400,199.6600,200.9500,3311443,1.000000
2016-10-11,tsla,201.8500,202.2000,198.3100,200.1000,2327354,1.000000
2016-10-12,tsla,200.9500,203.8800,200.4200,201.5100,1969202,1.000000
2016-10-13,tsla,200.5000,200.8950,197.0500,200.2400,2495140,1.000000
2016-10-14,tsla,200.6600,201.4300,196.3000,196.5100,4265738,1.000000
2016-10-17,tsla,197.0500,198.3900,192.0000,193.9600,4518688,1.000000
2016-10-18,tsla,195.9900,199.4700,193.2600,199.1000,5676136,1.000000
2016-10-19,tsla,199.7400,206.6600,198.0600,203.5600,6970155,1.000000
2016-10-20,tsla,202.1200,203.0000,197.0500,199.1000,5070006,1.000000
2016-10-21,tsla,198.6000,201.5700,197.4100,200.0900,2939773,1.000000
2016-10-24,tsla,201.0000,203.9450,200.2500,202.7600,2747344,1.000000
2016-10-25,tsla,202.9000,204.6900,201.2000,202.3400,2442539,1.000000
2016-10-26,tsla,201.0000,203.1900,200.1000,202.2400,5419240,1.000000
2016-10-27,tsla,211.3400,213.7000,201.6500,204.0100,13077912,1.000000
2016-10-28,tsla,204.0000,205.3200,199.8300,199.9700,4273923,1.000000
2016-10-31,tsla,202.4900,202.4900,195.8100,197.7300,4691576,1.000000
2016-11-01,tsla,198.0400,198.5000,188.1050,190.7900,7036538,1.000000
2016-11-02,tsla,190.0500,192.6950,187.5050,188.0200,4245872,1.000000
2016-11-03,tsla,189.0000,191.4700,187.0400,187.4200,2647358,1.000000
2016-11-04,tsla,189.0000,193.4600,185.9600,190.5600,5143952,1.000000
2016-11-07,tsla,193.5900,194.2900,190.0500,193.2100,3857734,1.000000
2016-11-08,tsla,193.7900,197.4900,191.2600,194.9400,3253048,1.000000
2016-11-09,tsla,186.8750,192.0000,183.9500,190.0600,8166554,1.000000
2016-11-10,tsla,191.0500,191.6100,180.4200,185.3500,6746610,1.000000
2016-11-11,tsla,184.2400,188.8800,183.0000,188.5600,3987666,1.000000
2016-11-14,tsla,188.0000,188.2500,178.1900,181.4500,6548220,1.000000
2016-11-15,tsla,182.7800,186.4300,182.0500,183.7700,3899846,1.000000
2016-11-16,tsla,182.6500,184.7300,181.2100,183.9300,3432705,1.000000
2016-11-17,tsla,183.4900,189.4900,182.1100,188.6600,4882298,1.000000
2016-11-18,tsla,190.6500,193.0000,185.0000,185.0200,5207427,1.000000
2016-11-21,tsla,185.0400,188.8900,184.4100,184.5200,4356181,1.000000
2016-11-22,tsla,185.8400,191.4700,183.7100,191.1700,5601548,1.000000
2016-11-23,tsla,190.6100,195.6440,189.0000,193.1400,4891114,1.000000
2016-11-25,tsla,193.6400,197.2370,193.6400,196.6500,2366098,1.000000
2016-11-28,tsla,195.4800,199.3500,194.5500,196.1200,4521168,1.000000
2016-11-29,tsla,195.5600,196.7300,189.5000,189.5700,4435899,1.000000
2016-11-30,tsla,191.0000,191.8900,187.5000,189.4000,3545296,1.000000
2016-12-01,tsla,188.2500,188.5300,181.0000,181.8800,5120132,1.000000
2016-12-02,tsla,182.8800,184.8800,180.0000,181.4700,4040241,1.000000
2016-12-05,tsla,182.5100,188.8900,182.5100,186.8000,4069902,1.000000
2016-12-06,tsla,185.5200,186.5800,182.6830,185.8500,3389790,1.000000
2016-12-07,tsla,186.1500,193.4000,185.0000,193.1500,5460419,1.000000
2016-12-08,tsla,192.0500,192.5000,189.5400,192.2900,3193702,1.000000
2016-12-09,tsla,190.8700,193.8360,190.8100,192.1800,2721100,1.000000
2016-12-12,tsla,192.8000,194.4200,191.0400,192.4300,2436810,1.000000
2016-12-13,tsla,193.1800,201.2800,193.0000,198.1500,6819357,1.000000
2016-12-14,tsla,198.7400,203.0000,196.7600,198.6900,4147785,1.000000
2016-12-15,tsla,198.4100,200.7400,197.3900,197.5800,3219037,1.000000
2016-12-16,tsla,198.0800,202.5900,197.6000,202.4900,3795523,1.000000
2016-12-19,tsla,202.4900,204.4500,199.8400,202.7300,3486955,1.000000
2016-12-20,tsla,203.0500,209.0000,202.5000,208.7900,4685906,1.000000
2016-12-21,tsla,208.4500,212.2300,207.4100,207.7000,5206243,1.000000
2016-12-22,tsla,208.2200,209.9900,206.5000,208.4500,3109242,1.000000
2016-12-23,tsla,208.0000,213.4500,207.7100,213.3400,4668569,1.000000
2016-12-27,tsla,214.8800,222.2500,214.4200,219.5300,5913726,1.000000
2016-12-28,tsla,221.5300,223.8000,217.2000,219.7400,3778558,1.000000
2016-12-29,tsla,218.5600,219.2000,214.1230,214.6800,4044126,1.000000
2016-12-30,tsla,216.3000,217.5000,211.6800,213.6900,4641600,1.000000
2017-01-03,tsla,214.8600,220.3300,210.9600,216.9900,5910716,1.000000
2017-01-04,tsla,214.7500,228.0000,214.3100,226.9900,11204975,1.000000
2017-01-05,tsla,226.4200,227.4800,221.9500,226.7500,5909082,1.000000
2017-01-06,tsla,226.9300,230.3100,225.4500,229.0100,5524626,1.000000
2017-01-09,tsla,228.9700,231.9200,228.0000,231.2800,3975563,1.000000
2017-01-10,tsla,232.0000,232.0000,226.8900,229.8700,3659213,1.000000
2017-01-11,tsla,229.0700,229.9800,226.6800,229.7300,3649911,1.000000
2017-01-12,tsla,229.0600,230.7000,225.5800,229.5900,3788955,1.000000
2017-01-13,tsla,230.0000,237.8500,229.5900,237.7500,6085771,1.000000
2017-01-17,tsla,236.7000,239.9600,234.3700,235.5800,4615050,1.000000
2017-01-18,tsla,236.6500,239.7100,235.5800,238.3600,3767391,1.000000
2017-01-19,tsla,247.2500,248.6800,240.7500,243.7600,7718462,1.000000
2017-01-20,tsla,245.4600,246.0000,243.0100,244.7300,4199768,1.000000
2017-01-23,tsla,245.8500,250.8900,245.5000,248.9200,6262258,1.000000
2017-01-24,tsla,250.0000,254.8000,249.6500,254.6100,4958357,1.000000
2017-01-25,tsla,257.3100,258.4600,251.8000,254.4700,5145513,1.000000
2017-01-26,tsla,254.2900,255.7400,250.7500,252.5100,3145101,1.000000
2017-01-27,tsla,251.3800,253.0000,248.5200,252.9500,3162054,1.000000
2017-01-30,tsla,252.5300,255.2900,247.1000,250.6300,3798676,1.000000
2017-01-31,tsla,249.2400,255.8900,247.7000,251.9300,4112104,1.000000
2017-02-01,tsla,253.0500,253.2000,249.0500,249.2400,3954095,1.000000
2017-02-02,tsla,248.3400,252.4200,247.7100,251.5500,2498908,1.000000
2017-02-03,tsla,251.9100,252.1790,249.6800,251.3300,2185776,1.000000
2017-02-06,tsla,251.0000,257.8200,250.6300,257.7700,3557816,1.000000
2017-02-07,tsla,258.1900,260.0000,256.4200,257.4800,4244177,1.000000
2017-02-08,tsla,257.3500,263.3600,256.2000,262.0800,3912757,1.000000
2017-02-09,tsla,266.2500,271.1800,266.1500,269.2000,7814138,1.000000
2017-02-10,tsla,269.7900,270.9500,266.1100,269.2300,3618504,1.000000
2017-02-13,tsla,270.7400,280.7900,270.5100,280.6000,7023763,1.000000
2017-02-14,tsla,279.0300,287.3900,278.6100,280.9800,7341810,1.000000
2017-02-15,tsla,280.0000,282.2400,276.4400,279.7600,4944122,1.000000
2017-02-16,tsla,277.6000,280.0000,268.5000,268.9500,7065396,1.000000
2017-02-17,tsla,265.8000,272.8900,264.1500,272.2300,6251956,1.000000
2017-02-21,tsla,275.4500,281.4000,274.0100,277.3900,5651836,1.000000
2017-02-22,tsla,280.3100,283.4500,272.6000,273.5100,8602851,1.000000
2017-02-23,tsla,264.0000,264.6600,255.5600,255.9900,14878086,1.000000
2017-02-24,tsla,252.6600,258.2500,250.2000,257.0000,8167355,1.000000
2017-02-27,tsla,248.1700,248.3600,242.0100,246.2300,11450514,1.000000
2017-02-28,tsla,244.1900,251.0000,243.9000,249.9900,6074424,1.000000
2017-03-01,tsla,254.1800,254.8500,249.1100,250.0200,4805848,1.000000
2017-03-02,tsla,249.7100,253.2800,248.2700,250.4800,3347516,1.000000
2017-03-03,tsla,250.7400,251.9000,249.0000,251.5700,2925724,1.000000
2017-03-06,tsla,247.9100,251.7000,247.5100,251.2100,3353668,1.000000
2017-03-07,tsla,251.9200,253.8900,248.3200,248.5900,3453382,1.000000
2017-03-08,tsla,247.0000,250.0700,245.3200,246.8700,3726783,1.000000
2017-03-09,tsla,247.6300,248.6600,243.0000,244.9000,3876494,1.000000
2017-03-10,tsla,246.2100,246.5000,243.0000,243.6900,3063597,1.000000
2017-03-13,tsla,244.8200,246.8500,242.7810,246.1700,3017484,1.000000
2017-03-14,tsla,246.1100,258.1200,246.0200,258.0000,7584187,1.000000
2017-03-15,tsla,257.0000,261.0000,254.2700,255.7300,5269259,1.000000
2017-03-16,tsla,262.4000,265.7500,259.0600,262.0500,7128235,1.000000
2017-03-17,tsla,264.0000,265.3300,261.2000,261.5000,6491530,1.000000
2017-03-20,tsla,260.6000,264.5500,258.8210,261.9200,3606762,1.000000
2017-03-21,tsla,262.8300,264.8000,250.2400,250.6800,6902300,1.000000
2017-03-22,tsla,251.5600,255.0700,250.5100,255.0100,4057146,1.000000
2017-03-23,tsla,255.3900,257.6720,253.3000,254.7800,3310724,1.000000
2017-03-24,tsla,255.7000,263.8900,255.0100,263.1600,5638640,1.000000
2017-03-27,tsla,260.6000,270.5700,259.7500,270.2200,6224347,1.000000
2017-03-28,tsla,277.0200,280.6800,275.0000,277.4500,7978794,1.000000
2017-03-29,tsla,278.3400,279.6000,275.5400,277.3800,3672562,1.000000
2017-03-30,tsla,278.0400,282.0000,277.2100,277.9200,4142278,1.000000
2017-03-31,tsla,278.7300,279.6800,276.3200,278.3000,3293699,1.000000
2017-04-03,tsla,286.9000,299.0000,284.5800,298.5200,13865945,1.000000
2017-04-04,tsla,296.8900,304.8100,294.5300,303.7000,10108558,1.000000
2017-04-05,tsla,302.0400,304.8800,294.2000,295.0000,7860797,1.000000
2017-04-06,tsla,296.8800,301.9400,294.1000,298.7000,5518319,1.000000
2017-04-07,tsla,297.5000,302.6900,297.1500,302.5400,4567680,1.000000
2017-04-10,tsla,309.1500,313.7300,308.7100,312.3900,7654039,1.000000
2017-04-11,tsla,313.3800,313.4700,305.5000,308.7100,5718176,1.000000
2017-04-12,tsla,306.3400,308.4480,296.3200,296.8400,6044688,1.000000
2017-04-13,tsla,296.7000,307.3900,295.3000,304.0000,9275821,1.000000
2017-04-17,tsla,302.7000,304.0000,298.6800,301.4400,4129415,1.000000
2017-04-18,tsla,299.7000,300.8400,297.9000,300.2500,3034851,1.000000
2017-04-19,tsla,302.4600,306.6200,302.1100,305.5200,3892074,1.000000
2017-04-20,tsla,306.5100,309.1500,300.2300,302.5100,6146032,1.000000
2017-04-21,tsla,302.0000,306.4000,300.4200,305.6000,4504156,1.000000
2017-04-24,tsla,309.2200,310.5500,306.0220,308.0300,5078530,1.000000
2017-04-25,tsla,308.0000,313.9800,305.8600,313.7900,6734967,1.000000
2017-04-26,tsla,312.3700,314.5000,309.0000,310.1700,4689098,1.000000
2017-04-27,tsla,311.6900,313.0900,307.5000,308.6300,3463268,1.000000
2017-04-28,tsla,309.8300,314.8000,308.0000,314.0700,4498776,1.000000
2017-05-01,tsla,314.8800,327.2500,314.8100,322.8300,8821106,1.000000
2017-05-02,tsla,324.0000,327.6600,316.5600,318.8900,5317939,1.000000
2017-05-03,tsla,317.6700,321.5300,310.4500,311.0200,6906462,1.000000
2017-05-04,tsla,307.4350,307.7700,290.7600,295.4600,14138529,1.000000
2017-05-05,tsla,298.0000,308.5500,296.8000,308.3500,8160778,1.000000
2017-05-08,tsla,310.9000,313.7900,305.8200,307.1900,7003468,1.000000
2017-05-09,tsla,309.3800,321.9900,309.1000,321.2600,9664729,1.000000
2017-05-10,tsla,321.5600,325.5000,318.1200,325.2200,5735245,1.000000
2017-05-11,tsla,323.4000,326.0000,319.6000,323.1000,4747713,1.000000
2017-05-12,tsla,325.4800,327.0000,321.5300,324.8100,4118660,1.000000
2017-05-15,tsla,318.3800,320.2000,312.5300,315.8800,7607513,1.000000
2017-05-16,tsla,317.5900,320.0600,315.1400,317.0100,4141969,1.000000
2017-05-17,tsla,314.3900,314.6300,305.5000,306.1100,6696073,1.000000
2017-05-18,tsla,307.0000,313.9400,305.3100,313.0600,5648401,1.000000
2017-05-19,tsla,315.5000,316.5000,310.2000,310.8300,4658598,1.000000
2017-05-22,tsla,312.8000,314.3700,306.8000,310.3500,4324962,1.000000
2017-05-23,tsla,310.4600,310.7300,303.4800,303.8600,4315220,1.000000
2017-05-24,tsla,306.5100,311.0000,305.4000,310.2200,5036986,1.000000
2017-05-25,tsla,311.0200,316.9700,307.8100,316.8300,5004038,1.000000
2017-05-26,tsla,317.2800,325.4900,316.3100,325.1400,7795274,1.000000
2017-05-30,tsla,326.0000,336.2800,325.7600,335.1000,7772629,1.000000
2017-05-31,tsla,337.6900,342.8900,335.1600,341.0100,9937629,1.000000
2017-06-01,tsla,344.0000,344.8800,337.2900,340.3700,7602583,1.000000
2017-06-02,tsla,339.7700,342.8800,335.9300,339.8500,5584025,1.000000
2017-06-05,tsla,338.5000,348.4400,334.2100,347.3200,6770516,1.000000
2017-06-06,tsla,344.7000,359.4930,339.9700,352.8500,11059386,1.000000
2017-06-07,tsla,356.3400,360.5000,355.1400,359.6500,9352288,1.000000
2017-06-08,tsla,363.7500,371.9000,360.2200,370.0000,9030052,1.000000
2017-06-09,tsla,374.4200,376.8700,354.8000,357.3200,17251584,1.000000
2017-06-12,tsla,357.9900,364.5000,350.6200,359.0100,10508261,1.000000
2017-06-13,tsla,367.6200,376.0000,366.6100,375.9500,11778111,1.000000
2017-06-14,tsla,381.0850,384.2500,376.3100,380.6600,12783558,1.000000
2017-06-15,tsla,372.5000,375.4600,366.4900,375.3400,10416088,1.000000
2017-06-16,tsla,377.9750,378.0100,370.1000,371.4000,6350378,1.000000
2017-06-19,tsla,375.0000,376.7000,367.8000,369.8000,6472928,1.000000
2017-06-20,tsla,376.6700,378.8800,369.7300,372.2400,7421638,1.000000
2017-06-21,tsla,374.3500,376.9900,368.0200,376.4000,4918166,1.000000
2017-06-22,tsla,377.9900,385.0000,373.5700,382.6100,7514282,1.000000
2017-06-23,tsla,382.4500,386.9900,379.3450,383.4500,6426666,1.000000
2017-06-26,tsla,386.6900,386.9500,373.1000,377.4900,6597603,1.000000
2017-06-27,tsla,376.4000,376.4000,362.0200,362.3700,6979954,1.000000
2017-06-28,tsla,366.6800,371.7400,362.5200,371.2400,6293162,1.000000
2017-06-29,tsla,370.6100,371.0000,354.1000,360.7500,8204552,1.000000
2017-06-30,tsla,363.7100,366.7670,359.6190,361.6100,5826818,1.000000
2017-07-03,tsla,370.2400,371.3500,351.5000,352.6200,6305401,1.000000
2017-07-05,tsla,347.2000,347.2400,326.3300,327.0900,17005963,1.000000
2017-07-06,tsla,317.2600,320.7900,306.3000,308.8300,19275954,1.000000
2017-07-07,tsla,313.5000,317.0000,307.3800,313.2200,14134892,1.000000
2017-07-10,tsla,312.9000,317.9400,303.1300,316.0500,13780268,1.000000
2017-07-11,tsla,316.0000,327.2800,314.3000,327.2200,11528193,1.000000
2017-07-12,tsla,330.4000,333.1000,324.5000,329.5200,10323843,1.000000
2017-07-13,tsla,330.1100,331.6000,319.9700,323.4100,8583086,1.000000
2017-07-14,tsla,323.1900,328.4200,321.2200,327.7800,5608043,1.000000
2017-07-17,tsla,325.5400,327.1000,313.4500,319.5700,9830078,1.000000
2017-07-18,tsla,317.5000,329.1300,315.6600,328.2400,6365551,1.000000
2017-07-19,tsla,328.2300,331.6500,323.2190,325.2600,6348887,1.000000
2017-07-20,tsla,326.9000,330.2200,324.2000,329.9200,5145881,1.000000
2017-07-21,tsla,329.4600,331.2580,325.8000,328.4000,4871775,1.000000
2017-07-24,tsla,330.2400,343.3990,330.0100,342.5200,8599011,1.000000
2017-07-25,tsla,345.0000,345.6000,334.1500,339.6000,6980113,1.000000
2017-07-26,tsla,340.3600,345.5000,338.1200,343.8500,4810519,1.000000
2017-07-27,tsla,346.0000,347.5000,326.2900,334.4600,8286495,1.000000
2017-07-28,tsla,336.8900,339.6000,332.5100,335.0700,4873053,1.000000
2017-07-31,tsla,335.5000,341.4900,321.0400,323.4700,8526933,1.000000
2017-08-01,tsla,323.0000,324.4500,316.1300,319.5700,8287814,1.000000
2017-08-02,tsla,318.9400,327.1200,311.2200,325.8900,12091303,1.000000
2017-08-03,tsla,345.3300,350.0000,343.1500,347.0900,13526360,1.000000
2017-08-04,tsla,347.0000,357.2700,343.3000,356.9100,9238520,1.000000
2017-08-07,tsla,357.3500,359.4800,352.7500,355.1700,6309779,1.000000
2017-08-08,tsla,357.5300,368.5800,357.4000,365.2200,7432673,1.000000
2017-08-09,tsla,361.0000,370.0000,358.9500,363.5300,6882093,1.000000
2017-08-10,tsla,361.6000,366.6500,354.6600,355.4000,7069015,1.000000
2017-08-11,tsla,356.9700,361.2600,353.6200,357.8700,4358686,1.000000
2017-08-14,tsla,364.6300,367.6600,362.6000,363.8000,4508389,1.000000
2017-08-15,tsla,365.2000,365.4900,359.3700,362.3300,3077200,1.000000
2017-08-16,tsla,363.0000,366.5000,362.5200,362.9100,3406736,1.000000
2017-08-17,tsla,361.2100,363.3000,351.5900,351.9200,5011609,1.000000
2017-08-18,tsla,352.9100,354.0000,345.8000,347.4600,5397864,1.000000
2017-08-21,tsla,345.8200,345.8200,331.8500,337.8600,6490288,1.000000
2017-08-22,tsla,341.1300,342.2400,337.3730,341.3500,4315392,1.000000
2017-08-23,tsla,338.9900,353.4900,338.3040,352.7700,4942609,1.000000
2017-08-24,tsla,352.5200,356.6600,349.7400,352.9300,4576004,1.000000
2017-08-25,tsla,354.2400,355.6900,347.3000,348.0500,3475491,1.000000
2017-08-28,tsla,347.2800,347.3500,339.7200,345.6600,3749288,1.000000
2017-08-29,tsla,339.4800,349.0500,338.7500,347.3600,4069377,1.000000
2017-08-30,tsla,349.6700,353.4700,347.0000,353.1800,3404219,1.000000
2017-08-31,tsla,353.5500,358.4400,352.8200,355.9000,4065690,1.000000
2017-09-01,tsla,356.1200,357.5900,353.6900,355.4000,3048895,1.000000
2017-09-05,tsla,353.8000,355.4900,345.8900,349.5900,3843028,1.000000
2017-09-06,tsla,349.5000,350.9790,341.5600,344.5300,4082901,1.000000
2017-09-07,tsla,345.9800,352.4800,343.4500,350.6100,4235606,1.000000
2017-09-08,tsla,348.9900,349.7800,342.3000,343.4000,3261389,1.000000
2017-09-11,tsla,351.3500,363.7100,350.0000,363.6900,7651647,1.000000
2017-09-12,tsla,364.4900,368.7600,360.4000,362.7500,5966716,1.000000
2017-09-13,tsla,363.8200,368.0700,359.5900,366.2300,4172033,1.000000
2017-09-14,tsla,364.3300,377.9600,362.6300,377.6400,7171437,1.000000
2017-09-15,tsla,374.5100,380.0000,372.7000,379.8100,5409018,1.000000
2017-09-18,tsla,380.2500,389.6100,377.6800,385.0000,7179387,1.000000
2017-09-19,tsla,380.0000,382.3900,373.5700,375.1000,6440275,1.000000
2017-09-20,tsla,373.0000,378.2490,371.0700,373.9100,4910883,1.000000
2017-09-21,tsla,374.9000,376.8300,364.5100,366.4800,4612621,1.000000
2017-09-22,tsla,366.4900,369.9000,350.8800,351.0900,8144339,1.000000
2017-09-25,tsla,353.1500,357.4690,342.8800,344.9900,7587395,1.000000
2017-09-26,tsla,350.9300,351.2400,340.9000,345.2500,7150632,1.000000
2017-09-27,tsla,349.9000,351.4890,340.5000,340.9700,6029596,1.000000
2017-09-28,tsla,339.8800,342.7500,335.4000,339.6000,5311877,1.000000
2017-09-29,tsla,341.8600,344.6800,338.6010,341.1000,5099112,1.000000
2017-10-02,tsla,342.5200,343.7000,335.5100,341.5300,5243628,1.000000
2017-10-03,tsla,335.9000,348.5500,331.2800,348.1400,10126541,1.000000
2017-10-04,tsla,351.2500,358.6200,349.6000,355.0100,8148594,1.000000
2017-10-05,tsla,356.0000,357.4350,351.3500,355.3300,4168161,1.000000
2017-10-06,tsla,353.1000,360.0990,352.2500,356.8800,4277978,1.000000
2017-10-09,tsla,349.6500,351.7500,342.6700,342.9400,7464351,1.000000
2017-10-10,tsla,346.8000,355.6300,345.5310,355.5900,6972552,1.000000
2017-10-11,tsla,353.8900,357.6000,351.1500,354.6000,4495328,1.000000
2017-10-12,tsla,352.9500,359.7800,352.6400,355.6800,4075519,1.000000
2017-10-13,tsla,356.9800,358.4900,353.6800,355.5700,3538958,1.000000
2017-10-16,tsla,353.7600,354.4800,347.1600,350.6000,5373410,1.000000
2017-10-17,tsla,350.9100,356.2200,350.0700,355.7500,3290317,1.000000
2017-10-18,tsla,355.9700,363.0000,354.1300,359.6500,4936166,1.000000
2017-10-19,tsla,355.5600,357.1470,348.2000,351.8100,5056722,1.000000
2017-10-20,tsla,352.6900,354.5500,344.3400,345.1000,4926667,1.000000
2017-10-23,tsla,349.8800,349.9500,336.2500,337.0200,5740366,1.000000
2017-10-24,tsla,338.8000,342.8000,336.1600,337.3400,4488426,1.000000
2017-10-25,tsla,336.7000,337.5000,323.5600,325.8400,8584204,1.000000
2017-10-26,tsla,327.7800,330.2300,323.2000,326.1700,5012087,1.000000
2017-10-27,tsla,319.7500,324.5900,316.6600,320.8700,6970118,1.000000
2017-10-30,tsla,319.1800,323.7800,317.2500,320.0800,4248469,1.000000
2017-10-31,tsla,320.2300,331.9500,320.1800,331.5300,5650976,1.000000
2017-11-01,tsla,332.2500,332.6090,320.2600,321.0800,8280256,1.000000
2017-11-02,tsla,300.1300,308.6900,292.6300,299.2600,19775094,1.000000
2017-11-03,tsla,299.5000,306.2500,295.1300,306.0900,8887722,1.000000
2017-11-06,tsla,307.0000,307.5000,299.0100,302.7800,6482486,1.000000
2017-11-07,tsla,301.0200,306.5000,300.0300,306.0500,5286320,1.000000
2017-11-08,tsla,305.5000,306.8900,301.3000,304.3900,4725510,1.000000
2017-11-09,tsla,302.5000,304.4600,296.3000,302.9900,5440335,1.000000
2017-11-10,tsla,302.5000,308.3600,301.8500,302.9900,4621912,1.000000
2017-11-13,tsla,300.1300,316.8000,299.1100,315.4000,7574542,1.000000
2017-11-14,tsla,315.0000,316.3500,306.9000,308.7000,5665443,1.000000
2017-11-15,tsla,306.0100,312.4900,301.5000,311.3000,5952184,1.000000
2017-11-16,tsla,313.9900,318.1400,311.3000,312.5000,5798345,1.000000
2017-11-17,tsla,325.6700,326.6700,313.1500,315.0500,13721789,1.000000
2017-11-20,tsla,313.7900,315.5000,304.7500,308.7400,8242039,1.000000
2017-11-21,tsla,310.8600,318.2300,308.7100,317.8100,7257275,1.000000
2017-11-22,tsla,316.7700,317.4200,311.8400,312.6000,4913901,1.000000
2017-11-24,tsla,313.7900,316.4100,311.0000,315.5500,3244065,1.000000
2017-11-27,tsla,313.2500,317.3400,309.5100,316.8100,4538846,1.000000
2017-11-28,tsla,316.3600,320.0000,313.9200,317.5500,4941769,1.000000
2017-11-29,tsla,317.3000,318.0000,301.2300,307.5400,8757929,1.000000
2017-11-30,tsla,308.5600,310.7000,304.5400,308.8500,4346670,1.000000
2017-12-01,tsla,305.4400,310.3200,305.0500,306.5300,4286223,1.000000
2017-12-04,tsla,306.5000,308.2650,300.6100,305.2000,5834325,1.000000
2017-12-05,tsla,302.0000,308.0000,301.0000,303.7000,4643833,1.000000
2017-12-06,tsla,300.1000,313.3900,300.0000,313.2600,7185928,1.000000
2017-12-07,tsla,312.0000,318.6340,311.0500,311.2400,4779610,1.000000
2017-12-08,tsla,314.6000,316.9800,311.2600,315.1300,3466248,1.000000
2017-12-11,tsla,314.6300,329.0100,313.7500,328.9100,7927990,1.000000
2017-12-12,tsla,330.4500,341.4400,330.0300,341.0300,8716115,1.000000
2017-12-13,tsla,340.9300,344.2200,336.5000,339.0300,6217894,1.000000
2017-12-14,tsla,341.0100,347.4400,336.9000,337.8900,5792456,1.000000
2017-12-15,tsla,342.0400,343.9000,335.7600,343.4500,6924404,1.000000
2017-12-18,tsla,344.9000,346.7300,337.5800,338.8700,5467312,1.000000
2017-12-19,tsla,340.2600,341.4930,330.3000,331.1000,6821279,1.000000
2017-12-20,tsla,332.6900,333.1000,325.0400,328.9800,5950570,1.000000
2017-12-21,tsla,329.5900,333.7400,327.2100,331.6600,4371165,1.000000
2017-12-22,tsla,329.5100,330.9210,324.8200,325.2000,4207810,1.000000
2017-12-26,tsla,323.8300,323.9400,316.5800,317.2900,4369962,1.000000
2017-12-27,tsla,316.0000,317.6800,310.7500,311.6400,4705206,1.000000
2017-12-28,tsla,311.7500,315.8200,309.5400,315.3600,4307205,1.000000
2017-12-29,tsla,316.1800,316.4100,310.0000,311.3500,3771138,1.000000
2018-01-02,tsla,312.0000,322.1100,311.0000,320.5300,4345885,1.000000
2018-01-03,tsla,321.0000,325.2500,315.5500,317.2500,4459558,1.000000
2018-01-04,tsla,312.8700,318.5500,305.6800,314.6200,9946284,1.000000
2018-01-05,tsla,316.6200,317.2400,312.0000,316.5800,4589244,1.000000
2018-01-08,tsla,316.0000,337.0200,315.5000,336.4100,9837045,1.000000
2018-01-09,tsla,335.1600,338.8000,327.4050,333.6900,7134637,1.000000
2018-01-10,tsla,332.2000,337.0000,330.0000,334.8000,4304647,1.000000
2018-01-11,tsla,335.2400,344.8100,333.2600,337.9500,6641631,1.000000
2018-01-12,tsla,338.6300,340.4100,333.6700,336.2200,4822781,1.000000
2018-01-16,tsla,337.5400,345.0000,334.8000,340.0600,6430106,1.000000
2018-01-17,tsla,340.4700,349.0000,339.7500,347.1600,7095099,1.000000
2018-01-18,tsla,345.6700,352.3000,343.7400,344.5700,5680005,1.000000
2018-01-19,tsla,345.0000,350.5900,342.6000,350.0200,4871475,1.000000
2018-01-22,tsla,349.4000,357.8300,349.2000,351.5600,6204101,1.000000
2018-01-23,tsla,360.0000,360.5000,351.0000,352.7900,5452533,1.000000
2018-01-24,tsla,354.5800,354.7500,343.5200,345.8900,5277966,1.000000
2018-01-25,tsla,348.2700,349.2000,336.4000,337.6400,6727392,1.000000
2018-01-26,tsla,341.5000,344.0000,335.7100,342.8500,4535470,1.000000
2018-01-29,tsla,339.8500,350.8500,338.2800,349.5300,4740277,1.000000
2018-01-30,tsla,345.1400,348.2700,342.1700,345.8200,4710880,1.000000
2018-01-31,tsla,347.5100,356.1900,345.1900,354.3100,6199503,1.000000
2018-02-01,tsla,351.0000,359.6600,348.6300,349.2500,4190832,1.000000
2018-02-02,tsla,348.4400,351.9500,340.5100,343.7500,3696510,1.000000
2018-02-05,tsla,337.9700,344.4700,333.0000,333.1300,4442285,1.000000
2018-02-06,tsla,325.2100,336.2200,323.5000,333.9700,5081115,1.000000
2018-02-07,tsla,338.9900,346.0000,335.6600,345.0000,6780903,1.000000
2018-02-08,tsla,343.3100,348.6200,314.6000,315.2300,10298227,1.000000
2018-02-09,tsla,319.9300,320.9850,294.7600,310.4200,12924936,1.000000
2018-02-12,tsla,316.1300,318.0800,306.2500,315.7300,6225218,1.000000
2018-02-13,tsla,315.0200,324.1900,312.5110,323.6600,4555060,1.000000
2018-02-14,tsla,320.8400,326.1700,318.5200,322.3100,3948395,1.000000
2018-02-15,tsla,324.5000,334.1200,322.4000,334.0650,5910807,1.000000
2018-02-16,tsla,332.5000,343.1200,331.6400,335.4900,5640492,1.000000
2018-02-20,tsla,334.4700,340.8400,331.5000,334.7700,4007090,1.000000
2018-02-21,tsla,336.0300,339.6930,333.1700,333.3000,3207469,1.000000
2018-02-22,tsla,335.5300,347.4400,334.7500,346.1700,6962268,1.000000
2018-02-23,tsla,347.8300,354.9900,347.1000,352.0500,5814438,1.000000
2018-02-26,tsla,353.5000,359.0000,352.3550,357.4200,4334996,1.000000
2018-02-27,tsla,356.2500,359.9900,350.0100,350.9900,4786196,1.000000
2018-02-28,tsla,352.5700,355.2400,342.2200,343.0600,6066689,1.000000
2018-03-01,tsla,345.0100,348.6700,330.0700,330.9300,6875496,1.000000
2018-03-02,tsla,326.9800,335.2200,322.9700,335.1200,5089519,1.000000
2018-03-05,tsla,332.3900,337.7500,329.2930,333.3500,3821881,1.000000
2018-03-06,tsla,333.7500,336.3700,327.0300,328.2000,4248786,1.000000
2018-03-07,tsla,325.4400,332.5000,321.7400,332.3000,5004885,1.000000
2018-03-08,tsla,332.8600,333.3000,326.2740,329.1000,3526218,1.000000
2018-03-09,tsla,324.1000,328.4900,322.3700,327.1700,5503566,1.000000
2018-03-12,tsla,328.6100,347.2100,326.5000,345.5100,8253817,1.000000
2018-03-13,tsla,344.9200,345.1200,336.2640,341.8400,5961001,1.000000
2018-03-14,tsla,336.7600,339.8100,323.9300,326.6300,7952956,1.000000
2018-03-15,tsla,329.3800,332.8500,321.1000,325.6000,6556166,1.000000
2018-03-16,tsla,325.9600,327.4000,319.0700,321.3500,6113757,1.000000
2018-03-19,tsla,316.5000,320.7500,309.6700,313.5600,7469620,1.000000
2018-03-20,tsla,314.8700,316.2500,308.7600,310.5500,4761345,1.000000
2018-03-21,tsla,310.2500,322.4400,310.1900,316.5300,5954328,1.000000
2018-03-22,tsla,313.8900,318.8200,308.1800,309.1000,4925554,1.000000
2018-03-23,tsla,311.2500,311.6100,300.4500,301.5400,6641168,1.000000
2018-03-26,tsla,307.3400,307.5900,291.3600,304.1800,8366062,1.000000
2018-03-27,tsla,304.0000,304.2700,277.1800,279.1800,13796191,1.000000
2018-03-28,tsla,264.5800,268.6800,252.1000,257.7800,20966032,1.000000
2018-03-29,tsla,256.4900,270.9600,248.2100,266.1300,15015363,1.000000
2018-04-02,tsla,256.2600,260.3320,244.5900,252.4800,16099019,1.000000
2018-04-03,tsla,269.8200,273.3500,254.4900,267.5300,18830504,1.000000
2018-04-04,tsla,252.7800,288.3700,252.0000,286.9400,19882378,1.000000
2018-04-05,tsla,289.3400,306.2600,288.2000,305.7200,19026482,1.000000
2018-04-06,tsla,301.0000,309.2800,295.5000,299.3000,13517010,1.000000
2018-04-09,tsla,300.3700,309.5000,289.2100,289.6600,10242496,1.000000
2018-04-10,tsla,298.9700,307.1000,293.6800,304.7000,11017239,1.000000
2018-04-11,tsla,300.7400,308.9800,299.6600,300.9300,7471398,1.000000
2018-04-12,tsla,302.3200,303.9500,293.6800,294.0800,7596683,1.000000
2018-04-13,tsla,303.6000,303.9500,295.9800,300.3400,7319762,1.000000
2018-04-16,tsla,299.0000,299.6600,289.0100,291.2100,6291573,1.000000
2018-04-17,tsla,288.8700,292.1700,282.5100,287.6900,6934161,1.000000
2018-04-18,tsla,291.0800,300.2400,288.1600,293.3500,6532250,1.000000
2018-04-19,tsla,291.0800,301.0100,288.5500,300.0800,6084531,1.000000
2018-04-20,tsla,295.1700,299.9800,289.7500,290.2400,5623596,1.000000
2018-04-23,tsla,291.2900,291.6200,282.3300,283.3700,4884173,1.000000
2018-04-24,tsla,285.0000,287.0900,278.4600,283.4600,5679052,1.000000
2018-04-25,tsla,283.5000,285.1600,277.2500,280.6900,4004953,1.000000
2018-04-26,tsla,278.7500,285.7900,276.5000,285.4800,4349268,1.000000
2018-04-27,tsla,285.3700,294.4700,283.8300,294.0750,4351854,1.000000
2018-04-30,tsla,293.6100,298.7300,292.5000,293.9000,4224281,1.000000
2018-05-01,tsla,293.5100,300.8200,293.2200,299.9200,4615661,1.000000
2018-05-02,tsla,298.5700,306.8500,297.7840,301.1500,8406689,1.000000
2018-05-03,tsla,278.7900,288.0400,275.2300,284.4500,17342015,1.000000
2018-05-04,tsla,283.0000,296.8600,279.5200,294.0900,8566007,1.000000
2018-05-07,tsla,297.5000,305.9590,295.1700,302.7700,8675525,1.000000
2018-05-08,tsla,300.7950,307.7500,299.0000,301.9700,5927614,1.000000
2018-05-09,tsla,300.4100,307.0100,300.0500,306.8500,5713780,1.000000
2018-05-10,tsla,307.5000,312.9900,304.1120,305.0200,5644455,1.000000
2018-05-11,tsla,307.7000,308.8800,299.0800,301.0600,4666428,1.000000
2018-05-14,tsla,303.3200,304.9400,291.6200,291.9700,7269548,1.000000
2018-05-15,tsla,285.0100,286.9600,280.5000,284.1800,9511009,1.000000
2018-05-16,tsla,283.8300,288.8100,281.5600,286.4800,5670666,1.000000
2018-05-17,tsla,285.9000,289.1870,283.9700,284.5400,4418613,1.000000
2018-05-18,tsla,284.6500,284.6500,274.0000,276.8200,7244907,1.000000
2018-05-21,tsla,281.3300,291.4900,281.3000,284.4900,9168450,1.000000
2018-05-22,tsla,287.7620,288.0000,273.4220,275.0100,8939034,1.000000
2018-05-23,tsla,277.7600,279.9100,274.0000,279.0700,5972529,1.000000
2018-05-24,tsla,278.4000,281.1100,274.8900,277.8500,4171971,1.000000
2018-05-25,tsla,277.6250,279.6400,275.6100,278.8500,3872693,1.000000
2018-05-29,tsla,278.5100,286.5000,276.1500,283.7600,5658630,1.000000
2018-05-30,tsla,283.2900,295.0050,281.6000,291.7200,7475700,1.000000
2018-05-31,tsla,287.2100,290.3700,282.9300,284.7300,5913662,1.000000
2018-06-01,tsla,285.8600,291.9500,283.8390,291.8200,5418377,1.000000
2018-06-04,tsla,294.3400,299.0000,293.5480,296.7400,4794540,1.000000
2018-06-05,tsla,297.7000,297.8000,286.7400,291.1300,5879299,1.000000
2018-06-06,tsla,300.5000,322.1700,297.4800,319.5000,18747734,1.000000
2018-06-07,tsla,316.1500,330.0000,313.5800,316.0900,14336989,1.000000
2018-06-08,tsla,319.0000,324.4800,317.1500,317.6600,8193529,1.000000
2018-06-11,tsla,322.5100,334.6600,322.5000,332.1000,13167481,1.000000
2018-06-12,tsla,344.7000,354.9700,338.0000,342.7700,22325478,1.000000
2018-06-13,tsla,346.7060,347.2000,339.8000,344.7800,9410057,1.000000
2018-06-14,tsla,347.6300,358.7500,346.6000,357.7200,10965269,1.000000
2018-06-15,tsla,353.8400,364.6700,351.2500,358.1700,10831914,1.000000
2018-06-18,tsla,355.4000,373.7300,354.5000,370.8300,12033357,1.000000
2018-06-19,tsla,365.1600,370.0000,346.2500,352.5500,12737216,1.000000
2018-06-20,tsla,358.0400,364.3800,352.0000,362.2200,8372872,1.000000
2018-06-21,tsla,362.0000,366.2140,346.2700,347.5100,7952013,1.000000
2018-06-22,tsla,351.5400,352.2500,332.0000,333.6300,10254847,1.000000
2018-06-25,tsla,330.1200,338.4700,327.5000,333.0100,6925312,1.000000
2018-06-26,tsla,336.0540,343.5500,325.7990,342.0000,7436979,1.000000
2018-06-27,tsla,345.0000,350.7900,339.5000,344.5000,8319089,1.000000
2018-06-28,tsla,348.6600,357.0200,346.1100,349.9300,8389797,1.000000
2018-06-29,tsla,353.3300,353.8600,342.4100,342.9500,6478515,1.000000
2018-07-02,tsla,360.0700,364.7800,329.8500,335.0700,18737757,1.000000
2018-07-03,tsla,331.7500,332.4900,309.6900,310.8600,12282638,1.000000
2018-07-05,tsla,313.7600,314.3900,296.2200,309.1600,17459736,1.000000
2018-07-06,tsla,304.9550,312.0700,302.0000,308.9000,8861498,1.000000
2018-07-09,tsla,311.9900,318.5200,308.0000,318.5100,7579772,1.000000
2018-07-10,tsla,324.5600,327.6770,319.2000,322.4700,9440981,1.000000
2018-07-11,tsla,315.8000,321.9400,315.0700,318.9600,4879262,1.000000
2018-07-12,tsla,321.4300,323.2300,312.7700,316.7100,5713320,1.000000
2018-07-13,tsla,315.5800,319.5850,309.2500,318.8700,5867225,1.000000
2018-07-16,tsla,311.7100,315.1600,306.2500,310.1000,7807041,1.000000
2018-07-17,tsla,308.8100,324.7400,308.5000,322.6900,6988130,1.000000
2018-07-18,tsla,325.0000,325.5000,316.2500,323.8500,5614797,1.000000
2018-07-19,tsla,316.3300,323.5400,314.0100,320.2300,5908738,1.000000
2018-07-20,tsla,321.2300,323.2400,311.7090,313.5800,5161579,1.000000
2018-07-23,tsla,301.8400,305.5000,292.8600,303.2000,10976000,1.000000
2018-07-24,tsla,304.4210,307.7170,292.5450,297.4300,9586757,1.000000
2018-07-25,tsla,296.7400,309.6200,294.5030,308.7400,7043663,1.000000
2018-07-26,tsla,304.8500,310.7000,303.6410,306.6500,4623244,1.000000
2018-07-27,tsla,307.2500,307.6930,295.3400,297.1800,5696138,1.000000
2018-07-30,tsla,295.9000,296.1000,286.1300,290.1700,6802621,1.000000
2018-07-31,tsla,292.2500,298.3200,289.0700,298.1400,5059001,1.000000
2018-08-01,tsla,297.9900,303.0000,293.0000,300.8400,9027697,1.000000
2018-08-02,tsla,328.4400,349.9900,323.1600,349.5400,23165061,1.000000
2018-08-03,tsla,347.8100,355.0000,342.5300,348.1700,13647512,1.000000
2018-08-06,tsla,345.4600,354.9800,341.8200,341.9900,8539481,1.000000
2018-08-07,tsla,343.8400,387.4600,339.1500,379.5700,30642641,1.000000
2018-08-08,tsla,369.0900,382.6400,367.1200,370.3400,24545128,1.000000
2018-08-09,tsla,365.5500,367.0100,345.7300,352.4500,17030202,1.000000
2018-08-10,tsla,354.0000,360.0000,346.0000,355.4900,11533517,1.000000
2018-08-13,tsla,361.1300,363.1900,349.0200,356.4100,10446900,1.000000
2018-08-14,tsla,358.4500,359.2000,347.1000,347.6400,6956262,1.000000
2018-08-15,tsla,341.9060,344.4900,332.1400,338.6900,9076343,1.000000
2018-08-16,tsla,339.9100,342.2800,333.8200,335.4500,6046530,1.000000
2018-08-17,tsla,323.5000,326.7700,303.5300,305.5000,18902585,1.000000
2018-08-20,tsla,291.7040,308.5000,288.2000,308.4400,17383601,1.000000
2018-08-21,tsla,310.6100,324.7900,309.0000,321.9000,13150395,1.000000
2018-08-22,tsla,320.8700,323.8800,314.6700,321.6400,5937221,1.000000
2018-08-23,tsla,319.1400,327.3200,318.1000,320.1000,5141375,1.000000
2018-08-24,tsla,320.7000,323.8500,319.4000,322.8200,3592946,1.000000
2018-08-27,tsla,318.0000,322.4350,308.8100,319.2700,13067564,1.000000
2018-08-28,tsla,318.4100,318.8800,311.1900,311.8600,7639982,1.000000
2018-08-29,tsla,310.2700,311.8500,303.6900,305.0100,7413052,1.000000
2018-08-30,tsla,302.2600,304.6000,297.7200,303.1500,7211479,1.000000
2018-08-31,tsla,302.0000,305.3080,298.6000,301.6600,5367819,1.000000
2018-09-04,tsla,296.9400,298.1900,288.0000,288.9500,8307038,1.000000
2018-09-05,tsla,285.0500,286.7800,277.1800,280.7400,7707521,1.000000
2018-09-06,tsla,284.8000,291.1700,278.8800,280.9500,7474510,1.000000
2018-09-07,tsla,260.1000,268.3500,252.2550,263.2400,22446142,1.000000
2018-09-10,tsla,273.2600,286.0300,271.0000,285.5000,14238100,1.000000
2018-09-11,tsla,279.4700,282.0000,273.5500,279.4400,9162095,1.000000
2018-09-12,tsla,281.4400,292.5000,278.6460,290.5400,10005621,1.000000
2018-09-13,tsla,288.0200,295.0000,285.1800,289.4600,6334454,1.000000
2018-09-14,tsla,288.7600,297.3260,286.5200,295.2000,6763087,1.000000
2018-09-17,tsla,290.0400,300.8700,288.1300,294.8400,6869075,1.000000
2018-09-18,tsla,296.6900,302.6400,275.5000,284.9600,16495150,1.000000
2018-09-19,tsla,280.5100,300.0000,280.5000,299.0200,8284517,1.000000
2018-09-20,tsla,303.5600,305.9800,293.3300,298.3300,7334492,1.000000
2018-09-21,tsla,297.7000,300.5800,295.3700,299.1000,5039899,1.000000
2018-09-24,tsla,298.4800,302.9990,293.5800,299.6800,4834446,1.000000
2018-09-25,tsla,300.0000,304.6000,296.5000,300.9900,4472633,1.000000
2018-09-26,tsla,301.9100,313.8900,301.1090,309.5800,7836100,1.000000
2018-09-27,tsla,312.9000,314.9600,306.9100,307.5200,7552874,1.000000
2018-09-28,tsla,270.2600,278.0000,260.5550,264.7700,33604882,1.000000
2018-10-01,tsla,305.7700,311.4400,301.0500,310.7000,21717937,1.000000
2018-10-02,tsla,313.9500,316.8400,299.1500,301.0200,11701531,1.000000
2018-10-03,tsla,303.3300,304.6000,291.5700,294.8000,7983528,1.000000
2018-10-04,tsla,293.9500,294.0000,277.6700,281.8300,9676244,1.000000
2018-10-05,tsla,274.6500,274.8800,260.0000,261.9500,17905511,1.000000
2018-10-08,tsla,264.5200,267.7600,249.0000,250.5600,13387505,1.000000
2018-10-09,tsla,255.2500,266.7700,253.3000,262.8000,12040633,1.000000
2018-10-10,tsla,264.6100,265.5100,247.7700,256.8800,12785755,1.000000
2018-10-11,tsla,257.5300,262.2500,249.0300,252.2300,8129452,1.000000
2018-10-12,tsla,261.0000,261.9900,252.0100,258.7800,7190023,1.000000
2018-10-15,tsla,259.0600,263.2800,254.5370,259.5900,6189844,1.000000
2018-10-16,tsla,265.7000,277.3750,262.2400,276.5900,9502957,1.000000
2018-10-17,tsla,282.4000,282.7000,265.8030,271.7800,8640226,1.000000
2018-10-18,tsla,269.2900,271.0000,263.0000,263.9100,5402553,1.000000
2018-10-19,tsla,267.3900,269.6600,253.5000,260.0000,9365451,1.000000
2018-10-22,tsla,260.6800,261.8600,252.5900,260.9500,5596630,1.000000
2018-10-23,tsla,263.8700,297.9300,262.1000,294.1400,18961756,1.000000
2018-10-24,tsla,301.0500,304.4400,285.7300,288.5000,19511264,1.000000
2018-10-25,tsla,317.2200,321.0000,301.0100,314.8600,20783429,1.000000
2018-10-26,tsla,308.2500,339.9000,306.6500,330.9000,27383195,1.000000
2018-10-29,tsla,337.4700,347.1600,326.5000,334.8500,14459747,1.000000
2018-10-30,tsla,328.3900,337.9000,322.2600,329.9000,9115858,1.000000
2018-10-31,tsla,332.5400,342.0000,329.1000,337.3200,7601351,1.000000
2018-11-01,tsla,338.2600,347.8400,334.7250,344.2800,7986710,1.000000
2018-11-02,tsla,343.7400,349.2000,340.9100,346.4100,7802067,1.000000
2018-11-05,tsla,340.5000,343.9550,330.1400,341.4000,7821607,1.000000
2018-11-06,tsla,339.0700,348.8000,336.0900,341.0600,6752006,1.000000
2018-11-07,tsla,343.3400,351.1800,340.8000,348.1600,7367214,1.000000
2018-11-08,tsla,348.5000,357.5760,348.4400,351.4000,7080558,1.000000
2018-11-09,tsla,349.0000,354.0000,345.2300,350.5100,5093922,1.000000
2018-11-12,tsla,348.3700,349.7800,330.3400,331.2800,6922024,1.000000
2018-11-13,tsla,333.1600,344.7000,332.2000,338.7300,5425476,1.000000
2018-11-14,tsla,342.7000,347.1100,337.1500,344.0000,5034419,1.000000
2018-11-15,tsla,342.3300,348.5800,339.0400,348.4400,4602246,1.000000
2018-11-16,tsla,345.1900,355.7000,345.1200,354.3100,7195050,1.000000
2018-11-19,tsla,356.3400,366.7500,352.8800,353.4700,9698776,1.000000
2018-11-20,tsla,341.7500,349.8000,333.5500,347.4900,7991801,1.000000
2018-11-21,tsla,352.0000,353.1000,337.4000,338.1900,4678085,1.000000
2018-11-23,tsla,334.3450,337.5000,325.5500,325.8300,4202642,1.000000
2018-11-26,tsla,325.0000,346.2200,325.0000,346.0000,7976404,1.000000
2018-11-27,tsla,340.0500,346.9600,335.5000,343.9200,6348888,1.000000
2018-11-28,tsla,345.9900,348.2800,342.2100,347.8700,4114518,1.000000
2018-11-29,tsla,347.0000,347.5000,339.5500,341.1700,3076052,1.000000
2018-11-30,tsla,341.8300,351.6000,338.2650,350.4800,5622258,1.000000
2018-12-03,tsla,360.0000,366.0000,352.0000,358.4900,8297319,1.000000
2018-12-04,tsla,356.0500,368.6800,352.0000,359.7000,8431116,1.000000
2018-12-06,tsla,356.0100,367.3800,350.7600,363.0600,7829788,1.000000
2018-12-07,tsla,369.0000,379.4900,357.6500,357.9650,11489465,1.000000
2018-12-10,tsla,360.0000,365.9800,353.1200,365.1500,6576868,1.000000
2018-12-11,tsla,369.9100,372.1690,360.2300,366.7600,6299010,1.000000
2018-12-12,tsla,369.4200,371.9100,365.1600,366.6000,5020026,1.000000
2018-12-13,tsla,370.1500,377.4400,366.7500,376.7900,7350944,1.000000
2018-12-14,tsla,375.0000,377.8700,364.3300,365.7100,6329835,1.000000
2018-12-17,tsla,362.0000,365.7000,343.8800,348.4200,7674008,1.000000
2018-12-18,tsla,350.5400,351.5500,333.6900,337.0300,7099999,1.000000
2018-12-19,tsla,337.6000,347.0100,329.7400,332.9700,8274181,1.000000
2018-12-20,tsla,327.0540,330.2900,311.8690,315.3800,9071858,1.000000
2018-12-21,tsla,317.4000,323.4700,312.4400,319.7700,8016801,1.000000
2018-12-24,tsla,313.5000,314.5000,295.1950,295.3900,5559913,1.000000
2018-12-26,tsla,300.0000,326.9700,294.0900,326.0900,8145089,1.000000
2018-12-27,tsla,319.8400,322.1720,301.5000,316.1300,8567820,1.000000
2018-12-28,tsla,323.1000,336.2400,318.4100,333.8700,9921743,1.000000
2018-12-31,tsla,337.7900,339.2100,325.2600,332.8000,6295871,1.000000
2019-01-02,tsla,306.1000,315.1300,298.8000,310.1200,11618732,1.000000
2019-01-03,tsla,307.0000,309.4000,297.3800,300.3600,6950091,1.000000
2019-01-04,tsla,306.0000,318.0000,302.7300,317.6900,7383930,1.000000
2019-01-07,tsla,321.7200,336.7400,317.7510,334.9600,7544439,1.000000
2019-01-08,tsla,341.9600,344.0100,327.0200,335.3500,6997692,1.000000
2019-01-09,tsla,335.5000,343.5030,331.4700,338.5300,5426679,1.000000
2019-01-10,tsla,334.4000,345.3900,331.7900,344.9700,6049921,1.000000
2019-01-11,tsla,342.0900,348.4100,338.7700,347.2600,5035779,1.000000
2019-01-14,tsla,342.3800,342.5000,334.0000,334.4000,5234471,1.000000
2019-01-15,tsla,335.0000,348.8000,334.5000,344.4300,6049044,1.000000
2019-01-16,tsla,344.7800,352.0000,343.5000,346.0500,4683485,1.000000
2019-01-17,tsla,346.2100,351.5000,344.1500,347.3100,3670010,1.000000
2019-01-18,tsla,323.0000,327.1300,299.7300,302.2600,24089156,1.000000
2019-01-22,tsla,304.8200,308.0000,295.5000,298.9200,12053960,1.000000
2019-01-23,tsla,292.5000,294.5000,281.6900,287.5900,12516039,1.000000
2019-01-24,tsla,283.0300,293.6800,279.2830,291.5100,7991525,1.000000
2019-01-25,tsla,294.3900,298.5200,289.5500,297.0400,7104614,1.000000
2019-01-28,tsla,292.9100,297.4600,287.7500,296.3800,6411146,1.000000
2019-01-29,tsla,295.2700,298.5570,291.8000,297.4600,4606019,1.000000
2019-01-30,tsla,300.4500,309.0000,298.4900,308.7700,10663582,1.000000
2019-01-31,tsla,301.0000,311.5640,294.0000,307.0200,12545885,1.000000
2019-02-01,tsla,305.4200,316.1000,303.5000,312.2100,7265292,1.000000
2019-02-04,tsla,312.9800,315.3000,301.8800,312.8900,7344380,1.000000
2019-02-05,tsla,312.4900,322.4400,312.2490,321.3500,6736313,1.000000
2019-02-06,tsla,319.5900,324.2400,315.6240,317.2200,5032082,1.000000
2019-02-07,tsla,313.3000,314.7000,303.0000,307.5100,6512901,1.000000
2019-02-08,tsla,306.8300,307.4450,298.5000,305.8000,5835194,1.000000
2019-02-11,tsla,311.6000,318.6000,310.5000,312.8400,7114332,1.000000
2019-02-12,tsla,316.2000,318.1900,309.6200,311.8100,5494895,1.000000
2019-02-13,tsla,312.3500,312.7500,305.5700,308.1700,5133082,1.000000
2019-02-14,tsla,303.3800,306.7700,301.0000,303.7700,5191257,1.000000
2019-02-15,tsla,304.5000,308.0000,303.9000,307.8800,3896522,1.000000
2019-02-19,tsla,306.5600,311.5440,305.4700,305.6400,4150753,1.000000
2019-02-20,tsla,304.4100,306.3000,299.0000,302.5600,7135538,1.000000
2019-02-21,tsla,301.8100,303.2400,290.5000,291.2300,8884856,1.000000
2019-02-22,tsla,294.4900,296.5000,292.1000,294.7100,5732151,1.000000
2019-02-25,tsla,297.9100,302.9040,297.0010,298.7700,6216024,1.000000
2019-02-26,tsla,292.2200,302.0100,288.7700,297.8600,8573773,1.000000
2019-02-27,tsla,301.7800,316.2950,300.5500,314.7400,11163419,1.000000
2019-02-28,tsla,318.9200,320.0000,310.8100,319.8800,9922919,1.000000
2019-03-01,tsla,306.9400,307.1300,291.9000,294.7900,22858820,1.000000
2019-03-04,tsla,298.1200,299.0000,282.7800,285.3600,17072437,1.000000
2019-03-05,tsla,282.0000,284.0000,270.1000,276.5400,18737338,1.000000
2019-03-06,tsla,276.4800,281.5060,274.3900,276.2400,10321582,1.000000
2019-03-07,tsla,278.8400,284.7000,274.2500,276.5900,9417620,1.000000
2019-03-08,tsla,276.9100,285.5900,275.8900,284.1400,8807408,1.000000
2019-03-11,tsla,283.5200,291.2800,280.5000,290.9200,7375899,1.000000
2019-03-12,tsla,286.4900,288.0700,281.0600,283.3600,7489413,1.000000
2019-03-13,tsla,283.9000,291.9900,282.7000,288.9600,6818756,1.000000
2019-03-14,tsla,292.4500,295.3900,288.2900,289.9600,7062865,1.000000
2019-03-15,tsla,283.5100,283.7240,274.4000,275.4300,14759657,1.000000
2019-03-18,tsla,276.0000,278.0500,267.3000,269.4900,10265829,1.000000
2019-03-19,tsla,267.5000,273.3000,263.4600,267.4700,11783786,1.000000
2019-03-20,tsla,269.6900,274.9700,266.3000,273.6000,6883175,1.000000
2019-03-21,tsla,272.6000,276.4500,268.4500,274.0200,5932314,1.000000
2019-03-22,tsla,272.5800,272.8000,264.0000,264.5300,8723411,1.000000
2019-03-25,tsla,259.7100,263.1800,254.4600,260.4200,10206618,1.000000
2019-03-26,tsla,264.4400,270.2600,264.4300,267.7700,7342738,1.000000
2019-03-27,tsla,268.7500,275.3700,268.1840,274.8300,8756663,1.000000
2019-03-28,tsla,277.1600,280.3300,275.1000,278.6200,6765617,1.000000
2019-03-29,tsla,278.7000,280.1600,274.5000,279.8600,5983158,1.000000
2019-04-01,tsla,282.6200,289.2000,281.2810,289.1800,8099338,1.000000
2019-04-02,tsla,288.3000,289.4400,283.8800,285.8800,5428119,1.000000
2019-04-03,tsla,287.3200,296.1700,287.1700,291.8100,7918297,1.000000
2019-04-04,tsla,261.8900,271.2000,260.5900,267.7800,23692293,1.000000
2019-04-05,tsla,269.8600,276.1000,266.1100,274.9600,13024215,1.000000
2019-04-08,tsla,277.6900,281.1600,270.4400,273.2000,10382899,1.000000
2019-04-09,tsla,271.6500,275.0000,269.6100,272.3100,5894466,1.000000
2019-04-10,tsla,276.7400,278.3800,272.8930,276.0600,7047335,1.000000
2019-04-11,tsla,268.3000,270.5000,265.6000,268.4200,9791112,1.000000
2019-04-12,tsla,270.2200,271.9500,266.8300,267.7000,6737145,1.000000
2019-04-15,tsla,268.6300,268.8800,258.6300,266.3800,10033347,1.000000
2019-04-16,tsla,265.7500,275.0000,264.7200,273.3600,7268083,1.000000
2019-04-17,tsla,274.7500,274.7900,268.5350,271.2300,5118409,1.000000
2019-04-18,tsla,271.2300,274.8400,269.7500,273.2600,5869373,1.000000
2019-04-22,tsla,269.0000,269.6800,262.4800,262.7500,12107574,1.000000
2019-04-23,tsla,260.1500,265.6000,255.7500,263.9000,10931030,1.000000
2019-04-24,tsla,263.8500,265.3200,258.0000,258.6600,10191195,1.000000
2019-04-25,tsla,255.0000,259.0000,246.0700,247.6300,21830405,1.000000
2019-04-26,tsla,246.5000,246.6800,231.1300,235.1400,22230923,1.000000
2019-04-29,tsla,235.8600,243.9800,232.1700,241.4700,16693432,1.000000
2019-04-30,tsla,242.0600,244.2100,237.0000,238.6900,9449250,1.000000
2019-05-01,tsla,238.8500,240.0000,231.5000,234.0100,10692254,1.000000
2019-05-02,tsla,245.5200,247.1300,237.7200,244.1000,18124663,1.000000
2019-05-03,tsla,243.8600,256.6100,243.4900,255.0300,23113040,1.000000
2019-05-06,tsla,250.0200,258.3500,248.5000,255.3400,10241407,1.000000
2019-05-07,tsla,256.8000,257.2100,245.1000,247.0600,10116093,1.000000
2019-05-08,tsla,246.9400,250.5990,244.2000,244.8400,6176440,1.000000
2019-05-09,tsla,242.0000,243.6800,236.9430,241.9800,6711382,1.000000
2019-05-10,tsla,239.7500,241.9900,236.0200,239.5200,7008336,1.000000
2019-05-13,tsla,232.0100,232.4700,224.5000,227.0100,10834796,1.000000
2019-05-14,tsla,229.3000,234.5000,228.0000,232.3100,7252412,1.000000
2019-05-15,tsla,229.3200,232.4400,225.2500,231.9500,7295976,1.000000
2019-05-16,tsla,229.4900,231.0000,226.5000,228.3300,7483273,1.000000
2019-05-17,tsla,221.9600,222.2400,208.9200,211.0300,17786666,1.000000
2019-05-20,tsla,202.8000,206.0000,195.2500,205.3600,20526195,1.000000
2019-05-21,tsla,197.7600,207.4000,196.0400,205.0800,18003899,1.000000
2019-05-22,tsla,199.1000,203.9400,191.7800,192.7300,18685187,1.000000
2019-05-23,tsla,194.3400,199.4650,186.2200,195.4900,26547142,1.000000
2019-05-24,tsla,199.8300,199.9800,188.7510,190.6300,14136572,1.000000
2019-05-28,tsla,191.2000,195.0000,187.8500,188.7000,10312901,1.000000
2019-05-29,tsla,187.1000,192.3900,185.0400,189.8600,11968638,1.000000
2019-05-30,tsla,188.7500,192.2550,187.0200,188.2200,7926475,1.000000
2019-05-31,tsla,185.1000,189.9200,184.1000,185.1600,10406732,1.000000
2019-06-03,tsla,185.5100,186.6800,176.9920,178.9700,13064410,1.000000
2019-06-04,tsla,181.1000,193.9800,179.6100,193.6000,13807522,1.000000
2019-06-05,tsla,198.6800,201.2780,191.8490,196.5900,13510756,1.000000
2019-06-06,tsla,204.4400,211.0000,201.8000,205.9500,20242151,1.000000
2019-06-07,tsla,205.0000,210.8440,203.4990,204.5000,16003527,1.000000
2019-06-10,tsla,210.2500,216.9400,209.0100,212.8800,10585039,1.000000
2019-06-11,tsla,219.1440,220.9000,213.5000,217.1000,11653537,1.000000
2019-06-12,tsla,222.9500,223.3800,209.0000,209.2600,15197544,1.000000
2019-06-13,tsla,210.3800,214.9000,207.5100,213.9100,8168260,1.000000
2019-06-14,tsla,211.2500,216.6500,210.4000,214.9200,7433402,1.000000
2019-06-17,tsla,215.4800,227.0000,214.2700,225.0300,12316803,1.000000
2019-06-18,tsla,228.7200,234.7400,222.5600,224.7400,12715788,1.000000
2019-06-19,tsla,225.1100,227.7700,221.0600,226.4300,6575135,1.000000
2019-06-20,tsla,223.0000,226.9000,216.3500,219.6200,11863462,1.000000
2019-06-21,tsla,216.2200,222.1800,215.5000,221.8600,8202078,1.000000
2019-06-24,tsla,223.2400,225.8600,221.0200,223.6400,5750771,1.000000
2019-06-25,tsla,224.3900,225.3400,219.4900,219.7600,6182071,1.000000
2019-06-26,tsla,220.3100,227.2300,218.1000,219.2700,8507208,1.000000
2019-06-27,tsla,219.4500,222.9000,217.3500,222.8400,6339710,1.000000
2019-06-28,tsla,220.9900,225.1700,220.8000,223.4600,6851384,1.000000
2019-07-01,tsla,230.2100,233.1000,226.2800,227.1700,8237964,1.000000
2019-07-02,tsla,228.8900,229.1500,222.2200,224.5500,9259027,1.000000
2019-07-03,tsla,239.3900,241.5700,234.5100,234.9000,14201148,1.000000
2019-07-05,tsla,234.5700,235.4500,230.8000,233.1000,7065738,1.000000
2019-07-08,tsla,231.2400,232.2500,228.6600,230.3400,5880542,1.000000
2019-07-09,tsla,228.9700,231.0000,227.2800,230.0600,6190835,1.000000
2019-07-10,tsla,234.1500,238.9400,233.1400,238.9200,9145736,1.000000
2019-07-11,tsla,238.1400,241.5000,235.8000,238.6000,7514430,1.000000
2019-07-12,tsla,239.7500,245.3800,239.7100,245.0800,9200521,1.000000
2019-07-15,tsla,248.0000,254.4200,244.8600,253.5000,11000092,1.000000
2019-07-16,tsla,249.3000,253.5300,247.9330,252.3800,8148989,1.000000
2019-07-17,tsla,255.6700,258.3100,253.3500,254.8600,9764727,1.000000
2019-07-18,tsla,255.0500,255.7500,251.8850,253.5400,4764483,1.000000
2019-07-19,tsla,255.6900,259.9600,254.6200,258.1800,7048410,1.000000
2019-07-22,tsla,258.7500,262.1550,254.1910,255.6800,6846273,1.000000
2019-07-23,tsla,256.7100,260.4800,254.5000,260.1700,5023121,1.000000
2019-07-24,tsla,259.1700,266.0700,258.1600,264.8800,11072835,1.000000
2019-07-25,tsla,233.5000,234.5000,225.5500,228.8200,22418252,1.000000
2019-07-26,tsla,226.9200,230.2600,222.2500,228.0400,10027697,1.000000
2019-07-29,tsla,227.0900,235.9400,226.0330,235.7700,9273331,1.000000
2019-07-30,tsla,232.9000,243.3600,232.1800,242.2600,8109014,1.000000
2019-07-31,tsla,243.0000,246.6800,236.6500,241.6100,9178208,1.000000
2019-08-01,tsla,242.6500,244.5100,231.7700,233.8500,8259516,1.000000
2019-08-02,tsla,231.3500,236.2700,229.2300,234.3400,6136481,1.000000
2019-08-05,tsla,229.6000,231.3670,225.7750,228.3200,7028279,1.000000
2019-08-06,tsla,231.8800,232.5000,225.7500,230.7500,5564200,1.000000
2019-08-07,tsla,226.5000,233.5690,225.8000,233.4200,4776500,1.000000
2019-08-08,tsla,234.4500,239.8000,232.6500,238.3000,5274349,1.000000
2019-08-09,tsla,236.0540,238.9600,233.8100,235.0100,3898244,1.000000
2019-08-12,tsla,232.9900,235.7700,228.7500,229.0100,4663937,1.000000
2019-08-13,tsla,228.8100,236.0000,227.5500,235.0000,4868998,1.000000
2019-08-14,tsla,231.2100,231.5000,216.6900,219.6200,9562591,1.000000
2019-08-15,tsla,220.8600,221.5600,211.5500,215.6400,8231952,1.000000
2019-08-16,tsla,216.6600,222.2400,216.0200,219.9400,5207376,1.000000
2019-08-19,tsla,224.2100,227.8300,221.7000,226.8300,5311748,1.000000
2019-08-20,tsla,227.6200,229.0900,224.5400,225.8600,4170527,1.000000
2019-08-21,tsla,222.0100,223.2200,217.6000,220.8300,7799744,1.000000
2019-08-22,tsla,222.8000,225.4000,218.2200,222.1500,6564964,1.000000
2019-08-23,tsla,219.9700,221.1700,211.0000,211.4000,8559704,1.000000
2019-08-26,tsla,213.6000,215.0200,211.5400,215.0000,5054414,1.000000
2019-08-27,tsla,215.7400,218.8000,212.0300,214.0800,5420727,1.000000
2019-08-28,tsla,213.6900,217.2500,212.3100,215.5900,3238625,1.000000
2019-08-29,tsla,219.0000,223.4000,218.0000,221.7100,5183104,1.000000
2019-08-30,tsla,229.1500,232.4400,224.2130,225.6100,9327775,1.000000
2019-09-03,tsla,224.0800,228.9500,223.1600,225.0100,5360546,1.000000
2019-09-04,tsla,226.8900,228.4600,219.2050,220.6800,5768696,1.000000
2019-09-05,tsla,222.5000,229.8000,220.8500,229.5800,7403322,1.000000
2019-09-06,tsla,227.2000,229.6400,225.1700,227.4500,4189372,1.000000
2019-09-09,tsla,230.0000,233.7600,229.2300,231.7900,4802669,1.000000
2019-09-10,tsla,230.8000,235.5400,228.9400,235.5400,4883714,1.000000
2019-09-11,tsla,237.3800,248.1740,236.0000,247.1000,10042777,1.000000
2019-09-12,tsla,247.7000,253.5000,244.4000,245.8700,8581210,1.000000
2019-09-13,tsla,246.9600,248.4500,244.8650,245.2000,5313145,1.000000
2019-09-16,tsla,246.0000,247.4300,241.1700,242.8100,4728096,1.000000
2019-09-17,tsla,242.4700,245.6000,240.3700,244.7900,3946909,1.000000
2019-09-18,tsla,245.0000,248.1690,242.3700,243.4900,4228103,1.000000
2019-09-19,tsla,246.0000,247.9400,244.8400,246.6000,4883135,1.000000
2019-09-20,tsla,246.4900,246.9460,238.1600,240.6200,6506264,1.000000
2019-09-23,tsla,240.0000,245.1790,239.2200,241.2300,4391630,1.000000
2019-09-24,tsla,241.5200,241.9900,222.6100,223.2100,12941112,1.000000
2019-09-25,tsla,224.5600,228.9800,218.3600,228.7000,9444286,1.000000
2019-09-26,tsla,230.6600,243.3100,227.4000,242.5600,12078785,1.000000
2019-09-27,tsla,242.2000,248.7100,238.7300,242.1300,11123179,1.000000
2019-09-30,tsla,243.0000,243.9800,236.1110,240.8700,5946161,1.000000
2019-10-01,tsla,241.5000,245.9500,239.1300,244.6900,6196290,1.000000
2019-10-02,tsla,243.2900,244.6500,239.4300,243.1300,6256548,1.000000
2019-10-03,tsla,231.8600,234.4800,224.2800,233.0300,15137763,1.000000
2019-10-04,tsla,231.6100,234.7800,228.0700,231.4300,8021180,1.000000
2019-10-07,tsla,229.8000,238.5600,228.5500,237.7200,8086957,1.000000
2019-10-08,tsla,235.8700,243.9400,234.5000,240.0500,8702338,1.000000
2019-10-09,tsla,241.3200,247.2950,240.6500,244.5300,6935033,1.000000
2019-10-10,tsla,245.2800,249.2800,241.5800,244.7400,6313417,1.000000
2019-10-11,tsla,247.1500,251.0800,246.8100,247.8900,8488159,1.000000
2019-10-14,tsla,247.9000,258.5500,247.1300,256.9600,10226863,1.000000
2019-10-15,tsla,257.7000,260.0000,254.1200,257.8900,6479456,1.000000
2019-10-16,tsla,257.3900,262.1000,256.9200,259.7500,6704303,1.000000
2019-10-17,tsla,262.5000,264.7800,260.1700,261.9700,4779043,1.000000
2019-10-18,tsla,260.7000,262.8000,255.1000,256.9500,5753666,1.000000
2019-10-21,tsla,258.3300,259.5000,250.1800,253.5000,5108101,1.000000
2019-10-22,tsla,254.3200,258.3300,250.8500,255.5800,4625095,1.000000
2019-10-23,tsla,254.5000,256.1400,251.3500,254.6800,11216182,1.000000
2019-10-24,tsla,298.3700,304.9300,289.2000,299.6800,29819231,1.000000
2019-10-25,tsla,297.7200,330.0000,296.1100,328.1300,30006091,1.000000
2019-10-28,tsla,327.5400,340.8400,322.6000,327.7100,18870286,1.000000
2019-10-29,tsla,319.9900,324.3000,314.7500,316.2200,12684267,1.000000
2019-10-30,tsla,313.0000,318.7900,309.9700,315.0100,9641810,1.000000
2019-10-31,tsla,313.1000,319.0000,313.0000,314.9200,5066956,1.000000
2019-11-01,tsla,316.3200,316.4800,309.8000,313.3100,6383929,1.000000
2019-11-04,tsla,314.8000,321.9400,309.2600,317.4700,8787040,1.000000
2019-11-05,tsla,319.6200,323.5100,316.1180,317.2200,6943417,1.000000
2019-11-06,tsla,318.0000,326.7200,314.5000,326.5800,7940932,1.000000
2019-11-07,tsla,329.1400,341.5000,328.0200,335.5400,14467348,1.000000
2019-11-08,tsla,334.5000,337.4600,332.5000,337.1400,6074221,1.000000
2019-11-11,tsla,343.9500,349.1900,342.0000,345.0900,9993689,1.000000
2019-11-12,tsla,346.9000,350.3700,344.0400,349.9300,7359383,1.000000
2019-11-13,tsla,355.0000,356.3300,345.1800,346.1100,8467863,1.000000
2019-11-14,tsla,346.1100,353.8400,342.9100,349.3500,6471703,1.000000
2019-11-15,tsla,350.6400,352.8000,348.3600,352.1700,4812563,1.000000
2019-11-18,tsla,352.9170,353.1500,346.1000,349.9900,4408505,1.000000
2019-11-19,tsla,351.7500,359.9900,347.8000,359.5200,7736078,1.000000
2019-11-20,tsla,360.0000,361.2000,349.5700,352.2200,6733965,1.000000
2019-11-21,tsla,354.5100,360.8400,354.0040,354.8300,6110013,1.000000
2019-11-22,tsla,340.1600,341.0000,330.0000,333.0400,16870642,1.000000
2019-11-25,tsla,344.3200,344.5700,334.4600,336.3400,12345765,1.000000
2019-11-26,tsla,335.2700,335.5000,327.1000,328.9200,7956239,1.000000
2019-11-27,tsla,331.1200,333.9300,328.5700,331.2900,5563459,1.000000
2019-11-29,tsla,331.1100,331.2600,327.5000,329.9400,2465629,1.000000
2019-12-02,tsla,329.4000,336.3830,328.6870,334.8700,6081986,1.000000
2019-12-03,tsla,332.6200,337.9100,332.1860,336.2000,6613476,1.000000
2019-12-04,tsla,337.7500,337.8600,332.8500,333.0300,5536255,1.000000
2019-12-05,tsla,332.8300,334.4230,327.2500,330.3700,3736976,1.000000
2019-12-06,tsla,335.0000,338.8600,334.7700,335.8900,7618937,1.000000
2019-12-09,tsla,336.5900,344.4500,335.0800,339.5300,9040217,1.000000
2019-12-10,tsla,339.9600,350.7300,339.3100,348.8400,8839951,1.000000
2019-12-11,tsla,351.8770,357.1900,351.0900,352.7000,6919162,1.000000
2019-12-12,tsla,354.9200,362.7400,353.2300,359.6800,7776211,1.000000
2019-12-13,tsla,361.0500,365.2100,354.6400,358.3900,6574281,1.000000
2019-12-16,tsla,362.5500,383.6100,362.5000,381.5000,18220940,1.000000
2019-12-17,tsla,378.9900,385.5000,375.9000,378.9900,8503775,1.000000
2019-12-18,tsla,380.6300,395.2200,380.5800,393.1500,14136392,1.000000
2019-12-19,tsla,397.3200,406.8500,396.5000,404.0400,18120307,1.000000
2019-12-20,tsla,410.2900,413.0000,400.1850,405.5900,14785206,1.000000
2019-12-23,tsla,411.7800,422.0100,410.0000,419.2200,13332821,1.000000
2019-12-24,tsla,418.3600,425.4700,412.6880,425.2500,8054720,1.000000
2019-12-26,tsla,427.9100,433.4800,426.3500,430.9400,10648289,1.000000
2019-12-27,tsla,435.0000,435.3100,426.1100,430.3800,9956827,1.000000
2019-12-30,tsla,428.7900,429.0000,409.2590,414.7000,12601265,1.000000
2019-12-31,tsla,405.0000,421.2900,402.0800,418.3300,10292456,1.000000
2020-01-02,tsla,424.5000,430.6960,421.7100,430.2600,9558386,1.000000
2020-01-03,tsla,440.5000,454.0000,436.9200,443.0100,17794697,1.000000
2020-01-06,tsla,440.4700,451.5600,440.0000,451.5400,10157499,1.000000
2020-01-07,tsla,461.4000,471.6300,453.3550,469.0600,18209138,1.000000
2020-01-08,tsla,473.7000,498.4900,468.2300,492.1400,31199393,1.000000
2020-01-09,tsla,497.1000,498.8000,472.8700,481.3400,28463186,1.000000
2020-01-10,tsla,481.7900,484.9400,473.7000,478.1500,12976832,1.000000
2020-01-13,tsla,493.5000,525.6300,492.0000,524.8600,26634547,1.000000
2020-01-14,tsla,544.2550,547.4100,524.9000,537.9200,29061377,1.000000
2020-01-15,tsla,529.7600,537.8400,516.7850,518.5000,17368831,1.000000
2020-01-16,tsla,493.7500,514.4600,492.1700,513.4900,21736653,1.000000
2020-01-17,tsla,507.6100,515.6700,503.1600,510.5000,13629073,1.000000
2020-01-21,tsla,530.2500,548.5800,528.4100,547.2000,17803471,1.000000
2020-01-22,tsla,571.8900,594.5000,559.1000,569.5600,31369028,1.000000
2020-01-23,tsla,564.2500,582.0000,555.6030,572.2000,19651042,1.000000
2020-01-24,tsla,570.6300,573.8600,554.2600,564.8200,14353600,1.000000
2020-01-27,tsla,541.9900,564.4400,539.2800,558.0200,13608068,1.000000
2020-01-28,tsla,568.4900,576.8100,558.0800,566.9000,11788493,1.000000
2020-01-29,tsla,575.6900,589.8000,567.4300,580.9900,18216672,1.000000
2020-01-30,tsla,632.4200,650.8800,618.0000,640.8100,29005676,1.000000
2020-01-31,tsla,640.0000,653.0000,632.5200,650.5700,15719266,1.000000
2020-02-03,tsla,673.6900,786.1400,673.5200,780.0000,47233495,1.000000
2020-02-04,tsla,882.9600,968.9900,833.8800,887.0600,60938758,1.000000
2020-02-05,tsla,823.2600,845.9800,704.1110,734.7000,48423837,1.000000
2020-02-06,tsla,699.9200,795.8300,687.0000,748.9600,39880752,1.000000
2020-02-07,tsla,730.5500,769.7500,730.0000,748.0700,17063521,1.000000
2020-02-10,tsla,800.0000,819.9900,752.4000,771.2800,24689163,1.000000
2020-02-11,tsla,768.7900,783.5060,758.0000,774.3800,11697473,1.000000
2020-02-12,tsla,777.8700,789.7500,763.3700,767.2900,12022470,1.000000
2020-02-13,tsla,741.8400,818.0000,735.0000,804.0000,26289348,1.000000
2020-02-14,tsla,787.2200,812.9700,785.5000,800.0300,15693711,1.000000
2020-02-18,tsla,841.6000,860.0000,832.3600,858.4000,16698369,1.000000
2020-02-19,tsla,923.5000,944.7800,901.0200,917.4200,25422958,1.000000
2020-02-20,tsla,911.9500,912.0000,859.9400,899.4100,17634893,1.000000
2020-02-21,tsla,906.9800,913.0600,880.4500,901.0000,14339446,1.000000
2020-02-24,tsla,839.0000,863.5000,822.2000,833.7900,15192163,1.000000
2020-02-25,tsla,849.0000,856.6000,787.0000,799.9100,17290481,1.000000
2020-02-26,tsla,782.5000,813.3100,776.1100,778.8000,14153843,1.000000
2020-02-27,tsla,730.0000,739.7700,669.0000,679.0000,24277160,1.000000
2020-02-28,tsla,629.7000,690.5200,611.5200,667.9900,24564171,1.000000
2020-03-02,tsla,711.2600,743.6900,686.6700,743.6200,20194991,1.000000
2020-03-03,tsla,805.0000,806.9800,716.1110,745.5100,25784003,1.000000
2020-03-04,tsla,763.9600,766.5200,724.7350,749.5000,15048977,1.000000
2020-03-05,tsla,723.7700,745.7500,718.0700,724.5400,10852657,1.000000
2020-03-06,tsla,690.0040,707.0000,684.2700,703.4800,12662918,1.000000
2020-03-09,tsla,605.3900,662.9980,605.0000,608.0000,17073740,1.000000
2020-03-10,tsla,659.4300,668.0000,608.0000,645.3300,15594443,1.000000
2020-03-11,tsla,640.2000,653.5800,613.0000,634.2300,13413587,1.000000
2020-03-12,tsla,580.8900,594.5000,546.2500,560.5500,18909052,1.000000
2020-03-13,tsla,595.0000,607.5700,502.0000,546.6200,22640254,1.000000
2020-03-16,tsla,469.5000,494.8700,442.1700,445.0700,20489464,1.000000
2020-03-17,tsla,440.0100,471.8500,396.0000,430.2000,23994580,1.000000
2020-03-18,tsla,389.0000,404.8600,350.5100,361.2200,23786162,1.000000
2020-03-19,tsla,374.6970,452.0000,358.4600,427.6400,30195460,1.000000
2020-03-20,tsla,438.2000,477.0000,425.7900,427.5300,28285502,1.000000
2020-03-23,tsla,433.6000,442.0000,410.5000,434.2900,16454549,1.000000
2020-03-24,tsla,477.3000,513.6900,474.0000,505.0000,22895170,1.000000
2020-03-25,tsla,545.2500,557.0000,511.1100,539.2500,21222745,1.000000
2020-03-26,tsla,547.3900,560.0000,512.2500,528.1600,17422082,1.000000
2020-03-27,tsla,505.0000,525.8000,494.0300,514.3600,14377408,1.000000
2020-03-30,tsla,510.2600,516.6470,491.2300,502.1300,11998067,1.000000
2020-03-31,tsla,501.2500,542.9600,497.0000,524.0000,17771485,1.000000
2020-04-01,tsla,504.0000,513.9550,475.1000,481.5600,13353180,1.000000
2020-04-02,tsla,481.0300,494.2600,446.4000,454.4700,19858427,1.000000
2020-04-03,tsla,509.5000,515.4900,468.3900,480.0100,22562076,1.000000
2020-04-06,tsla,511.2000,521.0000,497.9600,516.2400,14901836,1.000000
2020-04-07,tsla,545.0000,565.0000,532.3400,545.4500,17919784,1.000000
2020-04-08,tsla,554.2000,557.2080,533.3300,548.8400,12656024,1.000000
2020-04-09,tsla,562.0900,575.1820,557.1100,573.0000,13650000,1.000000
2020-04-13,tsla,590.1600,652.0000,580.5300,650.9500,22475421,1.000000
2020-04-14,tsla,698.9700,741.8800,692.4300,709.8900,30576511,1.000000
2020-04-15,tsla,742.0000,753.1300,710.0000,729.8300,23577001,1.000000
2020-04-16,tsla,716.9400,759.4500,706.7150,745.2100,20657862,1.000000
2020-04-17,tsla,772.2800,774.9500,747.6600,753.8900,13128237,1.000000
2020-04-20,tsla,732.7000,765.5700,712.2100,746.3600,14746577,1.000000
2020-04-21,tsla,730.1200,753.3300,673.7900,686.7200,20209093,1.000000
2020-04-22,tsla,703.9800,734.0000,688.7100,732.1100,14224831,1.000000
2020-04-23,tsla,727.6000,734.0000,703.1300,705.6300,13236697,1.000000
2020-04-24,tsla,710.8100,730.7300,698.1800,725.1500,13237612,1.000000
2020-04-27,tsla,737.6100,799.4900,735.0000,798.7500,20681442,1.000000
2020-04-28,tsla,795.6400,805.0000,756.6900,769.1200,15221964,1.000000
2020-04-29,tsla,790.1700,803.2000,783.1600,800.5100,16215982,1.000000
2020-04-30,tsla,855.1900,869.8200,763.5000,781.8800,28471854,1.000000
2020-05-01,tsla,755.0000,772.7700,683.0400,701.3200,32531807,1.000000
2020-05-04,tsla,701.0000,762.0000,698.0000,761.1900,19237090,1.000000
2020-05-05,tsla,789.7900,798.9200,762.1800,768.2100,16991656,1.000000
2020-05-06,tsla,776.5000,789.8000,761.1100,782.5800,11123231,1.000000
2020-05-07,tsla,777.2100,796.4000,772.3500,780.0400,11527686,1.000000
2020-05-08,tsla,793.7700,824.0000,787.0100,819.4200,16130087,1.000000
2020-05-11,tsla,790.5100,824.0000,785.0000,811.2900,16519601,1.000000
2020-05-12,tsla,827.0000,843.2900,808.0000,809.4100,15906905,1.000000
2020-05-13,tsla,820.8300,826.0000,763.3000,790.9600,19065491,1.000000
2020-05-14,tsla,780.0000,803.3600,764.0000,803.3300,13682188,1.000000
2020-05-15,tsla,790.3500,805.0490,786.5520,799.1700,10518428,1.000000
2020-05-18,tsla,827.7800,834.7200,803.8800,813.6300,11698102,1.000000
2020-05-19,tsla,815.1700,822.0700,806.0800,808.0100,9636522,1.000000
2020-05-20,tsla,820.5000,826.0000,811.8000,815.5600,7309271,1.000000
2020-05-21,tsla,816.0000,832.5000,796.0000,827.6000,12254584,1.000000
2020-05-22,tsla,822.1740,831.7800,812.0000,816.8800,9987475,1.000000
2020-05-26,tsla,834.5000,834.6000,815.7050,818.8700,8089736,1.000000
2020-05-27,tsla,820.8600,827.7100,785.0000,820.2300,11549530,1.000000
2020-05-28,tsla,813.5100,824.7500,801.6900,805.8100,7275774,1.000000
2020-05-29,tsla,808.7500,835.0000,804.2100,835.0000,11812489,1.000000
2020-06-01,tsla,858.0000,899.0000,854.1000,898.1000,15085297,1.000000
2020-06-02,tsla,894.7000,908.6600,871.0000,881.5600,13565596,1.000000
2020-06-03,tsla,888.1200,897.9400,880.1000,882.9600,7949469,1.000000
2020-06-04,tsla,889.8800,895.7500,858.4400,864.3800,8887713,1.000000
2020-06-05,tsla,877.8400,886.5200,866.2000,885.6600,7811917,1.000000
2020-06-08,tsla,919.0000,950.0000,909.1600,949.9200,14174727,1.000000
2020-06-09,tsla,940.0100,954.4400,923.9310,940.6700,11388154,1.000000
2020-06-10,tsla,991.8800,1027.4800,982.5000,1025.0500,18563413,1.000000
2020-06-11,tsla,990.2000,1018.9600,972.0000,972.8400,15916482,1.000000
2020-06-12,tsla,980.0000,987.9800,912.6000,935.2800,16763374,1.000000
2020-06-15,tsla,917.7900,998.8400,908.5000,990.9000,15697178,1.000000
2020-06-16,tsla,1011.8500,1012.8800,962.3900,982.1300,14051078,1.000000
2020-06-17,tsla,987.7100,1005.0000,982.5710,991.7900,9890800,1.000000
2020-06-18,tsla,1003.0000,1019.2000,994.4710,1003.9600,9751936,1.000000
2020-06-19,tsla,1012.7800,1015.9700,991.3400,1000.9000,8679749,1.000000
2020-06-22,tsla,999.9500,1008.8800,990.0200,994.3200,6362350,1.000000
2020-06-23,tsla,998.8800,1012.0000,994.0100,1001.7800,6365271,1.000000
2020-06-24,tsla,994.1100,1000.8850,953.1410,960.8500,10959593,1.000000
2020-06-25,tsla,954.2700,985.9800,937.1500,985.9800,9254549,1.000000
2020-06-26,tsla,994.7800,995.0000,954.8700,959.7400,8854908,1.000000
2020-06-29,tsla,969.0100,1010.0000,948.5200,1009.3500,9026404,1.000000
2020-06-30,tsla,1006.5000,1087.6900,1003.7300,1079.8100,16918501,1.000000
2020-07-01,tsla,1083.0000,1135.3300,1080.5000,1119.6300,13326896,1.000000
2020-07-02,tsla,1221.4800,1228.0000,1185.6000,1208.6600,17250115,1.000000
2020-07-06,tsla,1276.6900,1377.7900,1266.0440,1371.5800,20569864,1.000000
2020-07-07,tsla,1405.0100,1429.5000,1336.7100,1389.8600,21489661,1.000000
2020-07-08,tsla,1405.0000,1417.2600,1311.3400,1365.8800,16311312,1.000000
2020-07-09,tsla,1396.9900,1408.5600,1351.2800,1394.2800,11717598,1.000000
2020-07-10,tsla,1396.0000,1548.9150,1376.0100,1544.6500,23337553,1.000000
2020-07-13,tsla,1659.0000,1794.9900,1471.1100,1497.0600,38985362,1.000000
2020-07-14,tsla,1556.0000,1590.0000,1431.0000,1516.8000,23418140,1.000000
2020-07-15,tsla,1543.0000,1550.0000,1457.0000,1546.0100,16367829,1.000000
2020-07-16,tsla,1477.1600,1531.7100,1466.0000,1500.6400,14300785,1.000000
2020-07-17,tsla,1513.4500,1537.5100,1490.0000,1500.8400,9329972,1.000000
2020-07-20,tsla,1519.0100,1650.0000,1488.0000,1643.0000,17121367,1.000000
2020-07-21,tsla,1639.9300,1675.0000,1558.0000,1568.3600,16157280,1.000000
2020-07-22,tsla,1599.0000,1626.4200,1562.0000,1592.3300,14161080,1.000000
2020-07-23,tsla,1678.9500,1689.0000,1480.7700,1513.0700,24328504,1.000000
2020-07-24,tsla,1416.0100,1465.0000,1366.5400,1417.0000,19396616,1.000000
2020-07-27,tsla,1435.0000,1547.9400,1413.0000,1539.6000,16048669,1.000000
2020-07-28,tsla,1504.0000,1564.7000,1474.4200,1476.4900,15808700,1.000000
2020-07-29,tsla,1501.0000,1534.8100,1487.0000,1499.1100,9426893,1.000000
2020-07-30,tsla,1488.0000,1513.2400,1471.0000,1487.4900,7621039,1.000000
2020-07-31,tsla,1515.0000,1517.0500,1420.9800,1430.7600,12246960,1.000000
2020-08-03,tsla,1449.2000,1509.8100,1444.3840,1485.0000,8809346,1.000000
2020-08-04,tsla,1495.0100,1527.4100,1462.0000,1487.0000,8414990,1.000000
2020-08-05,tsla,1492.9900,1499.8380,1468.3100,1485.0200,4978015,1.000000
2020-08-06,tsla,1490.8300,1517.3100,1477.2600,1489.5800,5992313,1.000000
2020-08-07,tsla,1499.5370,1499.7500,1415.0100,1452.7100,8896420,1.000000
2020-08-10,tsla,1448.0000,1457.5000,1385.8400,1418.5700,7522264,1.000000
2020-08-11,tsla,1396.0000,1420.0000,1365.0000,1374.3900,8625834,1.000000
2020-08-12,tsla,1470.0000,1585.0000,1435.0000,1554.7600,21898834,1.000000
2020-08-13,tsla,1611.0000,1651.1800,1567.2600,1621.0000,20425308,1.000000
2020-08-14,tsla,1664.9900,1668.8000,1626.6400,1650.7100,12577614,1.000000
2020-08-17,tsla,1677.0000,1845.8600,1672.8300,1835.6400,20242323,1.000000
2020-08-18,tsla,1898.9900,1923.9000,1845.1100,1887.0900,16474491,1.000000
2020-08-19,tsla,1865.0000,1911.0000,1841.2100,1878.5300,12205331,1.000000
2020-08-20,tsla,1860.6800,2021.9900,1857.0600,2001.8300,20611796,1.000000
2020-08-21,tsla,2044.7600,2095.4900,2025.0500,2049.9800,21489559,1.000000
2020-08-24,tsla,2126.2750,2129.0000,1927.5200,2014.2000,20063621,1.000000
2020-08-25,tsla,1974.8900,2027.9500,1968.0000,2023.3400,10658893,1.000000
2020-08-26,tsla,2060.0000,2166.0000,2053.6290,2153.1700,14239382,1.000000
2020-08-27,tsla,2180.4600,2295.6000,2142.5000,2238.7500,23693043,1.000000
2020-08-28,tsla,2295.1200,2318.4900,2186.5200,2213.4000,20081176,1.000000
2020-08-31,tsla,444.6100,500.1400,440.1100,498.3200,118374406,1.000000
2020-09-01,tsla,502.1400,502.4900,470.5100,475.0500,90119419,1.000000
2020-09-02,tsla,478.9900,479.0400,405.1210,447.3700,96176128,1.000000
2020-09-03,tsla,407.2300,431.8000,402.0000,407.0000,87596086,1.000000
2020-09-04,tsla,402.8100,428.0000,372.0200,418.3200,110321885,1.000000
2020-09-08,tsla,356.0000,368.7400,329.8800,330.2100,115465691,1.000000
2020-09-09,tsla,356.6000,369.0000,341.5100,366.2800,79465769,1.000000
2020-09-10,tsla,386.2100,398.9900,360.5600,371.3400,84930608,1.000000
2020-09-11,tsla,381.9400,382.5000,360.5000,372.7200,60717459,1.000000
2020-09-14,tsla,380.9500,420.0000,373.3000,419.6200,83020608,1.000000
2020-09-15,tsla,436.5600,461.9400,430.7000,449.7600,97298228,1.000000
2020-09-16,tsla,439.8700,457.7900,435.3100,441.7600,72546760,1.000000
2020-09-17,tsla,415.6000,437.7900,408.0000,423.4300,76779163,1.000000
2020-09-18,tsla,447.9400,451.0000,428.8000,442.1500,86406819,1.000000
2020-09-21,tsla,453.1300,455.6800,407.0700,449.3900,109476800,1.000000
2020-09-22,tsla,429.6000,437.7600,417.6000,424.2300,79580795,1.000000
2020-09-23,tsla,405.1600,412.1500,375.8800,380.3600,95074176,1.000000
2020-09-24,tsla,363.8000,399.5000,351.3000,387.7900,96561061,1.000000
2020-09-25,tsla,393.4700,408.7300,391.3000,407.3400,67208459,1.000000
2020-09-28,tsla,424.6200,428.0800,415.5500,421.2000,49719561,1.000000
2020-09-29,tsla,416.0000,428.5000,411.6000,419.0700,50341404,1.000000
2020-09-30,tsla,421.3200,433.9300,420.4700,429.0100,48145566,1.000000
2020-10-01,tsla,440.7600,448.8800,434.4200,448.1600,50741454,1.000000
2020-10-02,tsla,421.3900,439.1300,415.0000,415.0900,71430025,1.000000
2020-10-05,tsla,423.3500,433.6400,419.3300,425.6800,44722786,1.000000
2020-10-06,tsla,423.7900,428.7800,406.0500,413.9800,49146259,1.000000
2020-10-07,tsla,419.8700,429.9000,413.8500,425.3000,43127709,1.000000
2020-10-08,tsla,438.4400,439.0000,425.3000,425.9200,40421116,1.000000
2020-10-09,tsla,430.1300,434.5900,426.4600,434.0000,28925656,1.000000
2020-10-12,tsla,442.0000,448.7400,438.5800,442.3000,38791133,1.000000
2020-10-13,tsla,443.3500,448.8900,436.6000,446.6500,34463665,1.000000
2020-10-14,tsla,449.7800,465.9000,447.3500,461.3000,48045394,1.000000
2020-10-15,tsla,450.3100,456.5700,442.5000,448.8800,35672354,1.000000
2020-10-16,tsla,454.4400,455.9500,438.8500,439.6700,32775879,1.000000
2020-10-19,tsla,446.2400,447.0000,428.8700,430.8300,36287843,1.000000
2020-10-20,tsla,431.7500,431.7500,419.0500,421.9400,31656289,1.000000
2020-10-21,tsla,422.7000,432.9500,421.2500,422.6400,32370461,1.000000
2020-10-22,tsla,441.9200,445.2300,424.5100,425.7900,39993191,1.000000
2020-10-23,tsla,421.8400,422.8900,407.3800,420.6300,33716980,1.000000
2020-10-26,tsla,411.6300,425.7600,410.0000,420.2800,28239161,1.000000
2020-10-27,tsla,423.7600,430.5000,420.1000,424.6800,22686506,1.000000
2020-10-28,tsla,416.4800,418.6000,406.0000,406.0200,25451409,1.000000
2020-10-29,tsla,409.9600,418.0600,406.4600,410.8300,22655308,1.000000
2020-10-30,tsla,406.9000,407.5900,379.1100,388.0400,42587639,1.000000
2020-11-02,tsla,394.0000,406.9800,392.3000,400.5100,29021118,1.000000
2020-11-03,tsla,409.7300,427.7700,406.6900,423.9000,34351715,1.000000
2020-11-04,tsla,430.6200,435.4000,417.1000,420.9800,32143057,1.000000
2020-11-05,tsla,428.3000,440.0000,424.0000,438.0900,28414523,1.000000
2020-11-06,tsla,436.1000,436.5700,424.2800,429.9500,21706014,1.000000
2020-11-09,tsla,439.5000,452.5000,421.0000,421.2600,34833025,1.000000
2020-11-10,tsla,420.0900,420.0900,396.0300,410.3600,30284224,1.000000
2020-11-11,tsla,416.4500,418.7000,410.5800,417.1300,17357722,1.000000
2020-11-12,tsla,415.0500,423.0000,409.5200,411.7600,19940500,1.000000
2020-11-13,tsla,410.8500,412.5300,401.6600,408.5000,19830351,1.000000
2020-11-16,tsla,408.9300,412.4500,404.0900,408.0900,26838635,1.000000
2020-11-17,tsla,460.1700,462.0000,433.0100,441.6100,61188281,1.000000
2020-11-18,tsla,448.3500,496.0000,443.5000,486.6400,78044026,1.000000
2020-11-19,tsla,492.0000,508.6100,487.5700,499.2700,62475346,1.000000
2020-11-20,tsla,497.9900,502.5000,489.0600,489.6100,32911922,1.000000
2020-11-23,tsla,503.5000,526.0000,501.7900,521.8500,50260304,1.000000
2020-11-24,tsla,540.4000,559.9900,526.2000,555.3800,53648494,1.000000
2020-11-25,tsla,550.0600,574.0000,545.3700,574.0000,48930162,1.000000
2020-11-27,tsla,581.1600,598.7800,578.4500,585.7600,37561078,1.000000
2020-11-30,tsla,602.2100,607.8000,554.5100,567.6000,63003052,1.000000
2020-12-01,tsla,597.5900,597.8500,572.0500,584.7600,40382832,1.000000
2020-12-02,tsla,556.4400,571.5400,541.2100,568.8200,47775653,1.000000
2020-12-03,tsla,590.0200,598.9700,582.4300,593.3800,42552003,1.000000
2020-12-04,tsla,591.0100,599.0400,585.5000,599.0400,29401314,1.000000
2020-12-07,tsla,604.9200,648.7900,603.0500,641.7600,56309709,1.000000
2020-12-08,tsla,625.5100,651.2800,618.5000,649.8800,64265029,1.000000
2020-12-09,tsla,653.6900,654.3200,588.0000,604.4800,71291190,1.000000
2020-12-10,tsla,574.3700,627.7500,566.3400,627.0700,67083153,1.000000
2020-12-11,tsla,615.0100,624.0000,596.8000,609.9900,46474974,1.000000
2020-12-14,tsla,619.0000,642.7500,610.2000,639.8300,52040649,1.000000
2020-12-15,tsla,643.2800,646.9000,623.8000,633.2500,45223559,1.000000
2020-12-16,tsla,628.2300,632.5000,605.0000,622.7700,42095813,1.000000
2020-12-17,tsla,628.1900,658.8200,619.5000,655.9000,56270144,1.000000
2020-12-18,tsla,668.9000,695.0000,628.5400,695.0000,222126194,1.000000
2020-12-21,tsla,666.2400,668.5000,646.0700,649.8600,58045264,1.000000
2020-12-22,tsla,648.0000,649.8800,614.2300,640.3400,51861644,1.000000
2020-12-23,tsla,632.2000,651.5000,622.5700,645.9800,33172972,1.000000
2020-12-24,tsla,642.9900,666.0900,641.0000,661.7700,22865568,1.000000
2020-12-28,tsla,674.5100,681.4000,660.8000,663.6900,32278561,1.000000
2020-12-29,tsla,661.0000,669.9000,655.0000,665.9900,22910811,1.000000
2020-12-30,tsla,672.0000,696.6000,668.3600,694.7800,42846021,1.000000
2020-12-31,tsla,699.9900,718.7200,691.1200,705.6700,49649928,1.000000
2021-01-04,tsla,719.4600,744.4900,717.1900,729.7700,48638189,1.000000
2021-01-05,tsla,723.6600,740.8400,719.2000,735.1100,32245165,1.000000
2021-01-06,tsla,758.4900,774.0000,749.1000,755.9800,44699965,1.000000
2021-01-07,tsla,777.6300,816.9900,775.2000,816.0400,51498948,1.000000
2021-01-08,tsla,856.0000,884.4900,838.3900,880.0200,75055528,1.000000
2021-01-11,tsla,849.4000,854.4300,803.6200,811.1900,59554146,1.000000
2021-01-12,tsla,831.0000,868.0000,827.3400,849.4400,46270720,1.000000
2021-01-13,tsla,852.7600,860.4700,832.0000,854.4100,33312496,1.000000
2021-01-14,tsla,843.3900,863.0000,838.7500,845.0000,31266327,1.000000
2021-01-15,tsla,852.0000,859.9000,819.1000,826.1600,38777596,1.000000
2021-01-19,tsla,837.8000,850.0000,833.0000,844.5500,25366980,1.000000
2021-01-20,tsla,858.7400,859.5000,837.2800,850.4500,25665883,1.000000
2021-01-21,tsla,855.0000,855.7200,841.4200,844.9900,20598133,1.000000
2021-01-22,tsla,834.3100,848.0000,828.6200,846.6400,20066497,1.000000
2021-01-25,tsla,855.0000,900.4000,838.8200,880.8000,41173397,1.000000
2021-01-26,tsla,891.3800,895.9000,871.6000,883.0900,23131603,1.000000
2021-01-27,tsla,870.3500,891.5000,858.6600,864.1600,27333955,1.000000
2021-01-28,tsla,820.0000,848.0000,801.0000,835.4300,26378048,1.000000
2021-01-29,tsla,830.0000,842.4100,780.1000,793.5300,34990754,1.000000
2021-02-01,tsla,814.2900,842.0000,795.5600,839.8100,25391385,1.000000
2021-02-02,tsla,844.6800,880.5000,842.2000,872.7900,24346213,1.000000
2021-02-03,tsla,877.0200,878.0800,853.0600,854.6900,18343510,1.000000
2021-02-04,tsla,855.0000,856.5000,833.4200,849.9900,15812661,1.000000
2021-02-05,tsla,845.0000,864.7700,838.9700,852.2300,18566637,1.000000
2021-02-08,tsla,869.6700,877.7700,854.7500,863.4200,20161719,1.000000
2021-02-09,tsla,855.1200,859.8000,841.7500,849.4600,15157651,1.000000
2021-02-10,tsla,843.6400,844.8200,800.0200,804.8200,36216090,1.000000
2021-02-11,tsla,812.4400,829.8800,801.7300,811.6600,21622753,1.000000
2021-02-12,tsla,801.2600,817.3300,785.3300,816.1200,23768398,1.000000
2021-02-16,tsla,818.0000,821.0000,792.4400,796.2200,19802324,1.000000
2021-02-17,tsla,779.0900,799.8400,762.0100,798.1500,26078898,1.000000
2021-02-18,tsla,780.9000,794.6900,776.2700,787.3800,17957058,1.000000
2021-02-19,tsla,795.0000,796.7900,777.3700,781.3000,18958255,1.000000
2021-02-22,tsla,762.6400,768.5000,710.2000,714.5000,37269716,1.000000
2021-02-23,tsla,662.1300,713.6100,619.0000,698.8400,66606882,1.000000
2021-02-24,tsla,711.8500,745.0000,694.1700,742.0200,36766950,1.000000
2021-02-25,tsla,726.1500,737.2100,670.5800,682.2200,39023855,1.000000
2021-02-26,tsla,700.0000,706.7000,659.5100,675.5000,41089341,1.000000
2021-03-01,tsla,690.1100,872.0000,685.0500,718.4300,27136239,1.000000
2021-03-02,tsla,718.2800,721.1100,685.0000,686.4400,23732158,1.000000
2021-03-03,tsla,687.9900,700.7000,651.7100,653.2000,30207960,1.000000
2021-03-04,tsla,655.8000,873.9400,600.0000,621.4400,65919530,1.000000
2021-03-05,tsla,626.0600,627.8400,539.4900,597.9500,89396459,1.000000
2021-03-08,tsla,600.5500,620.1300,558.7900,563.0000,51786958,1.000000
2021-03-09,tsla,608.1800,678.0900,595.2100,673.5800,67523398,1.000000
2021-03-10,tsla,700.3000,717.8500,655.0600,668.0600,60605891,1.000000
2021-03-11,tsla,699.4000,702.5000,677.1800,699.6000,36253897,1.000000
2021-03-12,tsla,670.0000,694.8800,666.1400,693.7300,33583840,1.000000
2021-03-15,tsla,694.0900,713.1800,684.0400,707.9400,29423479,1.000000
2021-03-16,tsla,703.3500,707.9200,671.0000,676.8800,32195672,1.000000
2021-03-17,tsla,656.8700,703.7300,651.0100,701.8100,40372453,1.000000
2021-03-18,tsla,684.2900,689.2300,652.0000,653.1600,33369022,1.000000
2021-03-19,tsla,646.6000,657.2300,624.6200,654.8700,42893978,1.000000
2021-03-22,tsla,684.5900,699.6200,668.7500,670.0000,39512221,1.000000
2021-03-23,tsla,675.7700,677.8000,657.5100,662.1600,30492899,1.000000
2021-03-24,tsla,667.9100,668.0200,630.1100,630.2700,33795175,1.000000
2021-03-25,tsla,613.0000,645.5000,609.5000,640.3900,39224850,1.000000
2021-03-26,tsla,641.8700,643.8200,599.9000,618.7100,33852833,1.000000
2021-03-29,tsla,615.6400,616.4800,596.0200,611.2900,28636985,1.000000
2021-03-30,tsla,601.7500,637.6500,591.0100,635.6200,39432397,1.000000
2021-03-31,tsla,646.6200,672.0000,641.1100,667.9300,33337288,1.000000
2021-04-01,tsla,688.3700,692.4200,659.5000,661.7500,35298398,1.000000
2021-04-05,tsla,707.7100,708.1600,684.7000,691.0500,41842841,1.000000
2021-04-06,tsla,690.3000,696.5500,681.3700,691.6200,28271839,1.000000
2021-04-07,tsla,687.0000,691.3800,667.8400,670.9700,26309433,1.000000
2021-04-08,tsla,677.3800,689.5500,671.6500,683.8000,23924329,1.000000
2021-04-09,tsla,677.7700,680.9700,669.4300,677.0200,21437087,1.000000
2021-04-12,tsla,685.7000,704.8000,682.0900,701.9800,29135670,1.000000
2021-04-13,tsla,712.7000,763.0000,710.6600,762.3200,44652816,1.000000
2021-04-14,tsla,770.7000,780.7900,728.0300,732.2300,49017434,1.000000
2021-04-15,tsla,743.1000,743.6900,721.3100,738.8500,27848900,1.000000
2021-04-16,tsla,728.6500,749.4100,724.6000,739.7800,27979526,1.000000
2021-04-19,tsla,719.6000,725.4000,691.8000,714.6300,39686226,1.000000
2021-04-20,tsla,717.4200,737.2500,710.6900,718.9900,35609038,1.000000
2021-04-21,tsla,704.7700,744.8400,698.0000,744.1200,31215514,1.000000
2021-04-22,tsla,741.5000,753.7700,718.0400,719.6900,35590255,1.000000
2021-04-23,tsla,719.8000,737.3600,715.4600,729.4000,28413889,1.000000
2021-04-26,tsla,741.0000,749.3000,732.6100,738.2000,31038725,1.000000
2021-04-27,tsla,717.9600,724.0000,703.3500,704.7400,29437313,1.000000
2021-04-28,tsla,696.4100,708.5000,693.6000,694.4000,22271620,1.000000
2021-04-29,tsla,699.5100,702.1700,668.5000,677.0000,28845472,1.000000
2021-04-30,tsla,667.5900,715.4700,666.3000,709.4400,40758732,1.000000
2021-05-03,tsla,703.8000,706.0000,680.5000,684.9000,27043143,1.000000
2021-05-04,tsla,678.9400,683.4500,657.7000,673.6000,29739319,1.000000
2021-05-05,tsla,681.0600,685.3000,667.3400,670.9400,21901894,1.000000
2021-05-06,tsla,680.7600,681.0200,650.0000,663.5400,27784621,1.000000
2021-05-07,tsla,665.8000,690.0000,660.2200,672.0800,23469376,1.000000
2021-05-10,tsla,664.9000,665.0500,627.6100,629.0400,31392417,1.000000
2021-05-11,tsla,599.2400,627.1000,595.6000,617.2000,46503941,1.000000
2021-05-12,tsla,602.4900,620.4100,586.7700,589.8900,33823646,1.000000
2021-05-13,tsla,601.5500,606.4600,559.6500,571.6900,44184916,1.000000
2021-05-14,tsla,583.4100,592.8700,570.4800,589.7400,33371585,1.000000
2021-05-17,tsla,575.5500,589.7300,561.2000,576.8300,32390360,1.000000
2021-05-18,tsla,568.0000,596.2500,563.3800,577.8700,36830567,1.000000
2021-05-19,tsla,552.5500,566.2100,546.9800,563.4600,39578395,1.000000
2021-05-20,tsla,575.0000,588.8500,571.0700,586.7800,30821119,1.000000
2021-05-21,tsla,596.1100,596.6800,580.0000,580.8800,26030595,1.000000
2021-05-24,tsla,581.6000,614.4800,573.6500,606.4400,34558089,1.000000
2021-05-25,tsla,607.3100,613.9900,595.7100,604.6900,28005933,1.000000
2021-05-26,tsla,607.5600,626.1700,601.5000,619.1300,28639305,1.000000
2021-05-27,tsla,620.2400,631.1300,616.2100,630.8500,26370593,1.000000
2021-05-28,tsla,628.5000,635.5900,622.3800,625.2200,22737038,1.000000
2021-06-01,tsla,627.8000,633.8000,620.5500,623.9000,18084890,1.000000
2021-06-02,tsla,620.1300,623.3600,599.1400,605.1200,23302779,1.000000
2021-06-03,tsla,601.8000,604.5500,571.2200,572.8400,30111893,1.000000
2021-06-04,tsla,579.7100,600.6100,577.2000,599.0500,24036896,1.000000
2021-06-07,tsla,591.8300,610.0000,582.8800,605.1300,22543682,1.000000
2021-06-08,tsla,623.0100,623.0900,595.5000,603.5900,26053405,1.000000
2021-06-09,tsla,602.1700,611.7900,597.6300,598.7800,16584566,1.000000
2021-06-10,tsla,603.8800,616.5900,600.5000,610.1200,23919606,1.000000
2021-06-11,tsla,610.2300,612.5600,601.5200,609.8900,16205303,1.000000
2021-06-14,tsla,612.2300,625.4900,609.1800,617.6900,20423983,1.000000
2021-06-15,tsla,616.6900,616.7900,598.2300,599.3600,17764145,1.000000
2021-06-16,tsla,597.5400,608.5000,593.5000,604.8700,22144127,1.000000
2021-06-17,tsla,601.8900,621.4700,601.3400,616.6000,22701350,1.000000
2021-06-18,tsla,613.3700,628.3500,611.8000,623.3100,24560905,1.000000
2021-06-21,tsla,624.4800,631.3900,608.8800,620.8300,24812741,1.000000
2021-06-22,tsla,618.2500,628.5700,615.5000,623.7100,19158892,1.000000
2021-06-23,tsla,632.0000,657.2000,630.0400,656.5700,31099228,1.000000
2021-06-24,tsla,674.9900,697.6200,667.6100,679.8200,45982386,1.000000
2021-06-25,tsla,689.5800,693.8100,668.7000,671.8700,32496707,1.000000
2021-06-28,tsla,671.6400,694.7000,670.3200,688.7200,21628159,1.000000
2021-06-29,tsla,684.6500,687.5100,675.8900,680.7600,17381313,1.000000
2021-06-30,tsla,679.7700,692.8100,678.1400,679.7000,18924862,1.000000
2021-07-01,tsla,683.9200,687.9900,672.8000,677.9200,18634522,1.000000
2021-07-02,tsla,678.9800,700.0000,673.2600,678.9000,27097374,1.000000
2021-07-06,tsla,681.7100,684.0000,651.4000,659.5800,23284450,1.000000
2021-07-07,tsla,664.2700,665.7000,638.3200,644.6500,18791960,1.000000
2021-07-08,tsla,628.3700,654.4300,620.4600,652.8100,22773316,1.000000
2021-07-09,tsla,653.1900,658.9100,644.6900,656.9500,18140548,1.000000
2021-07-12,tsla,662.2000,687.2400,662.1600,685.7000,25927042,1.000000
2021-07-13,tsla,686.3200,693.2800,666.3000,668.5400,20966092,1.000000
2021-07-14,tsla,670.7500,678.6100,652.8400,653.3800,21641190,1.000000
2021-07-15,tsla,658.3900,666.1400,637.8800,650.6000,20209571,1.000000
2021-07-16,tsla,654.6800,656.7000,642.2000,644.2200,16370970,1.000000
2021-07-19,tsla,629.8900,647.2000,621.2900,646.2200,21297090,1.000000
2021-07-20,tsla,651.9900,662.3900,640.5000,660.5000,15487127,1.000000
2021-07-21,tsla,659.6100,664.8600,650.2900,655.2900,13953338,1.000000
2021-07-22,tsla,656.4400,662.1700,644.6000,649.2600,15105727,1.000000
2021-07-23,tsla,646.3600,648.8000,637.3000,643.3800,14604944,1.000000
2021-07-26,tsla,650.9700,668.2000,647.1100,657.6200,25336556,1.000000
2021-07-27,tsla,663.4000,666.5000,627.2400,644.7800,32813290,1.000000
2021-07-28,tsla,647.0000,654.9700,639.4000,646.9800,16006596,1.000000
2021-07-29,tsla,649.7900,683.6900,648.8000,677.3500,30394637,1.000000
2021-07-30,tsla,671.7600,697.5300,669.0000,687.2000,29656411,1.000000
2021-08-02,tsla,700.0000,726.9400,698.4000,709.6700,33615765,1.000000
2021-08-03,tsla,719.0000,722.6500,701.0100,709.7400,21620253,1.000000
2021-08-04,tsla,711.0000,724.9000,708.9300,710.9200,17002647,1.000000
2021-08-05,tsla,716.0000,720.9500,711.4100,714.6300,12919637,1.000000
2021-08-06,tsla,711.9000,716.3300,697.6300,699.1000,15623049,1.000000
2021-08-09,tsla,710.1700,719.0300,705.1300,713.7600,14715349,1.000000
2021-08-10,tsla,713.9900,716.5900,701.8800,709.9900,13432305,1.000000
2021-08-11,tsla,712.7100,715.1800,704.2100,707.8200,9800558,1.000000
2021-08-12,tsla,706.3400,722.8000,699.4000,722.2500,17681686,1.000000
2021-08-13,tsla,723.7100,729.9000,714.3400,717.1700,16731467,1.000000
2021-08-16,tsla,705.0700,709.5000,676.4000,686.1700,23103303,1.000000
2021-08-17,tsla,672.6600,674.5800,648.8400,665.7100,23721279,1.000000
2021-08-18,tsla,669.7500,695.7700,669.3500,688.9900,20349375,1.000000
2021-08-19,tsla,678.2100,686.5500,667.5900,673.4700,14313486,1.000000
2021-08-20,tsla,682.8500,692.1300,673.7000,680.2600,14841865,1.000000
2021-08-23,tsla,685.4400,712.1300,680.7500,706.3000,20264859,1.000000
2021-08-24,tsla,710.6800,715.2200,702.6400,708.4900,13083071,1.000000
2021-08-25,tsla,707.0300,716.9700,704.0000,711.2000,12645562,1.000000
2021-08-26,tsla,708.3100,715.4000,697.6200,701.1600,13214292,1.000000
2021-08-27,tsla,705.0000,715.0000,702.1000,711.9200,13833763,1.000000
2021-08-30,tsla,714.7200,731.0000,712.7300,730.9100,18604220,1.000000
2021-08-31,tsla,733.0000,740.3900,726.4400,735.7200,20855436,1.000000
2021-09-01,tsla,734.0800,741.9900,731.2700,734.0900,13204335,1.000000
2021-09-02,tsla,734.5000,740.9700,730.5400,732.3900,12796739,1.000000
2021-09-03,tsla,732.2500,734.0000,724.2000,733.5700,15271045,1.000000
2021-09-07,tsla,740.0000,760.2000,739.2600,752.9200,20039825,1.000000
2021-09-08,tsla,761.5800,764.4500,740.7700,753.8700,18793036,1.000000
2021-09-09,tsla,753.4100,762.1000,751.6300,754.8600,14077731,1.000000
2021-09-10,tsla,759.6000,762.6100,734.5200,736.2700,15184170,1.000000
2021-09-13,tsla,740.2100,744.7800,708.8500,743.0000,22952482,1.000000
2021-09-14,tsla,742.5700,754.4700,736.4000,744.4900,18524881,1.000000
2021-09-15,tsla,745.0000,756.8600,738.3600,755.8300,15357685,1.000000
2021-09-16,tsla,752.8300,758.9100,747.6100,756.9900,13923393,1.000000
2021-09-17,tsla,757.1500,761.0400,750.0000,759.4900,28204176,1.000000
2021-09-20,tsla,734.5600,742.0000,718.6200,730.1700,24757652,1.000000
2021-09-21,tsla,734.7900,744.7400,730.4400,739.3800,16330723,1.000000
2021-09-22,tsla,743.5300,753.6700,739.1200,751.9400,15126272,1.000000
2021-09-23,tsla,755.0000,758.2000,747.9200,753.6400,11947527,1.000000
2021-09-24,tsla,745.8900,774.8000,744.5600,774.3900,21373022,1.000000
2021-09-27,tsla,773.1200,799.0000,769.3100,791.3600,28070657,1.000000
2021-09-28,tsla,787.2000,795.6400,766.1800,777.5600,25381422,1.000000
2021-09-29,tsla,779.8000,793.5000,770.6800,781.3100,20942877,1.000000
2021-09-30,tsla,781.0000,789.1300,775.0000,775.4800,17955961,1.000000
2021-10-01,tsla,778.4000,780.7800,763.5900,775.2200,17031414,1.000000
2021-10-04,tsla,796.5000,806.9700,776.1200,781.5300,30483341,1.000000
2021-10-05,tsla,784.8000,797.3100,774.2000,780.5900,18432625,1.000000
2021-10-06,tsla,776.2000,786.6600,773.2200,782.7500,14632768,1.000000
2021-10-07,tsla,785.4600,805.0000,783.3800,793.6100,19196183,1.000000
2021-10-08,tsla,796.2100,796.3800,780.9100,785.4900,16738604,1.000000
2021-10-11,tsla,787.6500,801.2400,785.5000,791.9400,14200322,1.000000
2021-10-12,tsla,800.9300,812.3200,796.5700,805.7200,22020040,1.000000
2021-10-13,tsla,810.4700,815.4100,805.7900,811.0800,14120170,1.000000
2021-10-14,tsla,815.4900,820.2500,813.3500,818.3200,12247170,1.000000
2021-10-15,tsla,823.7400,843.2100,822.3500,843.0300,18924617,1.000000
2021-10-18,tsla,851.7900,875.2600,851.4700,870.1100,24207245,1.000000
2021-10-19,tsla,877.5300,877.9500,862.5100,864.2700,17381128,1.000000
2021-10-20,tsla,865.3500,869.4800,857.4100,865.8000,14032877,1.000000
2021-10-21,tsla,856.0000,900.0000,855.5000,894.0000,31481454,1.000000
2021-10-22,tsla,895.5000,910.0000,890.9600,909.6800,22880835,1.000000
2021-10-25,tsla,950.5300,1045.0200,944.2000,1024.8600,62852099,1.000000
2021-10-26,tsla,1024.6900,1094.9400,1001.4400,1018.4300,62414968,1.000000
2021-10-27,tsla,1039.6600,1070.8800,1030.7800,1037.8600,38526467,1.000000
2021-10-28,tsla,1068.3100,1081.0000,1054.3800,1077.0400,27213349,1.000000
2021-10-29,tsla,1081.8600,1115.1300,1073.2100,1114.0000,29918867,1.000000
2021-11-01,tsla,1145.0000,1209.7500,1118.6600,1208.5900,56048818,1.000000
2021-11-02,tsla,1159.3600,1208.5900,1146.0000,1172.0000,42737797,1.000000
2021-11-03,tsla,1177.3300,1215.3900,1152.6200,1213.8600,34628519,1.000000
2021-11-04,tsla,1234.4100,1243.4900,1217.0000,1229.9100,25397410,1.000000
2021-11-05,tsla,1228.0000,1239.8000,1208.0000,1222.0900,21628822,1.000000
2021-11-08,tsla,1149.7900,1197.0000,1133.0000,1162.9400,33445715,1.000000
2021-11-09,tsla,1173.6000,1174.5000,1011.5200,1023.5000,59105836,1.000000
2021-11-10,tsla,1010.4100,1078.1000,987.3100,1067.9500,42802722,1.000000
2021-11-11,tsla,1102.7700,1104.9700,1054.6800,1063.5100,22396568,1.000000
2021-11-12,tsla,1047.5000,1054.3900,1019.2000,1033.4200,25573164,1.000000
2021-11-15,tsla,1017.6300,1031.9800,978.6400,1013.3900,34775723,1.000000
2021-11-16,tsla,1003.3100,1057.2000,1002.1800,1054.7300,26542359,1.000000
2021-11-17,tsla,1063.5100,1119.6400,1055.5000,1089.0100,31445365,1.000000
2021-11-18,tsla,1106.5500,1112.0000,1075.0200,1096.3800,20898930,1.000000
2021-11-19,tsla,1098.8700,1138.7200,1092.7000,1137.0600,21642264,1.000000
2021-11-22,tsla,1162.3300,1201.9500,1132.4300,1156.8700,33072509,1.000000
2021-11-23,tsla,1167.5100,1180.5000,1062.7000,1109.0300,36171700,1.000000
2021-11-24,tsla,1080.3900,1132.7700,1062.0000,1116.0000,22560238,1.000000
2021-11-26,tsla,1099.4700,1108.7800,1081.0000,1081.9200,11680890,1.000000
2021-11-29,tsla,1100.9900,1142.6700,1100.1900,1136.9900,19464467,1.000000
2021-11-30,tsla,1144.3700,1168.0000,1118.0000,1144.7600,27092042,1.000000
2021-12-01,tsla,1160.7000,1172.8400,1090.7600,1095.0000,22935358,1.000000
2021-12-02,tsla,1099.0600,1113.0000,1056.6500,1084.6000,24371623,1.000000
2021-12-03,tsla,1084.7900,1090.5800,1000.2100,1014.9700,30773995,1.000000
2021-12-06,tsla,1001.5100,1021.6400,950.5100,1009.0100,27221046,1.000000
2021-12-07,tsla,1044.2000,1057.6700,1026.8100,1051.7500,18694896,1.000000
2021-12-08,tsla,1052.7100,1072.3800,1033.0000,1068.9600,13968790,1.000000
2021-12-09,tsla,1060.6400,1062.4900,1002.3600,1003.8000,19812832,1.000000
2021-12-10,tsla,1008.7500,1020.9800,982.5300,1017.0300,19888130,1.000000
2021-12-13,tsla,1001.0900,1005.0000,951.4500,966.4100,26198666,1.000000
2021-12-14,tsla,945.0000,966.4100,930.0000,958.5100,23602279,1.000000
2021-12-15,tsla,953.2100,978.7500,928.2500,975.9900,25057373,1.000000
2021-12-16,tsla,994.5000,994.9800,921.8500,926.9200,27590483,1.000000
2021-12-17,tsla,914.7700,960.6600,909.0400,932.5700,33626772,1.000000
2021-12-20,tsla,910.7000,921.6900,893.3900,899.9400,18826671,1.000000
2021-12-21,tsla,916.8700,939.5000,886.1200,938.5300,23839305,1.000000
2021-12-22,tsla,965.6600,1015.6600,957.0500,1008.8700,31211362,1.000000
2021-12-23,tsla,1006.8000,1072.9800,997.5600,1067.0000,30904429,1.000000
2021-12-27,tsla,1073.6700,1117.0000,1070.7200,1093.9400,23715273,1.000000
2021-12-28,tsla,1109.4900,1119.0000,1078.4200,1088.4700,20107969,1.000000
2021-12-29,tsla,1098.6400,1104.0000,1064.1400,1086.1900,18718015,1.000000
2021-12-30,tsla,1061.3300,1095.5500,1053.1500,1070.3400,15680313,1.000000
2021-12-31,tsla,1073.4400,1082.0000,1054.5900,1056.7800,13577875,1.000000
2022-01-03,tsla,1147.7500,1201.0700,1136.0400,1199.7800,34895349,1.000000
2022-01-04,tsla,1189.5500,1208.0000,1123.0500,1149.5900,33416086,1.000000
2022-01-05,tsla,1146.6500,1170.3400,1081.0100,1088.1200,26706599,1.000000
2022-01-06,tsla,1077.0000,1088.0000,1020.5000,1064.7000,30112158,1.000000
2022-01-07,tsla,1080.3700,1080.9300,1010.0000,1026.9600,28054916,1.000000
2022-01-10,tsla,1000.0000,1059.0700,980.0000,1058.1200,30604990,1.000000
2022-01-11,tsla,1053.6700,1075.8500,1038.8200,1064.4000,22021071,1.000000
2022-01-12,tsla,1078.8500,1114.8400,1072.5900,1106.2200,27913025,1.000000
2022-01-13,tsla,1109.0700,1115.6000,1026.5400,1031.5600,32403392,1.000000
2022-01-14,tsla,1019.8800,1052.0000,1013.3800,1049.6100,24310671,1.000000
2022-01-18,tsla,1026.6100,1070.7900,1016.0600,1030.5100,22329803,1.000000
2022-01-19,tsla,1041.7100,1054.6700,995.0000,995.6500,25147496,1.000000
2022-01-20,tsla,1009.7300,1041.6600,994.0000,996.2700,23496248,1.000000
2022-01-21,tsla,996.3400,1004.5500,940.5000,943.9000,34472009,1.000000
2022-01-24,tsla,904.7600,933.5100,851.4700,930.0000,50791714,1.000000
2022-01-25,tsla,914.2000,951.2600,903.2100,918.4000,28865302,1.000000
2022-01-26,tsla,952.4300,987.6900,906.0000,937.4100,34955761,1.000000
2022-01-27,tsla,933.3600,935.3900,829.0000,829.1000,49036523,1.000000
2022-01-28,tsla,831.5600,857.5000,792.0100,846.3500,44929650,1.000000
2022-01-31,tsla,872.7100,937.9900,862.0500,936.7200,34812032,1.000000
2022-02-01,tsla,935.2100,943.7000,905.0000,931.2500,24379446,1.000000
2022-02-02,tsla,928.1800,931.5000,889.4100,905.6600,22264345,1.000000
2022-02-03,tsla,882.0000,937.0000,880.5200,891.1400,26285186,1.000000
2022-02-04,tsla,897.2200,936.5000,881.1700,923.3200,24541822,1.000000
2022-02-07,tsla,923.7900,947.7700,902.7100,907.3400,20331488,1.000000
2022-02-08,tsla,905.5300,926.2900,894.8000,922.0000,16909671,1.000000
2022-02-09,tsla,935.0000,946.2700,920.0000,932.0000,17419848,1.000000
2022-02-10,tsla,908.3700,943.8100,896.7000,904.5500,22042277,1.000000
2022-02-11,tsla,909.6300,915.9600,850.7000,860.0000,26548623,1.000000
2022-02-14,tsla,861.5700,898.8800,853.1500,875.7600,22585472,1.000000
2022-02-15,tsla,900.0000,923.0000,893.3800,922.4300,19216514,1.000000
2022-02-16,tsla,914.0500,926.4300,901.2100,923.3900,17098132,1.000000
2022-02-17,tsla,913.2600,918.5000,874.1000,876.3500,18392806,1.000000
2022-02-18,tsla,886.0000,886.8700,837.6100,856.9800,22833947,1.000000
2022-02-22,tsla,834.1300,856.7300,801.1000,821.5300,27762734,1.000000
2022-02-23,tsla,830.4300,835.3000,760.5600,764.0400,31752336,1.000000
2022-02-24,tsla,700.3900,802.4800,700.0000,800.7700,45107425,1.000000
2022-02-25,tsla,809.2300,819.5000,782.4000,809.8700,25355921,1.000000
2022-02-28,tsla,815.0100,876.8600,814.7100,870.4300,33002289,1.000000
2022-03-01,tsla,869.6800,889.8800,853.7800,864.3700,24922287,1.000000
2022-03-02,tsla,872.1300,886.4800,844.2700,879.8900,24881146,1.000000
2022-03-03,tsla,878.7700,886.4400,832.6000,839.2900,20541169,1.000000
2022-03-04,tsla,849.1000,855.6500,825.1600,838.2900,22393287,1.000000
2022-03-07,tsla,856.3000,866.1400,804.5700,804.5800,24164724,1.000000
2022-03-08,tsla,795.5300,849.9900,782.1700,824.4000,26799702,1.000000
2022-03-09,tsla,839.4800,860.5600,832.0100,858.9700,19727993,1.000000
2022-03-10,tsla,851.4500,854.4500,810.3600,838.3000,19549548,1.000000
2022-03-11,tsla,840.2000,843.8000,793.7700,795.3500,22345722,1.000000
2022-03-14,tsla,780.6100,800.7000,756.0400,766.3700,23717421,1.000000
2022-03-15,tsla,775.2700,805.5700,756.5700,801.8900,22280381,1.000000
2022-03-16,tsla,809.0000,842.0000,802.2600,840.2300,28009607,1.000000
2022-03-17,tsla,830.9900,875.0000,825.7200,871.6000,22194324,1.000000
2022-03-18,tsla,874.4900,907.8500,867.3900,905.3900,33471397,1.000000
2022-03-21,tsla,914.9800,942.8500,907.0900,921.1600,27327216,1.000000
2022-03-22,tsla,930.0000,997.8600,921.7500,993.9800,35289519,1.000000
2022-03-23,tsla,979.9400,1040.7000,976.4000,999.1100,40225383,1.000000
2022-03-24,tsla,1009.7300,1024.4900,988.8000,1013.9200,22973626,1.000000
2022-03-25,tsla,1008.0000,1021.8000,997.3200,1010.6400,20677182,1.000000
2022-03-28,tsla,1065.1000,1097.8800,1053.6000,1091.8400,34168693,1.000000
2022-03-29,tsla,1107.9900,1114.7700,1073.1100,1099.5700,24538273,1.000000
2022-03-30,tsla,1091.1700,1113.9500,1084.0000,1093.9900,19955002,1.000000
2022-03-31,tsla,1094.5700,1103.1400,1076.6400,1077.6000,16330919,1.000000
2022-04-01,tsla,1081.1500,1094.7500,1066.6400,1084.5900,18087741,1.000000
2022-04-04,tsla,1089.3800,1149.9100,1072.5300,1145.4500,27392567,1.000000
2022-04-05,tsla,1136.3000,1152.8700,1087.3000,1091.2600,26691673,1.000000
2022-04-06,tsla,1073.4700,1079.0000,1027.7000,1045.7600,29782845,1.000000
2022-04-07,tsla,1052.3900,1076.5900,1021.5400,1057.2600,26482353,1.000000
2022-04-08,tsla,1043.2100,1048.4400,1022.4400,1025.4900,18337896,1.000000
2022-04-11,tsla,980.4000,1008.4700,974.6400,975.9300,19785735,1.000000
2022-04-12,tsla,997.6400,1021.1900,976.6000,986.9500,21992032,1.000000
2022-04-13,tsla,981.0800,1026.2400,973.1000,1022.3700,18373737,1.000000
2022-04-14,tsla,999.2900,1012.7100,982.1900,985.0000,19474135,1.000000
2022-04-18,tsla,989.0300,1014.9200,973.4100,1004.2900,17238407,1.000000
2022-04-19,tsla,1005.0600,1034.9400,995.3300,1028.1500,16615944,1.000000
2022-04-20,tsla,1030.0000,1034.0000,975.2500,977.2000,23570442,1.000000
2022-04-21,tsla,1074.7300,1092.2200,996.4200,1008.7800,35138779,1.000000
2022-04-22,tsla,1014.9100,1034.8500,994.0000,1005.0500,23232186,1.000000
2022-04-25,tsla,978.9700,1008.6200,975.3000,998.0200,22780445,1.000000
2022-04-26,tsla,995.4300,1000.0000,875.0000,876.4200,45377889,1.000000
2022-04-27,tsla,898.5800,918.0000,877.3600,881.5100,25652132,1.000000
2022-04-28,tsla,899.9800,900.0000,821.7000,877.5100,41649509,1.000000
2022-04-29,tsla,902.2500,934.4000,870.0000,870.7600,29377665,1.000000
2022-05-02,tsla,860.7700,906.3600,848.0300,902.9400,25260457,1.000000
2022-05-03,tsla,903.1800,924.0800,888.5900,909.2500,21236525,1.000000
2022-05-04,tsla,903.9400,955.5000,885.2800,952.6200,27214568,1.000000
2022-05-05,tsla,939.2100,945.6000,857.7000,873.2800,30839731,1.000000
2022-05-06,tsla,887.0000,888.0000,843.1100,865.6500,24301037,1.000000
2022-05-09,tsla,836.4500,845.6300,781.1500,787.1100,30270074,1.000000
2022-05-10,tsla,819.3100,825.3600,774.2500,800.0400,28133877,1.000000
2022-05-11,tsla,795.0000,809.7700,727.2000,734.0000,32408153,1.000000
2022-05-12,tsla,701.0000,759.6600,680.0000,728.0000,46770954,1.000000
2022-05-13,tsla,773.4800,787.3500,751.5700,769.5900,30716908,1.000000
2022-05-16,tsla,767.1600,769.7600,719.0900,724.3700,28699513,1.000000
2022-05-17,tsla,747.3600,764.4800,728.8500,761.6100,26745370,1.000000
2022-05-18,tsla,744.5200,760.5000,700.8100,709.8100,29270604,1.000000
2022-05-19,tsla,707.0000,734.0000,694.1100,709.4200,30098891,1.000000
2022-05-20,tsla,713.9900,721.5800,633.0000,663.9000,48324435,1.000000
2022-05-23,tsla,655.0200,679.9600,638.0600,674.9000,29634546,1.000000
2022-05-24,tsla,653.5300,653.9200,620.5700,628.1600,29697505,1.000000
2022-05-25,tsla,623.8500,669.3200,623.0100,658.8000,30713109,1.000000
2022-05-26,tsla,661.4200,718.6700,653.6600,707.7300,35334448,1.000000
2022-05-27,tsla,723.2500,759.8000,720.5300,759.6300,29764994,1.000000
2022-05-31,tsla,773.8400,778.8000,734.2300,758.2600,33971457,1.000000
2022-06-01,tsla,755.1600,771.9800,730.9200,740.3700,25749321,1.000000
2022-06-02,tsla,732.4700,792.6300,726.2000,775.0000,31157706,1.000000
2022-06-03,tsla,729.6800,743.3900,700.2500,703.5500,37464579,1.000000
2022-06-06,tsla,733.0600,734.6000,703.0500,714.8400,28068174,1.000000
2022-06-07,tsla,702.0000,719.9500,690.2800,716.6600,24269677,1.000000
2022-06-08,tsla,720.2600,749.8900,717.5300,725.6000,25403540,1.000000
2022-06-09,tsla,748.0200,766.6400,717.9800,719.1200,32163808,1.000000
2022-06-10,tsla,705.4700,718.5000,683.7400,696.6900,32696966,1.000000
2022-06-13,tsla,669.5000,679.9000,644.0500,647.2100,34255754,1.000000
2022-06-14,tsla,654.8600,678.9900,635.2100,662.6700,32662932,1.000000
2022-06-15,tsla,662.7500,706.9900,654.4500,699.0000,39710645,1.000000
2022-06-16,tsla,668.2100,675.5000,626.0800,639.3000,35796900,1.000000
2022-06-17,tsla,640.3000,662.9100,639.5900,650.2800,30880590,1.000000
2022-06-21,tsla,673.8100,730.7300,673.0000,711.1100,40930985,1.000000
2022-06-22,tsla,703.5100,740.5000,701.4800,708.2600,33842420,1.000000
2022-06-23,tsla,713.7200,717.9500,685.9100,705.2100,34734226,1.000000
2022-06-24,tsla,712.4100,738.2000,708.2600,737.1200,31923565,1.000000
2022-06-27,tsla,748.1000,756.2100,727.7000,734.7600,29726104,1.000000
2022-06-28,tsla,733.4500,749.9100,697.0300,697.9900,30222167,1.000000
2022-06-29,tsla,691.5000,693.5200,666.8200,685.4700,27632418,1.000000
2022-06-30,tsla,673.5300,688.3700,656.5900,673.4200,31533484,1.000000
2022-07-01,tsla,681.0000,690.6900,666.3600,681.7900,24820148,1.000000
2022-07-05,tsla,669.0000,699.4400,648.5000,699.2000,28259704,1.000000
2022-07-06,tsla,692.3400,703.6900,681.5600,695.2000,23951210,1.000000
2022-07-07,tsla,701.7600,736.0900,696.6300,733.6300,27310230,1.000000
2022-07-08,tsla,727.0000,764.9400,723.4800,752.2900,33951362,1.000000
2022-07-11,tsla,756.3100,759.1900,700.8800,703.0300,33169740,1.000000
2022-07-12,tsla,710.5400,719.3200,685.1100,699.2100,29310320,1.000000
2022-07-13,tsla,676.5000,726.1800,675.1000,711.1200,32651499,1.000000
2022-07-14,tsla,704.6900,715.9600,688.0000,714.9400,26185833,1.000000
2022-07-15,tsla,720.0000,730.8700,710.6700,720.2000,23227673,1.000000
2022-07-18,tsla,734.8100,751.5500,718.8100,721.6400,27512476,1.000000
2022-07-19,tsla,735.0000,741.4200,710.9300,736.5900,26963370,1.000000
2022-07-20,tsla,740.3500,751.9900,730.4500,742.5000,29621363,1.000000
2022-07-21,tsla,765.3200,819.8000,764.6000,815.1200,47344059,1.000000
2022-07-22,tsla,828.6600,842.3600,812.1400,816.7300,34490949,1.000000
2022-07-25,tsla,816.6500,822.4400,802.2000,805.3000,21357835,1.000000
2022-07-26,tsla,799.5400,801.9300,768.7900,776.5800,22273586,1.000000
2022-07-27,tsla,791.4300,827.7800,785.3700,824.4600,29369996,1.000000
2022-07-28,tsla,840.2000,849.9000,818.4000,842.7000,28240997,1.000000
2022-07-29,tsla,842.1000,894.9600,837.3000,891.4500,31770961,1.000000
2022-08-01,tsla,903.8300,935.6300,885.0000,891.8300,39014296,1.000000
2022-08-02,tsla,882.0100,923.5000,878.0000,901.7600,31859156,1.000000
2022-08-03,tsla,915.0000,928.6500,903.4500,922.1900,26697035,1.000000
2022-08-04,tsla,933.0000,940.8200,915.0000,925.9000,24085439,1.000000
2022-08-05,tsla,908.0100,913.8200,856.6300,864.5100,37724299,1.000000
2022-08-08,tsla,885.0000,915.6000,867.2600,871.2700,33121758,1.000000
2022-08-09,tsla,870.8800,877.1900,838.0600,850.0000,28748227,1.000000
2022-08-10,tsla,891.2000,892.5300,850.1100,883.0700,31639624,1.000000
2022-08-11,tsla,889.5400,894.7100,857.5000,859.8900,23385015,1.000000
2022-08-12,tsla,868.2500,900.4800,855.1000,900.0900,26552429,1.000000
2022-08-15,tsla,905.3600,939.4000,903.6900,927.9600,29786389,1.000000
2022-08-16,tsla,935.0000,944.0000,908.6500,919.6900,29378774,1.000000
2022-08-17,tsla,910.1900,928.9700,900.1000,911.9900,22921990,1.000000
2022-08-18,tsla,918.0000,919.5000,905.5600,908.6100,15833512,1.000000
2022-08-19,tsla,897.0000,901.0800,877.5000,890.0000,20465129,1.000000
2022-08-22,tsla,875.7400,877.2000,858.8900,869.7400,18614449,1.000000
2022-08-23,tsla,874.3600,896.4800,863.7700,889.3600,21328348,1.000000
2022-08-24,tsla,892.6900,910.9400,889.5000,891.2900,19086572,1.000000
2022-08-25,tsla,302.3600,302.9600,291.6000,296.0700,53230013,1.000000
2022-08-26,tsla,297.4300,302.0000,287.4700,288.0900,57163947,1.000000
2022-08-29,tsla,282.8300,287.7400,280.7000,284.8200,41864742,1.000000
2022-08-30,tsla,287.8700,288.4800,272.6500,277.7000,50541759,1.000000
2022-08-31,tsla,280.6200,281.2500,271.8100,275.6100,52107337,1.000000
2022-09-01,tsla,272.5800,277.5800,266.1500,277.1600,54287024,1.000000
2022-09-02,tsla,281.0700,282.3500,269.0800,270.2100,50890090,1.000000
2022-09-06,tsla,272.6800,275.9900,265.7400,274.4200,55859984,1.000000
2022-09-07,tsla,273.1000,283.8400,272.2700,283.7000,50028916,1.000000
2022-09-08,tsla,281.3000,289.5000,279.7600,289.2600,53713124,1.000000
2022-09-09,tsla,291.6700,299.8500,291.2500,299.6800,54470854,1.000000
2022-09-12,tsla,300.7200,305.4900,300.4000,304.4200,48674604,1.000000
2022-09-13,tsla,292.9000,297.4000,290.4000,292.1300,68229619,1.000000
2022-09-14,tsla,292.2400,306.0000,291.6400,302.6100,72628653,1.000000
2022-09-15,tsla,301.8300,309.1200,300.7200,303.7500,64795523,1.000000
2022-09-16,tsla,299.6100,303.7100,295.6000,303.3500,87087786,1.000000
2022-09-19,tsla,300.0900,309.8400,297.8000,309.0700,60231156,1.000000
2022-09-20,tsla,306.9100,313.3300,305.5800,308.7300,61642783,1.000000
2022-09-21,tsla,308.2900,313.8000,300.6300,300.8000,62555656,1.000000
2022-09-22,tsla,299.8600,301.2900,285.8200,288.5900,70545413,1.000000
2022-09-23,tsla,283.0900,284.5000,272.8200,275.3300,63748362,1.000000
2022-09-26,tsla,271.8300,284.0900,270.3100,276.0100,58076913,1.000000
2022-09-27,tsla,283.8400,288.6700,277.5100,282.9400,61925185,1.000000
2022-09-28,tsla,283.0800,289.0000,277.5700,287.8100,54664809,1.000000
2022-09-29,tsla,282.7600,283.6500,265.7800,268.2100,77620642,1.000000
2022-09-30,tsla,266.1500,275.5700,262.4700,265.2500,67726598,1.000000
2022-10-03,tsla,254.5000,255.1600,241.0100,242.4000,98363541,1.000000
2022-10-04,tsla,250.5200,257.5000,242.0100,249.4400,109578535,1.000000
2022-10-05,tsla,245.0100,246.6700,233.2700,240.8100,86982673,1.000000
2022-10-06,tsla,239.4400,244.5800,235.3500,238.1300,69298437,1.000000
2022-10-07,tsla,233.9400,234.5700,222.0200,223.0700,83916800,1.000000
2022-10-10,tsla,223.9300,226.9900,218.3600,222.9600,67925018,1.000000
2022-10-11,tsla,220.9500,225.7500,215.0000,216.5000,77013202,1.000000
2022-10-12,tsla,215.3300,219.3000,211.5100,217.2400,66860699,1.000000
2022-10-13,tsla,208.3000,222.9900,206.2200,221.7200,91483045,1.000000
2022-10-14,tsla,224.0100,226.2600,204.1600,204.9900,94124511,1.000000
2022-10-17,tsla,210.0400,221.8600,209.4500,219.3500,79428810,1.000000
2022-10-18,tsla,229.5000,229.8200,217.2500,220.1900,75891905,1.000000
2022-10-19,tsla,219.8000,222.9300,217.7800,222.0400,66571479,1.000000
2022-10-20,tsla,208.2800,215.5500,202.0000,207.2800,117798062,1.000000
2022-10-21,tsla,206.4200,214.6600,203.8000,214.4400,75713754,1.000000
2022-10-24,tsla,205.8200,213.5000,198.5900,211.2500,100446765,1.000000
2022-10-25,tsla,210.1000,224.3500,210.0000,222.4200,96507870,1.000000
2022-10-26,tsla,219.4000,230.6000,218.2000,224.6400,85327078,1.000000
2022-10-27,tsla,229.7700,233.8100,222.8500,225.0900,61638824,1.000000
2022-10-28,tsla,225.4000,228.8600,216.3500,228.5200,69152386,1.000000
2022-10-31,tsla,226.1900,229.8500,221.9400,227.5400,61554341,1.000000
2022-11-01,tsla,234.0500,237.4000,227.2800,227.8200,62688822,1.000000
2022-11-02,tsla,226.0400,227.8700,214.8200,214.9800,63070293,1.000000
2022-11-03,tsla,211.3600,221.2000,210.1400,215.3100,56538848,1.000000
2022-11-04,tsla,222.6000,223.8000,203.0800,207.4700,98622212,1.000000
2022-11-07,tsla,208.6500,208.9000,196.6600,197.0800,93916520,1.000000
2022-11-08,tsla,194.0200,195.2000,186.7500,191.3000,128803404,1.000000
2022-11-09,tsla,190.7800,195.8900,177.1200,177.5900,127062659,1.000000
2022-11-10,tsla,189.9000,191.0000,180.0300,190.7200,132703015,1.000000
2022-11-11,tsla,186.0000,196.5200,182.5900,195.9700,114403575,1.000000
2022-11-14,tsla,192.7700,195.7300,186.3400,190.9500,92226649,1.000000
2022-11-15,tsla,195.8800,200.8200,192.0600,194.4200,91293785,1.000000
2022-11-16,tsla,191.5100,192.5700,185.6600,186.9200,66567599,1.000000
2022-11-17,tsla,183.9600,186.1600,180.9000,183.1700,64335970,1.000000
2022-11-18,tsla,185.0500,185.1900,176.5500,180.1900,76048866,1.000000
2022-11-21,tsla,175.8500,176.7700,167.5400,167.8700,92882712,1.000000
2022-11-22,tsla,168.6300,170.9200,166.1900,169.9100,78452327,1.000000
2022-11-23,tsla,173.5700,183.6200,172.5000,183.2000,109536709,1.000000
2022-11-25,tsla,185.0600,185.2000,180.6300,182.8600,50672739,1.000000
2022-11-28,tsla,179.9600,188.5000,179.0000,182.9200,93038148,1.000000
2022-11-29,tsla,184.9900,186.3800,178.7500,180.8300,83357111,1.000000
2022-11-30,tsla,182.4300,194.7600,180.6300,194.7000,109186404,1.000000
2022-12-01,tsla,197.0800,198.9200,191.8000,194.7000,80046213,1.000000
2022-12-02,tsla,191.7800,196.2500,191.1100,194.8600,73645922,1.000000
2022-12-05,tsla,189.4400,191.2700,180.5500,182.4500,93122667,1.000000
2022-12-06,tsla,181.2200,183.6500,175.3300,179.8200,92150823,1.000000
2022-12-07,tsla,175.0300,179.3800,172.2200,174.0400,84213284,1.000000
2022-12-08,tsla,172.2000,175.2000,169.0600,173.4400,97624491,1.000000
2022-12-09,tsla,173.8400,182.5000,173.3600,179.0500,104872336,1.000000
2022-12-12,tsla,176.1000,177.3700,167.5200,167.8200,109794471,1.000000
2022-12-13,tsla,174.8700,175.0500,156.9100,160.9500,175862722,1.000000
2022-12-14,tsla,159.2500,161.6200,155.3100,156.8000,140682338,1.000000
2022-12-15,tsla,153.4400,160.9300,153.2800,157.6700,122334459,1.000000
2022-12-16,tsla,159.6400,160.9900,150.0400,150.2300,139032175,1.000000
2022-12-19,tsla,154.0000,155.2500,145.8200,149.8700,139390634,1.000000
2022-12-20,tsla,146.0500,148.4700,137.6600,137.8000,159563267,1.000000
2022-12-21,tsla,139.3400,141.2600,135.8900,137.5700,145417412,1.000000
2022-12-22,tsla,136.0000,136.6300,122.2600,125.3500,210090250,1.000000
2022-12-23,tsla,126.3700,128.6200,121.0200,123.1500,166989688,1.000000
2022-12-27,tsla,117.5000,119.6700,108.7600,109.1000,208643444,1.000000
2022-12-28,tsla,110.3500,116.2700,108.2400,112.7100,221070537,1.000000
2022-12-29,tsla,120.3900,123.5700,117.5000,121.8200,221923313,1.000000
2022-12-30,tsla,119.9500,124.4800,119.7500,123.1800,157777339,1.000000
2023-01-03,tsla,118.4700,118.8000,104.6400,108.1000,231402818,1.000000
2023-01-04,tsla,109.1100,114.5900,107.5200,113.6400,180388976,1.000000
2023-01-05,tsla,110.5100,111.7500,107.1600,110.3400,157986324,1.000000
2023-01-06,tsla,103.0000,114.3900,101.8100,113.0600,220911051,1.000000
2023-01-09,tsla,118.9600,123.5200,117.1100,119.7700,190283951,1.000000
2023-01-10,tsla,121.0700,122.7600,114.9200,118.8500,167642485,1.000000
2023-01-11,tsla,122.0900,125.9500,120.5100,123.2200,183810771,1.000000
2023-01-12,tsla,122.5600,124.1300,117.0000,123.5600,169400913,1.000000
2023-01-13,tsla,116.5500,122.6300,115.6000,122.4000,180714119,1.000000
2023-01-17,tsla,125.7000,131.7000,125.0200,131.4900,186476985,1.000000
2023-01-18,tsla,136.5600,136.6800,127.0100,128.7800,195680318,1.000000
2023-01-19,tsla,127.2600,129.9900,124.3100,127.1700,170291880,1.000000
2023-01-20,tsla,128.6800,133.5100,127.3500,133.4200,138858136,1.000000
2023-01-23,tsla,135.8700,145.3800,134.2700,143.7500,203119211,1.000000
2023-01-24,tsla,143.0000,146.5000,141.1000,143.8900,158699056,1.000000
2023-01-25,tsla,141.9100,146.4100,138.0700,144.4300,192734347,1.000000
2023-01-26,tsla,159.9700,161.4200,154.7600,160.2700,234815090,1.000000
2023-01-27,tsla,162.4300,180.6800,161.1700,177.9000,306590613,1.000000
2023-01-30,tsla,178.0500,179.7700,166.5000,166.6600,230878807,1.000000
2023-01-31,tsla,164.5700,174.3000,162.7800,173.2200,196813541,1.000000
2023-02-01,tsla,173.8900,183.8100,169.9300,181.4100,213806323,1.000000
2023-02-02,tsla,187.3300,196.7500,182.6100,188.2700,217448287,1.000000
2023-02-03,tsla,183.9500,199.0000,183.6900,189.9800,232662023,1.000000
2023-02-06,tsla,193.0100,198.1700,189.9200,194.7600,186188131,1.000000
2023-02-07,tsla,196.4300,197.5000,189.5500,196.8100,186010325,1.000000
2023-02-08,tsla,196.1000,203.0000,194.3100,201.2900,180673644,1.000000
2023-02-09,tsla,207.7800,214.0000,204.7700,207.3200,215431442,1.000000
2023-02-10,tsla,202.2300,206.2000,192.8900,196.8900,204754129,1.000000
2023-02-13,tsla,194.4200,196.3000,187.6100,194.6400,172475452,1.000000
2023-02-14,tsla,191.9400,209.8200,189.4400,209.2500,216455708,1.000000
2023-02-15,tsla,211.7600,214.6600,206.1100,214.2400,182108581,1.000000
2023-02-16,tsla,210.7800,217.6500,201.8400,202.0400,229586538,1.000000
2023-02-17,tsla,199.9900,208.4400,197.5000,208.3100,213738549,1.000000
2023-02-21,tsla,204.9900,209.7100,197.2200,197.3700,180018588,1.000000
2023-02-22,tsla,197.9300,201.9900,191.7800,200.8600,191828457,1.000000
2023-02-23,tsla,203.9100,205.1400,196.3300,202.0700,146359950,1.000000
2023-02-24,tsla,196.3300,197.6700,192.8000,196.8800,142228105,1.000000
2023-02-27,tsla,202.0300,209.4200,201.2600,207.6300,161028315,1.000000
2023-02-28,tsla,210.5900,211.2300,203.7500,205.7100,153144912,1.000000
2023-03-01,tsla,206.2100,207.2000,198.5200,202.7700,156852790,1.000000
2023-03-02,tsla,186.7400,193.7500,186.0100,190.9000,181979154,1.000000
2023-03-03,tsla,194.8000,200.4800,192.8800,197.7900,154193277,1.000000
2023-03-06,tsla,198.5400,198.6000,192.3000,193.8100,128100106,1.000000
2023-03-07,tsla,191.3800,194.2000,186.1000,187.7100,148125790,1.000000
2023-03-08,tsla,185.0400,186.5000,180.0000,182.0000,151897763,1.000000
2023-03-09,tsla,180.2500,185.1800,172.5100,172.9200,170023794,1.000000
2023-03-10,tsla,175.1300,178.2900,168.4400,173.4400,191488872,1.000000
2023-03-13,tsla,167.4600,177.3500,163.9100,174.4800,167790256,1.000000
2023-03-14,tsla,177.3100,183.8000,177.1400,183.2600,143717897,1.000000
2023-03-15,tsla,180.8000,182.3400,176.0300,180.4500,145995583,1.000000
2023-03-16,tsla,180.3700,185.8100,178.8400,184.1300,121374453,1.000000
2023-03-17,tsla,184.5200,186.2200,177.3300,180.1300,133197140,1.000000
2023-03-20,tsla,178.0800,186.4400,176.3500,183.2500,129684359,1.000000
2023-03-21,tsla,188.2800,198.0000,188.0400,197.5800,153391444,1.000000
2023-03-22,tsla,199.3000,200.6600,190.9500,191.1500,150376373,1.000000
2023-03-23,tsla,195.2600,199.3100,188.6500,192.2200,144193876,1.000000
2023-03-24,tsla,191.6500,192.3600,187.1500,190.4100,116531584,1.000000
2023-03-27,tsla,194.4200,197.3900,189.9400,191.8100,120851587,1.000000
2023-03-28,tsla,192.0000,192.3500,185.4300,189.1900,98654635,1.000000
2023-03-29,tsla,193.1300,195.2900,189.4400,193.8800,123660026,1.000000
2023-03-30,tsla,195.5800,197.3300,194.4200,195.2800,110252238,1.000000
2023-03-31,tsla,197.5300,207.7900,197.2000,207.4600,170222118,1.000000
2023-04-03,tsla,199.9100,202.6900,192.2000,194.7700,169545900,1.000000
2023-04-04,tsla,197.3200,198.7400,190.3200,192.5800,126463845,1.000000
2023-04-05,tsla,190.5200,190.6800,183.7600,185.5200,133882493,1.000000
2023-04-06,tsla,183.0800,186.3900,179.7400,185.0600,123857932,1.000000
2023-04-10,tsla,179.9400,185.1000,176.1100,184.5100,142154637,1.000000
2023-04-11,tsla,186.6900,189.1900,185.6500,186.7900,115770892,1.000000
2023-04-12,tsla,190.7400,191.5800,180.3100,180.5400,150256278,1.000000
2023-04-13,tsla,182.9600,186.5000,180.9400,185.9000,112932985,1.000000
2023-04-14,tsla,183.9500,186.2800,182.0100,185.0000,96438664,1.000000
2023-04-17,tsla,186.3200,189.6900,182.6900,187.0400,116662189,1.000000
2023-04-18,tsla,187.1500,187.6900,183.5800,184.3100,92067016,1.000000
2023-04-19,tsla,179.1000,183.5000,177.6500,180.5900,125732687,1.000000
2023-04-20,tsla,166.1700,169.7000,160.5600,162.9900,210970819,1.000000
2023-04-21,tsla,164.8000,166.0000,161.3200,165.0800,123538954,1.000000
2023-04-24,tsla,164.6500,165.6500,158.6100,162.5500,140006559,1.000000
2023-04-25,tsla,159.8200,163.4700,158.7500,160.6700,121999312,1.000000
2023-04-26,tsla,160.2900,160.6700,153.1400,153.7500,153364142,1.000000
2023-04-27,tsla,152.6400,160.4800,152.3700,160.1900,127015177,1.000000
2023-04-28,tsla,160.9000,165.0000,157.3200,164.3100,122515812,1.000000
2023-05-01,tsla,163.1700,163.2800,158.8300,161.8300,109015048,1.000000
2023-05-02,tsla,161.8800,165.4900,158.9300,160.3100,128259744,1.000000
2023-05-03,tsla,160.0100,165.0000,159.9100,160.6100,119727972,1.000000
2023-05-04,tsla,162.7100,162.9500,159.6500,161.2000,95108492,1.000000
2023-05-05,tsla,163.9700,170.7900,163.5100,170.0600,107607259,1.000000
2023-05-08,tsla,173.7200,173.8000,169.1900,171.7900,112249449,1.000000
2023-05-09,tsla,168.9500,169.8200,166.5600,169.1500,88965043,1.000000
2023-05-10,tsla,172.5500,174.4300,166.6800,168.5400,119840693,1.000000
2023-05-11,tsla,168.7000,173.5700,166.7900,172.0800,103889930,1.000000
2023-05-12,tsla,176.0700,177.3800,167.2300,167.9800,157849625,1.000000
2023-05-15,tsla,167.6600,169.7600,164.5500,166.3500,105592510,1.000000
2023-05-16,tsla,165.6500,169.5200,164.3500,166.5200,98288792,1.000000
2023-05-17,tsla,168.4100,174.5000,167.1900,173.8600,125473558,1.000000
2023-05-18,tsla,174.2200,177.0600,172.4500,176.8900,109520332,1.000000
2023-05-19,tsla,177.1700,181.9500,176.3100,180.1400,136196668,1.000000
2023-05-22,tsla,180.7000,189.3200,180.1100,188.8700,132001430,1.000000
2023-05-23,tsla,186.2000,192.9600,185.2600,185.7700,156952130,1.000000
2023-05-24,tsla,182.2300,184.2200,178.2200,182.9000,137605054,1.000000
2023-05-25,tsla,186.5400,186.7800,180.5800,184.4700,96870719,1.000000
2023-05-26,tsla,184.6200,198.6000,184.5300,193.1700,162061496,1.000000
2023-05-30,tsla,200.1000,204.4800,197.5300,201.1600,128818746,1.000000
2023-05-31,tsla,199.7800,203.9500,195.1200,203.9300,150711736,1.000000
2023-06-01,tsla,202.5900,209.8000,199.3700,207.5200,148029931,1.000000
2023-06-02,tsla,210.1500,217.2500,209.7500,213.9700,164398372,1.000000
2023-06-05,tsla,217.8000,221.2900,214.5200,217.6100,151143052,1.000000
2023-06-06,tsla,216.1400,221.9100,212.5300,221.3100,146911576,1.000000
2023-06-07,tsla,228.0000,230.8300,223.2000,224.5700,185710777,1.000000
2023-06-08,tsla,224.2200,235.2300,223.0100,234.8600,164489739,1.000000
2023-06-09,tsla,249.0700,252.4200,242.0200,244.4000,200242371,1.000000
2023-06-12,tsla,247.9400,250.9700,244.5900,249.8300,150740523,1.000000
2023-06-13,tsla,253.5100,259.6800,251.3400,258.7100,162384343,1.000000
2023-06-14,tsla,260.1700,261.5700,250.5000,256.7900,170575536,1.000000
2023-06-15,tsla,248.4000,258.9500,247.2900,255.9000,160171238,1.000000
2023-06-16,tsla,258.9200,263.6000,257.2100,260.5400,167915649,1.000000
2023-06-20,tsla,261.5000,274.7500,261.1200,274.4500,165611217,1.000000
2023-06-21,tsla,275.1300,276.9900,257.7800,259.4600,211797109,1.000000
2023-06-22,tsla,250.7700,265.0000,248.2500,264.6100,166875944,1.000000
2023-06-23,tsla,259.2900,262.4500,252.8000,256.6000,177460803,1.000000
2023-06-26,tsla,250.0700,258.3700,240.7000,241.0500,179990552,1.000000
2023-06-27,tsla,243.2400,250.3900,240.8500,250.2100,164968214,1.000000
2023-06-28,tsla,249.7000,259.8800,248.8900,256.2400,159770797,1.000000
2023-06-29,tsla,258.0300,260.7400,253.6100,257.5000,131283360,1.000000
2023-06-30,tsla,260.6000,264.4500,259.8900,261.7700,112620784,1.000000
2023-07-03,tsla,276.4900,284.2500,275.1100,279.8200,119685891,1.000000
2023-07-05,tsla,278.8200,283.8500,277.6000,282.4800,131530862,1.000000
2023-07-06,tsla,278.0900,279.9700,272.8800,276.5400,120707419,1.000000
2023-07-07,tsla,278.4300,280.7800,273.7700,274.4300,113879174,1.000000
2023-07-10,tsla,276.4700,277.5200,265.1000,269.6100,119425405,1.000000
2023-07-11,tsla,268.6500,270.9000,266.3700,269.7900,91972358,1.000000
2023-07-12,tsla,276.3300,276.5200,271.4600,271.9900,95672139,1.000000
2023-07-13,tsla,274.5900,279.4500,270.6000,277.9000,112681458,1.000000
2023-07-14,tsla,277.0100,285.3000,276.3100,281.3800,120062369,1.000000
2023-07-17,tsla,286.6300,292.2300,283.5700,290.3800,131569593,1.000000
2023-07-18,tsla,290.1500,295.2600,286.0100,293.3400,112434713,1.000000
2023-07-19,tsla,296.0400,299.2900,289.5200,291.2600,142355353,1.000000
2023-07-20,tsla,279.5600,280.9300,261.2000,262.9000,175158273,1.000000
2023-07-21,tsla,268.0000,268.0000,255.8000,260.0200,161796073,1.000000
2023-07-24,tsla,255.8500,269.8500,254.1200,269.0600,137005037,1.000000
2023-07-25,tsla,272.3800,272.9000,265.0000,265.2800,112757327,1.000000
2023-07-26,tsla,263.2500,268.0400,261.7500,264.3500,95856177,1.000000
2023-07-27,tsla,268.3100,269.1300,255.3000,255.7100,103697263,1.000000
2023-07-28,tsla,259.8600,267.2500,258.2300,266.4400,111446026,1.000000
2023-07-31,tsla,267.4800,269.0800,263.7800,267.4300,84582172,1.000000
2023-08-01,tsla,266.2600,266.4700,260.2500,261.0700,83645720,1.000000
2023-08-02,tsla,255.5700,259.5200,250.4900,254.1100,101752865,1.000000
2023-08-03,tsla,252.0400,260.4900,252.0000,259.3200,97829545,1.000000
2023-08-04,tsla,260.9700,264.7700,253.1100,253.8600,99539907,1.000000
2023-08-07,tsla,251.4500,253.6500,242.7600,251.4500,111097943,1.000000
2023-08-08,tsla,247.4500,250.9200,245.0100,249.7000,96642183,1.000000
2023-08-09,tsla,250.8700,251.1000,241.9000,242.1900,101596324,1.000000
2023-08-10,tsla,245.4000,251.8000,243.0000,245.3400,109498608,1.000000
2023-08-11,tsla,241.7700,243.7900,238.0200,242.6500,99038642,1.000000
2023-08-14,tsla,235.7000,240.6600,233.7500,239.7600,98595331,1.000000
2023-08-15,tsla,238.7300,240.5000,232.6100,232.9600,88197599,1.000000
2023-08-16,tsla,228.0200,233.9700,225.3800,225.6000,112484520,1.000000
2023-08-17,tsla,226.0600,226.7400,218.8300,219.2200,120718417,1.000000
2023-08-18,tsla,214.1200,217.5800,212.3600,215.4900,136276584,1.000000
2023-08-21,tsla,221.5500,232.1300,220.5800,231.2800,135702671,1.000000
2023-08-22,tsla,240.2500,240.8200,229.5500,233.1900,130597886,1.000000
2023-08-23,tsla,229.3400,238.9800,229.2900,236.8600,101077635,1.000000
2023-08-24,tsla,238.6600,238.9200,228.1800,230.0400,99777432,1.000000
2023-08-25,tsla,231.3100,239.0000,230.3500,238.5900,106612231,1.000000
2023-08-28,tsla,242.5800,244.3800,235.3500,238.8200,107673727,1.000000
2023-08-29,tsla,238.5800,257.4800,237.7700,257.1800,134047603,1.000000
2023-08-30,tsla,254.2000,260.5100,250.5900,256.9000,121988437,1.000000
2023-08-31,tsla,255.9800,261.1800,255.0500,258.0800,108861698,1.000000
2023-09-01,tsla,257.2600,259.0800,242.0100,245.0100,132541640,1.000000
2023-09-05,tsla,245.0000,258.0000,244.8600,256.4900,129469565,1.000000
2023-09-06,tsla,255.1400,255.3900,245.0600,251.9200,116959759,1.000000
2023-09-07,tsla,245.0700,252.8100,243.2700,251.4900,115312886,1.000000
2023-09-08,tsla,251.2200,256.5200,246.6700,248.5000,118559635,1.000000
2023-09-11,tsla,264.2700,274.8500,260.6100,273.5800,174667852,1.000000
2023-09-12,tsla,270.7600,278.3900,266.6000,267.4800,135999866,1.000000
2023-09-13,tsla,270.0700,274.9800,268.1000,271.3000,111673737,1.000000
2023-09-14,tsla,271.3200,276.7100,270.4200,276.0400,107709842,1.000000
2023-09-15,tsla,277.5500,278.9800,271.0000,274.3900,133692313,1.000000
2023-09-18,tsla,271.1600,271.4400,263.7600,265.2800,101543305,1.000000
2023-09-19,tsla,264.3500,267.8500,261.2000,266.5000,103704040,1.000000
2023-09-20,tsla,267.0400,273.9300,262.4600,262.5900,122514643,1.000000
2023-09-21,tsla,257.8500,260.8600,254.2100,255.7000,119951516,1.000000
2023-09-22,tsla,257.4000,257.7900,244.4800,244.8800,127524083,1.000000
2023-09-25,tsla,243.3800,247.1000,238.3100,246.9900,104636557,1.000000
2023-09-26,tsla,242.9800,249.5500,241.6600,244.1200,101993631,1.000000
2023-09-27,tsla,244.2600,245.3300,234.5800,240.5000,136597184,1.000000
2023-09-28,tsla,240.0200,247.5500,238.6500,246.3800,117058870,1.000000
2023-09-29,tsla,250.0000,254.7700,246.3500,250.2200,128522729,1.000000
2023-10-02,tsla,244.8100,254.2800,242.6200,251.6000,123810402,1.000000
2023-10-03,tsla,248.6100,250.0200,244.4500,246.5300,101985305,1.000000
2023-10-04,tsla,248.1400,261.8600,247.6000,261.1600,129721567,1.000000
2023-10-05,tsla,260.0000,263.6000,256.2500,260.0500,119159214,1.000000
2023-10-06,tsla,253.9800,261.6500,250.6500,260.5300,118121812,1.000000
2023-10-09,tsla,255.3100,261.3600,252.0500,259.6700,101377947,1.000000
2023-10-10,tsla,257.7500,268.9400,257.6500,263.6200,122656030,1.000000
2023-10-11,tsla,266.2000,268.6000,260.9000,262.9900,103706266,1.000000
2023-10-12,tsla,262.9200,265.4100,256.6300,258.8700,111508114,1.000000
2023-10-13,tsla,258.9000,259.6000,250.2200,251.1200,102296786,1.000000
2023-10-16,tsla,250.0500,255.4000,248.4800,253.9200,88917176,1.000000
2023-10-17,tsla,250.1000,257.1800,247.0800,254.8500,93562909,1.000000
2023-10-18,tsla,252.7000,254.6300,242.0800,242.6800,125147846,1.000000
2023-10-19,tsla,225.9500,230.6100,216.7800,220.1100,170772713,1.000000
2023-10-20,tsla,217.0100,218.8600,210.4200,211.9900,138010095,1.000000
2023-10-23,tsla,210.0000,216.9800,202.5100,212.0800,150683368,1.000000
2023-10-24,tsla,216.5000,222.0500,214.1100,216.5200,118231113,1.000000
2023-10-25,tsla,215.8800,220.1000,212.2000,212.4200,107065087,1.000000
2023-10-26,tsla,211.3200,214.8000,204.8800,205.7600,115112635,1.000000
2023-10-27,tsla,210.6000,214.6400,203.3900,207.3000,94854788,1.000000
2023-10-30,tsla,209.2800,210.8800,194.6700,197.3600,136448167,1.000000
2023-10-31,tsla,196.1200,202.8000,194.0700,200.8400,118068273,1.000000
2023-11-01,tsla,204.0400,205.9900,197.8500,205.6600,121661656,1.000000
2023-11-02,tsla,212.9700,219.2000,211.4500,218.5100,125987621,1.000000
2023-11-03,tsla,221.1500,226.3700,218.4000,219.9600,119534790,1.000000
2023-11-06,tsla,223.9800,226.3200,215.0000,219.2700,117335820,1.000000
2023-11-07,tsla,219.9800,223.1200,215.7200,222.1800,116900130,1.000000
2023-11-08,tsla,223.1500,224.1500,217.6400,222.1100,106584841,1.000000
2023-11-09,tsla,219.7500,220.8000,206.6800,209.9800,142110454,1.000000
2023-11-10,tsla,210.0300,215.3800,205.6900,214.6500,131310128,1.000000
2023-11-13,tsla,215.6000,225.4000,211.6100,223.7100,140447569,1.000000
2023-11-14,tsla,235.0300,238.1400,230.7200,237.4100,149771642,1.000000
2023-11-15,tsla,239.2900,246.7000,236.4500,242.8400,150353975,1.000000
2023-11-16,tsla,239.4900,240.8800,230.9600,233.5900,136816819,1.000000
2023-11-17,tsla,232.0000,237.3900,226.5400,234.3000,142766234,1.000000
2023-11-20,tsla,234.0400,237.1000,231.0200,235.6000,116562402,1.000000
2023-11-21,tsla,235.0400,243.6200,233.3400,241.2000,122288000,1.000000
2023-11-22,tsla,242.0400,244.0100,231.4000,234.2100,118117078,1.000000
2023-11-24,tsla,233.7500,238.7500,232.3300,235.4500,65125203,1.000000
2023-11-27,tsla,236.8900,238.3300,232.1000,236.0800,112031763,1.000000
2023-11-28,tsla,236.6800,247.0000,234.0100,246.7200,148549913,1.000000
2023-11-29,tsla,249.2100,252.7500,242.7600,244.1400,135401335,1.000000
2023-11-30,tsla,245.1400,245.2200,236.9100,240.0800,132353196,1.000000
2023-12-01,tsla,233.1400,240.1900,231.9000,238.8300,121331709,1.000000
2023-12-04,tsla,235.7500,239.3700,233.2900,235.5800,104099817,1.000000
2023-12-05,tsla,233.8700,246.6600,233.7000,238.7200,137971115,1.000000
2023-12-06,tsla,242.9200,246.5700,239.1700,239.3700,126436179,1.000000
2023-12-07,tsla,241.5500,244.0800,236.9800,242.6400,107142262,1.000000
2023-12-08,tsla,240.2700,245.2700,239.2700,243.8400,103126829,1.000000
2023-12-11,tsla,242.7400,243.4400,237.4500,239.7400,97913888,1.000000
2023-12-12,tsla,238.5500,238.9900,233.8700,237.0100,95328313,1.000000
2023-12-13,tsla,234.1900,240.3000,228.2000,239.2900,146286348,1.000000
2023-12-14,tsla,241.2200,253.8800,240.7900,251.0500,160829239,1.000000
2023-12-15,tsla,251.2100,254.1300,248.3000,253.5000,135932762,1.000000
2023-12-18,tsla,253.7800,258.7400,251.3600,252.0800,116416490,1.000000
2023-12-19,tsla,253.4800,258.3400,253.0100,257.2200,106737369,1.000000
2023-12-20,tsla,256.4100,259.8400,247.0000,247.1400,125096987,1.000000
2023-12-21,tsla,251.9000,254.8000,248.5500,254.5000,109594227,1.000000
2023-12-22,tsla,256.7600,258.2200,251.3700,252.5400,93370094,1.000000
2023-12-26,tsla,254.4900,257.9700,252.9100,256.6100,86892382,1.000000
2023-12-27,tsla,258.3500,263.3400,257.5200,261.4400,106494359,1.000000
2023-12-28,tsla,263.6600,265.1300,252.7100,253.1800,113619943,1.000000
2023-12-29,tsla,255.1000,255.1900,247.4300,248.4800,100891578,1.000000
2024-01-02,tsla,250.0800,251.2500,244.4100,248.4200,104654163,1.000000
2024-01-03,tsla,244.9800,245.6800,236.3200,238.4500,121082599,1.000000
2024-01-04,tsla,239.2500,242.7000,237.7300,237.9300,102629283,1.000000
2024-01-05,tsla,236.8600,240.1200,234.9000,237.4900,92488939,1.000000
2024-01-08,tsla,236.1400,241.2500,235.3000,240.4500,85166580,1.000000
2024-01-09,tsla,238.1100,238.9600,232.0400,234.9600,96705664,1.000000
2024-01-10,tsla,235.1000,235.5000,231.2900,233.9400,91628502,1.000000
2024-01-11,tsla,230.5700,230.9300,225.3700,227.2200,105873612,1.000000
2024-01-12,tsla,220.0800,225.3400,217.1500,218.8900,123043812,1.000000
2024-01-16,tsla,215.1000,223.4900,212.1800,219.9100,115355046,1.000000
2024-01-17,tsla,214.8600,215.6700,212.0100,215.5500,103164400,1.000000
2024-01-18,tsla,216.8800,217.4500,208.7400,211.8800,108595431,1.000000
2024-01-19,tsla,209.9900,213.1900,207.5600,212.1900,102260343,1.000000
2024-01-22,tsla,212.2600,217.8000,206.2700,208.8000,117952527,1.000000
2024-01-23,tsla,211.3000,215.6500,207.7500,209.1400,106605946,1.000000
2024-01-24,tsla,211.8800,212.7300,206.7700,207.8300,123369932,1.000000
2024-01-25,tsla,189.7000,193.0000,180.0600,182.6300,198076787,1.000000
2024-01-26,tsla,185.5000,186.7800,182.1000,183.2500,107343231,1.000000
2024-01-29,tsla,185.6300,191.4800,183.6700,190.9300,125013148,1.000000
2024-01-30,tsla,195.3300,196.3600,190.6100,191.5900,109982327,1.000000
2024-01-31,tsla,187.0000,193.9700,185.8500,187.2900,103221430,1.000000
2024-02-01,tsla,188.5000,189.8800,184.2800,188.8600,91843275,1.000000
2024-02-02,tsla,185.0400,188.6900,182.0000,187.9100,110612672,1.000000
2024-02-05,tsla,184.2600,184.6800,175.0100,181.0600,134294447,1.000000
2024-02-06,tsla,177.2100,186.4900,177.1100,185.1000,122675954,1.000000
2024-02-07,tsla,188.1800,189.7900,182.6800,187.5800,111535217,1.000000
2024-02-08,tsla,189.0000,191.6200,185.5800,189.5600,83034043,1.000000
2024-02-09,tsla,190.1800,194.1200,189.4800,193.5700,84476347,1.000000
2024-02-12,tsla,192.1100,194.7300,187.2800,188.1300,95498597,1.000000
2024-02-13,tsla,183.9900,187.2600,182.1100,184.0200,86759478,1.000000
2024-02-14,tsla,185.3000,188.8900,183.3500,188.7100,81202987,1.000000
2024-02-15,tsla,189.1600,200.8800,188.8600,200.4500,120831762,1.000000
2024-02-16,tsla,202.0600,203.1700,197.4000,199.9500,111346705,1.000000
2024-02-20,tsla,196.1300,198.6000,189.1300,193.7600,104545762,1.000000
2024-02-21,tsla,193.3600,199.4400,191.9500,194.7700,103844008,1.000000
2024-02-22,tsla,194.0000,198.3200,191.3600,197.4100,92739461,1.000000
2024-02-23,tsla,195.3100,197.5700,191.5000,191.9700,78841917,1.000000
2024-02-26,tsla,192.2900,201.7800,192.0000,199.4000,111747116,1.000000
2024-02-27,tsla,204.0400,205.6000,198.2600,199.7300,108645412,1.000000
2024-02-28,tsla,200.4200,205.3000,198.4400,202.0400,99806173,1.000000
2024-02-29,tsla,204.1800,205.2800,198.4500,201.8800,85906974,1.000000
2024-03-01,tsla,200.5200,204.5200,198.5000,202.6400,82243119,1.000000
2024-03-04,tsla,198.7300,199.7500,186.7200,188.1400,134334869,1.000000
2024-03-05,tsla,183.0500,184.5900,177.5700,180.7400,119660758,1.000000
2024-03-06,tsla,179.9900,181.5800,173.7000,176.5400,107920944,1.000000
2024-03-07,tsla,174.3500,180.0400,173.7000,178.6500,102129004,1.000000
2024-03-08,tsla,181.5000,182.7300,174.7000,175.3400,85544644,1.000000
2024-03-11,tsla,175.4500,182.8700,174.8000,177.7700,85391528,1.000000
2024-03-12,tsla,177.7700,179.4300,172.4100,177.5400,87391684,1.000000
2024-03-13,tsla,173.0500,176.0500,169.1500,169.4800,106524518,1.000000
2024-03-14,tsla,167.7700,171.1700,160.5100,162.5000,126325696,1.000000
2024-03-15,tsla,163.1600,165.1800,160.7600,163.5700,97146832,1.000000
2024-03-18,tsla,170.0200,174.7200,165.9000,173.8000,108214358,1.000000
2024-03-19,tsla,172.3600,172.8200,167.4200,171.3200,77271428,1.000000
2024-03-20,tsla,173.0000,176.2500,170.8200,175.6600,83846726,1.000000
2024-03-21,tsla,176.3900,178.1800,171.8000,172.8200,73178014,1.000000
2024-03-22,tsla,166.6900,171.2000,166.3000,170.8300,75580637,1.000000
2024-03-25,tsla,168.7600,175.2400,168.7300,172.6300,74228615,1.000000
2024-03-26,tsla,178.5800,184.2500,177.3800,177.6700,113186227,1.000000
2024-03-27,tsla,181.4100,181.9100,176.0000,179.8300,81804043,1.000000
2024-03-28,tsla,177.4500,179.5700,175.3000,175.7900,77654838,1.000000
2024-04-01,tsla,176.1700,176.7500,170.2100,175.2200,81562127,1.000000
2024-04-02,tsla,164.7500,167.6900,163.4300,166.6300,116650594,1.000000
2024-04-03,tsla,164.0200,168.8200,163.2800,168.3800,82950141,1.000000
2024-04-04,tsla,170.0700,177.1900,168.0100,171.1100,123161960,1.000000
2024-04-05,tsla,169.0800,170.8600,160.5100,164.9000,143157603,1.000000
2024-04-08,tsla,169.3400,174.5000,167.7900,172.9800,104423320,1.000000
2024-04-09,tsla,172.9100,179.2200,171.9200,176.8800,103232675,1.000000
2024-04-10,tsla,173.0400,174.9300,170.0100,171.7600,84532407,1.000000
2024-04-11,tsla,172.5500,175.8800,168.5100,174.6000,94515987,1.000000
2024-04-12,tsla,172.3400,173.8100,170.3600,171.0500,64722669,1.000000
2024-04-15,tsla,170.2400,170.6900,161.3800,161.4800,100245310,1.000000
2024-04-16,tsla,156.7400,158.1900,153.7500,157.1100,96999956,1.000000
2024-04-17,tsla,157.6400,158.3300,153.7800,155.4500,82439718,1.000000
2024-04-18,tsla,151.2500,152.2000,148.7000,149.9300,96098830,1.000000
2024-04-19,tsla,148.9700,150.9400,146.2200,147.0500,87074500,1.000000
2024-04-22,tsla,140.5600,144.4400,138.8000,142.0500,107097564,1.000000
2024-04-23,tsla,143.3300,147.2600,141.1100,144.6800,124545104,1.000000
2024-04-24,tsla,162.8400,167.9700,157.5100,162.1300,181178020,1.000000
2024-04-25,tsla,158.9600,170.8800,158.3600,170.1800,126427521,1.000000
2024-04-26,tsla,168.8500,172.1200,166.3700,168.2900,109815725,1.000000
2024-04-29,tsla,188.4200,198.8700,184.5400,194.0500,243869678,1.000000
2024-04-30,tsla,186.9800,190.9500,182.8400,183.2800,127031787,1.000000
2024-05-01,tsla,182.0000,185.8600,179.0100,179.9900,92829719,1.000000
2024-05-02,tsla,182.8600,184.6000,176.0200,180.0100,89148041,1.000000
2024-05-03,tsla,182.1000,184.7800,178.4200,181.1900,75491539,1.000000
2024-05-06,tsla,183.8000,187.5600,182.2000,184.7600,84390253,1.000000
2024-05-07,tsla,182.4000,183.2600,177.4000,177.8100,75045854,1.000000
2024-05-08,tsla,171.5900,176.0600,170.1500,174.7200,79969488,1.000000
2024-05-09,tsla,175.0100,175.6200,171.3700,171.9700,65950292,1.000000
2024-05-10,tsla,173.0500,173.0600,167.7500,168.4700,72627178,1.000000
2024-05-13,tsla,170.0000,175.4000,169.0000,171.8900,67018903,1.000000
2024-05-14,tsla,174.5000,179.4900,174.0700,177.5500,86407422,1.000000
2024-05-15,tsla,179.9000,180.0000,173.1100,173.9900,79662993,1.000000
2024-05-16,tsla,174.1000,175.7900,171.4300,174.8400,59812220,1.000000
2024-05-17,tsla,173.5500,179.6300,172.7500,177.4600,77445845,1.000000
2024-05-20,tsla,177.5600,177.7500,173.5200,174.9500,61727425,1.000000
2024-05-21,tsla,175.5100,186.8800,174.7100,186.6000,115266512,1.000000
2024-05-22,tsla,182.8500,183.8000,178.1200,180.1100,88313477,1.000000
2024-05-23,tsla,181.8000,181.9000,173.2600,173.7400,71975496,1.000000
2024-05-24,tsla,174.8400,180.0800,173.7300,179.2400,65584478,1.000000
2024-05-28,tsla,176.4000,178.2500,173.1600,176.7500,59736620,1.000000
2024-05-29,tsla,174.1900,178.1500,173.9300,176.1900,54782649,1.000000
2024-05-30,tsla,178.5800,182.6700,175.3800,178.7900,77784755,1.000000
2024-05-31,tsla,178.5000,180.3200,173.8200,178.0800,67314602,1.000000
2024-06-03,tsla,178.1300,182.6400,174.4900,176.2900,68568920,1.000000
2024-06-04,tsla,174.7800,177.7600,174.0000,174.7700,60056340,1.000000
2024-06-05,tsla,175.3500,176.1500,172.1300,175.0000,57953756,1.000000
2024-06-06,tsla,174.6000,179.7300,172.7300,177.9400,69887024,1.000000
2024-06-07,tsla,176.1300,179.3500,175.5800,177.4800,56244932,1.000000
2024-06-10,tsla,176.0600,178.5700,173.1700,173.7900,50869682,1.000000
2024-06-11,tsla,173.9200,174.7500,167.4100,170.6600,64761928,1.000000
2024-06-12,tsla,171.1200,180.5500,169.8000,177.2900,90389446,1.000000
2024-06-13,tsla,188.3900,191.0800,181.2300,182.4700,118984122,1.000000
2024-06-14,tsla,185.8000,186.0000,176.9200,178.0100,82038194,1.000000
2024-06-17,tsla,177.9200,188.8100,177.0000,187.4400,109786083,1.000000
2024-06-18,tsla,186.5600,187.2000,182.3700,184.8600,68982265,1.000000
2024-06-20,tsla,184.6800,185.2100,179.6600,181.5700,55893139,1.000000
2024-06-21,tsla,182.3000,183.9500,180.6900,183.0100,63029482,1.000000
2024-06-24,tsla,184.9700,188.8000,182.5500,182.5800,61992070,1.000000
2024-06-25,tsla,184.4000,187.9700,182.0100,187.3500,63678265,1.000000
2024-06-26,tsla,186.5400,197.7600,186.3600,196.3700,95737066,1.000000
2024-06-27,tsla,195.1700,198.7200,194.0500,197.4200,72746521,1.000000
2024-06-28,tsla,199.5500,203.2000,195.2600,197.8800,95438068,1.000000
2024-07-01,tsla,201.0200,213.2300,200.8500,209.8600,135691395,1.000000
2024-07-02,tsla,218.8900,231.3000,218.0600,231.2600,205047920,1.000000
2024-07-03,tsla,234.5600,248.3500,234.2500,246.3900,166561471,1.000000
2024-07-05,tsla,249.8100,252.3700,242.4600,251.5200,154501152,1.000000
2024-07-08,tsla,247.7100,259.4400,244.5700,252.9400,157219580,1.000000
2024-07-09,tsla,251.0000,265.6100,250.3000,262.3300,160742516,1.000000
2024-07-10,tsla,262.8000,267.5900,257.8600,263.2600,128519430,1.000000
2024-07-11,tsla,263.3000,271.0000,239.6500,241.0300,221707273,1.000000
2024-07-12,tsla,235.8000,251.8400,233.0900,248.2300,155955773,1.000000
2024-07-15,tsla,255.9700,265.6000,251.7300,252.6400,146912920,1.000000
2024-07-16,tsla,255.3100,258.6200,245.8000,256.5600,126332470,1.000000
2024-07-17,tsla,252.7300,258.4700,246.1800,248.5000,115584810,1.000000
2024-07-18,tsla,251.0900,257.1400,247.2000,249.2300,110869037,1.000000
2024-07-19,tsla,247.7900,249.4400,236.8300,239.2000,87403903,1.000000
2024-07-22,tsla,244.2100,253.2100,243.7500,251.5100,101225430,1.000000
2024-07-23,tsla,253.6000,255.7600,245.6300,246.3800,111928192,1.000000
2024-07-24,tsla,225.4200,225.9900,214.7100,215.9900,167942939,1.000000
2024-07-25,tsla,216.8000,226.0000,216.2300,220.2500,100636466,1.000000
2024-07-26,tsla,221.1900,222.2800,215.3300,219.8000,94604145,1.000000
2024-07-29,tsla,224.9000,234.2700,224.7000,232.1000,129201789,1.000000
2024-07-30,tsla,232.2500,232.4100,220.0000,222.6200,100560334,1.000000
2024-07-31,tsla,227.9000,234.6800,226.7900,232.0700,67497011,1.000000
2024-08-01,tsla,227.6900,231.8700,214.3300,216.8600,83861898,1.000000
2024-08-02,tsla,214.8800,216.1300,205.7800,207.6700,82880120,1.000000
2024-08-05,tsla,185.2200,203.8800,182.0000,198.8800,100308836,1.000000
2024-08-06,tsla,200.7500,202.9000,192.6700,200.6400,73783942,1.000000
2024-08-07,tsla,200.7700,203.4900,191.4800,191.7600,71159778,1.000000
2024-08-08,tsla,195.7000,200.7000,192.0400,198.8400,65033874,1.000000
2024-08-09,tsla,197.0500,200.8800,195.1100,200.0000,58648274,1.000000
2024-08-12,tsla,199.0200,199.2600,194.6700,197.4900,64044903,1.000000
2024-08-13,tsla,198.4700,208.4900,197.0600,207.8300,76247387,1.000000
2024-08-14,tsla,207.3900,208.4400,198.7500,201.3800,70250014,1.000000
2024-08-15,tsla,205.0200,215.8800,204.8200,214.1400,89848530,1.000000
2024-08-16,tsla,211.1500,219.8000,210.8000,216.1200,88765122,1.000000
2024-08-19,tsla,217.0700,222.9800,214.0900,222.7200,76435222,1.000000
2024-08-20,tsla,224.8800,228.2200,219.5600,221.1000,74001182,1.000000
2024-08-21,tsla,222.6700,224.6600,218.8600,223.2700,70145964,1.000000
2024-08-22,tsla,223.8200,224.8000,210.3200,210.6600,79514482,1.000000
2024-08-23,tsla,214.4600,221.4800,214.2100,220.3200,81525207,1.000000
2024-08-26,tsla,218.7500,219.0900,211.0100,213.2100,59301187,1.000000
2024-08-27,tsla,213.2500,215.6600,206.9400,209.2100,62821390,1.000000
2024-08-28,tsla,209.7200,211.8400,202.5900,205.7500,64116350,1.000000
2024-08-29,tsla,209.8000,214.8900,205.9700,206.2800,62308818,1.000000
2024-08-30,tsla,208.6300,214.5700,207.0300,214.1100,63370608,1.000000
2024-09-03,tsla,215.2600,219.9000,209.6400,210.6000,76714222,1.000000
2024-09-04,tsla,210.5900,222.2200,210.5700,219.4100,80651767,1.000000
2024-09-05,tsla,223.4900,235.0000,222.2500,230.1700,119355013,1.000000
2024-09-06,tsla,232.6000,233.6000,210.5100,210.7300,112177004,1.000000
2024-09-09,tsla,216.2000,219.8700,213.6700,216.2700,67443518,1.000000
2024-09-10,tsla,220.0700,226.4000,218.6400,226.1700,78891136,1.000000
2024-09-11,tsla,224.5500,228.4700,216.8000,228.1300,83548633,1.000000
2024-09-12,tsla,224.6600,231.4500,223.8300,229.8100,72020042,1.000000
2024-09-13,tsla,228.0000,232.6700,226.3200,230.2900,59515114,1.000000
2024-09-16,tsla,229.3000,229.9600,223.5300,226.7800,54322995,1.000000
2024-09-17,tsla,229.4500,234.5700,226.5500,227.8700,66761636,1.000000
2024-09-18,tsla,230.0900,235.6800,226.8800,227.2000,78010204,1.000000
2024-09-19,tsla,234.0000,244.2400,232.1300,243.9200,102694576,1.000000
2024-09-20,tsla,241.5200,243.9900,235.9200,238.2500,99879070,1.000000
2024-09-23,tsla,242.6100,250.0000,241.9200,250.0000,86927194,1.000000
2024-09-24,tsla,254.0800,257.1900,249.0500,254.2700,88490999,1.000000
2024-09-25,tsla,252.5400,257.0500,252.2800,257.0200,65034318,1.000000
2024-09-26,tsla,260.6000,261.7500,251.5300,254.2200,67142193,1.000000
2024-09-27,tsla,257.3800,260.7000,254.1200,260.4600,70988067,1.000000
2024-09-30,tsla,259.0400,264.8600,255.7700,261.6300,80873381,1.000000
2024-10-01,tsla,262.6700,263.9800,248.5300,258.0200,87397613,1.000000
2024-10-02,tsla,247.5500,251.1600,241.5000,249.0200,93983930,1.000000
2024-10-03,tsla,244.4800,249.7900,237.8100,240.6600,80729240,1.000000
2024-10-04,tsla,246.6900,250.9600,244.5800,250.0800,86726285,1.000000
2024-10-07,tsla,249.0000,249.8300,240.7000,240.8300,68113270,1.000000
2024-10-08,tsla,243.5600,246.2100,240.5600,244.5000,56303160,1.000000
2024-10-09,tsla,243.8200,247.4300,239.5100,241.0500,66289529,1.000000
2024-10-10,tsla,241.8100,242.7900,232.3400,238.7700,83087063,1.000000
2024-10-11,tsla,220.1300,223.3400,214.3800,217.8000,142628874,1.000000
2024-10-14,tsla,220.1300,221.9100,213.7400,219.1600,86291923,1.000000
2024-10-15,tsla,220.0100,224.2600,217.1200,219.5700,62988787,1.000000
2024-10-16,tsla,221.4000,222.8200,218.9300,221.3300,49632824,1.000000
2024-10-17,tsla,221.5900,222.0800,217.9000,220.8900,50791784,1.000000
2024-10-18,tsla,220.7100,222.2800,219.2300,220.7000,49611867,1.000000
2024-10-21,tsla,218.9000,220.4800,215.7300,218.8500,47328988,1.000000
2024-10-22,tsla,217.3100,218.2200,215.2600,217.9700,43268741,1.000000
2024-10-23,tsla,217.1300,218.7200,212.1100,213.6500,80938892,1.000000
2024-10-24,tsla,244.6800,262.1200,242.6500,260.4800,204491903,1.000000
2024-10-25,tsla,256.0100,269.4900,255.3200,269.1900,161611931,1.000000
2024-10-28,tsla,270.0000,273.5400,262.2400,262.5100,107653603,1.000000
2024-10-29,tsla,264.5100,264.9800,255.5100,259.5200,80521751,1.000000
2024-10-30,tsla,258.0400,263.3500,255.8200,257.5500,53993576,1.000000
2024-10-31,tsla,257.9900,259.7500,249.2500,249.8500,66575292,1.000000
2024-11-01,tsla,252.0400,254.0000,246.6300,248.9800,57544757,1.000000
2024-11-04,tsla,244.5600,248.9000,238.8800,242.8400,68802354,1.000000
2024-11-05,tsla,247.3400,255.2800,246.2100,251.4400,69282505,1.000000
2024-11-06,tsla,284.6700,289.5900,275.6200,288.5300,165228710,1.000000
2024-11-07,tsla,288.8900,299.7500,285.5200,296.9100,117309232,1.000000
2024-11-08,tsla,299.1400,328.7100,297.6600,321.2200,204782763,1.000000
2024-11-11,tsla,346.3000,358.6400,336.0000,350.0000,210521625,1.000000
2024-11-12,tsla,342.7400,345.8400,323.3100,328.4900,155726016,1.000000
2024-11-13,tsla,335.8500,344.6000,322.5000,330.2400,125405599,1.000000
2024-11-14,tsla,327.6900,329.9800,310.3700,311.1800,120726109,1.000000
2024-11-15,tsla,310.5700,324.6800,309.2200,320.7200,114440286,1.000000
2024-11-18,tsla,340.7300,348.5500,330.0100,338.7400,126547455,1.000000
2024-11-19,tsla,335.7600,347.3800,332.7500,346.0000,88852452,1.000000
2024-11-20,tsla,345.0000,346.6000,334.3000,342.0300,66340650,1.000000
2024-11-21,tsla,343.8100,347.9900,335.2800,339.6400,58011719,1.000000
2024-11-22,tsla,341.0900,361.5300,337.7000,352.5600,89140722,1.000000
2024-11-25,tsla,360.1400,361.9300,338.2000,338.5900,95890899,1.000000
2024-11-26,tsla,341.0000,346.9600,335.6600,338.2300,62295857,1.000000
2024-11-27,tsla,341.8000,342.5500,326.5900,332.8900,57896439,1.000000
2024-11-29,tsla,336.0800,345.4500,334.6500,345.1600,37167621,1.000000
2024-12-02,tsla,352.3800,360.0000,351.1500,357.0900,77986478,1.000000
2024-12-03,tsla,351.8000,355.6900,348.2000,351.4200,58267196,1.000000
2024-12-04,tsla,353.0000,358.1000,348.6000,357.9300,50810874,1.000000
2024-12-05,tsla,359.8700,375.4300,359.5000,369.4900,81403569,1.000000
2024-12-06,tsla,377.4200,389.4900,370.8000,389.2200,81455834,1.000000
2024-12-09,tsla,397.6100,404.8000,378.0100,389.7900,96359173,1.000000
2024-12-10,tsla,392.6800,409.7300,390.8500,400.9900,97563578,1.000000
2024-12-11,tsla,409.7000,424.8800,402.3800,424.7700,104287559,1.000000
2024-12-12,tsla,424.8400,429.3000,415.0000,418.1000,87752225,1.000000
2024-12-13,tsla,420.0000,436.3000,415.7100,436.2300,89000158,1.000000
2024-12-16,tsla,441.0900,463.1900,436.1500,463.0200,114083811,1.000000
2024-12-17,tsla,475.9000,483.9900,457.5100,479.8600,131222978,1.000000
2024-12-18,tsla,466.5000,488.5400,427.0100,440.1300,149340788,1.000000
2024-12-19,tsla,451.8800,456.3600,420.0200,436.1700,118566146,1.000000
2024-12-20,tsla,425.5100,447.0800,417.6400,421.0600,132216176,1.000000
2024-12-23,tsla,431.0000,434.5100,415.4100,430.6000,72698055,1.000000
2024-12-24,tsla,435.9000,462.7800,435.1400,462.2800,59551750,1.000000
2024-12-26,tsla,465.1600,465.3300,451.0200,454.1300,76651210,1.000000
2024-12-27,tsla,449.5200,450.0000,426.5000,431.6600,82666821,1.000000
2024-12-30,tsla,419.4000,427.0000,415.7500,417.4100,64941012,1.000000
2024-12-31,tsla,423.7900,427.9300,402.5400,403.8400,76825121,1.000000
2025-01-02,tsla,390.1000,392.7300,373.0400,379.2800,109710749,1.000000
2025-01-03,tsla,381.4800,411.8800,379.4500,410.4400,95423329,1.000000
2025-01-06,tsla,423.2000,426.4300,401.7000,411.0500,85516534,1.000000
2025-01-07,tsla,405.8300,414.3300,390.0000,394.3600,75699525,1.000000
2025-01-08,tsla,392.9500,402.5000,387.4000,394.9400,73038805,1.000000
2025-01-10,tsla,391.4000,399.2800,377.2900,394.7400,62287333,1.000000
2025-01-13,tsla,383.2100,403.7900,380.0700,403.3100,67580494,1.000000
2025-01-14,tsla,414.3400,422.6400,394.5400,396.3600,84565022,1.000000
2025-01-15,tsla,409.9000,429.8000,405.6600,428.2200,81375460,1.000000
2025-01-16,tsla,423.4900,424.0000,409.1300,413.8200,68335151,1.000000
2025-01-17,tsla,421.5000,439.7400,419.7500,426.5000,94991429,1.000000
2025-01-21,tsla,432.6400,433.2000,406.3100,424.0700,87320894,1.000000
2025-01-22,tsla,416.8100,428.0000,414.5900,415.1100,60963342,1.000000
2025-01-23,tsla,416.0600,420.7300,408.9500,412.3800,50690592,1.000000
2025-01-24,tsla,414.4500,418.8800,405.7800,406.5800,56427149,1.000000
2025-01-27,tsla,394.8000,406.6900,389.0000,397.1500,58125510,1.000000
2025-01-28,tsla,396.9100,400.5900,386.5000,398.0900,48910676,1.000000
2025-01-29,tsla,395.2100,398.5900,384.4800,389.1000,68033648,1.000000
2025-01-30,tsla,410.7800,412.5000,384.4100,400.2800,98092879,1.000000
2025-01-31,tsla,401.5300,419.9900,401.3400,404.6000,83568219,1.000000
2025-02-03,tsla,386.6800,389.1700,374.3600,383.6800,93732122,1.000000
2025-02-04,tsla,382.6300,394.0000,381.4000,392.2100,57072235,1.000000
2025-02-05,tsla,387.5100,388.3900,375.5300,378.1700,57614721,1.000000
2025-02-06,tsla,373.0300,375.4000,363.1800,374.3200,77918230,1.000000
2025-02-07,tsla,370.1900,380.5500,360.3400,361.6200,70298258,1.000000
2025-02-10,tsla,356.2100,362.7000,350.5100,350.7300,77514903,1.000000
2025-02-11,tsla,345.8000,349.3700,325.1000,328.5000,118543400,1.000000
2025-02-12,tsla,329.9400,346.4000,329.1200,336.5100,105382729,1.000000
2025-02-13,tsla,345.0000,358.6900,342.8500,355.9400,89441519,1.000000
2025-02-14,tsla,360.6200,362.0000,347.5000,355.8400,68277279,1.000000
2025-02-18,tsla,355.0100,359.1000,350.0200,354.1100,51631702,1.000000
2025-02-19,tsla,354.0000,367.3400,353.6700,360.5600,67094374,1.000000
2025-02-20,tsla,361.5100,362.3000,348.0000,354.4000,45965354,1.000000
2025-02-21,tsla,353.4400,354.9800,334.4200,337.8000,74058648,1.000000
2025-02-24,tsla,338.1400,342.4000,324.7000,330.5300,76052321,1.000000
2025-02-25,tsla,327.0300,328.8900,297.2500,302.8000,134228777,1.000000
2025-02-26,tsla,303.7200,309.0000,288.0400,290.8000,100118276,1.000000
2025-02-27,tsla,291.1600,297.2300,280.8800,281.9500,101748197,1.000000
2025-02-28,tsla,279.5000,293.8800,273.6000,292.9800,115696968,1.000000
2025-03-03,tsla,300.3400,303.9400,277.3000,284.6500,115551414,1.000000
2025-03-04,tsla,270.9300,284.3500,261.8400,272.0400,126706623,1.000000
2025-03-05,tsla,272.9200,279.5500,267.7100,279.1000,94042913,1.000000
2025-03-06,tsla,272.0600,272.6500,260.0200,263.4500,98451566,1.000000
2025-03-07,tsla,259.3200,266.2500,250.7300,262.6700,102369640,1.000000
2025-03-10,tsla,252.5400,253.3700,220.0000,222.1500,189076948,1.000000
2025-03-11,tsla,225.3100,237.0600,217.0200,230.5800,174896415,1.000000
2025-03-12,tsla,247.2200,251.8400,241.1000,248.0900,142215681,1.000000
2025-03-13,tsla,248.1300,248.2900,232.6000,240.6800,114813525,1.000000
2025-03-14,tsla,247.3100,251.5800,240.7300,249.9800,100242264,1.000000
2025-03-17,tsla,245.0600,245.4000,232.8000,238.0100,111900565,1.000000
2025-03-18,tsla,228.1600,230.1000,222.2800,225.3100,111477636,1.000000
2025-03-19,tsla,231.6100,241.4100,229.2000,235.8600,111993753,1.000000
2025-03-20,tsla,233.3500,238.0000,230.0500,236.2600,99028270,1.000000
2025-03-21,tsla,234.9900,249.5200,234.5500,248.7100,132728684,1.000000
2025-03-24,tsla,258.0800,278.6400,256.3300,278.3900,169079865,1.000000
2025-03-25,tsla,283.6000,288.2000,271.2800,288.1400,150361538,1.000000
2025-03-26,tsla,282.6600,284.9000,266.5100,272.0600,156254441,1.000000
2025-03-27,tsla,272.4800,291.8500,271.8200,273.1300,162572146,1.000000
2025-03-28,tsla,275.5800,276.1000,260.5700,263.5500,123809389,1.000000
2025-03-31,tsla,249.3100,260.5600,243.3600,259.1600,134008936,1.000000
2025-04-01,tsla,263.8000,277.4500,259.2500,268.4600,146486911,1.000000
2025-04-02,tsla,254.6000,284.9900,251.2700,282.7600,212787817,1.000000
2025-04-03,tsla,265.2900,276.3000,261.5100,267.2800,136174291,1.000000
2025-04-04,tsla,255.3800,261.0000,236.0000,239.4300,181229353,1.000000
2025-04-07,tsla,223.7800,252.0000,214.2500,233.2900,183453776,1.000000
2025-04-08,tsla,245.0000,250.4400,217.8000,221.8600,171603472,1.000000
2025-04-09,tsla,224.6900,274.6900,223.8800,272.2000,219433373,1.000000
2025-04-10,tsla,260.0000,262.4900,239.3300,252.4000,181722604,1.000000
2025-04-11,tsla,251.8400,257.7400,241.3600,252.3100,128948085,1.000000
2025-04-14,tsla,258.3600,261.8000,245.9300,252.3500,100135241,1.000000
2025-04-15,tsla,249.9100,258.7500,247.5400,254.1100,79594318,1.000000
2025-04-16,tsla,247.6100,251.9700,233.8900,241.5500,112378737,1.000000
2025-04-17,tsla,243.4700,244.3400,237.6800,241.3700,83404775,1.000000
2025-04-21,tsla,230.2600,232.2100,222.7900,227.5000,97768007,1.000000
2025-04-22,tsla,230.9600,242.7900,229.8500,237.9700,120858452,1.000000
2025-04-23,tsla,254.8600,259.4500,244.4300,250.7400,150381903,1.000000
2025-04-24,tsla,250.5000,259.5400,249.2000,259.5100,94464195,1.000000
2025-04-25,tsla,261.6900,286.8500,259.6300,284.9500,167560688,1.000000
2025-04-28,tsla,288.9800,294.8600,272.4200,285.8800,151731771,1.000000
2025-04-29,tsla,285.5000,293.3200,279.4700,292.0300,108906553,1.000000
2025-04-30,tsla,279.9000,284.4500,270.7800,282.1600,128961057,1.000000
2025-05-01,tsla,280.0100,290.8700,279.8100,280.5200,99658974,1.000000
2025-05-02,tsla,284.9000,294.7800,279.8100,287.2100,114454683,1.000000
2025-05-05,tsla,284.5700,284.8500,274.4000,280.2600,94618882,1.000000
2025-05-06,tsla,273.1100,277.7300,271.3500,275.3500,76715792,1.000000
2025-05-07,tsla,276.8800,277.9200,271.0000,276.2200,71882408,1.000000
2025-05-08,tsla,279.6300,289.8000,279.4100,284.8200,97539448,1.000000
2025-05-09,tsla,290.2100,307.0400,290.0000,298.2600,132387835,1.000000
2025-05-12,tsla,321.9900,322.2100,311.5000,318.3800,112826661,1.000000
2025-05-13,tsla,320.0000,337.5900,316.8000,334.0700,136992574,1.000000
2025-05-14,tsla,342.5000,350.0000,337.0000,347.6800,136997264,1.000000
2025-05-15,tsla,340.3400,346.1400,334.7200,342.8200,97882596,1.000000
2025-05-16,tsla,346.2400,351.6200,342.3300,349.9800,95895665,1.000000
2025-05-19,tsla,336.3000,343.0000,333.3700,342.0900,88869853,1.000000
2025-05-20,tsla,347.8700,354.9900,341.6300,343.8200,131715548,1.000000
2025-05-21,tsla,344.4300,347.3500,332.2000,334.6200,102354844,1.000000
2025-05-22,tsla,331.9000,347.2700,331.3900,341.0400,97113416,1.000000
2025-05-23,tsla,337.9200,343.1800,333.2100,339.3400,84654818,1.000000
2025-05-27,tsla,347.3500,363.7900,347.3200,362.8900,120146414,1.000000
2025-05-28,tsla,364.8400,365.0000,355.9100,356.9000,91404309,1.000000
2025-05-29,tsla,365.2900,367.7100,356.0000,358.4300,88545666,1.000000
2025-05-30,tsla,355.5200,363.6800,345.2900,346.4600,123474938,1.000000
2025-06-02,tsla,343.5000,348.0200,333.3300,342.6900,81873829,1.000000
2025-06-03,tsla,346.6000,355.4000,343.0400,344.2700,99324544,1.000000
2025-06-04,tsla,345.1000,345.6000,327.3300,332.0500,98912075,1.000000
2025-06-05,tsla,322.4900,324.5500,273.2100,284.7000,292818655,1.000000
2025-06-06,tsla,298.8300,305.5000,291.1400,295.1400,164747685,1.000000
2025-06-09,tsla,285.9600,309.8300,281.8500,308.5800,140908876,1.000000
2025-06-10,tsla,314.9400,327.8300,310.6700,326.0900,151256520,1.000000
2025-06-11,tsla,334.4000,335.5000,322.5000,326.4300,122611360,1.000000
2025-06-12,tsla,323.0800,332.5600,316.8600,319.1100,105127536,1.000000
2025-06-13,tsla,313.9700,332.9900,313.3000,325.3100,128964279,1.000000
2025-06-16,tsla,331.2900,332.0500,326.4100,329.1300,83925858,1.000000
2025-06-17,tsla,326.0900,327.2600,314.7400,316.3500,88282669,1.000000
2025-06-18,tsla,317.3100,329.3200,315.4500,322.0500,95137686,1.000000
2025-06-20,tsla,327.9500,332.3600,317.7800,322.1600,108688008,1.000000
2025-06-23,tsla,327.5400,357.5400,327.4800,348.6800,190716815,1.000000
2025-06-24,tsla,356.1700,356.2600,340.4400,340.4700,114736245,1.000000
2025-06-25,tsla,342.7000,343.0000,320.4000,327.5500,119845050,1.000000
2025-06-26,tsla,324.6100,331.0500,323.6100,325.7800,80440907,1.000000
2025-06-27,tsla,324.5100,329.3400,317.5000,323.6300,89067049,1.000000
2025-06-30,tsla,319.9000,325.5800,316.6000,317.6600,76695081,1.000000
2025-07-01,tsla,298.4600,305.8900,293.2100,300.7100,145085665,1.000000
2025-07-02,tsla,312.6300,316.8300,303.8200,315.6500,119483730,1.000000
2025-07-03,tsla,317.9900,318.4500,312.7600,315.3500,58042302,1.000000
2025-07-07,tsla,291.3700,296.1500,288.7700,293.9400,131177949,1.000000
2025-07-08,tsla,297.0000,304.0500,294.3500,297.8100,103246742,1.000000
2025-07-09,tsla,297.5500,300.1500,293.5500,295.8800,75586771,1.000000
2025-07-10,tsla,300.0500,310.4800,300.0000,309.8700,104365271,1.000000
2025-07-11,tsla,307.8900,314.0900,305.6500,313.5100,79236442,1.000000
2025-07-14,tsla,317.7300,322.6000,312.6700,316.9000,78043430,1.000000
2025-07-15,tsla,319.6800,321.2000,310.5000,310.7800,77556346,1.000000
2025-07-16,tsla,312.8000,323.5000,312.6200,321.6700,97284786,1.000000
2025-07-17,tsla,323.1500,324.3400,317.0600,319.4100,73922870,1.000000
2025-07-18,tsla,321.6600,330.9000,321.4200,329.6500,94254993,1.000000
2025-07-21,tsla,334.4000,338.0000,326.8800,328.4900,75768797,1.000000
2025-07-22,tsla,329.7400,335.4100,321.5500,332.1100,77370371,1.000000
2025-07-23,tsla,330.9000,336.2000,328.6700,332.5600,92553756,1.000000
2025-07-24,tsla,310.0000,310.1500,300.4100,305.3000,156966023,1.000000
2025-07-25,tsla,308.7400,323.6300,308.0100,316.0600,148227027,1.000000
2025-07-28,tsla,318.4500,330.4900,315.6900,325.5900,112673755,1.000000
2025-07-29,tsla,325.5500,326.2500,318.2500,321.2000,87358861,1.000000
2025-07-30,tsla,322.1800,324.4500,311.6200,319.0400,83931942,1.000000
2025-07-31,tsla,319.6100,321.3700,306.1000,308.2700,85270919,1.000000
2025-08-01,tsla,306.2100,309.3100,297.8200,302.6300,89121446,1.000000
2025-08-04,tsla,309.0800,312.1200,303.0000,309.2600,78683905,1.000000
2025-08-05,tsla,308.9500,312.4500,305.5000,308.7200,57961278,1.000000
2025-08-06,tsla,307.8900,320.4700,306.9300,319.9100,78523579,1.000000
2025-08-07,tsla,319.7900,322.4000,316.1600,322.2700,66658672,1.000000
2025-08-08,tsla,321.4300,335.1500,320.9800,329.6500,91200319,1.000000
2025-08-11,tsla,335.0000,346.6400,334.1500,339.0300,105320174,1.000000
2025-08-12,tsla,345.0000,345.2600,332.9400,340.8400,80690111,1.000000
2025-08-13,tsla,341.5000,348.9800,338.2000,339.3800,67838892,1.000000
2025-08-14,tsla,335.7600,340.4700,330.4000,335.5800,75000662,1.000000
2025-08-15,tsla,337.6600,339.3000,327.0200,330.5600,74319792,1.000000
2025-08-18,tsla,329.6200,336.2700,329.5900,335.1600,56956552,1.000000
2025-08-19,tsla,335.7900,340.5500,327.8500,329.3100,75956002,1.000000
2025-08-20,tsla,329.2200,331.3700,314.6000,323.9000,77481768,1.000000
2025-08-21,tsla,322.0800,324.9000,318.6800,320.1100,55744445,1.000000
2025-08-22,tsla,321.6600,340.2500,319.6900,340.0100,94016347,1.000000
2025-08-25,tsla,338.9000,349.5300,335.0300,346.6000,86670037,1.000000
2025-08-26,tsla,344.9300,351.9000,343.7200,351.6700,76651550,1.000000
2025-08-27,tsla,351.9400,355.3900,349.1600,349.6000,65519012,1.000000
2025-08-28,tsla,350.9100,353.5500,340.2600,345.9800,67903224,1.000000
2025-08-29,tsla,347.2300,348.7500,331.7000,333.8700,81145660,1.000000
2025-09-02,tsla,328.2300,333.3300,325.6000,329.3600,58391952,1.000000
2025-09-03,tsla,335.2000,343.3300,328.5100,334.0900,88733288,1.000000
2025-09-04,tsla,336.1500,338.8900,331.4800,338.5300,60711033,1.000000
2025-09-05,tsla,348.0000,355.8700,344.6800,350.8400,108851443,1.000000
2025-09-08,tsla,354.6400,358.4400,344.8400,346.4000,75208290,1.000000
2025-09-09,tsla,348.4400,350.7700,343.8200,346.9700,53815991,1.000000
2025-09-10,tsla,350.5500,356.3300,346.0700,347.7900,72121679,1.000000
2025-09-11,tsla,350.1700,368.9900,347.6000,368.8100,103756010,1.000000
2025-09-12,tsla,370.9400,396.6900,370.2400,395.9400,168156391,1.000000
2025-09-15,tsla,423.1300,425.7000,402.4300,410.0400,163823667,1.000000
2025-09-16,tsla,414.5000,423.2500,411.4300,421.6200,104285721,1.000000
2025-09-17,tsla,415.7500,428.3100,409.6700,425.8600,106133532,1.000000
2025-09-18,tsla,428.8700,432.2200,416.5600,416.8500,90454509,1.000000
2025-09-19,tsla,421.8200,429.4700,421.7200,426.0700,93131034,1.000000
2025-09-22,tsla,431.1100,444.9800,429.1300,434.2100,97108777,1.000000
2025-09-23,tsla,439.8800,440.9700,423.7200,425.8500,83422691,1.000000
2025-09-24,tsla,429.8300,444.2100,429.0300,442.7900,93133570,1.000000
2025-09-25,tsla,435.2400,435.3500,419.0800,423.3900,96746426,1.000000
2025-09-26,tsla,428.3000,440.4700,421.0200,440.4000,101628160,1.000000
2025-09-29,tsla,444.3500,450.9800,439.5000,443.2100,79491510,1.000000
2025-09-30,tsla,441.5200,445.0000,433.1200,444.7200,74357960,1.000000
2025-10-01,tsla,443.8000,462.2900,440.7500,459.4600,98122285,1.000000
2025-10-02,tsla,470.5400,470.7500,435.5700,436.0000,137008950,1.000000
2025-10-03,tsla,443.2900,446.7700,416.5800,429.8300,133188180,1.000000
2025-10-06,tsla,440.7500,453.5500,436.6900,453.2500,85324878,1.000000
2025-10-07,tsla,447.8200,452.6800,432.4500,433.0900,102296082,1.000000
2025-10-08,tsla,437.5700,441.3300,425.2300,438.6900,71192128,1.000000
2025-10-09,tsla,431.8100,436.3500,426.1800,435.5400,69339928,1.000000
2025-10-10,tsla,436.5400,443.1300,411.4500,413.4900,112107870,1.000000
2025-10-13,tsla,423.5300,436.8900,419.7000,435.9000,79552785,1.000000
2025-10-14,tsla,426.7900,434.2000,417.8600,429.2400,72669438,1.000000
2025-10-15,tsla,434.9000,440.5100,426.3300,435.1500,71558185,1.000000
2025-10-16,tsla,434.7300,439.3500,421.3100,428.7500,77189889,1.000000
2025-10-17,tsla,425.5000,441.4600,423.6000,439.3100,89331578,1.000000
2025-10-20,tsla,443.8700,449.8000,440.6100,447.4300,63718971,1.000000
2025-10-21,tsla,445.7600,449.3000,442.0500,442.6000,54412169,1.000000
2025-10-22,tsla,443.4500,445.5400,429.0000,438.9700,84023458,1.000000
2025-10-23,tsla,420.0000,449.4000,413.9000,448.9800,126709833,1.000000
2025-10-24,tsla,446.8300,451.6800,430.1700,433.7200,94727774,1.000000
2025-10-27,tsla,439.9800,460.1600,438.6900,452.4200,105867547,1.000000
2025-10-28,tsla,454.7800,467.0000,451.6000,460.5500,80185667,1.000000
2025-10-29,tsla,462.5000,465.7000,452.6500,461.5100,67983544,1.000000
2025-10-30,tsla,451.0500,455.0600,439.6100,440.1000,72447938,1.000000
2025-10-31,tsla,446.7500,458.0000,443.6900,456.5600,83135787,1.000000
2025-11-03,tsla,455.9900,474.0700,453.8000,468.3700,84595244,1.000000
2025-11-04,tsla,454.4600,460.2200,443.6000,444.2600,87756644,1.000000
2025-11-05,tsla,452.0500,466.3300,440.7100,462.0700,85573015,1.000000
2025-11-06,tsla,461.9600,467.4500,435.0900,445.9100,109622907,1.000000
2025-11-07,tsla,437.9200,439.3600,421.8800,429.5200,103471495,1.000000
2025-11-10,tsla,439.6000,449.6700,433.3600,445.2300,76515907,1.000000
2025-11-11,tsla,439.4000,442.4900,432.3600,439.6200,60533237,1.000000
2025-11-12,tsla,442.1500,442.3300,426.5600,430.6000,58513520,1.000000
2025-11-13,tsla,423.1300,424.5000,396.3400,401.9900,118948032,1.000000
2025-11-14,tsla,386.3000,412.1900,382.7800,404.3500,105506682,1.000000
2025-11-17,tsla,398.7400,423.9600,398.7400,408.9200,102214259,1.000000
2025-11-18,tsla,405.3800,408.9000,393.7100,401.2500,80688637,1.000000
2025-11-19,tsla,406.1800,411.7800,398.5000,403.9900,72047704,1.000000
2025-11-20,tsla,414.6300,428.9400,394.7400,395.2300,113548827,1.000000
2025-11-21,tsla,402.3200,402.8000,383.7600,391.0900,100460633,1.000000
2025-11-24,tsla,402.1700,421.7200,401.0900,417.7800,96806374,1.000000
2025-11-25,tsla,414.4200,420.4800,405.9500,419.4000,71915624,1.000000
2025-11-26,tsla,423.9500,426.9400,416.8900,426.5800,63462996,1.000000
2025-11-28,tsla,426.5900,432.9300,426.2000,430.1700,36252861,1.000000
2025-12-01,tsla,425.3200,433.6600,425.2900,430.1400,57463552,1.000000
2025-12-02,tsla,430.8100,436.8000,422.1200,429.2400,69336626,1.000000
2025-12-03,tsla,432.1000,447.9200,431.1100,446.7400,87482964,1.000000
2025-12-04,tsla,449.9400,454.6300,445.3900,454.5300,71906488,1.000000
2025-12-05,tsla,453.0300,458.8700,451.6600,455.0000,56427522,1.000000
2025-12-08,tsla,447.4500,449.7500,435.2500,439.5800,69165753,1.000000
2025-12-09,tsla,437.5400,452.3900,435.7000,445.1700,62367442,1.000000
2025-12-10,tsla,446.0700,456.8800,443.6100,451.4500,63257475,1.000000
2025-12-11,tsla,448.9500,449.2700,440.3300,446.8900,55979492,1.000000
2025-12-12,tsla,448.0900,463.0100,441.6700,458.9600,95656749,1.000000
2025-12-15,tsla,469.4400,481.7700,467.6600,475.3100,114542204,1.000000
2025-12-16,tsla,472.2100,491.5000,465.8300,489.8800,107608075,1.000000
2025-12-17,tsla,488.2200,495.2800,466.2000,467.2600,106490405,1.000000
2025-12-18,tsla,478.1600,490.8600,473.1200,483.3700,95168446,1.000000
2025-12-19,tsla,488.1200,490.4900,474.7200,481.2000,103305424,1.000000
2025-12-22,tsla,489.8800,498.8300,485.3300,488.7300,86916066,1.000000
2025-12-23,tsla,489.4000,491.9700,482.8400,485.5600,58223633,1.000000
2025-12-24,tsla,488.4800,490.9000,476.8000,485.4000,41285429,1.000000
2025-12-26,tsla,485.2300,489.0900,473.8200,475.1900,58780659,1.000000
2025-12-29,tsla,469.0000,469.4000,459.0000,459.6400,66263033,1.000000
2025-12-30,tsla,461.0900,463.1200,453.8300,454.4300,59238464,1.000000
2025-12-31,tsla,456.1000,456.5500,449.3000,449.7200,49077961,1.000000
2026-01-02,tsla,457.8000,458.3400,435.3000,438.0700,85535406,1.000000
2026-01-05,tsla,447.9900,457.5500,444.5700,451.6700,67940839,1.000000
2026-01-06,tsla,446.3800,448.2500,428.7800,432.9600,89093758,1.000000
2026-01-07,tsla,435.9000,438.3700,431.2900,431.4100,59828790,1.000000
2026-01-08,tsla,427.8900,436.8900,424.3700,435.8000,57041094,1.000000
2026-01-09,tsla,435.9500,449.0500,430.3900,445.0100,67331456,1.000000
2026-01-12,tsla,441.2300,454.3000,438.0000,448.9600,61649627,1.000000
2026-01-13,tsla,450.2000,451.8100,443.9500,447.2000,53719214,1.000000
2026-01-14,tsla,442.8100,443.9100,434.2200,439.2000,57259500,1.000000
2026-01-15,tsla,441.1300,445.3600,437.6500,438.5700,49465813,1.000000
2026-01-16,tsla,439.5000,447.2500,435.2600,437.5000,60220551,1.000000
2026-01-20,tsla,429.3600,430.7300,417.4400,419.2500,63187336,1.000000
2026-01-21,tsla,421.6600,438.2000,419.6200,431.4400,68123987,1.000000
2026-01-22,tsla,435.1600,449.5000,432.6300,449.3600,71546729,1.000000
2026-01-23,tsla,447.4300,452.4300,444.0400,449.0600,56771364,1.000000
2026-01-26,tsla,445.0000,445.0400,434.2800,435.2000,49397415,1.000000
2026-01-27,tsla,437.4100,437.5200,430.6900,430.9000,37733077,1.000000
2026-01-28,tsla,431.9100,438.2600,430.1000,431.4600,54857403,1.000000
2026-01-29,tsla,437.8000,440.2300,414.6200,416.5600,81686127,1.000000
2026-01-30,tsla,425.3500,439.8800,422.7000,430.4100,82626066,1.000000
2026-02-02,tsla,421.2900,427.1500,414.5000,421.8100,58739455,1.000000
2026-02-03,tsla,424.2700,428.5600,413.6900,421.9600,56886549,1.000000
2026-02-04,tsla,420.4600,423.9000,399.1800,406.0100,74606873,1.000000
2026-02-05,tsla,397.0200,402.1000,387.5300,397.2100,72819838,1.000000
2026-02-06,tsla,400.8700,414.5500,397.7500,411.1100,62677144,1.000000
2026-02-09,tsla,409.9100,421.2500,407.2900,417.3200,54484258,1.000000
2026-02-10,tsla,418.0800,427.2500,417.0000,425.2100,64450233,1.000000
2026-02-11,tsla,427.9600,436.3500,420.0300,428.2700,57361989,1.000000
2026-02-12,tsla,430.3000,436.2300,414.0000,417.0700,61933359,1.000000
2026-02-13,tsla,414.3100,424.0600,410.8800,417.4400,51434147,1.000000
2026-02-17,tsla,412.3600,413.7200,400.5100,410.6300,59678789,1.000000
2026-02-18,tsla,411.1100,416.9000,409.5800,411.3200,45921402,1.000000
2026-02-19,tsla,407.2500,415.2500,404.1100,411.7100,51019638,1.000000
2026-02-20,tsla,408.3000,414.7000,405.5000,411.8200,57912225,1.000000
2026-02-23,tsla,407.2900,407.7000,394.0400,399.8300,69680026,1.000000
2026-02-24,tsla,399.5000,410.8200,397.6400,409.3800,58579482,1.000000
2026-02-25,tsla,412.1500,420.3400,412.1500,417.4000,54809704,1.000000
2026-02-26,tsla,414.4200,416.8100,403.6600,408.5800,53602497,1.000000
2026-02-27,tsla,402.9400,407.1200,398.1100,402.5100,56890097,1.000000
2026-03-02,tsla,390.6000,404.5400,388.2500,403.3200,55088338,1.000000
2026-03-03,tsla,395.0900,396.3400,385.3900,392.4300,62617298,1.000000
2026-03-04,tsla,397.8500,408.3300,394.5800,405.9400,68305513,1.000000
2026-03-05,tsla,401.5700,408.6200,399.4200,405.5500,51925898,1.000000
2026-03-06,tsla,398.0900,402.3500,394.2100,396.7300,64054561,1.000000
2026-03-09,tsla,390.0500,401.5900,381.4000,398.6800,67018911,1.000000
2026-03-10,tsla,402.2200,406.5900,398.1900,399.2400,59258743,1.000000
2026-03-11,tsla,402.2800,416.3800,402.1500,407.8200,62559930,1.000000
2026-03-12,tsla,405.1800,406.5000,394.6500,395.0100,60973793,1.000000
2026-03-13,tsla,399.1700,400.2000,389.9500,391.2000,58504091,1.000000
2026-03-16,tsla,396.2200,403.7300,394.4200,395.5600,58068343,1.000000
2026-03-17,tsla,395.6900,400.1200,393.0000,399.2700,46890467,1.000000
2026-03-18,tsla,399.0000,403.0700,392.3100,392.7800,50853149,1.000000
2026-03-19,tsla,387.2700,387.2700,378.7300,380.3000,67078259,1.000000
2026-03-20,tsla,379.8500,379.8900,364.4600,367.9600,78628603,1.000000
2026-03-23,tsla,373.0900,385.3300,372.7300,380.8500,74606049,1.000000
2026-03-24,tsla,376.5600,387.4800,376.3100,383.0300,60004909,1.000000
2026-03-25,tsla,389.9900,396.2300,385.0100,385.9500,55157265,1.000000
2026-03-26,tsla,381.6000,384.4400,371.8700,372.1100,55522879,1.000000
2026-03-27,tsla,369.6900,369.8600,359.4700,361.8300,62065659,1.000000
2026-03-30,tsla,365.8600,367.2900,352.1400,355.2800,67954405,1.000000
2026-03-31,tsla,361.5100,373.3300,361.0000,371.7500,75534934,1.000000
2026-04-01,tsla,378.6300,383.1400,374.0800,381.2600,58683752,1.000000
2026-04-02,tsla,364.2000,370.2800,359.0300,360.5900,83031226,1.000000
2026-04-06,tsla,362.5900,367.7200,346.6400,352.8200,77697643,1.000000
2026-04-07,tsla,346.4400,348.0200,337.2400,346.6500,74515355,1.000000
2026-04-08,tsla,363.7900,364.5000,339.6700,343.2500,78838616,1.000000
2026-04-09,tsla,343.1500,348.8800,337.2500,345.6200,62164016,1.000000
2026-04-10,tsla,346.2900,350.3600,342.7400,348.9500,51336034,1.000000
2026-04-13,tsla,350.0700,356.3500,348.5700,352.4200,53617477,1.000000
2026-04-14,tsla,357.6700,367.6300,354.7700,364.2000,59979607,1.000000
2026-04-15,tsla,366.8300,394.6500,362.5000,391.9500,113810355,1.000000
2026-04-16,tsla,393.8100,394.0600,381.8000,388.9000,63515136,1.000000
2026-04-17,tsla,395.9200,409.2800,391.6500,400.6200,90640032,1.000000
2026-04-20,tsla,402.5800,406.8000,388.3300,392.5000,64603868,1.000000
2026-04-21,tsla,393.0000,393.9500,385.2200,386.4200,50530611,1.000000
2026-04-22,tsla,387.5700,393.0100,385.3000,387.5100,62362785,1.000000
2026-04-23,tsla,375.2800,386.0000,368.3900,373.7200,93969510,1.000000
2026-04-24,tsla,373.5000,382.7600,370.7300,376.3000,62893307,1.000000
2026-04-27,tsla,372.0900,380.7800,364.0200,378.6700,66735816,1.000000
2026-04-28,tsla,374.6800,382.2900,372.5400,376.0200,50864357,1.000000
2026-04-29,tsla,375.4000,376.4000,370.0400,372.8000,45384836,1.000000
2026-04-30,tsla,372.7500,384.7500,368.1700,381.6300,51076041,1.000000
2026-05-01,tsla,382.4900,397.8200,378.8000,390.8200,65338257,1.000000
2026-05-04,tsla,390.2300,394.6400,384.8000,392.5100,48765143,1.000000
2026-05-05,tsla,395.1900,402.1200,389.0000,389.3700,47780631,1.000000
2026-05-06,tsla,386.2500,401.6800,384.0200,398.7300,53465365,1.000000
2026-05-07,tsla,407.4800,415.8300,402.1200,411.7900,64294224,1.000000
2026-05-08,tsla,416.4800,431.2000,416.3900,428.3500,65049970,1.000000
2026-05-11,tsla,422.1600,449.1600,416.8000,445.0000,78376127,1.000000
2026-05-12,tsla,441.4100,447.8000,422.2600,433.4500,60569303,1.000000
2026-05-13,tsla,436.6700,453.4000,430.2100,445.2700,68283229,1.000000
2026-05-14,tsla,446.4900,451.9800,441.1600,443.3000,46070361,1.000000
2026-05-15,tsla,433.9800,434.6600,422.0000,422.2400,52688742,1.000000
2026-05-18,tsla,419.2700,421.1300,405.3300,409.9900,52474188,1.000000
2026-05-19,tsla,403.1600,405.6300,393.6300,404.1100,46500551,1.000000
2026-05-20,tsla,407.6000,417.4600,406.3900,417.2600,45294745,1.000000
2026-05-21,tsla,422.1800,426.9500,412.9000,417.8500,42636854,1.000000
2026-05-22,tsla,422.6700,431.5100,420.5100,426.0100,46104710,1.000000
2026-05-26,tsla,430.2600,435.2000,426.1200,433.5900,45658897,1.000000
2026-05-27,tsla,442.8900,445.6000,435.5200,440.3600,44656505,1.000000
2026-05-28,tsla,437.6200,443.9600,436.3000,442.1000,32434996,1.000000
2026-05-29,tsla,439.8500,441.0700,428.1400,435.7900,45176821,1.000000
2026-06-01,tsla,427.4900,429.6000,415.4300,415.8800,44937852,1.000000
2026-06-02,tsla,418.2200,424.4200,413.6500,423.7400,37596045,1.000000
2026-06-03,tsla,418.7000,433.6000,416.0000,423.7000,44500733,1.000000
2026-06-04,tsla,419.8400,426.3500,417.1600,418.4500,35323259,1.000000
2026-06-05,tsla,420.5000,424.6800,388.5900,391.0000,63420177,1.000000
2026-06-08,tsla,396.3300,412.9400,394.7200,408.9500,50328834,1.000000
2026-06-09,tsla,411.0300,418.5000,384.2400,396.6800,59940230,1.000000
2026-06-10,tsla,391.5400,397.0900,380.1500,381.5900,49695583,1.000000
2026-06-11,tsla,388.2800,399.5400,380.6600,399.1500,45324348,1.000000
2026-06-12,tsla,399.4900,406.6800,386.7600,406.4300,63652286,1.000000
2026-06-15,tsla,412.3700,416.0000,407.1000,411.1500,45620514,1.000000
2026-06-16,tsla,404.1100,412.4200,400.5400,404.6600,40255473,1.000000
2026-06-17,tsla,401.5300,405.9400,393.7600,396.3800,43534299,1.000000
2026-06-18,tsla,398.1000,402.5200,384.7000,400.4900,58384713,1.000000
2026-06-22,tsla,394.8500,414.7500,394.4000,405.0500,47819486,1.000000
2026-06-23,tsla,392.6100,392.8700,379.0600,381.6100,50420210,1.000000
2026-06-24,tsla,380.0800,384.5800,373.0500,375.5300,37081421,1.000000
2026-06-25,tsla,375.2700,379.1200,371.2200,375.1200,30259987,1.000000
2026-06-26,tsla,370.1500,387.8000,368.6000,379.7100,53434138,1.000000
2026-06-29,tsla,381.7900,413.2700,379.3000,411.8400,57645798,1.000000
2026-06-30,tsla,406.0000,424.5400,406.0000,420.6000,43385619,1.000000
2026-07-01,tsla,421.4600,432.8600,418.0900,425.3000,40127902,1.000000
2026-07-02,tsla,428.0100,432.3500,389.3000,393.4500,73915762,1.000000
2026-07-06,tsla,397.5000,420.0000,390.5000,419.7700,54727861,1.000000
2026-07-07,tsla,416.9600,419.5600,401.8800,402.9000,38149901,1.000000
2026-07-08,tsla,399.3800,399.6300,390.5100,394.0600,33844906,1.000000
2026-07-09,tsla,393.9900,407.8600,390.8600,406.5500,37834988,1.000000
2026-07-10,tsla,410.4900,413.1600,402.8100,407.7600,33409995,1.000000
2026-07-13,tsla,404.6100,405.5700,391.3700,394.7600,32809171,1.000000
2026-07-14,tsla,399.0500,402.2200,394.7600,396.1800,23384992,1.000000
2026-07-15,tsla,399.4000,406.5900,390.6600,394.4600,31549805,1.000000
2026-07-16,tsla,392.3500,395.3100,385.3200,391.0600,29269113,1.000000
2026-07-17,tsla,381.7800,385.6900,377.2200,380.8400,31394594,1.000000
2026-07-20,tsla,386.0500,386.6100,369.4300,369.5700,33901516,1.000000
2026-07-21,tsla,371.1700,384.0700,369.9800,378.9300,32735334,1.000000
2026-07-22,tsla,375.5300,380.1700,372.9000,374.0100,30646124,1.000000
2026-07-23,tsla,341.0000,342.1100,315.7400,319.6900,115606413,1.000000
2026-07-24,tsla,320.7200,322.9600,306.5100,313.0300,62760007,1.000000
2026-07-27,tsla,313.2400,317.0000,304.2800,309.2200,44919377,1.000000
2026-07-28,tsla,305.9300,311.1600,300.6900,307.4400,39802421,1.000000
2026-07-29,tsla,307.1400,309.0600,297.3800,298.3200,39478039,1.000000
2026-07-30,tsla,302.7000,310.8700,301.3300,308.8500,38005390,1.000000
2026-07-31,tsla,309.6900,315.5000,301.9700,311.2100,36630560,1.000000
2026-08-03,tsla,310.9600,324.6500,310.4300,322.0800,38281362,1.000000
2026-08-04,tsla,324.0000,329.5700,320.7900,327.3500,33318303,1.000000
2026-08-05,tsla,323.4200,327.1400,320.2800,321.5500,27820813,1.000000
2026-08-06,tsla,317.0500,323.0000,315.5200,319.5300,26033776,1.000000
2026-08-07,tsla,322.3400,333.7300,321.2500,328.5800,39492345,1.000000
2026-08-10,tsla,326.6000,332.0500,326.1500,330.8800,25003808,1.000000
2026-08-11,tsla,332.8000,336.2000,329.5300,332.8100,23345233,1.000000
2026-08-12,tsla,335.0000,335.5000,323.6400,327.5100,28698879,1.000000
2026-08-13,tsla,327.2000,341.6400,325.2400,339.9600,34708303,1.000000
2026-08-14,tsla,342.3300,351.2600,335.3300,342.2700,45437144,1.000000
2026-08-17,tsla,340.6900,345.4500,337.4800,339.3000,26037093,1.000000
2026-08-18,tsla,333.2200,340.5300,331.1200,336.8700,27994466,1.000000
2026-08-19,tsla,338.8900,351.6200,335.7000,351.1200,36735428,1.000000
2026-08-20,tsla,346.2000,347.5000,338.9600,345.1300,30766360,1.000000
2026-08-21,tsla,349.8800,366.5000,346.9000,362.8600,59223958,1.000000
2026-08-24,tsla,361.4100,363.2400,348.2600,348.9500,39190484,1.000000
2026-08-25,tsla,349.5800,357.0000,349.2000,350.2500,29816685,1.000000
2026-08-26,tsla,345.2700,351.9300,342.5300,345.8200,28573007,1.000000
2026-08-27,tsla,346.1600,355.7400,345.4500,354.8100,30136164,1.000000
2026-08-28,tsla,357.1000,358.8000,345.2000,348.7500,32972214,1.000000
2026-08-31,tsla,347.2100,368.9200,347.1500,367.9500,61732258,1.000000
2026-09-01,tsla,360.9000,362.7000,352.9600,356.0900,36193926,1.000000
2026-09-02,tsla,360.4100,360.6200,349.9200,357.0100,33951909,1.000000
2026-09-03,tsla,365.8200,384.0400,365.8200,376.3700,63600987,1.000000
2026-09-04,tsla,362.0700,364.6900,351.3200,354.0800,65018209,1.000000
2026-09-08,tsla,357.1000,370.0000,355.7500,368.1600,51078786,1.000000
2026-09-09,tsla,368.2500,375.4400,366.0000,367.8100,32564336,1.000000
2026-09-10,tsla,360.6000,369.2100,357.6800,363.5600,29667241,1.000000
2026-09-11,tsla,364.2000,368.6600,361.6000,365.4400,30153019,1.000000
2026-09-14,tsla,359.7800,367.7300,357.0400,358.9700,32477181,1.000000
2026-09-15,tsla,358.7500,362.3900,354.0500,356.5800,30317727,1.000000
2026-09-16,tsla,357.9300,365.1000,354.8900,358.0800,32177388,1.000000
2026-09-17,tsla,367.4800,374.1200,363.2200,366.2000,38924057,1.000000
2026-09-18,tsla,369.0000,370.9000,360.7500,364.2700,51922256,1.000000
2026-09-21,tsla,371.6400,378.3600,371.0700,375.3000,36599609,1.000000
2026-09-22,tsla,379.0700,380.4200,372.8800,378.9000,28229908,1.000000
2026-09-23,tsla,380.1000,386.7000,377.5800,380.1200,33522492,1.000000
2026-09-24,tsla,377.3500,383.3300,375.7000,377.9400,26165727,1.000000
2026-09-25,tsla,384.6200,386.8300,367.6700,372.1100,45999470,1.000000
2026-09-28,tsla,368.0600,369.4300,356.8000,357.4500,39452901,1.000000
2026-09-29,tsla,358.4000,358.7400,351.6700,352.8400,32492406,1.000000
2026-09-30,tsla,352.1100,355.2200,345.8800,354.8100,39235838,1.000000
2026-10-01,tsla,356.8100,359.7900,353.8000,354.1100,31080774,1.000000
2026-10-02,tsla,360.0800,374.6000,359.4100,370.5900,55330140,1.000000
2026-10-05,tsla,369.0000,381.5900,364.9100,378.7300,42232669,1.000000
2026-10-06,tsla,381.9800,383.3300,378.5200,380.6800,27735438,1.000000
2026-10-07,tsla,378.4500,382.3500,374.4300,377.8100,25594563,1.000000
2026-10-08,tsla,374.1200,375.9600,368.0300,375.0000,28394945,1.000000
